type,region,thread,data
bbv,0,0,1,1,1,1,11542,11542,11542,1488918,11542,11542,11542,11542,11542,11542,1477308,11541,11541
csv,0,0,230,256,555,732,399977581,399977743,399977878,399992718,399992754,399992825,399992880,399992988,399993057,399993206,400000096,399977434,399977536
bb_id,0,0,27,142,354,355,357,358,359,360,361,363,364,365,366,367,368,369,371
bbv,0,1,1,1,11340,11340,11340,1462860,11340,11340,11340,11340,11340,11340,1451470,11339,11339
csv,0,1,496,624,399970362,399970425,399970461,399987750,399987786,399987823,399987878,399987985,399988088,399988135,400000062,399970214,399970317
bb_id,0,1,354,355,357,358,359,360,361,363,364,365,366,367,368,369,371
bbv,0,2,1,1,12529,12529,12529,1616142,12528,12528,12528,12528,12528,12528,1603584,12528,12528
csv,0,2,315,333,399995672,399995872,399996011,400000129,399979992,399980127,399980214,399980253,399980420,399980466,399995382,399995521,399995592
bb_id,0,2,354,355,357,358,359,360,361,363,364,365,366,367,368,369,371
bbv,0,3,1,1,10357,10357,10357,1336053,10357,10357,10357,10357,10357,10357,1325666,10356,10356
csv,0,3,437,606,399966828,399966892,399966895,399984558,399984760,399984997,399985051,399985191,399985359,399985472,400000028,399966712,399966782
bb_id,0,3,354,355,357,358,359,360,361,363,364,365,366,367,368,369,371
bbv,1,0,1,1,1,1,1,1,1,1,1,1,1,1,1,1,65,65,65,16770,64,64,64,64,64,16512,16384,1,4842,4842,4842,624618,4842,4842,4842,4842,4842,4842,619844,4843,4843,1,1,14924,14924,14923,3820380
csv,1,0,177354891,177354909,172785131,177354879,177354883,177354884,172785148,177354874,177354875,172785184,172785187,175753382,175753386,177201950,177179875,177179955,177201708,177201585,175650300,175650360,175673518,175673574,175686021,175686018,175673467,172785084,150617407,150617437,150617440,150627243,150627279,150627350,150627371,150627411,150627446,150627459,150638040,150638043,150638113,177354957,177354963,399994759,399994822,399994725,400000051
bb_id,1,0,29,137,144,146,148,150,323,325,327,328,329,330,331,332,333,334,335,336,337,338,339,340,341,342,343,356,357,358,359,360,361,363,364,365,366,367,368,369,371,374,375,379,380,381,382
bbv,1,1,1,1,1,1,1,65,65,65,16770,64,64,64,64,64,16512,16384,1,5044,5044,5044,650676,5044,5044,5044,5044,5044,5044,645682,5045,5045,1,1,14380,14380,14379,3681250
csv,1,1,172785313,172785316,175753442,175753464,177354854,177348649,177348657,177354852,177354849,175650327,175650333,175662354,175662404,175673056,175672963,175662351,172785081,162853687,162853751,162853788,162862828,162862863,162862899,162862953,162863025,162863093,162863139,162871625,162871628,162871665,177355246,177355358,399986227,399986260,399986193,400000036
bb_id,1,1,328,329,330,331,332,333,334,335,336,337,338,339,340,341,342,343,356,357,358,359,360,361,363,364,365,366,367,368,369,371,374,375,379,380,381,382
bbv,1,2,1,1,1,1,1,64,64,64,16512,64,64,64,64,64,16512,16384,1,3855,3855,3855,497394,3856,3856,3856,3856,3856,3856,493568,3856,3856,1,1,14075,14075,14074,3602955
csv,1,2,172785223,172785226,175753400,175753408,177308722,177294591,177294599,177308720,177308597,175741780,175741786,175747165,175747173,175753368,175753365,175747162,172785087,121868906,121869039,121869076,121883689,121883725,121883864,121883919,121884027,121884266,121884313,121898817,121898919,121899021,177355198,177355300,399999178,399999241,399999114,400000006
bb_id,1,2,328,329,330,331,332,333,334,335,336,337,338,339,340,341,342,343,356,357,358,359,360,361,363,364,365,366,367,368,369,371,374,375,379,380,381,382
bbv,1,3,1,1,1,1,1,64,64,64,16512,64,64,64,64,64,16512,16384,1,6027,6027,6027,777483,6027,6027,6027,6027,6027,6027,771486,6028,6028,1,1,14199,14199,14198,3634771
csv,1,3,172785262,172785265,175753456,175753460,177339123,177328967,177328999,177339097,177339070,175435758,175435785,175461068,175461097,175480176,175480125,175460996,172785078,172776347,172776377,172776380,172780637,172780639,172780642,172780663,172780669,172780704,172780717,172785069,172785072,172785075,177355294,177355364,399995281,399995344,399995232,400000021
bb_id,1,3,328,329,330,331,332,333,334,335,336,337,338,339,340,341,342,343,356,357,358,359,360,361,363,364,365,366,367,368,369,371,374,375,379,380,381,382
bbv,2,0,1,1,1,1,1,7,7,7,5722,5722,5722,155323,5722,5718,5722,11436,1,1,6,5,5,5,5,1,1,7,1,1,5,7,7,7,7,7,6,6,6,6,6,6,6,6,6,6,6,6,6,6,6,1434,1434,1434,40311,1434,1434,1434,1330,1330,1330,38192,1330,1434,1434,1434,1403,1403,38776,1403,1434,1434,1434,1403,1403,38776,1403,1434,1434,1434,1403,1403,38776,1403,1434,1434,1636,1636,1636,2804,6,6,6,1365,1365,1365,38814,1365,1365,1365,1364,1364,1364,37448,1364,1,1365,2,18,18,18,18,18,18,18,18,143,143,143,8978,127,127,127,127,127,8446,8192,7,7,7,5461,5461,5461,5461,5461,599186,604647,6,6,5,3352,3352,3352,168032,3352,3352,3352,3348,3348,3352,3351,329355,1,1,1,1460,1460,1461,373924
csv,2,0,30782916,30782918,30782928,30782932,30782935,324481745,324481850,330126455,330126122,330126142,330126145,330126433,330126435,330126437,330126452,330126449,30782904,30782905,351889834,314233194,314528062,314528066,314528067,30782953,30782955,291612014,291615111,291615119,324481712,291609272,291610937,291611981,291611985,291611986,314528090,324186747,324481615,324481619,324481620,330126512,330126521,351889797,351889800,351889803,351889807,351889808,330126567,330126724,351889762,350495210,350495230,350495357,350497706,350497708,350497733,350497756,350497807,350497831,350497863,350499739,350499796,350499829,350499860,350499985,350500010,350500045,350501721,350501723,350501756,350501842,350501857,350501937,350501941,350504822,350504824,350504967,350505132,350505147,350505313,350505317,350507587,350507589,350507808,350507900,350507835,350504994,350501783,350499856,314528214,314528224,324186705,324147399,324147561,324147696,324149850,324149996,324150071,324150131,324150182,324150205,324150219,324153066,324153069,291613384,324153180,291613601,324186764,324481610,324481611,324186977,324187022,324376004,324376040,324470498,324467038,324467046,324470496,324470493,324367633,324367771,324371256,324371336,324374189,324374186,324371253,291609327,291609330,291610885,291609348,291609378,291609687,291610085,291610400,291610321,291609684,351889952,351890033,314233141,399979564,399979629,399979772,399987027,399987134,399987242,399987333,399987479,399987584,399987657,399979482,400000027,30782818,30782838,30782864,21827352,21827415,21842504,21842454
bb_id,2,0,31,32,33,34,35,105,106,107,108,109,110,111,112,113,114,115,139,141,142,144,146,148,150,151,152,153,154,155,156,178,180,182,184,186,187,189,191,193,195,196,198,199,201,203,205,207,208,209,210,211,212,213,214,215,217,218,219,220,221,222,223,224,225,226,227,228,229,230,231,232,233,234,235,236,237,238,239,240,241,242,243,244,245,246,247,248,249,250,303,304,305,306,307,308,309,310,312,313,314,315,316,317,318,319,320,321,323,325,327,328,329,330,331,332,333,334,335,336,337,338,339,340,341,342,343,344,345,346,347,348,349,350,351,352,353,354,355,356,357,358,359,360,361,363,364,365,366,370,371,372,376,377,378,379,380,381,382
bbv,2,1,7,7,7,5722,5722,5722,155323,5722,5718,5722,11436,6,6,6,1428,1428,1428,40242,1428,1428,1428,1328,1328,1328,38144,1328,1428,1428,1428,1400,1400,38720,1400,1428,1428,1428,1400,1400,38720,1400,1428,1428,1428,1400,1400,38720,1400,1428,1428,1616,1616,1616,2768,6,6,6,1365,1365,1365,38814,1365,1365,1365,1364,1364,1364,37448,1364,1,1365,2,18,18,18,18,18,143,143,143,8978,127,127,127,127,127,8446,8192,7,7,7,5461,5461,5461,5461,5461,599186,604647,6,6,5,3132,3132,3132,153731,3131,3131,3131,3127,3127,3131,3131,301072,1,1,1,2004,2004,2005,513054
csv,2,1,324481844,324481846,330126458,329873851,329873880,329873901,329874810,329874812,329874877,329874994,329874937,330126613,330126762,351889768,351832456,351832476,351832510,351833963,351834013,351834040,351834087,351834137,351834185,351834213,351835829,351835833,351835838,351835918,351835957,351835986,351836021,351838053,351838086,351838119,351838212,351838258,351838314,351838349,351839961,351839994,351840027,351840120,351840166,351840193,351840199,351842134,351842198,351842262,351842327,351842293,351840085,351838177,351835888,314528470,314528546,324186714,323830266,323830431,323830536,323834313,323834420,323834456,323834507,323834618,323834710,323834796,323838546,323838693,291613791,323838840,291613939,324187169,324187259,324376022,324376084,324472534,324469621,324469701,324472508,324472505,324371537,324371543,324374381,324374389,324375976,324375973,324374378,291609581,291609625,291610888,291610027,291610115,291610479,291610554,291610873,291610801,291610438,351890125,351890235,314233150,399989417,399989585,399989724,400000095,399971540,399971681,399971742,399971863,399971939,399971948,399989269,399989095,30782802,30782858,30782866,30053869,30053887,30061569,30061549
bb_id,2,1,105,106,107,108,109,110,111,112,113,114,115,208,209,210,211,212,213,214,215,217,218,219,220,221,222,223,224,225,226,227,228,229,230,231,232,233,234,235,236,237,238,239,240,241,242,243,244,245,246,247,248,249,250,303,304,305,306,307,308,309,310,312,313,314,315,316,317,318,319,320,321,328,329,330,331,332,333,334,335,336,337,338,339,340,341,342,343,344,345,346,347,348,349,350,351,352,353,354,355,356,357,358,359,360,361,363,364,365,366,370,371,372,376,377,378,379,380,381,382
bbv,2,2,7,7,7,5722,5722,5722,155323,5722,5718,5722,11436,6,6,6,1428,1428,1428,40242,1428,1428,1428,1328,1328,1328,38144,1328,1428,1428,1428,1400,1400,38720,1400,1428,1428,1428,1400,1400,38720,1400,1428,1428,1428,1400,1400,38720,1400,1428,1428,1616,1616,1616,2768,6,6,6,1365,1365,1365,38814,1365,1365,1365,1364,1364,1364,37448,1364,1,1365,2,18,16,18,18,18,127,127,127,8446,125,125,125,125,125,8438,8188,7,7,7,5461,5461,5461,5461,5461,599186,604647,6,6,5,3318,3318,3318,165822,3318,3318,3318,3314,3314,3318,3317,324927,1,1,1,2309,2309,2310,591349
csv,2,2,324481778,324481852,330126461,329914248,329914277,329914280,329914776,329914778,329914789,329914822,329914810,330126705,330126743,351889765,350433797,350433848,350434006,350436615,350436712,350436748,350436773,350436826,350436912,350437072,350440931,350441076,350441134,350441388,350441525,350441553,350441572,350444296,350444379,350444593,350444692,350444709,350444909,350444971,350449139,350449234,350449329,350449548,350449627,350449683,350449776,350452507,350452620,350452626,350452804,350452739,350449449,350444664,350441289,314528141,314528151,324186708,323537130,323537259,323537394,323541282,323541494,323541605,323541656,323541695,323541790,323541876,323546595,323546703,291613387,323546883,291613564,324186800,324186803,324375990,324376008,324461874,324456023,324456079,324461824,324461725,324357440,324357488,324363614,324363718,324369030,324369006,324363515,291609433,291609584,291610882,291609646,291609717,291609834,291609871,291610048,291610009,291609831,351889893,351889970,314233147,399988232,399988332,399988405,399995183,399995253,399995291,399995345,399995386,399995456,399995560,399988080,400000062,30782810,30782848,30782862,28406237,28406255,28413652,28413647
bb_id,2,2,105,106,107,108,109,110,111,112,113,114,115,208,209,210,211,212,213,214,215,217,218,219,220,221,222,223,224,225,226,227,228,229,230,231,232,233,234,235,236,237,238,239,240,241,242,243,244,245,246,247,248,249,250,303,304,305,306,307,308,309,310,312,313,314,315,316,317,318,319,320,321,328,329,330,331,332,333,334,335,336,337,338,339,340,341,342,343,344,345,346,347,348,349,350,351,352,353,354,355,356,357,358,359,360,361,363,364,365,366,370,371,372,376,377,378,379,380,381,382
bbv,2,3,7,7,7,5722,5722,5722,155323,5722,5718,5722,11436,6,6,6,1428,1428,1428,40242,1428,1428,1428,1328,1328,1328,38144,1328,1428,1428,1428,1400,1400,38720,1400,1428,1428,1428,1400,1400,38720,1400,1428,1428,1428,1400,1400,38720,1400,1428,1428,1616,1616,1616,2768,6,6,6,1365,1365,1365,38814,1365,1365,1365,1364,1364,1364,37448,1364,1,1365,2,18,16,18,18,18,127,127,127,8446,125,125,125,125,125,8438,8188,7,7,7,5461,5461,5461,5461,5461,599186,604647,6,6,5,2790,2790,2790,131502,2790,2790,2790,2786,2786,2790,2789,257411,1,1,1,2185,2185,2186,559533
csv,2,3,324481811,324481848,330126464,329910926,329910946,329910976,329911480,329911482,329911484,329911535,329911514,330126659,330126781,351889759,351884620,351884640,351884643,351885435,351885437,351885440,351885463,351885489,351885513,351885517,351886509,351886511,351886513,351886544,351886559,351886584,351886588,351887580,351887582,351887584,351887615,351887630,351887655,351887659,351888651,351888653,351888655,351888686,351888701,351888726,351888730,351889722,351889724,351889726,351889756,351889753,351888682,351887611,351886540,314528353,314528556,324186711,324184356,324184386,324184389,324185478,324185480,324185483,324185501,324185507,324185530,324185544,324186696,324186699,291613788,324186702,291613902,324187133,324187256,324376036,324376088,324481590,324479993,324480001,324481588,324481585,324353654,324353753,324359392,324359466,324364561,324364534,324359257,291609526,291609628,291610879,291610045,291610145,291610557,291610594,291610876,291610870,291610517,351890184,351890253,314233144,399960444,399960612,399960650,399971470,399971542,399971684,399971857,399971945,399972126,399972164,399960226,400000130,30782794,30782828,30782860,30778923,30778941,30782786,30782781
bb_id,2,3,105,106,107,108,109,110,111,112,113,114,115,208,209,210,211,212,213,214,215,217,218,219,220,221,222,223,224,225,226,227,228,229,230,231,232,233,234,235,236,237,238,239,240,241,242,243,244,245,246,247,248,249,250,303,304,305,306,307,308,309,310,312,313,314,315,316,317,318,319,320,321,328,329,330,331,332,333,334,335,336,337,338,339,340,341,342,343,344,345,346,347,348,349,350,351,352,353,354,355,356,357,358,359,360,361,363,364,365,366,370,371,372,376,377,378,379,380,381,382
bbv,3,0,1,1,1,1,1,1,1,1,1,1,1,1,1,1,1,1,1,1,1,1,1,4161,4161,4161,270465,4161,4161,4161,4161,4161,4161,266304,4161,4161,4161,4161,4161,4161,266304,4161,4161,4161,4161,4161,4161,266304,4161,4161,4161,4161,4161,4161,266304,4161,4161,4161,4161,4161,4161,4161,1,1,1,4096,4096,4096,266240,4096,4096,4096,4096,4096,4096,262144,4096,4096,2,2,2,2,2,2,2,2,66,66,66,8580,64,64,64,64,64,8320,8192,1,1,1,5003,5003,5003,510475,5003,5003,5003,5003,5003,2895,370515,2894,2108,5003,269829
csv,3,0,304016260,62367380,63521960,63521964,63521965,139486298,63521988,138331621,139486201,139486205,139486206,139486346,139486355,304016223,304016226,304016229,304016233,304016234,139486531,139486626,304016185,295485271,295485291,295485385,295488512,295488514,295488517,295488633,295488659,295488683,295488687,295492690,295492754,295492756,295492858,295492939,295492964,295493030,295496879,295496881,295496883,295497024,295497094,295497119,295497178,295500594,295500596,295500602,295500743,295500758,295500783,295500904,295504839,295504996,295504998,295505121,295505118,295500629,295497020,295492854,63522090,63522161,138331579,138327022,138327052,138327055,138329200,138329202,138329205,138329223,138329229,138329252,138329266,138331570,138331573,138331576,138331638,139486196,139486197,138331674,138331677,139078574,139078578,139446506,139438375,139438383,139446504,139446429,139053126,139053267,139064830,139064880,139070501,139070498,139064827,304016319,304016459,62367327,399973642,399973771,399973807,399987176,399987212,399987249,399987474,399987514,399987821,399987902,400000113,399973561,50609321,399973564,50624459
bb_id,3,0,142,144,146,148,150,156,187,189,191,193,195,196,198,199,201,203,205,207,208,209,210,211,212,213,214,215,217,218,219,220,221,222,223,224,225,226,227,228,229,230,231,232,233,234,235,236,237,238,239,240,241,242,243,244,245,246,247,248,249,250,303,304,305,306,307,308,309,310,312,313,314,315,316,317,318,320,323,325,327,328,329,330,331,332,333,334,335,336,337,338,339,340,341,342,343,354,355,356,357,358,359,360,361,363,364,365,366,367,368,369,370,371,372
bbv,3,1,1,1,1,4160,4160,4160,270400,4160,4160,4160,4160,4160,4160,266240,4160,4160,4160,4160,4160,4160,266240,4160,4160,4160,4160,4160,4160,266240,4160,4160,4160,4160,4160,4160,266240,4160,4160,4160,4160,4160,4160,4160,1,1,1,4096,4096,4096,266240,4096,4096,4096,4096,4096,4096,262144,4096,4096,2,2,2,2,2,66,66,66,8580,64,64,64,64,64,8320,8192,1,1,1,4950,4950,4950,489456,4950,4950,4950,4950,4950,2621,335488,2621,2329,4950,298112
csv,3,1,139486447,139486466,304016194,303836213,303836295,303836360,303841148,303841174,303841225,303841272,303841322,303841370,303841398,303844242,303844275,303844308,303844432,303844509,303844565,303844600,303848027,303848029,303848062,303848124,303848139,303848195,303848199,303852246,303852248,303852250,303852281,303852296,303852321,303852325,303855363,303855396,303855398,303855459,303855456,303852277,303848089,303844397,63522141,63522232,138331588,135087496,135087559,135087595,135094444,135094482,135094629,135094683,135094797,135094892,135095014,135104521,135104590,135104659,138331749,138331794,139078596,139078630,139468744,139463484,139463516,139468430,139468403,139072718,139072724,139075415,139075423,139078546,139078543,139075412,304017084,304017168,62367336,399996463,399996527,399996665,400000079,399978129,399978232,399978419,399978559,399978627,399978673,399996277,399996314,57697522,399996384,57706750
bb_id,3,1,208,209,210,211,212,213,214,215,217,218,219,220,221,222,223,224,225,226,227,228,229,230,231,232,233,234,235,236,237,238,239,240,241,242,243,244,245,246,247,248,249,250,303,304,305,306,307,308,309,310,312,313,314,315,316,317,318,320,328,329,330,331,332,333,334,335,336,337,338,339,340,341,342,343,354,355,356,357,358,359,360,361,363,364,365,366,367,368,369,370,371,372
bbv,3,2,1,1,1,4160,4160,4160,270400,4160,4160,4160,4160,4160,4160,266240,4160,4160,4160,4160,4160,4160,266240,4160,4160,4160,4160,4160,4160,266240,4160,4160,4160,4160,4160,4160,266240,4160,4160,4160,4160,4160,4160,4160,1,1,1,4096,4096,4096,266240,4096,4096,4096,4096,4096,4096,262144,4096,4096,2,2,2,2,2,64,64,64,8320,64,64,64,64,64,8320,8192,1,1,1,5134,5134,5134,525140,5133,5133,5133,5133,5133,2991,382848,2991,2142,5134,274257
csv,3,2,139486577,139486645,304016191,293188668,293188805,293188808,293194463,293194493,293194527,293194631,293194688,293194747,293194844,293202508,293202643,293202773,293203054,293203071,293203313,293203332,293209826,293209890,293209985,293210080,293210126,293210151,293210190,293215964,293216028,293216054,293216202,293216217,293216242,293216270,293222734,293222822,293222886,293223105,293222987,293216081,293210043,293202831,63522039,63522151,138331582,132346369,132346399,132346489,132354043,132354078,132354129,132354243,132354318,132354374,132354421,132363388,132363535,132363718,138331785,138331788,139078560,139078582,139408656,139398725,139398757,139408606,139408507,139041041,139041116,139053825,139053923,139063630,139063564,139053777,304016378,304016396,62367330,399991660,399991792,399991965,400000012,399975591,399975627,399975681,399975687,399975854,399975966,399991472,399991543,51729637,399991546,51737652
bb_id,3,2,208,209,210,211,212,213,214,215,217,218,219,220,221,222,223,224,225,226,227,228,229,230,231,232,233,234,235,236,237,238,239,240,241,242,243,244,245,246,247,248,249,250,303,304,305,306,307,308,309,310,312,313,314,315,316,317,318,320,328,329,330,331,332,333,334,335,336,337,338,339,340,341,342,343,354,355,356,357,358,359,360,361,363,364,365,366,367,368,369,370,371,372
bbv,3,3,1,1,1,4160,4160,4160,270400,4160,4160,4160,4160,4160,4160,266240,4160,4160,4160,4160,4160,4160,266240,4160,4160,4160,4160,4160,4160,266240,4160,4160,4160,4160,4160,4160,266240,4160,4160,4160,4160,4160,4160,4160,1,1,1,4096,4096,4096,266240,4096,4096,4096,4096,4096,4096,262144,4096,4096,2,2,2,2,2,64,64,64,8320,64,64,64,64,64,8320,8192,1,1,1,5145,5145,5145,492825,5145,5145,5145,5145,5145,2475,316774,2474,2670,5145,341773
csv,3,3,139486401,139486485,304016188,304006310,304006330,304006333,304007893,304007895,304007898,304007921,304007947,304007971,304007975,304009959,304009961,304009963,304009994,304010009,304010034,304010038,304012022,304012024,304012026,304012057,304012072,304012097,304012101,304014085,304014087,304014089,304014120,304014135,304014160,304014164,304016148,304016150,304016152,304016182,304016179,304014116,304012053,304009990,63522212,63522222,138331585,137893792,137893822,137893891,137897620,137897651,137897654,137897672,137897678,137897738,137897752,137901784,137901787,137901862,138331713,138331791,139078610,139078626,139486176,139483043,139483051,139486174,139486171,139030891,139030918,139045240,139045338,139054286,139054217,139045216,304017025,304023897,62367333,399962007,399962104,399962174,399982820,399982923,399982960,399983082,399983122,399983291,399983338,400000046,399961892,62362841,399961962,62367321
bb_id,3,3,208,209,210,211,212,213,214,215,217,218,219,220,221,222,223,224,225,226,227,228,229,230,231,232,233,234,235,236,237,238,239,240,241,242,243,244,245,246,247,248,249,250,303,304,305,306,307,308,309,310,312,313,314,315,316,317,318,320,328,329,330,331,332,333,334,335,336,337,338,339,340,341,342,343,354,355,356,357,358,359,360,361,363,364,365,366,367,368,369,370,371,372
bbv,4,0,12015,12015,12015,1549923,12014,12014,12014,12014,12014,12014,1537837,12015,12015
csv,4,0,399987801,399987964,399988101,400000008,399968415,399968485,399968539,399968646,399968714,399968961,399987647,399987684,399987755
bb_id,4,0,357,358,359,360,361,363,364,365,366,367,368,369,371
bbv,4,1,11030,11030,11030,1422939,11030,11030,11030,11030,11030,11030,1411840,11030,11030
csv,4,1,399986269,399986400,399986436,400000074,399969364,399969367,399969556,399969562,399969664,399969677,399986084,399986188,399986224
bb_id,4,1,357,358,359,360,361,363,364,365,366,367,368,369,371
bbv,4,2,12470,12470,12470,1608633,12470,12470,12470,12470,12470,12470,1596160,12470,12470
csv,4,2,399992279,399992342,399992345,400000041,399976634,399976771,399976826,399976998,399977133,399977278,399992063,399992099,399992135
bb_id,4,2,357,358,359,360,361,363,364,365,366,367,368,369,371
bbv,4,3,10252,10252,10252,1322508,10252,10252,10252,10252,10252,10252,1312181,10252,10252
csv,4,3,399974722,399974786,399974856,399992675,399992941,399993175,399993328,399993433,399993501,399993778,400000108,399974472,399974610
bb_id,4,3,357,358,359,360,361,363,364,365,366,367,368,369,371
bbv,5,0,1,1,1,1,1,1,1,8016,8016,8016,1033990,8015,8015,8015,8015,8015,8015,1025920,8015,8015,1,1,1,1,1,1,1,1,65,65,65,16770,64,64,64,64,64,16512,16384,1,1474,1474,1474,190158,1475,1475,1475,1475,1475,1475,188800,1475,1475
csv,5,0,76801043,81370791,81370795,81370796,81370819,81370870,81370941,399993938,399994001,399994073,400000103,399972694,399972733,399972787,399972862,399972957,399973076,399993305,399993581,399993788,76801060,81370786,81370787,76801132,76801135,79769308,79769312,81370766,81364561,81364569,81370764,81370761,79652245,79652323,79671857,79671985,79698228,79698156,79671710,76800993,40272345,40272443,40272446,40281106,40281242,40281245,40281266,40281272,40281374,40281387,40290659,40290662,40290665
bb_id,5,0,144,146,148,150,187,303,304,306,307,308,309,310,312,313,314,315,316,317,318,320,323,325,327,328,329,330,331,332,333,334,335,336,337,338,339,340,341,342,343,356,357,358,359,360,361,363,364,365,366,367,368,369,371
bbv,5,1,1,1,9209,9209,9209,1187961,9209,9209,9209,9209,9209,9209,1178728,9208,9208,1,1,1,1,1,65,65,65,16770,64,64,64,64,64,16512,16384,1,2732,2732,2732,352462,2733,2733,2733,2733,2733,2733,349824,2733,2733
csv,5,1,81371067,81371147,399971417,399971552,399971696,399986138,399986311,399986449,399986671,399986710,399986766,399986813,400000020,399971228,399971336,76801210,76801216,79769330,79769352,81348055,81329172,81329252,81347621,81347546,79746677,79746683,79758274,79758282,79769280,79769277,79758271,76800999,67695845,67695908,67695944,67703339,67703341,67703344,67703365,67703371,67703406,67703419,67710695,67710732,67710735
bb_id,5,1,303,304,306,307,308,309,310,312,313,314,315,316,317,318,320,328,329,330,331,332,333,334,335,336,337,338,339,340,341,342,343,356,357,358,359,360,361,363,364,365,366,367,368,369,371
bbv,5,2,1,1,9755,9755,9755,1258395,9755,9755,9755,9755,9755,9755,1248512,9754,9754,1,1,1,1,1,64,64,64,16512,64,64,64,64,64,16512,16384,1,922,922,922,118993,923,923,923,923,923,923,118144,923,923
csv,5,2,81370921,81370931,399983216,399983312,399983351,399999518,399999622,399999802,399999853,399999928,399999984,400000070,399983063,399983099,399983102,76801096,76801138,79769294,79769316,81306944,81277798,81277878,81306798,81306699,79744463,79744469,79756031,79756039,79768413,79768410,79755986,76800996,29657235,29657361,29657430,29673003,29673073,29673142,29673231,29673270,29673338,29673418,29688641,29688717,29688927
bb_id,5,2,303,304,306,307,308,309,310,312,313,314,315,316,317,318,320,328,329,330,331,332,333,334,335,336,337,338,339,340,341,342,343,356,357,358,359,360,361,363,364,365,366,367,368,369,371
bbv,5,3,1,1,8496,8496,8496,1095984,8496,8496,8496,8496,8496,8496,1087383,8495,8495,1,1,1,1,1,64,64,64,16512,64,64,64,64,64,16512,16384,1,3657,3657,3657,471753,3657,3657,3657,3657,3657,3657,468197,3658,3658
csv,5,3,81371016,81371137,399978269,399978332,399978509,399994445,399994648,399994687,399994771,399994813,399994938,399994985,400000056,399978083,399978152,76801174,76801213,79769344,79769356,81353259,81336930,81336986,81353257,81353158,79603553,79603607,79625642,79625692,79651654,79651606,79625597,76800990,76792259,76792289,76792292,76796549,76796551,76796554,76796575,76796581,76796616,76796629,76800981,76800984,76800987
bb_id,5,3,303,304,306,307,308,309,310,312,313,314,315,316,317,318,320,328,329,330,331,332,333,334,335,336,337,338,339,340,341,342,343,356,357,358,359,360,361,363,364,365,366,367,368,369,371
bbv,6,0,1,1,1,1,1,1,1,1,8368,8368,8368,1079546,8369,8369,8369,8369,8369,8369,1071232,8369,8369,1,1,1,1,1,1,1,1,65,65,65,16770,64,64,64,64,64,16512,16384,1,1,3648,3648,3648,470496,3647,3647,3647,3647,3647,3647,466816,3647,3647
csv,6,0,274585136,274585162,274585129,270015357,274585105,274585109,274585110,270015315,270006342,270006372,270006375,270010632,270010634,270010637,270010655,270010661,270010684,270010698,270015306,270015309,270015312,270015374,274585100,274585101,270015446,270015452,272983622,272983630,274564145,274549564,274549620,274564143,274564092,272837351,272837381,272859772,272859801,272883553,272883460,272859727,274585399,274585542,399996586,399996682,399996718,400000098,399978142,399978212,399978267,399978408,399978544,399978793,399996203,399996405,399996474
bb_id,6,0,37,142,157,189,191,193,195,305,306,307,308,309,310,312,313,314,315,316,317,318,320,323,325,327,328,329,330,331,332,333,334,335,336,337,338,339,340,341,342,343,354,355,357,358,359,360,361,363,364,365,366,367,368,369,371
bbv,6,1,1,7175,7175,7175,925575,7175,7175,7175,7175,7175,7175,918424,7176,7176,1,1,1,1,1,65,65,65,16770,64,64,64,64,64,16512,16384,1,1,3576,3576,3576,461271,3575,3575,3575,3575,3575,3575,457600,3575,3575
csv,6,1,270015324,243290634,243290766,243290907,243305622,243305699,243305717,243305765,243305807,243305866,243305913,243321816,243321855,243321930,270015548,270015551,272983658,272983674,274585080,274578875,274578883,274585078,274585075,272918710,272918716,272932203,272932211,272942123,272942120,272932158,274585221,274585298,399987395,399987526,399987562,400000065,399967529,399967566,399967654,399967793,399967862,399967909,399986974,399987145,399987317
bb_id,6,1,305,306,307,308,309,310,312,313,314,315,316,317,318,320,328,329,330,331,332,333,334,335,336,337,338,339,340,341,342,343,354,355,357,358,359,360,361,363,364,365,366,367,368,369,371
bbv,6,2,1,6629,6629,6629,855141,6629,6629,6629,6629,6629,6629,848640,6630,6630,1,1,1,1,1,64,64,64,16512,64,64,64,64,64,16512,16384,1,1,3884,3884,3884,500960,3883,3883,3883,3883,3883,3883,497024,3883,3883
csv,6,2,270015321,217596327,217596492,217596561,217615086,217615160,217615268,217615322,217615397,217615456,217615506,217632306,217632552,217632726,270015410,270015449,272983608,272983626,274426146,274400975,274401031,274425928,274425805,272972006,272972012,272977391,272977399,272983594,272983591,272977388,274585458,274585560,399994730,399994895,399994999,400000131,399976861,399976964,399977085,399977124,399977159,399977272,399994175,399994346,399994550
bb_id,6,2,305,306,307,308,309,310,312,313,314,315,316,317,318,320,328,329,330,331,332,333,334,335,336,337,338,339,340,341,342,343,354,355,357,358,359,360,361,363,364,365,366,367,368,369,371
bbv,6,3,1,7888,7888,7888,1017552,7888,7888,7888,7888,7888,7888,1009769,7889,7889,1,1,1,1,1,64,64,64,16512,64,64,64,64,64,16512,16384,1,1,3244,3244,3244,418476,3244,3244,3244,3244,3244,3244,415181,3243,3243
csv,6,3,270015318,267634836,267634866,267634941,267642597,267642599,267642602,267642620,267642692,267642715,267642729,267649578,267649581,267649656,270015512,270015554,272983644,272983670,274567837,274548325,274548381,274567475,274567448,272667068,272667158,272689911,272689961,272711608,272711515,272689797,274585280,274585316,399968258,399968454,399968491,399988596,399988834,399988937,399989059,399989098,399989167,399989213,400000032,399968044,399968081
bb_id,6,3,305,306,307,308,309,310,312,313,314,315,316,317,318,320,328,329,330,331,332,333,334,335,336,337,338,339,340,341,342,343,354,355,357,358,359,360,361,363,364,365,366,367,368,369,371
bbv,7,0,11301,11301,11301,1457903,11301,11301,11301,11301,11301,11301,1446528,11301,11301
csv,7,0,399987783,399987847,399987950,400000022,399966369,399966406,399966461,399966467,399966646,399966659,399987498,399987601,399987638
bb_id,7,0,357,358,359,360,361,363,364,365,366,367,368,369,371
bbv,7,1,11426,11426,11426,1473987,11427,11427,11427,11427,11427,11427,1462609,11426,11426
csv,7,1,399974169,399974232,399974368,399988984,399989020,399989090,399989245,399989251,399989386,399989433,400000090,399973954,399973990
bb_id,7,1,357,358,359,360,361,363,364,365,366,367,368,369,371
bbv,7,2,12465,12465,12465,1607945,12465,12465,12465,12465,12465,12465,1595520,12465,12465
csv,7,2,399998385,399998684,399998720,400000123,399981109,399981245,399981399,399981570,399981705,399981851,399998132,399998135,399998273
bb_id,7,2,357,358,359,360,361,363,364,365,366,367,368,369,371
bbv,7,3,10574,10574,10574,1364046,10574,10574,10574,10574,10574,10574,1353479,10574,10574
csv,7,3,399966513,399966543,399966665,399985328,399985432,399985535,399985690,399985730,399985798,399985913,400000056,399966095,399966266
bb_id,7,3,357,358,359,360,361,363,364,365,366,367,368,369,371
bbv,8,0,1,1,1,1,7,7,7,5722,5722,5722,155323,5722,5718,5722,11436,6,6,6,6,6,1,1,7,1,1,5,7,7,7,7,7,6,6,6,6,6,6,6,6,6,6,6,6,6,6,6,1434,1434,1434,40311,1434,1434,1434,1330,1330,1330,38192,1330,1434,1434,1434,1403,1403,38776,1403,1434,1434,1434,1403,1403,38776,1403,1434,1434,1434,1403,1403,38776,1403,1434,1434,1636,1636,1636,2804,6,6,6,1365,1365,1365,38814,1365,1365,1365,1364,1364,1364,37448,1364,1,1365,2,19,19,19,19,19,19,19,19,208,208,208,25748,191,191,191,191,191,24958,24576,7,7,7,5461,5461,5461,5461,5461,599186,604647,6,6,6,3890,3890,3890,294805,3890,3890,3890,3886,3886,1436,183808,1436,2454,3890,214416
csv,8,0,51939686,51939689,51939672,51939676,345638499,345638600,351283209,351282876,351282896,351282899,351283187,351283189,351283191,351283206,351283203,373046588,335389948,335684816,335684820,335684821,51939707,51939709,312768768,312771865,312771873,345638466,312766026,312767691,312768735,312768739,312768740,335684844,345343501,345638369,345638373,345638374,351283266,351283275,373046551,373046554,373046557,373046561,373046562,351283451,351283546,373046513,371284607,371284755,371284789,371289007,371289040,371289098,371289238,371289319,371289374,371289433,371292281,371292362,371292388,371292522,371292561,371292641,371292669,371295342,371295468,371295501,371295656,371295888,371295944,371296041,371298630,371298737,371298770,371299033,371299079,371299214,371299311,371301924,371301981,371302100,371302247,371302158,371298877,371295621,371292470,335684956,335685017,345343459,345322243,345322273,345322324,345324604,345324606,345324609,345324699,345324705,345324800,345324814,345327649,345327652,312770339,345327721,312770500,345343518,345638364,345638365,345343590,345343593,345532762,345532766,345626004,345621900,345621980,345626002,345625999,345516086,345516113,345521880,345521912,345528316,345528271,345521787,312766081,312766084,312767633,312766102,312766132,312766441,312766544,312767055,312767008,312766438,373046647,373046860,335389898,399999200,399999230,399999334,400000035,399980888,399980891,399981013,399981118,399981322,28458214,28468026,28468095,399981358,399999021,399998851
bb_id,8,0,33,35,40,42,105,106,107,108,109,110,111,112,113,114,115,142,144,146,148,150,151,152,153,154,155,156,178,180,182,184,186,187,189,191,193,195,196,198,199,201,203,205,207,208,209,210,211,212,213,214,215,217,218,219,220,221,222,223,224,225,226,227,228,229,230,231,232,233,234,235,236,237,238,239,240,241,242,243,244,245,246,247,248,249,250,303,304,305,306,307,308,309,310,312,313,314,315,316,317,318,319,320,321,323,325,327,328,329,330,331,332,333,334,335,336,337,338,339,340,341,342,343,344,345,346,347,348,349,350,351,352,353,354,355,356,357,358,359,360,361,363,364,365,366,367,368,369,370,371,372
bbv,8,1,7,7,7,5722,5722,5722,155323,5722,5718,5722,11436,6,6,6,1428,1428,1428,40242,1428,1428,1428,1328,1328,1328,38144,1328,1428,1428,1428,1400,1400,38720,1400,1428,1428,1428,1400,1400,38720,1400,1428,1428,1428,1400,1400,38720,1400,1428,1428,1616,1616,1616,2768,6,6,6,1365,1365,1365,38814,1365,1365,1365,1364,1364,1364,37448,1364,1,1365,2,19,19,19,19,19,208,208,208,25748,191,191,191,191,191,24958,24576,7,7,7,5461,5461,5461,5461,5461,599186,604647,6,6,6,3745,3745,3745,281978,3744,3744,3744,3740,3740,1382,176943,1383,2362,3745,202640
csv,8,1,345638565,345638604,351283218,351051738,351051767,351051806,351052943,351052960,351052974,351053067,351053055,351283367,351283405,373046519,373041374,373041394,373041397,373042189,373042191,373042194,373042217,373042243,373042267,373042271,373043263,373043265,373043267,373043298,373043313,373043338,373043342,373044334,373044336,373044338,373044369,373044384,373044409,373044413,373045405,373045407,373045409,373045440,373045455,373045480,373045484,373046476,373046478,373046480,373046510,373046507,373045436,373044365,373043294,335684895,335684905,345343465,345080854,345080920,345080959,345084736,345084771,345084843,345084894,345085038,345085061,345085108,345089260,345089299,312770542,345089338,312770656,345343761,345343863,345532780,345532784,345636644,345632752,345632784,345636618,345636591,345526672,345526678,345529540,345529548,345532391,345532388,345529513,312766335,312766379,312767642,312766489,312766612,312767011,312767130,312767486,312767414,312766901,373046824,373046842,335389904,399998272,399998370,399998476,400000068,399983289,399983325,399983379,399983418,399983624,36828403,36835798,36835801,399983730,399998225,399998119
bb_id,8,1,105,106,107,108,109,110,111,112,113,114,115,208,209,210,211,212,213,214,215,217,218,219,220,221,222,223,224,225,226,227,228,229,230,231,232,233,234,235,236,237,238,239,240,241,242,243,244,245,246,247,248,249,250,303,304,305,306,307,308,309,310,312,313,314,315,316,317,318,319,320,321,328,329,330,331,332,333,334,335,336,337,338,339,340,341,342,343,344,345,346,347,348,349,350,351,352,353,354,355,356,357,358,359,360,361,363,364,365,366,367,368,369,370,371,372
bbv,8,2,7,7,7,5722,5722,5722,155323,5722,5718,5722,11436,6,6,6,1428,1428,1428,40242,1428,1428,1428,1328,1328,1328,38144,1328,1428,1428,1428,1400,1400,38720,1400,1428,1428,1428,1400,1400,38720,1400,1428,1428,1428,1400,1400,38720,1400,1428,1428,1616,1616,1616,2768,6,6,6,1365,1365,1365,38814,1365,1365,1365,1364,1364,1364,37448,1364,1,1365,2,19,17,19,19,19,191,191,191,24958,189,189,189,189,189,24950,24572,7,7,7,5461,5461,5461,5461,5461,599186,604647,6,6,6,2483,2483,2483,113862,2483,2483,2483,2479,2479,36,4608,36,2447,2483,213520
csv,8,2,345638532,345638602,351283212,351080092,351080121,351080133,351080683,351080685,351080696,351080729,351080717,351283497,351283565,373046516,371469136,371469247,371469250,371471592,371471594,371471659,371471682,371471770,371471794,371471922,371474498,371474500,371474657,371474750,371474765,371474852,371474856,371477525,371477527,371477560,371477715,371477730,371477755,371477759,371479769,371479867,371480037,371480068,371480083,371480180,371480184,371482985,371483173,371483175,371483329,371483326,371480064,371477587,371474684,335685068,335685142,345343462,344795047,344795176,344795212,344798728,344798901,344799013,344799037,344799061,344799167,344799195,344804410,344804548,312770336,344804764,312770454,345343554,345343596,345532744,345532748,345625048,345620397,345620429,345624974,345624875,345525214,345525292,345529537,345529580,345532730,345532727,345529534,312766187,312766338,312767636,312766400,312766471,312767052,312767167,312767558,312767555,312766939,373046706,373046878,335389895,399994470,399994605,399994853,400000002,399966808,399966916,399967217,399967328,399967433,1121507,1136125,1136162,399967646,399994423,399994210
bb_id,8,2,105,106,107,108,109,110,111,112,113,114,115,208,209,210,211,212,213,214,215,217,218,219,220,221,222,223,224,225,226,227,228,229,230,231,232,233,234,235,236,237,238,239,240,241,242,243,244,245,246,247,248,249,250,303,304,305,306,307,308,309,310,312,313,314,315,316,317,318,319,320,321,328,329,330,331,332,333,334,335,336,337,338,339,340,341,342,343,344,345,346,347,348,349,350,351,352,353,354,355,356,357,358,359,360,361,363,364,365,366,367,368,369,370,371,372
bbv,8,3,7,7,7,5722,5722,5722,155323,5722,5718,5722,11436,6,6,6,1428,1428,1428,40242,1428,1428,1428,1328,1328,1328,38144,1328,1428,1428,1428,1400,1400,38720,1400,1428,1428,1428,1400,1400,38720,1400,1428,1428,1428,1400,1400,38720,1400,1428,1428,1616,1616,1616,2768,6,6,6,1365,1365,1365,38814,1365,1365,1365,1364,1364,1364,37448,1364,1,1365,2,19,17,19,19,19,191,191,191,24958,189,189,189,189,189,24950,24572,7,7,7,5461,5461,5461,5461,5461,599186,604647,6,6,6,4756,4756,4756,423516,4756,4756,4756,4752,4752,2566,328492,2567,2190,4756,180616
csv,8,3,345638598,345638606,351283215,351067851,351067889,351067892,351068380,351068382,351068384,351068410,351068407,351283321,351283386,373046522,373020612,373020694,373020697,373022175,373022201,373022228,373022275,373022325,373022373,373022401,373024408,373024441,373024474,373024536,373024582,373024638,373024642,373026709,373026738,373026740,373026775,373026805,373026830,373026859,373028506,373028508,373028541,373028603,373028618,373028674,373028678,373030090,373030092,373030125,373030186,373030152,373028568,373026771,373024532,335685007,335685078,345343468,345341110,345341140,345341143,345342232,345342234,345342237,345342255,345342261,345342284,345342298,345343450,345343453,312770545,345343456,312770693,345343797,345343866,345532798,345532814,345638344,345636747,345636755,345638342,345638339,345503568,345503595,345508373,345508426,345515819,345515708,345508283,312766280,312766382,312767639,312766507,312766642,312767170,312767345,312767630,312767627,312767093,373046765,373046896,335389901,399977929,399977992,399978028,399984935,399985042,399985080,399985241,399985317,399985492,47365498,47369850,47369853,399985530,399977715,400000103
bb_id,8,3,105,106,107,108,109,110,111,112,113,114,115,208,209,210,211,212,213,214,215,217,218,219,220,221,222,223,224,225,226,227,228,229,230,231,232,233,234,235,236,237,238,239,240,241,242,243,244,245,246,247,248,249,250,303,304,305,306,307,308,309,310,312,313,314,315,316,317,318,319,320,321,328,329,330,331,332,333,334,335,336,337,338,339,340,341,342,343,344,345,346,347,348,349,350,351,352,353,354,355,356,357,358,359,360,361,363,364,365,366,367,368,369,370,371,372
bbv,9,0,1,1,1,1,1,1,1,1,1,1,1,1,1,1,1,1,1,1,1,1,1,4161,4161,4161,270465,4161,4161,4161,4161,4161,4161,266304,4161,4161,4161,4161,4161,4161,266304,4161,4161,4161,4161,4161,4161,266304,4161,4161,4161,4161,4161,4161,266304,4161,4161,4161,4161,4161,4161,4161,1,1,1,4096,4096,4096,266240,4096,4096,4096,4096,4096,4096,262144,4096,4096,2,2,2,2,2,2,2,2,66,66,66,8580,64,64,64,64,64,8320,8192,1,1,1,5271,5271,5271,487622,5271,5271,5271,5271,5271,2265,289920,2265,3006,5271,384768
csv,9,0,325173041,83524161,84678741,84678745,84678746,160643079,84678769,159488402,160642982,160642986,160642987,160643127,160643136,325173004,325173007,325173010,325173014,325173015,160643274,160643396,325172966,311854865,311854885,311855198,311860388,311860576,311860579,311860664,311860690,311860838,311860842,311865566,311865568,311865622,311865732,311865747,311865803,311865807,311871394,311871396,311871398,311871462,311871477,311871624,311871628,311877521,311877556,311877649,311877714,311877729,311877769,311877773,311881441,311881443,311881445,311881530,311881472,311877676,311871425,311865649,84678820,84678891,159488360,159483803,159483833,159483836,159485981,159485983,159485986,159486004,159486010,159486033,159486047,159488351,159488354,159488357,159488419,160642977,160642978,159488527,159488572,160235373,160235385,160629606,160621307,160621339,160629604,160629433,160197639,160197729,160209456,160209533,160219451,160219406,160209360,325173100,325173195,83524108,399993977,399994040,399994145,400000092,399975669,399975672,399975826,399975932,399975967,399976146,399993691,399993829,72805779,399993932,72821750
bb_id,9,0,142,144,146,148,150,156,187,189,191,193,195,196,198,199,201,203,205,207,208,209,210,211,212,213,214,215,217,218,219,220,221,222,223,224,225,226,227,228,229,230,231,232,233,234,235,236,237,238,239,240,241,242,243,244,245,246,247,248,249,250,303,304,305,306,307,308,309,310,312,313,314,315,316,317,318,320,323,325,327,328,329,330,331,332,333,334,335,336,337,338,339,340,341,342,343,354,355,356,357,358,359,360,361,363,364,365,366,367,368,369,370,371,372
bbv,9,1,1,1,1,4160,4160,4160,270400,4160,4160,4160,4160,4160,4160,266240,4160,4160,4160,4160,4160,4160,266240,4160,4160,4160,4160,4160,4160,266240,4160,4160,4160,4160,4160,4160,266240,4160,4160,4160,4160,4160,4160,4160,1,1,1,4096,4096,4096,266240,4096,4096,4096,4096,4096,4096,262144,4096,4096,2,2,2,2,2,66,66,66,8580,64,64,64,64,64,8320,8192,1,1,1,5115,5115,5115,461674,5116,5116,5116,5116,5116,2018,258260,2017,3098,5115,396544
csv,9,1,160643182,160643358,325172972,325163091,325163111,325163114,325164674,325164676,325164679,325164702,325164728,325164752,325164756,325166740,325166742,325166744,325166775,325166790,325166815,325166819,325168803,325168805,325168807,325168838,325168853,325168878,325168882,325170866,325170868,325170870,325170901,325170916,325170941,325170945,325172929,325172931,325172933,325172963,325172960,325170897,325168834,325166771,84678993,84679037,159488369,156520991,156521057,156521132,156529877,156529945,156530047,156530164,156530236,156530348,156530441,156539072,156539147,156539252,159488455,159488533,160235359,160235377,160636586,160628777,160628833,160636152,160636125,160207799,160207910,160220069,160220077,160225792,160225789,160219970,325173266,325173343,83524114,399972586,399972683,399972719,399988013,399988082,399988119,399988207,399988247,399988416,399988496,400000026,399972472,79089118,399972541,79099326
bb_id,9,1,208,209,210,211,212,213,214,215,217,218,219,220,221,222,223,224,225,226,227,228,229,230,231,232,233,234,235,236,237,238,239,240,241,242,243,244,245,246,247,248,249,250,303,304,305,306,307,308,309,310,312,313,314,315,316,317,318,320,328,329,330,331,332,333,334,335,336,337,338,339,340,341,342,343,354,355,356,357,358,359,360,361,363,364,365,366,367,368,369,370,371,372
bbv,9,2,1,1,1,4160,4160,4160,270400,4160,4160,4160,4160,4160,4160,266240,4160,4160,4160,4160,4160,4160,266240,4160,4160,4160,4160,4160,4160,266240,4160,4160,4160,4160,4160,4160,266240,4160,4160,4160,4160,4160,4160,4160,1,1,1,4096,4096,4096,266240,4096,4096,4096,4096,4096,4096,262144,4096,4096,2,2,2,2,2,64,64,64,8320,64,64,64,64,64,8320,8192,1,1,1,5378,5378,5378,501034,5378,5378,5378,5378,5378,2365,302720,2365,3013,5378,385664
csv,9,2,160643320,160643339,325172975,311039444,311039588,311039719,311045837,311045934,311045968,311046022,311046079,311046134,311046258,311052881,311053038,311053133,311053319,311053365,311053452,311053611,311060182,311060208,311060234,311060447,311060517,311060566,311060656,311066289,311066442,311066475,311066640,311066686,311066742,311066856,311074893,311075019,311075114,311075179,311075174,311066502,311060316,311053284,84678871,84678881,159488366,153487745,153487775,153487883,153495566,153495568,153495607,153495709,153495847,153495939,153495989,153504325,153504469,153504657,159488569,159488587,160235399,160235403,160609327,160595166,160595270,160609181,160609130,160229499,160229505,160232196,160232204,160235327,160235324,160232193,325173159,325173177,83524117,399984537,399984601,399984704,400000059,399965668,399965671,399965792,399965831,399965965,399966144,399984316,399984353,74216539,399984457,74223595
bb_id,9,2,208,209,210,211,212,213,214,215,217,218,219,220,221,222,223,224,225,226,227,228,229,230,231,232,233,234,235,236,237,238,239,240,241,242,243,244,245,246,247,248,249,250,303,304,305,306,307,308,309,310,312,313,314,315,316,317,318,320,328,329,330,331,332,333,334,335,336,337,338,339,340,341,342,343,354,355,356,357,358,359,360,361,363,364,365,366,367,368,369,370,371,372
bbv,9,3,1,1,1,4160,4160,4160,270400,4160,4160,4160,4160,4160,4160,266240,4160,4160,4160,4160,4160,4160,266240,4160,4160,4160,4160,4160,4160,266240,4160,4160,4160,4160,4160,4160,266240,4160,4160,4160,4160,4160,4160,4160,1,1,1,4096,4096,4096,266240,4096,4096,4096,4096,4096,4096,262144,4096,4096,2,2,2,2,2,64,64,64,8320,64,64,64,64,64,8320,8192,1,1,1,5183,5183,5183,459327,5183,5183,5183,5183,5183,1913,244837,1912,3270,5183,418568
csv,9,3,160643228,160643377,325172969,325083965,325084012,325084018,325087032,325087058,325087085,325087132,325087182,325087230,325087258,325090347,325090380,325090382,325090475,325090521,325090577,325090612,325094101,325094165,325094229,325094384,325094461,325094548,325094583,325098072,325098105,325098107,325098169,325098215,325098240,325098275,325101437,325101470,325101503,325101564,325101530,325098165,325094318,325090440,84678942,84679027,159488363,159206114,159206210,159206213,159209711,159209857,159209860,159209878,159209884,159209979,159209993,159214241,159214244,159214319,159488491,159488530,160235341,160235345,160642957,160639824,160639832,160642955,160642952,160194423,160194570,160208060,160208152,160218323,160218299,160207994,325173325,325173361,83524111,399964669,399964733,399964869,399983325,399983429,399983465,399983554,399983628,399983797,399983878,400000126,399964421,83519622,399964524,83524102
bb_id,9,3,208,209,210,211,212,213,214,215,217,218,219,220,221,222,223,224,225,226,227,228,229,230,231,232,233,234,235,236,237,238,239,240,241,242,243,244,245,246,247,248,249,250,303,304,305,306,307,308,309,310,312,313,314,315,316,317,318,320,328,329,330,331,332,333,334,335,336,337,338,339,340,341,342,343,354,355,356,357,358,359,360,361,363,364,365,366,367,368,369,370,371,372
bbv,10,0,11999,11999,11999,1547947,12000,12000,12000,12000,12000,12000,1535975,11999,11999
csv,10,0,399967890,399968021,399968057,399983587,399983723,399983794,399983950,399984023,399984227,399984274,400000099,399967742,399967812
bb_id,10,0,357,358,359,360,361,363,364,365,366,367,368,369,371
bbv,10,1,10903,10903,10903,1406487,10903,10903,10903,10903,10903,10903,1395533,10903,10903
csv,10,1,399975856,399975886,399976088,399994479,399994547,399994650,399994771,399994843,399994945,399995091,400000032,399975675,399975811
bb_id,10,1,357,358,359,360,361,363,364,365,366,367,368,369,371
bbv,10,2,12606,12606,12606,1626112,12606,12606,12606,12606,12606,12606,1613568,12606,12606
csv,10,2,399992495,399992593,399992696,400000065,399977950,399978087,399978141,399978247,399978315,399978428,399992274,399992311,399992348
bb_id,10,2,357,358,359,360,361,363,364,365,366,367,368,369,371
bbv,10,3,10259,10259,10259,1323343,10258,10258,10258,10258,10258,10258,1313051,10259,10259
csv,10,3,399993383,399993513,399993549,400000132,399972210,399972348,399972435,399972475,399972710,399972856,399992660,399992934,399993204
bb_id,10,3,357,358,359,360,361,363,364,365,366,367,368,369,371
bbv,11,0,1,1,1,1,1,1,1,7599,7599,7599,980271,7599,7599,7599,7599,7599,7599,972630,7598,7598,1,1,1,1,1,1,1,1,65,65,65,16770,64,64,64,64,64,16512,16384,1,2119,2119,2119,273351,2119,2119,2119,2119,2119,2119,271257,2120,2120
csv,11,0,97957787,102527535,102527539,102527540,102527563,102527665,102527736,399968783,399968918,399969062,399985487,399985594,399985633,399985687,399985729,399985895,399985984,400000013,399968555,399968591,97957804,102527530,102527531,97957840,97957843,100926056,100926060,102390985,102378309,102378317,102390983,102390908,100799113,100799143,100825948,100826019,100845363,100845312,100825840,97957740,59030456,59030486,59030589,59039245,59039247,59039250,59039271,59039343,59039378,59039424,59049366,59049436,59049439
bb_id,11,0,144,146,148,150,187,303,304,306,307,308,309,310,312,313,314,315,316,317,318,320,323,325,327,328,329,330,331,332,333,334,335,336,337,338,339,340,341,342,343,356,357,358,359,360,361,363,364,365,366,367,368,369,371
bbv,11,1,1,1,8699,8699,8699,1122171,8699,8699,8699,8699,8699,8699,1113463,8698,8698,1,1,1,1,1,65,65,65,16770,64,64,64,64,64,16512,16384,1,3463,3463,3463,446727,3463,3463,3463,3463,3463,3463,443359,3464,3464
csv,11,1,102527797,102527819,399969821,399969917,399970019,399985798,399985836,399985970,399986038,399986152,399986211,399986225,400000088,399969725,399969797,97957918,97957957,100926074,100926104,102527510,102521305,102521313,102527508,102527505,100896531,100896537,100910108,100910116,100919692,100919668,100910084,97957737,91165737,91165801,91165838,91174035,91174070,91174073,91174127,91174133,91174201,91174214,91184049,91184086,91184123
bb_id,11,1,303,304,306,307,308,309,310,312,313,314,315,316,317,318,320,328,329,330,331,332,333,334,335,336,337,338,339,340,341,342,343,356,357,358,359,360,361,363,364,365,366,367,368,369,371
bbv,11,2,1,1,9031,9031,9031,1164999,9031,9031,9031,9031,9031,9031,1155948,9030,9030,1,1,1,1,1,64,64,64,16512,64,64,64,64,64,16512,16384,1,1412,1412,1412,182211,1413,1413,1413,1413,1413,1413,180864,1413,1413
csv,11,2,102527716,102527746,399953705,399953906,399954014,399978302,399978403,399978637,399978754,399978991,399979179,399979424,400000049,399953690,399953693,97957879,97957882,100926038,100926042,102307202,102287341,102287421,102307104,102307077,100906172,100906178,100919821,100919829,100926024,100926021,100919818,97957743,44838482,44838746,44838882,44853858,44853961,44854031,44854085,44854125,44854261,44854308,44869862,44869898,44870067
bb_id,11,2,303,304,306,307,308,309,310,312,313,314,315,316,317,318,320,328,329,330,331,332,333,334,335,336,337,338,339,340,341,342,343,356,357,358,359,360,361,363,364,365,366,367,368,369,371
bbv,11,3,1,1,7790,7790,7790,1004910,7790,7790,7790,7790,7790,7790,997120,7790,7789,1,1,1,1,1,64,64,64,16512,64,64,64,64,64,16512,16384,1,4212,4212,4212,543416,4213,4213,4213,4213,4213,4213,539264,4213,4213
csv,11,3,102527614,102527726,399969809,399969851,399969887,399983303,399983305,399983443,399983563,399983635,399983691,399983807,399999977,400000052,399969728,97957954,97957960,100926088,100926100,102491526,102481538,102481546,102491164,102491161,100807957,100808008,100831652,100831729,100859844,100859820,100831604,97957734,97949003,97949033,97949036,97953293,97953295,97953298,97953319,97953325,97953360,97953373,97957725,97957728,97957731
bb_id,11,3,303,304,306,307,308,309,310,312,313,314,315,316,317,318,320,328,329,330,331,332,333,334,335,336,337,338,339,340,341,342,343,356,357,358,359,360,361,363,364,365,366,367,368,369,371
bbv,12,0,1,1,1,1,1,1,1,1,8785,8785,8785,1133265,8785,8785,8785,8785,8785,8785,1124522,8786,8786,1,1,1,1,1,1,1,1,65,65,65,16770,64,64,64,64,64,16512,16384,1,1,3089,3089,3089,398481,3089,3089,3089,3089,3089,3089,395347,3088,3088
csv,12,0,295741895,295741921,295741888,291172116,295741864,295741868,295741869,291172074,291163101,291163131,291163134,291167391,291167393,291167396,291167414,291167420,291167443,291167457,291172065,291172068,291172071,291172133,295741859,295741860,291172169,291172208,294140381,294140389,295741839,295732149,295732205,295741837,295741834,293945421,293945427,293971807,293971881,293990699,293990696,293971738,295741980,295742057,399967961,399968124,399968193,399985841,399986046,399986082,399986238,399986277,399986582,399986661,400000088,399967747,399967849
bb_id,12,0,37,142,157,189,191,193,195,305,306,307,308,309,310,312,313,314,315,316,317,318,320,323,325,327,328,329,330,331,332,333,334,335,336,337,338,339,340,341,342,343,354,355,357,358,359,360,361,363,364,365,366,367,368,369,371
bbv,12,1,1,7685,7685,7685,991365,7685,7685,7685,7685,7685,7685,983689,7686,7686,1,1,1,1,1,65,65,65,16770,64,64,64,64,64,16512,16384,1,1,2939,2939,2939,379046,2938,2938,2938,2938,2938,2938,376064,2938,2938
csv,12,1,291172083,262404489,262404591,262404627,262418832,262418869,262418965,262419019,262419090,262419199,262419249,262434144,262434147,262434282,291172247,291172286,294140403,294140425,295738234,295727118,295727174,295738232,295738229,294128765,294128771,294134150,294134158,294140353,294140350,294134147,295742301,295742319,399993843,399993973,399994009,400000121,399977750,399977820,399977841,399977881,399978016,399978063,399993426,399993562,399993631
bb_id,12,1,305,306,307,308,309,310,312,313,314,315,316,317,318,320,328,329,330,331,332,333,334,335,336,337,338,339,340,341,342,343,354,355,357,358,359,360,361,363,364,365,366,367,368,369,371
bbv,12,2,1,7353,7353,7353,948537,7353,7353,7353,7353,7353,7353,941204,7354,7354,1,1,1,1,1,64,64,64,16512,64,64,64,64,64,16512,16384,1,1,3249,3249,3249,419121,3249,3249,3249,3249,3249,3249,415756,3248,3248
csv,12,2,291172080,240571014,240571179,240571248,240587031,240587069,240587216,240587234,240587276,240587443,240587637,240604590,240604593,240604827,291172205,291172211,294140367,294140385,295606908,295588121,295588177,295606834,295606711,294079194,294079200,294091776,294091826,294103480,294103477,294091773,295742039,295742075,399983664,399983796,399983832,399997868,399997904,399997973,399998061,399998101,399998170,399998249,400000021,399983548,399983584
bb_id,12,2,305,306,307,308,309,310,312,313,314,315,316,317,318,320,328,329,330,331,332,333,334,335,336,337,338,339,340,341,342,343,354,355,357,358,359,360,361,363,364,365,366,367,368,369,371
bbv,12,3,1,8594,8594,8594,1108626,8594,8594,8594,8594,8594,8594,1100032,8594,8595,1,1,1,1,1,64,64,64,16512,64,64,64,64,64,16512,16384,1,1,2654,2654,2654,342309,2653,2653,2653,2653,2653,2653,339584,2653,2653
csv,12,3,291172077,290739429,290739459,290739606,290746833,290746835,290746970,290746988,290746994,290747017,290747097,290755035,290755038,290755113,291172283,291172289,294140417,294140421,295708649,295689166,295689270,295708455,295708356,294005434,294005503,294026918,294026974,294048810,294048786,294026819,295742134,295742176,399990284,399990382,399990419,400000054,399970683,399970719,399970840,399970879,399970947,399971026,399989830,399989934,399990038
bb_id,12,3,305,306,307,308,309,310,312,313,314,315,316,317,318,320,328,329,330,331,332,333,334,335,336,337,338,339,340,341,342,343,354,355,357,358,359,360,361,363,364,365,366,367,368,369,371
bbv,13,0,11629,11629,11629,1500019,11628,11628,11628,11628,11628,11628,1488429,11629,11629
csv,13,0,399999072,399999202,399999306,400000037,399978494,399978611,399978767,399978908,399979044,399979057,399998753,399998823,399998893
bb_id,13,0,357,358,359,360,361,363,364,365,366,367,368,369,371
bbv,13,1,11412,11412,11412,1472191,11412,11412,11412,11412,11412,11412,1460736,11412,11412
csv,13,1,399990134,399990264,399990300,400000070,399973091,399973161,399973317,399973458,399973527,399973776,399989751,399989887,399990056
bb_id,13,1,357,358,359,360,361,363,364,365,366,367,368,369,371
bbv,13,2,12408,12408,12408,1600617,12407,12407,12407,12407,12407,12407,1588212,12408,12408
csv,13,2,399984100,399984163,399984200,400000103,399968588,399968624,399968746,399968785,399968920,399968966,399984015,399984051,399984054
bb_id,13,2,357,358,359,360,361,363,364,365,366,367,368,369,371
bbv,13,3,10318,10318,10318,1331079,10319,10319,10319,10319,10319,10319,1320735,10318,10318
csv,13,3,399978540,399978675,399978712,399994751,399995021,399995158,399995279,399995318,399995386,399995533,400000004,399978187,399978358
bb_id,13,3,357,358,359,360,361,363,364,365,366,367,368,369,371
bbv,14,0,1,1,1,1,7,7,7,5722,5722,5722,155323,5722,5718,5722,11436,6,6,6,6,6,1,1,7,1,1,5,7,7,7,7,7,6,6,6,6,6,6,6,6,6,6,6,6,6,6,6,1434,1434,1434,40311,1434,1434,1434,1330,1330,1330,38192,1330,1434,1434,1434,1403,1403,38776,1403,1434,1434,1434,1403,1403,38776,1403,1434,1434,1434,1403,1403,38776,1403,1434,1434,1636,1636,1636,2804,6,6,6,1365,1365,1365,38814,1365,1365,1365,1364,1364,1364,37448,1364,1,1365,2,19,19,19,19,19,19,19,19,208,208,208,25748,191,191,191,191,191,24958,24576,7,7,7,5461,5461,5461,5461,5461,599186,604647,6,6,6,3270,3270,3270,269441,3270,3270,3270,3266,3266,1667,213376,1667,1603,3270,105488
csv,14,0,73096475,73096478,73096461,73096465,366795366,366795441,372440001,372439665,372439685,372439688,372439976,372439978,372439980,372439995,372439992,394203377,356546737,356841605,356841609,356841610,73096496,73096498,333925557,333928654,333928662,366795255,333922815,333924480,333925524,333925528,333925529,356841633,366500290,366795158,366795162,366795163,372440055,372440064,394203340,394203343,394203346,394203350,394203351,372440110,372440221,394203305,392640103,392640123,392640188,392642019,392642021,392642079,392642102,392642128,392642152,392642273,392643901,392644020,392644022,392644053,392644209,392644265,392644269,392646255,392646257,392646259,392646323,392646338,392646394,392646398,392648938,392648995,392648997,392649193,392649232,392649257,392649287,392652077,392652079,392652205,392652359,392652356,392649189,392646286,392644049,356841735,356841745,366500248,366497899,366497929,366497932,366499021,366499023,366499026,366499044,366499050,366499073,366499087,366500239,366500242,333927171,366500245,333927331,366500307,366795153,366795154,366500343,366500346,366689547,366689555,366785496,366782132,366782140,366785446,366785443,366675264,366675294,366681383,366681412,366686670,366686580,366681311,333922870,333922873,333924425,333922891,333922921,333923230,333923363,333923841,333923800,333923203,394203436,394203712,356546684,399993446,399993544,399993617,400000059,399979393,399979497,399979551,399979623,399979691,42488788,42498553,42498556,399979762,399993399,399993291
bb_id,14,0,33,35,40,42,105,106,107,108,109,110,111,112,113,114,115,142,144,146,148,150,151,152,153,154,155,156,178,180,182,184,186,187,189,191,193,195,196,198,199,201,203,205,207,208,209,210,211,212,213,214,215,217,218,219,220,221,222,223,224,225,226,227,228,229,230,231,232,233,234,235,236,237,238,239,240,241,242,243,244,245,246,247,248,249,250,303,304,305,306,307,308,309,310,312,313,314,315,316,317,318,319,320,321,323,325,327,328,329,330,331,332,333,334,335,336,337,338,339,340,341,342,343,344,345,346,347,348,349,350,351,352,353,354,355,356,357,358,359,360,361,363,364,365,366,367,368,369,370,371,372
bbv,14,1,7,7,7,5722,5722,5722,155323,5722,5718,5722,11436,6,6,6,1428,1428,1428,40242,1428,1428,1428,1328,1328,1328,38144,1328,1428,1428,1428,1400,1400,38720,1400,1428,1428,1428,1400,1400,38720,1400,1428,1428,1428,1400,1400,38720,1400,1428,1428,1616,1616,1616,2768,6,6,6,1365,1365,1365,38814,1365,1365,1365,1364,1364,1364,37448,1364,1,1365,2,19,19,19,19,19,208,208,208,25748,191,191,191,191,191,24958,24576,7,7,7,5461,5461,5461,5461,5461,599186,604647,6,6,6,3614,3614,3614,315151,3614,3614,3614,3610,3610,2034,260352,2034,1580,3614,102544
csv,14,1,366795321,366795323,372440007,372178376,372178407,372178439,372179438,372179484,372179510,372179559,372179543,372440156,372440240,394203308,394167391,394167435,394167462,394168984,394168986,394169020,394169074,394169131,394169186,394169221,394171439,394171472,394171536,394171629,394171675,394171731,394171766,394174077,394174110,394174174,394174300,394174344,394174388,394174417,394176002,394176035,394176037,394176099,394176145,394176201,394176205,394178052,394178078,394178104,394178158,394178155,394176095,394174263,394171594,356841684,356841755,366500251,365960230,365960293,365960398,365964769,365964771,365964882,365964936,365965014,365965181,365965303,365969490,365969638,333927177,365969851,333927445,366500724,366500787,366689569,366689577,366794144,366790876,366790908,366794118,366794091,366683581,366683632,366687009,366687017,366689519,366689516,366686982,333923124,333923206,333924431,333923296,333923431,333923922,333924065,333924419,333924416,333923879,394203617,394203694,356546690,399999897,399999993,400000095,399980100,399980273,399980616,399980911,399980952,399981123,55446765,55454845,55454848,399981297,399999852,399999750
bb_id,14,1,105,106,107,108,109,110,111,112,113,114,115,208,209,210,211,212,213,214,215,217,218,219,220,221,222,223,224,225,226,227,228,229,230,231,232,233,234,235,236,237,238,239,240,241,242,243,244,245,246,247,248,249,250,303,304,305,306,307,308,309,310,312,313,314,315,316,317,318,319,320,321,328,329,330,331,332,333,334,335,336,337,338,339,340,341,342,343,344,345,346,347,348,349,350,351,352,353,354,355,356,357,358,359,360,361,363,364,365,366,367,368,369,370,371,372
bbv,14,2,7,7,7,5722,5722,5722,155323,5722,5718,5722,11436,6,6,6,1428,1428,1428,40242,1428,1428,1428,1328,1328,1328,38144,1328,1428,1428,1428,1400,1400,38720,1400,1428,1428,1428,1400,1400,38720,1400,1428,1428,1428,1400,1400,38720,1400,1428,1428,1616,1616,1616,2768,6,6,6,1365,1365,1365,38814,1365,1365,1365,1364,1364,1364,37448,1364,1,1365,2,19,17,19,19,19,191,191,191,24958,189,189,189,189,189,24950,24572,7,7,7,5461,5461,5461,5461,5461,599186,604647,6,6,6,2323,2323,2323,147630,2323,2323,2323,2319,2319,728,93184,728,1595,2323,104464
csv,14,2,366795399,366795443,372440004,372235067,372235096,372235099,372235604,372235615,372235626,372235668,372235656,372440305,372440324,394203311,392529440,392529484,392529590,392532032,392532096,392532163,392532217,392532305,392532360,392532395,392535227,392535288,392535383,392535533,392535574,392535630,392535665,392538721,392538840,392538873,392538997,392539184,392539240,392539306,392543221,392543378,392543411,392543568,392543616,392543672,392543786,392546844,392546935,392546961,392547101,392547074,392543438,392538962,392535498,356841806,356841976,366500254,365929009,365929075,365929150,365932192,365932299,365932335,365932419,365932458,365932586,365932666,365937463,365937667,333927174,365937970,333927291,366500667,366500784,366689591,366689651,366773114,366767919,366767999,366772961,366772886,366679812,366679860,366685210,366685218,366688700,366688697,366685138,333922976,333923165,333924422,333923227,333923260,333923882,333923919,333924344,333924341,333923838,394203495,394203513,356546693,399999243,399999376,399999447,400000026,399984222,399984330,399984421,399984462,399984567,23445521,23462111,23462247,399984710,399999198,399999162
bb_id,14,2,105,106,107,108,109,110,111,112,113,114,115,208,209,210,211,212,213,214,215,217,218,219,220,221,222,223,224,225,226,227,228,229,230,231,232,233,234,235,236,237,238,239,240,241,242,243,244,245,246,247,248,249,250,303,304,305,306,307,308,309,310,312,313,314,315,316,317,318,319,320,321,328,329,330,331,332,333,334,335,336,337,338,339,340,341,342,343,344,345,346,347,348,349,350,351,352,353,354,355,356,357,358,359,360,361,363,364,365,366,367,368,369,370,371,372
bbv,14,3,7,7,7,5722,5722,5722,155323,5722,5718,5722,11436,6,6,6,1428,1428,1428,40242,1428,1428,1428,1328,1328,1328,38144,1328,1428,1428,1428,1400,1400,38720,1400,1428,1428,1428,1400,1400,38720,1400,1428,1428,1428,1400,1400,38720,1400,1428,1428,1616,1616,1616,2768,6,6,6,1365,1365,1365,38814,1365,1365,1365,1364,1364,1364,37448,1364,1,1365,2,19,17,19,19,19,191,191,191,24958,189,189,189,189,189,24950,24572,7,7,7,5461,5461,5461,5461,5461,599186,604647,6,6,6,4950,4950,4950,490263,4949,4949,4949,4945,4945,3412,436833,3413,1537,4950,97040
csv,14,3,366795288,366795325,372439998,372226843,372226863,372226884,372227415,372227435,372227437,372227470,372227467,372440202,372440259,394203302,394198163,394198183,394198186,394198978,394198980,394198983,394199006,394199032,394199056,394199060,394200052,394200054,394200056,394200087,394200102,394200127,394200131,394201123,394201125,394201127,394201158,394201173,394201198,394201202,394202194,394202196,394202198,394202229,394202244,394202269,394202273,394203265,394203267,394203269,394203299,394203296,394202225,394201154,394200083,356841869,356841921,366500257,366435721,366435751,366435790,366437455,366437457,366437532,366437550,366437556,366437579,366437629,366439306,366439309,333927180,366439312,333927482,366500760,366500790,366689533,366689551,366795133,366792979,366793011,366795131,366795128,366668470,366668560,366675205,366675213,366679539,366679470,366675175,333923069,333923209,333924428,333923278,333923326,333923731,333923959,333924347,333924272,333923690,394203676,394203730,356546687,399987105,399987380,399987628,400000092,399959441,399959615,399959910,399960087,399960260,68522287,68526639,68526642,399960298,399986848,399986565
bb_id,14,3,105,106,107,108,109,110,111,112,113,114,115,208,209,210,211,212,213,214,215,217,218,219,220,221,222,223,224,225,226,227,228,229,230,231,232,233,234,235,236,237,238,239,240,241,242,243,244,245,246,247,248,249,250,303,304,305,306,307,308,309,310,312,313,314,315,316,317,318,319,320,321,328,329,330,331,332,333,334,335,336,337,338,339,340,341,342,343,344,345,346,347,348,349,350,351,352,353,354,355,356,357,358,359,360,361,363,364,365,366,367,368,369,370,371,372
bbv,15,0,1,1,1,1,1,1,1,1,1,1,1,1,1,1,1,1,1,1,1,1,1,4161,4161,4161,270465,4161,4161,4161,4161,4161,4161,266304,4161,4161,4161,4161,4161,4161,266304,4161,4161,4161,4161,4161,4161,266304,4161,4161,4161,4161,4161,4161,266304,4161,4161,4161,4161,4161,4161,4161,1,1,1,4096,4096,4096,266240,4096,4096,4096,4096,4096,4096,262144,4096,4096,2,2,2,2,2,2,2,2,66,66,66,8580,64,64,64,64,64,8320,8192,1,1,1,5489,5489,5489,461304,5490,5490,5490,5490,5490,1633,208903,1632,3857,5489,493696
csv,15,0,346329838,104680958,105835538,105835542,105835543,181799876,105835566,180645199,181799779,181799783,181799784,181799924,181799933,346329801,346329804,346329807,346329811,346329812,181800071,181800193,346329772,334504019,334504039,334504042,334507687,334507813,334507878,334507901,334507927,334507951,334508079,334512830,334512951,334513060,334513146,334513161,334513296,334513300,334518228,334518230,334518232,334518387,334518561,334518586,334518754,334525209,334525211,334525213,334525306,334525321,334525346,334525350,334529318,334529320,334529353,334529418,334529380,334525240,334518383,334513087,105835668,105835688,180645157,180640600,180640630,180640633,180642778,180642780,180642783,180642801,180642807,180642830,180642844,180645148,180645151,180645154,180645216,181799774,181799775,180645288,180645294,181392138,181392170,181764012,181752842,181752850,181763890,181763767,181353332,181353401,181364619,181364693,181373611,181373560,181364592,346329956,346330004,104680905,399983508,399983637,399983640,399997998,399998238,399998275,399998466,399998574,399998745,399998962,400000084,399983394,93602024,399983430,93616160
bb_id,15,0,142,144,146,148,150,156,187,189,191,193,195,196,198,199,201,203,205,207,208,209,210,211,212,213,214,215,217,218,219,220,221,222,223,224,225,226,227,228,229,230,231,232,233,234,235,236,237,238,239,240,241,242,243,244,245,246,247,248,249,250,303,304,305,306,307,308,309,310,312,313,314,315,316,317,318,320,323,325,327,328,329,330,331,332,333,334,335,336,337,338,339,340,341,342,343,354,355,356,357,358,359,360,361,363,364,365,366,367,368,369,370,371,372
bbv,15,1,1,1,1,4160,4160,4160,270400,4160,4160,4160,4160,4160,4160,266240,4160,4160,4160,4160,4160,4160,266240,4160,4160,4160,4160,4160,4160,266240,4160,4160,4160,4160,4160,4160,266240,4160,4160,4160,4160,4160,4160,4160,1,1,1,4096,4096,4096,266240,4096,4096,4096,4096,4096,4096,262144,4096,4096,2,2,2,2,2,66,66,66,8580,64,64,64,64,64,8320,8192,1,1,1,5358,5358,5358,442991,5359,5359,5359,5359,5359,1479,189294,1478,3880,5358,496640
csv,15,1,181800025,181800155,346329763,345712656,345712691,345712694,345715585,345715618,345715621,345715675,345715701,345715756,345715760,345718939,345718972,345719005,345719098,345719144,345719200,345719235,345723155,345723181,345723207,345723262,345723301,345723350,345723378,345727290,345727354,345727418,345727573,345727650,345727737,345727772,345731416,345731418,345731451,345731543,345731509,345727507,345723258,345719063,105835739,105835824,180645160,177574750,177574888,177574999,177581920,177581922,177582024,177582174,177582213,177582269,177582316,177589567,177589606,177589741,180645342,180645384,181392166,181392178,181772336,181762703,181762807,181772214,181772115,181386296,181386302,181388993,181389001,181392124,181392121,181388990,346330122,346330152,104680914,399973038,399973102,399973139,399987468,399987569,399987671,399987791,399987896,399987997,399988109,400000050,399972922,99364597,399972959,99371985
bb_id,15,1,208,209,210,211,212,213,214,215,217,218,219,220,221,222,223,224,225,226,227,228,229,230,231,232,233,234,235,236,237,238,239,240,241,242,243,244,245,246,247,248,249,250,303,304,305,306,307,308,309,310,312,313,314,315,316,317,318,320,328,329,330,331,332,333,334,335,336,337,338,339,340,341,342,343,354,355,356,357,358,359,360,361,363,364,365,366,367,368,369,370,371,372
bbv,15,2,1,1,1,4160,4160,4160,270400,4160,4160,4160,4160,4160,4160,266240,4160,4160,4160,4160,4160,4160,266240,4160,4160,4160,4160,4160,4160,266240,4160,4160,4160,4160,4160,4160,266240,4160,4160,4160,4160,4160,4160,4160,1,1,1,4096,4096,4096,266240,4096,4096,4096,4096,4096,4096,262144,4096,4096,2,2,2,2,2,64,64,64,8320,64,64,64,64,64,8320,8192,1,1,1,5541,5541,5541,467553,5542,5542,5542,5542,5542,1677,214542,1676,3865,5541,494720
csv,15,2,181800117,181800174,346329766,333917495,333917887,333918138,333927502,333927645,333927679,333927757,333927845,333928010,333928069,333933001,333933096,333933129,333933377,333933485,333933572,333933607,333941300,333941357,333941440,333941586,333941690,333941715,333941813,333946867,333946986,333946988,333947105,333947213,333947324,333947359,333953252,333953402,333953435,333953582,333953493,333947046,333941558,333933311,105835617,105835678,180645166,174281146,174281212,174281251,174288559,174288765,174288801,174288888,174288927,174289019,174289135,174298816,174299035,174299146,180645252,180645291,181392152,181392174,181781866,181775142,181775150,181781864,181781861,181369916,181369967,181377820,181377912,181382988,181382985,181377817,346329897,346329974,104680908,399971058,399971292,399971431,399995389,399995525,399995764,399996021,399996331,399996703,399996986,400000016,399970805,95111967,399970842,95120427
bb_id,15,2,208,209,210,211,212,213,214,215,217,218,219,220,221,222,223,224,225,226,227,228,229,230,231,232,233,234,235,236,237,238,239,240,241,242,243,244,245,246,247,248,249,250,303,304,305,306,307,308,309,310,312,313,314,315,316,317,318,320,328,329,330,331,332,333,334,335,336,337,338,339,340,341,342,343,354,355,356,357,358,359,360,361,363,364,365,366,367,368,369,370,371,372
bbv,15,3,1,1,1,4160,4160,4160,270400,4160,4160,4160,4160,4160,4160,266240,4160,4160,4160,4160,4160,4160,266240,4160,4160,4160,4160,4160,4160,266240,4160,4160,4160,4160,4160,4160,266240,4160,4160,4160,4160,4160,4160,4160,1,1,1,4096,4096,4096,266240,4096,4096,4096,4096,4096,4096,262144,4096,4096,2,2,2,2,2,64,64,64,8320,64,64,64,64,64,8320,8192,1,1,1,5275,5275,5275,429474,5276,5276,5276,5276,5276,1353,173111,1352,3923,5275,502144
csv,15,3,181799979,181800136,346329769,346319888,346319908,346319911,346321471,346321473,346321476,346321499,346321525,346321549,346321553,346323537,346323539,346323541,346323572,346323587,346323612,346323616,346325600,346325602,346325604,346325635,346325650,346325675,346325679,346327663,346327665,346327667,346327698,346327713,346327738,346327742,346329726,346329728,346329730,346329760,346329757,346327694,346325631,346323568,105835814,105835834,180645163,180468193,180468223,180468292,180472282,180472284,180472395,180472413,180472491,180472514,180472600,180476581,180476584,180476653,180645378,180645381,181392192,181392196,181799754,181796621,181796629,181799752,181799749,181323496,181323568,181336529,181336624,181345899,181345851,181336460,346330063,346330230,104680911,399976069,399976132,399976202,399993969,399994037,399994074,399994095,399994235,399994371,399994518,400000118,399975921,104676419,399975957,104680899
bb_id,15,3,208,209,210,211,212,213,214,215,217,218,219,220,221,222,223,224,225,226,227,228,229,230,231,232,233,234,235,236,237,238,239,240,241,242,243,244,245,246,247,248,249,250,303,304,305,306,307,308,309,310,312,313,314,315,316,317,318,320,328,329,330,331,332,333,334,335,336,337,338,339,340,341,342,343,354,355,356,357,358,359,360,361,363,364,365,366,367,368,369,370,371,372
bbv,16,0,12068,12068,12068,1556677,12067,12067,12067,12067,12067,12067,1544697,12068,12068
csv,16,0,399996198,399996261,399996270,400000011,399980562,399980644,399980698,399980804,399980939,399980985,399995989,399996093,399996165
bb_id,16,0,357,358,359,360,361,363,364,365,366,367,368,369,371
bbv,16,1,11015,11015,11015,1420842,11014,11014,11014,11014,11014,11014,1409810,11015,11015
csv,16,1,399995621,399995752,399995788,400000078,399977267,399977371,399977460,399977500,399977636,399977683,399995335,399995472,399995576
bb_id,16,1,357,358,359,360,361,363,364,365,366,367,368,369,371
bbv,16,2,12572,12572,12572,1621788,12572,12572,12572,12572,12572,12572,1609233,12572,12572
csv,16,2,399979688,399979853,399979990,399995855,399995991,399996096,399996186,399996267,399996404,399996450,400000045,399979640,399979643
bb_id,16,2,357,358,359,360,361,363,364,365,366,367,368,369,371
bbv,16,3,10113,10113,10113,1304562,10112,10112,10112,10112,10112,10112,1294409,10113,10113
csv,16,3,399980607,399980728,399980765,400000111,399958046,399958184,399958306,399958413,399958482,399958596,399979920,399980093,399980428
bb_id,16,3,357,358,359,360,361,363,364,365,366,367,368,369,371
bbv,17,0,1,1,1,1,1,1,1,7006,7006,7006,903774,7006,7006,7006,7006,7006,7006,896643,7005,7005,1,1,1,1,1,1,1,1,65,65,65,16770,64,64,64,64,64,16512,16384,1,2683,2683,2683,346202,2684,2684,2684,2684,2684,2684,343552,2684,2684
csv,17,0,119114613,123684361,123684365,123684366,123684389,123684542,123684562,399978525,399978588,399978696,399999033,399999176,399999284,399999338,399999380,399999403,399999522,400000017,399978231,399978408,119114630,123684356,123684357,119114702,119114705,122082878,122082882,123550994,123536551,123536559,123550992,123550989,121929290,121929434,121954114,121954146,121973185,121973161,121954048,119114563,79117597,79117627,79117698,79127151,79127153,79127222,79127243,79127282,79127317,79127330,79136005,79136008,79136011
bb_id,17,0,144,146,148,150,187,303,304,306,307,308,309,310,312,313,314,315,316,317,318,320,323,325,327,328,329,330,331,332,333,334,335,336,337,338,339,340,341,342,343,356,357,358,359,360,361,363,364,365,366,367,368,369,371
bbv,17,1,1,1,8001,8001,8001,1032129,8001,8001,8001,8001,8001,8001,1024029,8000,8000,1,1,1,1,1,65,65,65,16770,64,64,64,64,64,16512,16384,1,3890,3890,3890,501903,3891,3891,3891,3891,3891,3891,498048,3891,3891
csv,17,1,123684613,123684657,399982290,399982389,399982428,399996660,399996695,399996800,399996920,399997028,399997153,399997200,400000053,399982173,399982212,119114804,119114810,122082900,122082904,123606535,123596595,123596627,123606197,123606170,122057913,122057919,122068971,122069021,122080207,122080204,122068968,119114566,107813992,107814055,107814091,107821813,107821848,107821884,107821938,107821977,107822045,107822091,107831137,107831140,107831177
bb_id,17,1,303,304,306,307,308,309,310,312,313,314,315,316,317,318,320,328,329,330,331,332,333,334,335,336,337,338,339,340,341,342,343,356,357,358,359,360,361,363,364,365,366,367,368,369,371
bbv,17,2,1,1,8443,8443,8443,1089147,8443,8443,8443,8443,8443,8443,1080679,8442,8442,1,1,1,1,1,64,64,64,16512,64,64,64,64,64,16512,16384,1,2135,2135,2135,275415,2135,2135,2135,2135,2135,2135,273377,2136,2136
csv,17,2,123684440,123684552,399974061,399974199,399974238,399987120,399987122,399987227,399987347,399987422,399987511,399987594,400000089,399974010,399974013,119114666,119114708,122082864,122082886,123433560,123413846,123413950,123433486,123433315,122060919,122060925,122073428,122073460,122082850,122082847,122073425,119114569,68191037,68191266,68191303,68206678,68206848,68206952,68207006,68207147,68207283,68207431,68222552,68222589,68222691
bb_id,17,2,303,304,306,307,308,309,310,312,313,314,315,316,317,318,320,328,329,330,331,332,333,334,335,336,337,338,339,340,341,342,343,356,357,358,359,360,361,363,364,365,366,367,368,369,371
bbv,17,3,1,1,7315,7315,7315,943572,7314,7314,7314,7314,7314,7314,936192,7314,7314,1,1,1,1,1,64,64,64,16512,64,64,64,64,64,16512,16384,1,4918,4918,4918,634437,4919,4919,4919,4919,4919,4919,629632,4919,4919
csv,17,3,123684491,123684623,399987705,399987870,399988143,400000122,399961361,399961601,399961856,399961964,399962058,399962177,399987329,399987416,399987547,119114768,119114807,122082918,122082922,123684336,123678131,123678139,123684334,123684331,121939037,121939043,121964651,121964776,121983012,121982937,121964603,119114560,119105829,119105859,119105862,119110119,119110121,119110124,119110145,119110151,119110186,119110199,119114551,119114554,119114557
bb_id,17,3,303,304,306,307,308,309,310,312,313,314,315,316,317,318,320,328,329,330,331,332,333,334,335,336,337,338,339,340,341,342,343,356,357,358,359,360,361,363,364,365,366,367,368,369,371
bbv,18,0,1,1,1,1,1,1,1,1,9378,9378,9378,1209762,9378,9378,9378,9378,9378,9378,1200509,9379,9379,1,1,1,1,1,1,1,1,65,65,65,16770,64,64,64,64,64,16512,16384,1,1,2397,2397,2397,309135,2396,2396,2396,2396,2396,2396,306688,2396,2396
csv,18,0,316898687,316898713,316898680,312328908,316898656,316898660,316898661,312328866,312176919,312176949,312176952,312186855,312186857,312186932,312186950,312187100,312187123,312187281,312196317,312196320,312196455,312328925,316898651,316898652,312328961,312329000,315297159,315297163,316898631,316892426,316892434,316898629,316898626,315210093,315210099,315234430,315234528,315254783,315254696,315234337,316898772,316898849,399993191,399993321,399993357,400000109,399978103,399978173,399978228,399978268,399978468,399978548,399992773,399992943,399993046
bb_id,18,0,37,142,157,189,191,193,195,305,306,307,308,309,310,312,313,314,315,316,317,318,320,323,325,327,328,329,330,331,332,333,334,335,336,337,338,339,340,341,342,343,354,355,357,358,359,360,361,363,364,365,366,367,368,369,371
bbv,18,1,1,8383,8383,8383,1081407,8383,8383,8383,8383,8383,8383,1073123,8384,8384,1,1,1,1,1,65,65,65,16770,64,64,64,64,64,16512,16384,1,1,2318,2318,2318,299022,2318,2318,2318,2318,2318,2318,296644,2317,2317
csv,18,1,312328872,285867033,285867135,285867246,285882657,285882695,285882842,285882968,285883118,285883249,285883371,285899625,285899844,285899883,312329063,312329102,315297195,315297213,316828593,316808567,316808695,316828447,316828372,315285557,315285563,315290942,315290950,315297145,315297142,315290939,316898985,316899057,399971880,399971944,399972014,399989847,399989882,399989952,399990073,399990212,399990280,399990393,400000008,399971730,399971733
bb_id,18,1,305,306,307,308,309,310,312,313,314,315,316,317,318,320,328,329,330,331,332,333,334,335,336,337,338,339,340,341,342,343,354,355,357,358,359,360,361,363,364,365,366,367,368,369,371
bbv,18,2,1,7941,7941,7941,1024389,7941,7941,7941,7941,7941,7941,1016473,7942,7942,1,1,1,1,1,64,64,64,16512,64,64,64,64,64,16512,16384,1,1,2606,2606,2606,336174,2606,2606,2606,2606,2606,2606,333469,2605,2605
csv,18,2,312328875,257933661,257933832,257933871,257948751,257948888,257948960,257949080,257949119,257949211,257949327,257964156,257964297,257964438,312328997,312329003,315297177,315297181,316881940,316871976,316871984,316881554,316881551,315239577,315239607,315260141,315260149,315271602,315271599,315260138,316898831,316898867,399982654,399982750,399982787,399996583,399996652,399996688,399996742,399996848,399996984,399997097,400000076,399982438,399982542
bb_id,18,2,305,306,307,308,309,310,312,313,314,315,316,317,318,320,328,329,330,331,332,333,334,335,336,337,338,339,340,341,342,343,354,355,357,358,359,360,361,363,364,365,366,367,368,369,371
bbv,18,3,1,9069,9069,9069,1169964,9070,9070,9070,9070,9070,9070,1160960,9070,9070,1,1,1,1,1,64,64,64,16512,64,64,64,64,64,16512,16384,1,1,2189,2189,2189,282381,2189,2189,2189,2189,2189,2189,280078,2188,2188
csv,18,3,312328869,312319893,312319923,312319926,312324183,312324185,312324188,312324206,312324212,312324235,312324249,312328857,312328860,312328863,312329099,312329105,315297209,315297217,316865825,316852174,316852182,316865823,316865748,315058654,315058705,315082817,315082957,315102270,315102246,315082724,316898926,316899003,399973471,399973534,399973570,399997050,399997133,399997270,399997325,399997432,399997635,399997749,400000042,399973155,399973358
bb_id,18,3,305,306,307,308,309,310,312,313,314,315,316,317,318,320,328,329,330,331,332,333,334,335,336,337,338,339,340,341,342,343,354,355,357,358,359,360,361,363,364,365,366,367,368,369,371
bbv,19,0,11507,11507,11507,1484481,11508,11508,11508,11508,11508,11508,1472917,11507,11507
csv,19,0,399982359,399982489,399982525,399997454,399997523,399997560,399997615,399997722,399997925,399997972,400000002,399981977,399982114
bb_id,19,0,357,358,359,360,361,363,364,365,366,367,368,369,371
bbv,19,1,11281,11281,11281,1455212,11280,11280,11280,11280,11280,11280,1443900,11281,11281
csv,19,1,399986946,399987010,399987080,400000069,399967936,399968040,399968094,399968167,399968235,399968316,399986692,399986729,399986799
bb_id,19,1,357,358,359,360,361,363,364,365,366,367,368,369,371
bbv,19,2,12571,12571,12571,1621659,12571,12571,12571,12571,12571,12571,1609172,12571,12571
csv,19,2,399969918,399970016,399970120,399984984,399985159,399985250,399985378,399985417,399985485,399985531,400000036,399969769,399969806
bb_id,19,2,357,358,359,360,361,363,364,365,366,367,368,369,371
bbv,19,3,10407,10407,10407,1342503,10407,10407,10407,10407,10407,10407,1332174,10407,10407
csv,19,3,399966633,399966797,399966834,399984851,399985053,399985123,399985213,399985323,399985600,399985646,400000103,399966585,399966621
bb_id,19,3,357,358,359,360,361,363,364,365,366,367,368,369,371
bbv,20,0,1,1,1,1,1,7,7,7,5722,5722,5722,155323,5722,5718,5722,11436,5,6,6,6,6,1,1,7,1,1,5,7,7,7,7,7,6,6,6,6,6,6,6,5,5,5,5,5,6,6,5,712,712,712,16485,712,712,712,608,608,608,15088,608,712,712,712,681,681,15672,681,712,712,712,681,681,15661,680,711,711,711,680,680,15640,680,711,711,913,913,914,2082,6,6,6,1365,1365,1365,38814,1365,1365,1365,1364,1364,1364,37448,1364,1,1365,2,19,19,19,19,19,19,19,19,208,208,208,25748,191,191,191,191,191,24958,24576,7,7,7,5461,5461,5461,5461,5461,599186,604647,5,5,6,3844,3844,3844,358732,3844,3844,3844,3840,3840,2480,317547,2481,1364,3845,74896
csv,20,0,94253279,94253283,94253286,94253265,94253269,387952096,387952197,393596809,393596473,393596493,393596496,393596784,393596786,393596788,393596803,393596800,363584269,377703545,377998413,377998417,377998418,94253304,94253306,355082365,355085462,355085470,387952063,355079623,355081288,355082332,355082336,355082337,377998441,387657098,387951966,387951970,387951971,393596863,393596872,363584232,363584235,363584238,363584242,363584243,393596964,393597082,363584200,399976358,399976409,399976753,399981438,399981532,399981562,399981638,399981761,399981916,399982054,399988407,399988657,399988845,399989403,399989577,399989846,399990097,399996400,399996561,399996717,399996941,399997121,399997349,399997436,400000029,399968357,399968610,399968793,399968924,399969108,399969373,399975286,399975536,399975848,399976126,399976030,399968701,399996872,399989151,377998655,377998739,387657056,387576455,387576629,387576632,387579154,387579156,387579159,387579177,387579244,387579267,387579353,387582748,387582751,355083979,387582833,355084139,387657115,387951961,387951962,387657151,387657154,387846369,387846377,387948628,387944289,387944345,387948626,387948551,387828906,387828981,387835271,387835300,387842002,387841972,387835184,355079678,355079681,355081236,355079699,355079729,355080038,355080141,355080532,355080491,355080017,363584450,363584578,377703492,376022361,376022391,376022472,376027237,376027344,376027420,376027523,376027559,376027772,65019153,65028197,65028233,376027808,376035492,376035421
bb_id,20,0,33,34,35,40,42,105,106,107,108,109,110,111,112,113,114,115,142,144,146,148,150,151,152,153,154,155,156,178,180,182,184,186,187,189,191,193,195,196,198,199,201,203,205,207,208,209,210,211,212,213,214,215,217,218,219,220,221,222,223,224,225,226,227,228,229,230,231,232,233,234,235,236,237,238,239,240,241,242,243,244,245,246,247,248,249,250,303,304,305,306,307,308,309,310,312,313,314,315,316,317,318,319,320,321,323,325,327,328,329,330,331,332,333,334,335,336,337,338,339,340,341,342,343,344,345,346,347,348,349,350,351,352,353,354,355,356,357,358,359,360,361,363,364,365,366,367,368,369,370,371,372
bbv,20,1,7,7,7,5722,5722,5722,155323,5722,5718,5722,11436,6,6,5,663,663,663,14975,662,662,662,562,562,562,13632,562,662,662,662,634,634,14208,634,662,662,662,634,634,14208,634,662,662,662,634,634,14208,634,662,662,850,850,850,2002,6,6,6,1365,1365,1365,38814,1365,1365,1365,1364,1364,1364,37448,1364,1,1365,2,19,19,19,19,19,208,208,208,25748,191,191,191,191,191,24958,24576,7,7,7,5461,5461,5461,5461,5461,599186,604647,5,5,6,4149,4149,4149,398114,4150,4150,4150,4146,4146,2786,356608,2786,1364,4150,74896
csv,20,1,387952195,387952201,393596815,393343687,393343761,393343773,393344685,393344714,393344734,393344830,393344827,393597323,393597438,363584197,399999110,399999154,399999157,400000053,399984277,399984311,399984396,399984484,399984539,399984636,399987615,399987741,399987774,399987929,399987975,399988124,399988159,399990597,399990692,399990787,399990849,399990957,399991013,399991048,399995329,399995424,399995488,399995612,399995720,399995807,399995842,399998848,399998874,399998931,399999040,399998982,399995577,399990845,399987832,377998604,377998677,387657059,387267119,387267185,387267296,387269900,387270034,387270103,387270187,387270259,387270381,387270527,387274679,387274826,355083988,387274865,355084290,387657307,387657370,387846391,387846451,387951941,387950344,387950352,387951939,387951936,387838259,387838265,387841244,387841276,387844740,387844737,387841241,355079932,355079979,355081239,355080074,355080201,355080730,355080942,355081227,355081224,355080727,363584649,363584700,377703501,377078716,377078746,377078784,377080893,377080961,377080997,377081084,377081123,377081191,80161228,80169654,80169690,377081227,377086263,377086225
bb_id,20,1,105,106,107,108,109,110,111,112,113,114,115,208,209,210,211,212,213,214,215,217,218,219,220,221,222,223,224,225,226,227,228,229,230,231,232,233,234,235,236,237,238,239,240,241,242,243,244,245,246,247,248,249,250,303,304,305,306,307,308,309,310,312,313,314,315,316,317,318,319,320,321,328,329,330,331,332,333,334,335,336,337,338,339,340,341,342,343,344,345,346,347,348,349,350,351,352,353,354,355,356,357,358,359,360,361,363,364,365,366,367,368,369,370,371,372
bbv,20,2,7,7,7,5722,5722,5722,155323,5722,5718,5722,11436,6,6,5,706,706,706,16407,705,705,705,605,605,605,15008,605,705,705,705,677,677,15584,677,705,705,705,677,677,15584,677,705,705,705,677,677,15584,677,705,705,893,893,893,2045,6,6,6,1365,1365,1365,38814,1365,1365,1365,1364,1364,1364,37448,1364,1,1365,2,19,17,19,19,19,191,191,191,24958,189,189,189,189,189,24950,24572,7,7,7,5461,5461,5461,5461,5461,599186,604647,5,5,6,2571,2571,2571,194515,2571,2571,2571,2567,2567,1207,154511,1208,1364,2572,74896
csv,20,2,387952129,387952199,393596806,393369350,393369373,393369400,393369889,393369891,393369902,393369944,393369932,393596918,393596983,363584203,399997763,399997814,399997896,400000101,399981564,399981615,399981709,399981735,399981785,399981837,399985008,399985072,399985198,399985446,399985492,399985641,399985800,399989399,399989405,399989562,399989850,399989971,399990093,399990194,399993700,399993702,399993735,399993921,399993936,399994054,399994151,399997324,399997351,399997432,399997662,399997518,399993824,399989821,399985380,377998492,377998502,387657065,387049501,387049573,387049681,387052919,387053059,387053095,387053113,387053221,387053277,387053393,387058121,387058162,355083982,387058294,355084099,387657427,387657496,387846341,387846373,387936830,387928261,387928389,387936804,387936657,387842056,387842062,387844681,387844689,387846327,387846324,387844678,355079784,355079935,355081233,355080035,355080104,355080649,355080686,355081155,355081152,355080570,363584509,363584560,377703495,376208946,376208976,376209071,376210991,376210993,376211064,376211085,376211126,376211161,38074694,38088995,38089032,376211164,376214883,376214880
bb_id,20,2,105,106,107,108,109,110,111,112,113,114,115,208,209,210,211,212,213,214,215,217,218,219,220,221,222,223,224,225,226,227,228,229,230,231,232,233,234,235,236,237,238,239,240,241,242,243,244,245,246,247,248,249,250,303,304,305,306,307,308,309,310,312,313,314,315,316,317,318,319,320,321,328,329,330,331,332,333,334,335,336,337,338,339,340,341,342,343,344,345,346,347,348,349,350,351,352,353,354,355,356,357,358,359,360,361,363,364,365,366,367,368,369,370,371,372
bbv,20,3,7,7,7,5722,5722,5722,155323,5722,5718,5722,11436,6,6,5,658,658,658,14831,657,657,657,557,557,557,13472,557,657,657,657,629,629,14048,629,657,657,657,629,629,14048,629,657,657,657,629,629,14048,629,657,657,845,845,845,1997,6,6,6,1365,1365,1365,38814,1365,1365,1365,1364,1364,1364,37448,1364,1,1365,2,19,17,19,19,19,191,191,191,24958,189,189,189,189,189,24950,24572,7,7,7,5461,5461,5461,5461,5461,599186,604647,5,5,6,5152,5152,5152,527464,5152,5152,5152,5148,5148,3788,484900,3789,1364,5153,74896
csv,20,3,387952162,387952203,393596812,393363854,393363892,393363895,393364419,393364421,393364441,393364465,393364462,393597029,393597063,363584194,399996763,399996814,399996875,400000077,399982716,399982860,399982969,399983019,399983160,399983188,399986048,399986081,399986207,399986424,399986470,399986526,399986592,399989670,399989703,399989736,399989854,399989900,399989956,399989975,399992722,399992786,399992788,399992912,399993082,399993107,399993204,399996462,399996495,399996528,399996684,399996619,399992846,399989794,399986389,377998553,377998687,387657062,387654707,387654737,387654740,387655829,387655831,387655834,387655852,387655858,387655881,387655895,387657047,387657050,355083985,387657053,355084253,387657343,387657367,387846355,387846395,387949233,387945096,387945176,387949207,387949204,387817585,387817636,387823541,387823621,387829350,387829347,387823424,355079877,355079976,355081230,355080056,355080171,355080689,355080767,355081083,355081011,355080608,363584328,363584346,377703498,377700054,377700084,377700087,377701176,377701178,377701181,377701202,377701208,377701243,89679091,89683443,89683446,377701246,377703489,377703486
bb_id,20,3,105,106,107,108,109,110,111,112,113,114,115,208,209,210,211,212,213,214,215,217,218,219,220,221,222,223,224,225,226,227,228,229,230,231,232,233,234,235,236,237,238,239,240,241,242,243,244,245,246,247,248,249,250,303,304,305,306,307,308,309,310,312,313,314,315,316,317,318,319,320,321,328,329,330,331,332,333,334,335,336,337,338,339,340,341,342,343,344,345,346,347,348,349,350,351,352,353,354,355,356,357,358,359,360,361,363,364,365,366,367,368,369,370,371,372
bbv,21,0,2,1,1,1,1,1,1,1,1,1,1,1,1,2,2,2,2,2,1,1,2,4883,4883,4883,294291,4883,4883,4883,4883,4883,4883,289408,4883,4883,4883,4883,4883,4883,289408,4883,4883,4883,4883,4883,4883,289419,4884,4884,4884,4884,4884,4884,289440,4884,4884,4884,4884,4884,4883,4883,1,1,1,4096,4096,4096,266240,4096,4096,4096,4096,4096,4096,262144,4096,4096,2,2,2,2,2,2,2,2,66,66,66,8580,64,64,64,64,64,8320,8192,2,2,1,5074,5074,5074,392402,5074,5074,5074,5074,5074,978,125117,977,4096,5073,524288
csv,21,0,367486640,125837760,126992340,126992344,126992345,202956678,126992368,201802001,202956581,202956585,202956586,202956726,202956735,367486603,367486606,367486609,367486613,367486614,202956827,202956976,367486571,355174342,355174362,355174489,355177661,355177663,355177697,355177720,355177746,355177863,355177867,355181443,355181469,355181471,355181574,355181589,355181614,355181666,355184610,355184660,355184662,355184717,355184780,355184805,355184857,355188955,355189019,355189021,355189176,355189191,355189216,355189282,355195547,355195611,355195613,355195674,355195671,355189172,355184713,355181570,126992419,126992490,201801959,201797402,201797432,201797435,201799580,201799582,201799585,201799603,201799609,201799632,201799646,201801950,201801953,201801956,201802018,202956576,202956577,201802054,201802129,202548976,202548994,202945557,202934037,202934069,202945555,202945456,202506129,202506204,202517509,202517637,202527198,202527129,202517386,367486758,367486794,125837707,399975528,399975591,399975660,399990022,399990092,399990231,399990388,399990496,399990565,399990680,400000078,399975381,115594281,399975417,115609556
bb_id,21,0,142,144,146,148,150,156,187,189,191,193,195,196,198,199,201,203,205,207,208,209,210,211,212,213,214,215,217,218,219,220,221,222,223,224,225,226,227,228,229,230,231,232,233,234,235,236,237,238,239,240,241,242,243,244,245,246,247,248,249,250,303,304,305,306,307,308,309,310,312,313,314,315,316,317,318,320,323,325,327,328,329,330,331,332,333,334,335,336,337,338,339,340,341,342,343,354,355,356,357,358,359,360,361,363,364,365,366,367,368,369,370,371,372
bbv,21,1,1,1,2,4925,4925,4925,295667,4926,4926,4926,4926,4926,4926,290752,4926,4926,4926,4926,4926,4926,290752,4926,4926,4926,4926,4926,4926,290752,4926,4926,4926,4926,4926,4926,290752,4926,4926,4926,4926,4926,4926,4926,1,1,1,4096,4096,4096,266240,4096,4096,4096,4096,4096,4096,262144,4096,4096,2,2,2,2,2,66,66,66,8580,64,64,64,64,64,8320,8192,2,2,1,4982,4982,4982,380415,4981,4981,4981,4981,4981,885,113280,885,4096,4981,524288
csv,21,1,202956781,202956846,367486568,367319112,367319156,367319183,367322567,367322600,367322634,367322688,367322745,367322800,367322835,367326510,367326543,367326576,367326638,367326653,367326709,367326713,367329906,367329939,367329941,367329974,367329991,367330016,367330047,367333443,367333445,367333478,367333540,367333555,367333611,367333615,367336701,367336703,367336736,367336797,367336763,367333505,367329970,367326603,126992565,126992626,201801968,198404783,198404885,198404993,198412208,198412246,198412254,198412308,198412338,198412434,198412556,198420647,198420683,198420785,201802126,201802135,202548958,202548962,202956556,202953423,202953431,202956554,202956551,202533626,202533632,202540036,202540086,202546091,202546088,202540033,367486853,367486954,125837713,399998503,399998667,399998838,400000111,399978389,399978425,399978513,399978620,399978755,399978901,399998182,399998353,120558127,399998457,120565182
bb_id,21,1,208,209,210,211,212,213,214,215,217,218,219,220,221,222,223,224,225,226,227,228,229,230,231,232,233,234,235,236,237,238,239,240,241,242,243,244,245,246,247,248,249,250,303,304,305,306,307,308,309,310,312,313,314,315,316,317,318,320,328,329,330,331,332,333,334,335,336,337,338,339,340,341,342,343,354,355,356,357,358,359,360,361,363,364,365,366,367,368,369,370,371,372
bbv,21,2,1,1,2,4882,4882,4882,294235,4883,4883,4883,4883,4883,4883,289376,4883,4883,4883,4883,4883,4883,289376,4883,4883,4883,4883,4883,4883,289376,4883,4883,4883,4883,4883,4883,289376,4883,4883,4883,4883,4883,4883,4883,1,1,1,4096,4096,4096,266240,4096,4096,4096,4096,4096,4096,262144,4096,4096,2,2,2,2,2,64,64,64,8320,64,64,64,64,64,8320,8192,2,2,1,5110,5110,5110,396996,5109,5109,5109,5109,5109,1013,129664,1013,4096,5109,524288
csv,21,2,202956892,202956995,367486574,355000677,355000852,355000948,355007564,355007721,355007817,355007933,355008021,355008138,355008173,355013598,355013624,355013653,355013783,355013861,355013906,355013961,355019022,355019048,355019097,355019202,355019269,355019349,355019353,355026510,355026512,355026514,355026545,355026560,355026585,355026620,355034253,355034255,355034390,355034579,355034448,355026541,355019124,355013728,126992470,126992480,201801962,195499286,195499496,195499502,195507425,195507460,195507562,195507613,195507718,195507807,195507953,195515552,195515591,195515666,201802171,201802174,202548990,202548998,202940800,202929318,202929398,202940750,202940603,202539838,202539844,202545648,202545656,202548926,202548923,202545645,367486699,367486776,125837716,399991310,399991408,399991445,400000044,399977378,399977480,399977600,399977738,399977806,399977819,399991122,399991125,116705631,399991162,116713318
bb_id,21,2,208,209,210,211,212,213,214,215,217,218,219,220,221,222,223,224,225,226,227,228,229,230,231,232,233,234,235,236,237,238,239,240,241,242,243,244,245,246,247,248,249,250,303,304,305,306,307,308,309,310,312,313,314,315,316,317,318,320,328,329,330,331,332,333,334,335,336,337,338,339,340,341,342,343,354,355,356,357,358,359,360,361,363,364,365,366,367,368,369,370,371,372
bbv,21,3,1,1,2,4930,4930,4930,295811,4931,4931,4931,4931,4931,4931,290912,4931,4931,4931,4931,4931,4931,290912,4931,4931,4931,4931,4931,4931,290912,4931,4931,4931,4931,4931,4931,290912,4931,4931,4931,4931,4931,4931,4931,1,1,1,4096,4096,4096,266240,4096,4096,4096,4096,4096,4096,262144,4096,4096,2,2,2,2,2,64,64,64,8320,64,64,64,64,64,8320,8192,2,2,1,4940,4940,4940,375116,4940,4940,4940,4940,4940,844,108021,843,4096,4939,524288
csv,21,3,202956938,202956957,367486565,367476690,367476710,367476713,367478273,367478275,367478278,367478301,367478327,367478351,367478355,367480339,367480341,367480343,367480374,367480389,367480414,367480418,367482402,367482404,367482406,367482437,367482452,367482477,367482481,367484465,367484467,367484469,367484500,367484515,367484540,367484544,367486528,367486530,367486532,367486562,367486559,367484496,367482433,367480370,126992616,126992636,201801965,201432464,201432494,201432629,201436160,201436162,201436165,201436249,201436255,201436344,201436358,201440114,201440117,201440120,201802090,201802132,202548940,202548944,202948889,202939035,202939115,202948551,202948500,202489372,202489420,202500052,202500156,202509603,202509534,202499881,367486912,367486972,125837710,399961431,399961574,399961607,399981480,399981617,399981754,399981809,399981882,399982017,399982131,400000011,399960873,125833221,399961178,125837701
bb_id,21,3,208,209,210,211,212,213,214,215,217,218,219,220,221,222,223,224,225,226,227,228,229,230,231,232,233,234,235,236,237,238,239,240,241,242,243,244,245,246,247,248,249,250,303,304,305,306,307,308,309,310,312,313,314,315,316,317,318,320,328,329,330,331,332,333,334,335,336,337,338,339,340,341,342,343,354,355,356,357,358,359,360,361,363,364,365,366,367,368,369,370,371,372
bbv,22,0,11905,11905,11905,1535689,11904,11904,11904,11904,11904,11904,1523779,11905,11905
csv,22,0,399991685,399991782,399991818,400000056,399975430,399975532,399975586,399975626,399975826,399975939,399991433,399991469,399991539
bb_id,22,0,357,358,359,360,361,363,364,365,366,367,368,369,371
bbv,22,1,10946,10946,10946,1412153,10947,10947,10947,10947,10947,10947,1401109,10946,10946
csv,22,1,399967419,399967582,399967684,399995454,399995621,399995657,399995711,399995750,399995917,399995963,400000023,399967304,399967374
bb_id,22,1,357,358,359,360,361,363,364,365,366,367,368,369,371
bbv,22,2,12536,12536,12536,1617194,12537,12537,12537,12537,12537,12537,1604641,12536,12536
csv,22,2,399982312,399982410,399982514,399996029,399996230,399996433,399996487,399996560,399996695,399996808,400000090,399982162,399982199
bb_id,22,2,357,358,359,360,361,363,364,365,366,367,368,369,371
bbv,22,3,10380,10380,10380,1338930,10379,10379,10379,10379,10379,10379,1328523,10380,10380
csv,22,3,399994926,399994989,399995091,400000123,399978256,399978395,399978483,399978623,399978794,399978909,399994611,399994713,399994782
bb_id,22,3,357,358,359,360,361,363,364,365,366,367,368,369,371
bbv,23,0,1,1,1,1,1,1,1,6508,6508,6508,839532,6508,6508,6508,6508,6508,6508,833011,6507,6507,1,1,1,1,1,1,1,1,65,65,65,16770,64,64,64,64,64,16512,16384,1,3501,3501,3501,451685,3502,3502,3502,3502,3502,3502,448256,3502,3502
csv,23,0,140271410,144841158,144841162,144841163,144841186,144841237,144841298,399965183,399965246,399965357,399979175,399979243,399979312,399979363,399979402,399979524,399979571,400000079,399964955,399965030,140271427,144841153,144841154,140271463,140271466,143239675,143239683,144818302,144800605,144800709,144818300,144818297,143096223,143096277,143121887,143121985,143140433,143140247,143121818,140271363,104611990,104612020,104612023,104620243,104620346,104620349,104620370,104620412,104620447,104620494,104630484,104630621,104630725
bb_id,23,0,144,146,148,150,187,303,304,306,307,308,309,310,312,313,314,315,316,317,318,320,323,325,327,328,329,330,331,332,333,334,335,336,337,338,339,340,341,342,343,356,357,358,359,360,361,363,364,365,366,367,368,369,371
bbv,23,1,1,1,7355,7355,7355,948795,7355,7355,7355,7355,7355,7355,941416,7354,7354,1,1,1,1,1,65,65,65,16770,64,64,64,64,64,16512,16384,1,4552,4552,4552,587208,4552,4552,4552,4552,4552,4552,582763,4553,4553
csv,23,1,144841410,144841454,399969671,399969701,399969836,399985016,399985126,399985198,399985249,399985363,399985488,399985643,400000007,399969491,399969593,140271589,140271592,143239697,143239701,144841133,144834928,144834936,144841131,144841128,143228059,143228065,143233444,143233452,143239647,143239644,143233441,140271360,134240250,134240280,134240317,134248434,134248436,134248472,134248493,134248532,134248567,134248613,134256046,134256049,134256086
bb_id,23,1,303,304,306,307,308,309,310,312,313,314,315,316,317,318,320,328,329,330,331,332,333,334,335,336,337,338,339,340,341,342,343,356,357,358,359,360,361,363,364,365,366,367,368,369,371
bbv,23,2,1,1,7784,7784,7784,1004014,7783,7783,7783,7783,7783,7783,996224,7783,7783,1,1,1,1,1,64,64,64,16512,64,64,64,64,64,16512,16384,1,2834,2834,2834,365586,2834,2834,2834,2834,2834,2834,362847,2835,2835
csv,23,2,144841288,144841308,399998804,399999014,399999053,400000112,399981619,399981787,399981805,399981949,399982008,399982160,399998462,399998681,399998756,140271502,140271505,143239661,143239679,144812729,144778768,144778800,144812631,144812532,143197048,143197054,143211192,143211200,143220209,143220206,143211189,140271366,90176667,90176830,90176867,90190453,90190523,90190559,90190715,90190754,90190957,90191105,90205321,90205425,90205529
bb_id,23,2,303,304,306,307,308,309,310,312,313,314,315,316,317,318,320,328,329,330,331,332,333,334,335,336,337,338,339,340,341,342,343,356,357,358,359,360,361,363,364,365,366,367,368,369,371
bbv,23,3,1,1,6762,6762,6762,872298,6762,6762,6762,6762,6762,6762,865511,6761,6761,1,1,1,1,1,64,64,64,16512,64,64,64,64,64,16512,16384,1,5160,5160,5160,665730,5161,5161,5161,5161,5161,5161,660608,5161,5161
csv,23,3,144841359,144841444,399967271,399967403,399967508,399986228,399986374,399986413,399986575,399986689,399986748,399986870,400000043,399967154,399967223,140271553,140271595,143239715,143239719,144822522,144798982,144799062,144822409,144822382,143114330,143114402,143138979,143139056,143157127,143157082,143138931,140271357,140262626,140262656,140262659,140266916,140266918,140266921,140266942,140266948,140266983,140266996,140271348,140271351,140271354
bb_id,23,3,303,304,306,307,308,309,310,312,313,314,315,316,317,318,320,328,329,330,331,332,333,334,335,336,337,338,339,340,341,342,343,356,357,358,359,360,361,363,364,365,366,367,368,369,371
bbv,24,0,1,1,1,1,1,1,1,1,9876,9876,9876,1274004,9876,9876,9876,9876,9876,9876,1264141,9877,9877,1,1,1,1,1,1,1,1,65,65,65,16770,64,64,64,64,64,16512,16384,1,1,1806,1806,1806,232974,1806,1806,1806,1806,1806,1806,231121,1805,1805
csv,24,0,338055494,338055520,338055487,333485715,338055463,338055467,338055468,333485673,333476700,333476730,333476733,333480990,333480992,333480995,333481013,333481019,333481042,333481056,333485664,333485667,333485670,333485732,338055458,338055459,333485768,333485807,336453966,336453970,338002129,337989909,337990013,338002079,338002076,336175249,336175255,336200999,336201097,336220752,336220707,336200930,338055579,338055733,399973215,399973379,399973415,399988298,399988303,399988373,399988427,399988466,399988635,399988749,400000022,399972867,399973104
bb_id,24,0,37,142,157,189,191,193,195,305,306,307,308,309,310,312,313,314,315,316,317,318,320,323,325,327,328,329,330,331,332,333,334,335,336,337,338,339,340,341,342,343,354,355,357,358,359,360,361,363,364,365,366,367,368,369,371
bbv,24,1,1,9029,9029,9029,1164741,9029,9029,9029,9029,9029,9029,1155736,9030,9030,1,1,1,1,1,65,65,65,16770,64,64,64,64,64,16512,16384,1,1,1765,1765,1765,227639,1764,1764,1764,1764,1764,1764,225792,1764,1764
csv,24,1,333485679,307284918,307284981,307285020,307298808,307298810,307298951,307299071,307299113,307299172,307299288,307315077,307315146,307315182,333485870,333485909,336453998,336454006,338055438,338049233,338049241,338055436,338055433,336435843,336435891,336447749,336447757,336453952,336453949,336447746,338055810,338055828,399989272,399989470,399989607,400000089,399969882,399969918,399970039,399970078,399970179,399970225,399988951,399989089,399989159
bb_id,24,1,305,306,307,308,309,310,312,313,314,315,316,317,318,320,328,329,330,331,332,333,334,335,336,337,338,339,340,341,342,343,354,355,357,358,359,360,361,363,364,365,366,367,368,369,371
bbv,24,2,1,8600,8600,8600,1109522,8601,8601,8601,8601,8601,8601,1100928,8601,8601,1,1,1,1,1,64,64,64,16512,64,64,64,64,64,16512,16384,1,1,1942,1942,1942,250482,1941,1941,1941,1941,1941,1941,248448,1941,1941
csv,24,2,333485682,279047793,279047856,279047928,279061530,279061637,279061745,279061796,279061871,279062032,279062079,279077616,279077655,279077799,333485804,333485810,336453984,336454002,337865580,337838522,337838626,337865515,337865440,336422653,336422659,336436398,336436448,336445793,336445790,336436395,338055638,338055715,399988101,399988164,399988301,400000122,399973816,399973986,399974140,399974179,399974414,399974460,399988083,399988086,399988089
bb_id,24,2,305,306,307,308,309,310,312,313,314,315,316,317,318,320,328,329,330,331,332,333,334,335,336,337,338,339,340,341,342,343,354,355,357,358,359,360,361,363,364,365,366,367,368,369,371
bbv,24,3,1,9622,9622,9622,1241238,9622,9622,9622,9622,9622,9622,1231641,9623,9623,1,1,1,1,1,64,64,64,16512,64,64,64,64,64,16512,16384,1,1,1576,1576,1576,203304,1576,1576,1576,1576,1576,1576,201717,1575,1575
csv,24,3,333485676,333315960,333315990,333315993,333323385,333323519,333323522,333323606,333323612,333323673,333323687,333331164,333331167,333331242,333485906,333485912,336454020,336454024,337963625,337945015,337945047,337963599,337963524,336259467,336259515,336281032,336281106,336300626,336300554,336280987,338055697,338055751,399963025,399963222,399963258,399981635,399981805,399982009,399982064,399982238,399982408,399982589,400000056,399962743,399962846
bb_id,24,3,305,306,307,308,309,310,312,313,314,315,316,317,318,320,328,329,330,331,332,333,334,335,336,337,338,339,340,341,342,343,354,355,357,358,359,360,361,363,364,365,366,367,368,369,371
bbv,25,0,11629,11629,11629,1500035,11628,11628,11628,11628,11628,11628,1488431,11629,11629
csv,25,0,399996952,399997016,399997120,400000100,399981122,399981259,399981347,399981386,399981555,399981601,399996664,399996768,399996906
bb_id,25,0,357,358,359,360,361,363,364,365,366,367,368,369,371
bbv,25,1,11412,11412,11412,1472162,11412,11412,11412,11412,11412,11412,1460736,11412,11412
csv,25,1,399988132,399988298,399988469,400000033,399968914,399968951,399969072,399969112,399969281,399969394,399987776,399987914,399987985
bb_id,25,1,357,358,359,360,361,363,364,365,366,367,368,369,371
bbv,25,2,12534,12534,12534,1616922,12535,12535,12535,12535,12535,12535,1604463,12534,12534
csv,25,2,399968348,399968411,399968547,399984047,399984083,399984119,399984174,399984214,399984383,399984565,400000000,399968133,399968269
bb_id,25,2,357,358,359,360,361,363,364,365,366,367,368,369,371
bbv,25,3,10192,10192,10192,1314768,10192,10192,10192,10192,10192,10192,1304498,10192,10192
csv,25,3,399975208,399975371,399975539,399994529,399994665,399994701,399994823,399994964,399995202,399995316,400000067,399975159,399975196
bb_id,25,3,357,358,359,360,361,363,364,365,366,367,368,369,371
bbv,26,0,1,1,1,1,1,1,1,1,1,1,1,1,1,1,1,1,1,65,65,65,16770,64,64,64,64,64,16512,16384,1,2949,2949,2949,380527,2950,2950,2950,2950,2950,2950,377600,2950,2950,1,1,1,1,1,16384,16384,16384,4194304
csv,26,0,115410062,115410066,115410084,368838130,368838131,110840302,115410050,115410054,115410055,110840319,115410045,115410046,110840355,110840394,113808567,113808571,115262718,115247579,115247635,115262716,115262641,113748067,113748190,113770011,113770064,113786623,113786578,113769960,110840249,84422356,84422488,84422491,84431012,84431014,84431051,84431072,84431078,84431214,84431227,84439397,84439400,84439436,115410276,115410308,368838044,368838064,368838090,361148482,361148530,361163181,361163131
bb_id,26,0,40,42,137,139,141,144,146,148,150,323,325,327,328,329,330,331,332,333,334,335,336,337,338,339,340,341,342,343,356,357,358,359,360,361,363,364,365,366,367,368,369,371,374,375,376,377,378,379,380,381,382
bbv,26,1,1,1,1,1,1,65,65,65,16770,64,64,64,64,64,16512,16384,1,3207,3207,3207,413735,3208,3208,3208,3208,3208,3208,410624,3208,3208,1,1,1,1,1,16384,16384,16384,4194304
csv,26,1,110840457,110840499,113808597,113808619,115410025,115403820,115403828,115410023,115410020,113796951,113796957,113802336,113802344,113808539,113808536,113802333,110840255,97179190,97179254,97179257,97188197,97188232,97188235,97188258,97188267,97188323,97188342,97197142,97197148,97197184,115410132,115410282,368838036,368838084,368838092,368754614,368754632,368762269,368762249
bb_id,26,1,328,329,330,331,332,333,334,335,336,337,338,339,340,341,342,343,356,357,358,359,360,361,363,364,365,366,367,368,369,371,374,375,376,377,378,379,380,381,382
bbv,26,2,1,1,1,1,1,64,64,64,16512,64,64,64,64,64,16512,16384,1,1908,1908,1908,246132,1908,1908,1908,1908,1908,1908,244241,1909,1909,1,1,1,1,1,16384,16384,16384,4194304
csv,26,2,110840391,110840397,113808553,113808575,115215064,115195821,115195877,115214990,115214939,113737982,113738078,113761213,113761263,113778625,113778598,113761189,110840258,61452952,61453149,61453218,61468394,61468532,61468637,61468692,61468766,61468971,61469089,61485236,61485670,61485851,115410180,115410302,368838028,368838054,368838088,366107976,366108014,366115016,366115011
bb_id,26,2,328,329,330,331,332,333,334,335,336,337,338,339,340,341,342,343,356,357,358,359,360,361,363,364,365,366,367,368,369,371,374,375,376,377,378,379,380,381,382
bbv,26,3,1,1,1,1,1,64,64,64,16512,64,64,64,64,64,16512,16384,1,4616,4616,4616,595464,4616,4616,4616,4616,4616,4616,590937,4617,4617,1,1,1,1,1,16384,16384,16384,4194304
csv,26,3,110840493,110840496,113808611,113808615,115304924,115294864,115294896,115304538,115304535,113543051,113543099,113572004,113572033,113589022,113588956,113571938,110840252,110831518,110831548,110831551,110835808,110835810,110835813,110835834,110835840,110835875,110835888,110840240,110840243,110840246,115410228,115410288,368838020,368838074,368838086,368834149,368834167,368838012,368838007
bb_id,26,3,328,329,330,331,332,333,334,335,336,337,338,339,340,341,342,343,356,357,358,359,360,361,363,364,365,366,367,368,369,371,374,375,376,377,378,379,380,381,382
region_inst,N/A,N/A,400000129,400000051,400000130,400000113,400000108,400000103,400000131,400000123,400000103,400000126,400000132,400000088,400000121,400000103,400000095,400000118,400000111,400000122,400000109,400000103,400000101,400000111,400000123,400000112,400000122,400000100,368838131
