type,region,thread,data1,data2,data3,data4,data5,data6,data7,data8,data9,data10,data11,data12,data13,data14,data15,data16,data17,data18,data19,data20,data21,data22,data23,data24,data25,data26,data27,data28,data29,data30,data31,data32,data33,data34,data35,data36,data37,data38,data39,data40,data41,data42,data43,data44,data45,data46,data47,data48,data49,data50,data51,data52,data53,data54,data55,data56,data57,data58,data59,data60,data61,data62,data63,data64,data65,data66,data67,data68,data69,data70,data71,data72,data73,data74,data75,data76,data77,data78,data79,data80,data81,data82,data83,data84,data85,data86,data87,data88,data89,data90,data91,data92,data93,data94,data95,data96,data97,data98,data99,data100,data101,data102,data103,data104
bbv,0,0,1,1,1,1,32768,32768,32768,32768,4194304,32768,32768,1,17,17,1,1,1,63,1,1,1,1,23,23,22,5796,1483533,5795,,,,,,,,,,,,,,,,,,,,,,,,,,,,,,,,,,,,,,,,,,,,,,,,,,,,,,,,,,,,,,,,,,,,,,,,,,,,
csv,0,0,43,72,79,73236562,73234343,73234357,73234370,73234378,73236554,73236556,73236559,73236571,73236818,73236826,73236835,73236840,73236842,73238039,73238043,73238049,73238077,73238079,99247033,99247043,99247029,99999784,100000018,99999777,,,,,,,,,,,,,,,,,,,,,,,,,,,,,,,,,,,,,,,,,,,,,,,,,,,,,,,,,,,,,,,,,,,,,,,,,,,,
bb_id,0,0,29,81,82,83,84,85,86,87,88,89,91,93,94,95,98,99,100,101,102,103,332,333,335,336,337,338,339,340,,,,,,,,,,,,,,,,,,,,,,,,,,,,,,,,,,,,,,,,,,,,,,,,,,,,,,,,,,,,,,,,,,,,,,,,,,,,
bbv,1,0,85,85,85,21654,5543446,21654,,,,,,,,,,,,,,,,,,,,,,,,,,,,,,,,,,,,,,,,,,,,,,,,,,,,,,,,,,,,,,,,,,,,,,,,,,,,,,,,,,,,,,,,,,,,,,,,,,
csv,1,0,99736140,99736150,99736136,99999383,100000013,99999376,,,,,,,,,,,,,,,,,,,,,,,,,,,,,,,,,,,,,,,,,,,,,,,,,,,,,,,,,,,,,,,,,,,,,,,,,,,,,,,,,,,,,,,,,,,,,,,,,,
bb_id,1,0,335,336,337,338,339,340,,,,,,,,,,,,,,,,,,,,,,,,,,,,,,,,,,,,,,,,,,,,,,,,,,,,,,,,,,,,,,,,,,,,,,,,,,,,,,,,,,,,,,,,,,,,,,,,,,
bbv,2,0,1,1,7,1,1,8,8,4,4,120,4,4,15,8,1,1,1,1,1,7,1,70,70,70,280,279,69,560,490,490,700,560,490,490,700,490,560,17850,17850,71591,71591,71591,71591,71591,2290882,71590,17849,559,1,1,70,70,69,69,69,2208,2208,2208,2208,2208,282624,2240,2240,2240,2240,2240,286720,1,20,20,21,5318,1361629,5319,,,,,,,,,,,,,,,,,,,,,,,,,,,,,,
csv,2,0,24562913,24562915,24562957,24562962,24562965,24564363,24564370,24564391,24564397,24565421,24565423,24563171,24563307,24565428,24565431,24562873,24565440,24565469,24565471,24565513,24565519,99142105,99142109,99142111,99965227,99849188,99001411,99965236,99965238,99965243,99965265,99965270,99849233,99849238,99733107,99849243,99965317,99965349,99965358,99999809,99999835,99999874,99999975,99999977,100000019,99999748,99965220,99965221,24565584,24565588,99071866,99071880,99001415,99001422,99071857,99069657,99069668,99069672,99071851,99071854,99071848,99139896,99139904,99139907,99142085,99142088,99142083,24562851,23380627,23380637,24562848,24558234,24562842,24562845,,,,,,,,,,,,,,,,,,,,,,,,,,,,,,
bb_id,2,0,31,33,35,36,37,38,39,40,41,42,43,44,45,46,47,104,105,181,182,183,184,236,238,239,240,253,254,255,256,257,258,259,260,261,262,263,264,265,266,267,268,269,270,274,275,276,277,278,310,311,313,314,315,316,317,318,319,320,321,323,324,325,326,327,328,330,331,334,335,336,337,338,339,340,,,,,,,,,,,,,,,,,,,,,,,,,,,,,,
bbv,3,0,93,93,93,370,370,93,740,647,647,922,740,648,648,928,648,740,23695,23695,94768,94767,94767,94767,94767,3032574,94768,23695,740,93,93,93,93,93,2976,2976,2976,2976,2976,380928,2976,2976,2976,2976,2976,380928,,,,,,,,,,,,,,,,,,,,,,,,,,,,,,,,,,,,,,,,,,,,,,,,,,,,,,,,,,,,
csv,3,0,99563579,99563583,99563585,99921518,99804118,99422885,99921527,99921529,99921534,99921545,99921550,99921552,99921557,99921579,99921584,99921631,99994513,99994522,100000013,99999134,99999173,99999274,99999276,99999948,99999952,99994481,99921512,99493340,99493354,99422889,99422896,99493331,99491131,99491142,99491146,99493325,99493328,99493322,99561370,99561378,99561381,99563559,99563562,99563557,,,,,,,,,,,,,,,,,,,,,,,,,,,,,,,,,,,,,,,,,,,,,,,,,,,,,,,,,,,,
bb_id,3,0,236,238,239,240,253,254,255,256,257,258,259,260,261,262,263,264,265,266,267,268,269,270,274,275,276,277,278,313,314,315,316,317,318,319,320,321,323,324,325,326,327,328,330,331,,,,,,,,,,,,,,,,,,,,,,,,,,,,,,,,,,,,,,,,,,,,,,,,,,,,,,,,,,,,
bbv,4,0,93,93,93,370,371,93,741,648,648,928,741,648,648,924,648,741,23496,23496,94777,94778,94778,94778,94778,3032880,94777,23496,741,93,93,93,93,93,2976,2976,2976,2976,2976,380928,2976,2976,2976,2976,2976,380928,,,,,,,,,,,,,,,,,,,,,,,,,,,,,,,,,,,,,,,,,,,,,,,,,,,,,,,,,,,,
csv,4,0,99985059,99985063,99985065,99728380,99844364,99844365,99985074,99728391,99728396,99728418,99985079,99985081,99985086,99985108,99985113,99985160,99999442,99999451,99999512,99999538,99999577,99999678,99999680,100000016,99999406,99999410,99844356,99914820,99914834,99844369,99844376,99914811,99912611,99912622,99912626,99914805,99914808,99914802,99982850,99982858,99982861,99985039,99985042,99985037,,,,,,,,,,,,,,,,,,,,,,,,,,,,,,,,,,,,,,,,,,,,,,,,,,,,,,,,,,,,
bb_id,4,0,236,238,239,240,253,254,255,256,257,258,259,260,261,262,263,264,265,266,267,268,269,270,274,275,276,277,278,313,314,315,316,317,318,319,320,321,323,324,325,326,327,328,330,331,,,,,,,,,,,,,,,,,,,,,,,,,,,,,,,,,,,,,,,,,,,,,,,,,,,,,,,,,,,,
bbv,5,0,92,92,92,371,370,92,741,649,649,926,741,649,649,928,649,741,23695,23695,94923,94923,94923,94923,94923,3037540,94923,23695,741,92,92,92,92,92,2944,2944,2944,2944,2944,376832,2944,2944,2944,2944,2944,376832,,,,,,,,,,,,,,,,,,,,,,,,,,,,,,,,,,,,,,,,,,,,,,,,,,,,,,,,,,,,
csv,5,0,99326735,99326739,99326741,99917676,99801356,99186041,99917685,99917687,99917692,99917714,99917719,99917721,99917726,99917737,99917742,99917789,99975831,99975840,99999431,99999457,99999496,99999597,99999599,100000019,99999370,99975799,99917670,99256496,99256510,99186045,99186052,99256487,99254287,99254298,99254302,99256481,99256484,99256478,99324526,99324534,99324537,99326715,99326718,99326713,,,,,,,,,,,,,,,,,,,,,,,,,,,,,,,,,,,,,,,,,,,,,,,,,,,,,,,,,,,,
bb_id,5,0,236,238,239,240,253,254,255,256,257,258,259,260,261,262,263,264,265,266,267,268,269,270,274,275,276,277,278,313,314,315,316,317,318,319,320,321,323,324,325,326,327,328,330,331,,,,,,,,,,,,,,,,,,,,,,,,,,,,,,,,,,,,,,,,,,,,,,,,,,,,,,,,,,,,
bbv,6,0,93,93,93,370,371,93,741,648,648,925,741,648,648,926,648,741,23660,23660,94770,94770,94770,94769,94769,3032620,94770,23660,741,93,93,93,93,93,2976,2976,2976,2976,2976,380928,2976,2976,2976,2976,2976,380928,,,,,,,,,,,,,,,,,,,,,,,,,,,,,,,,,,,,,,,,,,,,,,,,,,,,,,,,,,,,
csv,6,0,99748209,99748213,99748215,99869917,99988748,99607515,99988757,99988759,99988764,99988775,99988780,99988782,99988787,99988809,99988814,99988861,99999888,99999897,99999958,99999984,100000023,99999174,99999176,99999848,99999852,99999856,99988740,99677970,99677984,99607519,99607526,99677961,99675761,99675772,99675776,99677955,99677958,99677952,99746000,99746008,99746011,99748189,99748192,99748187,,,,,,,,,,,,,,,,,,,,,,,,,,,,,,,,,,,,,,,,,,,,,,,,,,,,,,,,,,,,
bb_id,6,0,236,238,239,240,253,254,255,256,257,258,259,260,261,262,263,264,265,266,267,268,269,270,274,275,276,277,278,313,314,315,316,317,318,319,320,321,323,324,325,326,327,328,330,331,,,,,,,,,,,,,,,,,,,,,,,,,,,,,,,,,,,,,,,,,,,,,,,,,,,,,,,,,,,,
bbv,7,0,92,92,92,371,370,92,741,649,649,929,741,648,648,924,648,741,23519,23519,94931,94931,94931,94932,94932,3037824,94931,23519,741,92,92,92,92,92,2944,2944,2944,2944,2944,376832,2944,2944,2944,2944,2944,376832,,,,,,,,,,,,,,,,,,,,,,,,,,,,,,,,,,,,,,,,,,,,,,,,,,,,,,,,,,,,
csv,7,0,99089878,99089882,99089884,99913000,99796961,98949184,99913009,99913011,99913016,99913038,99913043,99797006,99797011,99680880,99797016,99913090,99913122,99913131,99999167,99999193,99999232,99999333,99999335,100000007,99999106,99912993,99912994,99019639,99019653,98949188,98949195,99019630,99017430,99017441,99017445,99019624,99019627,99019621,99087669,99087677,99087680,99089858,99089861,99089856,,,,,,,,,,,,,,,,,,,,,,,,,,,,,,,,,,,,,,,,,,,,,,,,,,,,,,,,,,,,
bb_id,7,0,236,238,239,240,253,254,255,256,257,258,259,260,261,262,263,264,265,266,267,268,269,270,274,275,276,277,278,313,314,315,316,317,318,319,320,321,323,324,325,326,327,328,330,331,,,,,,,,,,,,,,,,,,,,,,,,,,,,,,,,,,,,,,,,,,,,,,,,,,,,,,,,,,,,
bbv,8,0,93,93,93,370,371,93,741,648,648,924,741,649,649,929,649,741,23701,23701,94768,94768,94768,94768,94768,3032547,94768,23701,741,93,93,93,93,93,2976,2976,2976,2976,2976,380928,2976,2976,2976,2976,2976,380928,,,,,,,,,,,,,,,,,,,,,,,,,,,,,,,,,,,,,,,,,,,,,,,,,,,,,,,,,,,,
csv,8,0,99511364,99511368,99511370,99869303,99985985,99370670,99985994,99985996,99986001,99986023,99986028,99986030,99986035,99986046,99986051,99986098,99986130,99986139,99999775,99999801,99999840,99999941,99999943,100000006,99999714,99985976,99985977,99441125,99441139,99370674,99370681,99441116,99438916,99438927,99438931,99441110,99441113,99441107,99509155,99509163,99509166,99511344,99511347,99511342,,,,,,,,,,,,,,,,,,,,,,,,,,,,,,,,,,,,,,,,,,,,,,,,,,,,,,,,,,,,
bb_id,8,0,236,238,239,240,253,254,255,256,257,258,259,260,261,262,263,264,265,266,267,268,269,270,274,275,276,277,278,313,314,315,316,317,318,319,320,321,323,324,325,326,327,328,330,331,,,,,,,,,,,,,,,,,,,,,,,,,,,,,,,,,,,,,,,,,,,,,,,,,,,,,,,,,,,,
bbv,9,0,93,93,93,370,370,93,740,647,647,926,740,647,647,923,647,740,23545,23545,94775,94775,94775,94775,94775,3032811,94775,23545,740,93,93,93,93,93,2976,2976,2976,2976,2976,380928,2976,2976,2976,2976,2976,380928,,,,,,,,,,,,,,,,,,,,,,,,,,,,,,,,,,,,,,,,,,,,,,,,,,,,,,,,,,,,
csv,9,0,99932851,99932855,99932857,99676172,99792156,99792157,99932866,99676183,99676188,99676210,99932871,99932873,99932878,99932900,99932905,99932952,99999484,99999493,99999554,99999580,99999619,99999720,99999722,100000016,99999448,99999452,99792148,99862612,99862626,99792161,99792168,99862603,99860403,99860414,99860418,99862597,99862600,99862594,99930642,99930650,99930653,99932831,99932834,99932829,,,,,,,,,,,,,,,,,,,,,,,,,,,,,,,,,,,,,,,,,,,,,,,,,,,,,,,,,,,,
bb_id,9,0,236,238,239,240,253,254,255,256,257,258,259,260,261,262,263,264,265,266,267,268,269,270,274,275,276,277,278,313,314,315,316,317,318,319,320,321,323,324,325,326,327,328,330,331,,,,,,,,,,,,,,,,,,,,,,,,,,,,,,,,,,,,,,,,,,,,,,,,,,,,,,,,,,,,
bbv,10,0,92,92,92,371,371,92,742,650,650,928,742,650,650,928,650,742,23642,23642,94926,94926,94926,94926,94925,3037618,94926,23642,742,92,92,92,92,92,2944,2944,2944,2944,2944,376832,2944,2944,2944,2944,2944,376832,,,,,,,,,,,,,,,,,,,,,,,,,,,,,,,,,,,,,,,,,,,,,,,,,,,,,,,,,,,,
csv,10,0,99274527,99274531,99274533,99865468,99981610,99133833,99981619,99981621,99981626,99981648,99981653,99981655,99981660,99865529,99981665,99981712,99981744,99981753,99999914,99999940,99999979,100000080,99999177,99999849,99999853,99981601,99981602,99204288,99204302,99133837,99133844,99204279,99202079,99202090,99202094,99204273,99204276,99204270,99272318,99272326,99272329,99274507,99274510,99274505,,,,,,,,,,,,,,,,,,,,,,,,,,,,,,,,,,,,,,,,,,,,,,,,,,,,,,,,,,,,
bb_id,10,0,236,238,239,240,253,254,255,256,257,258,259,260,261,262,263,264,265,266,267,268,269,270,274,275,276,277,278,313,314,315,316,317,318,319,320,321,323,324,325,326,327,328,330,331,,,,,,,,,,,,,,,,,,,,,,,,,,,,,,,,,,,,,,,,,,,,,,,,,,,,,,,,,,,,
bbv,11,0,93,93,93,370,370,93,740,647,647,923,740,647,647,926,647,740,23672,23672,94769,94769,94769,94769,94769,3032608,94769,23672,740,93,93,93,93,93,2976,2976,2976,2976,2976,380928,2976,2976,2976,2976,2976,380928,,,,,,,,,,,,,,,,,,,,,,,,,,,,,,,,,,,,,,,,,,,,,,,,,,,,,,,,,,,,
csv,11,0,99695940,99695944,99695946,99817648,99936479,99555246,99936488,99936490,99936495,99936506,99936511,99936513,99936518,99936540,99936545,99936592,99998929,99998938,99999904,99999930,99999969,100000070,99999167,99999839,99999843,99998897,99936471,99625701,99625715,99555250,99555257,99625692,99623492,99623503,99623507,99625686,99625689,99625683,99693731,99693739,99693742,99695920,99695923,99695918,,,,,,,,,,,,,,,,,,,,,,,,,,,,,,,,,,,,,,,,,,,,,,,,,,,,,,,,,,,,
bb_id,11,0,236,238,239,240,253,254,255,256,257,258,259,260,261,262,263,264,265,266,267,268,269,270,274,275,276,277,278,313,314,315,316,317,318,319,320,321,323,324,325,326,327,328,330,331,,,,,,,,,,,,,,,,,,,,,,,,,,,,,,,,,,,,,,,,,,,,,,,,,,,,,,,,,,,,
bbv,12,0,92,92,92,371,371,93,741,649,649,929,741,648,648,924,648,741,23505,23505,94906,94906,94906,94906,94907,3037024,94907,23506,742,92,92,93,93,92,2955,2955,2955,2954,2954,378188,2944,2944,2944,2944,2944,376832,,,,,,,,,,,,,,,,,,,,,,,,,,,,,,,,,,,,,,,,,,,,,,,,,,,,,,,,,,,,
csv,12,0,99037562,99037566,99037568,99860684,99976668,99976669,99860693,99860695,99860700,99860722,99860727,99744690,99744695,99628564,99744700,99860774,99860806,99860815,99975811,99975837,99975876,99975977,99975979,99976651,99976655,99976659,99976660,98967323,98967337,99976673,99976680,98967314,99998694,99998705,99998709,99998687,99998690,100000001,99035353,99035361,99035364,99037542,99037545,99037540,,,,,,,,,,,,,,,,,,,,,,,,,,,,,,,,,,,,,,,,,,,,,,,,,,,,,,,,,,,,
bb_id,12,0,236,238,239,240,253,254,255,256,257,258,259,260,261,262,263,264,265,266,267,268,269,270,274,275,276,277,278,313,314,315,316,317,318,319,320,321,323,324,325,326,327,328,330,331,,,,,,,,,,,,,,,,,,,,,,,,,,,,,,,,,,,,,,,,,,,,,,,,,,,,,,,,,,,,
bbv,13,0,1,1,1,1,7,1,94,94,94,376,376,94,752,658,658,940,752,658,658,940,658,752,23970,23970,96256,96256,96256,96256,96256,3080192,96256,23970,752,1,1,66,66,66,66,65,16795,16795,16795,16795,268710,16794,16794,16896,16896,16896,270336,16896,16896,1,28,28,28,28,29,917,917,917,918,918,117428,896,896,896,896,896,114688,,,,,,,,,,,,,,,,,,,,,,,,,,,,,,,,,
csv,13,0,30281592,30281593,30281620,30281622,30281664,30281670,99024571,99024575,99024577,99847693,99963677,99963678,99847702,99847704,99847709,99847731,99847736,99731699,99731704,99615573,99731709,99847783,99847815,99847824,99962820,99962846,99962885,99962986,99962988,99963660,99963664,99963668,99963669,30281735,30281743,98967188,98967210,99963682,99963714,98967178,99999908,99999914,99999923,99999926,100000004,99999900,99999904,99024332,99024339,99024342,99024550,99024551,99024554,30281545,29201750,29201764,30211100,30211107,30281542,30279342,30279353,30279357,30281536,30281539,30281533,29269780,29269788,29269791,29271969,29271972,29271967,,,,,,,,,,,,,,,,,,,,,,,,,,,,,,,,,
bb_id,13,0,186,188,189,190,191,192,236,238,239,240,253,254,255,256,257,258,259,260,261,262,263,264,265,266,267,268,269,270,274,275,276,277,278,279,280,282,283,284,285,286,287,288,289,290,291,292,297,299,300,301,302,303,308,312,313,314,315,316,317,318,319,320,321,323,324,325,326,327,328,330,331,,,,,,,,,,,,,,,,,,,,,,,,,,,,,,,,,
bbv,14,0,95,95,95,378,378,94,757,662,662,944,757,663,663,949,663,757,24218,24218,96894,96894,96894,96894,96894,3100604,96893,24217,756,95,95,94,94,95,24165,24165,24165,24165,386650,24166,24166,24320,24320,24320,389120,24320,24320,,,,,,,,,,,,,,,,,,,,,,,,,,,,,,,,,,,,,,,,,,,,,,,,,,,,,,,,,,,
csv,14,0,99410972,99410976,99410978,99768911,99885593,99293380,99885602,99885604,99885609,99885631,99885636,99885638,99885643,99885654,99885659,99885706,99987413,99987422,99999248,99999274,99999313,99999414,99999416,100000004,99999187,99987381,99885585,99353589,99353611,99293384,99293416,99353579,99353345,99353351,99353360,99353363,99353571,99353572,99353576,99410733,99410740,99410743,99410951,99410952,99410955,,,,,,,,,,,,,,,,,,,,,,,,,,,,,,,,,,,,,,,,,,,,,,,,,,,,,,,,,,,
bb_id,14,0,236,238,239,240,253,254,255,256,257,258,259,260,261,262,263,264,265,266,267,268,269,270,274,275,276,277,278,282,283,284,285,286,287,288,289,290,291,292,297,299,300,301,302,303,308,,,,,,,,,,,,,,,,,,,,,,,,,,,,,,,,,,,,,,,,,,,,,,,,,,,,,,,,,,,
bbv,15,0,95,95,95,379,378,95,757,662,662,946,757,662,662,945,662,757,24149,24149,96858,96858,96858,96857,96857,3099428,96858,24149,757,95,95,95,95,95,24320,24320,24320,24320,389120,24320,24320,24320,24320,24320,389120,24320,24320,,,,,,,,,,,,,,,,,,,,,,,,,,,,,,,,,,,,,,,,,,,,,,,,,,,,,,,,,,,
csv,15,0,99797373,99797377,99797379,99919081,99679780,99679781,99919090,99919092,99919097,99563834,99919102,99919104,99919109,99919131,99919136,99919183,99998980,99998989,99999955,99999981,100000020,99999216,99999218,99999890,99999894,99998948,99919075,99739990,99740012,99679785,99679817,99739980,99739746,99739752,99739761,99739764,99739972,99739973,99739977,99797134,99797141,99797144,99797352,99797353,99797356,,,,,,,,,,,,,,,,,,,,,,,,,,,,,,,,,,,,,,,,,,,,,,,,,,,,,,,,,,,
bb_id,15,0,236,238,239,240,253,254,255,256,257,258,259,260,261,262,263,264,265,266,267,268,269,270,274,275,276,277,278,282,283,284,285,286,287,288,289,290,291,292,297,299,300,301,302,303,308,,,,,,,,,,,,,,,,,,,,,,,,,,,,,,,,,,,,,,,,,,,,,,,,,,,,,,,,,,,
bbv,16,0,94,94,94,379,379,94,758,664,664,950,758,663,663,946,663,758,24053,24053,96991,96991,96991,96992,96992,3103741,96991,24053,758,94,94,94,94,94,24064,24064,24064,24064,385024,24064,24064,24064,24064,24064,385024,24064,24064,,,,,,,,,,,,,,,,,,,,,,,,,,,,,,,,,,,,,,,,,,,,,,,,,,,,,,,,,,,
csv,16,0,99127059,99127063,99127065,99950181,99834142,99009467,99950190,99950192,99950197,99950219,99950224,99834187,99834192,99718061,99834197,99950271,99950303,99950312,99999243,99999269,99999308,99999409,99999411,100000020,99999182,99950174,99950175,99069676,99069698,99009471,99009503,99069666,99069432,99069438,99069447,99069450,99069658,99069659,99069663,99126820,99126827,99126830,99127038,99127039,99127042,,,,,,,,,,,,,,,,,,,,,,,,,,,,,,,,,,,,,,,,,,,,,,,,,,,,,,,,,,,
bb_id,16,0,236,238,239,240,253,254,255,256,257,258,259,260,261,262,263,264,265,266,267,268,269,270,274,275,276,277,278,282,283,284,285,286,287,288,289,290,291,292,297,299,300,301,302,303,308,,,,,,,,,,,,,,,,,,,,,,,,,,,,,,,,,,,,,,,,,,,,,,,,,,,,,,,,,,,
bbv,17,0,95,95,95,378,379,95,757,662,662,944,757,663,663,949,663,757,24211,24211,96855,96854,96854,96854,96854,3099331,96855,24211,757,95,95,95,95,95,24320,24320,24320,24320,389120,24320,24320,24320,24320,24320,389120,24320,24320,,,,,,,,,,,,,,,,,,,,,,,,,,,,,,,,,,,,,,,,,,,,,,,,,,,,,,,,,,,
csv,17,0,99513444,99513448,99513450,99871383,99988065,99395852,99988074,99988076,99988081,99988103,99988108,99988110,99988115,99988126,99988131,99988178,99988210,99988219,100000045,99999166,99999205,99999306,99999308,99999980,99999984,99988056,99988057,99456061,99456083,99395856,99395888,99456051,99455817,99455823,99455832,99455835,99456043,99456044,99456048,99513205,99513212,99513215,99513423,99513424,99513427,,,,,,,,,,,,,,,,,,,,,,,,,,,,,,,,,,,,,,,,,,,,,,,,,,,,,,,,,,,
bb_id,17,0,236,238,239,240,253,254,255,256,257,258,259,260,261,262,263,264,265,266,267,268,269,270,274,275,276,277,278,282,283,284,285,286,287,288,289,290,291,292,297,299,300,301,302,303,308,,,,,,,,,,,,,,,,,,,,,,,,,,,,,,,,,,,,,,,,,,,,,,,,,,,,,,,,,,,
bbv,18,0,95,95,95,378,378,95,756,661,661,946,756,661,661,943,661,756,24090,24090,96860,96861,96861,96861,96861,3099524,96860,24090,756,95,95,95,95,95,24320,24320,24320,24320,389120,24320,24320,24320,24320,24320,389120,24320,24320,,,,,,,,,,,,,,,,,,,,,,,,,,,,,,,,,,,,,,,,,,,,,,,,,,,,,,,,,,,
csv,18,0,99899804,99899808,99899810,99666227,99782211,99782212,99899819,99666238,99666243,99666265,99899824,99899826,99899831,99899853,99899858,99899905,99999687,99999696,99999757,99999783,99999822,99999923,99999925,100000009,99999651,99999655,99782203,99842421,99842443,99782216,99782248,99842411,99842177,99842183,99842192,99842195,99842403,99842404,99842408,99899565,99899572,99899575,99899783,99899784,99899787,,,,,,,,,,,,,,,,,,,,,,,,,,,,,,,,,,,,,,,,,,,,,,,,,,,,,,,,,,,
bb_id,18,0,236,238,239,240,253,254,255,256,257,258,259,260,261,262,263,264,265,266,267,268,269,270,274,275,276,277,278,282,283,284,285,286,287,288,289,290,291,292,297,299,300,301,302,303,308,,,,,,,,,,,,,,,,,,,,,,,,,,,,,,,,,,,,,,,,,,,,,,,,,,,,,,,,,,,
bbv,19,0,94,94,94,379,379,94,758,664,664,948,758,664,664,948,664,758,24118,24118,96988,96988,96988,96988,96988,3103639,96988,24118,758,94,94,94,94,94,24064,24064,24064,24064,385024,24064,24064,24064,24064,24064,385024,24064,24064,,,,,,,,,,,,,,,,,,,,,,,,,,,,,,,,,,,,,,,,,,,,,,,,,,,,,,,,,,,
csv,19,0,99229501,99229505,99229507,99820442,99936584,99111909,99936593,99936595,99936600,99936622,99936627,99936629,99936634,99820503,99936639,99936686,99994683,99994692,99999278,99999304,99999343,99999444,99999446,100000013,99999217,99994651,99936576,99172118,99172140,99111913,99111945,99172108,99171874,99171880,99171889,99171892,99172100,99172101,99172105,99229262,99229269,99229272,99229480,99229481,99229484,,,,,,,,,,,,,,,,,,,,,,,,,,,,,,,,,,,,,,,,,,,,,,,,,,,,,,,,,,,
bb_id,19,0,236,238,239,240,253,254,255,256,257,258,259,260,261,262,263,264,265,266,267,268,269,270,274,275,276,277,278,282,283,284,285,286,287,288,289,290,291,292,297,299,300,301,302,303,308,,,,,,,,,,,,,,,,,,,,,,,,,,,,,,,,,,,,,,,,,,,,,,,,,,,,,,,,,,,
bbv,20,0,95,95,95,379,378,95,757,662,662,944,757,662,662,948,662,757,24199,24199,96855,96855,96855,96855,96855,3099348,96855,24199,757,95,95,95,95,95,24320,24320,24320,24320,389120,24320,24320,24320,24320,24320,389120,24320,24320,,,,,,,,,,,,,,,,,,,,,,,,,,,,,,,,,,,,,,,,,,,,,,,,,,,,,,,,,,,
csv,20,0,99615893,99615897,99615899,99973832,99856432,99498301,99973841,99973843,99973848,99973859,99973864,99973866,99973871,99973893,99973898,99973945,99995832,99995841,99999522,99999548,99999587,99999688,99999690,100000005,99999461,99995800,99973826,99558510,99558532,99498305,99498337,99558500,99558266,99558272,99558281,99558284,99558492,99558493,99558497,99615654,99615661,99615664,99615872,99615873,99615876,,,,,,,,,,,,,,,,,,,,,,,,,,,,,,,,,,,,,,,,,,,,,,,,,,,,,,,,,,,
bb_id,20,0,236,238,239,240,253,254,255,256,257,258,259,260,261,262,263,264,265,266,267,268,269,270,274,275,276,277,278,282,283,284,285,286,287,288,289,290,291,292,297,299,300,301,302,303,308,,,,,,,,,,,,,,,,,,,,,,,,,,,,,,,,,,,,,,,,,,,,,,,,,,,,,,,,,,,
bbv,21,0,94,94,94,378,379,95,756,662,662,948,756,661,661,942,661,756,23997,23997,96867,96867,96867,96867,96867,3099761,96868,23998,757,95,95,95,95,95,24320,24320,24320,24320,389120,24320,24320,24310,24310,24310,388958,24309,24309,,,,,,,,,,,,,,,,,,,,,,,,,,,,,,,,,,,,,,,,,,,,,,,,,,,,,,,,,,,
csv,21,0,98945594,98945598,98945600,99768716,99884700,99884701,99768725,99768727,99768732,99768754,99768759,99652722,99652727,99536596,99652732,99768806,99768838,99768847,99883843,99883869,99883908,99884009,99884011,99884683,99884687,99884691,99884692,99944910,99944932,99884705,99884737,99944900,99944666,99944672,99944681,99944684,99944892,99944893,99944897,99999814,99999821,99999824,100000006,99999809,99999812,,,,,,,,,,,,,,,,,,,,,,,,,,,,,,,,,,,,,,,,,,,,,,,,,,,,,,,,,,,
bb_id,21,0,236,238,239,240,253,254,255,256,257,258,259,260,261,262,263,264,265,266,267,268,269,270,274,275,276,277,278,282,283,284,285,286,287,288,289,290,291,292,297,299,300,301,302,303,308,,,,,,,,,,,,,,,,,,,,,,,,,,,,,,,,,,,,,,,,,,,,,,,,,,,,,,,,,,,
bbv,22,0,95,95,95,379,378,94,758,663,663,946,758,664,664,950,664,758,24221,24221,96981,96981,96981,96981,96981,3103388,96980,24220,757,94,94,94,94,94,24064,24064,24064,24064,385024,24064,24064,24074,24074,24074,385186,24075,24075,,,,,,,,,,,,,,,,,,,,,,,,,,,,,,,,,,,,,,,,,,,,,,,,,,,,,,,,,,,
csv,22,0,99331993,99331997,99331999,99922934,99806614,99214401,99922943,99922945,99922950,99922972,99922977,99922979,99922984,99922995,99923000,99923047,99981089,99981098,99999259,99999285,99999324,99999425,99999427,100000015,99999198,99981057,99922928,99274610,99274632,99214405,99214437,99274600,99274366,99274372,99274381,99274384,99274592,99274593,99274597,99331754,99331761,99331764,99331972,99331973,99331976,,,,,,,,,,,,,,,,,,,,,,,,,,,,,,,,,,,,,,,,,,,,,,,,,,,,,,,,,,,
bb_id,22,0,236,238,239,240,253,254,255,256,257,258,259,260,261,262,263,264,265,266,267,268,269,270,274,275,276,277,278,282,283,284,285,286,287,288,289,290,291,292,297,299,300,301,302,303,308,,,,,,,,,,,,,,,,,,,,,,,,,,,,,,,,,,,,,,,,,,,,,,,,,,,,,,,,,,,
bbv,23,0,95,95,95,378,379,95,757,662,662,945,757,662,662,946,662,757,24178,24178,96856,96856,96856,96856,96856,3099383,96856,24178,757,95,95,95,95,95,24320,24320,24320,24320,389120,24320,24320,24320,24320,24320,389120,24320,24320,,,,,,,,,,,,,,,,,,,,,,,,,,,,,,,,,,,,,,,,,,,,,,,,,,,,,,,,,,,
csv,23,0,99718383,99718387,99718389,99840091,99958922,99600791,99958931,99958933,99958938,99958949,99958954,99958956,99958961,99958983,99958988,99959035,99999382,99999391,99999452,99999478,99999517,99999618,99999620,100000019,99999346,99999350,99958914,99661000,99661022,99600795,99600827,99660990,99660756,99660762,99660771,99660774,99660982,99660983,99660987,99718144,99718151,99718154,99718362,99718363,99718366,,,,,,,,,,,,,,,,,,,,,,,,,,,,,,,,,,,,,,,,,,,,,,,,,,,,,,,,,,,
bb_id,23,0,236,238,239,240,253,254,255,256,257,258,259,260,261,262,263,264,265,266,267,268,269,270,274,275,276,277,278,282,283,284,285,286,287,288,289,290,291,292,297,299,300,301,302,303,308,,,,,,,,,,,,,,,,,,,,,,,,,,,,,,,,,,,,,,,,,,,,,,,,,,,,,,,,,,,
bbv,24,0,1,1,1,1,6,1,1,1,178,178,177,177,177,22656,22656,22656,22656,362496,22656,22656,22784,22784,22784,364544,22784,22784,189,189,189,756,177,177,22656,22656,22656,362496,22656,22656,579,189,1335,1146,1146,1536,1335,1146,1146,1536,1146,1335,25434,25434,91421,91421,91421,91420,91420,2925453,91421,25434,1335,1,11,11,12,12,12,3072,3072,3072,3072,49152,3072,3072,2816,2816,2816,45056,2816,2816,,,,,,,,,,,,,,,,,,,,,,,,
csv,24,0,12341409,12341410,12341437,12341439,12341475,12341481,12341546,12341554,99842399,99842421,99812274,99812306,99842389,99842155,99842161,99842170,99842173,99842381,99842382,99842386,99870871,99870878,99870881,99871089,99871090,99871093,99871110,99871114,99871116,99932018,99788691,99788717,99812092,99812096,99812104,99812264,99812265,99812269,99991489,99812270,99991498,99991500,99991505,99991516,99991521,99991523,99991528,99991550,99991555,99991602,99998964,99998973,99999939,99999965,100000004,99999200,99999202,99999874,99999878,99998932,99991481,12341362,11284670,11284692,12281164,12281196,12341359,12341125,12341131,12341140,12341143,12341351,12341352,12341356,11341814,11341821,11341824,11342032,11342033,11342036,,,,,,,,,,,,,,,,,,,,,,,,
bb_id,24,0,194,196,197,198,199,200,205,206,208,209,210,211,212,213,214,215,216,217,218,223,225,226,227,228,229,234,236,238,239,240,241,242,243,244,245,246,247,252,253,254,255,256,257,258,259,260,261,262,263,264,265,266,267,268,269,270,274,275,276,277,278,281,282,283,284,285,286,287,288,289,290,291,292,297,299,300,301,302,303,308,,,,,,,,,,,,,,,,,,,,,,,,
bbv,25,0,202,202,202,202,202,25856,25856,25856,25856,413696,25856,25856,25856,25856,25856,413696,25856,25856,202,202,202,809,202,202,25856,25856,25856,413696,25856,25856,607,202,1416,1214,1214,1619,1416,1214,1214,1618,1214,1416,25678,25678,90649,90649,90649,90650,90650,2900788,90649,25678,1416,,,,,,,,,,,,,,,,,,,,,,,,,,,,,,,,,,,,,,,,,,,,,,,,,,,
csv,25,0,99702105,99702127,99671980,99672012,99702095,99701861,99701867,99701876,99701879,99702087,99702088,99702092,99730577,99730584,99730587,99730795,99730796,99730799,99730816,99730820,99730822,99909955,99648397,99648423,99671798,99671802,99671810,99671970,99671971,99671975,99968346,99671976,99968355,99968357,99968362,99968384,99968389,99968391,99968396,99968407,99968412,99968459,99997541,99997550,99999421,99999447,99999486,99999587,99999589,100000009,99999360,99997509,99968338,,,,,,,,,,,,,,,,,,,,,,,,,,,,,,,,,,,,,,,,,,,,,,,,,,,
bb_id,25,0,208,209,210,211,212,213,214,215,216,217,218,223,225,226,227,228,229,234,236,238,239,240,241,242,243,244,245,246,247,252,253,254,255,256,257,258,259,260,261,262,263,264,265,266,267,268,269,270,274,275,276,277,278,,,,,,,,,,,,,,,,,,,,,,,,,,,,,,,,,,,,,,,,,,,,,,,,,,,
bbv,26,0,202,202,202,202,202,25856,25856,25856,25856,413696,25856,25856,25856,25856,25856,413696,25856,25856,202,202,202,809,202,202,25856,25856,25856,413696,25856,25856,607,202,1416,1214,1214,1620,1416,1213,1213,1616,1213,1416,25658,25658,90651,90651,90651,90651,90651,2900815,90651,25658,1416,,,,,,,,,,,,,,,,,,,,,,,,,,,,,,,,,,,,,,,,,,,,,,,,,,,
csv,26,0,99561806,99561828,99531681,99531713,99561796,99561562,99561568,99561577,99561580,99561788,99561789,99561793,99590278,99590285,99590288,99590496,99590497,99590500,99590517,99590521,99590523,99886267,99508098,99508124,99531499,99531503,99531511,99531671,99531672,99531676,99944388,99531677,99944397,99944399,99944404,99944426,99944431,99886312,99886317,99828108,99886322,99944478,99944510,99944519,99999785,99999811,99999850,99999951,99999953,100000016,99999724,99944379,99944380,,,,,,,,,,,,,,,,,,,,,,,,,,,,,,,,,,,,,,,,,,,,,,,,,,,
bb_id,26,0,208,209,210,211,212,213,214,215,216,217,218,223,225,226,227,228,229,234,236,238,239,240,241,242,243,244,245,246,247,252,253,254,255,256,257,258,259,260,261,262,263,264,265,266,267,268,269,270,274,275,276,277,278,,,,,,,,,,,,,,,,,,,,,,,,,,,,,,,,,,,,,,,,,,,,,,,,,,,
bbv,27,0,203,203,203,203,203,25984,25984,25984,25984,415744,25984,25984,25984,25984,25984,415744,25984,25984,203,203,203,809,203,203,25984,25984,25984,415744,25984,25984,606,203,1415,1212,1212,1616,1415,1213,1213,1618,1213,1415,25713,25713,90557,90557,90557,90557,90556,2897821,90557,25713,1415,,,,,,,,,,,,,,,,,,,,,,,,,,,,,,,,,,,,,,,,,,,,,,,,,,,
csv,27,0,99915855,99915877,99885730,99885762,99915845,99915611,99915617,99915626,99915629,99915837,99915838,99915842,99944327,99944334,99944337,99944545,99944546,99944549,99944566,99944570,99944572,99862144,99862147,99862173,99885548,99885552,99885560,99885720,99885721,99885725,99804082,99885726,99944581,99804093,99804098,99804120,99944586,99944588,99944593,99944615,99944620,99944667,99999799,99999808,99999869,99999895,99999934,100000035,99999087,99999759,99999763,99999767,99862138,,,,,,,,,,,,,,,,,,,,,,,,,,,,,,,,,,,,,,,,,,,,,,,,,,,
bb_id,27,0,208,209,210,211,212,213,214,215,216,217,218,223,225,226,227,228,229,234,236,238,239,240,241,242,243,244,245,246,247,252,253,254,255,256,257,258,259,260,261,262,263,264,265,266,267,268,269,270,274,275,276,277,278,,,,,,,,,,,,,,,,,,,,,,,,,,,,,,,,,,,,,,,,,,,,,,,,,,,
bbv,28,0,202,202,202,202,202,25856,25856,25856,25856,413696,25856,25856,25856,25856,25856,413696,25856,25856,202,202,202,810,202,202,25856,25856,25856,413696,25856,25856,607,202,1417,1215,1215,1618,1417,1215,1215,1621,1215,1417,25710,25710,90648,90648,90648,90647,90648,2900736,90648,25710,1417,,,,,,,,,,,,,,,,,,,,,,,,,,,,,,,,,,,,,,,,,,,,,,,,,,,
csv,28,0,99775530,99775552,99745405,99745437,99775520,99775286,99775292,99775301,99775304,99775512,99775513,99775517,99804002,99804009,99804012,99804220,99804221,99804224,99804241,99804245,99804247,99983380,99721822,99721848,99745223,99745227,99745235,99745395,99745396,99745400,99924620,99745401,99983389,99983391,99983396,99983407,99983412,99983414,99983419,99983430,99983435,99983482,99998084,99998093,99999964,99999990,100000029,99999225,99999227,99999899,99999903,99998052,99983374,,,,,,,,,,,,,,,,,,,,,,,,,,,,,,,,,,,,,,,,,,,,,,,,,,,
bb_id,28,0,208,209,210,211,212,213,214,215,216,217,218,223,225,226,227,228,229,234,236,238,239,240,241,242,243,244,245,246,247,252,253,254,255,256,257,258,259,260,261,262,263,264,265,266,267,268,269,270,274,275,276,277,278,,,,,,,,,,,,,,,,,,,,,,,,,,,,,,,,,,,,,,,,,,,,,,,,,,,
bbv,29,0,202,202,202,202,202,25856,25856,25856,25856,413696,25856,25856,25856,25856,25856,413696,25856,25856,202,202,202,809,202,202,25856,25856,25856,413696,25856,25856,607,202,1416,1214,1214,1620,1416,1214,1214,1617,1214,1416,25665,25665,90650,90650,90650,90651,90651,2900805,90650,25665,1416,,,,,,,,,,,,,,,,,,,,,,,,,,,,,,,,,,,,,,,,,,,,,,,,,,,
csv,29,0,99635211,99635233,99605086,99605118,99635201,99634967,99634973,99634982,99634985,99635193,99635194,99635198,99663683,99663690,99663693,99663901,99663902,99663905,99663922,99663926,99663928,99959672,99581503,99581529,99604904,99604908,99604916,99605076,99605077,99605081,99901452,99605082,99959681,99959683,99959688,99959710,99959715,99959717,99959722,99901513,99959727,99959774,99988811,99988820,99999741,99999767,99999806,99999907,99999909,100000014,99999680,99988779,99959666,,,,,,,,,,,,,,,,,,,,,,,,,,,,,,,,,,,,,,,,,,,,,,,,,,,
bb_id,29,0,208,209,210,211,212,213,214,215,216,217,218,223,225,226,227,228,229,234,236,238,239,240,241,242,243,244,245,246,247,252,253,254,255,256,257,258,259,260,261,262,263,264,265,266,267,268,269,270,274,275,276,277,278,,,,,,,,,,,,,,,,,,,,,,,,,,,,,,,,,,,,,,,,,,,,,,,,,,,
bbv,30,0,203,203,203,203,203,25984,25984,25984,25984,415744,25984,25984,25904,25904,25904,414462,25903,25903,202,202,202,809,203,203,25984,25984,25984,415744,25984,25984,607,203,1415,1213,1213,1618,1415,1212,1212,1616,1212,1415,25655,25655,90579,90579,90579,90579,90579,2898555,90580,25656,1416,,,,,,,,,,,,,,,,,,,,,,,,,,,,,,,,,,,,,,,,,,,,,,,,,,,
csv,30,0,99989262,99989284,99959137,99959169,99989252,99989018,99989024,99989033,99989036,99989244,99989245,99989249,99999814,99999821,99999824,100000006,99999809,99999812,99523618,99523622,99523624,99935551,99935554,99935580,99958955,99958959,99958967,99959127,99959128,99959132,99877489,99959133,99877498,99877500,99877505,99877527,99877532,99819413,99819418,99761209,99819423,99877579,99877611,99877620,99934696,99934722,99934761,99934862,99934864,99935536,99935540,99935544,99935545,,,,,,,,,,,,,,,,,,,,,,,,,,,,,,,,,,,,,,,,,,,,,,,,,,,
bb_id,30,0,208,209,210,211,212,213,214,215,216,217,218,223,225,226,227,228,229,234,236,238,239,240,241,242,243,244,245,246,247,252,253,254,255,256,257,258,259,260,261,262,263,264,265,266,267,268,269,270,274,275,276,277,278,,,,,,,,,,,,,,,,,,,,,,,,,,,,,,,,,,,,,,,,,,,,,,,,,,,
bbv,31,0,202,202,202,202,202,25856,25856,25856,25856,413696,25856,25856,25936,25936,25936,414978,25937,25937,203,203,203,809,202,202,25856,25856,25856,413696,25856,25856,607,202,1417,1214,1214,1617,1417,1215,1215,1622,1215,1417,25751,25751,90626,90626,90626,90626,90626,2900032,90625,25750,1416,,,,,,,,,,,,,,,,,,,,,,,,,,,,,,,,,,,,,,,,,,,,,,,,,,,
csv,31,0,99848966,99848988,99818841,99818873,99848956,99848722,99848728,99848737,99848740,99848948,99848949,99848953,99877438,99877445,99877448,99877656,99877657,99877660,99877677,99877681,99877683,99938585,99795258,99795284,99818659,99818663,99818671,99818831,99818832,99818836,99998056,99818837,99998065,99998067,99998072,99998083,99998088,99998090,99998095,99998117,99998122,99998169,99998201,99998210,99999176,99999202,99999241,99999342,99999344,100000016,99999115,99998047,99998048,,,,,,,,,,,,,,,,,,,,,,,,,,,,,,,,,,,,,,,,,,,,,,,,,,,
bb_id,31,0,208,209,210,211,212,213,214,215,216,217,218,223,225,226,227,228,229,234,236,238,239,240,241,242,243,244,245,246,247,252,253,254,255,256,257,258,259,260,261,262,263,264,265,266,267,268,269,270,274,275,276,277,278,,,,,,,,,,,,,,,,,,,,,,,,,,,,,,,,,,,,,,,,,,,,,,,,,,,
bbv,32,0,202,202,202,202,202,25856,25856,25856,25856,413696,25856,25856,25856,25856,25856,413696,25856,25856,202,202,202,809,202,202,25856,25856,25856,413696,25856,25856,607,202,1416,1214,1214,1619,1416,1214,1214,1618,1214,1416,25679,25679,90650,90650,90650,90650,90650,2900780,90650,25679,1416,,,,,,,,,,,,,,,,,,,,,,,,,,,,,,,,,,,,,,,,,,,,,,,,,,,
csv,32,0,99708660,99708682,99678535,99678567,99708650,99708416,99708422,99708431,99708434,99708642,99708643,99708647,99737132,99737139,99737142,99737350,99737351,99737354,99737371,99737375,99737377,99916510,99654952,99654978,99678353,99678357,99678365,99678525,99678526,99678530,99974901,99678531,99974910,99974912,99974917,99974939,99974944,99974946,99974951,99974962,99974967,99975014,99989571,99989580,99999596,99999622,99999661,99999762,99999764,100000016,99999535,99989539,99974893,,,,,,,,,,,,,,,,,,,,,,,,,,,,,,,,,,,,,,,,,,,,,,,,,,,
bb_id,32,0,208,209,210,211,212,213,214,215,216,217,218,223,225,226,227,228,229,234,236,238,239,240,241,242,243,244,245,246,247,252,253,254,255,256,257,258,259,260,261,262,263,264,265,266,267,268,269,270,274,275,276,277,278,,,,,,,,,,,,,,,,,,,,,,,,,,,,,,,,,,,,,,,,,,,,,,,,,,,
bbv,33,0,202,202,202,202,202,25856,25856,25856,25856,413696,25856,25856,25856,25856,25856,413696,25856,25856,202,202,202,809,202,202,25856,25856,25856,413696,25856,25856,607,202,1416,1214,1214,1620,1416,1213,1213,1616,1213,1416,25659,25659,90651,90651,90650,90650,90650,2900820,90651,25659,1416,,,,,,,,,,,,,,,,,,,,,,,,,,,,,,,,,,,,,,,,,,,,,,,,,,,
csv,33,0,99568354,99568376,99538229,99538261,99568344,99568110,99568116,99568125,99568128,99568336,99568337,99568341,99596826,99596833,99596836,99597044,99597045,99597048,99597065,99597069,99597071,99892815,99514646,99514672,99538047,99538051,99538059,99538219,99538220,99538224,99950936,99538225,99950945,99950947,99950952,99950974,99950979,99892860,99892865,99834656,99892870,99951026,99951058,99951067,99999998,100000024,99999158,99999259,99999261,99999933,99999937,99950927,99950928,,,,,,,,,,,,,,,,,,,,,,,,,,,,,,,,,,,,,,,,,,,,,,,,,,,
bb_id,33,0,208,209,210,211,212,213,214,215,216,217,218,223,225,226,227,228,229,234,236,238,239,240,241,242,243,244,245,246,247,252,253,254,255,256,257,258,259,260,261,262,263,264,265,266,267,268,269,270,274,275,276,277,278,,,,,,,,,,,,,,,,,,,,,,,,,,,,,,,,,,,,,,,,,,,,,,,,,,,
bbv,34,0,1,1,1,1,1,1,1,1,28547,28547,28547,28547,3653921,28546,28546,1,1,1,50,50,51,51,51,6528,6528,6528,6528,104448,6528,6528,6400,6400,6400,102400,6400,6400,50,50,50,201,51,51,6528,6528,6528,104448,6528,6528,150,51,350,300,300,400,350,300,300,400,300,350,6350,6350,22409,22409,22410,22410,22410,717120,22410,6351,351,,,,,,,,,,,,,,,,,,,,,,,,,,,,,,,,,
csv,34,0,24780491,24780494,24780511,24780517,24780483,24780484,24780566,24780579,99999297,99999321,99999356,99999359,100000019,99999286,99999289,24780475,24780476,24780428,24286080,24286102,24750310,24750342,24780425,24780191,24780197,24780206,24780209,24780417,24780418,24780422,24314552,24314559,24314562,24314770,24314771,24314774,24314791,24314795,24314797,24726724,24726727,24726753,24750128,24750132,24750140,24750300,24750301,24750305,24668662,24750306,24668671,24668673,24668678,24668700,24668705,24610586,24610591,24552382,24610596,24668752,24668784,24668793,24725869,24725895,24725934,24726035,24726037,24726709,24726713,24726717,24726718,,,,,,,,,,,,,,,,,,,,,,,,,,,,,,,,,
bb_id,34,0,50,52,53,54,106,108,109,110,112,113,114,115,116,117,119,202,204,207,208,209,210,211,212,213,214,215,216,217,218,223,225,226,227,228,229,234,236,238,239,240,241,242,243,244,245,246,247,252,253,254,255,256,257,258,259,260,261,262,263,264,265,266,267,268,269,270,274,275,276,277,278,,,,,,,,,,,,,,,,,,,,,,,,,,,,,,,,,
bbv,35,0,1,1,1,4221,4221,4221,4221,540383,4222,4222,1,1,6,1,1,1,180,180,179,179,179,22912,22912,22912,22912,366592,22912,22912,23040,23040,23040,368640,23040,23040,180,180,180,719,179,179,22912,22912,22912,366592,22912,22912,540,179,1260,1080,1080,1440,1260,1080,1080,1440,1080,1260,22860,22860,80580,80580,80580,80580,80580,2578544,80579,22859,1259,,,,,,,,,,,,,,,,,,,,,,,,,,,,,,,,,,,
csv,35,0,11124304,11124313,11124243,11121613,11121637,11121672,11121675,11124235,11124237,11124240,11124340,11124342,11124378,11124384,11124449,11124457,99614012,99614034,99583887,99583919,99614002,99613768,99613774,99613783,99613786,99613994,99613995,99613999,99642484,99642491,99642494,99642702,99642703,99642706,99642723,99642727,99642729,99938473,99560304,99560330,99583705,99583709,99583717,99583877,99583878,99583882,99996594,99583883,99996603,99996605,99996610,99996632,99996637,99938518,99938523,99880314,99938528,99996684,99996716,99996725,99999501,99999527,99999566,99999667,99999669,100000005,99999440,99996585,99996586,,,,,,,,,,,,,,,,,,,,,,,,,,,,,,,,,,,
bb_id,35,0,56,105,111,112,113,114,115,116,117,119,197,198,199,200,205,206,208,209,210,211,212,213,214,215,216,217,218,223,225,226,227,228,229,234,236,238,239,240,241,242,243,244,245,246,247,252,253,254,255,256,257,258,259,260,261,262,263,264,265,266,267,268,269,270,274,275,276,277,278,,,,,,,,,,,,,,,,,,,,,,,,,,,,,,,,,,,
bbv,36,0,203,203,203,203,203,25984,25984,25984,25984,415744,25984,25984,25984,25984,25984,415744,25984,25984,203,203,203,809,203,203,25984,25984,25984,415744,25984,25984,606,203,1415,1212,1212,1616,1415,1213,1213,1618,1213,1415,25658,25658,90560,90560,90560,90560,90559,2897904,90560,25658,1415,,,,,,,,,,,,,,,,,,,,,,,,,,,,,,,,,,,,,,,,,,,,,,,,,,,
csv,36,0,99968072,99968094,99937947,99937979,99968062,99967828,99967834,99967843,99967846,99968054,99968055,99968059,99996544,99996551,99996554,99996762,99996763,99996766,99996783,99996787,99996789,99914361,99914364,99914390,99937765,99937769,99937777,99937937,99937938,99937942,99856299,99937943,99996798,99856310,99856315,99856337,99996803,99996805,99996810,99996832,99996837,99996884,99999766,99999775,99999836,99999862,99999901,100000002,99999054,99999726,99999730,99999734,99914355,,,,,,,,,,,,,,,,,,,,,,,,,,,,,,,,,,,,,,,,,,,,,,,,,,,
bb_id,36,0,208,209,210,211,212,213,214,215,216,217,218,223,225,226,227,228,229,234,236,238,239,240,241,242,243,244,245,246,247,252,253,254,255,256,257,258,259,260,261,262,263,264,265,266,267,268,269,270,274,275,276,277,278,,,,,,,,,,,,,,,,,,,,,,,,,,,,,,,,,,,,,,,,,,,,,,,,,,,
bbv,37,0,202,202,202,202,202,25856,25856,25856,25856,413696,25856,25856,25856,25856,25856,413696,25856,25856,202,202,202,809,202,202,25856,25856,25856,413696,25856,25856,607,202,1416,1214,1214,1617,1416,1214,1214,1620,1214,1416,25753,25753,90646,90646,90645,90645,90646,2900672,90646,25753,1416,,,,,,,,,,,,,,,,,,,,,,,,,,,,,,,,,,,,,,,,,,,,,,,,,,,
csv,37,0,99827780,99827802,99797655,99797687,99827770,99827536,99827542,99827551,99827554,99827762,99827763,99827767,99856252,99856259,99856262,99856470,99856471,99856474,99856491,99856495,99856497,99917399,99774072,99774098,99797473,99797477,99797485,99797645,99797646,99797650,99976870,99797651,99976879,99976881,99976886,99976897,99976902,99976904,99976909,99976931,99976936,99976983,99999005,99999014,99999980,100000006,99999140,99999241,99999243,99999915,99999919,99998973,99976862,,,,,,,,,,,,,,,,,,,,,,,,,,,,,,,,,,,,,,,,,,,,,,,,,,,
bb_id,37,0,208,209,210,211,212,213,214,215,216,217,218,223,225,226,227,228,229,234,236,238,239,240,241,242,243,244,245,246,247,252,253,254,255,256,257,258,259,260,261,262,263,264,265,266,267,268,269,270,274,275,276,277,278,,,,,,,,,,,,,,,,,,,,,,,,,,,,,,,,,,,,,,,,,,,,,,,,,,,
bbv,38,0,202,202,202,202,202,25856,25856,25856,25856,413696,25856,25856,25856,25856,25856,413696,25856,25856,202,202,202,809,202,202,25856,25856,25856,413696,25856,25856,607,202,1416,1214,1214,1619,1416,1214,1214,1618,1214,1416,25675,25675,90649,90649,90650,90650,90650,2900793,90649,25675,1416,,,,,,,,,,,,,,,,,,,,,,,,,,,,,,,,,,,,,,,,,,,,,,,,,,,
csv,38,0,99687484,99687506,99657359,99657391,99687474,99687240,99687246,99687255,99687258,99687466,99687467,99687471,99715956,99715963,99715966,99716174,99716175,99716178,99716195,99716199,99716201,99895334,99633776,99633802,99657177,99657181,99657189,99657349,99657350,99657354,99953725,99657355,99953734,99953736,99953741,99953763,99953768,99953770,99953775,99953786,99953791,99953838,99997445,99997454,99999325,99999351,99999390,99999491,99999493,100000018,99999264,99997413,99953717,,,,,,,,,,,,,,,,,,,,,,,,,,,,,,,,,,,,,,,,,,,,,,,,,,,
bb_id,38,0,208,209,210,211,212,213,214,215,216,217,218,223,225,226,227,228,229,234,236,238,239,240,241,242,243,244,245,246,247,252,253,254,255,256,257,258,259,260,261,262,263,264,265,266,267,268,269,270,274,275,276,277,278,,,,,,,,,,,,,,,,,,,,,,,,,,,,,,,,,,,,,,,,,,,,,,,,,,,
bbv,39,0,202,202,202,202,202,25856,25856,25856,25856,413696,25856,25856,25856,25856,25856,413696,25856,25856,202,202,202,810,203,203,25923,25923,25922,414752,25922,25922,607,202,1416,1214,1214,1620,1416,1213,1213,1616,1213,1416,25657,25657,90637,90637,90637,90637,90637,2900391,90638,25658,1417,,,,,,,,,,,,,,,,,,,,,,,,,,,,,,,,,,,,,,,,,,,,,,,,,,,
csv,39,0,99547176,99547198,99517051,99517083,99547166,99546932,99546938,99546947,99546950,99547158,99547159,99547163,99575648,99575655,99575658,99575866,99575867,99575870,99575887,99575891,99575893,99987820,99987823,99987849,100000000,100000004,99999828,99999988,99999989,99999993,99929758,99517047,99929767,99929769,99929774,99929796,99929801,99871682,99871687,99813478,99871692,99929848,99929880,99929889,99986965,99986991,99987030,99987131,99987133,99987805,99987809,99987813,99987814,,,,,,,,,,,,,,,,,,,,,,,,,,,,,,,,,,,,,,,,,,,,,,,,,,,
bb_id,39,0,208,209,210,211,212,213,214,215,216,217,218,223,225,226,227,228,229,234,236,238,239,240,241,242,243,244,245,246,247,252,253,254,255,256,257,258,259,260,261,262,263,264,265,266,267,268,269,270,274,275,276,277,278,,,,,,,,,,,,,,,,,,,,,,,,,,,,,,,,,,,,,,,,,,,,,,,,,,,
bbv,40,0,203,203,203,203,203,25984,25984,25984,25984,415744,25984,25984,25984,25984,25984,415744,25984,25984,203,203,203,809,202,202,25917,25917,25918,414688,25918,25918,606,203,1416,1213,1213,1616,1416,1214,1214,1620,1214,1416,25723,25723,90570,90570,90570,90570,90570,2898230,90569,25722,1415,,,,,,,,,,,,,,,,,,,,,,,,,,,,,,,,,,,,,,,,,,,,,,,,,,,
csv,40,0,99901237,99901259,99871112,99871144,99901227,99900993,99900999,99901008,99901011,99901219,99901220,99901224,99929709,99929716,99929719,99929927,99929928,99929931,99929948,99929952,99929954,99990856,99847529,99847555,99870930,99870934,99870942,99871102,99871103,99871107,99789464,99871108,99990865,99990867,99990872,99789502,99990877,99990879,99990884,99990906,99990911,99990958,99998410,99998419,99999385,99999411,99999450,99999551,99999553,100000015,99999324,99998378,99990850,,,,,,,,,,,,,,,,,,,,,,,,,,,,,,,,,,,,,,,,,,,,,,,,,,,
bb_id,40,0,208,209,210,211,212,213,214,215,216,217,218,223,225,226,227,228,229,234,236,238,239,240,241,242,243,244,245,246,247,252,253,254,255,256,257,258,259,260,261,262,263,264,265,266,267,268,269,270,274,275,276,277,278,,,,,,,,,,,,,,,,,,,,,,,,,,,,,,,,,,,,,,,,,,,,,,,,,,,
bbv,41,0,202,202,202,202,202,25856,25856,25856,25856,413696,25856,25856,25856,25856,25856,413696,25856,25856,202,202,202,809,202,202,25856,25856,25856,413696,25856,25856,607,202,1416,1214,1214,1618,1416,1214,1214,1619,1214,1416,25702,25702,90649,90649,90649,90648,90648,2900746,90649,25702,1416,,,,,,,,,,,,,,,,,,,,,,,,,,,,,,,,,,,,,,,,,,,,,,,,,,,
csv,41,0,99760932,99760954,99730807,99730839,99760922,99760688,99760694,99760703,99760706,99760914,99760915,99760919,99789404,99789411,99789414,99789622,99789623,99789626,99789643,99789647,99789649,99968782,99707224,99707250,99730625,99730629,99730637,99730797,99730798,99730802,99910022,99730803,99968791,99968793,99968798,99968809,99968814,99968816,99968821,99968832,99968837,99968884,99998056,99998065,99999936,99999962,100000001,99999197,99999199,99999871,99999875,99998024,99968776,,,,,,,,,,,,,,,,,,,,,,,,,,,,,,,,,,,,,,,,,,,,,,,,,,,
bb_id,41,0,208,209,210,211,212,213,214,215,216,217,218,223,225,226,227,228,229,234,236,238,239,240,241,242,243,244,245,246,247,252,253,254,255,256,257,258,259,260,261,262,263,264,265,266,267,268,269,270,274,275,276,277,278,,,,,,,,,,,,,,,,,,,,,,,,,,,,,,,,,,,,,,,,,,,,,,,,,,,
bbv,42,0,202,202,202,202,202,25856,25856,25856,25856,413696,25856,25856,25856,25856,25856,413696,25856,25856,202,202,202,809,202,202,25856,25856,25856,413696,25856,25856,607,202,1416,1214,1214,1620,1416,1214,1214,1617,1214,1416,25663,25663,90650,90650,90650,90651,90651,2900809,90650,25663,1416,,,,,,,,,,,,,,,,,,,,,,,,,,,,,,,,,,,,,,,,,,,,,,,,,,,
csv,42,0,99620641,99620663,99590516,99590548,99620631,99620397,99620403,99620412,99620415,99620623,99620624,99620628,99649113,99649120,99649123,99649331,99649332,99649335,99649352,99649356,99649358,99945102,99566933,99566959,99590334,99590338,99590346,99590506,99590507,99590511,99886882,99590512,99945111,99945113,99945118,99945140,99945145,99945147,99945152,99886943,99945157,99945204,99974241,99974250,99999651,99999677,99999716,99999817,99999819,100000008,99999590,99974209,99945096,,,,,,,,,,,,,,,,,,,,,,,,,,,,,,,,,,,,,,,,,,,,,,,,,,,
bb_id,42,0,208,209,210,211,212,213,214,215,216,217,218,223,225,226,227,228,229,234,236,238,239,240,241,242,243,244,245,246,247,252,253,254,255,256,257,258,259,260,261,262,263,264,265,266,267,268,269,270,274,275,276,277,278,,,,,,,,,,,,,,,,,,,,,,,,,,,,,,,,,,,,,,,,,,,,,,,,,,,
bbv,43,0,203,203,203,203,203,25984,25984,25984,25984,415744,25984,25984,25969,25969,25969,415502,25968,25968,202,202,202,809,203,203,25984,25984,25984,415744,25984,25984,607,203,1415,1213,1213,1618,1415,1212,1212,1616,1212,1415,25655,25655,90563,90563,90563,90563,90563,2898039,90564,25656,1416,,,,,,,,,,,,,,,,,,,,,,,,,,,,,,,,,,,,,,,,,,,,,,,,,,,
csv,43,0,99974698,99974720,99944573,99944605,99974688,99974454,99974460,99974469,99974472,99974680,99974681,99974685,99999810,99999817,99999820,100000002,99999805,99999808,99509054,99509058,99509060,99920987,99920990,99921016,99944391,99944395,99944403,99944563,99944564,99944568,99862925,99944569,99862934,99862936,99862941,99862963,99862968,99804849,99804854,99746645,99804859,99863015,99863047,99863056,99920132,99920158,99920197,99920298,99920300,99920972,99920976,99920980,99920981,,,,,,,,,,,,,,,,,,,,,,,,,,,,,,,,,,,,,,,,,,,,,,,,,,,
bb_id,43,0,208,209,210,211,212,213,214,215,216,217,218,223,225,226,227,228,229,234,236,238,239,240,241,242,243,244,245,246,247,252,253,254,255,256,257,258,259,260,261,262,263,264,265,266,267,268,269,270,274,275,276,277,278,,,,,,,,,,,,,,,,,,,,,,,,,,,,,,,,,,,,,,,,,,,,,,,,,,,
bbv,44,0,202,202,202,202,202,25856,25856,25856,25856,413696,25856,25856,25871,25871,25871,413938,25872,25872,203,203,203,809,202,202,25856,25856,25856,413696,25856,25856,607,202,1417,1214,1214,1617,1417,1215,1215,1622,1215,1417,25755,25755,90642,90642,90642,90642,90642,2900539,90641,25754,1416,,,,,,,,,,,,,,,,,,,,,,,,,,,,,,,,,,,,,,,,,,,,,,,,,,,
csv,44,0,99834406,99834428,99804281,99804313,99834396,99834162,99834168,99834177,99834180,99834388,99834389,99834393,99862878,99862885,99862888,99863096,99863097,99863100,99863117,99863121,99863123,99924025,99780698,99780724,99804099,99804103,99804111,99804271,99804272,99804276,99983496,99804277,99983505,99983507,99983512,99983523,99983528,99983530,99983535,99983557,99983562,99983609,99998301,99998310,99999276,99999302,99999341,99999442,99999444,100000011,99999215,99998269,99983488,,,,,,,,,,,,,,,,,,,,,,,,,,,,,,,,,,,,,,,,,,,,,,,,,,,
bb_id,44,0,208,209,210,211,212,213,214,215,216,217,218,223,225,226,227,228,229,234,236,238,239,240,241,242,243,244,245,246,247,252,253,254,255,256,257,258,259,260,261,262,263,264,265,266,267,268,269,270,274,275,276,277,278,,,,,,,,,,,,,,,,,,,,,,,,,,,,,,,,,,,,,,,,,,,,,,,,,,,
bbv,45,0,1,1,7,1,1,1,1,47,47,48,48,48,6144,6144,6144,6144,98304,6144,6144,6016,6016,6016,96256,6016,6016,120,120,120,480,48,48,6144,6144,6144,98304,6144,6144,432,120,912,792,792,1104,912,792,792,1104,792,912,24563,24563,95404,95404,95403,95403,95403,3052901,95404,24563,912,1,1,73,73,72,72,72,18432,18432,18432,18432,294912,18432,18432,18688,18688,18688,299008,18688,18688,,,,,,,,,,,,,,,,,,,,,,,,
csv,45,0,23563503,23563505,23563547,23563553,23563475,23563476,23563428,23069080,23069102,23533310,23533342,23563425,23563191,23563197,23563206,23563209,23563417,23563418,23563422,23097552,23097559,23097562,23097770,23097771,23097774,99703347,99703351,99703353,99825055,23509727,23509753,23533128,23533132,23533140,23533300,23533301,23533305,99943886,99585755,99943895,99943897,99943902,99943913,99943918,99943920,99943925,99943947,99943952,99943999,99999006,99999015,99999981,100000007,99999141,99999242,99999244,99999916,99999920,99998974,99943878,23563618,23563626,99645964,99645986,99585759,99585791,99645954,99645720,99645726,99645735,99645738,99645946,99645947,99645951,99703108,99703115,99703118,99703326,99703327,99703330,,,,,,,,,,,,,,,,,,,,,,,,
bb_id,45,0,189,190,191,192,202,204,207,208,209,210,211,212,213,214,215,216,217,218,223,225,226,227,228,229,234,236,238,239,240,241,242,243,244,245,246,247,252,253,254,255,256,257,258,259,260,261,262,263,264,265,266,267,268,269,270,274,275,276,277,278,279,280,282,283,284,285,286,287,288,289,290,291,292,297,299,300,301,302,303,308,,,,,,,,,,,,,,,,,,,,,,,,
bbv,46,0,94,94,94,379,379,95,757,663,663,949,757,662,662,944,662,757,24017,24017,96962,96962,96963,96963,96963,3102816,96963,24018,758,94,94,95,95,94,24183,24183,24183,24183,386917,24182,24182,24064,24064,24064,385024,24064,24064,,,,,,,,,,,,,,,,,,,,,,,,,,,,,,,,,,,,,,,,,,,,,,,,,,,,,,,,,,,
csv,46,0,99033046,99033050,99033052,99856168,99972152,99972153,99856177,99856179,99856184,99856206,99856211,99740174,99740179,99624048,99740184,99856258,99856290,99856299,99971295,99971321,99971360,99971461,99971463,99972135,99972139,99972143,99972144,98975663,98975685,99972157,99972189,98975653,99999923,99999929,99999938,99999941,100000006,99999915,99999919,99032807,99032814,99032817,99033025,99033026,99033029,,,,,,,,,,,,,,,,,,,,,,,,,,,,,,,,,,,,,,,,,,,,,,,,,,,,,,,,,,,
bb_id,46,0,236,238,239,240,253,254,255,256,257,258,259,260,261,262,263,264,265,266,267,268,269,270,274,275,276,277,278,282,283,284,285,286,287,288,289,290,291,292,297,299,300,301,302,303,308,,,,,,,,,,,,,,,,,,,,,,,,,,,,,,,,,,,,,,,,,,,,,,,,,,,,,,,,,,,
bbv,47,0,95,95,95,378,378,94,757,662,662,944,757,663,663,949,663,757,24218,24218,96885,96885,96885,96885,96885,3100301,96884,24217,756,95,95,94,94,95,24201,24201,24201,24201,387227,24202,24202,24320,24320,24320,389120,24320,24320,,,,,,,,,,,,,,,,,,,,,,,,,,,,,,,,,,,,,,,,,,,,,,,,,,,,,,,,,,,
csv,47,0,99419445,99419449,99419451,99777384,99894066,99301853,99894075,99894077,99894082,99894104,99894109,99894111,99894116,99894127,99894132,99894179,99995886,99995895,99999576,99999602,99999641,99999742,99999744,100000017,99999515,99995854,99894058,99362062,99362084,99301857,99301889,99362052,99361818,99361824,99361833,99361836,99362044,99362045,99362049,99419206,99419213,99419216,99419424,99419425,99419428,,,,,,,,,,,,,,,,,,,,,,,,,,,,,,,,,,,,,,,,,,,,,,,,,,,,,,,,,,,
bb_id,47,0,236,238,239,240,253,254,255,256,257,258,259,260,261,262,263,264,265,266,267,268,269,270,274,275,276,277,278,282,283,284,285,286,287,288,289,290,291,292,297,299,300,301,302,303,308,,,,,,,,,,,,,,,,,,,,,,,,,,,,,,,,,,,,,,,,,,,,,,,,,,,,,,,,,,,
bbv,48,0,95,95,95,379,378,95,757,662,662,946,757,662,662,945,662,757,24145,24144,96857,96857,96857,96857,96857,3099443,96858,24145,757,95,95,95,95,95,24320,24320,24320,24320,389120,24320,24320,24320,24320,24320,389120,24320,24320,,,,,,,,,,,,,,,,,,,,,,,,,,,,,,,,,,,,,,,,,,,,,,,,,,,,,,,,,,,
csv,48,0,99805833,99805837,99805839,99927541,99688240,99688241,99927550,99927552,99927557,99572294,99927562,99927564,99927569,99927591,99927596,99927643,100000020,99998174,99999140,99999166,99999205,99999306,99999308,99999980,99999984,99999988,99927535,99748450,99748472,99688245,99688277,99748440,99748206,99748212,99748221,99748224,99748432,99748433,99748437,99805594,99805601,99805604,99805812,99805813,99805816,,,,,,,,,,,,,,,,,,,,,,,,,,,,,,,,,,,,,,,,,,,,,,,,,,,,,,,,,,,
bb_id,48,0,236,238,239,240,253,254,255,256,257,258,259,260,261,262,263,264,265,266,267,268,269,270,274,275,276,277,278,282,283,284,285,286,287,288,289,290,291,292,297,299,300,301,302,303,308,,,,,,,,,,,,,,,,,,,,,,,,,,,,,,,,,,,,,,,,,,,,,,,,,,,,,,,,,,,
bbv,49,0,94,94,94,379,379,94,758,664,664,950,758,663,663,946,663,758,24057,24058,96992,96992,96992,96992,96992,3103726,96991,24057,758,94,94,94,94,94,24064,24064,24064,24064,385024,24064,24064,24064,24064,24064,385024,24064,24064,,,,,,,,,,,,,,,,,,,,,,,,,,,,,,,,,,,,,,,,,,,,,,,,,,,,,,,,,,,
csv,49,0,99135519,99135523,99135525,99958641,99842602,99017927,99958650,99958652,99958657,99958679,99958684,99842647,99842652,99726521,99842657,99958731,99958763,99958772,99999558,99999584,99999623,99999724,99999726,100000020,99999497,99958634,99958635,99078136,99078158,99017931,99017963,99078126,99077892,99077898,99077907,99077910,99078118,99078119,99078123,99135280,99135287,99135290,99135498,99135499,99135502,,,,,,,,,,,,,,,,,,,,,,,,,,,,,,,,,,,,,,,,,,,,,,,,,,,,,,,,,,,
bb_id,49,0,236,238,239,240,253,254,255,256,257,258,259,260,261,262,263,264,265,266,267,268,269,270,274,275,276,277,278,282,283,284,285,286,287,288,289,290,291,292,297,299,300,301,302,303,308,,,,,,,,,,,,,,,,,,,,,,,,,,,,,,,,,,,,,,,,,,,,,,,,,,,,,,,,,,,
bbv,50,0,95,95,95,378,379,95,757,662,662,944,757,663,663,949,663,757,24211,24211,96854,96854,96854,96854,96854,3099332,96854,24211,757,95,95,95,95,95,24320,24320,24320,24320,389120,24320,24320,24320,24320,24320,389120,24320,24320,,,,,,,,,,,,,,,,,,,,,,,,,,,,,,,,,,,,,,,,,,,,,,,,,,,,,,,,,,,
csv,50,0,99521904,99521908,99521910,99879843,99996525,99404312,99996534,99996536,99996541,99996563,99996568,99996570,99996575,99996586,99996591,99996638,99996670,99996679,99999455,99999481,99999520,99999621,99999623,100000001,99999394,99996516,99996517,99464521,99464543,99404316,99404348,99464511,99464277,99464283,99464292,99464295,99464503,99464504,99464508,99521665,99521672,99521675,99521883,99521884,99521887,,,,,,,,,,,,,,,,,,,,,,,,,,,,,,,,,,,,,,,,,,,,,,,,,,,,,,,,,,,
bb_id,50,0,236,238,239,240,253,254,255,256,257,258,259,260,261,262,263,264,265,266,267,268,269,270,274,275,276,277,278,282,283,284,285,286,287,288,289,290,291,292,297,299,300,301,302,303,308,,,,,,,,,,,,,,,,,,,,,,,,,,,,,,,,,,,,,,,,,,,,,,,,,,,,,,,,,,,
bbv,51,0,95,95,95,378,378,95,756,661,661,946,756,661,661,943,661,756,24081,24081,96861,96861,96861,96861,96861,3099540,96861,24081,756,95,95,95,95,95,24320,24320,24320,24320,389120,24320,24320,24320,24320,24320,389120,24320,24320,,,,,,,,,,,,,,,,,,,,,,,,,,,,,,,,,,,,,,,,,,,,,,,,,,,,,,,,,,,
csv,51,0,99908308,99908312,99908314,99674731,99790715,99790716,99908323,99674742,99674747,99674769,99908328,99908330,99908335,99908357,99908362,99908409,99999641,99999650,99999711,99999737,99999776,99999877,99999879,100000005,99999605,99999609,99790707,99850925,99850947,99790720,99790752,99850915,99850681,99850687,99850696,99850699,99850907,99850908,99850912,99908069,99908076,99908079,99908287,99908288,99908291,,,,,,,,,,,,,,,,,,,,,,,,,,,,,,,,,,,,,,,,,,,,,,,,,,,,,,,,,,,
bb_id,51,0,236,238,239,240,253,254,255,256,257,258,259,260,261,262,263,264,265,266,267,268,269,270,274,275,276,277,278,282,283,284,285,286,287,288,289,290,291,292,297,299,300,301,302,303,308,,,,,,,,,,,,,,,,,,,,,,,,,,,,,,,,,,,,,,,,,,,,,,,,,,,,,,,,,,,
bbv,52,0,94,94,94,379,379,94,758,664,664,948,758,664,664,948,664,758,24126,24126,96988,96988,96988,96988,96988,3103622,96988,24126,758,94,94,94,94,94,24064,24064,24064,24064,385024,24064,24064,24064,24064,24064,385024,24064,24064,,,,,,,,,,,,,,,,,,,,,,,,,,,,,,,,,,,,,,,,,,,,,,,,,,,,,,,,,,,
csv,52,0,99238009,99238013,99238015,99828950,99945092,99120417,99945101,99945103,99945108,99945130,99945135,99945137,99945142,99829011,99945147,99945194,99945226,99945235,99999596,99999622,99999661,99999762,99999764,100000016,99999535,99945083,99945084,99180626,99180648,99120421,99120453,99180616,99180382,99180388,99180397,99180400,99180608,99180609,99180613,99237770,99237777,99237780,99237988,99237989,99237992,,,,,,,,,,,,,,,,,,,,,,,,,,,,,,,,,,,,,,,,,,,,,,,,,,,,,,,,,,,
bb_id,52,0,236,238,239,240,253,254,255,256,257,258,259,260,261,262,263,264,265,266,267,268,269,270,274,275,276,277,278,282,283,284,285,286,287,288,289,290,291,292,297,299,300,301,302,303,308,,,,,,,,,,,,,,,,,,,,,,,,,,,,,,,,,,,,,,,,,,,,,,,,,,,,,,,,,,,
bbv,53,0,95,95,95,379,378,95,757,662,662,944,757,662,662,948,662,757,24199,24199,96855,96855,96855,96855,96854,3099348,96855,24199,757,95,95,95,95,95,24320,24320,24320,24320,389120,24320,24320,24320,24320,24320,389120,24320,24320,,,,,,,,,,,,,,,,,,,,,,,,,,,,,,,,,,,,,,,,,,,,,,,,,,,,,,,,,,,
csv,53,0,99624398,99624402,99624404,99982337,99864937,99506806,99982346,99982348,99982353,99982364,99982369,99982371,99982376,99982398,99982403,99982450,99997052,99997061,99999837,99999863,99999902,100000003,99999100,99999772,99999776,99997020,99982331,99567015,99567037,99506810,99506842,99567005,99566771,99566777,99566786,99566789,99566997,99566998,99567002,99624159,99624166,99624169,99624377,99624378,99624381,,,,,,,,,,,,,,,,,,,,,,,,,,,,,,,,,,,,,,,,,,,,,,,,,,,,,,,,,,,
bb_id,53,0,236,238,239,240,253,254,255,256,257,258,259,260,261,262,263,264,265,266,267,268,269,270,274,275,276,277,278,282,283,284,285,286,287,288,289,290,291,292,297,299,300,301,302,303,308,,,,,,,,,,,,,,,,,,,,,,,,,,,,,,,,,,,,,,,,,,,,,,,,,,,,,,,,,,,
bbv,54,0,94,94,94,378,379,95,756,662,662,948,756,661,661,942,661,756,23998,23998,96876,96876,96876,96876,96877,3100064,96877,23999,757,95,95,95,95,95,24320,24320,24320,24320,389120,24320,24320,24272,24272,24272,388350,24271,24271,,,,,,,,,,,,,,,,,,,,,,,,,,,,,,,,,,,,,,,,,,,,,,,,,,,,,,,,,,,
csv,54,0,98954101,98954105,98954107,99777223,99893207,99893208,99777232,99777234,99777239,99777261,99777266,99661229,99661234,99545103,99661239,99777313,99777345,99777354,99892350,99892376,99892415,99892516,99892518,99893190,99893194,99893198,99893199,99953417,99953439,99893212,99893244,99953407,99953173,99953179,99953188,99953191,99953399,99953400,99953404,99999809,99999816,99999819,100000001,99999804,99999807,,,,,,,,,,,,,,,,,,,,,,,,,,,,,,,,,,,,,,,,,,,,,,,,,,,,,,,,,,,
bb_id,54,0,236,238,239,240,253,254,255,256,257,258,259,260,261,262,263,264,265,266,267,268,269,270,274,275,276,277,278,282,283,284,285,286,287,288,289,290,291,292,297,299,300,301,302,303,308,,,,,,,,,,,,,,,,,,,,,,,,,,,,,,,,,,,,,,,,,,,,,,,,,,,,,,,,,,,
bbv,55,0,95,95,95,379,378,94,758,663,663,946,758,664,664,950,664,758,24221,24221,96972,96972,96972,96972,96972,3103082,96971,24220,757,94,94,94,94,94,24064,24064,24064,24064,385024,24064,24064,24112,24112,24112,385794,24113,24113,,,,,,,,,,,,,,,,,,,,,,,,,,,,,,,,,,,,,,,,,,,,,,,,,,,,,,,,,,,
csv,55,0,99340505,99340509,99340511,99931446,99815126,99222913,99931455,99931457,99931462,99931484,99931489,99931491,99931496,99931507,99931512,99931559,99989601,99989610,99999626,99999652,99999691,99999792,99999794,100000004,99999565,99989569,99931440,99283122,99283144,99222917,99222949,99283112,99282878,99282884,99282893,99282896,99283104,99283105,99283109,99340266,99340273,99340276,99340484,99340485,99340488,,,,,,,,,,,,,,,,,,,,,,,,,,,,,,,,,,,,,,,,,,,,,,,,,,,,,,,,,,,
bb_id,55,0,236,238,239,240,253,254,255,256,257,258,259,260,261,262,263,264,265,266,267,268,269,270,274,275,276,277,278,282,283,284,285,286,287,288,289,290,291,292,297,299,300,301,302,303,308,,,,,,,,,,,,,,,,,,,,,,,,,,,,,,,,,,,,,,,,,,,,,,,,,,,,,,,,,,,
bbv,56,0,1,1,7,1,1,1,93,93,93,371,371,93,742,649,649,926,742,649,649,928,649,742,23689,23689,94907,94906,94906,94906,94906,3037014,94907,23689,742,1,5,5,6,6,6,1536,1536,1536,1536,24576,1536,1536,1280,1280,1280,20480,1280,1280,1,1,88,88,87,87,87,2784,2784,2784,2784,2784,356352,2816,2816,2816,2816,2816,360448,,,,,,,,,,,,,,,,,,,,,,,,,,,,,,,,,
csv,56,0,5623382,5623384,5623426,5623432,5623352,5623353,99636436,99636440,99636442,99994375,99876975,99495742,99994384,99994386,99994391,99994402,99994407,99994409,99994414,99994436,99994441,99994488,99994520,99994529,100000020,99999141,99999180,99999281,99999283,99999955,99999959,99994368,99994369,5623305,4566613,4566635,5563107,5563139,5623302,5623068,5623074,5623083,5623086,5623294,5623295,5623299,4623757,4623764,4623767,4623975,4623976,4623979,5623497,5623501,99566197,99566211,99495746,99495753,99566188,99563988,99563999,99564003,99566182,99566185,99566179,99634227,99634235,99634238,99636416,99636419,99636414,,,,,,,,,,,,,,,,,,,,,,,,,,,,,,,,,
bb_id,56,0,181,182,183,184,194,196,236,238,239,240,253,254,255,256,257,258,259,260,261,262,263,264,265,266,267,268,269,270,274,275,276,277,278,281,282,283,284,285,286,287,288,289,290,291,292,297,299,300,301,302,303,308,310,311,313,314,315,316,317,318,319,320,321,323,324,325,326,327,328,330,331,,,,,,,,,,,,,,,,,,,,,,,,,,,,,,,,,
bbv,57,0,92,92,92,370,371,93,740,648,648,928,740,647,647,922,647,740,23490,23490,94841,94842,94842,94842,94842,3034944,94842,23491,741,93,93,93,93,93,2976,2976,2976,2976,2976,380928,2950,2950,2950,2949,2949,377551,,,,,,,,,,,,,,,,,,,,,,,,,,,,,,,,,,,,,,,,,,,,,,,,,,,,,,,,,,,,
csv,57,0,98978108,98978112,98978114,99801230,99917214,99917215,99801239,99801241,99801246,99801268,99801273,99685236,99685241,99569110,99685246,99801320,99801352,99801361,99916357,99916383,99916422,99916523,99916525,99917197,99917201,99917205,99917206,99987670,99987684,99917219,99917226,99987661,99985461,99985472,99985476,99987655,99987658,99987652,99998656,99998664,99998667,99998651,99998654,100000010,,,,,,,,,,,,,,,,,,,,,,,,,,,,,,,,,,,,,,,,,,,,,,,,,,,,,,,,,,,,
bb_id,57,0,236,238,239,240,253,254,255,256,257,258,259,260,261,262,263,264,265,266,267,268,269,270,274,275,276,277,278,313,314,315,316,317,318,319,320,321,323,324,325,326,327,328,330,331,,,,,,,,,,,,,,,,,,,,,,,,,,,,,,,,,,,,,,,,,,,,,,,,,,,,,,,,,,,,
bbv,58,0,93,93,93,371,370,92,742,649,649,926,742,650,650,930,650,742,23709,23709,94859,94859,94859,94859,94859,3035458,94858,23708,741,92,92,92,92,92,2944,2944,2944,2944,2944,376832,2970,2970,2970,2971,2971,380209,,,,,,,,,,,,,,,,,,,,,,,,,,,,,,,,,,,,,,,,,,,,,,,,,,,,,,,,,,,,
csv,58,0,99399591,99399595,99399597,99990532,99874212,99258897,99990541,99990543,99990548,99990570,99990575,99990577,99990582,99990593,99990598,99990645,99990677,99990686,99999797,99999823,99999862,99999963,99999965,100000007,99999736,99990525,99990526,99329352,99329366,99258901,99258908,99329343,99327143,99327154,99327158,99329337,99329340,99329334,99397382,99397390,99397393,99399571,99399574,99399569,,,,,,,,,,,,,,,,,,,,,,,,,,,,,,,,,,,,,,,,,,,,,,,,,,,,,,,,,,,,
bb_id,58,0,236,238,239,240,253,254,255,256,257,258,259,260,261,262,263,264,265,266,267,268,269,270,274,275,276,277,278,313,314,315,316,317,318,319,320,321,323,324,325,326,327,328,330,331,,,,,,,,,,,,,,,,,,,,,,,,,,,,,,,,,,,,,,,,,,,,,,,,,,,,,,,,,,,,
bbv,59,0,93,93,93,370,370,93,740,647,647,924,740,647,647,924,647,740,23625,23625,94771,94771,94771,94771,94771,3032684,94771,23625,740,93,93,93,93,93,2976,2976,2976,2976,2976,380928,2976,2976,2976,2976,2976,380928,,,,,,,,,,,,,,,,,,,,,,,,,,,,,,,,,,,,,,,,,,,,,,,,,,,,,,,,,,,,
csv,59,0,99821077,99821081,99821083,99942785,99680382,99680383,99942794,99942796,99942801,99564436,99942806,99942808,99942813,99942835,99942840,99942887,99998569,99998578,99999544,99999570,99999609,99999710,99999712,100000006,99999483,99998537,99942779,99750838,99750852,99680387,99680394,99750829,99748629,99748640,99748644,99750823,99750826,99750820,99818868,99818876,99818879,99821057,99821060,99821055,,,,,,,,,,,,,,,,,,,,,,,,,,,,,,,,,,,,,,,,,,,,,,,,,,,,,,,,,,,,
bb_id,59,0,236,238,239,240,253,254,255,256,257,258,259,260,261,262,263,264,265,266,267,268,269,270,274,275,276,277,278,313,314,315,316,317,318,319,320,321,323,324,325,326,327,328,330,331,,,,,,,,,,,,,,,,,,,,,,,,,,,,,,,,,,,,,,,,,,,,,,,,,,,,,,,,,,,,
bbv,60,0,92,92,92,371,371,92,742,650,650,930,742,649,649,926,649,742,23556,23556,94930,94930,94930,94930,94930,3037755,94930,23556,742,92,92,92,92,92,2944,2944,2944,2944,2944,376832,2944,2944,2944,2944,2944,376832,,,,,,,,,,,,,,,,,,,,,,,,,,,,,,,,,,,,,,,,,,,,,,,,,,,,,,,,,,,,
csv,60,0,99162763,99162767,99162769,99985885,99869846,99022069,99985894,99985896,99985901,99985923,99985928,99869891,99869896,99753765,99869901,99985975,99986007,99986016,99999652,99999678,99999717,99999818,99999820,100000009,99999591,99985878,99985879,99092524,99092538,99022073,99022080,99092515,99090315,99090326,99090330,99092509,99092512,99092506,99160554,99160562,99160565,99162743,99162746,99162741,,,,,,,,,,,,,,,,,,,,,,,,,,,,,,,,,,,,,,,,,,,,,,,,,,,,,,,,,,,,
bb_id,60,0,236,238,239,240,253,254,255,256,257,258,259,260,261,262,263,264,265,266,267,268,269,270,274,275,276,277,278,313,314,315,316,317,318,319,320,321,323,324,325,326,327,328,330,331,,,,,,,,,,,,,,,,,,,,,,,,,,,,,,,,,,,,,,,,,,,,,,,,,,,,,,,,,,,,
bbv,61,0,93,93,93,370,370,93,740,647,647,922,740,648,648,928,648,740,23692,23692,94768,94768,94768,94768,94768,3032572,94768,23692,740,93,93,93,93,93,2976,2976,2976,2976,2976,380928,2976,2976,2976,2976,2976,380928,,,,,,,,,,,,,,,,,,,,,,,,,,,,,,,,,,,,,,,,,,,,,,,,,,,,,,,,,,,,
csv,61,0,99584247,99584251,99584253,99942186,99824786,99443553,99942195,99942197,99942202,99942213,99942218,99942220,99942225,99942247,99942252,99942299,99993326,99993335,99999731,99999757,99999796,99999897,99999899,100000004,99999670,99993294,99942180,99514008,99514022,99443557,99443564,99513999,99511799,99511810,99511814,99513993,99513996,99513990,99582038,99582046,99582049,99584227,99584230,99584225,,,,,,,,,,,,,,,,,,,,,,,,,,,,,,,,,,,,,,,,,,,,,,,,,,,,,,,,,,,,
bb_id,61,0,236,238,239,240,253,254,255,256,257,258,259,260,261,262,263,264,265,266,267,268,269,270,274,275,276,277,278,313,314,315,316,317,318,319,320,321,323,324,325,326,327,328,330,331,,,,,,,,,,,,,,,,,,,,,,,,,,,,,,,,,,,,,,,,,,,,,,,,,,,,,,,,,,,,
bbv,62,0,92,92,92,370,371,93,740,648,648,928,740,647,647,922,647,740,23483,23483,94784,94784,94784,94784,94784,3033115,94785,23484,741,93,93,93,93,93,2976,2976,2976,2976,2976,380928,2974,2974,2974,2973,2973,380595,,,,,,,,,,,,,,,,,,,,,,,,,,,,,,,,,,,,,,,,,,,,,,,,,,,,,,,,,,,,
csv,62,0,98925935,98925939,98925941,99749057,99865041,99865042,99749066,99749068,99749073,99749095,99749100,99633063,99633068,99516937,99633073,99749147,99749179,99749188,99864184,99864210,99864249,99864350,99864352,99865024,99865028,99865032,99865033,99935497,99935511,99865046,99865053,99935488,99933288,99933299,99933303,99935482,99935485,99935479,99999139,99999147,99999150,99999134,99999137,100000017,,,,,,,,,,,,,,,,,,,,,,,,,,,,,,,,,,,,,,,,,,,,,,,,,,,,,,,,,,,,
bb_id,62,0,236,238,239,240,253,254,255,256,257,258,259,260,261,262,263,264,265,266,267,268,269,270,274,275,276,277,278,313,314,315,316,317,318,319,320,321,323,324,325,326,327,328,330,331,,,,,,,,,,,,,,,,,,,,,,,,,,,,,,,,,,,,,,,,,,,,,,,,,,,,,,,,,,,,
bbv,63,0,93,93,93,371,370,92,742,649,649,926,742,650,650,930,650,742,23711,23711,94916,94916,94916,94916,94916,3037306,94915,23710,741,92,92,92,92,92,2944,2944,2944,2944,2944,376832,2946,2946,2946,2947,2947,377165,,,,,,,,,,,,,,,,,,,,,,,,,,,,,,,,,,,,,,,,,,,,,,,,,,,,,,,,,,,,
csv,63,0,99347411,99347415,99347417,99938352,99822032,99206717,99938361,99938363,99938368,99938390,99938395,99938397,99938402,99938413,99938418,99938465,99996507,99996516,99999292,99999318,99999357,99999458,99999460,100000006,99999231,99996475,99938346,99277172,99277186,99206721,99206728,99277163,99274963,99274974,99274978,99277157,99277160,99277154,99345202,99345210,99345213,99347391,99347394,99347389,,,,,,,,,,,,,,,,,,,,,,,,,,,,,,,,,,,,,,,,,,,,,,,,,,,,,,,,,,,,
bb_id,63,0,236,238,239,240,253,254,255,256,257,258,259,260,261,262,263,264,265,266,267,268,269,270,274,275,276,277,278,313,314,315,316,317,318,319,320,321,323,324,325,326,327,328,330,331,,,,,,,,,,,,,,,,,,,,,,,,,,,,,,,,,,,,,,,,,,,,,,,,,,,,,,,,,,,,
bbv,64,0,93,93,93,370,370,93,740,647,647,924,740,647,647,924,647,740,23651,23651,94770,94770,94770,94770,94770,3032640,94770,23651,740,93,93,93,93,93,2976,2976,2976,2976,2976,380928,2976,2976,2976,2976,2976,380928,,,,,,,,,,,,,,,,,,,,,,,,,,,,,,,,,,,,,,,,,,,,,,,,,,,,,,,,,,,,
csv,64,0,99768898,99768902,99768904,99890606,99628203,99628204,99890615,99890617,99890622,99512257,99890627,99890629,99890634,99890656,99890661,99890708,99998330,99998339,99999305,99999331,99999370,99999471,99999473,100000019,99999244,99998298,99890600,99698659,99698673,99628208,99628215,99698650,99696450,99696461,99696465,99698644,99698647,99698641,99766689,99766697,99766700,99768878,99768881,99768876,,,,,,,,,,,,,,,,,,,,,,,,,,,,,,,,,,,,,,,,,,,,,,,,,,,,,,,,,,,,
bb_id,64,0,236,238,239,240,253,254,255,256,257,258,259,260,261,262,263,264,265,266,267,268,269,270,274,275,276,277,278,313,314,315,316,317,318,319,320,321,323,324,325,326,327,328,330,331,,,,,,,,,,,,,,,,,,,,,,,,,,,,,,,,,,,,,,,,,,,,,,,,,,,,,,,,,,,,
bbv,65,0,92,92,92,371,371,92,742,650,650,930,742,649,649,926,649,742,23528,23528,94932,94932,94932,94931,94931,3037798,94932,23528,742,92,92,92,92,92,2944,2944,2944,2944,2944,376832,2944,2944,2944,2944,2944,376832,,,,,,,,,,,,,,,,,,,,,,,,,,,,,,,,,,,,,,,,,,,,,,,,,,,,,,,,,,,,
csv,65,0,99110571,99110575,99110577,99933693,99817654,98969877,99933702,99933704,99933709,99933731,99933736,99817699,99817704,99701573,99817709,99933783,99933815,99933824,99999950,99999976,100000015,99999211,99999213,99999885,99999889,99933686,99933687,99040332,99040346,98969881,98969888,99040323,99038123,99038134,99038138,99040317,99040320,99040314,99108362,99108370,99108373,99110551,99110554,99110549,,,,,,,,,,,,,,,,,,,,,,,,,,,,,,,,,,,,,,,,,,,,,,,,,,,,,,,,,,,,
bb_id,65,0,236,238,239,240,253,254,255,256,257,258,259,260,261,262,263,264,265,266,267,268,269,270,274,275,276,277,278,313,314,315,316,317,318,319,320,321,323,324,325,326,327,328,330,331,,,,,,,,,,,,,,,,,,,,,,,,,,,,,,,,,,,,,,,,,,,,,,,,,,,,,,,,,,,,
bbv,66,0,93,93,93,370,370,93,740,647,647,922,740,648,648,928,648,740,23700,23700,94767,94767,94767,94768,94768,3032561,94767,23700,740,93,93,93,93,93,2976,2976,2976,2976,2976,380928,2976,2976,2976,2976,2976,380928,,,,,,,,,,,,,,,,,,,,,,,,,,,,,,,,,,,,,,,,,,,,,,,,,,,,,,,,,,,,
csv,66,0,99532049,99532053,99532055,99889988,99772588,99391355,99889997,99889999,99890004,99890015,99890020,99890022,99890027,99890049,99890054,99890101,99999408,99999417,99999478,99999504,99999543,99999644,99999646,100000003,99999372,99999376,99889982,99461810,99461824,99391359,99391366,99461801,99459601,99459612,99459616,99461795,99461798,99461792,99529840,99529848,99529851,99532029,99532032,99532027,,,,,,,,,,,,,,,,,,,,,,,,,,,,,,,,,,,,,,,,,,,,,,,,,,,,,,,,,,,,
bb_id,66,0,236,238,239,240,253,254,255,256,257,258,259,260,261,262,263,264,265,266,267,268,269,270,274,275,276,277,278,313,314,315,316,317,318,319,320,321,323,324,325,326,327,328,330,331,,,,,,,,,,,,,,,,,,,,,,,,,,,,,,,,,,,,,,,,,,,,,,,,,,,,,,,,,,,,
bbv,67,0,1,1,1,1,1,1,1,1,1,1,1,32768,32768,32768,32768,4194304,32768,32768,1,1,1,1,1,1,1024,1,1,1,1,6,1,1,1,5,5,4,4,4,512,512,512,512,8192,512,512,640,640,640,10240,640,640,15,15,15,60,4,4,512,512,512,8192,512,512,57,15,117,102,102,144,117,102,102,142,102,117,3197,3197,12862,12862,12862,12862,12862,411599,12862,3197,117,1,10,10,11,11,11,352,352,352,352,352,45056,320,320,320,320,320,40960
csv,67,0,11362312,97706118,11339674,11362301,11362306,97706127,11339667,11339668,11362361,11362374,97706057,97703427,97703451,97703486,97703489,97706049,97706051,97706054,11362296,11339700,11339703,11362237,11362243,11362245,11362231,11339659,11339660,97706154,97706156,97706192,97706198,97706263,97706271,99683701,99683723,99653576,99653608,99683691,99683457,99683463,99683472,99683475,99683683,99683684,99683688,99712173,99712180,99712183,99712391,99712392,99712395,99712412,99712416,99712418,99891551,99629993,99630019,99653394,99653398,99653406,99653566,99653567,99653571,99949942,99653572,99949951,99949953,99949958,99949980,99949985,99949987,99949992,99950003,99950008,99950055,99993662,99993671,99999162,99999188,99999227,99999328,99999330,100000002,99999101,99993630,99949934,11339612,10259817,10259831,11269167,11269174,11339609,11337409,11337420,11337424,11339603,11339606,11339600,10327847,10327855,10327858,10330036,10330039,10330034
bb_id,67,0,54,56,59,62,64,105,107,108,109,110,111,112,113,114,115,116,117,119,121,174,175,176,177,178,179,186,188,197,198,199,200,205,206,208,209,210,211,212,213,214,215,216,217,218,223,225,226,227,228,229,234,236,238,239,240,241,242,243,244,245,246,247,252,253,254,255,256,257,258,259,260,261,262,263,264,265,266,267,268,269,270,274,275,276,277,278,312,313,314,315,316,317,318,319,320,321,323,324,325,326,327,328,330,331
bbv,68,0,202,202,202,202,202,25856,25856,25856,25856,413696,25856,25856,25856,25856,25856,413696,25856,25856,202,202,202,810,203,203,25943,25943,25943,415080,25942,25942,607,202,1416,1214,1214,1620,1416,1213,1213,1616,1213,1416,25657,25657,90633,90633,90633,90633,90633,2900256,90634,25658,1417,,,,,,,,,,,,,,,,,,,,,,,,,,,,,,,,,,,,,,,,,,,,,,,,,,,
csv,68,0,99543409,99543431,99513284,99513316,99543399,99543165,99543171,99543180,99543183,99543391,99543392,99543396,99571881,99571888,99571891,99572099,99572100,99572103,99572120,99572124,99572126,99984053,99984056,99984082,99999913,99999917,99999925,100000005,99999902,99999906,99925991,99513280,99926000,99926002,99926007,99926029,99926034,99867915,99867920,99809711,99867925,99926081,99926113,99926122,99983198,99983224,99983263,99983364,99983366,99984038,99984042,99984046,99984047,,,,,,,,,,,,,,,,,,,,,,,,,,,,,,,,,,,,,,,,,,,,,,,,,,,
bb_id,68,0,208,209,210,211,212,213,214,215,216,217,218,223,225,226,227,228,229,234,236,238,239,240,241,242,243,244,245,246,247,252,253,254,255,256,257,258,259,260,261,262,263,264,265,266,267,268,269,270,274,275,276,277,278,,,,,,,,,,,,,,,,,,,,,,,,,,,,,,,,,,,,,,,,,,,,,,,,,,,
bbv,69,0,203,203,203,203,203,25984,25984,25984,25984,415744,25984,25984,25984,25984,25984,415744,25984,25984,203,203,203,809,202,202,25897,25897,25897,414360,25898,25898,606,203,1416,1213,1213,1616,1416,1214,1214,1620,1214,1416,25725,25725,90574,90574,90574,90574,90574,2898361,90573,25724,1415,,,,,,,,,,,,,,,,,,,,,,,,,,,,,,,,,,,,,,,,,,,,,,,,,,,
csv,69,0,99897469,99897491,99867344,99867376,99897459,99897225,99897231,99897240,99897243,99897451,99897452,99897456,99925941,99925948,99925951,99926159,99926160,99926163,99926180,99926184,99926186,99987088,99843761,99843787,99867162,99867166,99867174,99867334,99867335,99867339,99785696,99867340,99987097,99987099,99987104,99785734,99987109,99987111,99987116,99987138,99987143,99987190,99998352,99998361,99999327,99999353,99999392,99999493,99999495,100000020,99999266,99998320,99987082,,,,,,,,,,,,,,,,,,,,,,,,,,,,,,,,,,,,,,,,,,,,,,,,,,,
bb_id,69,0,208,209,210,211,212,213,214,215,216,217,218,223,225,226,227,228,229,234,236,238,239,240,241,242,243,244,245,246,247,252,253,254,255,256,257,258,259,260,261,262,263,264,265,266,267,268,269,270,274,275,276,277,278,,,,,,,,,,,,,,,,,,,,,,,,,,,,,,,,,,,,,,,,,,,,,,,,,,,
bbv,70,0,202,202,202,202,202,25856,25856,25856,25856,413696,25856,25856,25856,25856,25856,413696,25856,25856,202,202,202,809,202,202,25856,25856,25856,413696,25856,25856,607,202,1416,1214,1214,1618,1416,1214,1214,1619,1214,1416,25700,25700,90649,90649,90649,90649,90649,2900746,90649,25700,1416,,,,,,,,,,,,,,,,,,,,,,,,,,,,,,,,,,,,,,,,,,,,,,,,,,,
csv,70,0,99757159,99757181,99727034,99727066,99757149,99756915,99756921,99756930,99756933,99757141,99757142,99757146,99785631,99785638,99785641,99785849,99785850,99785853,99785870,99785874,99785876,99965009,99703451,99703477,99726852,99726856,99726864,99727024,99727025,99727029,99906249,99727030,99965018,99965020,99965025,99965036,99965041,99965043,99965048,99965059,99965064,99965111,99994283,99994292,99999783,99999809,99999848,99999949,99999951,100000014,99999722,99994251,99965003,,,,,,,,,,,,,,,,,,,,,,,,,,,,,,,,,,,,,,,,,,,,,,,,,,,
bb_id,70,0,208,209,210,211,212,213,214,215,216,217,218,223,225,226,227,228,229,234,236,238,239,240,241,242,243,244,245,246,247,252,253,254,255,256,257,258,259,260,261,262,263,264,265,266,267,268,269,270,274,275,276,277,278,,,,,,,,,,,,,,,,,,,,,,,,,,,,,,,,,,,,,,,,,,,,,,,,,,,
bbv,71,0,202,202,202,202,202,25856,25856,25856,25856,413696,25856,25856,25856,25856,25856,413696,25856,25856,202,202,202,809,202,202,25856,25856,25856,413696,25856,25856,608,202,1417,1215,1215,1622,1417,1214,1214,1617,1214,1417,25664,25664,90650,90650,90650,90650,90650,2900807,90650,25664,1417,,,,,,,,,,,,,,,,,,,,,,,,,,,,,,,,,,,,,,,,,,,,,,,,,,,
csv,71,0,99616855,99616877,99586730,99586762,99616845,99616611,99616617,99616626,99616629,99616837,99616838,99616842,99645327,99645334,99645337,99645545,99645546,99645549,99645566,99645570,99645572,99941316,99563147,99563173,99586548,99586552,99586560,99586720,99586721,99586725,99999437,99586726,99999446,99999448,99999453,99999475,99999480,99941361,99941366,99883157,99941371,99999527,99999559,99999568,99999629,99999655,99999694,99999795,99999797,100000007,99999424,99999428,99999429,,,,,,,,,,,,,,,,,,,,,,,,,,,,,,,,,,,,,,,,,,,,,,,,,,,
bb_id,71,0,208,209,210,211,212,213,214,215,216,217,218,223,225,226,227,228,229,234,236,238,239,240,241,242,243,244,245,246,247,252,253,254,255,256,257,258,259,260,261,262,263,264,265,266,267,268,269,270,274,275,276,277,278,,,,,,,,,,,,,,,,,,,,,,,,,,,,,,,,,,,,,,,,,,,,,,,,,,,
bbv,72,0,203,203,203,203,203,25984,25984,25984,25984,415744,25984,25984,25984,25984,25984,415744,25984,25984,203,203,203,809,203,203,25984,25984,25984,415744,25984,25984,606,203,1415,1212,1212,1616,1415,1213,1213,1618,1213,1415,25655,25655,90560,90560,90560,90560,90560,2897911,90560,25655,1415,,,,,,,,,,,,,,,,,,,,,,,,,,,,,,,,,,,,,,,,,,,,,,,,,,,
csv,72,0,99970913,99970935,99940788,99940820,99970903,99970669,99970675,99970684,99970687,99970895,99970896,99970900,99999385,99999392,99999395,99999603,99999604,99999607,99999624,99999628,99999630,99917202,99917205,99917231,99940606,99940610,99940618,99940778,99940779,99940783,99859140,99940784,99999639,99859151,99859156,99859178,99999644,99999646,99999651,99999673,99999678,99999725,99999757,99999766,99999827,99999853,99999892,99999993,99999995,100000016,99917191,99917195,99917196,,,,,,,,,,,,,,,,,,,,,,,,,,,,,,,,,,,,,,,,,,,,,,,,,,,
bb_id,72,0,208,209,210,211,212,213,214,215,216,217,218,223,225,226,227,228,229,234,236,238,239,240,241,242,243,244,245,246,247,252,253,254,255,256,257,258,259,260,261,262,263,264,265,266,267,268,269,270,274,275,276,277,278,,,,,,,,,,,,,,,,,,,,,,,,,,,,,,,,,,,,,,,,,,,,,,,,,,,
bbv,73,0,202,202,202,202,202,25856,25856,25856,25856,413696,25856,25856,25856,25856,25856,413696,25856,25856,202,202,202,809,202,202,25856,25856,25856,413696,25856,25856,607,202,1416,1214,1214,1617,1416,1214,1214,1620,1214,1416,25755,25755,90646,90645,90645,90645,90645,2900671,90646,25755,1416,,,,,,,,,,,,,,,,,,,,,,,,,,,,,,,,,,,,,,,,,,,,,,,,,,,
csv,73,0,99830607,99830629,99800482,99800514,99830597,99830363,99830369,99830378,99830381,99830589,99830590,99830594,99859079,99859086,99859089,99859297,99859298,99859301,99859318,99859322,99859324,99920226,99776899,99776925,99800300,99800304,99800312,99800472,99800473,99800477,99979697,99800478,99979706,99979708,99979713,99979724,99979729,99979731,99979736,99979758,99979763,99979810,99998167,99998176,100000047,99999168,99999207,99999308,99999310,99999982,99999986,99998135,99979689,,,,,,,,,,,,,,,,,,,,,,,,,,,,,,,,,,,,,,,,,,,,,,,,,,,
bb_id,73,0,208,209,210,211,212,213,214,215,216,217,218,223,225,226,227,228,229,234,236,238,239,240,241,242,243,244,245,246,247,252,253,254,255,256,257,258,259,260,261,262,263,264,265,266,267,268,269,270,274,275,276,277,278,,,,,,,,,,,,,,,,,,,,,,,,,,,,,,,,,,,,,,,,,,,,,,,,,,,
bbv,74,0,202,202,202,202,202,25856,25856,25856,25856,413696,25856,25856,25856,25856,25856,413696,25856,25856,202,202,202,809,202,202,25856,25856,25856,413696,25856,25856,607,202,1416,1214,1214,1619,1416,1214,1214,1618,1214,1416,25675,25675,90649,90650,90650,90650,90650,2900791,90649,25675,1416,,,,,,,,,,,,,,,,,,,,,,,,,,,,,,,,,,,,,,,,,,,,,,,,,,,
csv,74,0,99690270,99690292,99660145,99660177,99690260,99690026,99690032,99690041,99690044,99690252,99690253,99690257,99718742,99718749,99718752,99718960,99718961,99718964,99718981,99718985,99718987,99898120,99636562,99636588,99659963,99659967,99659975,99660135,99660136,99660140,99956511,99660141,99956520,99956522,99956527,99956549,99956554,99956556,99956561,99956572,99956577,99956624,99985706,99985715,99999351,99999377,99999416,99999517,99999519,100000002,99999290,99985674,99956503,,,,,,,,,,,,,,,,,,,,,,,,,,,,,,,,,,,,,,,,,,,,,,,,,,,
bb_id,74,0,208,209,210,211,212,213,214,215,216,217,218,223,225,226,227,228,229,234,236,238,239,240,241,242,243,244,245,246,247,252,253,254,255,256,257,258,259,260,261,262,263,264,265,266,267,268,269,270,274,275,276,277,278,,,,,,,,,,,,,,,,,,,,,,,,,,,,,,,,,,,,,,,,,,,,,,,,,,,
bbv,75,0,202,202,202,202,202,25856,25856,25856,25856,413696,25856,25856,25856,25856,25856,413696,25856,25856,202,202,202,810,203,203,25907,25907,25907,414510,25906,25906,607,202,1416,1214,1214,1620,1416,1213,1213,1616,1213,1416,25658,25658,90640,90640,90640,90640,90640,2900489,90641,25659,1417,,,,,,,,,,,,,,,,,,,,,,,,,,,,,,,,,,,,,,,,,,,,,,,,,,,
csv,75,0,99549978,99550000,99519853,99519885,99549968,99549734,99549740,99549749,99549752,99549960,99549961,99549965,99578450,99578457,99578460,99578668,99578669,99578672,99578689,99578693,99578695,99990622,99990625,99990651,99999858,99999862,99999870,100000010,99999847,99999851,99932560,99519849,99932569,99932571,99932576,99932598,99932603,99874484,99874489,99816280,99874494,99932650,99932682,99932691,99989767,99989793,99989832,99989933,99989935,99990607,99990611,99990615,99990616,,,,,,,,,,,,,,,,,,,,,,,,,,,,,,,,,,,,,,,,,,,,,,,,,,,
bb_id,75,0,208,209,210,211,212,213,214,215,216,217,218,223,225,226,227,228,229,234,236,238,239,240,241,242,243,244,245,246,247,252,253,254,255,256,257,258,259,260,261,262,263,264,265,266,267,268,269,270,274,275,276,277,278,,,,,,,,,,,,,,,,,,,,,,,,,,,,,,,,,,,,,,,,,,,,,,,,,,,
bbv,76,0,203,203,203,203,203,25984,25984,25984,25984,415744,25984,25984,25984,25984,25984,415744,25984,25984,203,203,203,809,202,202,25933,25933,25933,414930,25934,25934,606,203,1416,1213,1213,1616,1416,1214,1214,1620,1214,1416,25722,25722,90567,90567,90567,90567,90567,2898132,90566,25721,1415,,,,,,,,,,,,,,,,,,,,,,,,,,,,,,,,,,,,,,,,,,,,,,,,,,,
csv,76,0,99904033,99904055,99873908,99873940,99904023,99903789,99903795,99903804,99903807,99904015,99904016,99904020,99932505,99932512,99932515,99932723,99932724,99932727,99932744,99932748,99932750,99993652,99850325,99850351,99873726,99873730,99873738,99873898,99873899,99873903,99792260,99873904,99993661,99993663,99993668,99792298,99993673,99993675,99993680,99993702,99993707,99993754,99999351,99999360,99999421,99999447,99999486,99999587,99999589,100000009,99999315,99999319,99993646,,,,,,,,,,,,,,,,,,,,,,,,,,,,,,,,,,,,,,,,,,,,,,,,,,,
bb_id,76,0,208,209,210,211,212,213,214,215,216,217,218,223,225,226,227,228,229,234,236,238,239,240,241,242,243,244,245,246,247,252,253,254,255,256,257,258,259,260,261,262,263,264,265,266,267,268,269,270,274,275,276,277,278,,,,,,,,,,,,,,,,,,,,,,,,,,,,,,,,,,,,,,,,,,,,,,,,,,,
bbv,77,0,202,202,202,202,202,25856,25856,25856,25856,413696,25856,25856,25856,25856,25856,413696,25856,25856,202,202,202,809,202,202,25856,25856,25856,413696,25856,25856,607,202,1416,1214,1214,1618,1416,1214,1214,1619,1214,1416,25702,25702,90649,90649,90648,90648,90648,2900748,90649,25702,1416,,,,,,,,,,,,,,,,,,,,,,,,,,,,,,,,,,,,,,,,,,,,,,,,,,,
csv,77,0,99763734,99763756,99733609,99733641,99763724,99763490,99763496,99763505,99763508,99763716,99763717,99763721,99792206,99792213,99792216,99792424,99792425,99792428,99792445,99792449,99792451,99971584,99710026,99710052,99733427,99733431,99733439,99733599,99733600,99733604,99912824,99733605,99971593,99971595,99971600,99971611,99971616,99971618,99971623,99971634,99971639,99971686,99993573,99993582,99999978,100000004,99999138,99999239,99999241,99999913,99999917,99993541,99971578,,,,,,,,,,,,,,,,,,,,,,,,,,,,,,,,,,,,,,,,,,,,,,,,,,,
bb_id,77,0,208,209,210,211,212,213,214,215,216,217,218,223,225,226,227,228,229,234,236,238,239,240,241,242,243,244,245,246,247,252,253,254,255,256,257,258,259,260,261,262,263,264,265,266,267,268,269,270,274,275,276,277,278,,,,,,,,,,,,,,,,,,,,,,,,,,,,,,,,,,,,,,,,,,,,,,,,,,,
bbv,78,0,1,1,7,1,1,1,1,20,20,21,21,21,2688,2688,2688,2688,43008,2688,2688,2560,2560,2560,40960,2560,2560,105,105,105,422,21,21,2688,2688,2688,43008,2688,2688,402,106,823,718,718,1016,823,717,717,1011,717,823,24226,24226,96224,96224,96225,96225,96225,3079200,96225,24227,824,1,1,86,86,85,85,85,21760,21760,21760,21760,348160,21760,21760,21918,21918,21918,350672,21917,21917,,,,,,,,,,,,,,,,,,,,,,,,
csv,78,0,10145253,10145255,10145297,10145303,10145225,10145226,10145178,9650830,9650852,10115060,10115092,10145175,10144941,10144947,10144956,10144959,10145167,10145168,10145172,9679302,9679309,9679312,9679520,9679521,9679524,98965485,98965489,98965491,99788607,10091477,10091503,10114878,10114882,10114890,10115050,10115051,10115055,99904591,99904592,99788616,99788618,99788623,99788645,99788650,99672613,99672618,99556487,99672623,99788697,99788729,99788738,99903734,99903760,99903799,99903900,99903902,99904574,99904578,99904582,99904583,10145368,10145376,99964801,99964823,99904596,99904628,99964791,99964557,99964563,99964572,99964575,99964783,99964784,99964788,99999993,100000000,100000003,99999987,99999988,99999991,,,,,,,,,,,,,,,,,,,,,,,,
bb_id,78,0,189,190,191,192,202,204,207,208,209,210,211,212,213,214,215,216,217,218,223,225,226,227,228,229,234,236,238,239,240,241,242,243,244,245,246,247,252,253,254,255,256,257,258,259,260,261,262,263,264,265,266,267,268,269,270,274,275,276,277,278,279,280,282,283,284,285,286,287,288,289,290,291,292,297,299,300,301,302,303,308,,,,,,,,,,,,,,,,,,,,,,,,
bbv,79,0,95,95,95,379,378,94,758,663,663,946,758,664,664,950,664,758,24220,24220,96959,96959,96959,96959,96959,3102687,96958,24219,757,94,94,94,94,94,24064,24064,24064,24064,385024,24064,24064,24162,24162,24162,386608,24163,24163,,,,,,,,,,,,,,,,,,,,,,,,,,,,,,,,,,,,,,,,,,,,,,,,,,,,,,,,,,,
csv,79,0,99351887,99351891,99351893,99942828,99826508,99234295,99942837,99942839,99942844,99942866,99942871,99942873,99942878,99942889,99942894,99942941,99971978,99971987,99999198,99999224,99999263,99999364,99999366,100000017,99999137,99971946,99942822,99294504,99294526,99234299,99234331,99294494,99294260,99294266,99294275,99294278,99294486,99294487,99294491,99351648,99351655,99351658,99351866,99351867,99351870,,,,,,,,,,,,,,,,,,,,,,,,,,,,,,,,,,,,,,,,,,,,,,,,,,,,,,,,,,,
bb_id,79,0,236,238,239,240,253,254,255,256,257,258,259,260,261,262,263,264,265,266,267,268,269,270,274,275,276,277,278,282,283,284,285,286,287,288,289,290,291,292,297,299,300,301,302,303,308,,,,,,,,,,,,,,,,,,,,,,,,,,,,,,,,,,,,,,,,,,,,,,,,,,,,,,,,,,,
bbv,80,0,95,95,95,378,379,95,757,662,662,945,757,662,662,946,662,757,24173,24173,96856,96856,96856,96856,96856,3099393,96856,24173,757,95,95,95,95,95,24320,24320,24320,24320,389120,24320,24320,24320,24320,24320,389120,24320,24320,,,,,,,,,,,,,,,,,,,,,,,,,,,,,,,,,,,,,,,,,,,,,,,,,,,,,,,,,,,
csv,80,0,99738275,99738279,99738281,99859983,99978814,99620683,99978823,99978825,99978830,99978841,99978846,99978848,99978853,99978875,99978880,99978927,99997284,99997293,99999164,99999190,99999229,99999330,99999332,100000004,99999103,99997252,99978806,99680892,99680914,99620687,99620719,99680882,99680648,99680654,99680663,99680666,99680874,99680875,99680879,99738036,99738043,99738046,99738254,99738255,99738258,,,,,,,,,,,,,,,,,,,,,,,,,,,,,,,,,,,,,,,,,,,,,,,,,,,,,,,,,,,
bb_id,80,0,236,238,239,240,253,254,255,256,257,258,259,260,261,262,263,264,265,266,267,268,269,270,274,275,276,277,278,282,283,284,285,286,287,288,289,290,291,292,297,299,300,301,302,303,308,,,,,,,,,,,,,,,,,,,,,,,,,,,,,,,,,,,,,,,,,,,,,,,,,,,,,,,,,,,
bbv,81,0,94,94,94,379,378,94,757,663,663,949,757,662,662,944,662,757,24027,24027,96994,96994,96994,96994,96993,3103776,96994,24027,757,94,94,94,94,94,24064,24064,24064,24064,385024,24064,24064,24064,24064,24064,385024,24064,24064,,,,,,,,,,,,,,,,,,,,,,,,,,,,,,,,,,,,,,,,,,,,,,,,,,,,,,,,,,,
csv,81,0,99067977,99067981,99067983,99891099,99775060,98950385,99891108,99891110,99891115,99891137,99891142,99775105,99775110,99658979,99775115,99891189,99891221,99891230,99999891,99999917,99999956,100000057,99999154,99999826,99999830,99891092,99891093,99010594,99010616,98950389,98950421,99010584,99010350,99010356,99010365,99010368,99010576,99010577,99010581,99067738,99067745,99067748,99067956,99067957,99067960,,,,,,,,,,,,,,,,,,,,,,,,,,,,,,,,,,,,,,,,,,,,,,,,,,,,,,,,,,,
bb_id,81,0,236,238,239,240,253,254,255,256,257,258,259,260,261,262,263,264,265,266,267,268,269,270,274,275,276,277,278,282,283,284,285,286,287,288,289,290,291,292,297,299,300,301,302,303,308,,,,,,,,,,,,,,,,,,,,,,,,,,,,,,,,,,,,,,,,,,,,,,,,,,,,,,,,,,,
bbv,82,0,95,95,95,378,379,95,757,662,662,944,757,663,663,949,663,757,24215,24215,96854,96854,96854,96854,96854,3099328,96854,24215,757,95,95,95,95,95,24320,24320,24320,24320,389120,24320,24320,24320,24320,24320,389120,24320,24320,,,,,,,,,,,,,,,,,,,,,,,,,,,,,,,,,,,,,,,,,,,,,,,,,,,,,,,,,,,
csv,82,0,99454325,99454329,99454331,99812264,99928946,99336733,99928955,99928957,99928962,99928984,99928989,99928991,99928996,99929007,99929012,99929059,99987191,99987200,99999931,99999957,99999996,100000097,99999194,99999866,99999870,99987159,99928938,99396942,99396964,99336737,99336769,99396932,99396698,99396704,99396713,99396716,99396924,99396925,99396929,99454086,99454093,99454096,99454304,99454305,99454308,,,,,,,,,,,,,,,,,,,,,,,,,,,,,,,,,,,,,,,,,,,,,,,,,,,,,,,,,,,
bb_id,82,0,236,238,239,240,253,254,255,256,257,258,259,260,261,262,263,264,265,266,267,268,269,270,274,275,276,277,278,282,283,284,285,286,287,288,289,290,291,292,297,299,300,301,302,303,308,,,,,,,,,,,,,,,,,,,,,,,,,,,,,,,,,,,,,,,,,,,,,,,,,,,,,,,,,,,
bbv,83,0,95,95,95,379,378,95,757,662,662,946,757,662,662,945,662,757,24129,24129,96858,96858,96858,96858,96859,3099465,96858,24129,757,95,95,95,95,95,24320,24320,24320,24320,389120,24320,24320,24320,24320,24320,389120,24320,24320,,,,,,,,,,,,,,,,,,,,,,,,,,,,,,,,,,,,,,,,,,,,,,,,,,,,,,,,,,,
csv,83,0,99840633,99840637,99840639,99962341,99723040,99723041,99962350,99962352,99962357,99607094,99962362,99962364,99962369,99962391,99962396,99962443,99999575,99999584,99999645,99999671,99999710,99999811,99999813,100000002,99999539,99999543,99962335,99783250,99783272,99723045,99723077,99783240,99783006,99783012,99783021,99783024,99783232,99783233,99783237,99840394,99840401,99840404,99840612,99840613,99840616,,,,,,,,,,,,,,,,,,,,,,,,,,,,,,,,,,,,,,,,,,,,,,,,,,,,,,,,,,,
bb_id,83,0,236,238,239,240,253,254,255,256,257,258,259,260,261,262,263,264,265,266,267,268,269,270,274,275,276,277,278,282,283,284,285,286,287,288,289,290,291,292,297,299,300,301,302,303,308,,,,,,,,,,,,,,,,,,,,,,,,,,,,,,,,,,,,,,,,,,,,,,,,,,,,,,,,,,,
bbv,84,0,94,94,94,379,379,94,758,664,664,950,758,663,663,946,663,758,24076,24076,96991,96991,96990,96990,96990,3103703,96991,24076,758,94,94,94,94,94,24064,24064,24064,24064,385024,24064,24064,24064,24064,24064,385024,24064,24064,,,,,,,,,,,,,,,,,,,,,,,,,,,,,,,,,,,,,,,,,,,,,,,,,,,,,,,,,,,
csv,84,0,99170337,99170341,99170343,99993459,99877420,99052745,99993468,99993470,99993475,99993497,99993502,99877465,99877470,99761339,99877475,99993549,99993581,99993590,99999986,100000012,99999146,99999247,99999249,99999921,99999925,99993452,99993453,99112954,99112976,99052749,99052781,99112944,99112710,99112716,99112725,99112728,99112936,99112937,99112941,99170098,99170105,99170108,99170316,99170317,99170320,,,,,,,,,,,,,,,,,,,,,,,,,,,,,,,,,,,,,,,,,,,,,,,,,,,,,,,,,,,
bb_id,84,0,236,238,239,240,253,254,255,256,257,258,259,260,261,262,263,264,265,266,267,268,269,270,274,275,276,277,278,282,283,284,285,286,287,288,289,290,291,292,297,299,300,301,302,303,308,,,,,,,,,,,,,,,,,,,,,,,,,,,,,,,,,,,,,,,,,,,,,,,,,,,,,,,,,,,
bbv,85,0,95,95,95,378,378,95,756,661,661,942,756,662,662,948,662,756,24206,24206,96854,96854,96855,96855,96855,3099342,96854,24206,756,95,95,95,95,95,24320,24320,24320,24320,389120,24320,24320,24320,24320,24320,389120,24320,24320,,,,,,,,,,,,,,,,,,,,,,,,,,,,,,,,,,,,,,,,,,,,,,,,,,,,,,,,,,,
csv,85,0,99556730,99556734,99556736,99914669,99797269,99439138,99914678,99914680,99914685,99914696,99914701,99914703,99914708,99914730,99914735,99914782,99994949,99994958,99999544,99999570,99999609,99999710,99999712,100000006,99999483,99994917,99914663,99499347,99499369,99439142,99439174,99499337,99499103,99499109,99499118,99499121,99499329,99499330,99499334,99556491,99556498,99556501,99556709,99556710,99556713,,,,,,,,,,,,,,,,,,,,,,,,,,,,,,,,,,,,,,,,,,,,,,,,,,,,,,,,,,,
bb_id,85,0,236,238,239,240,253,254,255,256,257,258,259,260,261,262,263,264,265,266,267,268,269,270,274,275,276,277,278,282,283,284,285,286,287,288,289,290,291,292,297,299,300,301,302,303,308,,,,,,,,,,,,,,,,,,,,,,,,,,,,,,,,,,,,,,,,,,,,,,,,,,,,,,,,,,,
bbv,86,0,95,95,95,378,379,95,757,662,662,948,757,662,662,944,662,757,24049,24049,96862,96862,96862,96862,96862,3099592,96862,24049,757,95,95,95,95,95,24320,24320,24320,24320,389120,24320,24320,24320,24320,24320,389120,24320,24320,,,,,,,,,,,,,,,,,,,,,,,,,,,,,,,,,,,,,,,,,,,,,,,,,,,,,,,,,,,
csv,86,0,99943129,99943133,99943135,99709552,99825536,99825537,99943144,99709563,99709568,99709590,99943149,99943151,99943156,99943178,99943183,99943230,99999312,99999321,99999382,99999408,99999447,99999548,99999550,100000012,99999276,99999280,99825528,99885746,99885768,99825541,99825573,99885736,99885502,99885508,99885517,99885520,99885728,99885729,99885733,99942890,99942897,99942900,99943108,99943109,99943112,,,,,,,,,,,,,,,,,,,,,,,,,,,,,,,,,,,,,,,,,,,,,,,,,,,,,,,,,,,
bb_id,86,0,236,238,239,240,253,254,255,256,257,258,259,260,261,262,263,264,265,266,267,268,269,270,274,275,276,277,278,282,283,284,285,286,287,288,289,290,291,292,297,299,300,301,302,303,308,,,,,,,,,,,,,,,,,,,,,,,,,,,,,,,,,,,,,,,,,,,,,,,,,,,,,,,,,,,
bbv,87,0,94,94,94,379,379,94,758,664,664,948,758,664,664,948,664,758,24163,24163,96987,96986,96986,96986,96986,3103562,96987,24163,758,94,94,94,94,94,24064,24064,24064,24064,385024,24064,24064,24064,24064,24064,385024,24064,24064,,,,,,,,,,,,,,,,,,,,,,,,,,,,,,,,,,,,,,,,,,,,,,,,,,,,,,,,,,,
csv,87,0,99272823,99272827,99272829,99863764,99979906,99155231,99979915,99979917,99979922,99979944,99979949,99979951,99979956,99863825,99979961,99980008,99980040,99980049,100000020,99999141,99999180,99999281,99999283,99999955,99999959,99979897,99979898,99215440,99215462,99155235,99155267,99215430,99215196,99215202,99215211,99215214,99215422,99215423,99215427,99272584,99272591,99272594,99272802,99272803,99272806,,,,,,,,,,,,,,,,,,,,,,,,,,,,,,,,,,,,,,,,,,,,,,,,,,,,,,,,,,,
bb_id,87,0,236,238,239,240,253,254,255,256,257,258,259,260,261,262,263,264,265,266,267,268,269,270,274,275,276,277,278,282,283,284,285,286,287,288,289,290,291,292,297,299,300,301,302,303,308,,,,,,,,,,,,,,,,,,,,,,,,,,,,,,,,,,,,,,,,,,,,,,,,,,,,,,,,,,,
bbv,88,0,1,1,7,1,1,1,95,95,95,378,377,95,755,660,660,942,755,660,660,944,660,755,24124,24124,96665,96666,96666,96666,96666,3093298,96665,24124,755,1,87,87,88,88,88,22528,22528,22528,22528,360448,22528,22528,22272,22272,22272,356352,22272,22272,1,1,8,8,7,7,7,224,224,224,224,224,28672,256,256,256,256,256,32768,,,,,,,,,,,,,,,,,,,,,,,,,,,,,,,,,
csv,88,0,92205002,92205004,92205046,92205052,92204972,92204973,99833976,99833980,99833982,99955684,99693281,99693282,99955693,99955695,99955700,99577335,99955705,99955707,99955712,99955734,99955739,99955786,99998483,99998492,99999458,99999484,99999523,99999624,99999626,100000004,99999397,99998451,99955678,92204925,91148233,91148255,92144727,92144759,92204922,92204688,92204694,92204703,92204706,92204914,92204915,92204919,91205377,91205384,91205387,91205595,91205596,91205599,92205117,92205121,99763737,99763751,99693286,99693293,99763728,99761528,99761539,99761543,99763722,99763725,99763719,99831767,99831775,99831778,99833956,99833959,99833954,,,,,,,,,,,,,,,,,,,,,,,,,,,,,,,,,
bb_id,88,0,181,182,183,184,194,196,236,238,239,240,253,254,255,256,257,258,259,260,261,262,263,264,265,266,267,268,269,270,274,275,276,277,278,281,282,283,284,285,286,287,288,289,290,291,292,297,299,300,301,302,303,308,310,311,313,314,315,316,317,318,319,320,321,323,324,325,326,327,328,330,331,,,,,,,,,,,,,,,,,,,,,,,,,,,,,,,,,
bbv,89,0,92,92,92,371,371,92,742,650,650,930,742,649,649,926,649,742,23563,23563,94930,94930,94930,94930,94929,3037742,94930,23563,742,92,92,92,92,92,2944,2944,2944,2944,2944,376832,2944,2944,2944,2944,2944,376832,,,,,,,,,,,,,,,,,,,,,,,,,,,,,,,,,,,,,,,,,,,,,,,,,,,,,,,,,,,,
csv,89,0,99175664,99175668,99175670,99998786,99882747,99034970,99998795,99998797,99998802,99998824,99998829,99882792,99882797,99766666,99882802,99998876,99998908,99998917,99999883,99999909,99999948,100000049,99999146,99999818,99999822,99998779,99998780,99105425,99105439,99034974,99034981,99105416,99103216,99103227,99103231,99105410,99105413,99105407,99173455,99173463,99173466,99175644,99175647,99175642,,,,,,,,,,,,,,,,,,,,,,,,,,,,,,,,,,,,,,,,,,,,,,,,,,,,,,,,,,,,
bb_id,89,0,236,238,239,240,253,254,255,256,257,258,259,260,261,262,263,264,265,266,267,268,269,270,274,275,276,277,278,313,314,315,316,317,318,319,320,321,323,324,325,326,327,328,330,331,,,,,,,,,,,,,,,,,,,,,,,,,,,,,,,,,,,,,,,,,,,,,,,,,,,,,,,,,,,,
bbv,90,0,93,93,93,370,370,93,740,647,647,922,740,648,648,928,648,740,23691,23691,94768,94768,94768,94768,94768,3032576,94768,23691,740,93,93,93,93,93,2976,2976,2976,2976,2976,380928,2976,2976,2976,2976,2976,380928,,,,,,,,,,,,,,,,,,,,,,,,,,,,,,,,,,,,,,,,,,,,,,,,,,,,,,,,,,,,
csv,90,0,99597108,99597112,99597114,99955047,99837647,99456414,99955056,99955058,99955063,99955074,99955079,99955081,99955086,99955108,99955113,99955160,99998902,99998911,99999877,99999903,99999942,100000043,99999140,99999812,99999816,99998870,99955041,99526869,99526883,99456418,99456425,99526860,99524660,99524671,99524675,99526854,99526857,99526851,99594899,99594907,99594910,99597088,99597091,99597086,,,,,,,,,,,,,,,,,,,,,,,,,,,,,,,,,,,,,,,,,,,,,,,,,,,,,,,,,,,,
bb_id,90,0,236,238,239,240,253,254,255,256,257,258,259,260,261,262,263,264,265,266,267,268,269,270,274,275,276,277,278,313,314,315,316,317,318,319,320,321,323,324,325,326,327,328,330,331,,,,,,,,,,,,,,,,,,,,,,,,,,,,,,,,,,,,,,,,,,,,,,,,,,,,,,,,,,,,
bbv,91,0,92,92,92,370,371,93,740,648,648,928,740,647,647,922,647,740,23484,23484,94798,94798,94798,94798,94799,3033568,94799,23485,741,93,93,93,93,93,2976,2976,2976,2976,2976,380928,2968,2968,2968,2967,2967,379847,,,,,,,,,,,,,,,,,,,,,,,,,,,,,,,,,,,,,,,,,,,,,,,,,,,,,,,,,,,,
csv,91,0,98938757,98938761,98938763,99761879,99877863,99877864,99761888,99761890,99761895,99761917,99761922,99645885,99645890,99529759,99645895,99761969,99762001,99762010,99877006,99877032,99877071,99877172,99877174,99877846,99877850,99877854,99877855,99948319,99948333,99877868,99877875,99948310,99946110,99946121,99946125,99948304,99948307,99948301,99998797,99998805,99998808,99998792,99998795,100000015,,,,,,,,,,,,,,,,,,,,,,,,,,,,,,,,,,,,,,,,,,,,,,,,,,,,,,,,,,,,
bb_id,91,0,236,238,239,240,253,254,255,256,257,258,259,260,261,262,263,264,265,266,267,268,269,270,274,275,276,277,278,313,314,315,316,317,318,319,320,321,323,324,325,326,327,328,330,331,,,,,,,,,,,,,,,,,,,,,,,,,,,,,,,,,,,,,,,,,,,,,,,,,,,,,,,,,,,,
bbv,92,0,93,93,93,371,370,92,742,649,649,926,742,650,650,930,650,742,23710,23710,94902,94902,94902,94902,94902,3036853,94901,23709,741,92,92,92,92,92,2944,2944,2944,2944,2944,376832,2952,2952,2952,2953,2953,377913,,,,,,,,,,,,,,,,,,,,,,,,,,,,,,,,,,,,,,,,,,,,,,,,,,,,,,,,,,,,
csv,92,0,99360235,99360239,99360241,99951176,99834856,99219541,99951185,99951187,99951192,99951214,99951219,99951221,99951226,99951237,99951242,99951289,99980326,99980335,99999401,99999427,99999466,99999567,99999569,100000010,99999340,99980294,99951170,99289996,99290010,99219545,99219552,99289987,99287787,99287798,99287802,99289981,99289984,99289978,99358026,99358034,99358037,99360215,99360218,99360213,,,,,,,,,,,,,,,,,,,,,,,,,,,,,,,,,,,,,,,,,,,,,,,,,,,,,,,,,,,,
bb_id,92,0,236,238,239,240,253,254,255,256,257,258,259,260,261,262,263,264,265,266,267,268,269,270,274,275,276,277,278,313,314,315,316,317,318,319,320,321,323,324,325,326,327,328,330,331,,,,,,,,,,,,,,,,,,,,,,,,,,,,,,,,,,,,,,,,,,,,,,,,,,,,,,,,,,,,
bbv,93,0,93,93,93,370,370,93,740,647,647,924,740,647,647,924,647,740,23646,23645,94770,94770,94770,94770,94770,3032651,94771,23646,740,93,93,93,93,93,2976,2976,2976,2976,2976,380928,2976,2976,2976,2976,2976,380928,,,,,,,,,,,,,,,,,,,,,,,,,,,,,,,,,,,,,,,,,,,,,,,,,,,,,,,,,,,,
csv,93,0,99781718,99781722,99781724,99903426,99641023,99641024,99903435,99903437,99903442,99525077,99903447,99903449,99903454,99903476,99903481,99903528,100000020,99998174,99999140,99999166,99999205,99999306,99999308,99999980,99999984,99999988,99903420,99711479,99711493,99641028,99641035,99711470,99709270,99709281,99709285,99711464,99711467,99711461,99779509,99779517,99779520,99781698,99781701,99781696,,,,,,,,,,,,,,,,,,,,,,,,,,,,,,,,,,,,,,,,,,,,,,,,,,,,,,,,,,,,
bb_id,93,0,236,238,239,240,253,254,255,256,257,258,259,260,261,262,263,264,265,266,267,268,269,270,274,275,276,277,278,313,314,315,316,317,318,319,320,321,323,324,325,326,327,328,330,331,,,,,,,,,,,,,,,,,,,,,,,,,,,,,,,,,,,,,,,,,,,,,,,,,,,,,,,,,,,,
bbv,94,0,92,92,92,371,371,92,742,650,650,930,742,649,649,926,649,742,23534,23535,94931,94931,94931,94931,94931,3037791,94930,23534,742,92,92,92,92,92,2944,2944,2944,2944,2944,376832,2944,2944,2944,2944,2944,376832,,,,,,,,,,,,,,,,,,,,,,,,,,,,,,,,,,,,,,,,,,,,,,,,,,,,,,,,,,,,
csv,94,0,99123390,99123394,99123396,99946512,99830473,98982696,99946521,99946523,99946528,99946550,99946555,99830518,99830523,99714392,99830528,99946602,99946634,99946643,99999194,99999220,99999259,99999360,99999362,100000013,99999133,99946505,99946506,99053151,99053165,98982700,98982707,99053142,99050942,99050953,99050957,99053136,99053139,99053133,99121181,99121189,99121192,99123370,99123373,99123368,,,,,,,,,,,,,,,,,,,,,,,,,,,,,,,,,,,,,,,,,,,,,,,,,,,,,,,,,,,,
bb_id,94,0,236,238,239,240,253,254,255,256,257,258,259,260,261,262,263,264,265,266,267,268,269,270,274,275,276,277,278,313,314,315,316,317,318,319,320,321,323,324,325,326,327,328,330,331,,,,,,,,,,,,,,,,,,,,,,,,,,,,,,,,,,,,,,,,,,,,,,,,,,,,,,,,,,,,
bbv,95,0,93,93,93,370,370,93,740,647,647,922,740,648,648,928,648,740,23698,23698,94768,94768,94768,94768,94768,3032559,94768,23698,740,93,93,93,93,93,2976,2976,2976,2976,2976,380928,2976,2976,2976,2976,2976,380928,,,,,,,,,,,,,,,,,,,,,,,,,,,,,,,,,,,,,,,,,,,,,,,,,,,,,,,,,,,,
csv,95,0,99544870,99544874,99544876,99902809,99785409,99404176,99902818,99902820,99902825,99902836,99902841,99902843,99902848,99902870,99902875,99902922,99997659,99997668,99999539,99999565,99999604,99999705,99999707,100000001,99999478,99997627,99902803,99474631,99474645,99404180,99404187,99474622,99472422,99472433,99472437,99474616,99474619,99474613,99542661,99542669,99542672,99544850,99544853,99544848,,,,,,,,,,,,,,,,,,,,,,,,,,,,,,,,,,,,,,,,,,,,,,,,,,,,,,,,,,,,
bb_id,95,0,236,238,239,240,253,254,255,256,257,258,259,260,261,262,263,264,265,266,267,268,269,270,274,275,276,277,278,313,314,315,316,317,318,319,320,321,323,324,325,326,327,328,330,331,,,,,,,,,,,,,,,,,,,,,,,,,,,,,,,,,,,,,,,,,,,,,,,,,,,,,,,,,,,,
bbv,96,0,93,93,93,370,371,93,741,648,648,928,741,648,648,924,648,741,23513,23513,94777,94777,94777,94777,94777,3032851,94777,23513,741,93,93,93,93,93,2976,2976,2976,2976,2976,380928,2976,2976,2976,2976,2976,380928,,,,,,,,,,,,,,,,,,,,,,,,,,,,,,,,,,,,,,,,,,,,,,,,,,,,,,,,,,,,
csv,96,0,99966362,99966366,99966368,99709683,99825667,99825668,99966377,99709694,99709699,99709721,99966382,99966384,99966389,99966411,99966416,99966463,99999745,99999754,99999815,99999841,99999880,99999981,99999983,100000004,99999709,99999713,99825659,99896123,99896137,99825672,99825679,99896114,99893914,99893925,99893929,99896108,99896111,99896105,99964153,99964161,99964164,99966342,99966345,99966340,,,,,,,,,,,,,,,,,,,,,,,,,,,,,,,,,,,,,,,,,,,,,,,,,,,,,,,,,,,,
bb_id,96,0,236,238,239,240,253,254,255,256,257,258,259,260,261,262,263,264,265,266,267,268,269,270,274,275,276,277,278,313,314,315,316,317,318,319,320,321,323,324,325,326,327,328,330,331,,,,,,,,,,,,,,,,,,,,,,,,,,,,,,,,,,,,,,,,,,,,,,,,,,,,,,,,,,,,
bbv,97,0,92,92,92,371,370,92,741,649,649,926,741,649,649,928,649,741,23676,23676,94924,94924,94924,94924,94924,3037569,94924,23676,741,92,92,92,92,92,2944,2944,2944,2944,2944,376832,2944,2944,2944,2944,2944,376832,,,,,,,,,,,,,,,,,,,,,,,,,,,,,,,,,,,,,,,,,,,,,,,,,,,,,,,,,,,,
csv,97,0,99308050,99308054,99308056,99898991,99782671,99167356,99899000,99899002,99899007,99899029,99899034,99899036,99899041,99899052,99899057,99899104,99986151,99986160,99999796,99999822,99999861,99999962,99999964,100000006,99999735,99986119,99898985,99237811,99237825,99167360,99167367,99237802,99235602,99235613,99235617,99237796,99237799,99237793,99305841,99305849,99305852,99308030,99308033,99308028,,,,,,,,,,,,,,,,,,,,,,,,,,,,,,,,,,,,,,,,,,,,,,,,,,,,,,,,,,,,
bb_id,97,0,236,238,239,240,253,254,255,256,257,258,259,260,261,262,263,264,265,266,267,268,269,270,274,275,276,277,278,313,314,315,316,317,318,319,320,321,323,324,325,326,327,328,330,331,,,,,,,,,,,,,,,,,,,,,,,,,,,,,,,,,,,,,,,,,,,,,,,,,,,,,,,,,,,,
bbv,98,0,93,93,93,370,371,93,741,648,648,925,741,648,648,926,648,741,23664,23664,94769,94769,94769,94769,94769,3032617,94769,23664,741,93,93,93,93,93,2976,2976,2976,2976,2976,380928,2976,2976,2976,2976,2976,380928,,,,,,,,,,,,,,,,,,,,,,,,,,,,,,,,,,,,,,,,,,,,,,,,,,,,,,,,,,,,
csv,98,0,99729537,99729541,99729543,99851245,99970076,99588843,99970085,99970087,99970092,99970103,99970108,99970110,99970115,99970137,99970142,99970189,99999541,99999550,99999611,99999637,99999676,99999777,99999779,100000010,99999505,99999509,99970068,99659298,99659312,99588847,99588854,99659289,99657089,99657100,99657104,99659283,99659286,99659280,99727328,99727336,99727339,99729517,99729520,99729515,,,,,,,,,,,,,,,,,,,,,,,,,,,,,,,,,,,,,,,,,,,,,,,,,,,,,,,,,,,,
bb_id,98,0,236,238,239,240,253,254,255,256,257,258,259,260,261,262,263,264,265,266,267,268,269,270,274,275,276,277,278,313,314,315,316,317,318,319,320,321,323,324,325,326,327,328,330,331,,,,,,,,,,,,,,,,,,,,,,,,,,,,,,,,,,,,,,,,,,,,,,,,,,,,,,,,,,,,
bbv,99,0,1,1,1,1,1,1,1,1,781,781,781,781,99875,780,780,1,1,1,1,1,1,1024,1,1,90,90,90,363,363,91,725,635,635,909,725,634,634,904,634,725,23004,23004,92895,92895,92895,92895,92895,2972661,92896,23005,726,1,90,90,91,91,91,2912,2912,2912,2912,2912,372736,2880,2880,2880,2880,2880,368640,,,,,,,,,,,,,,,,,,,,,,,,,,,,,,,,,,,
csv,99,0,97943873,97921235,97943862,97943867,97921228,97921229,97943922,97943935,99999243,99999267,99999302,99999305,100000005,99999232,99999235,97943857,97921261,97921264,97943798,97943804,97943806,97943792,97921220,97921221,96911617,96911621,96911623,97734739,97850723,97850724,97734748,97734750,97734755,97734777,97734782,97618745,97618750,97502619,97618755,97734829,97734861,97734870,97849866,97849892,97849931,97850032,97850034,97850706,97850710,97850714,97850715,97921173,96841378,96841392,97850728,97850735,97921170,97918970,97918981,97918985,97921164,97921167,97921161,96909408,96909416,96909419,96911597,96911600,96911595,,,,,,,,,,,,,,,,,,,,,,,,,,,,,,,,,,,
bb_id,99,0,54,59,62,64,107,108,109,110,112,113,114,115,116,117,119,121,174,175,176,177,178,179,186,188,236,238,239,240,253,254,255,256,257,258,259,260,261,262,263,264,265,266,267,268,269,270,274,275,276,277,278,312,313,314,315,316,317,318,319,320,321,323,324,325,326,327,328,330,331,,,,,,,,,,,,,,,,,,,,,,,,,,,,,,,,,,,
bbv,100,0,1,1,1,31987,31987,31987,31987,4094429,31988,31988,1,1,6,1,1,1,32,32,31,31,31,3968,3968,3968,3968,63488,3968,3968,4096,4096,4096,65536,4096,4096,32,32,32,127,31,31,3968,3968,3968,63488,3968,3968,96,31,224,192,192,256,224,192,192,256,192,224,4064,4064,14277,14277,14277,14277,14277,456861,14276,4063,223,,,,,,,,,,,,,,,,,,,,,,,,,,,,,,,,,,,
csv,100,0,84287674,84287683,84287613,84284983,84285007,84285042,84285045,84287605,84287607,84287610,84287710,84287712,84287748,84287754,84287819,84287827,99612842,99612864,99582717,99582749,99612832,99612598,99612604,99612613,99612616,99612824,99612825,99612829,99641314,99641321,99641324,99641532,99641533,99641536,99641553,99641557,99641559,99937303,99559134,99559160,99582535,99582539,99582547,99582707,99582708,99582712,99995424,99582713,99995433,99995435,99995440,99995462,99995467,99937348,99937353,99879144,99937358,99995514,99995546,99995555,99999236,99999262,99999301,99999402,99999404,100000013,99999175,99995415,99995416,,,,,,,,,,,,,,,,,,,,,,,,,,,,,,,,,,,
bb_id,100,0,56,105,111,112,113,114,115,116,117,119,197,198,199,200,205,206,208,209,210,211,212,213,214,215,216,217,218,223,225,226,227,228,229,234,236,238,239,240,241,242,243,244,245,246,247,252,253,254,255,256,257,258,259,260,261,262,263,264,265,266,267,268,269,270,274,275,276,277,278,,,,,,,,,,,,,,,,,,,,,,,,,,,,,,,,,,,
bbv,101,0,203,203,203,203,203,25984,25984,25984,25984,415744,25984,25984,25984,25984,25984,415744,25984,25984,203,203,203,809,203,203,25984,25984,25984,415744,25984,25984,606,203,1415,1212,1212,1616,1415,1213,1213,1618,1213,1415,25659,25659,90560,90560,90560,90560,90560,2897902,90560,25659,1415,,,,,,,,,,,,,,,,,,,,,,,,,,,,,,,,,,,,,,,,,,,,,,,,,,,
csv,101,0,99966894,99966916,99936769,99936801,99966884,99966650,99966656,99966665,99966668,99966876,99966877,99966881,99995366,99995373,99995376,99995584,99995585,99995588,99995605,99995609,99995611,99913183,99913186,99913212,99936587,99936591,99936599,99936759,99936760,99936764,99855121,99936765,99995620,99855132,99855137,99855159,99995625,99995627,99995632,99995654,99995659,99995706,99999538,99999547,99999608,99999634,99999673,99999774,99999776,100000007,99999502,99999506,99913177,,,,,,,,,,,,,,,,,,,,,,,,,,,,,,,,,,,,,,,,,,,,,,,,,,,
bb_id,101,0,208,209,210,211,212,213,214,215,216,217,218,223,225,226,227,228,229,234,236,238,239,240,241,242,243,244,245,246,247,252,253,254,255,256,257,258,259,260,261,262,263,264,265,266,267,268,269,270,274,275,276,277,278,,,,,,,,,,,,,,,,,,,,,,,,,,,,,,,,,,,,,,,,,,,,,,,,,,,
bbv,102,0,202,202,202,202,202,25856,25856,25856,25856,413696,25856,25856,25856,25856,25856,413696,25856,25856,202,202,202,809,202,202,25856,25856,25856,413696,25856,25856,607,202,1416,1214,1214,1617,1416,1214,1214,1620,1214,1416,25752,25752,90646,90646,90646,90646,90646,2900668,90646,25752,1416,,,,,,,,,,,,,,,,,,,,,,,,,,,,,,,,,,,,,,,,,,,,,,,,,,,
csv,102,0,99826597,99826619,99796472,99796504,99826587,99826353,99826359,99826368,99826371,99826579,99826580,99826584,99855069,99855076,99855079,99855287,99855288,99855291,99855308,99855312,99855314,99916216,99772889,99772915,99796290,99796294,99796302,99796462,99796463,99796467,99975687,99796468,99975696,99975698,99975703,99975714,99975719,99975721,99975726,99975748,99975753,99975800,99997822,99997831,99999702,99999728,99999767,99999868,99999870,100000017,99999641,99997790,99975679,,,,,,,,,,,,,,,,,,,,,,,,,,,,,,,,,,,,,,,,,,,,,,,,,,,
bb_id,102,0,208,209,210,211,212,213,214,215,216,217,218,223,225,226,227,228,229,234,236,238,239,240,241,242,243,244,245,246,247,252,253,254,255,256,257,258,259,260,261,262,263,264,265,266,267,268,269,270,274,275,276,277,278,,,,,,,,,,,,,,,,,,,,,,,,,,,,,,,,,,,,,,,,,,,,,,,,,,,
bbv,103,0,202,202,202,202,202,25856,25856,25856,25856,413696,25856,25856,25856,25856,25856,413696,25856,25856,202,202,202,809,202,202,25856,25856,25856,413696,25856,25856,607,202,1416,1214,1214,1619,1416,1214,1214,1618,1214,1416,25675,25675,90650,90650,90650,90649,90649,2900793,90650,25675,1416,,,,,,,,,,,,,,,,,,,,,,,,,,,,,,,,,,,,,,,,,,,,,,,,,,,
csv,103,0,99686290,99686312,99656165,99656197,99686280,99686046,99686052,99686061,99686064,99686272,99686273,99686277,99714762,99714769,99714772,99714980,99714981,99714984,99715001,99715005,99715007,99894140,99632582,99632608,99655983,99655987,99655995,99656155,99656156,99656160,99952531,99656161,99952540,99952542,99952547,99952569,99952574,99952576,99952581,99952592,99952597,99952644,99996251,99996260,99999941,99999967,100000006,99999202,99999204,99999876,99999880,99996219,99952523,,,,,,,,,,,,,,,,,,,,,,,,,,,,,,,,,,,,,,,,,,,,,,,,,,,
bb_id,103,0,208,209,210,211,212,213,214,215,216,217,218,223,225,226,227,228,229,234,236,238,239,240,241,242,243,244,245,246,247,252,253,254,255,256,257,258,259,260,261,262,263,264,265,266,267,268,269,270,274,275,276,277,278,,,,,,,,,,,,,,,,,,,,,,,,,,,,,,,,,,,,,,,,,,,,,,,,,,,
bbv,104,0,202,202,202,202,202,25856,25856,25856,25856,413696,25856,25856,25856,25856,25856,413696,25856,25856,202,202,202,810,203,203,25929,25929,25929,414855,25928,25928,607,202,1416,1214,1214,1620,1416,1213,1213,1616,1213,1416,25657,25657,90635,90635,90635,90636,90636,2900352,90636,25658,1417,,,,,,,,,,,,,,,,,,,,,,,,,,,,,,,,,,,,,,,,,,,,,,,,,,,
csv,104,0,99545994,99546016,99515869,99515901,99545984,99545750,99545756,99545765,99545768,99545976,99545977,99545981,99574466,99574473,99574476,99574684,99574685,99574688,99574705,99574709,99574711,99986638,99986641,99986667,99999922,99999926,99999934,100000004,99999911,99999915,99928576,99515865,99928585,99928587,99928592,99928614,99928619,99870500,99870505,99812296,99870510,99928666,99928698,99928707,99985783,99985809,99985848,99985949,99985951,99986623,99986627,99986631,99986632,,,,,,,,,,,,,,,,,,,,,,,,,,,,,,,,,,,,,,,,,,,,,,,,,,,
bb_id,104,0,208,209,210,211,212,213,214,215,216,217,218,223,225,226,227,228,229,234,236,238,239,240,241,242,243,244,245,246,247,252,253,254,255,256,257,258,259,260,261,262,263,264,265,266,267,268,269,270,274,275,276,277,278,,,,,,,,,,,,,,,,,,,,,,,,,,,,,,,,,,,,,,,,,,,,,,,,,,,
bbv,105,0,203,203,203,203,203,25984,25984,25984,25984,415744,25984,25984,25984,25984,25984,415744,25984,25984,203,203,203,809,202,202,25911,25911,25911,414585,25912,25912,606,203,1416,1213,1213,1616,1416,1214,1214,1620,1214,1416,25724,25724,90572,90571,90571,90571,90571,2898272,90571,25723,1415,,,,,,,,,,,,,,,,,,,,,,,,,,,,,,,,,,,,,,,,,,,,,,,,,,,
csv,105,0,99900055,99900077,99869930,99869962,99900045,99899811,99899817,99899826,99899829,99900037,99900038,99900042,99928527,99928534,99928537,99928745,99928746,99928749,99928766,99928770,99928772,99989674,99846347,99846373,99869748,99869752,99869760,99869920,99869921,99869925,99788282,99869926,99989683,99989685,99989690,99788320,99989695,99989697,99989702,99989724,99989729,99989776,99999083,99999092,100000058,99999179,99999218,99999319,99999321,99999993,99999997,99999051,99989668,,,,,,,,,,,,,,,,,,,,,,,,,,,,,,,,,,,,,,,,,,,,,,,,,,,
bb_id,105,0,208,209,210,211,212,213,214,215,216,217,218,223,225,226,227,228,229,234,236,238,239,240,241,242,243,244,245,246,247,252,253,254,255,256,257,258,259,260,261,262,263,264,265,266,267,268,269,270,274,275,276,277,278,,,,,,,,,,,,,,,,,,,,,,,,,,,,,,,,,,,,,,,,,,,,,,,,,,,
bbv,106,0,202,202,202,202,202,25856,25856,25856,25856,413696,25856,25856,25856,25856,25856,413696,25856,25856,202,202,202,809,202,202,25856,25856,25856,413696,25856,25856,607,202,1416,1214,1214,1618,1416,1214,1214,1619,1214,1416,25701,25701,90648,90649,90649,90649,90649,2900747,90648,25701,1416,,,,,,,,,,,,,,,,,,,,,,,,,,,,,,,,,,,,,,,,,,,,,,,,,,,
csv,106,0,99759707,99759729,99729582,99729614,99759697,99759463,99759469,99759478,99759481,99759689,99759690,99759694,99788179,99788186,99788189,99788397,99788398,99788401,99788418,99788422,99788424,99967557,99705999,99706025,99729400,99729404,99729412,99729572,99729573,99729577,99908797,99729578,99967566,99967568,99967573,99967584,99967589,99967591,99967596,99967607,99967612,99967659,99996831,99996840,99999616,99999642,99999681,99999782,99999784,100000015,99999555,99996799,99967551,,,,,,,,,,,,,,,,,,,,,,,,,,,,,,,,,,,,,,,,,,,,,,,,,,,
bb_id,106,0,208,209,210,211,212,213,214,215,216,217,218,223,225,226,227,228,229,234,236,238,239,240,241,242,243,244,245,246,247,252,253,254,255,256,257,258,259,260,261,262,263,264,265,266,267,268,269,270,274,275,276,277,278,,,,,,,,,,,,,,,,,,,,,,,,,,,,,,,,,,,,,,,,,,,,,,,,,,,
bbv,107,0,202,202,202,202,202,25856,25856,25856,25856,413696,25856,25856,25856,25856,25856,413696,25856,25856,202,202,202,809,202,202,25856,25856,25856,413696,25856,25856,607,202,1416,1214,1214,1620,1416,1214,1214,1617,1214,1416,25663,25663,90650,90650,90650,90650,90650,2900814,90650,25663,1416,,,,,,,,,,,,,,,,,,,,,,,,,,,,,,,,,,,,,,,,,,,,,,,,,,,
csv,107,0,99619402,99619424,99589277,99589309,99619392,99619158,99619164,99619173,99619176,99619384,99619385,99619389,99647874,99647881,99647884,99648092,99648093,99648096,99648113,99648117,99648119,99943863,99565694,99565720,99589095,99589099,99589107,99589267,99589268,99589272,99885643,99589273,99943872,99943874,99943879,99943901,99943906,99943908,99943913,99885704,99943918,99943965,99973002,99973011,99999317,99999343,99999382,99999483,99999485,100000010,99999256,99972970,99943857,,,,,,,,,,,,,,,,,,,,,,,,,,,,,,,,,,,,,,,,,,,,,,,,,,,
bb_id,107,0,208,209,210,211,212,213,214,215,216,217,218,223,225,226,227,228,229,234,236,238,239,240,241,242,243,244,245,246,247,252,253,254,255,256,257,258,259,260,261,262,263,264,265,266,267,268,269,270,274,275,276,277,278,,,,,,,,,,,,,,,,,,,,,,,,,,,,,,,,,,,,,,,,,,,,,,,,,,,
bbv,108,0,203,203,203,203,203,25984,25984,25984,25984,415744,25984,25984,25975,25975,25975,415590,25974,25974,202,202,202,809,203,203,25984,25984,25984,415744,25984,25984,607,203,1415,1213,1213,1618,1415,1212,1212,1616,1212,1415,25655,25655,90562,90562,90562,90562,90562,2897991,90563,25656,1416,,,,,,,,,,,,,,,,,,,,,,,,,,,,,,,,,,,,,,,,,,,,,,,,,,,
csv,108,0,99973457,99973479,99943332,99943364,99973447,99973213,99973219,99973228,99973231,99973439,99973440,99973444,99999913,99999920,99999923,100000001,99999908,99999911,99507813,99507817,99507819,99919746,99919749,99919775,99943150,99943154,99943162,99943322,99943323,99943327,99861684,99943328,99861693,99861695,99861700,99861722,99861727,99803608,99803613,99745404,99803618,99861774,99861806,99861815,99918891,99918917,99918956,99919057,99919059,99919731,99919735,99919739,99919740,,,,,,,,,,,,,,,,,,,,,,,,,,,,,,,,,,,,,,,,,,,,,,,,,,,
bb_id,108,0,208,209,210,211,212,213,214,215,216,217,218,223,225,226,227,228,229,234,236,238,239,240,241,242,243,244,245,246,247,252,253,254,255,256,257,258,259,260,261,262,263,264,265,266,267,268,269,270,274,275,276,277,278,,,,,,,,,,,,,,,,,,,,,,,,,,,,,,,,,,,,,,,,,,,,,,,,,,,
bbv,109,0,202,202,202,202,202,25856,25856,25856,25856,413696,25856,25856,25865,25865,25865,413850,25866,25866,203,203,203,809,202,202,25856,25856,25856,413696,25856,25856,607,202,1417,1214,1214,1617,1417,1215,1215,1622,1215,1417,25755,25755,90644,90644,90644,90644,90643,2900576,90643,25754,1416,,,,,,,,,,,,,,,,,,,,,,,,,,,,,,,,,,,,,,,,,,,,,,,,,,,
csv,109,0,99833166,99833188,99803041,99803073,99833156,99832922,99832928,99832937,99832940,99833148,99833149,99833153,99861638,99861645,99861648,99861856,99861857,99861860,99861877,99861881,99861883,99922785,99779458,99779484,99802859,99802863,99802871,99803031,99803032,99803036,99982256,99803037,99982265,99982267,99982272,99982283,99982288,99982290,99982295,99982317,99982322,99982369,99997061,99997070,99999846,99999872,99999911,100000012,99999109,99999781,99999785,99997029,99982248,,,,,,,,,,,,,,,,,,,,,,,,,,,,,,,,,,,,,,,,,,,,,,,,,,,
bb_id,109,0,208,209,210,211,212,213,214,215,216,217,218,223,225,226,227,228,229,234,236,238,239,240,241,242,243,244,245,246,247,252,253,254,255,256,257,258,259,260,261,262,263,264,265,266,267,268,269,270,274,275,276,277,278,,,,,,,,,,,,,,,,,,,,,,,,,,,,,,,,,,,,,,,,,,,,,,,,,,,
bbv,110,0,1,1,7,1,1,1,1,195,195,196,196,196,25088,25088,25088,25088,401408,25088,25088,24960,24960,24960,399360,24960,24960,199,199,199,795,196,196,25088,25088,25088,401408,25088,25088,599,199,1394,1195,1195,1597,1394,1195,1195,1594,1195,1394,25604,25604,90780,90780,90780,90780,90781,2904987,90780,25604,1394,1,1,4,4,3,3,3,768,768,768,768,12288,768,768,1024,1024,1024,16384,1024,1024,,,,,,,,,,,,,,,,,,,,,,,,
csv,110,0,96726802,96726804,96726846,96726852,96726774,96726775,96726727,96232379,96232401,96696609,96696641,96726724,96726490,96726496,96726505,96726508,96726716,96726717,96726721,96260851,96260858,96260861,96261069,96261070,96261073,99954415,99954419,99954421,99720838,96673026,96673052,96696427,96696431,96696439,96696599,96696600,96696604,99836822,99836823,99954430,99720849,99720854,99720876,99954435,99954437,99954442,99954464,99954469,99954516,99999198,99999207,99999268,99999294,99999333,99999434,99999436,100000003,99999162,99999166,99836814,96726917,96726925,99897032,99897054,99836827,99836859,99897022,99896788,99896794,99896803,99896806,99897014,99897015,99897019,99954176,99954183,99954186,99954394,99954395,99954398,,,,,,,,,,,,,,,,,,,,,,,,
bb_id,110,0,189,190,191,192,202,204,207,208,209,210,211,212,213,214,215,216,217,218,223,225,226,227,228,229,234,236,238,239,240,241,242,243,244,245,246,247,252,253,254,255,256,257,258,259,260,261,262,263,264,265,266,267,268,269,270,274,275,276,277,278,279,280,282,283,284,285,286,287,288,289,290,291,292,297,299,300,301,302,303,308,,,,,,,,,,,,,,,,,,,,,,,,
bbv,111,0,94,94,94,379,379,94,758,664,664,948,758,664,664,948,664,758,24175,24175,96986,96986,96986,96986,96986,3103539,96986,24175,758,94,94,94,94,94,24064,24064,24064,24064,385024,24064,24064,24064,24064,24064,385024,24064,24064,,,,,,,,,,,,,,,,,,,,,,,,,,,,,,,,,,,,,,,,,,,,,,,,,,,,,,,,,,,
csv,111,0,99284118,99284122,99284124,99875059,99991201,99166526,99991210,99991212,99991217,99991239,99991244,99991246,99991251,99875120,99991256,99991303,99991335,99991344,99999550,99999576,99999615,99999716,99999718,100000012,99999489,99991192,99991193,99226735,99226757,99166530,99166562,99226725,99226491,99226497,99226506,99226509,99226717,99226718,99226722,99283879,99283886,99283889,99284097,99284098,99284101,,,,,,,,,,,,,,,,,,,,,,,,,,,,,,,,,,,,,,,,,,,,,,,,,,,,,,,,,,,
bb_id,111,0,236,238,239,240,253,254,255,256,257,258,259,260,261,262,263,264,265,266,267,268,269,270,274,275,276,277,278,282,283,284,285,286,287,288,289,290,291,292,297,299,300,301,302,303,308,,,,,,,,,,,,,,,,,,,,,,,,,,,,,,,,,,,,,,,,,,,,,,,,,,,,,,,,,,,
bbv,112,0,95,95,95,378,378,95,756,661,661,943,756,661,661,946,661,756,24189,24189,96855,96855,96855,96855,96855,3099375,96855,24189,756,95,95,95,95,95,24320,24320,24320,24320,389120,24320,24320,24320,24320,24320,389120,24320,24320,,,,,,,,,,,,,,,,,,,,,,,,,,,,,,,,,,,,,,,,,,,,,,,,,,,,,,,,,,,
csv,112,0,99670511,99670515,99670517,99792219,99911050,99552919,99911059,99911061,99911066,99911077,99911082,99911084,99911089,99911111,99911116,99911163,99999155,99999164,99999225,99999251,99999290,99999391,99999393,100000002,99999119,99999123,99911042,99613128,99613150,99552923,99552955,99613118,99612884,99612890,99612899,99612902,99613110,99613111,99613115,99670272,99670279,99670282,99670490,99670491,99670494,,,,,,,,,,,,,,,,,,,,,,,,,,,,,,,,,,,,,,,,,,,,,,,,,,,,,,,,,,,
bb_id,112,0,236,238,239,240,253,254,255,256,257,258,259,260,261,262,263,264,265,266,267,268,269,270,274,275,276,277,278,282,283,284,285,286,287,288,289,290,291,292,297,299,300,301,302,303,308,,,,,,,,,,,,,,,,,,,,,,,,,,,,,,,,,,,,,,,,,,,,,,,,,,,,,,,,,,,
bbv,113,0,94,94,94,379,379,95,757,663,663,949,757,662,662,944,662,757,24008,24008,96927,96927,96927,96927,96927,3101667,96928,24009,758,95,95,95,95,95,24320,24320,24320,24320,389120,24320,24320,24066,24066,24066,385056,24066,24066,,,,,,,,,,,,,,,,,,,,,,,,,,,,,,,,,,,,,,,,,,,,,,,,,,,,,,,,,,,
csv,113,0,99000215,99000219,99000221,99823337,99939321,99939322,99823346,99823348,99823353,99823375,99823380,99707343,99707348,99591217,99707353,99823427,99823459,99823468,99938464,99938490,99938529,99938630,99938632,99939304,99939308,99939312,99939313,99999531,99999553,99939326,99939358,99999521,99999287,99999293,99999302,99999305,99999513,99999514,99999518,99999779,99999786,99999789,99999997,99999998,100000001,,,,,,,,,,,,,,,,,,,,,,,,,,,,,,,,,,,,,,,,,,,,,,,,,,,,,,,,,,,
bb_id,113,0,236,238,239,240,253,254,255,256,257,258,259,260,261,262,263,264,265,266,267,268,269,270,274,275,276,277,278,282,283,284,285,286,287,288,289,290,291,292,297,299,300,301,302,303,308,,,,,,,,,,,,,,,,,,,,,,,,,,,,,,,,,,,,,,,,,,,,,,,,,,,,,,,,,,,
bbv,114,0,95,95,95,379,378,94,758,663,663,946,758,664,664,950,664,758,24219,24219,96921,96921,96921,96921,96921,3101457,96920,24218,757,94,94,94,94,94,24064,24064,24064,24064,385024,24064,24064,24318,24318,24318,389088,24318,24318,,,,,,,,,,,,,,,,,,,,,,,,,,,,,,,,,,,,,,,,,,,,,,,,,,,,,,,,,,,
csv,114,0,99386619,99386623,99386625,99977560,99861240,99269027,99977569,99977571,99977576,99977598,99977603,99977605,99977610,99977621,99977626,99977673,99977705,99977714,99999495,99999521,99999560,99999661,99999663,100000020,99999434,99977553,99977554,99329236,99329258,99269031,99269063,99329226,99328992,99328998,99329007,99329010,99329218,99329219,99329223,99386380,99386387,99386390,99386598,99386599,99386602,,,,,,,,,,,,,,,,,,,,,,,,,,,,,,,,,,,,,,,,,,,,,,,,,,,,,,,,,,,
bb_id,114,0,236,238,239,240,253,254,255,256,257,258,259,260,261,262,263,264,265,266,267,268,269,270,274,275,276,277,278,282,283,284,285,286,287,288,289,290,291,292,297,299,300,301,302,303,308,,,,,,,,,,,,,,,,,,,,,,,,,,,,,,,,,,,,,,,,,,,,,,,,,,,,,,,,,,,
bbv,115,0,95,95,95,378,378,95,756,661,661,944,756,661,661,944,661,756,24161,24161,96857,96857,96857,96857,96857,3099414,96857,24161,756,95,95,95,95,95,24320,24320,24320,24320,389120,24320,24320,24320,24320,24320,389120,24320,24320,,,,,,,,,,,,,,,,,,,,,,,,,,,,,,,,,,,,,,,,,,,,,,,,,,,,,,,,,,,
csv,115,0,99773004,99773008,99773010,99894712,99655411,99655412,99894721,99894723,99894728,99539465,99894733,99894735,99894740,99894762,99894767,99894814,99998726,99998735,99999701,99999727,99999766,99999867,99999869,100000016,99999640,99998694,99894706,99715621,99715643,99655416,99655448,99715611,99715377,99715383,99715392,99715395,99715603,99715604,99715608,99772765,99772772,99772775,99772983,99772984,99772987,,,,,,,,,,,,,,,,,,,,,,,,,,,,,,,,,,,,,,,,,,,,,,,,,,,,,,,,,,,
bb_id,115,0,236,238,239,240,253,254,255,256,257,258,259,260,261,262,263,264,265,266,267,268,269,270,274,275,276,277,278,282,283,284,285,286,287,288,289,290,291,292,297,299,300,301,302,303,308,,,,,,,,,,,,,,,,,,,,,,,,,,,,,,,,,,,,,,,,,,,,,,,,,,,,,,,,,,,
bbv,116,0,94,94,94,379,379,94,758,664,664,950,758,663,663,946,663,758,24040,24040,96992,96992,96992,96992,96992,3103762,96992,24040,758,94,94,94,94,94,24064,24064,24064,24064,385024,24064,24064,24064,24064,24064,385024,24064,24064,,,,,,,,,,,,,,,,,,,,,,,,,,,,,,,,,,,,,,,,,,,,,,,,,,,,,,,,,,,
csv,116,0,99102694,99102698,99102700,99925816,99809777,98985102,99925825,99925827,99925832,99925854,99925859,99809822,99809827,99693696,99809832,99925906,99925938,99925947,99999313,99999339,99999378,99999479,99999481,100000006,99999252,99925809,99925810,99045311,99045333,98985106,98985138,99045301,99045067,99045073,99045082,99045085,99045293,99045294,99045298,99102455,99102462,99102465,99102673,99102674,99102677,,,,,,,,,,,,,,,,,,,,,,,,,,,,,,,,,,,,,,,,,,,,,,,,,,,,,,,,,,,
bb_id,116,0,236,238,239,240,253,254,255,256,257,258,259,260,261,262,263,264,265,266,267,268,269,270,274,275,276,277,278,282,283,284,285,286,287,288,289,290,291,292,297,299,300,301,302,303,308,,,,,,,,,,,,,,,,,,,,,,,,,,,,,,,,,,,,,,,,,,,,,,,,,,,,,,,,,,,
bbv,117,0,95,95,95,378,379,95,757,662,662,944,757,663,663,949,663,757,24213,24213,96854,96854,96854,96854,96854,3099328,96854,24213,757,95,95,95,95,95,24320,24320,24320,24320,389120,24320,24320,24320,24320,24320,389120,24320,24320,,,,,,,,,,,,,,,,,,,,,,,,,,,,,,,,,,,,,,,,,,,,,,,,,,,,,,,,,,,
csv,117,0,99489093,99489097,99489099,99847032,99963714,99371501,99963723,99963725,99963730,99963752,99963757,99963759,99963764,99963775,99963780,99963827,99992909,99992918,99999314,99999340,99999379,99999480,99999482,100000007,99999253,99992877,99963706,99431710,99431732,99371505,99371537,99431700,99431466,99431472,99431481,99431484,99431692,99431693,99431697,99488854,99488861,99488864,99489072,99489073,99489076,,,,,,,,,,,,,,,,,,,,,,,,,,,,,,,,,,,,,,,,,,,,,,,,,,,,,,,,,,,
bb_id,117,0,236,238,239,240,253,254,255,256,257,258,259,260,261,262,263,264,265,266,267,268,269,270,274,275,276,277,278,282,283,284,285,286,287,288,289,290,291,292,297,299,300,301,302,303,308,,,,,,,,,,,,,,,,,,,,,,,,,,,,,,,,,,,,,,,,,,,,,,,,,,,,,,,,,,,
bbv,118,0,95,95,95,379,378,95,757,662,662,946,757,662,662,945,662,757,24112,24112,96859,96859,96859,96859,96859,3099491,96859,24112,757,95,95,95,95,95,24320,24320,24320,24320,389120,24320,24320,24320,24320,24320,389120,24320,24320,,,,,,,,,,,,,,,,,,,,,,,,,,,,,,,,,,,,,,,,,,,,,,,,,,,,,,,,,,,
csv,118,0,99875491,99875495,99875497,99997199,99757898,99757899,99997208,99997210,99997215,99641952,99997220,99997222,99997227,99997249,99997254,99997301,99999188,99999197,99999258,99999284,99999323,99999424,99999426,100000014,99999152,99999156,99997193,99818108,99818130,99757903,99757935,99818098,99817864,99817870,99817879,99817882,99818090,99818091,99818095,99875252,99875259,99875262,99875470,99875471,99875474,,,,,,,,,,,,,,,,,,,,,,,,,,,,,,,,,,,,,,,,,,,,,,,,,,,,,,,,,,,
bb_id,118,0,236,238,239,240,253,254,255,256,257,258,259,260,261,262,263,264,265,266,267,268,269,270,274,275,276,277,278,282,283,284,285,286,287,288,289,290,291,292,297,299,300,301,302,303,308,,,,,,,,,,,,,,,,,,,,,,,,,,,,,,,,,,,,,,,,,,,,,,,,,,,,,,,,,,,
bbv,119,0,94,94,94,378,379,94,757,663,663,948,757,663,663,946,663,757,24094,24094,96990,96990,96990,96990,96990,3103673,96990,24094,757,94,94,94,94,94,24064,24064,24064,24064,385024,24064,24064,24064,24064,24064,385024,24064,24064,,,,,,,,,,,,,,,,,,,,,,,,,,,,,,,,,,,,,,,,,,,,,,,,,,,,,,,,,,,
csv,119,0,99205183,99205187,99205189,99796124,99912266,99087591,99912275,99912277,99912282,99912304,99912309,99912311,99912316,99796185,99912321,99912368,99970365,99970374,99999395,99999421,99999460,99999561,99999563,100000004,99999334,99970333,99912258,99147800,99147822,99087595,99087627,99147790,99147556,99147562,99147571,99147574,99147782,99147783,99147787,99204944,99204951,99204954,99205162,99205163,99205166,,,,,,,,,,,,,,,,,,,,,,,,,,,,,,,,,,,,,,,,,,,,,,,,,,,,,,,,,,,
bb_id,119,0,236,238,239,240,253,254,255,256,257,258,259,260,261,262,263,264,265,266,267,268,269,270,274,275,276,277,278,282,283,284,285,286,287,288,289,290,291,292,297,299,300,301,302,303,308,,,,,,,,,,,,,,,,,,,,,,,,,,,,,,,,,,,,,,,,,,,,,,,,,,,,,,,,,,,
bbv,120,0,95,95,95,379,378,95,757,662,662,944,757,662,662,948,662,757,24202,24202,96855,96855,96855,96855,96855,3099342,96855,24202,757,95,95,95,95,95,24320,24320,24320,24320,389120,24320,24320,24320,24320,24320,389120,24320,24320,,,,,,,,,,,,,,,,,,,,,,,,,,,,,,,,,,,,,,,,,,,,,,,,,,,,,,,,,,,
csv,120,0,99591584,99591588,99591590,99949523,99832123,99473992,99949532,99949534,99949539,99949550,99949555,99949557,99949562,99949584,99949589,99949636,99993378,99993387,99999783,99999809,99999848,99999949,99999951,100000014,99999722,99993346,99949517,99534201,99534223,99473996,99474028,99534191,99533957,99533963,99533972,99533975,99534183,99534184,99534188,99591345,99591352,99591355,99591563,99591564,99591567,,,,,,,,,,,,,,,,,,,,,,,,,,,,,,,,,,,,,,,,,,,,,,,,,,,,,,,,,,,
bb_id,120,0,236,238,239,240,253,254,255,256,257,258,259,260,261,262,263,264,265,266,267,268,269,270,274,275,276,277,278,282,283,284,285,286,287,288,289,290,291,292,297,299,300,301,302,303,308,,,,,,,,,,,,,,,,,,,,,,,,,,,,,,,,,,,,,,,,,,,,,,,,,,,,,,,,,,,
bbv,121,0,1,1,7,1,1,1,94,94,94,377,377,94,754,660,660,944,754,660,660,942,660,754,23989,23989,96496,96496,96496,96496,96496,3087873,96496,23989,754,1,74,74,75,75,75,19200,19200,19200,19200,307200,19200,19200,18944,18944,18944,303104,18944,18944,1,1,20,20,19,19,19,608,608,608,608,608,77824,640,640,640,640,640,81920,,,,,,,,,,,,,,,,,,,,,,,,,,,,,,,,,
csv,121,0,78786682,78786684,78786726,78786732,78786652,78786653,99373268,99373272,99373274,99964209,99847889,99232574,99964218,99964220,99964225,99964247,99964252,99964254,99964259,99964270,99964275,99964322,99993359,99993368,99999764,99999790,99999829,99999930,99999932,100000016,99999703,99993327,99964203,78786605,77729913,77729935,78726407,78726439,78786602,78786368,78786374,78786383,78786386,78786594,78786595,78786599,77787057,77787064,77787067,77787275,77787276,77787279,78786797,78786801,99303029,99303043,99232578,99232585,99303020,99300820,99300831,99300835,99303014,99303017,99303011,99371059,99371067,99371070,99373248,99373251,99373246,,,,,,,,,,,,,,,,,,,,,,,,,,,,,,,,,
bb_id,121,0,181,182,183,184,194,196,236,238,239,240,253,254,255,256,257,258,259,260,261,262,263,264,265,266,267,268,269,270,274,275,276,277,278,281,282,283,284,285,286,287,288,289,290,291,292,297,299,300,301,302,303,308,310,311,313,314,315,316,317,318,319,320,321,323,324,325,326,327,328,330,331,,,,,,,,,,,,,,,,,,,,,,,,,,,,,,,,,
bbv,122,0,93,93,93,370,370,93,740,647,647,924,740,647,647,924,647,740,23638,23638,94770,94770,94770,94770,94770,3032667,94770,23638,740,93,93,93,93,93,2976,2976,2976,2976,2976,380928,2976,2976,2976,2976,2976,380928,,,,,,,,,,,,,,,,,,,,,,,,,,,,,,,,,,,,,,,,,,,,,,,,,,,,,,,,,,,,
csv,122,0,99794745,99794749,99794751,99916453,99654050,99654051,99916462,99916464,99916469,99538104,99916474,99916476,99916481,99916503,99916508,99916555,99998207,99998216,99999182,99999208,99999247,99999348,99999350,100000001,99999121,99998175,99916447,99724506,99724520,99654055,99654062,99724497,99722297,99722308,99722312,99724491,99724494,99724488,99792536,99792544,99792547,99794725,99794728,99794723,,,,,,,,,,,,,,,,,,,,,,,,,,,,,,,,,,,,,,,,,,,,,,,,,,,,,,,,,,,,
bb_id,122,0,236,238,239,240,253,254,255,256,257,258,259,260,261,262,263,264,265,266,267,268,269,270,274,275,276,277,278,313,314,315,316,317,318,319,320,321,323,324,325,326,327,328,330,331,,,,,,,,,,,,,,,,,,,,,,,,,,,,,,,,,,,,,,,,,,,,,,,,,,,,,,,,,,,,
bbv,123,0,92,92,92,371,371,92,742,650,650,930,742,649,649,926,649,742,23542,23542,94931,94931,94931,94931,94931,3037774,94931,23542,742,92,92,92,92,92,2944,2944,2944,2944,2944,376832,2944,2944,2944,2944,2944,376832,,,,,,,,,,,,,,,,,,,,,,,,,,,,,,,,,,,,,,,,,,,,,,,,,,,,,,,,,,,,
csv,123,0,99136436,99136440,99136442,99959558,99843519,98995742,99959567,99959569,99959574,99959596,99959601,99843564,99843569,99727438,99843574,99959648,99959680,99959689,99999570,99999596,99999635,99999736,99999738,100000011,99999509,99959551,99959552,99066197,99066211,98995746,98995753,99066188,99063988,99063999,99064003,99066182,99066185,99066179,99134227,99134235,99134238,99136416,99136419,99136414,,,,,,,,,,,,,,,,,,,,,,,,,,,,,,,,,,,,,,,,,,,,,,,,,,,,,,,,,,,,
bb_id,123,0,236,238,239,240,253,254,255,256,257,258,259,260,261,262,263,264,265,266,267,268,269,270,274,275,276,277,278,313,314,315,316,317,318,319,320,321,323,324,325,326,327,328,330,331,,,,,,,,,,,,,,,,,,,,,,,,,,,,,,,,,,,,,,,,,,,,,,,,,,,,,,,,,,,,
bbv,124,0,93,93,93,370,370,93,740,647,647,922,740,648,648,928,648,740,23696,23696,94768,94768,94768,94768,94768,3032564,94768,23696,740,93,93,93,93,93,2976,2976,2976,2976,2976,380928,2976,2976,2976,2976,2976,380928,,,,,,,,,,,,,,,,,,,,,,,,,,,,,,,,,,,,,,,,,,,,,,,,,,,,,,,,,,,,
csv,124,0,99557918,99557922,99557924,99915857,99798457,99417224,99915866,99915868,99915873,99915884,99915889,99915891,99915896,99915918,99915923,99915970,99996137,99996146,99999827,99999853,99999892,99999993,99999995,100000016,99999766,99996105,99915851,99487679,99487693,99417228,99417235,99487670,99485470,99485481,99485485,99487664,99487667,99487661,99555709,99555717,99555720,99557898,99557901,99557896,,,,,,,,,,,,,,,,,,,,,,,,,,,,,,,,,,,,,,,,,,,,,,,,,,,,,,,,,,,,
bb_id,124,0,236,238,239,240,253,254,255,256,257,258,259,260,261,262,263,264,265,266,267,268,269,270,274,275,276,277,278,313,314,315,316,317,318,319,320,321,323,324,325,326,327,328,330,331,,,,,,,,,,,,,,,,,,,,,,,,,,,,,,,,,,,,,,,,,,,,,,,,,,,,,,,,,,,,
bbv,125,0,93,93,93,370,371,93,741,648,648,928,741,648,648,924,648,741,23501,23501,94777,94777,94777,94777,94777,3032877,94777,23501,741,93,93,93,93,93,2976,2976,2976,2976,2976,380928,2976,2976,2976,2976,2976,380928,,,,,,,,,,,,,,,,,,,,,,,,,,,,,,,,,,,,,,,,,,,,,,,,,,,,,,,,,,,,
csv,125,0,99979395,99979399,99979401,99722716,99838700,99838701,99979410,99722727,99722732,99722754,99979415,99979417,99979422,99979444,99979449,99979496,99999478,99999487,99999548,99999574,99999613,99999714,99999716,100000010,99999442,99999446,99838692,99909156,99909170,99838705,99838712,99909147,99906947,99906958,99906962,99909141,99909144,99909138,99977186,99977194,99977197,99979375,99979378,99979373,,,,,,,,,,,,,,,,,,,,,,,,,,,,,,,,,,,,,,,,,,,,,,,,,,,,,,,,,,,,
bb_id,125,0,236,238,239,240,253,254,255,256,257,258,259,260,261,262,263,264,265,266,267,268,269,270,274,275,276,277,278,313,314,315,316,317,318,319,320,321,323,324,325,326,327,328,330,331,,,,,,,,,,,,,,,,,,,,,,,,,,,,,,,,,,,,,,,,,,,,,,,,,,,,,,,,,,,,
bbv,126,0,92,92,92,371,370,92,741,649,649,926,741,649,649,928,649,741,23690,23690,94923,94923,94923,94923,94923,3037550,94923,23690,741,92,92,92,92,92,2944,2944,2944,2944,2944,376832,2944,2944,2944,2944,2944,376832,,,,,,,,,,,,,,,,,,,,,,,,,,,,,,,,,,,,,,,,,,,,,,,,,,,,,,,,,,,,
csv,126,0,99321077,99321081,99321083,99912018,99795698,99180383,99912027,99912029,99912034,99912056,99912061,99912063,99912068,99912079,99912084,99912131,99999178,99999187,99999248,99999274,99999313,99999414,99999416,100000004,99999142,99999146,99912012,99250838,99250852,99180387,99180394,99250829,99248629,99248640,99248644,99250823,99250826,99250820,99318868,99318876,99318879,99321057,99321060,99321055,,,,,,,,,,,,,,,,,,,,,,,,,,,,,,,,,,,,,,,,,,,,,,,,,,,,,,,,,,,,
bb_id,126,0,236,238,239,240,253,254,255,256,257,258,259,260,261,262,263,264,265,266,267,268,269,270,274,275,276,277,278,313,314,315,316,317,318,319,320,321,323,324,325,326,327,328,330,331,,,,,,,,,,,,,,,,,,,,,,,,,,,,,,,,,,,,,,,,,,,,,,,,,,,,,,,,,,,,
bbv,127,0,93,93,93,370,371,93,741,648,648,925,741,648,648,926,648,741,23660,23660,94770,94770,94770,94770,94770,3032615,94770,23660,741,93,93,93,93,93,2976,2976,2976,2976,2976,380928,2976,2976,2976,2976,2976,380928,,,,,,,,,,,,,,,,,,,,,,,,,,,,,,,,,,,,,,,,,,,,,,,,,,,,,,,,,,,,
csv,127,0,99742566,99742570,99742572,99864274,99983105,99601872,99983114,99983116,99983121,99983132,99983137,99983139,99983144,99983166,99983171,99983218,99997910,99997919,99999790,99999816,99999855,99999956,99999958,100000021,99999729,99997878,99983097,99672327,99672341,99601876,99601883,99672318,99670118,99670129,99670133,99672312,99672315,99672309,99740357,99740365,99740368,99742546,99742549,99742544,,,,,,,,,,,,,,,,,,,,,,,,,,,,,,,,,,,,,,,,,,,,,,,,,,,,,,,,,,,,
bb_id,127,0,236,238,239,240,253,254,255,256,257,258,259,260,261,262,263,264,265,266,267,268,269,270,274,275,276,277,278,313,314,315,316,317,318,319,320,321,323,324,325,326,327,328,330,331,,,,,,,,,,,,,,,,,,,,,,,,,,,,,,,,,,,,,,,,,,,,,,,,,,,,,,,,,,,,
bbv,128,0,92,92,92,371,370,92,741,649,649,929,741,648,648,924,648,741,23518,23518,94932,94932,94932,94932,94931,3037821,94932,23518,741,92,92,92,92,92,2944,2944,2944,2944,2944,376832,2944,2944,2944,2944,2944,376832,,,,,,,,,,,,,,,,,,,,,,,,,,,,,,,,,,,,,,,,,,,,,,,,,,,,,,,,,,,,
csv,128,0,99084237,99084241,99084243,99907359,99791320,98943543,99907368,99907370,99907375,99907397,99907402,99791365,99791370,99675239,99791375,99907449,99907481,99907490,99999861,99999887,99999926,100000027,99999124,99999796,99999800,99907352,99907353,99013998,99014012,98943547,98943554,99013989,99011789,99011800,99011804,99013983,99013986,99013980,99082028,99082036,99082039,99084217,99084220,99084215,,,,,,,,,,,,,,,,,,,,,,,,,,,,,,,,,,,,,,,,,,,,,,,,,,,,,,,,,,,,
bb_id,128,0,236,238,239,240,253,254,255,256,257,258,259,260,261,262,263,264,265,266,267,268,269,270,274,275,276,277,278,313,314,315,316,317,318,319,320,321,323,324,325,326,327,328,330,331,,,,,,,,,,,,,,,,,,,,,,,,,,,,,,,,,,,,,,,,,,,,,,,,,,,,,,,,,,,,
bbv,129,0,93,93,93,370,371,93,741,648,648,924,741,649,649,929,649,741,23702,23702,94767,94767,94767,94767,94768,3032556,94767,23702,741,93,93,93,93,93,2976,2976,2976,2976,2976,380928,2976,2976,2976,2976,2976,380928,,,,,,,,,,,,,,,,,,,,,,,,,,,,,,,,,,,,,,,,,,,,,,,,,,,,,,,,,,,,
csv,129,0,99505703,99505707,99505709,99863642,99980324,99365009,99980333,99980335,99980340,99980362,99980367,99980369,99980374,99980385,99980390,99980437,99994994,99995003,99999589,99999615,99999654,99999755,99999757,100000009,99999528,99994962,99980316,99435464,99435478,99365013,99365020,99435455,99433255,99433266,99433270,99435449,99435452,99435446,99503494,99503502,99503505,99505683,99505686,99505681,,,,,,,,,,,,,,,,,,,,,,,,,,,,,,,,,,,,,,,,,,,,,,,,,,,,,,,,,,,,
bb_id,129,0,236,238,239,240,253,254,255,256,257,258,259,260,261,262,263,264,265,266,267,268,269,270,274,275,276,277,278,313,314,315,316,317,318,319,320,321,323,324,325,326,327,328,330,331,,,,,,,,,,,,,,,,,,,,,,,,,,,,,,,,,,,,,,,,,,,,,,,,,,,,,,,,,,,,
bbv,130,0,93,93,93,370,370,93,740,647,647,926,740,647,647,923,647,740,23550,23550,94775,94775,94775,94775,94775,3032800,94775,23550,740,93,93,93,93,93,2976,2976,2976,2976,2976,380928,2976,2976,2976,2976,2976,380928,,,,,,,,,,,,,,,,,,,,,,,,,,,,,,,,,,,,,,,,,,,,,,,,,,,,,,,,,,,,
csv,130,0,99927187,99927191,99927193,99670508,99786492,99786493,99927202,99670519,99670524,99670546,99927207,99927209,99927214,99927236,99927241,99927288,99999520,99999529,99999590,99999616,99999655,99999756,99999758,100000010,99999484,99999488,99786484,99856948,99856962,99786497,99786504,99856939,99854739,99854750,99854754,99856933,99856936,99856930,99924978,99924986,99924989,99927167,99927170,99927165,,,,,,,,,,,,,,,,,,,,,,,,,,,,,,,,,,,,,,,,,,,,,,,,,,,,,,,,,,,,
bb_id,130,0,236,238,239,240,253,254,255,256,257,258,259,260,261,262,263,264,265,266,267,268,269,270,274,275,276,277,278,313,314,315,316,317,318,319,320,321,323,324,325,326,327,328,330,331,,,,,,,,,,,,,,,,,,,,,,,,,,,,,,,,,,,,,,,,,,,,,,,,,,,,,,,,,,,,
bbv,131,0,92,92,92,371,371,92,742,650,650,928,742,650,650,928,650,742,23636,23636,94926,94926,94926,94926,94926,3037627,94926,23636,742,92,92,92,92,92,2944,2944,2944,2944,2944,376832,2944,2944,2944,2944,2944,376832,,,,,,,,,,,,,,,,,,,,,,,,,,,,,,,,,,,,,,,,,,,,,,,,,,,,,,,,,,,,
csv,131,0,99268869,99268873,99268875,99859810,99975952,99128175,99975961,99975963,99975968,99975990,99975995,99975997,99976002,99859871,99976007,99976054,99976086,99976095,99999686,99999712,99999751,99999852,99999854,100000001,99999625,99975943,99975944,99198630,99198644,99128179,99128186,99198621,99196421,99196432,99196436,99198615,99198618,99198612,99266660,99266668,99266671,99268849,99268852,99268847,,,,,,,,,,,,,,,,,,,,,,,,,,,,,,,,,,,,,,,,,,,,,,,,,,,,,,,,,,,,
bb_id,131,0,236,238,239,240,253,254,255,256,257,258,259,260,261,262,263,264,265,266,267,268,269,270,274,275,276,277,278,313,314,315,316,317,318,319,320,321,323,324,325,326,327,328,330,331,,,,,,,,,,,,,,,,,,,,,,,,,,,,,,,,,,,,,,,,,,,,,,,,,,,,,,,,,,,,
bbv,132,0,1,1,1,1,1,1,1,1,5873,5873,5873,5873,751694,5872,5872,1,1,1,1,1,1,1024,1,1,78,78,78,313,313,79,625,547,547,782,625,546,546,780,546,625,19892,19892,80101,80101,80101,80101,80101,2563257,80102,19893,626,1,78,78,79,79,79,2528,2528,2528,2528,2528,323584,2496,2496,2496,2496,2496,319488,,,,,,,,,,,,,,,,,,,,,,,,,,,,,,,,,,,
csv,132,0,84525602,84502964,84525591,84525596,84502957,84502958,84525651,84525664,99998392,99998416,99998451,99998454,100000014,99998381,99998384,84525586,84502990,84502993,84525527,84525533,84525535,84525521,84502949,84502950,83493346,83493350,83493352,84316468,84432452,84432453,84316477,84316479,84316484,84316506,84316511,84200474,84200479,84084348,84200484,84316558,84316590,84316599,84431595,84431621,84431660,84431761,84431763,84432435,84432439,84432443,84432444,84502902,83423107,83423121,84432457,84432464,84502899,84500699,84500710,84500714,84502893,84502896,84502890,83491137,83491145,83491148,83493326,83493329,83493324,,,,,,,,,,,,,,,,,,,,,,,,,,,,,,,,,,,
bb_id,132,0,54,59,62,64,107,108,109,110,112,113,114,115,116,117,119,121,174,175,176,177,178,179,186,188,236,238,239,240,253,254,255,256,257,258,259,260,261,262,263,264,265,266,267,268,269,270,274,275,276,277,278,312,313,314,315,316,317,318,319,320,321,323,324,325,326,327,328,330,331,,,,,,,,,,,,,,,,,,,,,,,,,,,,,,,,,,,
bbv,133,0,1,1,1,26895,26895,26895,26895,3442610,26896,26896,1,1,6,1,1,1,59,59,58,58,58,7424,7424,7424,7424,118784,7424,7424,7552,7552,7552,120832,7552,7552,59,59,59,236,59,59,7518,7518,7518,120277,7517,7517,177,58,413,354,354,472,413,354,354,472,354,413,7493,7493,26432,26432,26432,26432,26432,845824,26432,7493,413,,,,,,,,,,,,,,,,,,,,,,,,,,,,,,,,,,,
csv,133,0,70869394,70869403,70869333,70866703,70866727,70866762,70866765,70869325,70869327,70869330,70869430,70869432,70869468,70869474,70869539,70869547,99542147,99542169,99512022,99512054,99542137,99541903,99541909,99541918,99541921,99542129,99542130,99542134,99570619,99570626,99570629,99570837,99570838,99570841,99570858,99570862,99570864,99982791,99982794,99982820,99999939,99999943,99999951,100000001,99999928,99999932,99924729,99512018,99924738,99924740,99924745,99924767,99924772,99866653,99866658,99808449,99866663,99924819,99924851,99924860,99981936,99981962,99982001,99982102,99982104,99982776,99982780,99982784,99982785,,,,,,,,,,,,,,,,,,,,,,,,,,,,,,,,,,,
bb_id,133,0,56,105,111,112,113,114,115,116,117,119,197,198,199,200,205,206,208,209,210,211,212,213,214,215,216,217,218,223,225,226,227,228,229,234,236,238,239,240,241,242,243,244,245,246,247,252,253,254,255,256,257,258,259,260,261,262,263,264,265,266,267,268,269,270,274,275,276,277,278,,,,,,,,,,,,,,,,,,,,,,,,,,,,,,,,,,,
bbv,134,0,203,203,203,203,203,25984,25984,25984,25984,415744,25984,25984,25984,25984,25984,415744,25984,25984,203,203,203,809,202,202,25890,25890,25890,414251,25891,25891,606,203,1416,1213,1213,1616,1416,1214,1214,1620,1214,1416,25726,25726,90576,90576,90576,90576,90575,2898400,90575,25725,1415,,,,,,,,,,,,,,,,,,,,,,,,,,,,,,,,,,,,,,,,,,,,,,,,,,,
csv,134,0,99896211,99896233,99866086,99866118,99896201,99895967,99895973,99895982,99895985,99896193,99896194,99896198,99924683,99924690,99924693,99924901,99924902,99924905,99924922,99924926,99924928,99985830,99842503,99842529,99865904,99865908,99865916,99866076,99866077,99866081,99784438,99866082,99985839,99985841,99985846,99784476,99985851,99985853,99985858,99985880,99985885,99985932,99998949,99998958,99999924,99999950,99999989,100000090,99999187,99999859,99999863,99998917,99985824,,,,,,,,,,,,,,,,,,,,,,,,,,,,,,,,,,,,,,,,,,,,,,,,,,,
bb_id,134,0,208,209,210,211,212,213,214,215,216,217,218,223,225,226,227,228,229,234,236,238,239,240,241,242,243,244,245,246,247,252,253,254,255,256,257,258,259,260,261,262,263,264,265,266,267,268,269,270,274,275,276,277,278,,,,,,,,,,,,,,,,,,,,,,,,,,,,,,,,,,,,,,,,,,,,,,,,,,,
bbv,135,0,202,202,202,202,202,25856,25856,25856,25856,413696,25856,25856,25856,25856,25856,413696,25856,25856,202,202,202,809,202,202,25856,25856,25856,413696,25856,25856,607,202,1416,1214,1214,1618,1416,1214,1214,1619,1214,1416,25699,25699,90648,90648,90648,90648,90649,2900759,90648,25699,1416,,,,,,,,,,,,,,,,,,,,,,,,,,,,,,,,,,,,,,,,,,,,,,,,,,,
csv,135,0,99755831,99755853,99725706,99725738,99755821,99755587,99755593,99755602,99755605,99755813,99755814,99755818,99784303,99784310,99784313,99784521,99784522,99784525,99784542,99784546,99784548,99963681,99702123,99702149,99725524,99725528,99725536,99725696,99725697,99725701,99904921,99725702,99963690,99963692,99963697,99963708,99963713,99963715,99963720,99963731,99963736,99963783,99992955,99992964,99999360,99999386,99999425,99999526,99999528,100000011,99999299,99992923,99963675,,,,,,,,,,,,,,,,,,,,,,,,,,,,,,,,,,,,,,,,,,,,,,,,,,,
bb_id,135,0,208,209,210,211,212,213,214,215,216,217,218,223,225,226,227,228,229,234,236,238,239,240,241,242,243,244,245,246,247,252,253,254,255,256,257,258,259,260,261,262,263,264,265,266,267,268,269,270,274,275,276,277,278,,,,,,,,,,,,,,,,,,,,,,,,,,,,,,,,,,,,,,,,,,,,,,,,,,,
bbv,136,0,202,202,202,202,202,25856,25856,25856,25856,413696,25856,25856,25856,25856,25856,413696,25856,25856,202,202,202,809,202,202,25856,25856,25856,413696,25856,25856,608,202,1417,1215,1215,1622,1417,1214,1214,1617,1214,1417,25664,25664,90650,90650,90650,90650,90650,2900807,90650,25664,1417,,,,,,,,,,,,,,,,,,,,,,,,,,,,,,,,,,,,,,,,,,,,,,,,,,,
csv,136,0,99615530,99615552,99585405,99585437,99615520,99615286,99615292,99615301,99615304,99615512,99615513,99615517,99644002,99644009,99644012,99644220,99644221,99644224,99644241,99644245,99644247,99939991,99561822,99561848,99585223,99585227,99585235,99585395,99585396,99585400,99998112,99585401,99998121,99998123,99998128,99998150,99998155,99940036,99940041,99881832,99940046,99998202,99998234,99998243,99999209,99999235,99999274,99999375,99999377,100000007,99999148,99998103,99998104,,,,,,,,,,,,,,,,,,,,,,,,,,,,,,,,,,,,,,,,,,,,,,,,,,,
bb_id,136,0,208,209,210,211,212,213,214,215,216,217,218,223,225,226,227,228,229,234,236,238,239,240,241,242,243,244,245,246,247,252,253,254,255,256,257,258,259,260,261,262,263,264,265,266,267,268,269,270,274,275,276,277,278,,,,,,,,,,,,,,,,,,,,,,,,,,,,,,,,,,,,,,,,,,,,,,,,,,,
bbv,137,0,203,203,203,203,203,25984,25984,25984,25984,415744,25984,25984,25984,25984,25984,415744,25984,25984,203,203,203,809,203,203,25984,25984,25984,415744,25984,25984,606,203,1415,1212,1212,1616,1415,1213,1213,1618,1213,1415,25656,25656,90560,90560,90560,90560,90560,2897909,90560,25656,1415,,,,,,,,,,,,,,,,,,,,,,,,,,,,,,,,,,,,,,,,,,,,,,,,,,,
csv,137,0,99969588,99969610,99939463,99939495,99969578,99969344,99969350,99969359,99969362,99969570,99969571,99969575,99998060,99998067,99998070,99998278,99998279,99998282,99998299,99998303,99998305,99915877,99915880,99915906,99939281,99939285,99939293,99939453,99939454,99939458,99857815,99939459,99998314,99857826,99857831,99857853,99998319,99998321,99998326,99998348,99998353,99998400,99999382,99999391,99999452,99999478,99999517,99999618,99999620,100000019,99999346,99999350,99915871,,,,,,,,,,,,,,,,,,,,,,,,,,,,,,,,,,,,,,,,,,,,,,,,,,,
bb_id,137,0,208,209,210,211,212,213,214,215,216,217,218,223,225,226,227,228,229,234,236,238,239,240,241,242,243,244,245,246,247,252,253,254,255,256,257,258,259,260,261,262,263,264,265,266,267,268,269,270,274,275,276,277,278,,,,,,,,,,,,,,,,,,,,,,,,,,,,,,,,,,,,,,,,,,,,,,,,,,,
bbv,138,0,202,202,202,202,202,25856,25856,25856,25856,413696,25856,25856,25856,25856,25856,413696,25856,25856,202,202,202,809,202,202,25856,25856,25856,413696,25856,25856,607,202,1416,1214,1214,1617,1416,1214,1214,1620,1214,1416,25754,25754,90646,90646,90646,90646,90646,2900663,90646,25754,1416,,,,,,,,,,,,,,,,,,,,,,,,,,,,,,,,,,,,,,,,,,,,,,,,,,,
csv,138,0,99829279,99829301,99799154,99799186,99829269,99829035,99829041,99829050,99829053,99829261,99829262,99829266,99857751,99857758,99857761,99857969,99857970,99857973,99857990,99857994,99857996,99918898,99775571,99775597,99798972,99798976,99798984,99799144,99799145,99799149,99978369,99799150,99978378,99978380,99978385,99978396,99978401,99978403,99978408,99978430,99978435,99978482,99996839,99996848,99999624,99999650,99999689,99999790,99999792,100000002,99999563,99996807,99978361,,,,,,,,,,,,,,,,,,,,,,,,,,,,,,,,,,,,,,,,,,,,,,,,,,,
bb_id,138,0,208,209,210,211,212,213,214,215,216,217,218,223,225,226,227,228,229,234,236,238,239,240,241,242,243,244,245,246,247,252,253,254,255,256,257,258,259,260,261,262,263,264,265,266,267,268,269,270,274,275,276,277,278,,,,,,,,,,,,,,,,,,,,,,,,,,,,,,,,,,,,,,,,,,,,,,,,,,,
bbv,139,0,202,202,202,202,202,25856,25856,25856,25856,413696,25856,25856,25856,25856,25856,413696,25856,25856,202,202,202,809,202,202,25856,25856,25856,413696,25856,25856,607,202,1416,1214,1214,1619,1416,1214,1214,1618,1214,1416,25676,25676,90650,90650,90650,90650,90649,2900790,90650,25676,1416,,,,,,,,,,,,,,,,,,,,,,,,,,,,,,,,,,,,,,,,,,,,,,,,,,,
csv,139,0,99688987,99689009,99658862,99658894,99688977,99688743,99688749,99688758,99688761,99688969,99688970,99688974,99717459,99717466,99717469,99717677,99717678,99717681,99717698,99717702,99717704,99896837,99635279,99635305,99658680,99658684,99658692,99658852,99658853,99658857,99955228,99658858,99955237,99955239,99955244,99955266,99955271,99955273,99955278,99955289,99955294,99955341,99998948,99998957,99999923,99999949,99999988,100000089,99999186,99999858,99999862,99998916,99955220,,,,,,,,,,,,,,,,,,,,,,,,,,,,,,,,,,,,,,,,,,,,,,,,,,,
bb_id,139,0,208,209,210,211,212,213,214,215,216,217,218,223,225,226,227,228,229,234,236,238,239,240,241,242,243,244,245,246,247,252,253,254,255,256,257,258,259,260,261,262,263,264,265,266,267,268,269,270,274,275,276,277,278,,,,,,,,,,,,,,,,,,,,,,,,,,,,,,,,,,,,,,,,,,,,,,,,,,,
bbv,140,0,202,202,202,202,202,25856,25856,25856,25856,413696,25856,25856,25856,25856,25856,413696,25856,25856,202,202,202,810,203,203,25915,25915,25915,414627,25914,25914,607,202,1416,1214,1214,1620,1416,1213,1213,1616,1213,1416,25657,25657,90638,90638,90638,90638,90639,2900448,90639,25658,1417,,,,,,,,,,,,,,,,,,,,,,,,,,,,,,,,,,,,,,,,,,,,,,,,,,,
csv,140,0,99548608,99548630,99518483,99518515,99548598,99548364,99548370,99548379,99548382,99548590,99548591,99548595,99577080,99577087,99577090,99577298,99577299,99577302,99577319,99577323,99577325,99989252,99989255,99989281,99999960,99999964,99999972,100000002,99999949,99999953,99931190,99518479,99931199,99931201,99931206,99931228,99931233,99873114,99873119,99814910,99873124,99931280,99931312,99931321,99988397,99988423,99988462,99988563,99988565,99989237,99989241,99989245,99989246,,,,,,,,,,,,,,,,,,,,,,,,,,,,,,,,,,,,,,,,,,,,,,,,,,,
bb_id,140,0,208,209,210,211,212,213,214,215,216,217,218,223,225,226,227,228,229,234,236,238,239,240,241,242,243,244,245,246,247,252,253,254,255,256,257,258,259,260,261,262,263,264,265,266,267,268,269,270,274,275,276,277,278,,,,,,,,,,,,,,,,,,,,,,,,,,,,,,,,,,,,,,,,,,,,,,,,,,,
bbv,141,0,203,203,203,203,203,25984,25984,25984,25984,415744,25984,25984,25984,25984,25984,415744,25984,25984,203,203,203,809,202,202,25925,25925,25925,414813,25926,25926,606,203,1416,1213,1213,1616,1416,1214,1214,1620,1214,1416,25723,25723,90569,90569,90569,90569,90568,2898176,90568,25722,1415,,,,,,,,,,,,,,,,,,,,,,,,,,,,,,,,,,,,,,,,,,,,,,,,,,,
csv,141,0,99902671,99902693,99872546,99872578,99902661,99902427,99902433,99902442,99902445,99902653,99902654,99902658,99931143,99931150,99931153,99931361,99931362,99931365,99931382,99931386,99931388,99992290,99848963,99848989,99872364,99872368,99872376,99872536,99872537,99872541,99790898,99872542,99992299,99992301,99992306,99790936,99992311,99992313,99992318,99992340,99992345,99992392,99999844,99999853,99999914,99999940,99999979,100000080,99999132,99999804,99999808,99999812,99992284,,,,,,,,,,,,,,,,,,,,,,,,,,,,,,,,,,,,,,,,,,,,,,,,,,,
bb_id,141,0,208,209,210,211,212,213,214,215,216,217,218,223,225,226,227,228,229,234,236,238,239,240,241,242,243,244,245,246,247,252,253,254,255,256,257,258,259,260,261,262,263,264,265,266,267,268,269,270,274,275,276,277,278,,,,,,,,,,,,,,,,,,,,,,,,,,,,,,,,,,,,,,,,,,,,,,,,,,,
bbv,142,0,202,202,202,202,202,25856,25856,25856,25856,413696,25856,25856,25856,25856,25856,413696,25856,25856,202,202,202,809,202,202,25856,25856,25856,413696,25856,25856,607,202,1416,1214,1214,1618,1416,1214,1214,1619,1214,1416,25702,25702,90648,90648,90648,90648,90649,2900753,90648,25702,1416,,,,,,,,,,,,,,,,,,,,,,,,,,,,,,,,,,,,,,,,,,,,,,,,,,,
csv,142,0,99762301,99762323,99732176,99732208,99762291,99762057,99762063,99762072,99762075,99762283,99762284,99762288,99790773,99790780,99790783,99790991,99790992,99790995,99791012,99791016,99791018,99970151,99708593,99708619,99731994,99731998,99732006,99732166,99732167,99732171,99911391,99732172,99970160,99970162,99970167,99970178,99970183,99970185,99970190,99970201,99970206,99970253,99999425,99999434,99999495,99999521,99999560,99999661,99999663,100000020,99999389,99999393,99970145,,,,,,,,,,,,,,,,,,,,,,,,,,,,,,,,,,,,,,,,,,,,,,,,,,,
bb_id,142,0,208,209,210,211,212,213,214,215,216,217,218,223,225,226,227,228,229,234,236,238,239,240,241,242,243,244,245,246,247,252,253,254,255,256,257,258,259,260,261,262,263,264,265,266,267,268,269,270,274,275,276,277,278,,,,,,,,,,,,,,,,,,,,,,,,,,,,,,,,,,,,,,,,,,,,,,,,,,,
bbv,143,0,1,1,7,1,1,1,1,168,168,169,169,169,21632,21632,21632,21632,346112,21632,21632,21504,21504,21504,344064,21504,21504,184,184,184,737,169,169,21632,21632,21632,346112,21632,21632,569,184,1306,1122,1122,1508,1306,1122,1122,1505,1122,1306,25425,25425,91700,91700,91700,91700,91700,2934390,91700,25425,1306,1,1,16,16,15,15,15,3840,3840,3840,3840,61440,3840,3840,4096,4096,4096,65536,4096,4096,,,,,,,,,,,,,,,,,,,,,,,,
csv,143,0,83308344,83308346,83308388,83308394,83308316,83308317,83308269,82813921,82813943,83278151,83278183,83308266,83308032,83308038,83308047,83308050,83308258,83308259,83308263,82842393,82842400,82842403,82842611,82842612,82842615,99216345,99216349,99216351,99807286,83254568,83254594,83277969,83277973,83277981,83278141,83278142,83278146,99923428,99098753,99923437,99923439,99923444,99923466,99923471,99923473,99923478,99807347,99923483,99923530,99981527,99981536,99999697,99999723,99999762,99999863,99999865,100000012,99999636,99981495,99923420,83308459,83308467,99158962,99158984,99098757,99098789,99158952,99158718,99158724,99158733,99158736,99158944,99158945,99158949,99216106,99216113,99216116,99216324,99216325,99216328,,,,,,,,,,,,,,,,,,,,,,,,
bb_id,143,0,189,190,191,192,202,204,207,208,209,210,211,212,213,214,215,216,217,218,223,225,226,227,228,229,234,236,238,239,240,241,242,243,244,245,246,247,252,253,254,255,256,257,258,259,260,261,262,263,264,265,266,267,268,269,270,274,275,276,277,278,279,280,282,283,284,285,286,287,288,289,290,291,292,297,299,300,301,302,303,308,,,,,,,,,,,,,,,,,,,,,,,,
bbv,144,0,95,95,95,379,378,95,757,662,662,944,757,662,662,948,662,757,24201,24201,96855,96854,96854,96854,96854,3099353,96855,24201,757,95,95,95,95,95,24320,24320,24320,24320,389120,24320,24320,24320,24320,24320,389120,24320,24320,,,,,,,,,,,,,,,,,,,,,,,,,,,,,,,,,,,,,,,,,,,,,,,,,,,,,,,,,,,
csv,144,0,99602738,99602742,99602744,99960677,99843277,99485146,99960686,99960688,99960693,99960704,99960709,99960711,99960716,99960738,99960743,99960790,99997247,99997256,100000032,99999153,99999192,99999293,99999295,99999967,99999971,99997215,99960671,99545355,99545377,99485150,99485182,99545345,99545111,99545117,99545126,99545129,99545337,99545338,99545342,99602499,99602506,99602509,99602717,99602718,99602721,,,,,,,,,,,,,,,,,,,,,,,,,,,,,,,,,,,,,,,,,,,,,,,,,,,,,,,,,,,
bb_id,144,0,236,238,239,240,253,254,255,256,257,258,259,260,261,262,263,264,265,266,267,268,269,270,274,275,276,277,278,282,283,284,285,286,287,288,289,290,291,292,297,299,300,301,302,303,308,,,,,,,,,,,,,,,,,,,,,,,,,,,,,,,,,,,,,,,,,,,,,,,,,,,,,,,,,,,
bbv,145,0,95,95,95,378,379,95,757,662,662,948,757,662,662,944,662,757,24007,24007,96864,96865,96865,96865,96865,3099652,96864,24007,757,95,95,95,95,95,24320,24320,24320,24320,389120,24320,24320,24320,24320,24320,389120,24320,24320,,,,,,,,,,,,,,,,,,,,,,,,,,,,,,,,,,,,,,,,,,,,,,,,,,,,,,,,,,,
csv,145,0,99989111,99989115,99989117,99755534,99871518,99871519,99989126,99755545,99755550,99755572,99989131,99989133,99989138,99989160,99989165,99989212,99999694,99999703,99999764,99999790,99999829,99999930,99999932,100000016,99999658,99999662,99871510,99931728,99931750,99871523,99871555,99931718,99931484,99931490,99931499,99931502,99931710,99931711,99931715,99988872,99988879,99988882,99989090,99989091,99989094,,,,,,,,,,,,,,,,,,,,,,,,,,,,,,,,,,,,,,,,,,,,,,,,,,,,,,,,,,,
bb_id,145,0,236,238,239,240,253,254,255,256,257,258,259,260,261,262,263,264,265,266,267,268,269,270,274,275,276,277,278,282,283,284,285,286,287,288,289,290,291,292,297,299,300,301,302,303,308,,,,,,,,,,,,,,,,,,,,,,,,,,,,,,,,,,,,,,,,,,,,,,,,,,,,,,,,,,,
bbv,146,0,94,94,94,379,378,94,757,663,663,946,757,663,663,948,663,757,24210,24210,96984,96984,96984,96984,96984,3103491,96984,24210,757,94,94,94,94,94,24064,24064,24064,24064,385024,24064,24064,24064,24064,24064,385024,24064,24064,,,,,,,,,,,,,,,,,,,,,,,,,,,,,,,,,,,,,,,,,,,,,,,,,,,,,,,,,,,
csv,146,0,99318801,99318805,99318807,99909742,99793422,99201209,99909751,99909753,99909758,99909780,99909785,99909787,99909792,99909803,99909808,99909855,99996902,99996911,99999687,99999713,99999752,99999853,99999855,100000002,99999626,99996870,99909736,99261418,99261440,99201213,99201245,99261408,99261174,99261180,99261189,99261192,99261400,99261401,99261405,99318562,99318569,99318572,99318780,99318781,99318784,,,,,,,,,,,,,,,,,,,,,,,,,,,,,,,,,,,,,,,,,,,,,,,,,,,,,,,,,,,
bb_id,146,0,236,238,239,240,253,254,255,256,257,258,259,260,261,262,263,264,265,266,267,268,269,270,274,275,276,277,278,282,283,284,285,286,287,288,289,290,291,292,297,299,300,301,302,303,308,,,,,,,,,,,,,,,,,,,,,,,,,,,,,,,,,,,,,,,,,,,,,,,,,,,,,,,,,,,
bbv,147,0,95,95,95,378,379,95,757,662,662,945,757,662,662,946,662,757,24180,24180,96856,96856,96855,96855,96855,3099385,96856,24180,757,95,95,95,95,95,24320,24320,24320,24320,389120,24320,24320,24320,24320,24320,389120,24320,24320,,,,,,,,,,,,,,,,,,,,,,,,,,,,,,,,,,,,,,,,,,,,,,,,,,,,,,,,,,,
csv,147,0,99705204,99705208,99705210,99826912,99945743,99587612,99945752,99945754,99945759,99945770,99945775,99945777,99945782,99945804,99945809,99945856,99997198,99997207,99999983,100000009,99999143,99999244,99999246,99999918,99999922,99997166,99945735,99647821,99647843,99587616,99587648,99647811,99647577,99647583,99647592,99647595,99647803,99647804,99647808,99704965,99704972,99704975,99705183,99705184,99705187,,,,,,,,,,,,,,,,,,,,,,,,,,,,,,,,,,,,,,,,,,,,,,,,,,,,,,,,,,,
bb_id,147,0,236,238,239,240,253,254,255,256,257,258,259,260,261,262,263,264,265,266,267,268,269,270,274,275,276,277,278,282,283,284,285,286,287,288,289,290,291,292,297,299,300,301,302,303,308,,,,,,,,,,,,,,,,,,,,,,,,,,,,,,,,,,,,,,,,,,,,,,,,,,,,,,,,,,,
bbv,148,0,94,94,94,379,379,95,757,663,663,949,757,662,662,944,662,757,24018,24018,96964,96964,96965,96965,96965,3102880,96965,24019,758,94,94,95,95,94,24175,24175,24175,24175,386791,24174,24174,24064,24064,24064,385024,24064,24064,,,,,,,,,,,,,,,,,,,,,,,,,,,,,,,,,,,,,,,,,,,,,,,,,,,,,,,,,,,
csv,148,0,99034901,99034905,99034907,99858023,99974007,99974008,99858032,99858034,99858039,99858061,99858066,99742029,99742034,99625903,99742039,99858113,99858145,99858154,99973150,99973176,99973215,99973316,99973318,99973990,99973994,99973998,99973999,98977518,98977540,99974012,99974044,98977508,99999898,99999904,99999913,99999916,100000007,99999890,99999894,99034662,99034669,99034672,99034880,99034881,99034884,,,,,,,,,,,,,,,,,,,,,,,,,,,,,,,,,,,,,,,,,,,,,,,,,,,,,,,,,,,
bb_id,148,0,236,238,239,240,253,254,255,256,257,258,259,260,261,262,263,264,265,266,267,268,269,270,274,275,276,277,278,282,283,284,285,286,287,288,289,290,291,292,297,299,300,301,302,303,308,,,,,,,,,,,,,,,,,,,,,,,,,,,,,,,,,,,,,,,,,,,,,,,,,,,,,,,,,,,
bbv,149,0,95,95,95,378,378,94,757,662,662,944,757,663,663,949,663,757,24218,24218,96883,96883,96883,96883,96883,3100235,96882,24217,756,95,95,94,94,95,24209,24209,24209,24209,387353,24210,24210,24320,24320,24320,389120,24320,24320,,,,,,,,,,,,,,,,,,,,,,,,,,,,,,,,,,,,,,,,,,,,,,,,,,,,,,,,,,,
csv,149,0,99421299,99421303,99421305,99779238,99895920,99303707,99895929,99895931,99895936,99895958,99895963,99895965,99895970,99895981,99895986,99896033,99997740,99997749,99999620,99999646,99999685,99999786,99999788,100000019,99999559,99997708,99895912,99363916,99363938,99303711,99303743,99363906,99363672,99363678,99363687,99363690,99363898,99363899,99363903,99421060,99421067,99421070,99421278,99421279,99421282,,,,,,,,,,,,,,,,,,,,,,,,,,,,,,,,,,,,,,,,,,,,,,,,,,,,,,,,,,,
bb_id,149,0,236,238,239,240,253,254,255,256,257,258,259,260,261,262,263,264,265,266,267,268,269,270,274,275,276,277,278,282,283,284,285,286,287,288,289,290,291,292,297,299,300,301,302,303,308,,,,,,,,,,,,,,,,,,,,,,,,,,,,,,,,,,,,,,,,,,,,,,,,,,,,,,,,,,,
bbv,150,0,95,95,95,379,378,95,757,662,662,946,757,662,662,945,662,757,24144,24143,96857,96857,96857,96857,96857,3099445,96858,24144,757,95,95,95,95,95,24320,24320,24320,24320,389120,24320,24320,24320,24320,24320,389120,24320,24320,,,,,,,,,,,,,,,,,,,,,,,,,,,,,,,,,,,,,,,,,,,,,,,,,,,,,,,,,,,
csv,150,0,99807685,99807689,99807691,99929393,99690092,99690093,99929402,99929404,99929409,99574146,99929414,99929416,99929421,99929443,99929448,99929495,100000017,99998171,99999137,99999163,99999202,99999303,99999305,99999977,99999981,99999985,99929387,99750302,99750324,99690097,99690129,99750292,99750058,99750064,99750073,99750076,99750284,99750285,99750289,99807446,99807453,99807456,99807664,99807665,99807668,,,,,,,,,,,,,,,,,,,,,,,,,,,,,,,,,,,,,,,,,,,,,,,,,,,,,,,,,,,
bb_id,150,0,236,238,239,240,253,254,255,256,257,258,259,260,261,262,263,264,265,266,267,268,269,270,274,275,276,277,278,282,283,284,285,286,287,288,289,290,291,292,297,299,300,301,302,303,308,,,,,,,,,,,,,,,,,,,,,,,,,,,,,,,,,,,,,,,,,,,,,,,,,,,,,,,,,,,
bbv,151,0,94,94,94,379,379,94,758,664,664,950,758,663,663,946,663,758,24058,24059,96992,96992,96992,96992,96992,3103723,96991,24058,758,94,94,94,94,94,24064,24064,24064,24064,385024,24064,24064,24064,24064,24064,385024,24064,24064,,,,,,,,,,,,,,,,,,,,,,,,,,,,,,,,,,,,,,,,,,,,,,,,,,,,,,,,,,,
csv,151,0,99137374,99137378,99137380,99960496,99844457,99019782,99960505,99960507,99960512,99960534,99960539,99844502,99844507,99728376,99844512,99960586,99960618,99960627,99999603,99999629,99999668,99999769,99999771,100000002,99999542,99960489,99960490,99079991,99080013,99019786,99019818,99079981,99079747,99079753,99079762,99079765,99079973,99079974,99079978,99137135,99137142,99137145,99137353,99137354,99137357,,,,,,,,,,,,,,,,,,,,,,,,,,,,,,,,,,,,,,,,,,,,,,,,,,,,,,,,,,,
bb_id,151,0,236,238,239,240,253,254,255,256,257,258,259,260,261,262,263,264,265,266,267,268,269,270,274,275,276,277,278,282,283,284,285,286,287,288,289,290,291,292,297,299,300,301,302,303,308,,,,,,,,,,,,,,,,,,,,,,,,,,,,,,,,,,,,,,,,,,,,,,,,,,,,,,,,,,,
bbv,152,0,95,95,95,378,379,95,757,662,662,944,757,663,663,949,663,757,24211,24211,96854,96854,96854,96854,96854,3099332,96854,24211,757,95,95,95,95,95,24320,24320,24320,24320,389120,24320,24320,24320,24320,24320,389120,24320,24320,,,,,,,,,,,,,,,,,,,,,,,,,,,,,,,,,,,,,,,,,,,,,,,,,,,,,,,,,,,
csv,152,0,99523777,99523781,99523783,99881716,99998398,99406185,99998407,99998409,99998414,99998436,99998441,99998443,99998448,99998459,99998464,99998511,99998543,99998552,99999518,99999544,99999583,99999684,99999686,100000001,99999457,99998389,99998390,99466394,99466416,99406189,99406221,99466384,99466150,99466156,99466165,99466168,99466376,99466377,99466381,99523538,99523545,99523548,99523756,99523757,99523760,,,,,,,,,,,,,,,,,,,,,,,,,,,,,,,,,,,,,,,,,,,,,,,,,,,,,,,,,,,
bb_id,152,0,236,238,239,240,253,254,255,256,257,258,259,260,261,262,263,264,265,266,267,268,269,270,274,275,276,277,278,282,283,284,285,286,287,288,289,290,291,292,297,299,300,301,302,303,308,,,,,,,,,,,,,,,,,,,,,,,,,,,,,,,,,,,,,,,,,,,,,,,,,,,,,,,,,,,
bbv,153,0,95,95,95,378,378,95,756,661,661,946,756,661,661,943,661,756,24079,24079,96861,96861,96861,96861,96861,3099545,96861,24079,756,95,95,95,95,95,24320,24320,24320,24320,389120,24320,24320,24320,24320,24320,389120,24320,24320,,,,,,,,,,,,,,,,,,,,,,,,,,,,,,,,,,,,,,,,,,,,,,,,,,,,,,,,,,,
csv,153,0,99910181,99910185,99910187,99676604,99792588,99792589,99910196,99676615,99676620,99676642,99910201,99910203,99910208,99910230,99910235,99910282,99999614,99999623,99999684,99999710,99999749,99999850,99999852,100000020,99999578,99999582,99792580,99852798,99852820,99792593,99792625,99852788,99852554,99852560,99852569,99852572,99852780,99852781,99852785,99909942,99909949,99909952,99910160,99910161,99910164,,,,,,,,,,,,,,,,,,,,,,,,,,,,,,,,,,,,,,,,,,,,,,,,,,,,,,,,,,,
bb_id,153,0,236,238,239,240,253,254,255,256,257,258,259,260,261,262,263,264,265,266,267,268,269,270,274,275,276,277,278,282,283,284,285,286,287,288,289,290,291,292,297,299,300,301,302,303,308,,,,,,,,,,,,,,,,,,,,,,,,,,,,,,,,,,,,,,,,,,,,,,,,,,,,,,,,,,,
bbv,154,0,1,1,7,1,1,1,94,94,94,376,376,94,752,658,658,940,752,658,658,940,658,752,23884,23884,96170,96170,96169,96169,96169,3077432,96170,23884,752,1,61,61,62,62,62,15872,15872,15872,15872,253952,15872,15872,15616,15616,15616,249856,15616,15616,1,1,33,33,32,32,32,1024,1024,1024,1024,1024,131072,1056,1056,1056,1056,1056,135168,,,,,,,,,,,,,,,,,,,,,,,,,,,,,,,,,
csv,154,0,65368186,65368188,65368230,65368236,65368156,65368157,99992185,99992189,99992191,99735506,99851490,99851491,99992200,99735517,99735522,99735544,99992205,99992207,99992212,99992234,99992239,99992286,99999918,99999927,99999988,100000014,99999103,99999204,99999206,99999878,99999882,99999886,99851482,65368109,64311417,64311439,65307911,65307943,65368106,65367872,65367878,65367887,65367890,65368098,65368099,65368103,64368561,64368568,64368571,64368779,64368780,64368783,65368301,65368305,99921946,99921960,99851495,99851502,99921937,99919737,99919748,99919752,99921931,99921934,99921928,99989976,99989984,99989987,99992165,99992168,99992163,,,,,,,,,,,,,,,,,,,,,,,,,,,,,,,,,
bb_id,154,0,181,182,183,184,194,196,236,238,239,240,253,254,255,256,257,258,259,260,261,262,263,264,265,266,267,268,269,270,274,275,276,277,278,281,282,283,284,285,286,287,288,289,290,291,292,297,299,300,301,302,303,308,310,311,313,314,315,316,317,318,319,320,321,323,324,325,326,327,328,330,331,,,,,,,,,,,,,,,,,,,,,,,,,,,,,,,,,
bbv,155,0,92,92,92,371,370,92,741,649,649,926,741,649,649,928,649,741,23702,23702,94922,94922,94923,94923,94923,3037529,94922,23702,741,92,92,92,92,92,2944,2944,2944,2944,2944,376832,2944,2944,2944,2944,2944,376832,,,,,,,,,,,,,,,,,,,,,,,,,,,,,,,,,,,,,,,,,,,,,,,,,,,,,,,,,,,,
csv,155,0,99333863,99333867,99333869,99924804,99808484,99193169,99924813,99924815,99924820,99924842,99924847,99924849,99924854,99924865,99924870,99924917,99982959,99982968,99999319,99999345,99999384,99999485,99999487,100000012,99999258,99982927,99924798,99263624,99263638,99193173,99193180,99263615,99261415,99261426,99261430,99263609,99263612,99263606,99331654,99331662,99331665,99333843,99333846,99333841,,,,,,,,,,,,,,,,,,,,,,,,,,,,,,,,,,,,,,,,,,,,,,,,,,,,,,,,,,,,
bb_id,155,0,236,238,239,240,253,254,255,256,257,258,259,260,261,262,263,264,265,266,267,268,269,270,274,275,276,277,278,313,314,315,316,317,318,319,320,321,323,324,325,326,327,328,330,331,,,,,,,,,,,,,,,,,,,,,,,,,,,,,,,,,,,,,,,,,,,,,,,,,,,,,,,,,,,,
bbv,156,0,93,93,93,370,371,93,741,648,648,925,741,648,648,926,648,741,23658,23658,94770,94770,94770,94770,94770,3032619,94770,23658,741,93,93,93,93,93,2976,2976,2976,2976,2976,380928,2976,2976,2976,2976,2976,380928,,,,,,,,,,,,,,,,,,,,,,,,,,,,,,,,,,,,,,,,,,,,,,,,,,,,,,,,,,,,
csv,156,0,99755344,99755348,99755350,99877052,99995883,99614650,99995892,99995894,99995899,99995910,99995915,99995917,99995922,99995944,99995949,99995996,99999693,99999702,99999763,99999789,99999828,99999929,99999931,100000015,99999657,99999661,99995875,99685105,99685119,99614654,99614661,99685096,99682896,99682907,99682911,99685090,99685093,99685087,99753135,99753143,99753146,99755324,99755327,99755322,,,,,,,,,,,,,,,,,,,,,,,,,,,,,,,,,,,,,,,,,,,,,,,,,,,,,,,,,,,,
bb_id,156,0,236,238,239,240,253,254,255,256,257,258,259,260,261,262,263,264,265,266,267,268,269,270,274,275,276,277,278,313,314,315,316,317,318,319,320,321,323,324,325,326,327,328,330,331,,,,,,,,,,,,,,,,,,,,,,,,,,,,,,,,,,,,,,,,,,,,,,,,,,,,,,,,,,,,
bbv,157,0,92,92,92,371,370,92,741,649,649,929,741,648,648,924,648,741,23521,23521,94932,94932,94931,94931,94931,3037820,94932,23521,741,92,92,92,92,92,2944,2944,2944,2944,2944,376832,2944,2944,2944,2944,2944,376832,,,,,,,,,,,,,,,,,,,,,,,,,,,,,,,,,,,,,,,,,,,,,,,,,,,,,,,,,,,,
csv,157,0,99097021,99097025,99097027,99920143,99804104,98956327,99920152,99920154,99920159,99920181,99920186,99804149,99804154,99688023,99804159,99920233,99920265,99920274,99999975,100000001,99999135,99999236,99999238,99999910,99999914,99920136,99920137,99026782,99026796,98956331,98956338,99026773,99024573,99024584,99024588,99026767,99026770,99026764,99094812,99094820,99094823,99097001,99097004,99096999,,,,,,,,,,,,,,,,,,,,,,,,,,,,,,,,,,,,,,,,,,,,,,,,,,,,,,,,,,,,
bb_id,157,0,236,238,239,240,253,254,255,256,257,258,259,260,261,262,263,264,265,266,267,268,269,270,274,275,276,277,278,313,314,315,316,317,318,319,320,321,323,324,325,326,327,328,330,331,,,,,,,,,,,,,,,,,,,,,,,,,,,,,,,,,,,,,,,,,,,,,,,,,,,,,,,,,,,,
bbv,158,0,93,93,93,370,371,93,741,648,648,924,741,649,649,929,649,741,23701,23701,94767,94767,94768,94768,94768,3032552,94767,23701,741,93,93,93,93,93,2976,2976,2976,2976,2976,380928,2976,2976,2976,2976,2976,380928,,,,,,,,,,,,,,,,,,,,,,,,,,,,,,,,,,,,,,,,,,,,,,,,,,,,,,,,,,,,
csv,158,0,99518513,99518517,99518519,99876452,99993134,99377819,99993143,99993145,99993150,99993172,99993177,99993179,99993184,99993195,99993200,99993247,99993279,99993288,99999684,99999710,99999749,99999850,99999852,100000020,99999623,99993125,99993126,99448274,99448288,99377823,99377830,99448265,99446065,99446076,99446080,99448259,99448262,99448256,99516304,99516312,99516315,99518493,99518496,99518491,,,,,,,,,,,,,,,,,,,,,,,,,,,,,,,,,,,,,,,,,,,,,,,,,,,,,,,,,,,,
bb_id,158,0,236,238,239,240,253,254,255,256,257,258,259,260,261,262,263,264,265,266,267,268,269,270,274,275,276,277,278,313,314,315,316,317,318,319,320,321,323,324,325,326,327,328,330,331,,,,,,,,,,,,,,,,,,,,,,,,,,,,,,,,,,,,,,,,,,,,,,,,,,,,,,,,,,,,
bbv,159,0,93,93,93,370,370,93,740,647,647,926,740,647,647,923,647,740,23538,23538,94776,94775,94775,94775,94775,3032824,94776,23538,740,93,93,93,93,93,2976,2976,2976,2976,2976,380928,2976,2976,2976,2976,2976,380928,,,,,,,,,,,,,,,,,,,,,,,,,,,,,,,,,,,,,,,,,,,,,,,,,,,,,,,,,,,,
csv,159,0,99939986,99939990,99939992,99683307,99799291,99799292,99940001,99683318,99683323,99683345,99940006,99940008,99940013,99940035,99940040,99940087,99999969,99999978,100000039,99999115,99999154,99999255,99999257,99999929,99999933,99999937,99799283,99869747,99869761,99799296,99799303,99869738,99867538,99867549,99867553,99869732,99869735,99869729,99937777,99937785,99937788,99939966,99939969,99939964,,,,,,,,,,,,,,,,,,,,,,,,,,,,,,,,,,,,,,,,,,,,,,,,,,,,,,,,,,,,
bb_id,159,0,236,238,239,240,253,254,255,256,257,258,259,260,261,262,263,264,265,266,267,268,269,270,274,275,276,277,278,313,314,315,316,317,318,319,320,321,323,324,325,326,327,328,330,331,,,,,,,,,,,,,,,,,,,,,,,,,,,,,,,,,,,,,,,,,,,,,,,,,,,,,,,,,,,,
bbv,160,0,92,92,92,371,371,92,742,650,650,928,742,650,650,928,650,742,23649,23649,94925,94926,94926,94926,94926,3037603,94925,23649,742,92,92,92,92,92,2944,2944,2944,2944,2944,376832,2944,2944,2944,2944,2944,376832,,,,,,,,,,,,,,,,,,,,,,,,,,,,,,,,,,,,,,,,,,,,,,,,,,,,,,,,,,,,
csv,160,0,99281639,99281643,99281645,99872580,99988722,99140945,99988731,99988733,99988738,99988760,99988765,99988767,99988772,99872641,99988777,99988824,99988856,99988865,99999786,99999812,99999851,99999952,99999954,100000017,99999725,99988713,99988714,99211400,99211414,99140949,99140956,99211391,99209191,99209202,99209206,99211385,99211388,99211382,99279430,99279438,99279441,99281619,99281622,99281617,,,,,,,,,,,,,,,,,,,,,,,,,,,,,,,,,,,,,,,,,,,,,,,,,,,,,,,,,,,,
bb_id,160,0,236,238,239,240,253,254,255,256,257,258,259,260,261,262,263,264,265,266,267,268,269,270,274,275,276,277,278,313,314,315,316,317,318,319,320,321,323,324,325,326,327,328,330,331,,,,,,,,,,,,,,,,,,,,,,,,,,,,,,,,,,,,,,,,,,,,,,,,,,,,,,,,,,,,
bbv,161,0,93,93,93,370,370,93,740,647,647,923,740,647,647,926,647,740,23670,23670,94769,94769,94769,94769,94769,3032609,94769,23670,740,93,93,93,93,93,2976,2976,2976,2976,2976,380928,2976,2976,2976,2976,2976,380928,,,,,,,,,,,,,,,,,,,,,,,,,,,,,,,,,,,,,,,,,,,,,,,,,,,,,,,,,,,,
csv,161,0,99703115,99703119,99703121,99824823,99943654,99562421,99943663,99943665,99943670,99943681,99943686,99943688,99943693,99943715,99943720,99943767,99998774,99998783,99999749,99999775,99999814,99999915,99999917,100000001,99999688,99998742,99943646,99632876,99632890,99562425,99562432,99632867,99630667,99630678,99630682,99632861,99632864,99632858,99700906,99700914,99700917,99703095,99703098,99703093,,,,,,,,,,,,,,,,,,,,,,,,,,,,,,,,,,,,,,,,,,,,,,,,,,,,,,,,,,,,
bb_id,161,0,236,238,239,240,253,254,255,256,257,258,259,260,261,262,263,264,265,266,267,268,269,270,274,275,276,277,278,313,314,315,316,317,318,319,320,321,323,324,325,326,327,328,330,331,,,,,,,,,,,,,,,,,,,,,,,,,,,,,,,,,,,,,,,,,,,,,,,,,,,,,,,,,,,,
bbv,162,0,92,92,92,371,371,93,741,649,649,929,741,648,648,924,648,741,23507,23507,94914,94914,94914,94914,94914,3037276,94915,23508,742,92,92,93,93,92,2952,2952,2952,2951,2951,377767,2944,2944,2944,2944,2944,376832,,,,,,,,,,,,,,,,,,,,,,,,,,,,,,,,,,,,,,,,,,,,,,,,,,,,,,,,,,,,
csv,162,0,99044806,99044810,99044812,99867928,99983912,99983913,99867937,99867939,99867944,99867966,99867971,99751934,99751939,99635808,99751944,99868018,99868050,99868059,99983055,99983081,99983120,99983221,99983223,99983895,99983899,99983903,99983904,98974567,98974581,99983917,99983924,98974558,99999335,99999346,99999350,99999328,99999331,100000013,99042597,99042605,99042608,99044786,99044789,99044784,,,,,,,,,,,,,,,,,,,,,,,,,,,,,,,,,,,,,,,,,,,,,,,,,,,,,,,,,,,,
bb_id,162,0,236,238,239,240,253,254,255,256,257,258,259,260,261,262,263,264,265,266,267,268,269,270,274,275,276,277,278,313,314,315,316,317,318,319,320,321,323,324,325,326,327,328,330,331,,,,,,,,,,,,,,,,,,,,,,,,,,,,,,,,,,,,,,,,,,,,,,,,,,,,,,,,,,,,
bbv,163,0,93,93,93,370,370,92,741,648,648,924,741,649,649,929,649,741,23705,23705,94785,94785,94785,94785,94785,3033118,94784,23704,740,93,93,92,92,93,2968,2968,2968,2969,2969,379993,2976,2976,2976,2976,2976,380928,,,,,,,,,,,,,,,,,,,,,,,,,,,,,,,,,,,,,,,,,,,,,,,,,,,,,,,,,,,,
csv,163,0,99466286,99466290,99466292,99824225,99940907,99325592,99940916,99940918,99940923,99940945,99940950,99940952,99940957,99940968,99940973,99941020,99999152,99999161,99999222,99999248,99999287,99999388,99999390,100000020,99999116,99999120,99940899,99396047,99396061,99325596,99325603,99396038,99393838,99393849,99393853,99396032,99396035,99396029,99464077,99464085,99464088,99466266,99466269,99466264,,,,,,,,,,,,,,,,,,,,,,,,,,,,,,,,,,,,,,,,,,,,,,,,,,,,,,,,,,,,
bb_id,163,0,236,238,239,240,253,254,255,256,257,258,259,260,261,262,263,264,265,266,267,268,269,270,274,275,276,277,278,313,314,315,316,317,318,319,320,321,323,324,325,326,327,328,330,331,,,,,,,,,,,,,,,,,,,,,,,,,,,,,,,,,,,,,,,,,,,,,,,,,,,,,,,,,,,,
bbv,164,0,93,93,93,370,370,93,740,647,647,926,740,647,647,923,647,740,23589,23589,94773,94773,94773,94773,94773,3032738,94774,23589,740,93,93,93,93,93,2976,2976,2976,2976,2976,380928,2976,2976,2976,2976,2976,380928,,,,,,,,,,,,,,,,,,,,,,,,,,,,,,,,,,,,,,,,,,,,,,,,,,,,,,,,,,,,
csv,164,0,99887759,99887763,99887765,99631080,99747064,99747065,99887774,99631091,99631096,99631118,99887779,99887781,99887786,99887808,99887813,99887860,99999992,100000001,99999112,99999138,99999177,99999278,99999280,99999952,99999956,99999960,99747056,99817520,99817534,99747069,99747076,99817511,99815311,99815322,99815326,99817505,99817508,99817502,99885550,99885558,99885561,99887739,99887742,99887737,,,,,,,,,,,,,,,,,,,,,,,,,,,,,,,,,,,,,,,,,,,,,,,,,,,,,,,,,,,,
bb_id,164,0,236,238,239,240,253,254,255,256,257,258,259,260,261,262,263,264,265,266,267,268,269,270,274,275,276,277,278,313,314,315,316,317,318,319,320,321,323,324,325,326,327,328,330,331,,,,,,,,,,,,,,,,,,,,,,,,,,,,,,,,,,,,,,,,,,,,,,,,,,,,,,,,,,,,
bbv,165,0,1,1,1,1,1,1,1,1,10966,10966,10966,10966,1403521,10965,10965,1,1,1,1,1,1,1024,1,1,65,65,65,264,264,66,527,462,462,660,527,461,461,658,461,527,16711,16711,67466,67466,67466,67466,67466,2158912,67466,16712,528,1,65,65,66,66,66,2112,2112,2112,2112,2112,270336,2080,2080,2080,2080,2080,266240,,,,,,,,,,,,,,,,,,,,,,,,,,,,,,,,,,,
csv,165,0,71107079,71084441,71107068,71107073,71084434,71084435,71107128,71107141,99999924,99999948,99999983,99999986,100000006,99999913,99999916,71107063,71084467,71084470,71107004,71107010,71107012,71106998,71084426,71084427,70074823,70074827,70074829,70897945,71013929,71013930,70897954,70897956,70897961,70897983,70897988,70781951,70781956,70665825,70781961,70898035,70898067,70898076,71013072,71013098,71013137,71013238,71013240,71013912,71013916,71013920,71013921,71084379,70004584,70004598,71013934,71013941,71084376,71082176,71082187,71082191,71084370,71084373,71084367,70072614,70072622,70072625,70074803,70074806,70074801,,,,,,,,,,,,,,,,,,,,,,,,,,,,,,,,,,,
bb_id,165,0,54,59,62,64,107,108,109,110,112,113,114,115,116,117,119,121,174,175,176,177,178,179,186,188,236,238,239,240,253,254,255,256,257,258,259,260,261,262,263,264,265,266,267,268,269,270,274,275,276,277,278,312,313,314,315,316,317,318,319,320,321,323,324,325,326,327,328,330,331,,,,,,,,,,,,,,,,,,,,,,,,,,,,,,,,,,,
bbv,166,0,1,1,1,21802,21802,21802,21802,2790783,21803,21803,1,1,6,1,1,1,87,87,86,86,86,11008,11008,11008,11008,176128,11008,11008,11136,11136,11136,178176,11136,11136,87,87,87,344,86,86,11008,11008,11008,176128,11008,11008,258,86,603,516,516,688,603,517,517,690,517,603,10928,10928,38534,38534,38534,38534,38534,1233085,38533,10927,602,,,,,,,,,,,,,,,,,,,,,,,,,,,,,,,,,,,
csv,166,0,57450879,57450888,57450818,57448188,57448212,57448247,57448250,57450810,57450812,57450815,57450915,57450917,57450953,57450959,57451024,57451032,99965572,99965594,99935447,99935479,99965562,99965328,99965334,99965343,99965346,99965554,99965555,99965559,99994044,99994051,99994054,99994262,99994263,99994266,99994283,99994287,99994289,99911861,99911864,99911890,99935265,99935269,99935277,99935437,99935438,99935442,99853799,99935443,99994298,99853810,99853815,99853837,99994303,99994305,99994310,99994332,99994337,99994384,99999166,99999175,99999236,99999262,99999301,99999402,99999404,100000013,99999130,99999134,99911855,,,,,,,,,,,,,,,,,,,,,,,,,,,,,,,,,,,
bb_id,166,0,56,105,111,112,113,114,115,116,117,119,197,198,199,200,205,206,208,209,210,211,212,213,214,215,216,217,218,223,225,226,227,228,229,234,236,238,239,240,241,242,243,244,245,246,247,252,253,254,255,256,257,258,259,260,261,262,263,264,265,266,267,268,269,270,274,275,276,277,278,,,,,,,,,,,,,,,,,,,,,,,,,,,,,,,,,,,
bbv,167,0,202,202,202,202,202,25856,25856,25856,25856,413696,25856,25856,25856,25856,25856,413696,25856,25856,202,202,202,809,202,202,25856,25856,25856,413696,25856,25856,607,202,1416,1214,1214,1617,1416,1214,1214,1620,1214,1416,25751,25751,90646,90646,90646,90646,90646,2900670,90646,25751,1416,,,,,,,,,,,,,,,,,,,,,,,,,,,,,,,,,,,,,,,,,,,,,,,,,,,
csv,167,0,99825269,99825291,99795144,99795176,99825259,99825025,99825031,99825040,99825043,99825251,99825252,99825256,99853741,99853748,99853751,99853959,99853960,99853963,99853980,99853984,99853986,99914888,99771561,99771587,99794962,99794966,99794974,99795134,99795135,99795139,99974359,99795140,99974368,99974370,99974375,99974386,99974391,99974393,99974398,99974420,99974425,99974472,99996494,99996503,99999279,99999305,99999344,99999445,99999447,100000014,99999218,99996462,99974351,,,,,,,,,,,,,,,,,,,,,,,,,,,,,,,,,,,,,,,,,,,,,,,,,,,
bb_id,167,0,208,209,210,211,212,213,214,215,216,217,218,223,225,226,227,228,229,234,236,238,239,240,241,242,243,244,245,246,247,252,253,254,255,256,257,258,259,260,261,262,263,264,265,266,267,268,269,270,274,275,276,277,278,,,,,,,,,,,,,,,,,,,,,,,,,,,,,,,,,,,,,,,,,,,,,,,,,,,
bbv,168,0,202,202,202,202,202,25856,25856,25856,25856,413696,25856,25856,25856,25856,25856,413696,25856,25856,202,202,202,809,202,202,25856,25856,25856,413696,25856,25856,607,202,1416,1214,1214,1619,1416,1214,1214,1618,1214,1416,25675,25675,90650,90650,90650,90650,90650,2900788,90650,25675,1416,,,,,,,,,,,,,,,,,,,,,,,,,,,,,,,,,,,,,,,,,,,,,,,,,,,
csv,168,0,99684965,99684987,99654840,99654872,99684955,99684721,99684727,99684736,99684739,99684947,99684948,99684952,99713437,99713444,99713447,99713655,99713656,99713659,99713676,99713680,99713682,99892815,99631257,99631283,99654658,99654662,99654670,99654830,99654831,99654835,99951206,99654836,99951215,99951217,99951222,99951244,99951249,99951251,99951256,99951267,99951272,99951319,99994926,99994935,99999521,99999547,99999586,99999687,99999689,100000004,99999460,99994894,99951198,,,,,,,,,,,,,,,,,,,,,,,,,,,,,,,,,,,,,,,,,,,,,,,,,,,
bb_id,168,0,208,209,210,211,212,213,214,215,216,217,218,223,225,226,227,228,229,234,236,238,239,240,241,242,243,244,245,246,247,252,253,254,255,256,257,258,259,260,261,262,263,264,265,266,267,268,269,270,274,275,276,277,278,,,,,,,,,,,,,,,,,,,,,,,,,,,,,,,,,,,,,,,,,,,,,,,,,,,
bbv,169,0,202,202,202,202,202,25856,25856,25856,25856,413696,25856,25856,25856,25856,25856,413696,25856,25856,202,202,202,810,203,203,25936,25936,25936,414971,25935,25935,607,202,1416,1214,1214,1620,1416,1213,1213,1616,1213,1416,25657,25657,90634,90634,90634,90634,90634,2900305,90635,25658,1417,,,,,,,,,,,,,,,,,,,,,,,,,,,,,,,,,,,,,,,,,,,,,,,,,,,
csv,169,0,99544671,99544693,99514546,99514578,99544661,99544427,99544433,99544442,99544445,99544653,99544654,99544658,99573143,99573150,99573153,99573361,99573362,99573365,99573382,99573386,99573388,99985315,99985318,99985344,99999887,99999891,99999899,100000009,99999876,99999880,99927253,99514542,99927262,99927264,99927269,99927291,99927296,99869177,99869182,99810973,99869187,99927343,99927375,99927384,99984460,99984486,99984525,99984626,99984628,99985300,99985304,99985308,99985309,,,,,,,,,,,,,,,,,,,,,,,,,,,,,,,,,,,,,,,,,,,,,,,,,,,
bb_id,169,0,208,209,210,211,212,213,214,215,216,217,218,223,225,226,227,228,229,234,236,238,239,240,241,242,243,244,245,246,247,252,253,254,255,256,257,258,259,260,261,262,263,264,265,266,267,268,269,270,274,275,276,277,278,,,,,,,,,,,,,,,,,,,,,,,,,,,,,,,,,,,,,,,,,,,,,,,,,,,
bbv,170,0,203,203,203,203,203,25984,25984,25984,25984,415744,25984,25984,25984,25984,25984,415744,25984,25984,203,203,203,809,202,202,25904,25904,25904,414469,25905,25905,606,203,1416,1213,1213,1616,1416,1214,1214,1620,1214,1416,25725,25725,90573,90573,90573,90573,90573,2898312,90572,25724,1415,,,,,,,,,,,,,,,,,,,,,,,,,,,,,,,,,,,,,,,,,,,,,,,,,,,
csv,170,0,99898727,99898749,99868602,99868634,99898717,99898483,99898489,99898498,99898501,99898709,99898710,99898714,99927199,99927206,99927209,99927417,99927418,99927421,99927438,99927442,99927444,99988346,99845019,99845045,99868420,99868424,99868432,99868592,99868593,99868597,99786954,99868598,99988355,99988357,99988362,99786992,99988367,99988369,99988374,99988396,99988401,99988448,99999610,99999619,99999680,99999706,99999745,99999846,99999848,100000016,99999574,99999578,99988340,,,,,,,,,,,,,,,,,,,,,,,,,,,,,,,,,,,,,,,,,,,,,,,,,,,
bb_id,170,0,208,209,210,211,212,213,214,215,216,217,218,223,225,226,227,228,229,234,236,238,239,240,241,242,243,244,245,246,247,252,253,254,255,256,257,258,259,260,261,262,263,264,265,266,267,268,269,270,274,275,276,277,278,,,,,,,,,,,,,,,,,,,,,,,,,,,,,,,,,,,,,,,,,,,,,,,,,,,
bbv,171,0,202,202,202,202,202,25856,25856,25856,25856,413696,25856,25856,25856,25856,25856,413696,25856,25856,202,202,202,809,202,202,25856,25856,25856,413696,25856,25856,607,202,1416,1214,1214,1618,1416,1214,1214,1619,1214,1416,25700,25700,90648,90648,90648,90648,90648,2900757,90648,25700,1416,,,,,,,,,,,,,,,,,,,,,,,,,,,,,,,,,,,,,,,,,,,,,,,,,,,
csv,171,0,99758421,99758443,99728296,99728328,99758411,99758177,99758183,99758192,99758195,99758403,99758404,99758408,99786893,99786900,99786903,99787111,99787112,99787115,99787132,99787136,99787138,99966271,99704713,99704739,99728114,99728118,99728126,99728286,99728287,99728291,99907511,99728292,99966280,99966282,99966287,99966298,99966303,99966305,99966310,99966321,99966326,99966373,99995545,99995554,99999235,99999261,99999300,99999401,99999403,100000012,99999174,99995513,99966265,,,,,,,,,,,,,,,,,,,,,,,,,,,,,,,,,,,,,,,,,,,,,,,,,,,
bb_id,171,0,208,209,210,211,212,213,214,215,216,217,218,223,225,226,227,228,229,234,236,238,239,240,241,242,243,244,245,246,247,252,253,254,255,256,257,258,259,260,261,262,263,264,265,266,267,268,269,270,274,275,276,277,278,,,,,,,,,,,,,,,,,,,,,,,,,,,,,,,,,,,,,,,,,,,,,,,,,,,
bbv,172,0,202,202,202,202,202,25856,25856,25856,25856,413696,25856,25856,25856,25856,25856,413696,25856,25856,202,202,202,809,202,202,25856,25856,25856,413696,25856,25856,607,202,1416,1214,1214,1620,1416,1214,1214,1617,1214,1416,25663,25663,90651,90651,90651,90651,90650,2900803,90651,25663,1416,,,,,,,,,,,,,,,,,,,,,,,,,,,,,,,,,,,,,,,,,,,,,,,,,,,
csv,172,0,99618119,99618141,99587994,99588026,99618109,99617875,99617881,99617890,99617893,99618101,99618102,99618106,99646591,99646598,99646601,99646809,99646810,99646813,99646830,99646834,99646836,99942580,99564411,99564437,99587812,99587816,99587824,99587984,99587985,99587989,99884360,99587990,99942589,99942591,99942596,99942618,99942623,99942625,99942630,99884421,99942635,99942682,99971719,99971728,99999844,99999870,99999909,100000010,99999107,99999779,99999783,99971687,99942574,,,,,,,,,,,,,,,,,,,,,,,,,,,,,,,,,,,,,,,,,,,,,,,,,,,
bb_id,172,0,208,209,210,211,212,213,214,215,216,217,218,223,225,226,227,228,229,234,236,238,239,240,241,242,243,244,245,246,247,252,253,254,255,256,257,258,259,260,261,262,263,264,265,266,267,268,269,270,274,275,276,277,278,,,,,,,,,,,,,,,,,,,,,,,,,,,,,,,,,,,,,,,,,,,,,,,,,,,
bbv,173,0,203,203,203,203,203,25984,25984,25984,25984,415744,25984,25984,25981,25981,25981,415682,25980,25980,202,202,202,809,203,203,25984,25984,25984,415744,25984,25984,607,203,1415,1213,1213,1618,1415,1212,1212,1616,1212,1415,25655,25655,90560,90560,90560,90560,90561,2897952,90561,25656,1416,,,,,,,,,,,,,,,,,,,,,,,,,,,,,,,,,,,,,,,,,,,,,,,,,,,
csv,173,0,99972174,99972196,99942049,99942081,99972164,99971930,99971936,99971945,99971948,99972156,99972157,99972161,99999974,99999981,99999984,100000010,99999969,99999972,99506530,99506534,99506536,99918463,99918466,99918492,99941867,99941871,99941879,99942039,99942040,99942044,99860401,99942045,99860410,99860412,99860417,99860439,99860444,99802325,99802330,99744121,99802335,99860491,99860523,99860532,99917608,99917634,99917673,99917774,99917776,99918448,99918452,99918456,99918457,,,,,,,,,,,,,,,,,,,,,,,,,,,,,,,,,,,,,,,,,,,,,,,,,,,
bb_id,173,0,208,209,210,211,212,213,214,215,216,217,218,223,225,226,227,228,229,234,236,238,239,240,241,242,243,244,245,246,247,252,253,254,255,256,257,258,259,260,261,262,263,264,265,266,267,268,269,270,274,275,276,277,278,,,,,,,,,,,,,,,,,,,,,,,,,,,,,,,,,,,,,,,,,,,,,,,,,,,
bbv,174,0,202,202,202,202,202,25856,25856,25856,25856,413696,25856,25856,25859,25859,25859,413758,25860,25860,203,203,203,809,202,202,25856,25856,25856,413696,25856,25856,607,202,1417,1214,1214,1617,1417,1215,1215,1622,1215,1417,25756,25756,90645,90645,90645,90645,90645,2900624,90644,25755,1416,,,,,,,,,,,,,,,,,,,,,,,,,,,,,,,,,,,,,,,,,,,,,,,,,,,
csv,174,0,99831874,99831896,99801749,99801781,99831864,99831630,99831636,99831645,99831648,99831856,99831857,99831861,99860346,99860353,99860356,99860564,99860565,99860568,99860585,99860589,99860591,99921493,99778166,99778192,99801567,99801571,99801579,99801739,99801740,99801744,99980964,99801745,99980973,99980975,99980980,99980991,99980996,99980998,99981003,99981025,99981030,99981077,99999434,99999443,99999504,99999530,99999569,99999670,99999672,100000008,99999398,99999402,99980956,,,,,,,,,,,,,,,,,,,,,,,,,,,,,,,,,,,,,,,,,,,,,,,,,,,
bb_id,174,0,208,209,210,211,212,213,214,215,216,217,218,223,225,226,227,228,229,234,236,238,239,240,241,242,243,244,245,246,247,252,253,254,255,256,257,258,259,260,261,262,263,264,265,266,267,268,269,270,274,275,276,277,278,,,,,,,,,,,,,,,,,,,,,,,,,,,,,,,,,,,,,,,,,,,,,,,,,,,
bbv,175,0,202,202,202,202,202,25856,25856,25856,25856,413696,25856,25856,25856,25856,25856,413696,25856,25856,202,202,202,809,202,202,25856,25856,25856,413696,25856,25856,607,202,1416,1214,1214,1619,1416,1214,1214,1618,1214,1416,25675,25675,90650,90650,90650,90650,90650,2900788,90650,25675,1416,,,,,,,,,,,,,,,,,,,,,,,,,,,,,,,,,,,,,,,,,,,,,,,,,,,
csv,175,0,99691576,99691598,99661451,99661483,99691566,99691332,99691338,99691347,99691350,99691558,99691559,99691563,99720048,99720055,99720058,99720266,99720267,99720270,99720287,99720291,99720293,99899426,99637868,99637894,99661269,99661273,99661281,99661441,99661442,99661446,99957817,99661447,99957826,99957828,99957833,99957855,99957860,99957862,99957867,99957878,99957883,99957930,99987012,99987021,99999752,99999778,99999817,99999918,99999920,100000004,99999691,99986980,99957809,,,,,,,,,,,,,,,,,,,,,,,,,,,,,,,,,,,,,,,,,,,,,,,,,,,
bb_id,175,0,208,209,210,211,212,213,214,215,216,217,218,223,225,226,227,228,229,234,236,238,239,240,241,242,243,244,245,246,247,252,253,254,255,256,257,258,259,260,261,262,263,264,265,266,267,268,269,270,274,275,276,277,278,,,,,,,,,,,,,,,,,,,,,,,,,,,,,,,,,,,,,,,,,,,,,,,,,,,
bbv,176,0,1,1,7,1,1,1,1,141,141,142,142,142,18176,18176,18176,18176,290816,18176,18176,18048,18048,18048,288768,18048,18048,170,170,170,680,142,142,18176,18176,18176,290816,18176,18176,537,170,1217,1047,1047,1414,1217,1047,1047,1416,1047,1217,25290,25290,92487,92487,92487,92487,92487,2959582,92487,25290,1217,1,1,29,29,28,28,28,7168,7168,7168,7168,114688,7168,7168,7424,7424,7424,118784,7424,7424,,,,,,,,,,,,,,,,,,,,,,,,
csv,176,0,69890050,69890052,69890094,69890100,69890022,69890023,69889975,69395627,69395649,69859857,69859889,69889972,69889738,69889744,69889753,69889756,69889964,69889965,69889969,69424099,69424106,69424109,69424317,69424318,69424321,99535138,99535142,99535144,99893077,69836274,69836300,69859675,69859679,69859687,69859847,69859848,69859852,99775677,99417546,99893086,99893088,99893093,99893104,99893109,99893111,99893116,99893138,99893143,99893190,99995212,99995221,99999807,99999833,99999872,99999973,99999975,100000017,99999746,99995180,99893071,69890165,69890173,99477755,99477777,99417550,99417582,99477745,99477511,99477517,99477526,99477529,99477737,99477738,99477742,99534899,99534906,99534909,99535117,99535118,99535121,,,,,,,,,,,,,,,,,,,,,,,,
bb_id,176,0,189,190,191,192,202,204,207,208,209,210,211,212,213,214,215,216,217,218,223,225,226,227,228,229,234,236,238,239,240,241,242,243,244,245,246,247,252,253,254,255,256,257,258,259,260,261,262,263,264,265,266,267,268,269,270,274,275,276,277,278,279,280,282,283,284,285,286,287,288,289,290,291,292,297,299,300,301,302,303,308,,,,,,,,,,,,,,,,,,,,,,,,
bbv,177,0,95,95,95,378,379,95,757,662,662,948,757,662,662,944,662,757,24069,24069,96861,96861,96861,96861,96861,3099560,96861,24069,757,95,95,95,95,95,24320,24320,24320,24320,389120,24320,24320,24320,24320,24320,389120,24320,24320,,,,,,,,,,,,,,,,,,,,,,,,,,,,,,,,,,,,,,,,,,,,,,,,,,,,,,,,,,,
csv,177,0,99921526,99921530,99921532,99687949,99803933,99803934,99921541,99687960,99687965,99687987,99921546,99921548,99921553,99921575,99921580,99921627,99999559,99999568,99999629,99999655,99999694,99999795,99999797,100000007,99999523,99999527,99803925,99864143,99864165,99803938,99803970,99864133,99863899,99863905,99863914,99863917,99864125,99864126,99864130,99921287,99921294,99921297,99921505,99921506,99921509,,,,,,,,,,,,,,,,,,,,,,,,,,,,,,,,,,,,,,,,,,,,,,,,,,,,,,,,,,,
bb_id,177,0,236,238,239,240,253,254,255,256,257,258,259,260,261,262,263,264,265,266,267,268,269,270,274,275,276,277,278,282,283,284,285,286,287,288,289,290,291,292,297,299,300,301,302,303,308,,,,,,,,,,,,,,,,,,,,,,,,,,,,,,,,,,,,,,,,,,,,,,,,,,,,,,,,,,,
bbv,178,0,94,94,94,379,379,94,758,664,664,948,758,664,664,948,664,758,24140,24140,96987,96987,96987,96987,96987,3103603,96987,24140,758,94,94,94,94,94,24064,24064,24064,24064,385024,24064,24064,24064,24064,24064,385024,24064,24064,,,,,,,,,,,,,,,,,,,,,,,,,,,,,,,,,,,,,,,,,,,,,,,,,,,,,,,,,,,
csv,178,0,99251225,99251229,99251231,99842166,99958308,99133633,99958317,99958319,99958324,99958346,99958351,99958353,99958358,99842227,99958363,99958410,99958442,99958451,99999237,99999263,99999302,99999403,99999405,100000014,99999176,99958299,99958300,99193842,99193864,99133637,99133669,99193832,99193598,99193604,99193613,99193616,99193824,99193825,99193829,99250986,99250993,99250996,99251204,99251205,99251208,,,,,,,,,,,,,,,,,,,,,,,,,,,,,,,,,,,,,,,,,,,,,,,,,,,,,,,,,,,
bb_id,178,0,236,238,239,240,253,254,255,256,257,258,259,260,261,262,263,264,265,266,267,268,269,270,274,275,276,277,278,282,283,284,285,286,287,288,289,290,291,292,297,299,300,301,302,303,308,,,,,,,,,,,,,,,,,,,,,,,,,,,,,,,,,,,,,,,,,,,,,,,,,,,,,,,,,,,
bbv,179,0,95,95,95,379,378,95,757,662,662,944,757,662,662,948,662,757,24197,24197,96855,96855,96855,96855,96855,3099353,96855,24197,757,95,95,95,95,95,24320,24320,24320,24320,389120,24320,24320,24320,24320,24320,389120,24320,24320,,,,,,,,,,,,,,,,,,,,,,,,,,,,,,,,,,,,,,,,,,,,,,,,,,,,,,,,,,,
csv,179,0,99637616,99637620,99637622,99995555,99878155,99520024,99995564,99995566,99995571,99995582,99995587,99995589,99995594,99995616,99995621,99995668,99995700,99995709,99999390,99999416,99999455,99999556,99999558,100000020,99999329,99995548,99995549,99580233,99580255,99520028,99520060,99580223,99579989,99579995,99580004,99580007,99580215,99580216,99580220,99637377,99637384,99637387,99637595,99637596,99637599,,,,,,,,,,,,,,,,,,,,,,,,,,,,,,,,,,,,,,,,,,,,,,,,,,,,,,,,,,,
bb_id,179,0,236,238,239,240,253,254,255,256,257,258,259,260,261,262,263,264,265,266,267,268,269,270,274,275,276,277,278,282,283,284,285,286,287,288,289,290,291,292,297,299,300,301,302,303,308,,,,,,,,,,,,,,,,,,,,,,,,,,,,,,,,,,,,,,,,,,,,,,,,,,,,,,,,,,,
bbv,180,0,94,94,94,378,379,95,756,662,662,948,756,661,661,942,661,756,24000,24000,96891,96891,96891,96891,96891,3100522,96892,24001,757,95,95,95,95,95,24320,24320,24320,24320,389120,24320,24320,24213,24213,24213,387408,24212,24212,,,,,,,,,,,,,,,,,,,,,,,,,,,,,,,,,,,,,,,,,,,,,,,,,,,,,,,,,,,
csv,180,0,98967302,98967306,98967308,99790424,99906408,99906409,99790433,99790435,99790440,99790462,99790467,99674430,99674435,99558304,99674440,99790514,99790546,99790555,99905551,99905577,99905616,99905717,99905719,99906391,99906395,99906399,99906400,99966618,99966640,99906413,99906445,99966608,99966374,99966380,99966389,99966392,99966600,99966601,99966605,99999794,99999801,99999804,100000012,99999789,99999792,,,,,,,,,,,,,,,,,,,,,,,,,,,,,,,,,,,,,,,,,,,,,,,,,,,,,,,,,,,
bb_id,180,0,236,238,239,240,253,254,255,256,257,258,259,260,261,262,263,264,265,266,267,268,269,270,274,275,276,277,278,282,283,284,285,286,287,288,289,290,291,292,297,299,300,301,302,303,308,,,,,,,,,,,,,,,,,,,,,,,,,,,,,,,,,,,,,,,,,,,,,,,,,,,,,,,,,,,
bbv,181,0,95,95,95,379,378,94,758,663,663,946,758,664,664,950,664,758,24220,24220,96957,96957,96957,96957,96957,3102623,96956,24219,757,94,94,94,94,94,24064,24064,24064,24064,385024,24064,24064,24171,24171,24171,386736,24172,24172,,,,,,,,,,,,,,,,,,,,,,,,,,,,,,,,,,,,,,,,,,,,,,,,,,,,,,,,,,,
csv,181,0,99353695,99353699,99353701,99944636,99828316,99236103,99944645,99944647,99944652,99944674,99944679,99944681,99944686,99944697,99944702,99944749,99973786,99973795,99999196,99999222,99999261,99999362,99999364,100000015,99999135,99973754,99944630,99296312,99296334,99236107,99236139,99296302,99296068,99296074,99296083,99296086,99296294,99296295,99296299,99353456,99353463,99353466,99353674,99353675,99353678,,,,,,,,,,,,,,,,,,,,,,,,,,,,,,,,,,,,,,,,,,,,,,,,,,,,,,,,,,,
bb_id,181,0,236,238,239,240,253,254,255,256,257,258,259,260,261,262,263,264,265,266,267,268,269,270,274,275,276,277,278,282,283,284,285,286,287,288,289,290,291,292,297,299,300,301,302,303,308,,,,,,,,,,,,,,,,,,,,,,,,,,,,,,,,,,,,,,,,,,,,,,,,,,,,,,,,,,,
bbv,182,0,95,95,95,378,379,95,757,662,662,945,757,662,662,946,662,757,24173,24173,96856,96856,96856,96856,96856,3099393,96856,24173,757,95,95,95,95,95,24320,24320,24320,24320,389120,24320,24320,24320,24320,24320,389120,24320,24320,,,,,,,,,,,,,,,,,,,,,,,,,,,,,,,,,,,,,,,,,,,,,,,,,,,,,,,,,,,
csv,182,0,99740085,99740089,99740091,99861793,99980624,99622493,99980633,99980635,99980640,99980651,99980656,99980658,99980663,99980685,99980690,99980737,99999094,99999103,99999164,99999190,99999229,99999330,99999332,100000004,99999058,99999062,99980616,99682702,99682724,99622497,99622529,99682692,99682458,99682464,99682473,99682476,99682684,99682685,99682689,99739846,99739853,99739856,99740064,99740065,99740068,,,,,,,,,,,,,,,,,,,,,,,,,,,,,,,,,,,,,,,,,,,,,,,,,,,,,,,,,,,
bb_id,182,0,236,238,239,240,253,254,255,256,257,258,259,260,261,262,263,264,265,266,267,268,269,270,274,275,276,277,278,282,283,284,285,286,287,288,289,290,291,292,297,299,300,301,302,303,308,,,,,,,,,,,,,,,,,,,,,,,,,,,,,,,,,,,,,,,,,,,,,,,,,,,,,,,,,,,
bbv,183,0,94,94,94,379,378,94,757,663,663,949,757,662,662,944,662,757,24027,24027,96994,96994,96994,96994,96993,3103776,96994,24027,757,94,94,94,94,94,24064,24064,24064,24064,385024,24064,24064,24064,24064,24064,385024,24064,24064,,,,,,,,,,,,,,,,,,,,,,,,,,,,,,,,,,,,,,,,,,,,,,,,,,,,,,,,,,,
csv,183,0,99069787,99069791,99069793,99892909,99776870,98952195,99892918,99892920,99892925,99892947,99892952,99776915,99776920,99660789,99776925,99892999,99893031,99893040,99999891,99999917,99999956,100000057,99999154,99999826,99999830,99892902,99892903,99012404,99012426,98952199,98952231,99012394,99012160,99012166,99012175,99012178,99012386,99012387,99012391,99069548,99069555,99069558,99069766,99069767,99069770,,,,,,,,,,,,,,,,,,,,,,,,,,,,,,,,,,,,,,,,,,,,,,,,,,,,,,,,,,,
bb_id,183,0,236,238,239,240,253,254,255,256,257,258,259,260,261,262,263,264,265,266,267,268,269,270,274,275,276,277,278,282,283,284,285,286,287,288,289,290,291,292,297,299,300,301,302,303,308,,,,,,,,,,,,,,,,,,,,,,,,,,,,,,,,,,,,,,,,,,,,,,,,,,,,,,,,,,,
bbv,184,0,95,95,95,378,379,95,757,662,662,944,757,663,663,949,663,757,24215,24215,96854,96854,96854,96854,96854,3099328,96854,24215,757,95,95,95,95,95,24320,24320,24320,24320,389120,24320,24320,24320,24320,24320,389120,24320,24320,,,,,,,,,,,,,,,,,,,,,,,,,,,,,,,,,,,,,,,,,,,,,,,,,,,,,,,,,,,
csv,184,0,99456135,99456139,99456141,99814074,99930756,99338543,99930765,99930767,99930772,99930794,99930799,99930801,99930806,99930817,99930822,99930869,99989001,99989010,99999931,99999957,99999996,100000097,99999194,99999866,99999870,99988969,99930748,99398752,99398774,99338547,99338579,99398742,99398508,99398514,99398523,99398526,99398734,99398735,99398739,99455896,99455903,99455906,99456114,99456115,99456118,,,,,,,,,,,,,,,,,,,,,,,,,,,,,,,,,,,,,,,,,,,,,,,,,,,,,,,,,,,
bb_id,184,0,236,238,239,240,253,254,255,256,257,258,259,260,261,262,263,264,265,266,267,268,269,270,274,275,276,277,278,282,283,284,285,286,287,288,289,290,291,292,297,299,300,301,302,303,308,,,,,,,,,,,,,,,,,,,,,,,,,,,,,,,,,,,,,,,,,,,,,,,,,,,,,,,,,,,
bbv,185,0,95,95,95,379,378,95,757,662,662,946,757,662,662,945,662,757,24128,24128,96858,96858,96858,96858,96859,3099468,96858,24128,757,95,95,95,95,95,24320,24320,24320,24320,389120,24320,24320,24320,24320,24320,389120,24320,24320,,,,,,,,,,,,,,,,,,,,,,,,,,,,,,,,,,,,,,,,,,,,,,,,,,,,,,,,,,,
csv,185,0,99842443,99842447,99842449,99964151,99724850,99724851,99964160,99964162,99964167,99608904,99964172,99964174,99964179,99964201,99964206,99964253,99999530,99999539,99999600,99999626,99999665,99999766,99999768,100000020,99999494,99999498,99964145,99785060,99785082,99724855,99724887,99785050,99784816,99784822,99784831,99784834,99785042,99785043,99785047,99842204,99842211,99842214,99842422,99842423,99842426,,,,,,,,,,,,,,,,,,,,,,,,,,,,,,,,,,,,,,,,,,,,,,,,,,,,,,,,,,,
bb_id,185,0,236,238,239,240,253,254,255,256,257,258,259,260,261,262,263,264,265,266,267,268,269,270,274,275,276,277,278,282,283,284,285,286,287,288,289,290,291,292,297,299,300,301,302,303,308,,,,,,,,,,,,,,,,,,,,,,,,,,,,,,,,,,,,,,,,,,,,,,,,,,,,,,,,,,,
bbv,186,0,94,94,94,379,379,94,758,664,664,950,758,663,663,946,663,758,24077,24077,96991,96991,96991,96990,96990,3103700,96991,24077,758,94,94,94,94,94,24064,24064,24064,24064,385024,24064,24064,24064,24064,24064,385024,24064,24064,,,,,,,,,,,,,,,,,,,,,,,,,,,,,,,,,,,,,,,,,,,,,,,,,,,,,,,,,,,
csv,186,0,99172129,99172133,99172135,99995251,99879212,99054537,99995260,99995262,99995267,99995289,99995294,99879257,99879262,99763131,99879267,99995341,99995373,99995382,99999968,99999994,100000033,99999229,99999231,99999903,99999907,99995244,99995245,99114746,99114768,99054541,99054573,99114736,99114502,99114508,99114517,99114520,99114728,99114729,99114733,99171890,99171897,99171900,99172108,99172109,99172112,,,,,,,,,,,,,,,,,,,,,,,,,,,,,,,,,,,,,,,,,,,,,,,,,,,,,,,,,,,
bb_id,186,0,236,238,239,240,253,254,255,256,257,258,259,260,261,262,263,264,265,266,267,268,269,270,274,275,276,277,278,282,283,284,285,286,287,288,289,290,291,292,297,299,300,301,302,303,308,,,,,,,,,,,,,,,,,,,,,,,,,,,,,,,,,,,,,,,,,,,,,,,,,,,,,,,,,,,
bbv,187,0,1,1,7,1,1,1,94,94,94,374,374,94,748,654,654,932,748,655,655,938,655,748,23955,23955,95860,95860,95860,95861,95861,3067528,95860,23955,748,1,49,49,50,50,50,12800,12800,12800,12800,204800,12800,12800,12544,12544,12544,200704,12544,12544,1,1,45,45,44,44,44,1408,1408,1408,1408,1408,180224,1440,1440,1440,1440,1440,184320,,,,,,,,,,,,,,,,,,,,,,,,,,,,,,,,,
csv,187,0,51949733,51949735,51949777,51949783,51949703,51949704,99531344,99531348,99531350,99889283,99771883,99390650,99889292,99889294,99889299,99889310,99889315,99889317,99889322,99889344,99889349,99889396,99998703,99998712,99999678,99999704,99999743,99999844,99999846,100000014,99999617,99998671,99889277,51949656,50892964,50892986,51889458,51889490,51949653,51949419,51949425,51949434,51949437,51949645,51949646,51949650,50950108,50950115,50950118,50950326,50950327,50950330,51949848,51949852,99461105,99461119,99390654,99390661,99461096,99458896,99458907,99458911,99461090,99461093,99461087,99529135,99529143,99529146,99531324,99531327,99531322,,,,,,,,,,,,,,,,,,,,,,,,,,,,,,,,,
bb_id,187,0,181,182,183,184,194,196,236,238,239,240,253,254,255,256,257,258,259,260,261,262,263,264,265,266,267,268,269,270,274,275,276,277,278,281,282,283,284,285,286,287,288,289,290,291,292,297,299,300,301,302,303,308,310,311,313,314,315,316,317,318,319,320,321,323,324,325,326,327,328,330,331,,,,,,,,,,,,,,,,,,,,,,,,,,,,,,,,,
bbv,188,0,93,93,93,370,371,93,741,648,648,928,741,648,648,924,648,741,23525,23525,94776,94776,94776,94776,94776,3032837,94776,23525,741,93,93,93,93,93,2976,2976,2976,2976,2976,380928,2976,2976,2976,2976,2976,380928,,,,,,,,,,,,,,,,,,,,,,,,,,,,,,,,,,,,,,,,,,,,,,,,,,,,,,,,,,,,
csv,188,0,99952823,99952827,99952829,99696144,99812128,99812129,99952838,99696155,99696160,99696182,99952843,99952845,99952850,99952872,99952877,99952924,99999506,99999515,99999576,99999602,99999641,99999742,99999744,100000017,99999470,99999474,99812120,99882584,99882598,99812133,99812140,99882575,99880375,99880386,99880390,99882569,99882572,99882566,99950614,99950622,99950625,99952803,99952806,99952801,,,,,,,,,,,,,,,,,,,,,,,,,,,,,,,,,,,,,,,,,,,,,,,,,,,,,,,,,,,,
bb_id,188,0,236,238,239,240,253,254,255,256,257,258,259,260,261,262,263,264,265,266,267,268,269,270,274,275,276,277,278,313,314,315,316,317,318,319,320,321,323,324,325,326,327,328,330,331,,,,,,,,,,,,,,,,,,,,,,,,,,,,,,,,,,,,,,,,,,,,,,,,,,,,,,,,,,,,
bbv,189,0,92,92,92,371,370,92,741,649,649,926,741,649,649,928,649,741,23662,23662,94925,94925,94925,94925,94925,3037588,94925,23662,741,92,92,92,92,92,2944,2944,2944,2944,2944,376832,2944,2944,2944,2944,2944,376832,,,,,,,,,,,,,,,,,,,,,,,,,,,,,,,,,,,,,,,,,,,,,,,,,,,,,,,,,,,,
csv,189,0,99294498,99294502,99294504,99885439,99769119,99153804,99885448,99885450,99885455,99885477,99885482,99885484,99885489,99885500,99885505,99885552,99972599,99972608,99999819,99999845,99999884,99999985,99999987,100000008,99999758,99972567,99885433,99224259,99224273,99153808,99153815,99224250,99222050,99222061,99222065,99224244,99224247,99224241,99292289,99292297,99292300,99294478,99294481,99294476,,,,,,,,,,,,,,,,,,,,,,,,,,,,,,,,,,,,,,,,,,,,,,,,,,,,,,,,,,,,
bb_id,189,0,236,238,239,240,253,254,255,256,257,258,259,260,261,262,263,264,265,266,267,268,269,270,274,275,276,277,278,313,314,315,316,317,318,319,320,321,323,324,325,326,327,328,330,331,,,,,,,,,,,,,,,,,,,,,,,,,,,,,,,,,,,,,,,,,,,,,,,,,,,,,,,,,,,,
bbv,190,0,93,93,93,370,371,93,741,648,648,925,741,648,648,926,648,741,23667,23667,94769,94769,94769,94769,94769,3032611,94769,23667,741,93,93,93,93,93,2976,2976,2976,2976,2976,380928,2976,2976,2976,2976,2976,380928,,,,,,,,,,,,,,,,,,,,,,,,,,,,,,,,,,,,,,,,,,,,,,,,,,,,,,,,,,,,
csv,190,0,99715983,99715987,99715989,99837691,99956522,99575289,99956531,99956533,99956538,99956549,99956554,99956556,99956561,99956583,99956588,99956635,99996982,99996991,99999767,99999793,99999832,99999933,99999935,100000019,99999706,99996950,99956514,99645744,99645758,99575293,99575300,99645735,99643535,99643546,99643550,99645729,99645732,99645726,99713774,99713782,99713785,99715963,99715966,99715961,,,,,,,,,,,,,,,,,,,,,,,,,,,,,,,,,,,,,,,,,,,,,,,,,,,,,,,,,,,,
bb_id,190,0,236,238,239,240,253,254,255,256,257,258,259,260,261,262,263,264,265,266,267,268,269,270,274,275,276,277,278,313,314,315,316,317,318,319,320,321,323,324,325,326,327,328,330,331,,,,,,,,,,,,,,,,,,,,,,,,,,,,,,,,,,,,,,,,,,,,,,,,,,,,,,,,,,,,
bbv,191,0,92,92,92,371,371,93,741,649,649,929,741,648,648,924,648,741,23511,23511,94928,94928,94928,94928,94928,3037724,94929,23512,742,92,92,93,93,92,2946,2946,2946,2945,2945,377020,2944,2944,2944,2944,2944,376832,,,,,,,,,,,,,,,,,,,,,,,,,,,,,,,,,,,,,,,,,,,,,,,,,,,,,,,,,,,,
csv,191,0,99057656,99057660,99057662,99880778,99996762,99996763,99880787,99880789,99880794,99880816,99880821,99764784,99764789,99648658,99764794,99880868,99880900,99880909,99995905,99995931,99995970,99996071,99996073,99996745,99996749,99996753,99996754,98987417,98987431,99996767,99996774,98987408,99998979,99998990,99998994,99998972,99998975,100000014,99055447,99055455,99055458,99057636,99057639,99057634,,,,,,,,,,,,,,,,,,,,,,,,,,,,,,,,,,,,,,,,,,,,,,,,,,,,,,,,,,,,
bb_id,191,0,236,238,239,240,253,254,255,256,257,258,259,260,261,262,263,264,265,266,267,268,269,270,274,275,276,277,278,313,314,315,316,317,318,319,320,321,323,324,325,326,327,328,330,331,,,,,,,,,,,,,,,,,,,,,,,,,,,,,,,,,,,,,,,,,,,,,,,,,,,,,,,,,,,,
bbv,192,0,93,93,93,370,370,92,741,648,648,924,741,649,649,929,649,741,23704,23704,94771,94771,94771,94771,94771,3032663,94770,23703,740,93,93,92,92,93,2974,2974,2974,2975,2975,380740,2976,2976,2976,2976,2976,380928,,,,,,,,,,,,,,,,,,,,,,,,,,,,,,,,,,,,,,,,,,,,,,,,,,,,,,,,,,,,
csv,192,0,99479135,99479139,99479141,99837074,99953756,99338441,99953765,99953767,99953772,99953794,99953799,99953801,99953806,99953817,99953822,99953869,99997476,99997485,99999356,99999382,99999421,99999522,99999524,100000007,99999295,99997444,99953748,99408896,99408910,99338445,99338452,99408887,99406687,99406698,99406702,99408881,99408884,99408878,99476926,99476934,99476937,99479115,99479118,99479113,,,,,,,,,,,,,,,,,,,,,,,,,,,,,,,,,,,,,,,,,,,,,,,,,,,,,,,,,,,,
bb_id,192,0,236,238,239,240,253,254,255,256,257,258,259,260,261,262,263,264,265,266,267,268,269,270,274,275,276,277,278,313,314,315,316,317,318,319,320,321,323,324,325,326,327,328,330,331,,,,,,,,,,,,,,,,,,,,,,,,,,,,,,,,,,,,,,,,,,,,,,,,,,,,,,,,,,,,
bbv,193,0,93,93,93,370,370,93,740,647,647,926,740,647,647,923,647,740,23576,23576,94774,94774,94774,94774,94774,3032755,94774,23576,740,93,93,93,93,93,2976,2976,2976,2976,2976,380928,2976,2976,2976,2976,2976,380928,,,,,,,,,,,,,,,,,,,,,,,,,,,,,,,,,,,,,,,,,,,,,,,,,,,,,,,,,,,,
csv,193,0,99900621,99900625,99900627,99643942,99759926,99759927,99900636,99643953,99643958,99643980,99900641,99900643,99900648,99900670,99900675,99900722,99999554,99999563,99999624,99999650,99999689,99999790,99999792,100000002,99999518,99999522,99759918,99830382,99830396,99759931,99759938,99830373,99828173,99828184,99828188,99830367,99830370,99830364,99898412,99898420,99898423,99900601,99900604,99900599,,,,,,,,,,,,,,,,,,,,,,,,,,,,,,,,,,,,,,,,,,,,,,,,,,,,,,,,,,,,
bb_id,193,0,236,238,239,240,253,254,255,256,257,258,259,260,261,262,263,264,265,266,267,268,269,270,274,275,276,277,278,313,314,315,316,317,318,319,320,321,323,324,325,326,327,328,330,331,,,,,,,,,,,,,,,,,,,,,,,,,,,,,,,,,,,,,,,,,,,,,,,,,,,,,,,,,,,,
bbv,194,0,92,92,92,371,371,92,742,650,650,928,742,650,650,928,650,742,23608,23608,94927,94927,94927,94927,94927,3037676,94927,23608,742,92,92,92,92,92,2944,2944,2944,2944,2944,376832,2944,2944,2944,2944,2944,376832,,,,,,,,,,,,,,,,,,,,,,,,,,,,,,,,,,,,,,,,,,,,,,,,,,,,,,,,,,,,
csv,194,0,99242311,99242315,99242317,99833252,99949394,99101617,99949403,99949405,99949410,99949432,99949437,99949439,99949444,99833313,99949449,99949496,99949528,99949537,99999373,99999399,99999438,99999539,99999541,100000003,99999312,99949385,99949386,99172072,99172086,99101621,99101628,99172063,99169863,99169874,99169878,99172057,99172060,99172054,99240102,99240110,99240113,99242291,99242294,99242289,,,,,,,,,,,,,,,,,,,,,,,,,,,,,,,,,,,,,,,,,,,,,,,,,,,,,,,,,,,,
bb_id,194,0,236,238,239,240,253,254,255,256,257,258,259,260,261,262,263,264,265,266,267,268,269,270,274,275,276,277,278,313,314,315,316,317,318,319,320,321,323,324,325,326,327,328,330,331,,,,,,,,,,,,,,,,,,,,,,,,,,,,,,,,,,,,,,,,,,,,,,,,,,,,,,,,,,,,
bbv,195,0,93,93,93,370,370,93,740,647,647,923,740,647,647,926,647,740,23681,23681,94769,94769,94769,94769,94768,3032586,94769,23681,740,93,93,93,93,93,2976,2976,2976,2976,2976,380928,2976,2976,2976,2976,2976,380928,,,,,,,,,,,,,,,,,,,,,,,,,,,,,,,,,,,,,,,,,,,,,,,,,,,,,,,,,,,,
csv,195,0,99663801,99663805,99663807,99785509,99904340,99523107,99904349,99904351,99904356,99904367,99904372,99904374,99904379,99904401,99904406,99904453,99999775,99999784,99999845,99999871,99999910,100000011,99999063,99999735,99999739,99999743,99904332,99593562,99593576,99523111,99523118,99593553,99591353,99591364,99591368,99593547,99593550,99593544,99661592,99661600,99661603,99663781,99663784,99663779,,,,,,,,,,,,,,,,,,,,,,,,,,,,,,,,,,,,,,,,,,,,,,,,,,,,,,,,,,,,
bb_id,195,0,236,238,239,240,253,254,255,256,257,258,259,260,261,262,263,264,265,266,267,268,269,270,274,275,276,277,278,313,314,315,316,317,318,319,320,321,323,324,325,326,327,328,330,331,,,,,,,,,,,,,,,,,,,,,,,,,,,,,,,,,,,,,,,,,,,,,,,,,,,,,,,,,,,,
bbv,196,0,92,92,92,371,371,93,741,649,649,929,741,648,648,924,648,741,23496,23496,94871,94871,94871,94871,94872,3035904,94872,23497,742,92,92,93,93,92,2970,2970,2970,2969,2969,380053,2944,2944,2944,2944,2944,376832,,,,,,,,,,,,,,,,,,,,,,,,,,,,,,,,,,,,,,,,,,,,,,,,,,,,,,,,,,,,
csv,196,0,99005482,99005486,99005488,99828604,99944588,99944589,99828613,99828615,99828620,99828642,99828647,99712610,99712615,99596484,99712620,99828694,99828726,99828735,99943731,99943757,99943796,99943897,99943899,99944571,99944575,99944579,99944580,98935243,98935257,99944593,99944600,98935234,99999629,99999640,99999644,99999622,99999625,100000001,99003273,99003281,99003284,99005462,99005465,99005460,,,,,,,,,,,,,,,,,,,,,,,,,,,,,,,,,,,,,,,,,,,,,,,,,,,,,,,,,,,,
bb_id,196,0,236,238,239,240,253,254,255,256,257,258,259,260,261,262,263,264,265,266,267,268,269,270,274,275,276,277,278,313,314,315,316,317,318,319,320,321,323,324,325,326,327,328,330,331,,,,,,,,,,,,,,,,,,,,,,,,,,,,,,,,,,,,,,,,,,,,,,,,,,,,,,,,,,,,
bbv,197,0,93,93,93,370,370,92,741,648,648,924,741,649,649,929,649,741,23707,23707,94829,94829,94829,94829,94829,3034497,94828,23706,740,93,93,92,92,93,2950,2950,2950,2951,2951,377707,2976,2976,2976,2976,2976,380928,,,,,,,,,,,,,,,,,,,,,,,,,,,,,,,,,,,,,,,,,,,,,,,,,,,,,,,,,,,,
csv,197,0,99426974,99426978,99426980,99784913,99901595,99286280,99901604,99901606,99901611,99901633,99901638,99901640,99901645,99901656,99901661,99901708,99988890,99988899,99999820,99999846,99999885,99999986,99999988,100000009,99999759,99988858,99901587,99356735,99356749,99286284,99286291,99356726,99354526,99354537,99354541,99356720,99356723,99356717,99424765,99424773,99424776,99426954,99426957,99426952,,,,,,,,,,,,,,,,,,,,,,,,,,,,,,,,,,,,,,,,,,,,,,,,,,,,,,,,,,,,
bb_id,197,0,236,238,239,240,253,254,255,256,257,258,259,260,261,262,263,264,265,266,267,268,269,270,274,275,276,277,278,313,314,315,316,317,318,319,320,321,323,324,325,326,327,328,330,331,,,,,,,,,,,,,,,,,,,,,,,,,,,,,,,,,,,,,,,,,,,,,,,,,,,,,,,,,,,,
bbv,198,0,1,1,1,1,1,1,1,1,16058,16058,16058,16058,2055346,16057,16057,1,1,1,1,1,1,1024,1,1,53,53,53,214,214,54,427,374,374,536,427,373,373,531,373,427,13523,13523,54675,54675,54675,54675,54675,1749631,54676,13524,428,1,53,53,54,54,54,1728,1728,1728,1728,1728,221184,1696,1696,1696,1696,1696,217088,,,,,,,,,,,,,,,,,,,,,,,,,,,,,,,,,,,
csv,198,0,57688674,57666036,57688663,57688668,57666029,57666030,57688723,57688736,99998939,99998963,99998998,99999001,100000001,99998928,99998931,57688658,57666062,57666065,57688599,57688605,57688607,57688593,57666021,57666022,56656418,56656422,56656424,57479540,57595524,57595525,57479549,57479551,57479556,57479578,57479583,57363546,57363551,57247420,57363556,57479630,57479662,57479671,57594667,57594693,57594732,57594833,57594835,57595507,57595511,57595515,57595516,57665974,56586179,56586193,57595529,57595536,57665971,57663771,57663782,57663786,57665965,57665968,57665962,56654209,56654217,56654220,56656398,56656401,56656396,,,,,,,,,,,,,,,,,,,,,,,,,,,,,,,,,,,
bb_id,198,0,54,59,62,64,107,108,109,110,112,113,114,115,116,117,119,121,174,175,176,177,178,179,186,188,236,238,239,240,253,254,255,256,257,258,259,260,261,262,263,264,265,266,267,268,269,270,274,275,276,277,278,312,313,314,315,316,317,318,319,320,321,323,324,325,326,327,328,330,331,,,,,,,,,,,,,,,,,,,,,,,,,,,,,,,,,,,
bbv,199,0,1,1,1,16710,16710,16710,16710,2138958,16711,16711,1,1,6,1,1,1,114,114,113,113,113,14464,14464,14464,14464,231424,14464,14464,14592,14592,14592,233472,14592,14592,114,114,114,453,113,113,14464,14464,14464,231424,14464,14464,339,113,793,679,679,904,793,680,680,908,680,793,14424,14424,50705,50705,50705,50705,50705,1622548,50704,14423,792,,,,,,,,,,,,,,,,,,,,,,,,,,,,,,,,,,,
csv,199,0,44032479,44032488,44032418,44029788,44029812,44029847,44029850,44032410,44032412,44032415,44032515,44032517,44032553,44032559,44032624,44032632,99894757,99894779,99864632,99864664,99894747,99894513,99894519,99894528,99894531,99894739,99894740,99894744,99923229,99923236,99923239,99923447,99923448,99923451,99923468,99923472,99923474,99984376,99841049,99841075,99864450,99864454,99864462,99864622,99864623,99864627,99782984,99864628,99984385,99984387,99984392,99783022,99984397,99984399,99984404,99984426,99984431,99984478,99999350,99999359,99999420,99999446,99999485,99999586,99999588,100000008,99999314,99999318,99984370,,,,,,,,,,,,,,,,,,,,,,,,,,,,,,,,,,,
bb_id,199,0,56,105,111,112,113,114,115,116,117,119,197,198,199,200,205,206,208,209,210,211,212,213,214,215,216,217,218,223,225,226,227,228,229,234,236,238,239,240,241,242,243,244,245,246,247,252,253,254,255,256,257,258,259,260,261,262,263,264,265,266,267,268,269,270,274,275,276,277,278,,,,,,,,,,,,,,,,,,,,,,,,,,,,,,,,,,,
bbv,200,0,202,202,202,202,202,25856,25856,25856,25856,413696,25856,25856,25856,25856,25856,413696,25856,25856,202,202,202,809,202,202,25856,25856,25856,413696,25856,25856,607,202,1416,1214,1214,1618,1416,1214,1214,1619,1214,1416,25699,25699,90649,90649,90649,90649,90648,2900748,90649,25699,1416,,,,,,,,,,,,,,,,,,,,,,,,,,,,,,,,,,,,,,,,,,,,,,,,,,,
csv,200,0,99754459,99754481,99724334,99724366,99754449,99754215,99754221,99754230,99754233,99754441,99754442,99754446,99782931,99782938,99782941,99783149,99783150,99783153,99783170,99783174,99783176,99962309,99700751,99700777,99724152,99724156,99724164,99724324,99724325,99724329,99903549,99724330,99962318,99962320,99962325,99962336,99962341,99962343,99962348,99962359,99962364,99962411,99998868,99998877,99999843,99999869,99999908,100000009,99999106,99999778,99999782,99998836,99962303,,,,,,,,,,,,,,,,,,,,,,,,,,,,,,,,,,,,,,,,,,,,,,,,,,,
bb_id,200,0,208,209,210,211,212,213,214,215,216,217,218,223,225,226,227,228,229,234,236,238,239,240,241,242,243,244,245,246,247,252,253,254,255,256,257,258,259,260,261,262,263,264,265,266,267,268,269,270,274,275,276,277,278,,,,,,,,,,,,,,,,,,,,,,,,,,,,,,,,,,,,,,,,,,,,,,,,,,,
bbv,201,0,202,202,202,202,202,25856,25856,25856,25856,413696,25856,25856,25856,25856,25856,413696,25856,25856,202,202,202,809,202,202,25856,25856,25856,413696,25856,25856,608,202,1417,1215,1215,1622,1417,1214,1214,1617,1214,1417,25663,25663,90650,90650,90650,90650,90651,2900809,90650,25663,1417,,,,,,,,,,,,,,,,,,,,,,,,,,,,,,,,,,,,,,,,,,,,,,,,,,,
csv,201,0,99614160,99614182,99584035,99584067,99614150,99613916,99613922,99613931,99613934,99614142,99614143,99614147,99642632,99642639,99642642,99642850,99642851,99642854,99642871,99642875,99642877,99938621,99560452,99560478,99583853,99583857,99583865,99584025,99584026,99584030,99996742,99584031,99996751,99996753,99996758,99996780,99996785,99938666,99938671,99880462,99938676,99996832,99996864,99996873,99999649,99999675,99999714,99999815,99999817,100000006,99999588,99996733,99996734,,,,,,,,,,,,,,,,,,,,,,,,,,,,,,,,,,,,,,,,,,,,,,,,,,,
bb_id,201,0,208,209,210,211,212,213,214,215,216,217,218,223,225,226,227,228,229,234,236,238,239,240,241,242,243,244,245,246,247,252,253,254,255,256,257,258,259,260,261,262,263,264,265,266,267,268,269,270,274,275,276,277,278,,,,,,,,,,,,,,,,,,,,,,,,,,,,,,,,,,,,,,,,,,,,,,,,,,,
bbv,202,0,203,203,203,203,203,25984,25984,25984,25984,415744,25984,25984,25984,25984,25984,415744,25984,25984,203,203,203,809,203,203,25984,25984,25984,415744,25984,25984,606,203,1415,1212,1212,1616,1415,1213,1213,1618,1213,1415,25658,25658,90560,90560,90559,90559,90559,2897911,90560,25658,1415,,,,,,,,,,,,,,,,,,,,,,,,,,,,,,,,,,,,,,,,,,,,,,,,,,,
csv,202,0,99968219,99968241,99938094,99938126,99968209,99967975,99967981,99967990,99967993,99968201,99968202,99968206,99996691,99996698,99996701,99996909,99996910,99996913,99996930,99996934,99996936,99914508,99914511,99914537,99937912,99937916,99937924,99938084,99938085,99938089,99856446,99938090,99996945,99856457,99856462,99856484,99996950,99996952,99996957,99996979,99996984,99997031,99999913,99999922,99999983,100000009,99999098,99999199,99999201,99999873,99999877,99999881,99914502,,,,,,,,,,,,,,,,,,,,,,,,,,,,,,,,,,,,,,,,,,,,,,,,,,,
bb_id,202,0,208,209,210,211,212,213,214,215,216,217,218,223,225,226,227,228,229,234,236,238,239,240,241,242,243,244,245,246,247,252,253,254,255,256,257,258,259,260,261,262,263,264,265,266,267,268,269,270,274,275,276,277,278,,,,,,,,,,,,,,,,,,,,,,,,,,,,,,,,,,,,,,,,,,,,,,,,,,,
bbv,203,0,202,202,202,202,202,25856,25856,25856,25856,413696,25856,25856,25856,25856,25856,413696,25856,25856,202,202,202,809,202,202,25856,25856,25856,413696,25856,25856,607,202,1416,1214,1214,1617,1416,1214,1214,1620,1214,1416,25753,25753,90645,90645,90646,90646,90646,2900670,90645,25753,1416,,,,,,,,,,,,,,,,,,,,,,,,,,,,,,,,,,,,,,,,,,,,,,,,,,,
csv,203,0,99827920,99827942,99797795,99797827,99827910,99827676,99827682,99827691,99827694,99827902,99827903,99827907,99856392,99856399,99856402,99856610,99856611,99856614,99856631,99856635,99856637,99917539,99774212,99774238,99797613,99797617,99797625,99797785,99797786,99797790,99977010,99797791,99977019,99977021,99977026,99977037,99977042,99977044,99977049,99977071,99977076,99977123,99999145,99999154,99999215,99999241,99999280,99999381,99999383,100000013,99999109,99999113,99977002,,,,,,,,,,,,,,,,,,,,,,,,,,,,,,,,,,,,,,,,,,,,,,,,,,,
bb_id,203,0,208,209,210,211,212,213,214,215,216,217,218,223,225,226,227,228,229,234,236,238,239,240,241,242,243,244,245,246,247,252,253,254,255,256,257,258,259,260,261,262,263,264,265,266,267,268,269,270,274,275,276,277,278,,,,,,,,,,,,,,,,,,,,,,,,,,,,,,,,,,,,,,,,,,,,,,,,,,,
bbv,204,0,202,202,202,202,202,25856,25856,25856,25856,413696,25856,25856,25856,25856,25856,413696,25856,25856,202,202,202,809,202,202,25856,25856,25856,413696,25856,25856,607,202,1416,1214,1214,1619,1416,1214,1214,1618,1214,1416,25675,25675,90650,90650,90650,90650,90650,2900788,90650,25675,1416,,,,,,,,,,,,,,,,,,,,,,,,,,,,,,,,,,,,,,,,,,,,,,,,,,,
csv,204,0,99687617,99687639,99657492,99657524,99687607,99687373,99687379,99687388,99687391,99687599,99687600,99687604,99716089,99716096,99716099,99716307,99716308,99716311,99716328,99716332,99716334,99895467,99633909,99633935,99657310,99657314,99657322,99657482,99657483,99657487,99953858,99657488,99953867,99953869,99953874,99953896,99953901,99953903,99953908,99953919,99953924,99953971,99997578,99997587,99999458,99999484,99999523,99999624,99999626,100000004,99999397,99997546,99953850,,,,,,,,,,,,,,,,,,,,,,,,,,,,,,,,,,,,,,,,,,,,,,,,,,,
bb_id,204,0,208,209,210,211,212,213,214,215,216,217,218,223,225,226,227,228,229,234,236,238,239,240,241,242,243,244,245,246,247,252,253,254,255,256,257,258,259,260,261,262,263,264,265,266,267,268,269,270,274,275,276,277,278,,,,,,,,,,,,,,,,,,,,,,,,,,,,,,,,,,,,,,,,,,,,,,,,,,,
bbv,205,0,202,202,202,202,202,25856,25856,25856,25856,413696,25856,25856,25856,25856,25856,413696,25856,25856,202,202,202,810,203,203,25922,25922,25922,414739,25921,25921,607,202,1416,1214,1214,1620,1416,1213,1213,1616,1213,1416,25657,25657,90637,90637,90637,90637,90637,2900398,90638,25658,1417,,,,,,,,,,,,,,,,,,,,,,,,,,,,,,,,,,,,,,,,,,,,,,,,,,,
csv,205,0,99547323,99547345,99517198,99517230,99547313,99547079,99547085,99547094,99547097,99547305,99547306,99547310,99575795,99575802,99575805,99576013,99576014,99576017,99576034,99576038,99576040,99987967,99987970,99987996,99999963,99999967,99999975,100000005,99999952,99999956,99929905,99517194,99929914,99929916,99929921,99929943,99929948,99871829,99871834,99813625,99871839,99929995,99930027,99930036,99987112,99987138,99987177,99987278,99987280,99987952,99987956,99987960,99987961,,,,,,,,,,,,,,,,,,,,,,,,,,,,,,,,,,,,,,,,,,,,,,,,,,,
bb_id,205,0,208,209,210,211,212,213,214,215,216,217,218,223,225,226,227,228,229,234,236,238,239,240,241,242,243,244,245,246,247,252,253,254,255,256,257,258,259,260,261,262,263,264,265,266,267,268,269,270,274,275,276,277,278,,,,,,,,,,,,,,,,,,,,,,,,,,,,,,,,,,,,,,,,,,,,,,,,,,,
bbv,206,0,203,203,203,203,203,25984,25984,25984,25984,415744,25984,25984,25984,25984,25984,415744,25984,25984,203,203,203,809,202,202,25918,25918,25918,414701,25919,25919,606,203,1416,1213,1213,1616,1416,1214,1214,1620,1214,1416,25723,25723,90570,90570,90570,90570,90570,2898223,90569,25722,1415,,,,,,,,,,,,,,,,,,,,,,,,,,,,,,,,,,,,,,,,,,,,,,,,,,,
csv,206,0,99901383,99901405,99871258,99871290,99901373,99901139,99901145,99901154,99901157,99901365,99901366,99901370,99929855,99929862,99929865,99930073,99930074,99930077,99930094,99930098,99930100,99991002,99847675,99847701,99871076,99871080,99871088,99871248,99871249,99871253,99789610,99871254,99991011,99991013,99991018,99789648,99991023,99991025,99991030,99991052,99991057,99991104,99998556,99998565,99999531,99999557,99999596,99999697,99999699,100000014,99999470,99998524,99990996,,,,,,,,,,,,,,,,,,,,,,,,,,,,,,,,,,,,,,,,,,,,,,,,,,,
bb_id,206,0,208,209,210,211,212,213,214,215,216,217,218,223,225,226,227,228,229,234,236,238,239,240,241,242,243,244,245,246,247,252,253,254,255,256,257,258,259,260,261,262,263,264,265,266,267,268,269,270,274,275,276,277,278,,,,,,,,,,,,,,,,,,,,,,,,,,,,,,,,,,,,,,,,,,,,,,,,,,,
bbv,207,0,202,202,202,202,202,25856,25856,25856,25856,413696,25856,25856,25856,25856,25856,413696,25856,25856,202,202,202,809,202,202,25856,25856,25856,413696,25856,25856,607,202,1416,1214,1214,1618,1416,1214,1214,1619,1214,1416,25702,25702,90648,90648,90648,90648,90648,2900753,90648,25702,1416,,,,,,,,,,,,,,,,,,,,,,,,,,,,,,,,,,,,,,,,,,,,,,,,,,,
csv,207,0,99761079,99761101,99730954,99730986,99761069,99760835,99760841,99760850,99760853,99761061,99761062,99761066,99789551,99789558,99789561,99789769,99789770,99789773,99789790,99789794,99789796,99968929,99707371,99707397,99730772,99730776,99730784,99730944,99730945,99730949,99910169,99730950,99968938,99968940,99968945,99968956,99968961,99968963,99968968,99968979,99968984,99969031,99998203,99998212,99999178,99999204,99999243,99999344,99999346,100000018,99999117,99998171,99968923,,,,,,,,,,,,,,,,,,,,,,,,,,,,,,,,,,,,,,,,,,,,,,,,,,,
bb_id,207,0,208,209,210,211,212,213,214,215,216,217,218,223,225,226,227,228,229,234,236,238,239,240,241,242,243,244,245,246,247,252,253,254,255,256,257,258,259,260,261,262,263,264,265,266,267,268,269,270,274,275,276,277,278,,,,,,,,,,,,,,,,,,,,,,,,,,,,,,,,,,,,,,,,,,,,,,,,,,,
bbv,208,0,202,202,202,202,202,25856,25856,25856,25856,413696,25856,25856,25856,25856,25856,413696,25856,25856,202,202,202,809,202,202,25856,25856,25856,413696,25856,25856,607,202,1416,1214,1214,1620,1416,1214,1214,1617,1214,1416,25663,25663,90651,90651,90651,90651,90651,2900803,90651,25663,1416,,,,,,,,,,,,,,,,,,,,,,,,,,,,,,,,,,,,,,,,,,,,,,,,,,,
csv,208,0,99620771,99620793,99590646,99590678,99620761,99620527,99620533,99620542,99620545,99620753,99620754,99620758,99649243,99649250,99649253,99649461,99649462,99649465,99649482,99649486,99649488,99945232,99567063,99567089,99590464,99590468,99590476,99590636,99590637,99590641,99887012,99590642,99945241,99945243,99945248,99945270,99945275,99945277,99945282,99887073,99945287,99945334,99974371,99974380,99999781,99999807,99999846,99999947,99999949,100000012,99999720,99974339,99945226,,,,,,,,,,,,,,,,,,,,,,,,,,,,,,,,,,,,,,,,,,,,,,,,,,,
bb_id,208,0,208,209,210,211,212,213,214,215,216,217,218,223,225,226,227,228,229,234,236,238,239,240,241,242,243,244,245,246,247,252,253,254,255,256,257,258,259,260,261,262,263,264,265,266,267,268,269,270,274,275,276,277,278,,,,,,,,,,,,,,,,,,,,,,,,,,,,,,,,,,,,,,,,,,,,,,,,,,,
bbv,209,0,1,1,7,1,1,1,1,114,114,115,115,115,14720,14720,14720,14720,235520,14720,14720,14592,14592,14592,233472,14592,14592,156,156,156,622,115,115,14720,14720,14720,235520,14720,14720,507,156,1129,973,973,1324,1129,973,973,1326,973,1129,25076,25076,93278,93278,93278,93278,93277,2984893,93278,25076,1129,1,1,42,42,41,41,41,10496,10496,10496,10496,167936,10496,10496,10752,10752,10752,172032,10752,10752,,,,,,,,,,,,,,,,,,,,,,,,
csv,209,0,56471652,56471654,56471696,56471702,56471624,56471625,56471577,55977229,55977251,56441459,56441491,56471574,56471340,56471346,56471355,56471358,56471566,56471567,56471571,56005701,56005708,56005711,56005919,56005920,56005923,99853827,99853831,99853833,99975535,56417876,56417902,56441277,56441281,56441289,56441449,56441450,56441454,99736234,99736235,99975544,99975546,99975551,99620288,99975556,99975558,99975563,99975585,99975590,99975637,99999784,99999793,99999854,99999880,99999919,100000020,99999072,99999744,99999748,99999752,99975529,56471767,56471775,99796444,99796466,99736239,99736271,99796434,99796200,99796206,99796215,99796218,99796426,99796427,99796431,99853588,99853595,99853598,99853806,99853807,99853810,,,,,,,,,,,,,,,,,,,,,,,,
bb_id,209,0,189,190,191,192,202,204,207,208,209,210,211,212,213,214,215,216,217,218,223,225,226,227,228,229,234,236,238,239,240,241,242,243,244,245,246,247,252,253,254,255,256,257,258,259,260,261,262,263,264,265,266,267,268,269,270,274,275,276,277,278,279,280,282,283,284,285,286,287,288,289,290,291,292,297,299,300,301,302,303,308,,,,,,,,,,,,,,,,,,,,,,,,
bbv,210,0,94,94,94,378,379,94,757,663,663,948,757,663,663,946,663,757,24082,24082,96990,96990,96990,96990,96991,3103699,96990,24082,757,94,94,94,94,94,24064,24064,24064,24064,385024,24064,24064,24064,24064,24064,385024,24064,24064,,,,,,,,,,,,,,,,,,,,,,,,,,,,,,,,,,,,,,,,,,,,,,,,,,,,,,,,,,,
csv,210,0,99183513,99183517,99183519,99774454,99890596,99065921,99890605,99890607,99890612,99890634,99890639,99890641,99890646,99774515,99890651,99890698,99948695,99948704,99999445,99999471,99999510,99999611,99999613,100000012,99999384,99948663,99890588,99126130,99126152,99065925,99065957,99126120,99125886,99125892,99125901,99125904,99126112,99126113,99126117,99183274,99183281,99183284,99183492,99183493,99183496,,,,,,,,,,,,,,,,,,,,,,,,,,,,,,,,,,,,,,,,,,,,,,,,,,,,,,,,,,,
bb_id,210,0,236,238,239,240,253,254,255,256,257,258,259,260,261,262,263,264,265,266,267,268,269,270,274,275,276,277,278,282,283,284,285,286,287,288,289,290,291,292,297,299,300,301,302,303,308,,,,,,,,,,,,,,,,,,,,,,,,,,,,,,,,,,,,,,,,,,,,,,,,,,,,,,,,,,,
bbv,211,0,95,95,95,379,378,95,757,662,662,944,757,662,662,948,662,757,24205,24205,96855,96855,96855,96854,96854,3099341,96855,24205,757,95,95,95,95,95,24320,24320,24320,24320,389120,24320,24320,24320,24320,24320,389120,24320,24320,,,,,,,,,,,,,,,,,,,,,,,,,,,,,,,,,,,,,,,,,,,,,,,,,,,,,,,,,,,
csv,211,0,99569906,99569910,99569912,99927845,99810445,99452314,99927854,99927856,99927861,99927872,99927877,99927879,99927884,99927906,99927911,99927958,99993555,99993564,99999960,99999986,100000025,99999221,99999223,99999895,99999899,99993523,99927839,99512523,99512545,99452318,99452350,99512513,99512279,99512285,99512294,99512297,99512505,99512506,99512510,99569667,99569674,99569677,99569885,99569886,99569889,,,,,,,,,,,,,,,,,,,,,,,,,,,,,,,,,,,,,,,,,,,,,,,,,,,,,,,,,,,
bb_id,211,0,236,238,239,240,253,254,255,256,257,258,259,260,261,262,263,264,265,266,267,268,269,270,274,275,276,277,278,282,283,284,285,286,287,288,289,290,291,292,297,299,300,301,302,303,308,,,,,,,,,,,,,,,,,,,,,,,,,,,,,,,,,,,,,,,,,,,,,,,,,,,,,,,,,,,
bbv,212,0,95,95,95,378,379,95,757,662,662,948,757,662,662,944,662,757,24037,24037,96862,96862,96862,96863,96863,3099613,96862,24037,757,95,95,95,95,95,24320,24320,24320,24320,389120,24320,24320,24320,24320,24320,389120,24320,24320,,,,,,,,,,,,,,,,,,,,,,,,,,,,,,,,,,,,,,,,,,,,,,,,,,,,,,,,,,,
csv,212,0,99956286,99956290,99956292,99722709,99838693,99838694,99956301,99722720,99722725,99722747,99956306,99956308,99956313,99956335,99956340,99956387,99999169,99999178,99999239,99999265,99999304,99999405,99999407,100000016,99999133,99999137,99838685,99898903,99898925,99838698,99838730,99898893,99898659,99898665,99898674,99898677,99898885,99898886,99898890,99956047,99956054,99956057,99956265,99956266,99956269,,,,,,,,,,,,,,,,,,,,,,,,,,,,,,,,,,,,,,,,,,,,,,,,,,,,,,,,,,,
bb_id,212,0,236,238,239,240,253,254,255,256,257,258,259,260,261,262,263,264,265,266,267,268,269,270,274,275,276,277,278,282,283,284,285,286,287,288,289,290,291,292,297,299,300,301,302,303,308,,,,,,,,,,,,,,,,,,,,,,,,,,,,,,,,,,,,,,,,,,,,,,,,,,,,,,,,,,,
bbv,213,0,94,94,94,379,379,94,758,664,664,948,758,664,664,948,664,758,24177,24177,96986,96986,96986,96986,96986,3103535,96986,24177,758,94,94,94,94,94,24064,24064,24064,24064,385024,24064,24064,24064,24064,24064,385024,24064,24064,,,,,,,,,,,,,,,,,,,,,,,,,,,,,,,,,,,,,,,,,,,,,,,,,,,,,,,,,,,
csv,213,0,99285976,99285980,99285982,99876917,99993059,99168384,99993068,99993070,99993075,99993097,99993102,99993104,99993109,99876978,99993114,99993161,99993193,99993202,99999598,99999624,99999663,99999764,99999766,100000018,99999537,99993050,99993051,99228593,99228615,99168388,99168420,99228583,99228349,99228355,99228364,99228367,99228575,99228576,99228580,99285737,99285744,99285747,99285955,99285956,99285959,,,,,,,,,,,,,,,,,,,,,,,,,,,,,,,,,,,,,,,,,,,,,,,,,,,,,,,,,,,
bb_id,213,0,236,238,239,240,253,254,255,256,257,258,259,260,261,262,263,264,265,266,267,268,269,270,274,275,276,277,278,282,283,284,285,286,287,288,289,290,291,292,297,299,300,301,302,303,308,,,,,,,,,,,,,,,,,,,,,,,,,,,,,,,,,,,,,,,,,,,,,,,,,,,,,,,,,,,
bbv,214,0,95,95,95,378,378,95,756,661,661,943,756,661,661,946,661,756,24188,24188,96855,96855,96855,96855,96855,3099378,96855,24188,756,95,95,95,95,95,24320,24320,24320,24320,389120,24320,24320,24320,24320,24320,389120,24320,24320,,,,,,,,,,,,,,,,,,,,,,,,,,,,,,,,,,,,,,,,,,,,,,,,,,,,,,,,,,,
csv,214,0,99672363,99672367,99672369,99794071,99912902,99554771,99912911,99912913,99912918,99912929,99912934,99912936,99912941,99912963,99912968,99913015,99997342,99997351,99999222,99999248,99999287,99999388,99999390,100000020,99999161,99997310,99912894,99614980,99615002,99554775,99554807,99614970,99614736,99614742,99614751,99614754,99614962,99614963,99614967,99672124,99672131,99672134,99672342,99672343,99672346,,,,,,,,,,,,,,,,,,,,,,,,,,,,,,,,,,,,,,,,,,,,,,,,,,,,,,,,,,,
bb_id,214,0,236,238,239,240,253,254,255,256,257,258,259,260,261,262,263,264,265,266,267,268,269,270,274,275,276,277,278,282,283,284,285,286,287,288,289,290,291,292,297,299,300,301,302,303,308,,,,,,,,,,,,,,,,,,,,,,,,,,,,,,,,,,,,,,,,,,,,,,,,,,,,,,,,,,,
bbv,215,0,94,94,94,379,379,95,757,663,663,949,757,662,662,944,662,757,24009,24009,96929,96929,96929,96929,96929,3101730,96930,24010,758,94,94,95,95,94,24315,24315,24315,24315,389027,24314,24314,24064,24064,24064,385024,24064,24064,,,,,,,,,,,,,,,,,,,,,,,,,,,,,,,,,,,,,,,,,,,,,,,,,,,,,,,,,,,
csv,215,0,99002049,99002053,99002055,99825171,99941155,99941156,99825180,99825182,99825187,99825209,99825214,99709177,99709182,99593051,99709187,99825261,99825293,99825302,99940298,99940324,99940363,99940464,99940466,99941138,99941142,99941146,99941147,98944666,98944688,99941160,99941192,98944656,99999946,99999952,99999961,99999964,100000003,99999938,99999942,99001810,99001817,99001820,99002028,99002029,99002032,,,,,,,,,,,,,,,,,,,,,,,,,,,,,,,,,,,,,,,,,,,,,,,,,,,,,,,,,,,
bb_id,215,0,236,238,239,240,253,254,255,256,257,258,259,260,261,262,263,264,265,266,267,268,269,270,274,275,276,277,278,282,283,284,285,286,287,288,289,290,291,292,297,299,300,301,302,303,308,,,,,,,,,,,,,,,,,,,,,,,,,,,,,,,,,,,,,,,,,,,,,,,,,,,,,,,,,,,
bbv,216,0,95,95,95,379,378,94,758,663,663,946,758,664,664,950,664,758,24219,24219,96919,96919,96919,96919,96919,3101392,96918,24218,757,95,95,94,94,95,24069,24069,24069,24069,385117,24070,24070,24320,24320,24320,389120,24320,24320,,,,,,,,,,,,,,,,,,,,,,,,,,,,,,,,,,,,,,,,,,,,,,,,,,,,,,,,,,,
csv,216,0,99388451,99388455,99388457,99979392,99863072,99270859,99979401,99979403,99979408,99979430,99979435,99979437,99979442,99979453,99979458,99979505,99979537,99979546,99999517,99999543,99999582,99999683,99999685,100000021,99999456,99979385,99979386,99331068,99331090,99270863,99270895,99331058,99330824,99330830,99330839,99330842,99331050,99331051,99331055,99388212,99388219,99388222,99388430,99388431,99388434,,,,,,,,,,,,,,,,,,,,,,,,,,,,,,,,,,,,,,,,,,,,,,,,,,,,,,,,,,,
bb_id,216,0,236,238,239,240,253,254,255,256,257,258,259,260,261,262,263,264,265,266,267,268,269,270,274,275,276,277,278,282,283,284,285,286,287,288,289,290,291,292,297,299,300,301,302,303,308,,,,,,,,,,,,,,,,,,,,,,,,,,,,,,,,,,,,,,,,,,,,,,,,,,,,,,,,,,,
bbv,217,0,95,95,95,378,378,95,756,661,661,944,756,661,661,944,661,756,24160,24160,96857,96857,96857,96857,96857,3099416,96857,24160,756,95,95,95,95,95,24320,24320,24320,24320,389120,24320,24320,24320,24320,24320,389120,24320,24320,,,,,,,,,,,,,,,,,,,,,,,,,,,,,,,,,,,,,,,,,,,,,,,,,,,,,,,,,,,
csv,217,0,99774835,99774839,99774841,99896543,99657242,99657243,99896552,99896554,99896559,99541296,99896564,99896566,99896571,99896593,99896598,99896645,99998702,99998711,99999677,99999703,99999742,99999843,99999845,100000013,99999616,99998670,99896537,99717452,99717474,99657247,99657279,99717442,99717208,99717214,99717223,99717226,99717434,99717435,99717439,99774596,99774603,99774606,99774814,99774815,99774818,,,,,,,,,,,,,,,,,,,,,,,,,,,,,,,,,,,,,,,,,,,,,,,,,,,,,,,,,,,
bb_id,217,0,236,238,239,240,253,254,255,256,257,258,259,260,261,262,263,264,265,266,267,268,269,270,274,275,276,277,278,282,283,284,285,286,287,288,289,290,291,292,297,299,300,301,302,303,308,,,,,,,,,,,,,,,,,,,,,,,,,,,,,,,,,,,,,,,,,,,,,,,,,,,,,,,,,,,
bbv,218,0,94,94,94,379,379,94,758,664,664,950,758,663,663,946,663,758,24041,24041,96992,96992,96992,96992,96992,3103760,96992,24041,758,94,94,94,94,94,24064,24064,24064,24064,385024,24064,24064,24064,24064,24064,385024,24064,24064,,,,,,,,,,,,,,,,,,,,,,,,,,,,,,,,,,,,,,,,,,,,,,,,,,,,,,,,,,,
csv,218,0,99104528,99104532,99104534,99927650,99811611,98986936,99927659,99927661,99927666,99927688,99927693,99811656,99811661,99695530,99811666,99927740,99927772,99927781,99999337,99999363,99999402,99999503,99999505,100000009,99999276,99927643,99927644,99047145,99047167,98986940,98986972,99047135,99046901,99046907,99046916,99046919,99047127,99047128,99047132,99104289,99104296,99104299,99104507,99104508,99104511,,,,,,,,,,,,,,,,,,,,,,,,,,,,,,,,,,,,,,,,,,,,,,,,,,,,,,,,,,,
bb_id,218,0,236,238,239,240,253,254,255,256,257,258,259,260,261,262,263,264,265,266,267,268,269,270,274,275,276,277,278,282,283,284,285,286,287,288,289,290,291,292,297,299,300,301,302,303,308,,,,,,,,,,,,,,,,,,,,,,,,,,,,,,,,,,,,,,,,,,,,,,,,,,,,,,,,,,,
bbv,219,0,95,95,95,378,379,95,757,662,662,944,757,663,663,949,663,757,24213,24213,96854,96854,96854,96854,96854,3099328,96854,24213,757,95,95,95,95,95,24320,24320,24320,24320,389120,24320,24320,24320,24320,24320,389120,24320,24320,,,,,,,,,,,,,,,,,,,,,,,,,,,,,,,,,,,,,,,,,,,,,,,,,,,,,,,,,,,
csv,219,0,99490924,99490928,99490930,99848863,99965545,99373332,99965554,99965556,99965561,99965583,99965588,99965590,99965595,99965606,99965611,99965658,99994740,99994749,99999335,99999361,99999400,99999501,99999503,100000007,99999274,99994708,99965537,99433541,99433563,99373336,99373368,99433531,99433297,99433303,99433312,99433315,99433523,99433524,99433528,99490685,99490692,99490695,99490903,99490904,99490907,,,,,,,,,,,,,,,,,,,,,,,,,,,,,,,,,,,,,,,,,,,,,,,,,,,,,,,,,,,
bb_id,219,0,236,238,239,240,253,254,255,256,257,258,259,260,261,262,263,264,265,266,267,268,269,270,274,275,276,277,278,282,283,284,285,286,287,288,289,290,291,292,297,299,300,301,302,303,308,,,,,,,,,,,,,,,,,,,,,,,,,,,,,,,,,,,,,,,,,,,,,,,,,,,,,,,,,,,
bbv,220,0,1,1,7,1,1,1,93,93,93,374,373,93,747,654,654,936,747,653,653,931,653,747,23727,23727,95696,95696,95696,95696,95695,3062248,95696,23727,747,1,36,36,37,37,37,9472,9472,9472,9472,151552,9472,9472,9216,9216,9216,147456,9216,9216,1,1,57,57,56,56,56,1792,1792,1792,1792,1792,229376,1824,1824,1824,1824,1824,233472,,,,,,,,,,,,,,,,,,,,,,,,,,,,,,,,,
csv,220,0,38531467,38531469,38531511,38531517,38531437,38531438,99070690,99070694,99070696,99893812,99777773,98929996,99893821,99893823,99893828,99893850,99893855,99777818,99777823,99661692,99777828,99893902,99893934,99893943,99999889,99999915,99999954,100000055,99999152,99999824,99999828,99893805,99893806,38531390,37474698,37474720,38471192,38471224,38531387,38531153,38531159,38531168,38531171,38531379,38531380,38531384,37531842,37531849,37531852,37532060,37532061,37532064,38531582,38531586,99000451,99000465,98930000,98930007,99000442,98998242,98998253,98998257,99000436,99000439,99000433,99068481,99068489,99068492,99070670,99070673,99070668,,,,,,,,,,,,,,,,,,,,,,,,,,,,,,,,,
bb_id,220,0,181,182,183,184,194,196,236,238,239,240,253,254,255,256,257,258,259,260,261,262,263,264,265,266,267,268,269,270,274,275,276,277,278,281,282,283,284,285,286,287,288,289,290,291,292,297,299,300,301,302,303,308,310,311,313,314,315,316,317,318,319,320,321,323,324,325,326,327,328,330,331,,,,,,,,,,,,,,,,,,,,,,,,,,,,,,,,,
bbv,221,0,93,93,93,370,371,93,741,648,648,924,741,649,649,929,649,741,23703,23703,94767,94767,94767,94767,94768,3032554,94767,23703,741,93,93,93,93,93,2976,2976,2976,2976,2976,380928,2976,2976,2976,2976,2976,380928,,,,,,,,,,,,,,,,,,,,,,,,,,,,,,,,,,,,,,,,,,,,,,,,,,,,,,,,,,,,
csv,221,0,99492128,99492132,99492134,99850067,99966749,99351434,99966758,99966760,99966765,99966787,99966792,99966794,99966799,99966810,99966815,99966862,99995944,99995953,99999634,99999660,99999699,99999800,99999802,100000012,99999573,99995912,99966741,99421889,99421903,99351438,99351445,99421880,99419680,99419691,99419695,99421874,99421877,99421871,99489919,99489927,99489930,99492108,99492111,99492106,,,,,,,,,,,,,,,,,,,,,,,,,,,,,,,,,,,,,,,,,,,,,,,,,,,,,,,,,,,,
bb_id,221,0,236,238,239,240,253,254,255,256,257,258,259,260,261,262,263,264,265,266,267,268,269,270,274,275,276,277,278,313,314,315,316,317,318,319,320,321,323,324,325,326,327,328,330,331,,,,,,,,,,,,,,,,,,,,,,,,,,,,,,,,,,,,,,,,,,,,,,,,,,,,,,,,,,,,
bbv,222,0,93,93,93,370,370,93,740,647,647,926,740,647,647,923,647,740,23563,23563,94774,94774,94774,94774,94774,3032783,94774,23563,740,93,93,93,93,93,2976,2976,2976,2976,2976,380928,2976,2976,2976,2976,2976,380928,,,,,,,,,,,,,,,,,,,,,,,,,,,,,,,,,,,,,,,,,,,,,,,,,,,,,,,,,,,,
csv,222,0,99913609,99913613,99913615,99656930,99772914,99772915,99913624,99656941,99656946,99656968,99913629,99913631,99913636,99913658,99913663,99913710,99999242,99999251,99999312,99999338,99999377,99999478,99999480,100000005,99999206,99999210,99772906,99843370,99843384,99772919,99772926,99843361,99841161,99841172,99841176,99843355,99843358,99843352,99911400,99911408,99911411,99913589,99913592,99913587,,,,,,,,,,,,,,,,,,,,,,,,,,,,,,,,,,,,,,,,,,,,,,,,,,,,,,,,,,,,
bb_id,222,0,236,238,239,240,253,254,255,256,257,258,259,260,261,262,263,264,265,266,267,268,269,270,274,275,276,277,278,313,314,315,316,317,318,319,320,321,323,324,325,326,327,328,330,331,,,,,,,,,,,,,,,,,,,,,,,,,,,,,,,,,,,,,,,,,,,,,,,,,,,,,,,,,,,,
bbv,223,0,92,92,92,371,371,92,742,650,650,928,742,650,650,928,650,742,23622,23622,94927,94927,94927,94927,94927,3037646,94927,23622,742,92,92,92,92,92,2944,2944,2944,2944,2944,376832,2944,2944,2944,2944,2944,376832,,,,,,,,,,,,,,,,,,,,,,,,,,,,,,,,,,,,,,,,,,,,,,,,,,,,,,,,,,,,
csv,223,0,99255296,99255300,99255302,99846237,99962379,99114602,99962388,99962390,99962395,99962417,99962422,99962424,99962429,99846298,99962434,99962481,99962513,99962522,99999688,99999714,99999753,99999854,99999856,100000003,99999627,99962370,99962371,99185057,99185071,99114606,99114613,99185048,99182848,99182859,99182863,99185042,99185045,99185039,99253087,99253095,99253098,99255276,99255279,99255274,,,,,,,,,,,,,,,,,,,,,,,,,,,,,,,,,,,,,,,,,,,,,,,,,,,,,,,,,,,,
bb_id,223,0,236,238,239,240,253,254,255,256,257,258,259,260,261,262,263,264,265,266,267,268,269,270,274,275,276,277,278,313,314,315,316,317,318,319,320,321,323,324,325,326,327,328,330,331,,,,,,,,,,,,,,,,,,,,,,,,,,,,,,,,,,,,,,,,,,,,,,,,,,,,,,,,,,,,
bbv,224,0,93,93,93,370,370,93,740,647,647,923,740,647,647,926,647,740,23677,23677,94769,94769,94768,94768,94768,3032601,94769,23677,740,93,93,93,93,93,2976,2976,2976,2976,2976,380928,2976,2976,2976,2976,2976,380928,,,,,,,,,,,,,,,,,,,,,,,,,,,,,,,,,,,,,,,,,,,,,,,,,,,,,,,,,,,,
csv,224,0,99676786,99676790,99676792,99798494,99917325,99536092,99917334,99917336,99917341,99917352,99917357,99917359,99917364,99917386,99917391,99917438,99998100,99998109,99999980,100000006,99999140,99999241,99999243,99999915,99999919,99998068,99917317,99606547,99606561,99536096,99536103,99606538,99604338,99604349,99604353,99606532,99606535,99606529,99674577,99674585,99674588,99676766,99676769,99676764,,,,,,,,,,,,,,,,,,,,,,,,,,,,,,,,,,,,,,,,,,,,,,,,,,,,,,,,,,,,
bb_id,224,0,236,238,239,240,253,254,255,256,257,258,259,260,261,262,263,264,265,266,267,268,269,270,274,275,276,277,278,313,314,315,316,317,318,319,320,321,323,324,325,326,327,328,330,331,,,,,,,,,,,,,,,,,,,,,,,,,,,,,,,,,,,,,,,,,,,,,,,,,,,,,,,,,,,,
bbv,225,0,92,92,92,371,371,93,741,649,649,929,741,648,648,924,648,741,23500,23500,94885,94885,94886,94886,94886,3036352,94886,23501,742,92,92,93,93,92,2964,2964,2964,2963,2963,379298,2944,2944,2944,2944,2944,376832,,,,,,,,,,,,,,,,,,,,,,,,,,,,,,,,,,,,,,,,,,,,,,,,,,,,,,,,,,,,
csv,225,0,99018472,99018476,99018478,99841594,99957578,99957579,99841603,99841605,99841610,99841632,99841637,99725600,99725605,99609474,99725610,99841684,99841716,99841725,99956721,99956747,99956786,99956887,99956889,99957561,99957565,99957569,99957570,98948233,98948247,99957583,99957590,98948224,99999413,99999424,99999428,99999406,99999409,100000006,99016263,99016271,99016274,99018452,99018455,99018450,,,,,,,,,,,,,,,,,,,,,,,,,,,,,,,,,,,,,,,,,,,,,,,,,,,,,,,,,,,,
bb_id,225,0,236,238,239,240,253,254,255,256,257,258,259,260,261,262,263,264,265,266,267,268,269,270,274,275,276,277,278,313,314,315,316,317,318,319,320,321,323,324,325,326,327,328,330,331,,,,,,,,,,,,,,,,,,,,,,,,,,,,,,,,,,,,,,,,,,,,,,,,,,,,,,,,,,,,
bbv,226,0,93,93,93,370,370,92,741,648,648,924,741,649,649,929,649,741,23706,23706,94814,94814,94814,94814,94814,3034047,94813,23705,740,93,93,92,92,93,2956,2956,2956,2957,2957,378462,2976,2976,2976,2976,2976,380928,,,,,,,,,,,,,,,,,,,,,,,,,,,,,,,,,,,,,,,,,,,,,,,,,,,,,,,,,,,,
csv,226,0,99439959,99439963,99439965,99797898,99914580,99299265,99914589,99914591,99914596,99914618,99914623,99914625,99914630,99914641,99914646,99914693,99987350,99987359,99999185,99999211,99999250,99999351,99999353,100000004,99999124,99987318,99914572,99369720,99369734,99299269,99299276,99369711,99367511,99367522,99367526,99369705,99369708,99369702,99437750,99437758,99437761,99439939,99439942,99439937,,,,,,,,,,,,,,,,,,,,,,,,,,,,,,,,,,,,,,,,,,,,,,,,,,,,,,,,,,,,
bb_id,226,0,236,238,239,240,253,254,255,256,257,258,259,260,261,262,263,264,265,266,267,268,269,270,274,275,276,277,278,313,314,315,316,317,318,319,320,321,323,324,325,326,327,328,330,331,,,,,,,,,,,,,,,,,,,,,,,,,,,,,,,,,,,,,,,,,,,,,,,,,,,,,,,,,,,,
bbv,227,0,93,93,93,371,370,93,741,648,648,926,741,648,648,925,648,741,23607,23607,94773,94772,94772,94772,94772,3032705,94773,23607,741,93,93,93,93,93,2976,2976,2976,2976,2976,380928,2976,2976,2976,2976,2976,380928,,,,,,,,,,,,,,,,,,,,,,,,,,,,,,,,,,,,,,,,,,,,,,,,,,,,,,,,,,,,
csv,227,0,99861448,99861452,99861454,99983156,99720753,99720754,99983165,99983167,99983172,99604807,99983177,99983179,99983184,99983206,99983211,99983258,99999985,99999994,100000055,99999131,99999170,99999271,99999273,99999945,99999949,99999953,99983150,99791209,99791223,99720758,99720765,99791200,99789000,99789011,99789015,99791194,99791197,99791191,99859239,99859247,99859250,99861428,99861431,99861426,,,,,,,,,,,,,,,,,,,,,,,,,,,,,,,,,,,,,,,,,,,,,,,,,,,,,,,,,,,,
bb_id,227,0,236,238,239,240,253,254,255,256,257,258,259,260,261,262,263,264,265,266,267,268,269,270,274,275,276,277,278,313,314,315,316,317,318,319,320,321,323,324,325,326,327,328,330,331,,,,,,,,,,,,,,,,,,,,,,,,,,,,,,,,,,,,,,,,,,,,,,,,,,,,,,,,,,,,
bbv,228,0,92,92,92,370,371,92,741,649,649,928,741,649,649,926,649,741,23576,23576,94929,94929,94929,94929,94929,3037728,94929,23576,741,92,92,92,92,92,2944,2944,2944,2944,2944,376832,2944,2944,2944,2944,2944,376832,,,,,,,,,,,,,,,,,,,,,,,,,,,,,,,,,,,,,,,,,,,,,,,,,,,,,,,,,,,,
csv,228,0,99203085,99203089,99203091,99794026,99910168,99062391,99910177,99910179,99910184,99910206,99910211,99910213,99910218,99794087,99910223,99910270,99968267,99968276,100000012,99999133,99999172,99999273,99999275,99999947,99999951,99968235,99910160,99132846,99132860,99062395,99062402,99132837,99130637,99130648,99130652,99132831,99132834,99132828,99200876,99200884,99200887,99203065,99203068,99203063,,,,,,,,,,,,,,,,,,,,,,,,,,,,,,,,,,,,,,,,,,,,,,,,,,,,,,,,,,,,
bb_id,228,0,236,238,239,240,253,254,255,256,257,258,259,260,261,262,263,264,265,266,267,268,269,270,274,275,276,277,278,313,314,315,316,317,318,319,320,321,323,324,325,326,327,328,330,331,,,,,,,,,,,,,,,,,,,,,,,,,,,,,,,,,,,,,,,,,,,,,,,,,,,,,,,,,,,,
bbv,229,0,93,93,93,371,370,93,741,648,648,924,741,648,648,928,648,741,23688,23688,94768,94768,94768,94768,94768,3032576,94768,23688,741,93,93,93,93,93,2976,2976,2976,2976,2976,380928,2976,2976,2976,2976,2976,380928,,,,,,,,,,,,,,,,,,,,,,,,,,,,,,,,,,,,,,,,,,,,,,,,,,,,,,,,,,,,
csv,229,0,99624566,99624570,99624572,99982505,99865105,99483872,99982514,99982516,99982521,99982532,99982537,99982539,99982544,99982566,99982571,99982618,99997220,99997229,100000005,99999126,99999165,99999266,99999268,99999940,99999944,99997188,99982499,99554327,99554341,99483876,99483883,99554318,99552118,99552129,99552133,99554312,99554315,99554309,99622357,99622365,99622368,99624546,99624549,99624544,,,,,,,,,,,,,,,,,,,,,,,,,,,,,,,,,,,,,,,,,,,,,,,,,,,,,,,,,,,,
bb_id,229,0,236,238,239,240,253,254,255,256,257,258,259,260,261,262,263,264,265,266,267,268,269,270,274,275,276,277,278,313,314,315,316,317,318,319,320,321,323,324,325,326,327,328,330,331,,,,,,,,,,,,,,,,,,,,,,,,,,,,,,,,,,,,,,,,,,,,,,,,,,,,,,,,,,,,
bbv,230,0,92,92,92,370,371,93,740,648,648,928,740,647,647,922,647,740,23488,23488,94828,94829,94829,94829,94829,3034528,94829,23489,741,93,93,93,93,93,2976,2976,2976,2976,2976,380928,2956,2956,2956,2955,2955,378242,,,,,,,,,,,,,,,,,,,,,,,,,,,,,,,,,,,,,,,,,,,,,,,,,,,,,,,,,,,,
csv,230,0,98966253,98966257,98966259,99789375,99905359,99905360,99789384,99789386,99789391,99789413,99789418,99673381,99673386,99557255,99673391,99789465,99789497,99789506,99904502,99904528,99904567,99904668,99904670,99905342,99905346,99905350,99905351,99975815,99975829,99905364,99905371,99975806,99973606,99973617,99973621,99975800,99975803,99975797,99999965,99999973,99999976,99999960,99999963,100000010,,,,,,,,,,,,,,,,,,,,,,,,,,,,,,,,,,,,,,,,,,,,,,,,,,,,,,,,,,,,
bb_id,230,0,236,238,239,240,253,254,255,256,257,258,259,260,261,262,263,264,265,266,267,268,269,270,274,275,276,277,278,313,314,315,316,317,318,319,320,321,323,324,325,326,327,328,330,331,,,,,,,,,,,,,,,,,,,,,,,,,,,,,,,,,,,,,,,,,,,,,,,,,,,,,,,,,,,,
bbv,231,0,1,1,1,1,1,1,1,1,1,1,1,1,1,1,6,6,1,1,1,1,1,1,1,1,1,1,1,1024,1,1,41,41,41,164,164,41,328,287,287,410,328,287,287,410,287,328,10455,10455,41984,41984,41984,41984,41984,1343488,41984,10455,328,1,40,40,41,41,41,1312,1312,1312,1312,1312,167936,1300,1300,1300,1301,1301,166526,,,,,,,,,,,,,,,,,,,,,,,,,,,,,
csv,231,0,44247702,44270329,44270334,44247695,44247696,44270324,44270427,44270434,44270441,44270445,44270479,44270482,44270485,44270488,44270623,44270626,44270628,44270631,44270634,44270636,44270639,44270644,44247728,44247731,44270265,44270271,44270273,44270259,44247687,44247688,43238084,43238088,43238090,44061206,44177190,44177191,44061215,44061217,44061222,44061244,44061249,43945212,43945217,43829086,43945222,44061296,44061328,44061337,44176333,44176359,44176398,44176499,44176501,44177173,44177177,44177181,44177182,44247640,43167845,43167859,44177195,44177202,44247637,44245437,44245448,44245452,44247631,44247634,44247628,43235875,43235883,43235886,43238064,43238067,43238062,,,,,,,,,,,,,,,,,,,,,,,,,,,,,
bb_id,231,0,59,62,64,107,108,121,122,124,126,127,138,139,140,141,142,143,144,145,146,147,149,150,174,175,176,177,178,179,186,188,236,238,239,240,253,254,255,256,257,258,259,260,261,262,263,264,265,266,267,268,269,270,274,275,276,277,278,312,313,314,315,316,317,318,319,320,321,323,324,325,326,327,328,330,331,,,,,,,,,,,,,,,,,,,,,,,,,,,,,
