type,region,thread,data1,data2,data3,data4,data5,data6,data7,data8,data9,data10,data11,data12,data13,data14,data15,data16,data17,data18,data19,data20,data21,data22,data23,data24,data25,data26,data27,data28,data29,data30,data31,data32,data33,data34,data35,data36,data37,data38,data39,data40,data41,data42,data43,data44,data45,data46,data47,data48,data49,data50,data51,data52,data53,data54,data55,data56,data57,data58,data59,data60,data61,data62,data63,data64,data65,data66,data67,data68,data69,data70,data71,data72,data73,data74,data75,data76,data77,data78,data79,data80,data81,data82,data83,data84,data85,data86,data87,data88,data89,data90,data91,data92,data93,data94,data95,data96,data97,data98,data99,data100
bbv,0,0,1,1,1,7,1,1,8,8,4,4,120,4,4,15,8,1,1,1,1,8192,8192,8192,8192,1048576,8192,8192,1,17,17,17,1,1,127,1,1,1,1,7,1,33,33,33,132,131,32,264,231,231,330,264,231,231,330,231,264,8415,8415,33787,33787,33787,33786,33786,1081152,33786,8414,263,1,1,33,33,32,32,32,1024,1024,1024,262144,1056,1056,1056,270336,1,1,1,32,32,32,8192,4194304,8192,,,,,,,,,,
csv,0,0,43,258216114,258216116,258216158,258216163,258216166,258217564,258217571,258217592,258217598,258218622,258218624,258216372,258216508,258218629,258218632,144,209,73334974,73332755,73332769,73332782,73332790,73334966,73334968,73334971,73334992,73335271,73335276,73335281,73335289,73335291,73336688,258216074,258218641,258218670,258218672,258218714,258218720,396959703,396959790,396959865,399628586,399247421,395712151,399628616,399628670,399628779,399628905,399628962,399248131,399248188,398897550,399248245,399629061,399629145,399629206,399999893,399999960,400000016,399997140,399997163,399999755,399999811,399628548,399628549,258218785,258218791,396418326,396418399,395712216,395712249,396418293,396395377,396395452,396418227,396418161,396943922,396943951,396959592,396959516,73336716,73336746,258216046,245750968,245751000,251291865,251269301,251291848,251291862,,,,,,,,,,
bb_id,0,0,29,31,33,35,36,37,38,39,40,41,42,43,44,45,46,47,78,79,80,81,82,83,84,85,86,88,90,91,92,94,95,96,97,98,99,175,176,177,178,224,226,227,228,239,240,241,242,243,244,245,246,247,248,249,250,251,252,253,254,255,256,260,261,262,263,264,290,291,293,294,295,296,297,298,299,300,301,302,303,304,305,306,307,308,309,310,311,312,313,314,,,,,,,,,,
bbv,0,1,1,1,1,8192,8192,8192,8192,1048576,8192,8192,32,32,32,127,126,31,254,222,222,316,254,223,223,320,223,254,8154,8154,32403,32403,32403,32403,32403,1036872,32402,8153,253,1,1,32,32,31,31,31,992,992,992,253952,1024,1024,1024,262144,1,1,1,32,32,32,8192,4194304,8192,,,,,,,,,,,,,,,,,,,,,,,,,,,,,,,,,,,,,,,
csv,0,1,202,236,73334980,72427097,72427128,72427226,72427268,72435869,72435871,72435925,397951157,397951192,397951194,399943241,399554481,396665320,399943273,399943337,399943415,399943513,399943678,399943680,399943685,399943752,399943757,399943825,399943857,399943998,399998999,399999077,399999122,399999285,399999349,400000037,399998865,399943071,399943103,258218991,258218997,397340704,397340953,396665442,396665480,397340519,397316122,397316300,397340444,397340346,397934105,397934134,397951119,397951085,73336839,73336916,258216049,247494077,247494098,254039846,254007494,254039719,254039788,,,,,,,,,,,,,,,,,,,,,,,,,,,,,,,,,,,,,,,
bb_id,0,1,78,79,80,81,82,83,84,85,86,88,224,226,227,228,239,240,241,242,243,244,245,246,247,248,249,250,251,252,253,254,255,256,260,261,262,263,264,290,291,293,294,295,296,297,298,299,300,301,302,303,304,305,306,307,308,309,310,311,312,313,314,,,,,,,,,,,,,,,,,,,,,,,,,,,,,,,,,,,,,,,
bbv,0,2,1,1,1,8192,8192,8192,8192,1048576,8192,8192,33,33,33,129,129,32,259,226,226,321,259,227,227,326,227,259,8360,8360,33055,33055,33055,33055,33055,1057755,33054,8359,258,1,1,33,33,32,32,32,1024,1024,1024,262144,1056,1056,1056,270336,1,1,1,32,32,32,8192,4194304,8192,,,,,,,,,,,,,,,,,,,,,,,,,,,,,,,,,,,,,,,
csv,0,2,72,79,73334983,69395276,69395358,69395405,69395481,69403572,69403642,69403713,399043849,399043884,399043907,399474996,399898294,397825134,399898324,399898434,399898500,399898653,399898691,399898724,399898750,399898844,399898870,399898917,399991391,399991452,399997759,399997816,399997872,399998014,399998037,400000068,399997625,399991328,399898265,258218868,258218886,398437832,398437968,397825169,397825207,398437799,398418071,398418102,398437775,398437543,399028477,399028506,399043780,399043756,73336744,73336748,258216043,255855212,255855255,258040417,258031996,258040411,258040414,,,,,,,,,,,,,,,,,,,,,,,,,,,,,,,,,,,,,,,
bb_id,0,2,78,79,80,81,82,83,84,85,86,88,224,226,227,228,239,240,241,242,243,244,245,246,247,248,249,250,251,252,253,254,255,256,260,261,262,263,264,290,291,293,294,295,296,297,298,299,300,301,302,303,304,305,306,307,308,309,310,311,312,313,314,,,,,,,,,,,,,,,,,,,,,,,,,,,,,,,,,,,,,,,
bbv,0,3,1,1,1,8192,8192,8192,8192,1048576,8192,8192,32,32,32,128,128,32,256,224,224,320,256,224,224,320,224,256,8160,8160,32768,32768,32768,32768,32768,1048576,32768,8160,256,1,1,33,33,32,32,32,1024,1024,1024,262144,1043,1043,1042,266972,1,1,1,32,32,32,8192,4194304,8192,,,,,,,,,,,,,,,,,,,,,,,,,,,,,,,,,,,,,,,
csv,0,3,173,229,73334977,72633729,72633743,72633756,72633764,72638229,72638231,72638234,395814813,395814848,395814871,398493481,398904595,398904638,398493582,398493718,398493775,398493922,398494000,398091685,398091742,397720915,398091820,398494120,398494152,398494202,398901004,398901193,398901360,398901494,398901569,398904271,398904374,398904423,398904445,258219086,258219092,399633645,399633676,398904685,398904744,399633561,399610260,399610291,399633484,399633460,399983105,399983134,399983061,400000047,73336811,73336914,258216052,254271872,254271882,258216040,258210402,258216034,258216037,,,,,,,,,,,,,,,,,,,,,,,,,,,,,,,,,,,,,,,
bb_id,0,3,78,79,80,81,82,83,84,85,86,88,224,226,227,228,239,240,241,242,243,244,245,246,247,248,249,250,251,252,253,254,255,256,260,261,262,263,264,290,291,293,294,295,296,297,298,299,300,301,302,303,304,305,306,307,308,309,310,311,312,313,314,,,,,,,,,,,,,,,,,,,,,,,,,,,,,,,,,,,,,,,
bbv,1,0,91,91,91,364,365,92,728,637,637,910,728,637,637,910,637,728,23205,23205,93189,93189,93189,93190,93190,2982080,93190,23206,729,91,91,92,92,91,2934,2934,2933,751080,2912,2912,2912,745472,,,,,,,,,,,,,,,,,,,,,,,,,,,,,,,,,,,,,,,,,,,,,,,,,,,,,,,,,,,,
csv,1,0,396356136,396356223,396356256,399174315,399569932,399569974,399174345,399174440,399174528,399174633,399174700,398769484,398769556,398318115,398769624,399174820,399174873,399174965,399566868,399566956,399567012,399567113,399567136,399569738,399569794,399569840,399569903,395839055,395839182,399569999,399570037,395838925,399982251,399982302,399982119,400000045,396341294,396341364,396356109,396356085,,,,,,,,,,,,,,,,,,,,,,,,,,,,,,,,,,,,,,,,,,,,,,,,,,,,,,,,,,,,
bb_id,1,0,224,226,227,228,239,240,241,242,243,244,245,246,247,248,249,250,251,252,253,254,255,256,260,261,262,263,264,293,294,295,296,297,298,299,300,301,302,303,304,305,,,,,,,,,,,,,,,,,,,,,,,,,,,,,,,,,,,,,,,,,,,,,,,,,,,,,,,,,,,,
bbv,1,1,92,92,92,369,369,92,738,646,646,924,738,645,645,920,645,738,23466,23466,94510,94510,94510,94510,94510,3024333,94510,23466,738,92,92,92,92,92,2944,2944,2944,753664,2944,2944,2944,753664,,,,,,,,,,,,,,,,,,,,,,,,,,,,,,,,,,,,,,,,,,,,,,,,,,,,,,,,,,,,
csv,1,1,396918346,396918371,396918418,399835280,399495166,395895963,399835330,399835384,399835451,399835534,399835580,399495740,399495787,399101614,399495802,399835689,399835742,399835761,399998140,399998207,399998252,399998394,399998437,400000014,399998048,399835232,399835264,396410869,396410936,395896061,395896120,396410836,396394699,396394730,396410762,396410738,396903217,396903288,396918232,396918208,,,,,,,,,,,,,,,,,,,,,,,,,,,,,,,,,,,,,,,,,,,,,,,,,,,,,,,,,,,,
bb_id,1,1,224,226,227,228,239,240,241,242,243,244,245,246,247,248,249,250,251,252,253,254,255,256,260,261,262,263,264,293,294,295,296,297,298,299,300,301,302,303,304,305,,,,,,,,,,,,,,,,,,,,,,,,,,,,,,,,,,,,,,,,,,,,,,,,,,,,,,,,,,,,
bbv,1,2,88,88,88,354,353,88,707,619,619,885,707,619,619,884,619,707,22491,22491,90539,90539,90539,90539,90539,2897231,90539,22491,707,88,88,88,88,88,2816,2816,2816,720896,2816,2816,2816,720896,,,,,,,,,,,,,,,,,,,,,,,,,,,,,,,,,,,,,,,,,,,,,,,,,,,,,,,,,,,,
csv,1,2,397639665,397639772,397639800,399814187,399470486,396358339,399814206,399814315,399814488,399814644,399814690,399814743,399814799,399814841,399814856,399814954,399976498,399976517,399999059,399999146,399999212,399999354,399999407,400000035,399998967,399976452,399814146,397020125,397020177,396358395,396358433,397020092,396996880,396996911,397020047,397019981,397620616,397620628,397639644,397639620,,,,,,,,,,,,,,,,,,,,,,,,,,,,,,,,,,,,,,,,,,,,,,,,,,,,,,,,,,,,
bb_id,1,2,224,226,227,228,239,240,241,242,243,244,245,246,247,248,249,250,251,252,253,254,255,256,260,261,262,263,264,293,294,295,296,297,298,299,300,301,302,303,304,305,,,,,,,,,,,,,,,,,,,,,,,,,,,,,,,,,,,,,,,,,,,,,,,,,,,,,,,,,,,,
bbv,1,3,92,92,92,368,368,92,736,644,644,920,736,644,644,920,644,736,23460,23460,94208,94208,94208,94208,94208,3014656,94208,23460,736,92,92,92,92,92,2944,2944,2944,753664,2955,2955,2955,756428,,,,,,,,,,,,,,,,,,,,,,,,,,,,,,,,,,,,,,,,,,,,,,,,,,,,,,,,,,,,
csv,1,3,395627699,395627724,395627801,398413749,398883994,398884016,398413823,398413909,398413977,398414146,398414214,397926891,397927001,397489573,397927052,398414307,398414385,398414477,398879364,398879474,398879551,398879736,398879843,398883470,398883602,398883859,398883904,399505284,399505336,398884067,398884095,399505251,399486490,399486607,399505206,399505140,399989696,399989798,399989560,400000055,,,,,,,,,,,,,,,,,,,,,,,,,,,,,,,,,,,,,,,,,,,,,,,,,,,,,,,,,,,,
bb_id,1,3,224,226,227,228,239,240,241,242,243,244,245,246,247,248,249,250,251,252,253,254,255,256,260,261,262,263,264,293,294,295,296,297,298,299,300,301,302,303,304,305,,,,,,,,,,,,,,,,,,,,,,,,,,,,,,,,,,,,,,,,,,,,,,,,,,,,,,,,,,,,
bbv,2,0,93,93,93,372,372,93,744,651,651,930,744,651,651,930,651,744,23715,23715,95232,95232,95232,95232,95232,3047424,95232,23715,744,93,93,93,93,93,2973,2973,2973,761059,2976,2976,2976,761856,,,,,,,,,,,,,,,,,,,,,,,,,,,,,,,,,,,,,,,,,,,,,,,,,,,,,,,,,,,,
csv,2,0,396621564,396621697,396621776,399153238,399570388,399570490,399153334,399153512,399153590,399153816,399153885,398761860,398761897,398410266,398762075,399153994,399154057,399154139,399566616,399566663,399566740,399566904,399566952,399570161,399570211,399570276,399570338,396024480,396024553,399570559,399570608,396024405,399983819,399983979,399983687,400000012,396603881,396603931,396621505,396621498,,,,,,,,,,,,,,,,,,,,,,,,,,,,,,,,,,,,,,,,,,,,,,,,,,,,,,,,,,,,
bb_id,2,0,224,226,227,228,239,240,241,242,243,244,245,246,247,248,249,250,251,252,253,254,255,256,260,261,262,263,264,293,294,295,296,297,298,299,300,301,302,303,304,305,,,,,,,,,,,,,,,,,,,,,,,,,,,,,,,,,,,,,,,,,,,,,,,,,,,,,,,,,,,,
bbv,2,1,90,90,90,358,359,90,717,627,627,894,717,628,628,899,628,717,22943,22943,91836,91836,91836,91836,91836,2938763,91837,22943,717,90,90,90,90,90,2880,2880,2880,737280,2880,2880,2880,737280,,,,,,,,,,,,,,,,,,,,,,,,,,,,,,,,,,,,,,,,,,,,,,,,,,,,,,,,,,,,
csv,2,1,398047498,398047543,398047596,399176326,399614128,396756778,399614189,399614258,399614324,399614459,399614521,399614690,399614728,399614812,399614869,399614968,399958167,399958249,399996759,399996837,399996924,399997098,399997173,399999981,400000037,399958083,399614064,397505897,397505928,396756845,396756915,397505814,397484836,397484888,397505766,397505721,398034180,398034250,398047419,398047365,,,,,,,,,,,,,,,,,,,,,,,,,,,,,,,,,,,,,,,,,,,,,,,,,,,,,,,,,,,,
bb_id,2,1,224,226,227,228,239,240,241,242,243,244,245,246,247,248,249,250,251,252,253,254,255,256,260,261,262,263,264,293,294,295,296,297,298,299,300,301,302,303,304,305,,,,,,,,,,,,,,,,,,,,,,,,,,,,,,,,,,,,,,,,,,,,,,,,,,,,,,,,,,,,
bbv,2,2,91,91,91,363,363,91,726,635,635,906,726,635,635,908,635,726,23187,23187,92922,92922,92922,92922,92922,2973496,92922,23187,726,91,91,91,91,91,2912,2912,2912,745472,2912,2912,2912,745472,,,,,,,,,,,,,,,,,,,,,,,,,,,,,,,,,,,,,,,,,,,,,,,,,,,,,,,,,,,,
csv,2,2,398534846,398534881,398534904,399794809,399397289,397473471,399794910,399795004,399795153,399795206,399795284,399795359,399795416,399795490,399795505,399795594,399989344,399989405,399999525,399999551,399999659,399999802,399999866,400000033,399999454,399989260,399794773,398013707,398013800,397473546,397473610,398013674,397995769,397995831,398013619,398013543,398519150,398519231,398534777,398534743,,,,,,,,,,,,,,,,,,,,,,,,,,,,,,,,,,,,,,,,,,,,,,,,,,,,,,,,,,,,
bb_id,2,2,224,226,227,228,239,240,241,242,243,244,245,246,247,248,249,250,251,252,253,254,255,256,260,261,262,263,264,293,294,295,296,297,298,299,300,301,302,303,304,305,,,,,,,,,,,,,,,,,,,,,,,,,,,,,,,,,,,,,,,,,,,,,,,,,,,,,,,,,,,,
bbv,2,3,91,91,91,361,360,90,722,631,631,900,722,632,632,904,632,722,23111,23111,92353,92353,92353,92353,92353,2955286,92352,23110,721,90,90,90,90,90,2880,2880,2880,737280,2882,2882,2883,737880,,,,,,,,,,,,,,,,,,,,,,,,,,,,,,,,,,,,,,,,,,,,,,,,,,,,,,,,,,,,
csv,2,3,399327459,399327572,399327698,399798013,398029865,398029938,399798095,399798128,399798189,397697594,399798312,399798349,399798486,399798541,399798598,399798697,399998152,399998192,399998274,399998352,399998418,399998571,399998604,400000002,399998064,399998099,399797934,398700282,398700313,398029952,398030011,398700228,398675761,398675855,398700204,398700178,399307971,399308021,399327285,399327200,,,,,,,,,,,,,,,,,,,,,,,,,,,,,,,,,,,,,,,,,,,,,,,,,,,,,,,,,,,,
bb_id,2,3,224,226,227,228,239,240,241,242,243,244,245,246,247,248,249,250,251,252,253,254,255,256,260,261,262,263,264,293,294,295,296,297,298,299,300,301,302,303,304,305,,,,,,,,,,,,,,,,,,,,,,,,,,,,,,,,,,,,,,,,,,,,,,,,,,,,,,,,,,,,
bbv,3,0,1,1,1,1,7,1,93,93,93,371,371,92,743,650,650,928,743,651,651,930,651,743,23713,23713,94993,94993,94993,94993,94993,3039764,94992,23712,742,1,1,54,54,53,53,53,13568,13568,13568,13568,108544,13568,13568,13824,13824,13824,110592,13824,13824,1,39,39,39,39,40,1261,1261,1262,322869,1248,1248,1248,319488,,,,,,,,,,,,,,,,,,,,,,,,,,,,,,,,,
csv,3,0,184479639,184479640,184479667,184479669,184479711,184479717,397255702,397255727,397255771,399520737,399944161,396755769,399944191,399944298,399944387,399944472,399944540,399944626,399944694,399521486,399944720,399944809,399944862,399944892,399998030,399998077,399998175,399998318,399998341,400000048,399997927,399944110,399944132,184480059,184480079,397012677,397012781,396755775,396755927,397012355,397011527,397011575,397011605,397011673,397012179,397012283,397012291,397254831,397254905,397254931,397255534,397255598,397255622,184479586,166299875,166299926,169975841,169975894,170687621,170667422,170667515,170687566,170687509,166691063,166691081,166703209,166703165,,,,,,,,,,,,,,,,,,,,,,,,,,,,,,,,,
bb_id,3,0,180,182,183,184,185,186,224,226,227,228,239,240,241,242,243,244,245,246,247,248,249,250,251,252,253,254,255,256,260,261,262,263,264,265,266,268,269,270,271,272,273,274,275,276,277,278,280,282,283,284,285,286,288,292,293,294,295,296,297,298,299,300,301,302,303,304,305,,,,,,,,,,,,,,,,,,,,,,,,,,,,,,,,,
bbv,3,1,95,95,95,378,378,95,756,661,661,946,756,661,661,943,661,756,24064,24064,96730,96730,96730,96730,96730,3095360,96730,24065,756,1,1,53,53,52,52,52,13312,13312,13312,13312,106496,13312,13312,13568,13568,13568,108544,13568,13568,1,42,42,43,43,43,1376,1376,1376,352256,1344,1344,1344,344064,,,,,,,,,,,,,,,,,,,,,,,,,,,,,,,,,,,,,,,
csv,3,1,399641940,399642051,399642121,398669269,399123715,399123793,399642207,398669366,398669444,398669585,399642376,399642464,399642574,399642764,399642853,399642984,399996347,399996419,399996522,399996569,399996646,399996810,399996917,399999914,399999939,400000006,399123639,184479782,184479855,399379365,399379427,399123963,399124182,399379310,399378318,399378408,399378459,399378485,399379155,399379219,399379244,399640783,399640924,399640964,399641793,399641815,399641860,184479589,182311162,182311273,184397106,184397113,184479580,184477004,184477014,184479577,184479574,183172561,183172716,183200318,183200273,,,,,,,,,,,,,,,,,,,,,,,,,,,,,,,,,,,,,,,
bb_id,3,1,224,226,227,228,239,240,241,242,243,244,245,246,247,248,249,250,251,252,253,254,255,256,260,261,262,263,264,265,266,268,269,270,271,272,273,274,275,276,277,278,280,282,283,284,285,286,288,292,293,294,295,296,297,298,299,300,301,302,303,304,305,,,,,,,,,,,,,,,,,,,,,,,,,,,,,,,,,,,,,,,
bbv,3,2,95,95,95,379,380,95,759,664,664,949,759,664,664,948,664,759,24211,24211,97191,97191,97191,97191,97191,3110119,97191,24211,759,1,1,51,51,50,50,50,12800,12800,12800,12800,102400,12800,12800,13056,13056,13056,104448,13056,13056,1,44,44,45,45,45,1440,1440,1440,368640,1408,1408,1408,360448,,,,,,,,,,,,,,,,,,,,,,,,,,,,,,,,,,,,,,,
csv,3,2,398672738,398672824,398672969,399160423,399609897,398208830,399609969,399610055,399610123,399610155,399610202,399610247,399610341,399610597,399610672,399610761,399991437,399991467,399999141,399999230,399999328,399999492,399999536,400000027,399999017,399991363,399609868,184479954,184480067,398446926,398446988,398208897,398208969,398446892,398446035,398446106,398446199,398446246,398446653,398446759,398446847,398671744,398671838,398671887,398672508,398672576,398672627,184479583,181708876,181708886,183241507,183241514,183438338,183432551,183432561,183438335,183438332,181881686,181881694,181887218,181887215,,,,,,,,,,,,,,,,,,,,,,,,,,,,,,,,,,,,,,,
bb_id,3,2,224,226,227,228,239,240,241,242,243,244,245,246,247,248,249,250,251,252,253,254,255,256,260,261,262,263,264,265,266,268,269,270,271,272,273,274,275,276,277,278,280,282,283,284,285,286,288,292,293,294,295,296,297,298,299,300,301,302,303,304,305,,,,,,,,,,,,,,,,,,,,,,,,,,,,,,,,,,,,,,,
bbv,3,3,94,94,94,376,377,94,753,659,659,941,753,659,659,942,659,753,24026,24026,96418,96418,96418,96418,96418,3085378,96418,24026,753,1,1,53,53,52,52,52,13312,13312,13312,13312,106496,13312,13312,13568,13568,13568,108544,13568,13568,1,41,41,42,42,42,1344,1344,1344,344064,1312,1312,1312,335872,,,,,,,,,,,,,,,,,,,,,,,,,,,,,,,,,,,,,,,
csv,3,3,398715021,398715071,398715156,399204287,399651534,398258875,399651606,399651671,399651722,399651775,399651809,399651925,399651986,399652275,399652336,399652446,399989989,399990040,399997234,399997323,399997442,399997564,399997629,400000002,399997152,399989936,399651505,184479847,184479863,398489477,398489581,398258951,398259007,398489380,398488746,398488815,398488845,398488875,398489246,398489289,398489314,398713833,398713903,398713954,398714784,398714829,398714937,184479592,178435762,178435856,183449988,183449995,183703649,183694920,183694951,183703620,183703556,179262585,179262719,179288185,179288119,,,,,,,,,,,,,,,,,,,,,,,,,,,,,,,,,,,,,,,
bb_id,3,3,224,226,227,228,239,240,241,242,243,244,245,246,247,248,249,250,251,252,253,254,255,256,260,261,262,263,264,265,266,268,269,270,271,272,273,274,275,276,277,278,280,282,283,284,285,286,288,292,293,294,295,296,297,298,299,300,301,302,303,304,305,,,,,,,,,,,,,,,,,,,,,,,,,,,,,,,,,,,,,,,
bbv,4,0,99,99,99,394,393,99,787,688,688,982,787,688,688,984,688,787,25176,25176,100831,100831,100831,100831,100831,3226590,100831,25176,787,99,99,99,99,99,25344,25344,25344,25344,202752,25344,25344,25344,25344,25344,202752,25344,25344,,,,,,,,,,,,,,,,,,,,,,,,,,,,,,,,,,,,,,,,,,,,,,,,,,,,,,,
csv,4,0,399115047,399115119,399115156,399588586,398495223,398495292,399588782,399588889,399588915,398048904,399589025,399589090,399589158,399589348,399589437,399589547,399993333,399993393,399997786,399997875,399997994,399998162,399998229,400000028,399997557,399993256,399588538,398752487,398752635,398495373,398495567,398752432,398751522,398751570,398751600,398751647,398752235,398752236,398752366,399113899,399113990,399114058,399114835,399114882,399114988,,,,,,,,,,,,,,,,,,,,,,,,,,,,,,,,,,,,,,,,,,,,,,,,,,,,,,,
bb_id,4,0,224,226,227,228,239,240,241,242,243,244,245,246,247,248,249,250,251,252,253,254,255,256,260,261,262,263,264,268,269,270,271,272,273,274,275,276,277,278,280,282,283,284,285,286,288,,,,,,,,,,,,,,,,,,,,,,,,,,,,,,,,,,,,,,,,,,,,,,,,,,,,,,,
bbv,4,1,96,96,96,388,387,96,775,679,679,970,775,678,678,968,678,775,24648,24648,99193,99193,99193,99193,99193,3174153,99192,24647,775,96,96,96,96,96,24576,24576,24576,24576,196608,24576,24576,24576,24576,24576,196608,24576,24576,,,,,,,,,,,,,,,,,,,,,,,,,,,,,,,,,,,,,,,,,,,,,,,,,,,,,,,
csv,4,1,396549188,396549213,396549278,399742325,399298558,396052590,399742463,399742549,399742596,399742849,399742917,399299174,399299246,398845987,399299313,399743011,399743064,399743119,399998558,399998668,399998766,399999014,399999134,400000056,399998434,399742166,399742252,396307648,396307689,396052598,396052691,396307614,396306517,396306586,396306637,396306663,396307396,396307460,396307527,396548273,396548322,396548348,396549041,396549084,396549108,,,,,,,,,,,,,,,,,,,,,,,,,,,,,,,,,,,,,,,,,,,,,,,,,,,,,,,
bb_id,4,1,224,226,227,228,239,240,241,242,243,244,245,246,247,248,249,250,251,252,253,254,255,256,260,261,262,263,264,268,269,270,271,272,273,274,275,276,277,278,280,282,283,284,285,286,288,,,,,,,,,,,,,,,,,,,,,,,,,,,,,,,,,,,,,,,,,,,,,,,,,,,,,,,
bbv,4,2,94,94,94,379,379,95,757,663,663,949,757,662,662,944,662,757,24006,24006,96917,96917,96917,96917,96917,3101367,96918,24007,758,95,95,95,95,95,24320,24320,24320,24320,194560,24320,24320,24212,24212,24211,193688,24211,24211,,,,,,,,,,,,,,,,,,,,,,,,,,,,,,,,,,,,,,,,,,,,,,,,,,,,,,,
csv,4,2,395870268,395870293,395870316,399118863,399598824,399598888,399118872,399118986,399119094,399119303,399119371,398777450,398777519,398320362,398777566,399119502,399119555,399119585,399594866,399594913,399594990,399595179,399595331,399598555,399598622,399598731,399598795,399858189,399858234,399598999,399599050,399858141,399857125,399857255,399857332,399857414,399857899,399858024,399858096,399999965,400000035,399999181,399999875,399999897,399999942,,,,,,,,,,,,,,,,,,,,,,,,,,,,,,,,,,,,,,,,,,,,,,,,,,,,,,,
bb_id,4,2,224,226,227,228,239,240,241,242,243,244,245,246,247,248,249,250,251,252,253,254,255,256,260,261,262,263,264,268,269,270,271,272,273,274,275,276,277,278,280,282,283,284,285,286,288,,,,,,,,,,,,,,,,,,,,,,,,,,,,,,,,,,,,,,,,,,,,,,,,,,,,,,,
bbv,4,3,97,97,97,389,389,97,778,681,681,973,778,681,681,973,681,778,24764,24764,99566,99566,99566,99566,99566,3186090,99566,24764,778,97,97,97,97,97,24832,24832,24832,24832,198656,24832,24832,24832,24832,24832,198656,24832,24832,,,,,,,,,,,,,,,,,,,,,,,,,,,,,,,,,,,,,,,,,,,,,,,,,,,,,,,
csv,4,3,397919684,397919688,397919753,399296084,399737240,397432301,399737270,399737336,399737457,399737528,399737596,399737661,399737771,399737845,399737934,399738023,399999368,399999461,399999543,399999632,399999688,399999831,399999854,400000007,399999269,399999273,399737205,397680694,397680798,397432389,397432440,397680618,397679247,397679320,397679453,397679526,397680379,397680443,397680531,397918752,397918946,397919033,397919537,397919559,397919604,,,,,,,,,,,,,,,,,,,,,,,,,,,,,,,,,,,,,,,,,,,,,,,,,,,,,,,
bb_id,4,3,224,226,227,228,239,240,241,242,243,244,245,246,247,248,249,250,251,252,253,254,255,256,260,261,262,263,264,268,269,270,271,272,273,274,275,276,277,278,280,282,283,284,285,286,288,,,,,,,,,,,,,,,,,,,,,,,,,,,,,,,,,,,,,,,,,,,,,,,,,,,,,,,
bbv,5,0,100,100,100,402,403,100,805,705,705,1008,805,705,705,1006,705,805,25569,25569,102949,102949,102949,102949,102949,3294368,102949,25569,805,100,100,100,100,100,25600,25600,25600,25600,204800,25600,25600,25600,25600,25600,204800,25600,25600,,,,,,,,,,,,,,,,,,,,,,,,,,,,,,,,,,,,,,,,,,,,,,,,,,,,,,,
csv,5,0,397432050,397432096,397432100,399490848,399928855,396934104,399928908,399928994,399929045,399929208,399929264,399929369,399929421,399491729,399929447,399929571,399929767,399929841,399998106,399998153,399998209,399998497,399998583,400000009,399998024,399928703,399928704,397190722,397190763,396934129,396934222,397190667,397189757,397189784,397189835,397189861,397190449,397190534,397190601,397431055,397431146,397431214,397431762,397431866,397431932,,,,,,,,,,,,,,,,,,,,,,,,,,,,,,,,,,,,,,,,,,,,,,,,,,,,,,,
bb_id,5,0,224,226,227,228,239,240,241,242,243,244,245,246,247,248,249,250,251,252,253,254,255,256,260,261,262,263,264,268,269,270,271,272,273,274,275,276,277,278,280,282,283,284,285,286,288,,,,,,,,,,,,,,,,,,,,,,,,,,,,,,,,,,,,,,,,,,,,,,,,,,,,,,,
bbv,5,1,97,97,97,385,385,97,770,673,673,960,770,674,674,964,674,770,24650,24650,98564,98564,98564,98564,98564,3154062,98564,24650,770,97,97,97,97,97,24832,24832,24832,24832,198656,24832,24832,24832,24832,24832,198656,24832,24832,,,,,,,,,,,,,,,,,,,,,,,,,,,,,,,,,,,,,,,,,,,,,,,,,,,,,,,
csv,5,1,399185553,399185599,399185662,399683813,398695329,398695393,399683843,399683892,399683974,398236645,399684122,399684210,399684257,399684468,399684536,399684646,399993321,399993393,399996890,399996937,399997056,399997262,399997348,400000051,399996787,399993226,399683704,398949821,398949862,398695397,398695532,398949766,398948596,398948634,398948751,398948765,398949569,398949633,398949742,399184510,399184517,399184585,399185339,399185424,399185490,,,,,,,,,,,,,,,,,,,,,,,,,,,,,,,,,,,,,,,,,,,,,,,,,,,,,,,
bb_id,5,1,224,226,227,228,239,240,241,242,243,244,245,246,247,248,249,250,251,252,253,254,255,256,260,261,262,263,264,268,269,270,271,272,273,274,275,276,277,278,280,282,283,284,285,286,288,,,,,,,,,,,,,,,,,,,,,,,,,,,,,,,,,,,,,,,,,,,,,,,,,,,,,,,
bbv,5,2,94,94,94,374,373,93,748,654,654,932,748,655,655,938,655,748,23955,23955,95743,95743,95743,95743,95743,3063752,95742,23954,747,93,93,93,93,93,23808,23808,23808,23808,190464,23808,23808,23916,23916,23917,191336,23917,23917,,,,,,,,,,,,,,,,,,,,,,,,,,,,,,,,,,,,,,,,,,,,,,,,,,,,,,,
csv,5,2,398024692,398024738,398024782,399522208,399041151,397533227,399522280,399522324,399522392,399522466,399522534,399522599,399522667,399522857,399523009,399523110,399972695,399972924,399999110,399999199,399999255,399999419,399999484,400000030,399998965,399972595,399522181,397795958,397796010,397533273,397533324,397795903,397795092,397795161,397795191,397795242,397795824,397795829,397795896,398023857,398023890,398023972,398024503,398024567,398024654,,,,,,,,,,,,,,,,,,,,,,,,,,,,,,,,,,,,,,,,,,,,,,,,,,,,,,,
bb_id,5,2,224,226,227,228,239,240,241,242,243,244,245,246,247,248,249,250,251,252,253,254,255,256,260,261,262,263,264,268,269,270,271,272,273,274,275,276,277,278,280,282,283,284,285,286,288,,,,,,,,,,,,,,,,,,,,,,,,,,,,,,,,,,,,,,,,,,,,,,,,,,,,,,,
bbv,5,3,97,97,97,388,387,97,775,678,678,968,775,678,678,969,678,775,24722,24722,99190,99190,99190,99190,99190,3174100,99190,24722,775,97,97,97,97,97,24832,24832,24832,24832,198656,24832,24832,24832,24832,24832,198656,24832,24832,,,,,,,,,,,,,,,,,,,,,,,,,,,,,,,,,,,,,,,,,,,,,,,,,,,,,,,
csv,5,3,398325024,398325053,398325142,399746851,399284307,397837142,399747030,399747121,399747224,399747399,399747536,399747559,399747693,399747937,399747963,399748010,399976466,399976563,399997896,399997964,399998020,399998331,399998333,400000072,399997772,399976350,399746824,398074231,398074293,397837167,397837205,398074197,398073293,398073402,398073411,398073519,398074063,398074127,398074131,398324130,398324221,398324289,398324835,398324920,398324986,,,,,,,,,,,,,,,,,,,,,,,,,,,,,,,,,,,,,,,,,,,,,,,,,,,,,,,
bb_id,5,3,224,226,227,228,239,240,241,242,243,244,245,246,247,248,249,250,251,252,253,254,255,256,260,261,262,263,264,268,269,270,271,272,273,274,275,276,277,278,280,282,283,284,285,286,288,,,,,,,,,,,,,,,,,,,,,,,,,,,,,,,,,,,,,,,,,,,,,,,,,,,,,,,
bbv,6,0,1,1,1,1,6,1,1,1,192,192,191,191,191,24448,24448,24448,24448,195584,24448,24448,24576,24576,24576,196608,24576,24576,195,195,195,777,191,191,24448,24448,24448,195584,24448,24448,586,195,1363,1168,1168,1560,1363,1168,1168,1560,1168,1363,25077,25077,88928,88928,88928,88928,88928,2845690,88928,25077,1363,1,3,3,4,4,4,1024,1024,1024,1024,8192,1024,1024,768,768,768,6144,768,768,,,,,,,,,,,,,,,,,,,,
csv,6,0,42421396,42421397,42421424,42421426,42421462,42421468,42421838,42421846,399660417,399660463,399543447,399543503,399660383,399659876,399659903,399659935,399659961,399660301,399660334,399660359,399818961,399819052,399819120,399819853,399819896,399819983,399820126,399820214,399820258,399437766,399437796,399437841,399542482,399542529,399542604,399543283,399543305,399543334,399195798,399543396,399820351,399196059,399196131,399196414,399820419,399820505,399820552,399820742,399820789,399820857,399998269,399998399,399998576,399998660,399998753,399998896,399998956,400000030,399998100,399998171,399437739,42421340,8967309,8967329,12721718,12721769,12968798,12968052,12968121,12968172,12968198,12968723,12968745,12968774,9212570,9212640,9212708,9213233,9213379,9213487,,,,,,,,,,,,,,,,,,,,
bb_id,6,0,188,190,191,192,193,194,199,200,202,203,204,205,206,207,208,209,210,211,212,214,216,217,218,219,220,222,224,226,227,228,229,230,231,232,233,234,235,238,239,240,241,242,243,244,245,246,247,248,249,250,251,252,253,254,255,256,260,261,262,263,264,267,268,269,270,271,272,273,274,275,276,277,278,280,282,283,284,285,286,288,,,,,,,,,,,,,,,,,,,,
bbv,6,1,1,1,187,187,186,186,186,23808,23808,23808,23808,190464,23808,23808,23936,23936,23936,191488,23936,23936,197,197,197,789,186,186,23808,23808,23808,190464,23808,23808,604,197,1393,1196,1196,1602,1393,1196,1196,1602,1196,1393,26379,26379,94663,94663,94663,94663,94663,3029198,94663,26379,1393,1,10,10,11,11,11,2816,2816,2816,2816,22528,2816,2816,2560,2560,2560,20480,2560,2560,,,,,,,,,,,,,,,,,,,,,,,,,,
csv,6,1,42421533,42421606,398882149,398882232,398754567,398754665,398882092,398880873,398880963,398881035,398881147,398881822,398881921,398882068,398998768,398998838,398998941,398999569,398999654,398999741,398999779,398999888,398999997,399659690,398637414,398637501,398753743,398753810,398753860,398754366,398754388,398754438,399914029,398754460,399914060,399914098,399914153,399914343,399914406,399914501,399914660,399914726,399914873,399914949,399967720,399967808,399999263,399999310,399999390,399999623,399999683,400000009,399999202,399967635,399913947,42421346,41388204,41388224,42370872,42370902,42421337,42421141,42421147,42421156,42421161,42421329,42421330,42421334,41435656,41435663,41435668,41435836,41435837,41435840,,,,,,,,,,,,,,,,,,,,,,,,,,
bb_id,6,1,199,200,202,203,204,205,206,207,208,209,210,211,212,214,216,217,218,219,220,222,224,226,227,228,229,230,231,232,233,234,235,238,239,240,241,242,243,244,245,246,247,248,249,250,251,252,253,254,255,256,260,261,262,263,264,267,268,269,270,271,272,273,274,275,276,277,278,280,282,283,284,285,286,288,,,,,,,,,,,,,,,,,,,,,,,,,,
bbv,6,2,1,1,182,182,181,181,181,23168,23168,23168,23168,185344,23168,23168,23296,23296,23296,186368,23296,23296,199,199,199,798,182,182,23266,23265,23265,186120,23265,23265,617,199,1414,1215,1215,1634,1414,1214,1214,1628,1214,1414,27464,27464,99457,99457,99457,99457,99457,3182648,99458,27465,1415,1,17,17,18,18,18,4608,4608,4608,4608,36864,4608,4608,4352,4352,4352,34816,4352,4352,,,,,,,,,,,,,,,,,,,,,,,,,,
csv,6,2,42421773,42421854,398273936,398273977,398147953,398148004,398273881,398272887,398272977,398273007,398273075,398273726,398273790,398273815,398399859,398399929,398399955,398400604,398400668,398400692,398400772,398400818,398400841,399912428,399912538,399912609,400000037,399999198,399999318,399999857,399999879,399999967,399718257,398147907,399718266,399718268,399718376,399718606,399718674,399528746,399528813,399328121,399528855,399718784,399718879,399718951,399908994,399909083,399909181,399909349,399909372,399912182,399912270,399912316,399912338,42421343,35947659,35947679,37501136,37501187,37605529,37605104,37605110,37605119,37605246,37605479,37605480,37605484,36040766,36040773,36040778,36041014,36041040,36041043,,,,,,,,,,,,,,,,,,,,,,,,,,
bb_id,6,2,199,200,202,203,204,205,206,207,208,209,210,211,212,214,216,217,218,219,220,222,224,226,227,228,229,230,231,232,233,234,235,238,239,240,241,242,243,244,245,246,247,248,249,250,251,252,253,254,255,256,260,261,262,263,264,267,268,269,270,271,272,273,274,275,276,277,278,280,282,283,284,285,286,288,,,,,,,,,,,,,,,,,,,,,,,,,,
bbv,6,3,1,1,188,188,187,187,187,23936,23936,23936,23936,191488,23936,23936,24064,24064,24064,192512,24064,24064,197,197,197,787,187,187,23936,23936,23936,191488,23936,23936,600,197,1387,1190,1190,1594,1387,1190,1190,1592,1190,1387,26146,26146,93656,93656,93656,93656,93656,2997000,93656,26146,1387,1,9,9,10,10,10,2560,2560,2560,2560,20480,2560,2560,2304,2304,2304,18432,2304,2304,,,,,,,,,,,,,,,,,,,,,,,,,,
csv,6,3,42421598,42421614,399557273,399557336,399444473,399444524,399557239,399556123,399556252,399556463,399556470,399557105,399557127,399557194,399664304,399664379,399664426,399664918,399665003,399665090,399665191,399665237,399665302,399894168,399332689,399332797,399443726,399443734,399443763,399444258,399444301,399444363,399108740,399444423,399894240,399894305,399894331,399109000,399894441,399894548,399894574,399894743,399894811,399894921,399996753,399996811,399996963,399997084,399997193,399997331,399997407,400000058,399996690,399996696,399894120,42421349,39109061,39109081,41051378,41051408,41159684,41159194,41159221,41159251,41159277,41159613,41159635,41159660,39213525,39213593,39213699,39213932,39213933,39213957,,,,,,,,,,,,,,,,,,,,,,,,,,
bb_id,6,3,199,200,202,203,204,205,206,207,208,209,210,211,212,214,216,217,218,219,220,222,224,226,227,228,229,230,231,232,233,234,235,238,239,240,241,242,243,244,245,246,247,248,249,250,251,252,253,254,255,256,260,261,262,263,264,267,268,269,270,271,272,273,274,275,276,277,278,280,282,283,284,285,286,288,,,,,,,,,,,,,,,,,,,,,,,,,,
bbv,7,0,215,215,215,215,215,27520,27520,27520,27520,220160,27520,27520,27520,27520,27520,220160,27520,27520,215,215,215,862,215,215,27520,27520,27520,220160,27520,27520,646,215,1508,1293,1293,1722,1508,1293,1293,1725,1293,1508,27365,27365,96462,96462,96462,96462,96462,3086792,96462,27365,1508,,,,,,,,,,,,,,,,,,,,,,,,,,,,,,,,,,,,,,,,,,,,,,,
csv,7,0,399187690,399187794,399063461,399063512,399187633,399186706,399186754,399186784,399186873,399187405,399187483,399187609,399352331,399352443,399352515,399353139,399353203,399353269,399353349,399353399,399353422,399989467,398948606,398948676,399062456,399062563,399062639,399063262,399063347,399063414,399783915,399063436,399989560,399989667,399989735,399989809,399989877,399989921,399989947,399990042,399990093,399990144,399990208,399990268,399997715,399997809,399997879,399998026,399998129,400000058,399997593,399989313,399989419,,,,,,,,,,,,,,,,,,,,,,,,,,,,,,,,,,,,,,,,,,,,,,,
bb_id,7,0,202,203,204,205,206,207,208,209,210,211,212,214,216,217,218,219,220,222,224,226,227,228,229,230,231,232,233,234,235,238,239,240,241,242,243,244,245,246,247,248,249,250,251,252,253,254,255,256,260,261,262,263,264,,,,,,,,,,,,,,,,,,,,,,,,,,,,,,,,,,,,,,,,,,,,,,,
bbv,7,1,209,209,209,209,209,26752,26752,26752,26752,214016,26752,26752,26752,26752,26752,214016,26752,26752,209,209,209,834,209,209,26752,26752,26752,214016,26752,26752,625,209,1459,1250,1250,1668,1459,1250,1250,1666,1250,1459,26431,26431,93359,93359,93359,93359,93359,2987493,93359,26431,1459,,,,,,,,,,,,,,,,,,,,,,,,,,,,,,,,,,,,,,,,,,,,,,,
csv,7,1,399846363,399846467,399726080,399726152,399846266,399845358,399845385,399845457,399845525,399846132,399846154,399846200,399963006,399963076,399963123,399963627,399963691,399963715,399963795,399963820,399963843,399618477,399618501,399618581,399725248,399725308,399725316,399725795,399725840,399725928,399404618,399725992,399963915,399404734,399404823,399405013,399963962,399963985,399964053,399964184,399964339,399964428,399998230,399998323,399998468,399998599,399998739,399998882,399999237,400000079,399997904,399998133,399618444,,,,,,,,,,,,,,,,,,,,,,,,,,,,,,,,,,,,,,,,,,,,,,,
bb_id,7,1,202,203,204,205,206,207,208,209,210,211,212,214,216,217,218,219,220,222,224,226,227,228,229,230,231,232,233,234,235,238,239,240,241,242,243,244,245,246,247,248,249,250,251,252,253,254,255,256,260,261,262,263,264,,,,,,,,,,,,,,,,,,,,,,,,,,,,,,,,,,,,,,,,,,,,,,,
bbv,7,2,204,204,204,204,204,26112,26112,26112,26112,208896,26112,26112,26112,26112,26112,208896,26112,26112,204,204,204,812,203,203,26014,26015,26015,208120,26015,26015,609,204,1422,1218,1218,1624,1422,1219,1219,1626,1219,1422,25845,25845,91008,91008,91008,91008,91008,2912241,91007,25844,1421,,,,,,,,,,,,,,,,,,,,,,,,,,,,,,,,,,,,,,,,,,,,,,,
csv,7,2,399652627,399652668,399536610,399536703,399652561,399651874,399651917,399651979,399652085,399652471,399652479,399652537,399759135,399759227,399759278,399759806,399759870,399759894,399759995,399760041,399760064,399418573,399418695,399418864,399535716,399535724,399535820,399536453,399536475,399536542,399221073,399536585,399760136,399221147,399221152,399221216,399760183,399760249,399760367,399760537,399760687,399760856,399997454,399997505,399997654,399997741,399997844,399998127,399998156,400000037,399997292,399997359,399418438,,,,,,,,,,,,,,,,,,,,,,,,,,,,,,,,,,,,,,,,,,,,,,,
bb_id,7,2,202,203,204,205,206,207,208,209,210,211,212,214,216,217,218,219,220,222,224,226,227,228,229,230,231,232,233,234,235,238,239,240,241,242,243,244,245,246,247,248,249,250,251,252,253,254,255,256,260,261,262,263,264,,,,,,,,,,,,,,,,,,,,,,,,,,,,,,,,,,,,,,,,,,,,,,,
bbv,7,3,208,208,208,208,208,26624,26624,26624,26624,212992,26624,26624,26624,26624,26624,212992,26624,26624,208,208,208,834,208,208,26624,26624,26624,212992,26624,26624,626,208,1460,1252,1252,1670,1460,1252,1252,1668,1252,1460,26462,26462,93472,93472,93472,93472,93472,2991084,93472,26462,1460,,,,,,,,,,,,,,,,,,,,,,,,,,,,,,,,,,,,,,,,,,,,,,,
csv,7,3,398552149,398552211,398424477,398424528,398552047,398551116,398551143,398551194,398551199,398551911,398551937,398551983,398669697,398669788,398669856,398670568,398670590,398670656,398670715,398670803,398670826,399779600,398311295,398311464,398423573,398423619,398423690,398424156,398424246,398424327,399572731,398424349,399779677,399779763,399779831,399779916,399780005,399780091,399780138,399573588,399780190,399780304,399892461,399892533,399999031,399999057,399999092,399999193,399999239,400000016,399998970,399892387,399779516,,,,,,,,,,,,,,,,,,,,,,,,,,,,,,,,,,,,,,,,,,,,,,,
bb_id,7,3,202,203,204,205,206,207,208,209,210,211,212,214,216,217,218,219,220,222,224,226,227,228,229,230,231,232,233,234,235,238,239,240,241,242,243,244,245,246,247,248,249,250,251,252,253,254,255,256,260,261,262,263,264,,,,,,,,,,,,,,,,,,,,,,,,,,,,,,,,,,,,,,,,,,,,,,,
bbv,8,0,1,1,1,1,1,1,1,1,1,1,1,8192,8192,8192,8192,1048576,8192,8192,1,1,6,1,1,1,1,1,1,154,154,154,154,154,19712,19712,19712,19712,157696,19712,19712,19712,19712,19712,157696,19712,19712,154,154,154,617,154,154,19712,19712,19712,157696,19712,19712,463,154,1080,926,926,1236,1080,926,926,1233,926,1080,19571,19571,69157,69157,69157,69157,69157,2213020,69157,19571,1080,,,,,,,,,,,,,,,,,,,,
csv,8,0,222873026,222873029,222873046,222873052,309315357,309315366,222873018,222873019,222873101,222873114,309315287,307664407,307664454,307664529,307664552,307674166,307674248,307674271,309315393,309315395,309315431,309315437,222873010,222873011,309315502,309315713,222872960,398699491,398699532,398571396,398571489,398699436,398698192,398698303,398698375,398698401,398699279,398699345,398699412,398813231,398813288,398813330,398813899,398814012,398814151,398814182,398814263,398814286,399859509,398453292,398453379,398570015,398570082,398570153,398571077,398571146,398571185,399651985,398571228,399859590,399859715,399859747,399859885,399859935,399859995,399860058,399652547,399860121,399860184,399972825,399972870,399998144,399998241,399998351,399998546,399998595,400000046,399997999,399972729,399859487,,,,,,,,,,,,,,,,,,,,
bb_id,8,0,50,52,53,54,56,99,100,102,103,104,105,106,107,108,109,110,111,113,191,192,193,194,196,198,199,200,201,202,203,204,205,206,207,208,209,210,211,212,214,216,217,218,219,220,222,224,226,227,228,229,230,231,232,233,234,235,238,239,240,241,242,243,244,245,246,247,248,249,250,251,252,253,254,255,256,260,261,262,263,264,,,,,,,,,,,,,,,,,,,,
bbv,8,1,1,1,1,8192,8192,8192,8192,1048576,8192,8192,1,1,1,164,164,164,164,164,20992,20992,20992,20992,167936,20992,20992,20992,20992,20992,167936,20992,20992,164,164,164,657,164,164,20992,20992,20992,167936,20992,20992,492,164,1149,985,985,1312,1149,985,985,1314,985,1149,20887,20887,73535,73535,73535,73535,73535,2353125,73535,20887,1149,,,,,,,,,,,,,,,,,,,,,,,,,,,,,,,,,,
csv,8,1,222873420,222873446,309315293,309217694,309217741,309217856,309217959,309227455,309227497,309227560,309315697,309315755,222872954,399638365,399638469,399509859,399509940,399638352,399637402,399637551,399637604,399637672,399638239,399638261,399638328,399756423,399756451,399756493,399756937,399756981,399757005,399757082,399757219,399757247,399972831,399394756,399394780,399509102,399509190,399509240,399509725,399509776,399509812,399177316,399509855,399972840,399972955,399972990,399177827,399973192,399973243,399973311,399973417,399973443,399973553,399998294,399998360,399998442,399998593,399998674,399998824,399998873,400000025,399998169,399998194,399972751,,,,,,,,,,,,,,,,,,,,,,,,,,,,,,,,,,
bb_id,8,1,103,104,105,106,107,108,109,110,111,113,199,200,201,202,203,204,205,206,207,208,209,210,211,212,214,216,217,218,219,220,222,224,226,227,228,229,230,231,232,233,234,235,238,239,240,241,242,243,244,245,246,247,248,249,250,251,252,253,254,255,256,260,261,262,263,264,,,,,,,,,,,,,,,,,,,,,,,,,,,,,,,,,,
bbv,8,2,1,1,1,8192,8192,8192,8192,1048576,8192,8192,1,1,1,173,173,173,173,173,22144,22144,22144,22144,177152,22144,22144,22027,22027,22027,176214,22026,22026,172,172,172,692,173,173,22144,22144,22144,177152,22144,22144,519,173,1210,1038,1038,1384,1210,1037,1037,1382,1037,1210,21907,21907,77440,77440,77440,77440,77440,2478095,77441,21908,1211,,,,,,,,,,,,,,,,,,,,,,,,,,,,,,,,,,
csv,8,2,222873163,222873211,309315296,309312654,309312681,309312716,309312719,309315279,309315281,309315284,309315567,309315705,222872963,399989971,399990016,399861423,399861474,399989895,399988847,399988909,399989082,399989215,399989698,399989762,399989829,399999488,399999558,399999584,400000067,399999378,399999444,398149862,398149943,398150067,399746532,399746586,399746734,399860561,399860705,399860734,399861238,399861302,399861335,399525397,399861357,399525532,399525556,399525628,399525765,399525826,399301740,399301808,399080800,399301859,399525978,399526031,399526107,399743912,399744001,399744099,399744263,399744307,399746464,399746491,399746523,399746526,,,,,,,,,,,,,,,,,,,,,,,,,,,,,,,,,,
bb_id,8,2,103,104,105,106,107,108,109,110,111,113,199,200,201,202,203,204,205,206,207,208,209,210,211,212,214,216,217,218,219,220,222,224,226,227,228,229,230,231,232,233,234,235,238,239,240,241,242,243,244,245,246,247,248,249,250,251,252,253,254,255,256,260,261,262,263,264,,,,,,,,,,,,,,,,,,,,,,,,,,,,,,,,,,
bbv,8,3,1,1,1,8192,8192,8192,8192,1048576,8192,8192,1,1,1,164,164,164,164,164,20992,20992,20992,20992,167936,20992,20992,20992,20992,20992,167936,20992,20992,164,164,164,655,164,164,20992,20992,20992,167936,20992,20992,491,164,1146,982,982,1308,1146,982,982,1311,982,1146,20819,20819,73315,73315,73315,73315,73315,2346100,73315,20819,1146,,,,,,,,,,,,,,,,,,,,,,,,,,,,,,,,,,
csv,8,3,222873371,222873433,309315290,309252613,309252640,309252675,309252798,309258316,309258318,309258381,309315632,309315747,222872957,399013693,399013811,398877726,398877816,399013659,399012218,399012287,399012359,399012448,399013413,399013460,399013588,399171568,399171739,399171809,399172481,399172566,399172632,399172691,399172758,399172823,399883461,398766579,398766603,398876710,398876760,398876871,398877545,398877607,398877653,399664805,398877722,399883470,399883540,399883608,399883682,399883771,399883836,399883904,399883957,399884008,399884085,399993099,399993192,399996835,399996882,399996945,399997114,399997200,400000004,399996748,399993067,399883446,,,,,,,,,,,,,,,,,,,,,,,,,,,,,,,,,,
bb_id,8,3,103,104,105,106,107,108,109,110,111,113,199,200,201,202,203,204,205,206,207,208,209,210,211,212,214,216,217,218,219,220,222,224,226,227,228,229,230,231,232,233,234,235,238,239,240,241,242,243,244,245,246,247,248,249,250,251,252,253,254,255,256,260,261,262,263,264,,,,,,,,,,,,,,,,,,,,,,,,,,,,,,,,,,
bbv,9,0,215,215,215,215,215,27520,27520,27520,27520,220160,27520,27520,27520,27520,27520,220160,27520,27520,215,215,215,860,215,215,27520,27520,27520,220160,27520,27520,646,215,1506,1291,1291,1722,1506,1290,1290,1720,1290,1506,27306,27306,96403,96403,96403,96403,96403,3084895,96403,27306,1506,,,,,,,,,,,,,,,,,,,,,,,,,,,,,,,,,,,,,,,,,,,,,,,
csv,9,0,398378670,398378840,398264540,398264591,398378636,398377507,398377578,398377671,398377781,398378369,398378496,398378571,398499398,398499479,398499505,398499979,398500001,398500123,398500314,398500392,398500445,399604880,398164317,398164383,398263886,398263935,398263964,398264400,398264443,398264469,399817433,398264491,399817463,399817826,399817856,399818004,399818093,399605377,399605424,399391217,399605450,399818203,399818319,399818412,399998368,399998426,399998491,399998775,399998849,400000034,399998270,399817184,399817256,,,,,,,,,,,,,,,,,,,,,,,,,,,,,,,,,,,,,,,,,,,,,,,
bb_id,9,0,202,203,204,205,206,207,208,209,210,211,212,214,216,217,218,219,220,222,224,226,227,228,229,230,231,232,233,234,235,238,239,240,241,242,243,244,245,246,247,248,249,250,251,252,253,254,255,256,260,261,262,263,264,,,,,,,,,,,,,,,,,,,,,,,,,,,,,,,,,,,,,,,,,,,,,,,
bbv,9,1,207,207,207,207,207,26496,26496,26496,26496,211968,26496,26496,26496,26496,26496,211968,26496,26496,207,207,207,831,208,208,26561,26561,26561,212483,26560,26560,624,207,1454,1247,1247,1664,1454,1246,1246,1660,1246,1454,26347,26347,93111,93111,93111,93111,93111,2979569,93112,26348,1455,,,,,,,,,,,,,,,,,,,,,,,,,,,,,,,,,,,,,,,,,,,,,,,
csv,9,1,398239605,398239625,398136141,398136176,398239522,398238843,398238923,398238969,398238995,398239421,398239458,398239483,398333210,398333238,398333327,398333783,398333877,398333927,398334028,398334095,398334202,399943778,399943781,399943821,399999693,399999760,399999853,400000055,399999535,399999602,399715278,398136114,399715394,399715444,399715487,399715689,399715736,399493298,399493324,399274862,399493350,399715783,399715836,399715975,399940533,399940627,399940816,399940956,399941000,399943580,399943600,399943667,399943684,,,,,,,,,,,,,,,,,,,,,,,,,,,,,,,,,,,,,,,,,,,,,,,
bb_id,9,1,202,203,204,205,206,207,208,209,210,211,212,214,216,217,218,219,220,222,224,226,227,228,229,230,231,232,233,234,235,238,239,240,241,242,243,244,245,246,247,248,249,250,251,252,253,254,255,256,260,261,262,263,264,,,,,,,,,,,,,,,,,,,,,,,,,,,,,,,,,,,,,,,,,,,,,,,
bbv,9,2,204,204,204,204,204,26112,26112,26112,26112,208896,26112,26112,26229,26229,26229,209834,26230,26230,205,205,205,817,204,204,26112,26112,26112,208896,26112,26112,612,204,1430,1225,1225,1632,1430,1226,1226,1636,1226,1430,25975,25975,91461,91461,91461,91461,91461,2926737,91460,25974,1429,,,,,,,,,,,,,,,,,,,,,,,,,,,,,,,,,,,,,,,,,,,,,,,
csv,9,2,399629815,399629856,399505801,399505936,399629699,399628493,399628604,399628760,399628870,399629475,399629583,399629654,399751453,399751523,399751549,399752095,399752159,399752183,399752221,399752288,399752311,399986001,399388056,399388101,399504977,399505002,399505054,399505665,399505687,399505733,399139127,399505776,399986074,399986097,399986118,399139648,399986198,399986220,399986258,399986301,399986321,399986442,399998400,399998456,399998552,399998624,399998810,399998950,399999010,400000013,399998266,399998307,399985974,,,,,,,,,,,,,,,,,,,,,,,,,,,,,,,,,,,,,,,,,,,,,,,
bb_id,9,2,202,203,204,205,206,207,208,209,210,211,212,214,216,217,218,219,220,222,224,226,227,228,229,230,231,232,233,234,235,238,239,240,241,242,243,244,245,246,247,248,249,250,251,252,253,254,255,256,260,261,262,263,264,,,,,,,,,,,,,,,,,,,,,,,,,,,,,,,,,,,,,,,,,,,,,,,
bbv,9,3,208,208,209,209,208,26629,26629,26629,26629,213024,26628,26628,26624,26624,26624,212992,26624,26624,208,208,208,834,209,209,26752,26752,26752,214016,26752,26752,626,209,1459,1251,1251,1670,1459,1250,1250,1665,1250,1459,26426,26426,93406,93406,93406,93406,93406,2988994,93407,26427,1460,,,,,,,,,,,,,,,,,,,,,,,,,,,,,,,,,,,,,,,,,,,,,,,
csv,9,3,398212992,398213033,399996658,399996704,398212958,399999903,399999925,399999992,400000039,399999781,399999845,399999857,398310531,398310601,398310690,398311010,398311053,398311119,398311157,398311224,398311247,399888388,399888492,399888626,399995813,399995859,399995925,399996506,399996570,399996595,399666492,399996612,399666522,399666571,399666660,399666829,399666897,399456185,399456232,399233934,399456346,399667007,399667081,399667111,399884864,399884911,399885009,399885152,399885175,399888133,399888147,399888269,399888361,,,,,,,,,,,,,,,,,,,,,,,,,,,,,,,,,,,,,,,,,,,,,,,
bb_id,9,3,202,203,204,205,206,207,208,209,210,211,212,214,216,217,218,219,220,222,224,226,227,228,229,230,231,232,233,234,235,238,239,240,241,242,243,244,245,246,247,248,249,250,251,252,253,254,255,256,260,261,262,263,264,,,,,,,,,,,,,,,,,,,,,,,,,,,,,,,,,,,,,,,,,,,,,,,
bbv,10,0,215,215,215,215,215,27520,27520,27520,27520,220160,27520,27520,27414,27414,27414,219312,27414,27414,214,214,214,857,215,215,27520,27520,27520,220160,27520,27520,642,215,1498,1284,1284,1712,1498,1284,1284,1712,1284,1498,27178,27178,95877,95877,95877,95877,95877,3068081,95878,27179,1499,,,,,,,,,,,,,,,,,,,,,,,,,,,,,,,,,,,,,,,,,,,,,,,
csv,10,0,399973751,399973821,399857563,399857656,399973717,399973094,399973121,399973167,399973193,399973614,399973636,399973689,399999051,399999108,399999154,399999923,399999957,400000018,398238791,398238822,398238901,399747053,399747100,399747145,399856720,399856745,399856816,399857343,399857428,399857495,399525571,399857538,399525601,399525688,399525759,399525857,399525911,399327675,399327721,399125973,399327783,399526021,399526060,399526095,399742890,399743162,399743241,399743447,399743533,399746832,399746979,399747004,399747026,,,,,,,,,,,,,,,,,,,,,,,,,,,,,,,,,,,,,,,,,,,,,,,
bb_id,10,0,202,203,204,205,206,207,208,209,210,211,212,214,216,217,218,219,220,222,224,226,227,228,229,230,231,232,233,234,235,238,239,240,241,242,243,244,245,246,247,248,249,250,251,252,253,254,255,256,260,261,262,263,264,,,,,,,,,,,,,,,,,,,,,,,,,,,,,,,,,,,,,,,,,,,,,,,
bbv,10,1,209,209,209,209,209,26752,26752,26752,26752,214016,26752,26752,26752,26752,26752,214016,26752,26752,209,209,209,836,209,209,26763,26763,26763,214102,26763,26763,627,209,1463,1254,1254,1672,1463,1254,1254,1672,1254,1463,26543,26543,93632,93632,93632,93632,93632,2996224,93632,26543,1463,,,,,,,,,,,,,,,,,,,,,,,,,,,,,,,,,,,,,,,,,,,,,,,
csv,10,1,398327972,398328060,398202288,398202339,398327852,398326877,398326927,398326999,398327046,398327739,398327761,398327828,398446056,398446126,398446215,398446887,398446972,398446996,398447034,398447101,398447124,399939115,399939139,399939205,399999860,399999927,399999956,400000015,399999700,399999706,399748711,398202202,399748741,399748822,399748885,399748950,399749022,399538593,399538645,399375455,399538671,399749118,399749171,399749292,399936285,399936332,399936430,399936577,399936625,399938908,399938958,399939019,399939067,,,,,,,,,,,,,,,,,,,,,,,,,,,,,,,,,,,,,,,,,,,,,,,
bb_id,10,1,202,203,204,205,206,207,208,209,210,211,212,214,216,217,218,219,220,222,224,226,227,228,229,230,231,232,233,234,235,238,239,240,241,242,243,244,245,246,247,248,249,250,251,252,253,254,255,256,260,261,262,263,264,,,,,,,,,,,,,,,,,,,,,,,,,,,,,,,,,,,,,,,,,,,,,,,
bbv,10,2,204,204,204,204,204,26112,26112,26112,26112,208896,26112,26112,26112,26112,26112,208896,26112,26112,204,204,204,816,204,204,26112,26112,26112,208896,26112,26112,612,204,1428,1224,1224,1632,1428,1224,1224,1632,1224,1428,25929,25929,91435,91435,91435,91435,91435,2925934,91435,25929,1428,,,,,,,,,,,,,,,,,,,,,,,,,,,,,,,,,,,,,,,,,,,,,,,
csv,10,2,399482653,399482709,399358688,399358782,399482511,399481564,399481689,399481799,399481846,399482373,399482437,399482462,399600223,399600328,399600476,399601253,399601317,399601341,399601425,399601454,399601477,399841310,399248671,399248723,399357793,399357862,399357954,399358531,399358595,399358620,399016312,399358663,399841377,399841437,399841500,399016631,399841547,399841565,399841628,399841766,399841772,399841861,399995054,399995096,399997649,399997754,399997868,399998065,399998114,400000039,399997551,399994968,399841288,,,,,,,,,,,,,,,,,,,,,,,,,,,,,,,,,,,,,,,,,,,,,,,
bb_id,10,2,202,203,204,205,206,207,208,209,210,211,212,214,216,217,218,219,220,222,224,226,227,228,229,230,231,232,233,234,235,238,239,240,241,242,243,244,245,246,247,248,249,250,251,252,253,254,255,256,260,261,262,263,264,,,,,,,,,,,,,,,,,,,,,,,,,,,,,,,,,,,,,,,,,,,,,,,
bbv,10,3,209,209,208,208,209,26747,26747,26747,26747,213984,26748,26748,26752,26752,26752,214016,26752,26752,209,209,209,833,208,208,26624,26624,26624,212992,26624,26624,624,208,1458,1249,1249,1664,1458,1250,1250,1668,1250,1458,26508,26508,93304,93304,93304,93304,93304,2985700,93303,26507,1457,,,,,,,,,,,,,,,,,,,,,,,,,,,,,,,,,,,,,,,,,,,,,,,
csv,10,3,399395200,399395262,399283074,399283157,399395152,399394201,399394233,399394242,399394310,399394955,399394990,399395020,399552316,399552386,399552413,399553039,399553124,399553169,399553207,399553274,399553319,399802608,399174539,399174664,399282339,399282365,399282373,399282792,399282947,399282990,398947737,399283012,399802626,399802695,399802750,398948239,399802845,399802884,399802984,399803101,399803149,399803270,399995884,399995941,399999215,399999315,399999450,399999641,399999702,400000060,399999112,399995752,399802581,,,,,,,,,,,,,,,,,,,,,,,,,,,,,,,,,,,,,,,,,,,,,,,
bb_id,10,3,202,203,204,205,206,207,208,209,210,211,212,214,216,217,218,219,220,222,224,226,227,228,229,230,231,232,233,234,235,238,239,240,241,242,243,244,245,246,247,248,249,250,251,252,253,254,255,256,260,261,262,263,264,,,,,,,,,,,,,,,,,,,,,,,,,,,,,,,,,,,,,,,,,,,,,,,
bbv,11,0,1,1,7,1,1,1,1,33,33,34,34,34,4352,4352,4352,4352,34816,4352,4352,4330,4330,4330,34640,4330,4330,112,112,112,446,34,34,4352,4352,4352,34816,4352,4352,412,111,859,747,747,1046,859,748,748,1051,748,859,24200,24200,94693,94693,94693,94693,94693,3030145,94692,24199,858,1,1,78,78,77,77,77,19712,19712,19712,19712,157696,19712,19712,19968,19968,19968,159744,19968,19968,,,,,,,,,,,,,,,,,,,,
csv,11,0,89766962,89766964,89767006,89767012,89766934,89766935,89766878,61046084,61046125,62777928,62777979,62881765,62880886,62880901,62881013,62881079,62881610,62881695,62881741,61160077,61160162,61160218,61160926,61160990,61161056,397819903,397819991,397820056,399204466,62676789,62676813,62777199,62777273,62777398,62777797,62777819,62777844,399657659,397324273,399657752,399657859,399657948,399658159,399658227,399658292,399658360,399658455,399658523,399658591,399986280,399986352,399999486,399999589,399999687,399999893,399999979,400000021,399999356,399986227,399657630,89767142,89767223,397579854,397579895,397324380,397324431,397579820,397578931,397579061,397579072,397579140,397579602,397579708,397579796,397818990,397819140,397819166,397819735,397819799,397819823,,,,,,,,,,,,,,,,,,,,
bb_id,11,0,183,184,185,186,196,198,201,202,203,204,205,206,207,208,209,210,211,212,214,216,217,218,219,220,222,224,226,227,228,229,230,231,232,233,234,235,238,239,240,241,242,243,244,245,246,247,248,249,250,251,252,253,254,255,256,260,261,262,263,264,265,266,268,269,270,271,272,273,274,275,276,277,278,280,282,283,284,285,286,288,,,,,,,,,,,,,,,,,,,,
bbv,11,1,1,48,48,49,49,49,6272,6272,6272,6272,50176,6272,6272,6144,6144,6144,49152,6144,6144,123,123,123,491,48,48,6196,6196,6196,49575,6197,6197,443,123,935,812,812,1132,935,813,813,1134,813,935,25220,25220,98117,98117,98117,98117,98117,3139735,98116,25219,934,1,1,75,75,74,74,74,18944,18944,18944,18944,151552,18944,18944,19200,19200,19200,153600,19200,19200,,,,,,,,,,,,,,,,,,,,,,,,,,
csv,11,1,89766881,89133917,89133958,89741626,89741656,89766875,89766679,89766685,89766694,89766699,89766867,89766868,89766872,89186354,89186382,89186429,89186702,89186703,89186748,397006888,397006934,397007039,399288375,89722141,89722165,89741476,89741480,89741488,89741616,89741617,89741621,399751239,396521017,399751332,399751355,399751402,399751592,399751765,399751830,399751877,399288959,399751903,399751996,399982348,399982586,399997402,399997474,399997513,399997671,399997762,400000063,399997277,399982259,399751229,89767314,89767322,396769140,396769160,396521056,396521086,396769083,396768013,396768087,396768173,396768220,396768855,396768933,396769080,397005971,397006062,397006130,397006641,397006663,397006743,,,,,,,,,,,,,,,,,,,,,,,,,,
bb_id,11,1,201,202,203,204,205,206,207,208,209,210,211,212,214,216,217,218,219,220,222,224,226,227,228,229,230,231,232,233,234,235,238,239,240,241,242,243,244,245,246,247,248,249,250,251,252,253,254,255,256,260,261,262,263,264,265,266,268,269,270,271,272,273,274,275,276,277,278,280,282,283,284,285,286,288,,,,,,,,,,,,,,,,,,,,,,,,,,
bbv,11,2,1,57,57,58,58,58,7424,7424,7424,7424,59392,7424,7424,7296,7296,7296,58368,7296,7296,130,130,130,523,58,58,7424,7424,7424,59392,7424,7424,465,130,988,858,858,1194,988,857,857,1190,857,988,25893,25893,100613,100613,100613,100613,100613,3219601,100613,25893,988,1,1,73,73,72,72,72,18432,18432,18432,18432,147456,18432,18432,18688,18688,18688,149504,18688,18688,,,,,,,,,,,,,,,,,,,,,,,,,,
csv,11,2,89766884,82520237,82520278,83259892,83259923,83308917,83308610,83308639,83308648,83308653,83308885,83308910,83308914,82569318,82569325,82569330,82569649,82569650,82569653,396207406,396207452,396207478,399567718,83218069,83218135,83259490,83259494,83259607,83259777,83259841,83259845,399079103,395700529,399567769,399567813,399567961,399568111,399568200,399079650,399079739,398593848,399079807,399568268,399568363,399568393,399998570,399998659,399998736,399998879,399998923,400000000,399998446,399567634,399567677,89767077,89767215,395947693,395947759,395700617,395700689,395947616,395946778,395946805,395946844,395946853,395947337,395947483,395947550,396206262,396206332,396206400,396207153,396207238,396207325,,,,,,,,,,,,,,,,,,,,,,,,,,
bb_id,11,2,201,202,203,204,205,206,207,208,209,210,211,212,214,216,217,218,219,220,222,224,226,227,228,229,230,231,232,233,234,235,238,239,240,241,242,243,244,245,246,247,248,249,250,251,252,253,254,255,256,260,261,262,263,264,265,266,268,269,270,271,272,273,274,275,276,277,278,280,282,283,284,285,286,288,,,,,,,,,,,,,,,,,,,,,,,,,,
bbv,11,3,1,47,47,48,48,48,6144,6144,6144,6144,49152,6144,6144,6016,6016,6016,48128,6016,6016,122,122,122,491,48,48,6144,6144,6144,49152,6144,6144,444,123,934,812,812,1134,934,811,811,1130,811,934,25129,25129,98184,98184,98184,98184,98184,3141916,98185,25130,935,1,1,75,75,75,75,74,18987,18987,18987,18987,151894,18986,18986,19200,19200,19200,153600,19200,19200,,,,,,,,,,,,,,,,,,,,,,,,,,
csv,11,3,89766887,88490428,88490469,89393249,89393279,89446923,89446505,89446546,89446555,89446661,89446894,89446895,89446920,88541480,88541508,88541534,88541807,88541829,88541853,396279459,396279547,396279591,399494964,89345870,89345915,89392910,89392935,89392943,89393197,89393198,89393223,399957047,399957094,399495041,399495141,399495310,399495460,399495528,399037240,399037291,398574834,399037357,399495659,399495754,399495826,399953659,399953828,399953928,399954201,399954264,399956841,399956908,399956954,399956976,89767207,89767330,396055327,396055368,399957201,399957252,396055272,399999352,399999404,399999516,399999542,400000042,399999155,399999264,396278485,396278560,396278642,396279228,396279292,396279400,,,,,,,,,,,,,,,,,,,,,,,,,,
bb_id,11,3,201,202,203,204,205,206,207,208,209,210,211,212,214,216,217,218,219,220,222,224,226,227,228,229,230,231,232,233,234,235,238,239,240,241,242,243,244,245,246,247,248,249,250,251,252,253,254,255,256,260,261,262,263,264,265,266,268,269,270,271,272,273,274,275,276,277,278,280,282,283,284,285,286,288,,,,,,,,,,,,,,,,,,,,,,,,,,
bbv,12,0,99,99,99,398,397,99,795,696,696,996,795,695,695,991,695,795,25253,25253,101749,101749,101749,101749,101749,3255979,101749,25253,795,99,99,99,99,99,25344,25344,25344,25344,202752,25344,25344,25344,25344,25344,202752,25344,25344,,,,,,,,,,,,,,,,,,,,,,,,,,,,,,,,,,,,,,,,,,,,,,,,,,,,,,,
csv,12,0,396583289,396583356,396583400,399689377,399275802,396044290,399689508,399689554,399689622,399689770,399689859,399276270,399276296,398844327,399276331,399689948,399690043,399690115,399998046,399998139,399998277,399998481,399998628,400000053,399997922,399689097,399689268,396299145,396299221,396044315,396044408,396299132,396298131,396298200,396298293,396298340,396298928,396298975,396299108,396582229,396582299,396582388,396582892,396582935,396583039,,,,,,,,,,,,,,,,,,,,,,,,,,,,,,,,,,,,,,,,,,,,,,,,,,,,,,,
bb_id,12,0,224,226,227,228,239,240,241,242,243,244,245,246,247,248,249,250,251,252,253,254,255,256,260,261,262,263,264,268,269,270,271,272,273,274,275,276,277,278,280,282,283,284,285,286,288,,,,,,,,,,,,,,,,,,,,,,,,,,,,,,,,,,,,,,,,,,,,,,,,,,,,,,,
bbv,12,1,97,97,97,388,387,97,775,678,678,968,775,678,678,970,678,775,24730,24730,99163,99163,99163,99163,99163,3173206,99163,24730,775,97,97,97,97,97,24832,24832,24832,24832,198656,24832,24832,24832,24832,24832,198656,24832,24832,,,,,,,,,,,,,,,,,,,,,,,,,,,,,,,,,,,,,,,,,,,,,,,,,,,,,,,
csv,12,1,397523226,397523293,397523358,399885082,399423672,397034919,399885112,399885156,399885182,399885288,399885356,399885463,399885468,399885563,399885610,399885724,399885885,399885950,399998242,399998324,399998380,399998603,399998626,400000011,399998092,399884949,399885013,397280705,397280889,397035113,397035143,397280636,397279779,397279806,397279857,397279925,397280427,397280587,397280612,397520070,397522507,397522512,397523098,397523143,397523146,,,,,,,,,,,,,,,,,,,,,,,,,,,,,,,,,,,,,,,,,,,,,,,,,,,,,,,
bb_id,12,1,224,226,227,228,239,240,241,242,243,244,245,246,247,248,249,250,251,252,253,254,255,256,260,261,262,263,264,268,269,270,271,272,273,274,275,276,277,278,280,282,283,284,285,286,288,,,,,,,,,,,,,,,,,,,,,,,,,,,,,,,,,,,,,,,,,,,,,,,,,,,,,,,
bbv,12,2,94,94,94,375,376,94,751,657,657,938,751,658,658,940,658,751,23968,23968,96041,96041,96041,96041,96041,3073298,96041,23968,751,94,94,94,94,94,24064,24064,24064,24064,192512,24064,24064,24064,24064,24064,192512,24064,24064,,,,,,,,,,,,,,,,,,,,,,,,,,,,,,,,,,,,,,,,,,,,,,,,,,,,,,,
csv,12,2,397087409,397087498,397087550,399431295,399889967,396586379,399889997,399890041,399890151,399890301,399890416,399890495,399890601,399432072,399890648,399890758,399890792,399890864,399999447,399999503,399999559,399999768,399999791,400000032,399999333,399889895,399889917,396842625,396842687,396586446,396586560,396842591,396841975,396842002,396842053,396842100,396842499,396842521,396842567,397086381,397086472,397086540,397087220,397087242,397087371,,,,,,,,,,,,,,,,,,,,,,,,,,,,,,,,,,,,,,,,,,,,,,,,,,,,,,,
bb_id,12,2,224,226,227,228,239,240,241,242,243,244,245,246,247,248,249,250,251,252,253,254,255,256,260,261,262,263,264,268,269,270,271,272,273,274,275,276,277,278,280,282,283,284,285,286,288,,,,,,,,,,,,,,,,,,,,,,,,,,,,,,,,,,,,,,,,,,,,,,,,,,,,,,,
bbv,12,3,98,98,98,388,388,97,777,679,679,970,777,680,680,972,680,777,24830,24830,99423,99423,99423,99423,99423,3181504,99422,24829,776,98,98,97,97,98,25045,25045,25045,25045,200362,25046,25046,25088,25088,25088,200704,25088,25088,,,,,,,,,,,,,,,,,,,,,,,,,,,,,,,,,,,,,,,,,,,,,,,,,,,,,,,
csv,12,3,399643575,399643614,399643637,398699277,399156549,399156592,399643789,398699435,398699482,398699588,399643859,399643924,399643971,399644140,399644229,399644280,399999386,399999477,399999620,399999667,399999826,399999990,400000055,399999132,399999220,399999287,399156478,399408074,399408115,399156617,399156731,399408019,399406817,399406886,399406979,399407026,399407803,399407968,399407995,399642485,399642576,399642644,399643362,399643384,399643490,,,,,,,,,,,,,,,,,,,,,,,,,,,,,,,,,,,,,,,,,,,,,,,,,,,,,,,
bb_id,12,3,224,226,227,228,239,240,241,242,243,244,245,246,247,248,249,250,251,252,253,254,255,256,260,261,262,263,264,268,269,270,271,272,273,274,275,276,277,278,280,282,283,284,285,286,288,,,,,,,,,,,,,,,,,,,,,,,,,,,,,,,,,,,,,,,,,,,,,,,,,,,,,,,
bbv,13,0,1,1,7,1,1,1,91,91,91,364,365,92,728,637,637,910,728,637,637,910,637,728,23205,23205,93222,93222,93222,93222,93222,2983124,93223,23206,729,1,79,79,80,80,80,20480,20480,20480,20480,163840,20480,20480,20224,20224,20224,161792,20224,20224,1,1,12,12,12,12,11,373,373,372,95256,384,384,384,98304,,,,,,,,,,,,,,,,,,,,,,,,,,,,,,,,,
csv,13,0,347708779,347708781,347708823,347708829,347708749,347708750,396419011,396419078,396419101,399283747,399641577,399641598,399283808,399283841,399283919,399284034,399284091,398890908,398890944,398525656,398890970,399284159,399284284,399284345,399638536,399638613,399638678,399638820,399638873,399641458,399641482,399641507,399641528,347708693,310541605,310541667,314369325,314369418,314620465,314619771,314619798,314619870,314619917,314620398,314620445,314620458,310782106,310782197,310782286,310782727,310782791,310782878,347708894,347709119,395868664,395868695,399641623,399641681,395868621,399997913,399997954,399997784,400000057,396400938,396401051,396418950,396418884,,,,,,,,,,,,,,,,,,,,,,,,,,,,,,,,,
bb_id,13,0,175,176,177,178,188,190,224,226,227,228,239,240,241,242,243,244,245,246,247,248,249,250,251,252,253,254,255,256,260,261,262,263,264,267,268,269,270,271,272,273,274,275,276,277,278,280,282,283,284,285,286,288,290,291,293,294,295,296,297,298,299,300,301,302,303,304,305,,,,,,,,,,,,,,,,,,,,,,,,,,,,,,,,,
bbv,13,1,96,96,96,385,386,97,770,674,674,964,770,673,673,960,673,770,24486,24486,98656,98656,98656,98656,98656,3157011,98657,24487,771,1,84,84,85,85,85,21760,21760,21760,21760,174080,21760,21760,21504,21504,21504,172032,21504,21504,1,1,13,13,12,12,12,384,384,384,98304,393,393,392,100536,,,,,,,,,,,,,,,,,,,,,,,,,,,,,,,,,,,,,,,
csv,13,1,396010928,396010965,396011029,398991707,399389715,399389830,398991833,398991907,398992006,398992080,398992095,398571951,398571977,398170547,398572003,398992194,398992278,398992339,399386021,399386120,399386197,399386360,399386435,399389480,399389546,399389602,399389655,347708699,346302557,346302577,347658225,347658255,347708690,347708494,347708500,347708509,347708514,347708682,347708683,347708687,346410935,346410977,346411083,346411316,346411338,346411362,347709024,347709101,399862814,399862958,399389876,399389945,399862710,399847079,399847110,399862615,399862603,399989079,399989118,399989056,400000047,,,,,,,,,,,,,,,,,,,,,,,,,,,,,,,,,,,,,,,
bb_id,13,1,224,226,227,228,239,240,241,242,243,244,245,246,247,248,249,250,251,252,253,254,255,256,260,261,262,263,264,267,268,269,270,271,272,273,274,275,276,277,278,280,282,283,284,285,286,288,290,291,293,294,295,296,297,298,299,300,301,302,303,304,305,,,,,,,,,,,,,,,,,,,,,,,,,,,,,,,,,,,,,,,
bbv,13,2,101,101,101,403,402,101,805,704,704,1004,805,704,704,1008,704,805,25729,25729,103032,103032,103032,103032,103032,3297030,103032,25729,805,1,89,89,90,90,90,23040,23040,23040,23040,184320,23040,23040,22784,22784,22784,182272,22784,22784,1,1,12,12,11,11,11,352,352,352,90112,384,384,384,98304,,,,,,,,,,,,,,,,,,,,,,,,,,,,,,,,,,,,,,,
csv,13,2,398874895,398874951,398874974,399945572,399657419,397447763,399945623,399945664,399945740,399945807,399945867,399945980,399946017,399946121,399946167,399946255,399987274,399987374,399999144,399999189,399999234,399999442,399999499,400000016,399999073,399987213,399945556,347708702,339235595,339235639,340777652,340777682,340878170,340877890,340877896,340877905,340877910,340878162,340878163,340878167,339322630,339322637,339322642,339322907,339322908,339322911,347708959,347709125,398239324,398239380,397447830,397447879,398239249,398215172,398215203,398239183,398239117,398859397,398859460,398874847,398874792,,,,,,,,,,,,,,,,,,,,,,,,,,,,,,,,,,,,,,,
bb_id,13,2,224,226,227,228,239,240,241,242,243,244,245,246,247,248,249,250,251,252,253,254,255,256,260,261,262,263,264,267,268,269,270,271,272,273,274,275,276,277,278,280,282,283,284,285,286,288,290,291,293,294,295,296,297,298,299,300,301,302,303,304,305,,,,,,,,,,,,,,,,,,,,,,,,,,,,,,,,,,,,,,,
bbv,13,3,96,96,96,384,384,96,768,672,672,960,768,672,672,960,672,768,24454,24454,98278,98278,98278,98278,98278,3144903,98278,24454,768,1,83,83,84,84,84,21504,21504,21504,21504,172032,21504,21504,21248,21248,21248,169984,21248,21248,1,1,13,13,12,12,12,384,384,384,98304,416,416,416,106496,,,,,,,,,,,,,,,,,,,,,,,,,,,,,,,,,,,,,,,
csv,13,3,399808485,399808520,399808563,398384871,398744914,398744946,399808582,398385156,398385192,398385216,399808628,399808671,399808727,399808851,399808917,399808995,399999059,399999163,399999295,399999331,399999487,399999600,399999612,400000037,399998951,399999017,398744885,347708696,344854810,344854851,346927424,346927475,347037069,347036564,347036631,347036666,347036706,347037019,347037020,347037045,344960257,344960285,344960311,344960584,344960585,344960609,347709089,347709095,399331329,399331360,398744971,398745030,399331254,399312619,399312713,399331251,399331227,399795644,399795662,399808417,399808373,,,,,,,,,,,,,,,,,,,,,,,,,,,,,,,,,,,,,,,
bb_id,13,3,224,226,227,228,239,240,241,242,243,244,245,246,247,248,249,250,251,252,253,254,255,256,260,261,262,263,264,267,268,269,270,271,272,273,274,275,276,277,278,280,282,283,284,285,286,288,290,291,293,294,295,296,297,298,299,300,301,302,303,304,305,,,,,,,,,,,,,,,,,,,,,,,,,,,,,,,,,,,,,,,
bbv,14,0,93,93,93,372,371,92,744,651,651,930,744,651,651,930,651,744,23715,23715,95144,95144,95144,95144,95144,3044593,95143,23714,743,93,93,92,92,93,2955,2955,2956,756712,2976,2976,2976,761856,,,,,,,,,,,,,,,,,,,,,,,,,,,,,,,,,,,,,,,,,,,,,,,,,,,,,,,,,,,,
csv,14,0,397239184,397239209,397239274,399898529,399571034,395903252,399898690,399898712,399898840,399898965,399899011,399571386,399571432,399290633,399571457,399899129,399899223,399899273,399998811,399998898,399998963,399999126,399999148,400000026,399998679,399898456,399898478,396652371,396652486,395903298,395903326,396652275,396627806,396627846,396652228,396652082,397221549,397221624,397239104,397239038,,,,,,,,,,,,,,,,,,,,,,,,,,,,,,,,,,,,,,,,,,,,,,,,,,,,,,,,,,,,
bb_id,14,0,224,226,227,228,239,240,241,242,243,244,245,246,247,248,249,250,251,252,253,254,255,256,260,261,262,263,264,293,294,295,296,297,298,299,300,301,302,303,304,305,,,,,,,,,,,,,,,,,,,,,,,,,,,,,,,,,,,,,,,,,,,,,,,,,,,,,,,,,,,,
bbv,14,1,90,90,90,360,360,90,720,630,630,900,720,630,630,900,630,720,22950,22950,92160,92160,92160,92160,92160,2949120,92160,22950,720,90,90,90,90,90,2880,2880,2880,737280,2899,2899,2899,742146,,,,,,,,,,,,,,,,,,,,,,,,,,,,,,,,,,,,,,,,,,,,,,,,,,,,,,,,,,,,
csv,14,1,395606189,395606308,395606320,398586173,398983707,398983729,398586213,398586309,398586449,398586638,398586737,398172016,398172063,397719380,398172089,398586877,398586992,398587001,398980924,398980964,398981020,398981223,398981271,398983565,398983590,398983625,398983647,399553315,399553408,398983754,398983792,399553261,399533304,399533392,399553248,399553203,399988298,399988358,399988244,400000057,,,,,,,,,,,,,,,,,,,,,,,,,,,,,,,,,,,,,,,,,,,,,,,,,,,,,,,,,,,,
bb_id,14,1,224,226,227,228,239,240,241,242,243,244,245,246,247,248,249,250,251,252,253,254,255,256,260,261,262,263,264,293,294,295,296,297,298,299,300,301,302,303,304,305,,,,,,,,,,,,,,,,,,,,,,,,,,,,,,,,,,,,,,,,,,,,,,,,,,,,,,,,,,,,
bbv,14,2,91,91,91,363,363,91,726,635,635,908,726,635,635,906,635,726,23152,23152,92997,92997,92997,92997,92997,2975926,92997,23152,726,91,91,91,91,91,2912,2912,2912,745472,2912,2912,2912,745472,,,,,,,,,,,,,,,,,,,,,,,,,,,,,,,,,,,,,,,,,,,,,,,,,,,,,,,,,,,,
csv,14,2,399393622,399393646,399393669,399742971,398290752,398290797,399743055,399743178,399743185,397840248,399743241,399743264,399743320,399743425,399743451,399743529,399997463,399997513,399997636,399997723,399997819,399997950,399997973,400000047,399997314,399997390,399742919,398925620,398925777,398290843,398290871,398925545,398906354,398906431,398925521,398925495,399380584,399380613,399393583,399393479,,,,,,,,,,,,,,,,,,,,,,,,,,,,,,,,,,,,,,,,,,,,,,,,,,,,,,,,,,,,
bb_id,14,2,224,226,227,228,239,240,241,242,243,244,245,246,247,248,249,250,251,252,253,254,255,256,260,261,262,263,264,293,294,295,296,297,298,299,300,301,302,303,304,305,,,,,,,,,,,,,,,,,,,,,,,,,,,,,,,,,,,,,,,,,,,,,,,,,,,,,,,,,,,,
bbv,14,3,89,89,89,360,360,90,719,630,630,900,719,629,629,898,629,719,22881,22881,92091,92091,92091,92091,92091,2946937,92092,22882,720,90,90,90,90,90,2880,2880,2880,737280,2868,2868,2867,734055,,,,,,,,,,,,,,,,,,,,,,,,,,,,,,,,,,,,,,,,,,,,,,,,,,,,,,,,,,,,
csv,14,3,395821023,395821027,395821096,398775598,399137243,399137285,398775638,398775713,398775770,398775875,398775974,398363262,398363288,397931996,398363324,398776073,398776126,398776166,399135102,399135138,399135173,399135336,399135348,399137157,399137210,399137224,399137235,399687649,399687711,399137361,399137430,399687565,399669799,399669892,399687479,399687393,399993765,399993895,399993753,400000005,,,,,,,,,,,,,,,,,,,,,,,,,,,,,,,,,,,,,,,,,,,,,,,,,,,,,,,,,,,,
bb_id,14,3,224,226,227,228,239,240,241,242,243,244,245,246,247,248,249,250,251,252,253,254,255,256,260,261,262,263,264,293,294,295,296,297,298,299,300,301,302,303,304,305,,,,,,,,,,,,,,,,,,,,,,,,,,,,,,,,,,,,,,,,,,,,,,,,,,,,,,,,,,,,
bbv,15,0,92,92,92,365,365,92,730,638,638,910,730,639,639,914,639,730,23389,23389,93511,93511,93511,93511,93511,2992336,93511,23389,730,92,92,92,92,92,2944,2944,2944,753664,2944,2944,2944,753664,,,,,,,,,,,,,,,,,,,,,,,,,,,,,,,,,,,,,,,,,,,,,,,,,,,,,,,,,,,,
csv,15,0,399118773,399118840,399118863,399599098,397990712,397990734,399599212,399599277,399599324,397618717,399599413,399599457,399599525,399599673,399599762,399599956,399999032,399999104,399999249,399999338,399999457,399999642,399999934,400000020,399998870,399998916,399599071,398622264,398622307,397990789,397990878,398622200,398604538,398604600,398622176,398622052,399100349,399100378,399118714,399118690,,,,,,,,,,,,,,,,,,,,,,,,,,,,,,,,,,,,,,,,,,,,,,,,,,,,,,,,,,,,
bb_id,15,0,224,226,227,228,239,240,241,242,243,244,245,246,247,248,249,250,251,252,253,254,255,256,260,261,262,263,264,293,294,295,296,297,298,299,300,301,302,303,304,305,,,,,,,,,,,,,,,,,,,,,,,,,,,,,,,,,,,,,,,,,,,,,,,,,,,,,,,,,,,,
bbv,15,1,93,93,93,369,368,92,738,645,645,920,738,646,646,924,646,738,23650,23650,94459,94459,94459,94459,94459,3022688,94459,23649,737,92,92,92,92,92,2944,2944,2944,753664,2948,2948,2949,754758,,,,,,,,,,,,,,,,,,,,,,,,,,,,,,,,,,,,,,,,,,,,,,,,,,,,,,,,,,,,
csv,15,1,399062003,399062059,399062092,399542013,398033226,398033248,399542047,399542293,399542321,397615167,399542326,399542494,399542562,399542668,399542757,399542867,399996414,399996484,399996613,399996674,399996751,399996953,399996997,399999978,400000066,399996340,399541925,398541441,398541548,398033283,398033311,398541397,398525242,398525325,398541372,398541317,399045442,399045502,399061965,399061921,,,,,,,,,,,,,,,,,,,,,,,,,,,,,,,,,,,,,,,,,,,,,,,,,,,,,,,,,,,,
bb_id,15,1,224,226,227,228,239,240,241,242,243,244,245,246,247,248,249,250,251,252,253,254,255,256,260,261,262,263,264,293,294,295,296,297,298,299,300,301,302,303,304,305,,,,,,,,,,,,,,,,,,,,,,,,,,,,,,,,,,,,,,,,,,,,,,,,,,,,,,,,,,,,
bbv,15,2,87,87,87,350,350,87,700,613,613,876,700,613,613,876,613,700,22263,22263,89622,89622,89622,89622,89622,2867885,89622,22263,700,87,87,87,87,87,2784,2784,2784,712704,2784,2784,2784,712704,,,,,,,,,,,,,,,,,,,,,,,,,,,,,,,,,,,,,,,,,,,,,,,,,,,,,,,,,,,,
csv,15,2,397690433,397690499,397690522,399576762,399105890,396432969,399576834,399576878,399576946,399577031,399577143,399577213,399577295,399577327,399577439,399577589,399935208,399935282,399998219,399998329,399998427,399998654,399998740,400000041,399998095,399934998,399576735,397156983,397157014,396433116,396433146,397156919,397135909,397135994,397156864,397156809,397671963,397672016,397690395,397690382,,,,,,,,,,,,,,,,,,,,,,,,,,,,,,,,,,,,,,,,,,,,,,,,,,,,,,,,,,,,
bb_id,15,2,224,226,227,228,239,240,241,242,243,244,245,246,247,248,249,250,251,252,253,254,255,256,260,261,262,263,264,293,294,295,296,297,298,299,300,301,302,303,304,305,,,,,,,,,,,,,,,,,,,,,,,,,,,,,,,,,,,,,,,,,,,,,,,,,,,,,,,,,,,,
bbv,15,3,93,93,93,371,370,92,742,649,649,926,742,650,650,930,650,742,23710,23710,94882,94882,94882,94882,94882,3036194,94881,23709,741,92,92,92,92,92,2944,2944,2944,753664,2956,2956,2957,756889,,,,,,,,,,,,,,,,,,,,,,,,,,,,,,,,,,,,,,,,,,,,,,,,,,,,,,,,,,,,
csv,15,3,397930979,397930985,397931111,399887711,399433963,396867915,399887825,399887869,399887958,399888106,399888195,399888325,399888377,399888486,399888634,399888704,399996281,399996336,399999707,399999754,399999810,399999932,399999957,400000062,399999646,399996249,399887663,397381783,397381814,396867940,396867978,397381698,397365905,397365936,397381674,397381640,397911701,397911837,397930702,397930652,,,,,,,,,,,,,,,,,,,,,,,,,,,,,,,,,,,,,,,,,,,,,,,,,,,,,,,,,,,,
bb_id,15,3,224,226,227,228,239,240,241,242,243,244,245,246,247,248,249,250,251,252,253,254,255,256,260,261,262,263,264,293,294,295,296,297,298,299,300,301,302,303,304,305,,,,,,,,,,,,,,,,,,,,,,,,,,,,,,,,,,,,,,,,,,,,,,,,,,,,,,,,,,,,
bbv,16,0,1,1,1,1,1,1,1,1,1,1,1,8192,8192,8192,8192,1048576,8192,8192,1,1,1,1,1,1,256,1,1,1,1,6,1,1,1,22,22,21,21,21,2688,2688,2688,2688,21504,2688,2688,2816,2816,2816,22528,2816,2816,81,81,81,324,21,21,2688,2688,2688,21504,2688,2688,303,81,627,546,546,768,627,546,546,768,546,627,17857,17857,70693,70693,70693,70693,70693,2262196,70693,17857,627,1,59,59,60,60,60,1920,1920,1920,491520,1888,1888,1888,483328
csv,16,0,273992510,360434815,273969743,273992499,273992504,360434824,273969736,273969737,273992608,273992732,360434751,358544310,358544337,358544452,358544455,358548935,358548937,358548940,273992494,273969769,273969798,273992393,273992417,273992439,273992321,273969728,273969729,360434851,360434853,360434889,360434895,360434960,360435033,399577947,399577988,399449578,399449608,399577892,399576876,399576987,399577038,399577064,399577697,399577841,399577868,399697530,399697621,399697689,399698321,399698411,399698491,399698672,399698720,399698806,399927592,399332951,399333010,399448441,399448489,399448560,399449215,399449319,399449508,399119155,399449553,399927622,399927687,399927839,399119382,399927928,399928036,399928091,399928217,399928285,399928353,399993943,399994020,399997219,399997333,399997526,399997679,399997779,400000059,399997095,399993841,399927581,273969681,252799634,252799707,256508036,256508084,257162506,257136370,257136443,257162400,257162395,253360562,253360591,253378441,253378417
bb_id,16,0,54,56,59,62,64,99,101,102,103,104,105,106,107,108,109,110,111,113,115,168,169,170,171,172,173,180,182,191,192,193,194,199,200,202,203,204,205,206,207,208,209,210,211,212,214,216,217,218,219,220,222,224,226,227,228,229,230,231,232,233,234,235,238,239,240,241,242,243,244,245,246,247,248,249,250,251,252,253,254,255,256,260,261,262,263,264,292,293,294,295,296,297,298,299,300,301,302,303,304,305
bbv,16,1,1,1,1,8192,8192,8192,8192,1048576,8192,8192,1,1,1,1,1,256,1,1,21,21,20,20,20,2560,2560,2560,2560,20480,2560,2560,2688,2688,2688,21504,2688,2688,82,82,82,329,20,20,2560,2560,2560,20480,2560,2560,310,82,639,557,557,784,639,557,557,784,557,639,18283,18283,72487,72487,72487,72487,72487,2319562,72486,18283,639,1,61,61,62,62,62,1984,1984,1984,507904,1952,1952,1952,499712,,,,,,,,,,,,,,,
csv,16,1,273992706,273992758,360434748,360390117,360390144,360390179,360390182,360394902,360394944,360394967,273970029,273970101,273992411,273992423,273992443,273992387,360435132,360435249,398899871,398899933,398774646,398774739,398899734,398898971,398899061,398899133,398899201,398899628,398899650,398899710,399018807,399018877,399018966,399019575,399019597,399019689,399019727,399019766,399019911,399672122,398659876,398659942,398773786,398773790,398773880,398774426,398774511,398774578,399884198,398774621,399884228,399884299,399884402,399884571,399884681,399884767,399884819,399884897,399884959,399885053,399994621,399994720,399998742,399998852,399998887,399999072,399999159,400000017,399998618,399994467,399884144,273969672,271776881,271776891,273810896,273810903,273969669,273967093,273967103,273969666,273969663,271939617,271939646,271947023,271946999,,,,,,,,,,,,,,,
bb_id,16,1,103,104,105,106,107,108,109,110,111,113,168,169,170,171,172,173,199,200,202,203,204,205,206,207,208,209,210,211,212,214,216,217,218,219,220,222,224,226,227,228,229,230,231,232,233,234,235,238,239,240,241,242,243,244,245,246,247,248,249,250,251,252,253,254,255,256,260,261,262,263,264,292,293,294,295,296,297,298,299,300,301,302,303,304,305,,,,,,,,,,,,,,,
bbv,16,2,1,1,1,8192,8192,8192,8192,1048576,8192,8192,1,1,1,1,1,256,1,1,21,21,20,20,20,2560,2560,2560,2560,20480,2560,2560,2576,2576,2576,20608,2576,2576,86,86,86,345,20,20,2560,2560,2560,20480,2560,2560,326,87,670,584,584,824,670,583,583,820,583,670,19373,19373,76815,76815,76815,76815,76815,2458101,76816,19374,671,1,66,66,67,67,67,2144,2144,2144,548864,2112,2112,2112,540672,,,,,,,,,,,,,,,
csv,16,2,273992559,273992719,360434754,358064447,358064514,358064569,358064652,358073828,358073910,358074073,273969795,273969801,273992399,273992429,273992437,273992343,360435025,360435041,399984817,399984860,399860533,399860584,399984783,399983751,399983820,399983850,399983918,399984401,399984427,399984581,399999248,399999339,399999365,399999932,399999975,400000062,398144987,398145012,398145098,399738404,399738449,399738515,399859776,399859801,399859931,399860376,399860398,399860465,399505458,399860487,399505509,399505595,399505646,399505830,399505995,399282214,399282240,399046985,399282308,399506081,399506262,399506328,399734595,399734642,399734740,399734904,399734948,399738137,399738246,399738292,399738314,273969678,269205114,269205166,270908257,270908306,271112991,271106492,271106544,271112984,271112981,269398053,269398061,269404838,269404793,,,,,,,,,,,,,,,
bb_id,16,2,103,104,105,106,107,108,109,110,111,113,168,169,170,171,172,173,199,200,202,203,204,205,206,207,208,209,210,211,212,214,216,217,218,219,220,222,224,226,227,228,229,230,231,232,233,234,235,238,239,240,241,242,243,244,245,246,247,248,249,250,251,252,253,254,255,256,260,261,262,263,264,292,293,294,295,296,297,298,299,300,301,302,303,304,305,,,,,,,,,,,,,,,
bbv,16,3,1,1,1,8192,8192,8192,8192,1048576,8192,8192,1,1,1,1,1,256,1,1,21,21,20,20,20,2560,2560,2560,2560,20480,2560,2560,2688,2688,2688,21504,2688,2688,82,82,82,328,20,20,2560,2560,2560,20480,2560,2560,309,82,637,555,555,782,637,554,554,778,554,637,18227,18227,72174,72174,72174,72174,72174,2309593,72174,18227,637,1,61,61,62,62,62,1984,1984,1984,507904,1952,1952,1952,499712,,,,,,,,,,,,,,,
csv,16,3,273992657,273992745,360434745,360432112,360432139,360432174,360432177,360434737,360434739,360434742,273970003,273970098,273992405,273992435,273992441,273992365,360435197,360435257,398459472,398459513,398332518,398332548,398459438,398458489,398458577,398458607,398458659,398459224,398459328,398459414,398580142,398580212,398580238,398580721,398580785,398580830,398580868,398580914,398580937,399745562,398217258,398217307,398331780,398331826,398331855,398332361,398332383,398332450,399949524,398332472,399949563,399949565,399949617,399949660,399949728,399746009,399746060,399532980,399746094,399949775,399949828,399949921,399997491,399997578,399997735,399997922,399997945,400000038,399997409,399949494,399949495,273969675,271764323,271764343,273787580,273787587,273963049,273958096,273958116,273963036,273963023,271923434,271923442,271928498,271928485,,,,,,,,,,,,,,,
bb_id,16,3,103,104,105,106,107,108,109,110,111,113,168,169,170,171,172,173,199,200,202,203,204,205,206,207,208,209,210,211,212,214,216,217,218,219,220,222,224,226,227,228,229,230,231,232,233,234,235,238,239,240,241,242,243,244,245,246,247,248,249,250,251,252,253,254,255,256,260,261,262,263,264,292,293,294,295,296,297,298,299,300,301,302,303,304,305,,,,,,,,,,,,,,,
bbv,17,0,216,216,216,216,216,27648,27648,27648,27648,221184,27648,27648,27648,27648,27648,221184,27648,27648,216,216,216,866,216,216,27648,27648,27648,221184,27648,27648,650,216,1516,1300,1300,1734,1516,1300,1300,1732,1300,1516,27483,27483,97006,97006,97006,97006,97006,3104186,97006,27483,1516,,,,,,,,,,,,,,,,,,,,,,,,,,,,,,,,,,,,,,,,,,,,,,,
csv,17,0,398771241,398771338,398647305,398647401,398771202,398770290,398770317,398770389,398770436,398771003,398771050,398771157,398890201,398890290,398890316,398891024,398891090,398891156,398891236,398891282,398891305,399992922,398545022,398545109,398646094,398646203,398646274,398647058,398647148,398647257,399784001,398647280,399993078,399993143,399993169,399993296,399993364,399993429,399993455,399784548,399993503,399993554,399993638,399993703,399998031,399998092,399998190,399998347,399998517,400000035,399997864,399992828,399992860,,,,,,,,,,,,,,,,,,,,,,,,,,,,,,,,,,,,,,,,,,,,,,,
bb_id,17,0,202,203,204,205,206,207,208,209,210,211,212,214,216,217,218,219,220,222,224,226,227,228,229,230,231,232,233,234,235,238,239,240,241,242,243,244,245,246,247,248,249,250,251,252,253,254,255,256,260,261,262,263,264,,,,,,,,,,,,,,,,,,,,,,,,,,,,,,,,,,,,,,,,,,,,,,,
bbv,17,1,208,208,208,208,208,26624,26624,26624,26624,212992,26624,26624,26624,26624,26624,212992,26624,26624,208,208,208,833,208,208,26624,26624,26624,212992,26624,26624,624,208,1457,1249,1249,1666,1457,1249,1249,1664,1249,1457,26419,26419,93267,93267,93267,93267,93267,2984542,93267,26419,1457,,,,,,,,,,,,,,,,,,,,,,,,,,,,,,,,,,,,,,,,,,,,,,,
csv,17,1,398591211,398591252,398490390,398490441,398591170,398590454,398590467,398590513,398590523,398591089,398591096,398591146,398687697,398687767,398687856,398688334,398688356,398688421,398688459,398688615,398688645,399824257,398383514,398383587,398489101,398489183,398489259,398490024,398490103,398490217,399599715,398490302,399824324,399824426,399824489,399824648,399824690,399824756,399824811,399600675,399824931,399825038,399931807,399931900,399999091,399999163,399999198,399999368,399999400,400000014,399999005,399931733,399824230,,,,,,,,,,,,,,,,,,,,,,,,,,,,,,,,,,,,,,,,,,,,,,,
bb_id,17,1,202,203,204,205,206,207,208,209,210,211,212,214,216,217,218,219,220,222,224,226,227,228,229,230,231,232,233,234,235,238,239,240,241,242,243,244,245,246,247,248,249,250,251,252,253,254,255,256,260,261,262,263,264,,,,,,,,,,,,,,,,,,,,,,,,,,,,,,,,,,,,,,,,,,,,,,,
bbv,17,2,201,201,202,202,201,25819,25819,25819,25819,206552,25819,25818,25840,25840,25840,206720,25840,25840,202,202,202,808,202,202,25856,25856,25856,206848,25856,25856,606,202,1414,1212,1212,1616,1414,1212,1212,1616,1212,1414,25654,25654,90496,90496,90496,90496,90496,2895872,90496,25654,1414,,,,,,,,,,,,,,,,,,,,,,,,,,,,,,,,,,,,,,,,,,,,,,,
csv,17,2,398040284,398040325,399908927,399909017,398040163,399999137,399999225,399999398,399999447,399999972,400000036,399999009,398160678,398160727,398160767,398161542,398161648,398161714,398161815,398161882,398161989,399783382,399783469,399783577,399908224,399908249,399908320,399908700,399908747,399908854,399536702,399908902,399536732,399536797,399536865,399537000,399537088,399291713,399291781,399045618,399291891,399537264,399537331,399537382,399779244,399779394,399779593,399779801,399779887,399782886,399783075,399783144,399783292,,,,,,,,,,,,,,,,,,,,,,,,,,,,,,,,,,,,,,,,,,,,,,,
bb_id,17,2,202,203,204,205,206,207,208,209,210,211,212,214,216,217,218,219,220,222,224,226,227,228,229,230,231,232,233,234,235,238,239,240,241,242,243,244,245,246,247,248,249,250,251,252,253,254,255,256,260,261,262,263,264,,,,,,,,,,,,,,,,,,,,,,,,,,,,,,,,,,,,,,,,,,,,,,,
bbv,17,3,209,209,209,209,209,26752,26752,26752,26752,214016,26752,26752,26752,26752,26752,214016,26752,26752,209,209,209,836,209,209,26752,26752,26752,214016,26752,26752,626,209,1462,1253,1253,1670,1462,1254,1254,1672,1254,1462,26542,26542,93603,93603,93603,93603,93603,2995297,93603,26542,1462,,,,,,,,,,,,,,,,,,,,,,,,,,,,,,,,,,,,,,,,,,,,,,,
csv,17,3,398557978,398558003,398439268,398439298,398557929,398557196,398557206,398557258,398557293,398557838,398557881,398557922,398652645,398652691,398652722,398653448,398653473,398653478,398653517,398653553,398653560,399835844,398331345,398331432,398438472,398438548,398438678,398439092,398439163,398439171,399611700,398439235,399835967,399836094,399836166,399836325,399836380,399836419,399836445,399612412,399836508,399836613,399938567,399938597,399997016,399997063,399997124,399997271,399997321,400000057,399996934,399938472,399835817,,,,,,,,,,,,,,,,,,,,,,,,,,,,,,,,,,,,,,,,,,,,,,,
bb_id,17,3,202,203,204,205,206,207,208,209,210,211,212,214,216,217,218,219,220,222,224,226,227,228,229,230,231,232,233,234,235,238,239,240,241,242,243,244,245,246,247,248,249,250,251,252,253,254,255,256,260,261,262,263,264,,,,,,,,,,,,,,,,,,,,,,,,,,,,,,,,,,,,,,,,,,,,,,,
bbv,18,0,215,215,215,215,215,27520,27520,27520,27520,220160,27520,27520,27431,27431,27431,219442,27430,27430,214,214,214,857,215,215,27520,27520,27520,220160,27520,27520,643,215,1499,1285,1285,1714,1499,1284,1284,1712,1284,1499,27180,27180,95998,95998,95998,95998,95998,3071953,95999,27181,1500,,,,,,,,,,,,,,,,,,,,,,,,,,,,,,,,,,,,,,,,,,,,,,,
csv,18,0,399968606,399968647,399851758,399851789,399968572,399967482,399967549,399967590,399967710,399968426,399968434,399968485,399999749,399999758,399999832,400000028,399999694,399999744,398239600,398239627,398239692,399754099,399754144,399754184,399850634,399850722,399850814,399851412,399851497,399851606,399545602,399851670,399545695,399545760,399545849,399545982,399546057,399344330,399344370,399142649,399344379,399546125,399546204,399546280,399751318,399751397,399751531,399751719,399751814,399753860,399753914,399753976,399754035,,,,,,,,,,,,,,,,,,,,,,,,,,,,,,,,,,,,,,,,,,,,,,,
bb_id,18,0,202,203,204,205,206,207,208,209,210,211,212,214,216,217,218,219,220,222,224,226,227,228,229,230,231,232,233,234,235,238,239,240,241,242,243,244,245,246,247,248,249,250,251,252,253,254,255,256,260,261,262,263,264,,,,,,,,,,,,,,,,,,,,,,,,,,,,,,,,,,,,,,,,,,,,,,,
bbv,18,1,209,209,209,209,209,26752,26752,26752,26752,214016,26752,26752,26752,26752,26752,214016,26752,26752,209,209,209,834,209,209,26752,26752,26752,214016,26752,26752,626,209,1460,1251,1251,1667,1460,1251,1251,1670,1251,1460,26529,26529,93448,93448,93448,93448,93448,2990346,93448,26529,1460,,,,,,,,,,,,,,,,,,,,,,,,,,,,,,,,,,,,,,,,,,,,,,,
csv,18,1,399230656,399230676,399104173,399104245,399230616,399229752,399229758,399229788,399229835,399230388,399230466,399230613,399342031,399342042,399342110,399342624,399342699,399342744,399342762,399342766,399342772,399578911,398990194,398990239,399103372,399103418,399103468,399103995,399104080,399104105,399806716,399104148,399806773,399806857,399806964,399807002,399807048,399807071,399807149,399807208,399807234,399807324,399997545,399997580,399997665,399997719,399997859,399998128,399998302,400000075,399997341,399997408,399806672,,,,,,,,,,,,,,,,,,,,,,,,,,,,,,,,,,,,,,,,,,,,,,,
bb_id,18,1,202,203,204,205,206,207,208,209,210,211,212,214,216,217,218,219,220,222,224,226,227,228,229,230,231,232,233,234,235,238,239,240,241,242,243,244,245,246,247,248,249,250,251,252,253,254,255,256,260,261,262,263,264,,,,,,,,,,,,,,,,,,,,,,,,,,,,,,,,,,,,,,,,,,,,,,,
bbv,18,2,204,204,203,203,204,26021,26021,26021,26021,208168,26021,26022,26043,26043,26043,208339,26042,26042,203,203,203,812,203,203,25984,25984,25984,207872,25984,25984,609,203,1421,1218,1218,1624,1421,1218,1218,1624,1218,1421,25781,25781,90944,90944,90944,90944,90944,2910208,90944,25781,1421,,,,,,,,,,,,,,,,,,,,,,,,,,,,,,,,,,,,,,,,,,,,,,,
csv,18,2,399950893,399951042,399845656,399845776,399950813,399950210,399950237,399950288,399950314,399950695,399950701,399950768,399999751,399999765,399999827,400000007,399999741,399999747,398117565,398117636,398117644,399738587,399738712,399738757,399845024,399845088,399845112,399845506,399845523,399845589,399511780,399845636,399511810,399511875,399511943,399512049,399512096,399294208,399294234,399082686,399294258,399512164,399512259,399512331,399734063,399734135,399734216,399734395,399734673,399738172,399738277,399738332,399738483,,,,,,,,,,,,,,,,,,,,,,,,,,,,,,,,,,,,,,,,,,,,,,,
bb_id,18,2,202,203,204,205,206,207,208,209,210,211,212,214,216,217,218,219,220,222,224,226,227,228,229,230,231,232,233,234,235,238,239,240,241,242,243,244,245,246,247,248,249,250,251,252,253,254,255,256,260,261,262,263,264,,,,,,,,,,,,,,,,,,,,,,,,,,,,,,,,,,,,,,,,,,,,,,,
bbv,18,3,210,210,210,210,210,26880,26880,26880,26880,215040,26880,26880,26880,26880,26880,215040,26880,26880,210,210,210,838,210,210,26880,26880,26880,215040,26880,26880,628,210,1466,1256,1256,1674,1466,1256,1256,1676,1256,1466,26630,26630,93816,93816,93815,93815,93815,3002084,93816,26630,1466,,,,,,,,,,,,,,,,,,,,,,,,,,,,,,,,,,,,,,,,,,,,,,,
csv,18,3,399515330,399515413,399391019,399391070,399515254,399514219,399514368,399514398,399514403,399515055,399515100,399515188,399634912,399634982,399635050,399635760,399635826,399635871,399635909,399635976,399636062,399856686,399281572,399281642,399390218,399390243,399390293,399390820,399390842,399390909,399057679,399390973,399856894,399856961,399857072,399058138,399857123,399857177,399857238,399857407,399857476,399857590,399999822,399999904,399999986,400000054,399996679,399996922,399996945,399999693,399999740,399999769,399856607,,,,,,,,,,,,,,,,,,,,,,,,,,,,,,,,,,,,,,,,,,,,,,,
bb_id,18,3,202,203,204,205,206,207,208,209,210,211,212,214,216,217,218,219,220,222,224,226,227,228,229,230,231,232,233,234,235,238,239,240,241,242,243,244,245,246,247,248,249,250,251,252,253,254,255,256,260,261,262,263,264,,,,,,,,,,,,,,,,,,,,,,,,,,,,,,,,,,,,,,,,,,,,,,,
bbv,19,0,1,1,7,1,1,1,1,59,59,60,60,60,7680,7680,7680,7680,61440,7680,7680,7641,7641,7641,61134,7642,7642,125,125,125,497,60,60,7680,7680,7680,61440,7680,7680,437,124,935,810,810,1121,935,811,811,1126,811,935,24160,24160,92784,92784,92784,92784,92784,2969082,92783,24159,934,1,1,65,65,64,64,64,16384,16384,16384,16384,131072,16384,16384,16640,16640,16640,133120,16640,16640,,,,,,,,,,,,,,,,,,,,
csv,19,0,140886408,140886410,140886452,140886458,140886380,140886381,140886327,109356661,109356744,111088223,111088258,111198922,111198082,111198109,111198139,111198287,111198675,111198735,111198872,109478390,109478401,109478480,109479134,109479182,109479285,398660402,398660448,398660450,399136873,110983734,110983816,111087056,111087102,111087153,111087857,111087910,111087995,399593533,398145853,399593624,399593811,399593839,399593913,399594002,399594088,399594177,399594354,399594381,399594476,399986468,399986566,399997397,399997479,399997535,399997758,399997825,400000026,399997207,399986333,399593397,140886588,140886604,398405577,398405618,398145857,398145908,398405522,398404654,398404681,398404774,398404842,398405388,398405452,398405498,398659312,398659403,398659429,398660189,398660314,398660359,,,,,,,,,,,,,,,,,,,,
bb_id,19,0,183,184,185,186,196,198,201,202,203,204,205,206,207,208,209,210,211,212,214,216,217,218,219,220,222,224,226,227,228,229,230,231,232,233,234,235,238,239,240,241,242,243,244,245,246,247,248,249,250,251,252,253,254,255,256,260,261,262,263,264,265,266,268,269,270,271,272,273,274,275,276,277,278,280,282,283,284,285,286,288,,,,,,,,,,,,,,,,,,,,
bbv,19,1,1,74,74,75,75,75,9600,9600,9600,9600,76800,9600,9600,9472,9472,9472,75776,9472,9472,137,137,137,550,75,75,9600,9600,9600,76800,9600,9600,474,137,1024,887,887,1225,1024,887,887,1224,887,1024,25475,25475,97654,97654,97654,97654,97654,3124912,97654,25475,1024,1,1,63,63,62,62,62,15872,15872,15872,15872,126976,15872,15872,16128,16128,16128,129024,16128,16128,,,,,,,,,,,,,,,,,,,,,,,,,,
csv,19,1,140886324,140407598,140407618,140861072,140861102,140886321,140886125,140886131,140886140,140886145,140886313,140886314,140886318,140431242,140431249,140431254,140431422,140431423,140431426,397303725,397303792,397303836,399594408,140841587,140841611,140860922,140860926,140860934,140861062,140861063,140861067,399126497,396824291,399594559,399594561,399594638,399594767,399594901,399595020,399595248,399595284,399595331,399595399,399935909,399935918,399999276,399999430,399999554,399999732,399999898,400000047,399999152,399935835,399594355,140886735,140886808,397068957,397068977,396824359,396824415,397068919,397068009,397068057,397068087,397068134,397068762,397068809,397068855,397302896,397303046,397303074,397303536,397303621,397303645,,,,,,,,,,,,,,,,,,,,,,,,,,
bb_id,19,1,201,202,203,204,205,206,207,208,209,210,211,212,214,216,217,218,219,220,222,224,226,227,228,229,230,231,232,233,234,235,238,239,240,241,242,243,244,245,246,247,248,249,250,251,252,253,254,255,256,260,261,262,263,264,265,266,268,269,270,271,272,273,274,275,276,277,278,280,282,283,284,285,286,288,,,,,,,,,,,,,,,,,,,,,,,,,,
bbv,19,2,1,86,86,87,87,87,11136,11136,11136,11136,89088,11136,11136,11077,11077,11077,88621,11078,11078,148,148,148,591,87,87,11136,11136,11136,89088,11136,11136,504,147,1096,948,948,1304,1096,949,949,1306,949,1096,26603,26603,101253,101253,101253,101253,101253,3240065,101252,26602,1095,1,1,61,61,60,60,60,15360,15360,15360,15360,122880,15360,15360,15616,15616,15616,124928,15616,15616,,,,,,,,,,,,,,,,,,,,,,,,,,
csv,19,2,140886330,134957024,134957086,135720389,135720523,135771560,135771238,135771244,135771295,135771300,135771552,135771553,135771557,135005804,135005811,135005816,135006072,135006138,135006141,396889253,396889441,396889466,399264355,135675958,135676104,135720143,135720147,135720155,135720353,135720354,135720384,399740359,396407223,399740450,399740595,399740604,399740757,399740940,399740944,399740970,399265004,399741038,399741127,399984392,399984546,399999383,399999477,399999631,399999854,399999921,400000005,399999301,399984356,399740330,140886523,140886596,396656431,396656596,396407270,396407321,396656397,396655255,396655303,396655333,396655487,396656100,396656133,396656312,396888310,396888394,396888521,396889070,396889117,396889124,,,,,,,,,,,,,,,,,,,,,,,,,,
bb_id,19,2,201,202,203,204,205,206,207,208,209,210,211,212,214,216,217,218,219,220,222,224,226,227,228,229,230,231,232,233,234,235,238,239,240,241,242,243,244,245,246,247,248,249,250,251,252,253,254,255,256,260,261,262,263,264,265,266,268,269,270,271,272,273,274,275,276,277,278,280,282,283,284,285,286,288,,,,,,,,,,,,,,,,,,,,,,,,,,
bbv,19,3,1,72,72,73,73,73,9344,9344,9344,9344,74752,9344,9344,9216,9216,9216,73728,9216,9216,135,135,135,543,73,73,9344,9344,9344,74752,9344,9344,470,135,1013,878,878,1214,1013,877,877,1210,877,1013,25250,25250,97074,97074,97075,97075,97075,3106398,97074,25250,1013,1,1,63,63,62,62,62,15872,15872,15872,15872,126976,15872,15872,16128,16128,16128,129024,16128,16128,,,,,,,,,,,,,,,,,,,,,,,,,,
csv,19,3,140886333,138978652,138978693,139880966,139881017,139932349,139931988,139931994,139932024,139932050,139932257,139932279,139932325,139026511,139026518,139026544,139026773,139026774,139026847,396495996,396496078,396496127,399669357,139841544,139841576,139880614,139880644,139880673,139880932,139880937,139880947,399215565,396018176,399669549,399669574,399669743,399669872,399669940,399216381,399216472,398756168,399216582,399670008,399670103,399670196,399997268,399997315,399997453,399997657,399997802,400000068,399997182,399669229,399669234,140886800,140886816,396266784,396266825,396018243,396018315,396266729,396265987,396266014,396266065,396266091,396266553,396266638,396266705,396494690,396494798,396494828,396495840,396495925,396495928,,,,,,,,,,,,,,,,,,,,,,,,,,
bb_id,19,3,201,202,203,204,205,206,207,208,209,210,211,212,214,216,217,218,219,220,222,224,226,227,228,229,230,231,232,233,234,235,238,239,240,241,242,243,244,245,246,247,248,249,250,251,252,253,254,255,256,260,261,262,263,264,265,266,268,269,270,271,272,273,274,275,276,277,278,280,282,283,284,285,286,288,,,,,,,,,,,,,,,,,,,,,,,,,,
bbv,20,0,97,97,97,390,389,97,779,682,682,975,779,682,682,974,682,779,24767,24767,99722,99722,99722,99722,99722,3191102,99722,24767,779,97,97,97,97,97,24832,24832,24832,24832,198656,24832,24832,24832,24832,24832,198656,24832,24832,,,,,,,,,,,,,,,,,,,,,,,,,,,,,,,,,,,,,,,,,,,,,,,,,,,,,,,
csv,20,0,397264986,397265032,397265097,399569157,399101471,396706259,399569212,399569256,399569390,399569531,399569681,399569729,399569837,399569937,399570019,399570087,399911451,399911605,399997217,399997305,399997361,399997544,399997614,400000058,399997106,399911363,399569088,396993486,396993689,396706326,396706440,396993331,396992222,396992291,396992384,396992431,396993019,396993112,396993199,397263949,397264063,397264089,397264659,397264737,397264925,,,,,,,,,,,,,,,,,,,,,,,,,,,,,,,,,,,,,,,,,,,,,,,,,,,,,,,
bb_id,20,0,224,226,227,228,239,240,241,242,243,244,245,246,247,248,249,250,251,252,253,254,255,256,260,261,262,263,264,268,269,270,271,272,273,274,275,276,277,278,280,282,283,284,285,286,288,,,,,,,,,,,,,,,,,,,,,,,,,,,,,,,,,,,,,,,,,,,,,,,,,,,,,,,
bbv,20,1,97,97,97,389,389,97,778,681,681,974,778,680,680,970,680,778,24738,24738,99520,99520,99520,99520,99520,3184646,99520,24738,778,97,97,97,97,97,24832,24832,24832,24832,198656,24832,24832,24832,24832,24832,198656,24832,24832,,,,,,,,,,,,,,,,,,,,,,,,,,,,,,,,,,,,,,,,,,,,,,,,,,,,,,,
csv,20,1,396643035,396643081,396643104,399818412,399367460,396196587,399818484,399818591,399818680,399818849,399818938,399368051,399368119,398907117,399368145,399819048,399819084,399819217,399999012,399999080,399999199,399999363,399999428,400000016,399998888,399818237,399818322,396424249,396424313,396196719,396196775,396424169,396423283,396423352,396423382,396423450,396423972,396423973,396424145,396642023,396642220,396642308,396642886,396642889,396642955,,,,,,,,,,,,,,,,,,,,,,,,,,,,,,,,,,,,,,,,,,,,,,,,,,,,,,,
bb_id,20,1,224,226,227,228,239,240,241,242,243,244,245,246,247,248,249,250,251,252,253,254,255,256,260,261,262,263,264,268,269,270,271,272,273,274,275,276,277,278,280,282,283,284,285,286,288,,,,,,,,,,,,,,,,,,,,,,,,,,,,,,,,,,,,,,,,,,,,,,,,,,,,,,,
bbv,20,2,95,95,95,381,380,95,761,666,666,952,761,665,665,950,665,761,24226,24226,97384,97384,97384,97384,97384,3116305,97384,24226,761,95,95,95,95,95,24320,24320,24320,24320,194560,24320,24320,24320,24320,24320,194560,24320,24320,,,,,,,,,,,,,,,,,,,,,,,,,,,,,,,,,,,,,,,,,,,,,,,,,,,,,,,
csv,20,2,396630670,396630819,396630931,399828615,399355443,396170594,399828666,399828731,399828820,399829010,399829082,399356011,399356037,398884327,399356105,399829237,399829367,399829519,399998027,399998116,399998193,399998357,399998422,400000079,399997945,399828377,399828504,396403262,396403317,396170687,396170815,396403207,396402576,396402603,396402654,396402680,396403117,396403148,396403178,396629677,396629711,396629775,396630568,396630590,396630649,,,,,,,,,,,,,,,,,,,,,,,,,,,,,,,,,,,,,,,,,,,,,,,,,,,,,,,
bb_id,20,2,224,226,227,228,239,240,241,242,243,244,245,246,247,248,249,250,251,252,253,254,255,256,260,261,262,263,264,268,269,270,271,272,273,274,275,276,277,278,280,282,283,284,285,286,288,,,,,,,,,,,,,,,,,,,,,,,,,,,,,,,,,,,,,,,,,,,,,,,,,,,,,,,
bbv,20,3,98,98,98,390,390,98,780,682,682,972,780,683,683,978,683,780,24973,24973,99852,99852,99852,99852,99852,3195258,99852,24973,780,98,98,98,98,98,25088,25088,25088,25088,200704,25088,25088,25088,25088,25088,200704,25088,25088,,,,,,,,,,,,,,,,,,,,,,,,,,,,,,,,,,,,,,,,,,,,,,,,,,,,,,,
csv,20,3,398207914,398207939,398208004,399621406,399159605,397701327,399621499,399621585,399621653,399621685,399621732,399621755,399621802,399621992,399622018,399622128,399997249,399997258,399997422,399997591,399997670,399997792,399997857,400000037,399997110,399997135,399621358,397960972,397961013,397701415,397701550,397960917,397960175,397960202,397960211,397960279,397960762,397960805,397960830,398206812,398206903,398206929,398207685,398207787,398207832,,,,,,,,,,,,,,,,,,,,,,,,,,,,,,,,,,,,,,,,,,,,,,,,,,,,,,,
bb_id,20,3,224,226,227,228,239,240,241,242,243,244,245,246,247,248,249,250,251,252,253,254,255,256,260,261,262,263,264,268,269,270,271,272,273,274,275,276,277,278,280,282,283,284,285,286,288,,,,,,,,,,,,,,,,,,,,,,,,,,,,,,,,,,,,,,,,,,,,,,,,,,,,,,,
bbv,21,0,1,1,7,1,1,1,95,95,95,378,378,95,756,661,661,944,756,661,661,944,661,756,24157,24157,96757,96757,96757,96757,96757,3096224,96757,24157,756,1,94,94,95,95,95,24320,24320,24320,24320,194560,24320,24320,24064,24064,24064,192512,24064,24064,1,1,1,1,32,32,32,8192,,,,,,,,,,,,,,,,,,,,,,,,,,,,,,,,,,,,,,,,
csv,21,0,398828196,398828198,398828240,398828246,398828166,398828167,399126357,399126381,399126423,399557840,381702036,381702085,399557933,399557998,399558108,381276271,399558260,399558325,399558418,399558613,399558701,399558813,399996914,399997066,399997154,399997283,399997386,399997665,399997732,400000027,399996626,399996737,399557603,398828116,377839095,377839115,381702098,381702155,381908793,381908162,381908252,381908282,381908287,381908689,381908697,381908764,378068863,378068912,378068938,378069505,378069569,378069593,398828376,398828388,398828542,398828562,399117330,399117358,399126220,399126207,,,,,,,,,,,,,,,,,,,,,,,,,,,,,,,,,,,,,,,,
bb_id,21,0,175,176,177,178,188,190,224,226,227,228,239,240,241,242,243,244,245,246,247,248,249,250,251,252,253,254,255,256,260,261,262,263,264,267,268,269,270,271,272,273,274,275,276,277,278,280,282,283,284,285,286,288,290,291,293,294,302,303,304,305,,,,,,,,,,,,,,,,,,,,,,,,,,,,,,,,,,,,,,,,
bbv,21,1,97,97,97,385,385,97,770,673,673,960,770,674,674,964,674,770,24659,24658,98609,98609,98609,98609,98609,3155512,98610,24659,770,1,96,96,97,97,97,24832,24832,24832,24832,198656,24832,24832,24576,24576,24576,196608,24576,24576,1,1,1,1,32,32,32,8192,,,,,,,,,,,,,,,,,,,,,,,,,,,,,,,,,,,,,,,,,,,,,,
csv,21,1,399170751,399170797,399170809,399643710,398777637,398777638,399643843,399643988,399644016,398627200,399644105,399644170,399644196,399644260,399644307,399644375,400000080,399993182,399996712,399996784,399996861,399997057,399997072,399999893,399999960,399999985,399643622,398828113,395022246,395022329,398777642,398777672,398828107,398827911,398827917,398827926,398827931,398828099,398828100,398828104,395319033,395319166,395319260,395319990,395320069,395320086,398828453,398828572,398828606,398828658,399158226,399158244,399170720,399170693,,,,,,,,,,,,,,,,,,,,,,,,,,,,,,,,,,,,,,,,,,,,,,
bb_id,21,1,224,226,227,228,239,240,241,242,243,244,245,246,247,248,249,250,251,252,253,254,255,256,260,261,262,263,264,267,268,269,270,271,272,273,274,275,276,277,278,280,282,283,284,285,286,288,290,291,293,294,302,303,304,305,,,,,,,,,,,,,,,,,,,,,,,,,,,,,,,,,,,,,,,,,,,,,,
bbv,21,2,101,101,101,401,401,101,802,701,701,1000,802,702,702,1004,702,802,25677,25677,102709,102709,102709,102709,102709,3286696,102709,25677,802,1,100,100,101,101,101,25856,25856,25856,25856,206848,25856,25856,25600,25600,25600,204800,25600,25600,1,1,1,1,32,32,32,8192,,,,,,,,,,,,,,,,,,,,,,,,,,,,,,,,,,,,,,,,,,,,,,
csv,21,2,399171770,399171826,399171960,399649971,398596739,398596782,399650043,399650150,399650218,398411276,399650307,399650338,399650417,399650598,399650680,399650876,399994056,399994107,399997215,399997309,399997421,399997564,399997667,400000006,399997070,399994003,399649860,398828110,397024564,397024584,398596786,398596816,398697179,398696710,398696779,398696788,398696793,398697129,398697130,398697134,397121942,397121949,397122038,397122332,397122375,397122378,398828311,398828382,398828530,398828552,399155920,399155979,399171687,399171648,,,,,,,,,,,,,,,,,,,,,,,,,,,,,,,,,,,,,,,,,,,,,,
bb_id,21,2,224,226,227,228,239,240,241,242,243,244,245,246,247,248,249,250,251,252,253,254,255,256,260,261,262,263,264,267,268,269,270,271,272,273,274,275,276,277,278,280,282,283,284,285,286,288,290,291,293,294,302,303,304,305,,,,,,,,,,,,,,,,,,,,,,,,,,,,,,,,,,,,,,,,,,,,,,
bbv,21,3,96,96,96,383,383,96,766,670,670,958,766,670,670,956,670,766,24409,24409,98021,98021,98021,98021,98021,3136667,98021,24409,766,1,95,95,96,96,96,24576,24576,24576,24576,196608,24576,24576,24320,24320,24320,194560,24320,24320,1,1,1,1,32,32,32,8192,,,,,,,,,,,,,,,,,,,,,,,,,,,,,,,,,,,,,,,,,,,,,,
csv,21,3,399231888,399231976,399232041,399722443,397357516,397357538,399722512,399722672,399722700,396832737,399722817,399722929,399723011,399723176,399723181,399723230,399994416,399994549,399998112,399998201,399998299,399998442,399998465,400000048,399997967,399994363,399722437,398828119,392287141,392287249,397357584,397357677,397723626,397722550,397722556,397722649,397722696,397723450,397723493,397723518,392608517,392608671,392608779,392609827,392609891,392610003,398828518,398828578,398828618,398828648,399212818,399212889,399231766,399231763,,,,,,,,,,,,,,,,,,,,,,,,,,,,,,,,,,,,,,,,,,,,,,
bb_id,21,3,224,226,227,228,239,240,241,242,243,244,245,246,247,248,249,250,251,252,253,254,255,256,260,261,262,263,264,267,268,269,270,271,272,273,274,275,276,277,278,280,282,283,284,285,286,288,290,291,293,294,302,303,304,305,,,,,,,,,,,,,,,,,,,,,,,,,,,,,,,,,,,,,,,,,,,,,,
bbv,22,0,93,93,93,375,376,94,750,657,657,940,750,656,656,936,656,750,23786,23786,96017,96017,96017,96017,96017,3072552,96018,23787,751,93,93,94,94,93,3005,3005,3004,769133,2976,2976,2976,761856,,,,,,,,,,,,,,,,,,,,,,,,,,,,,,,,,,,,,,,,,,,,,,,,,,,,,,,,,,,,
csv,22,0,396449227,396449336,396449405,399087891,399359903,399359925,399087930,399087972,399088047,399088154,399088169,398833168,398833213,398587057,398833248,399088264,399088326,399088365,399357089,399357181,399357358,399357492,399357546,399359751,399359786,399359811,399359864,395786930,395787026,399359981,399360040,395786897,399990580,399990616,399990509,400000085,396424126,396424155,396449147,396449060,,,,,,,,,,,,,,,,,,,,,,,,,,,,,,,,,,,,,,,,,,,,,,,,,,,,,,,,,,,,
bb_id,22,0,224,226,227,228,239,240,241,242,243,244,245,246,247,248,249,250,251,252,253,254,255,256,260,261,262,263,264,293,294,295,296,297,298,299,300,301,302,303,304,305,,,,,,,,,,,,,,,,,,,,,,,,,,,,,,,,,,,,,,,,,,,,,,,,,,,,,,,,,,,,
bbv,22,1,90,90,90,360,360,90,720,630,630,900,720,630,630,900,630,720,22948,22949,92158,92158,92158,92158,92158,2949026,92157,22948,720,90,90,90,90,90,2880,2880,2880,737280,2880,2880,2880,737280,,,,,,,,,,,,,,,,,,,,,,,,,,,,,,,,,,,,,,,,,,,,,,,,,,,,,,,,,,,,
csv,22,1,399299228,399299293,399299326,399694588,398337932,398337980,399694649,399694745,399694802,397878864,399694838,399694861,399694897,399694992,399695049,399695169,399996185,399996267,399999513,399999539,399999583,399999776,399999835,400000075,399999411,399996122,399694551,398868453,398868473,398338005,398338089,398868410,398851292,398851322,398868366,398868312,399285258,399285348,399299170,399299157,,,,,,,,,,,,,,,,,,,,,,,,,,,,,,,,,,,,,,,,,,,,,,,,,,,,,,,,,,,,
bb_id,22,1,224,226,227,228,239,240,241,242,243,244,245,246,247,248,249,250,251,252,253,254,255,256,260,261,262,263,264,293,294,295,296,297,298,299,300,301,302,303,304,305,,,,,,,,,,,,,,,,,,,,,,,,,,,,,,,,,,,,,,,,,,,,,,,,,,,,,,,,,,,,
bbv,22,2,91,91,91,364,364,91,728,637,637,910,728,637,637,910,637,728,23203,23203,93180,93180,93180,93180,93180,2981763,93180,23203,728,91,91,91,91,91,2912,2912,2912,745472,2912,2912,2912,745472,,,,,,,,,,,,,,,,,,,,,,,,,,,,,,,,,,,,,,,,,,,,,,,,,,,,,,,,,,,,
csv,22,2,399322781,399322886,399322919,399710277,398466250,398466313,399710328,399710376,399710391,398021859,399710396,399710450,399710538,399710612,399710690,399710779,399993302,399993418,399997202,399997270,399997315,399997479,399997554,400000106,399997131,399993260,399710182,398878437,398878488,398466359,398466407,398878404,398865263,398865314,398878360,398878336,399307449,399307478,399322733,399322699,,,,,,,,,,,,,,,,,,,,,,,,,,,,,,,,,,,,,,,,,,,,,,,,,,,,,,,,,,,,
bb_id,22,2,224,226,227,228,239,240,241,242,243,244,245,246,247,248,249,250,251,252,253,254,255,256,260,261,262,263,264,293,294,295,296,297,298,299,300,301,302,303,304,305,,,,,,,,,,,,,,,,,,,,,,,,,,,,,,,,,,,,,,,,,,,,,,,,,,,,,,,,,,,,
bbv,22,3,89,89,89,356,356,89,712,623,623,890,712,623,623,890,623,712,22680,22680,91105,91105,91105,91105,91104,2915341,91105,22680,712,89,89,89,89,89,2848,2848,2848,729088,2848,2848,2848,729088,,,,,,,,,,,,,,,,,,,,,,,,,,,,,,,,,,,,,,,,,,,,,,,,,,,,,,,,,,,,
csv,22,3,399444678,399444713,399444847,399857773,398421267,398421331,399857949,399858023,399858122,397974355,399858242,399858317,399858420,399858668,399858826,399858895,399999407,399999548,399999675,399999833,399999901,400000054,399996960,399999211,399999236,399999292,399857715,398945810,398945861,398421345,398421404,398945766,398929190,398929251,398945753,398945639,399424820,399424849,399444626,399444496,,,,,,,,,,,,,,,,,,,,,,,,,,,,,,,,,,,,,,,,,,,,,,,,,,,,,,,,,,,,
bb_id,22,3,224,226,227,228,239,240,241,242,243,244,245,246,247,248,249,250,251,252,253,254,255,256,260,261,262,263,264,293,294,295,296,297,298,299,300,301,302,303,304,305,,,,,,,,,,,,,,,,,,,,,,,,,,,,,,,,,,,,,,,,,,,,,,,,,,,,,,,,,,,,
bbv,23,0,92,92,92,368,368,92,736,644,644,920,736,644,644,920,644,736,23460,23460,94208,94208,94208,94208,94208,3014656,94208,23460,736,93,93,92,92,93,2947,2947,2948,754579,2976,2976,2975,761614,,,,,,,,,,,,,,,,,,,,,,,,,,,,,,,,,,,,,,,,,,,,,,,,,,,,,,,,,,,,
csv,23,0,395669405,395669430,395669432,398190552,398646427,398646510,398190582,398190668,398190698,398190891,398191015,397737987,397738055,397334228,397738123,398191184,398191237,398191246,398642941,398642988,398643086,398643229,398643252,398646256,398646281,398646306,398646358,399387200,399387419,398646549,398646657,399387167,399354718,399354795,399387125,399387101,399999043,399999072,399998999,400000071,,,,,,,,,,,,,,,,,,,,,,,,,,,,,,,,,,,,,,,,,,,,,,,,,,,,,,,,,,,,
bb_id,23,0,224,226,227,228,239,240,241,242,243,244,245,246,247,248,249,250,251,252,253,254,255,256,260,261,262,263,264,293,294,295,296,297,298,299,300,301,302,303,304,305,,,,,,,,,,,,,,,,,,,,,,,,,,,,,,,,,,,,,,,,,,,,,,,,,,,,,,,,,,,,
bbv,23,1,92,92,92,371,371,92,742,650,650,930,742,649,649,926,649,742,23538,23538,94921,94921,94921,94921,94921,3037502,94921,23538,742,92,92,92,92,92,2944,2944,2944,753664,2944,2944,2944,753664,,,,,,,,,,,,,,,,,,,,,,,,,,,,,,,,,,,,,,,,,,,,,,,,,,,,,,,,,,,,
csv,23,1,396940631,396940645,396940663,399873923,399473171,396046684,399873963,399874038,399874074,399874221,399874299,399473487,399473492,399088981,399473629,399874442,399874500,399874575,399997345,399997402,399997543,399997711,399997713,400000040,399997232,399873770,399873844,396536352,396536372,396046770,396046787,396536227,396523624,396523654,396536143,396536055,396927502,396927591,396940510,396940497,,,,,,,,,,,,,,,,,,,,,,,,,,,,,,,,,,,,,,,,,,,,,,,,,,,,,,,,,,,,
bb_id,23,1,224,226,227,228,239,240,241,242,243,244,245,246,247,248,249,250,251,252,253,254,255,256,260,261,262,263,264,293,294,295,296,297,298,299,300,301,302,303,304,305,,,,,,,,,,,,,,,,,,,,,,,,,,,,,,,,,,,,,,,,,,,,,,,,,,,,,,,,,,,,
bbv,23,2,87,87,87,350,350,87,700,613,613,876,700,613,613,876,613,700,22261,22261,89576,89576,89576,89576,89576,2866406,89576,22261,700,87,87,87,87,87,2784,2784,2784,712704,2784,2784,2784,712704,,,,,,,,,,,,,,,,,,,,,,,,,,,,,,,,,,,,,,,,,,,,,,,,,,,,,,,,,,,,
csv,23,2,397621135,397621160,397621246,399783538,399375640,396444792,399783603,399783737,399783785,399783817,399783864,399783876,399783995,399784068,399784125,399784235,399984297,399984329,399999563,399999631,399999676,399999829,399999883,400000061,399999440,399984133,399783522,396989503,396989597,396444862,396444904,396989447,396964490,396964500,396989381,396989193,397601657,397601692,397621097,397620989,,,,,,,,,,,,,,,,,,,,,,,,,,,,,,,,,,,,,,,,,,,,,,,,,,,,,,,,,,,,
bb_id,23,2,224,226,227,228,239,240,241,242,243,244,245,246,247,248,249,250,251,252,253,254,255,256,260,261,262,263,264,293,294,295,296,297,298,299,300,301,302,303,304,305,,,,,,,,,,,,,,,,,,,,,,,,,,,,,,,,,,,,,,,,,,,,,,,,,,,,,,,,,,,,
bbv,23,3,91,91,91,367,367,91,734,643,643,920,734,642,642,916,642,734,23308,23308,93921,93921,93921,93921,93922,3005496,93921,23308,734,91,91,91,91,91,2912,2912,2912,745472,2912,2912,2912,745472,,,,,,,,,,,,,,,,,,,,,,,,,,,,,,,,,,,,,,,,,,,,,,,,,,,,,,,,,,,,
csv,23,3,396942041,396942097,396942120,399951230,399558156,395943312,399951312,399951366,399951423,399951570,399951627,399558709,399558744,399138915,399558875,399951705,399951793,399951920,399997508,399997610,399997748,399997943,399997997,400000019,399997406,399951054,399951090,396473086,396473096,395943318,395943367,396473012,396460182,396460233,396472958,396472893,396928906,396928986,396941972,396941948,,,,,,,,,,,,,,,,,,,,,,,,,,,,,,,,,,,,,,,,,,,,,,,,,,,,,,,,,,,,
bb_id,23,3,224,226,227,228,239,240,241,242,243,244,245,246,247,248,249,250,251,252,253,254,255,256,260,261,262,263,264,293,294,295,296,297,298,299,300,301,302,303,304,305,,,,,,,,,,,,,,,,,,,,,,,,,,,,,,,,,,,,,,,,,,,,,,,,,,,,,,,,,,,,
bbv,24,0,1,1,1,1,1,1,1,1,7222,7222,7222,7222,924328,7221,7221,1,1,1,1,1,1,256,1,1,70,70,70,280,280,70,560,490,490,700,560,490,490,700,490,560,17850,17850,71680,71680,71680,71680,71680,2293760,71680,17850,560,1,69,69,70,70,70,2240,2240,2240,573440,2208,2208,2209,565490,,,,,,,,,,,,,,,,,,,,,,,,,,,,,,,,,,,
csv,24,0,325111850,325089083,325111839,325111844,325089076,325089077,325111948,325112072,399996653,399996700,399996755,399996818,400000078,399996482,399996625,325111834,325089109,325089138,325111733,325111757,325111779,325111661,325089068,325089069,298023787,298023843,298023866,300808215,301184785,301184838,300808295,300808359,300808427,300808532,300808547,300431339,300431377,300051179,300431434,300808667,300808762,300808823,301182038,301182156,301182201,301182312,301182324,301184696,301184710,301184756,301184767,325089018,297507429,297507470,301184852,301184921,301835482,301817477,301817508,301835387,301835380,298008898,298008927,298023739,298023684,,,,,,,,,,,,,,,,,,,,,,,,,,,,,,,,,,,
bb_id,24,0,54,59,62,64,101,102,103,104,106,107,108,109,110,111,113,115,168,169,170,171,172,173,180,182,224,226,227,228,239,240,241,242,243,244,245,246,247,248,249,250,251,252,253,254,255,256,260,261,262,263,264,292,293,294,295,296,297,298,299,300,301,302,303,304,305,,,,,,,,,,,,,,,,,,,,,,,,,,,,,,,,,,,
bbv,24,1,1,1,6937,6937,6937,6937,887877,6936,6936,1,1,1,1,1,256,73,73,73,292,293,74,584,511,511,730,584,511,511,730,511,584,18615,18615,74837,74837,74837,74837,74837,2394784,74838,18616,585,1,73,73,74,74,74,2368,2368,2368,606208,2336,2336,2336,598016,,,,,,,,,,,,,,,,,,,,,,,,,,,,,,,,,,,,,,,,,,,,
csv,24,1,325112046,325112106,399994177,399994264,399994319,399994402,400000058,399993906,399994069,325089255,325089328,325111751,325111769,325111783,325111705,319018904,319018929,319018952,320491096,320649514,320649515,320491105,320491117,320491142,320491184,320491189,320339016,320339031,320184867,320339036,320491246,320491288,320491297,320648391,320648417,320648462,320648573,320648585,320649477,320649481,320649495,320649496,325089015,318719087,318719118,320649529,320649536,320877067,320867514,320867545,320877032,320877025,319009859,319009888,319018887,319018842,,,,,,,,,,,,,,,,,,,,,,,,,,,,,,,,,,,,,,,,,,,,
bb_id,24,1,103,104,106,107,108,109,110,111,113,168,169,170,171,172,173,224,226,227,228,239,240,241,242,243,244,245,246,247,248,249,250,251,252,253,254,255,256,260,261,262,263,264,292,293,294,295,296,297,298,299,300,301,302,303,304,305,,,,,,,,,,,,,,,,,,,,,,,,,,,,,,,,,,,,,,,,,,,,
bbv,24,2,1,1,7332,7332,7332,7332,938479,7331,7331,1,1,1,1,1,256,77,77,77,309,310,78,618,541,541,774,618,540,540,770,540,618,19639,19639,79162,79162,79162,79162,79162,2533213,79163,19640,619,1,77,77,78,78,78,2496,2496,2496,638976,2464,2464,2464,630784,,,,,,,,,,,,,,,,,,,,,,,,,,,,,,,,,,,,,,,,,,,,
csv,24,2,325111899,325112059,399991399,399991466,399991621,399991684,400000018,399991288,399991371,325089135,325089141,325111739,325111763,325111777,325111683,315479243,315479247,315479280,316667733,316853255,316853286,316667742,316667744,316667749,316667815,316667820,316496834,316496839,316329244,316496896,316667867,316667899,316667992,316851836,316851904,316851939,316852061,316852063,316853164,316853168,316853172,316853247,325089021,315318706,315318716,316853290,316853318,317052504,317046862,317046872,317052501,317052456,315474171,315474210,315479195,315479192,,,,,,,,,,,,,,,,,,,,,,,,,,,,,,,,,,,,,,,,,,,,
bb_id,24,2,103,104,106,107,108,109,110,111,113,168,169,170,171,172,173,224,226,227,228,239,240,241,242,243,244,245,246,247,248,249,250,251,252,253,254,255,256,260,261,262,263,264,292,293,294,295,296,297,298,299,300,301,302,303,304,305,,,,,,,,,,,,,,,,,,,,,,,,,,,,,,,,,,,,,,,,,,,,
bbv,24,3,1,1,6899,6899,6899,6899,882995,6898,6898,1,1,1,1,1,256,75,75,75,300,301,76,600,525,525,750,600,525,525,750,525,600,19125,19125,76912,76912,76912,76912,76912,2461192,76913,19126,601,1,75,75,76,76,76,2432,2432,2432,622592,2400,2400,2400,614400,,,,,,,,,,,,,,,,,,,,,,,,,,,,,,,,,,,,,,,,,,,,
csv,24,3,325111997,325112093,399995855,399995902,399995957,399995980,400000038,399995584,399995727,325089281,325089331,325111745,325111775,325111781,325111727,324071520,324071524,324071526,324891058,325006530,325006531,324891067,324891069,324891074,324891096,324891101,324775576,324775581,324659962,324775586,324891148,324891180,324891189,325005677,325005703,325005738,325005839,325005841,325006513,325006517,325006521,325006522,325089012,323989157,323989167,325006535,325006542,325089009,325086433,325086443,325089006,325089003,324068932,324068940,324071503,324071500,,,,,,,,,,,,,,,,,,,,,,,,,,,,,,,,,,,,,,,,,,,,
bb_id,24,3,103,104,106,107,108,109,110,111,113,168,169,170,171,172,173,224,226,227,228,239,240,241,242,243,244,245,246,247,248,249,250,251,252,253,254,255,256,260,261,262,263,264,292,293,294,295,296,297,298,299,300,301,302,303,304,305,,,,,,,,,,,,,,,,,,,,,,,,,,,,,,,,,,,,,,,,,,,,
bbv,25,0,1,1,1,970,970,970,970,124248,971,971,1,1,6,1,1,1,209,209,208,208,208,26624,26624,26624,26624,212992,26624,26624,26752,26752,26752,214016,26752,26752,209,209,209,835,208,208,26624,26624,26624,212992,26624,26624,627,208,1463,1254,1254,1672,1463,1254,1254,1672,1254,1463,26543,26543,93630,93630,93630,93630,93630,2996133,93629,26542,1462,,,,,,,,,,,,,,,,,,,,,,,,,,,,,,,
csv,25,0,11554077,11554086,11554013,9476914,9476981,9477016,9477019,9482537,9482539,9482542,11554113,11554115,11554151,11554157,11554222,11554295,398407215,398407298,398277151,398277207,398407181,398406086,398406138,398406168,398406255,398407087,398407111,398407136,398513072,398513138,398513189,398513862,398513930,398513982,398514020,398514099,398514217,399569582,398162343,398162428,398276516,398276562,398276591,398276971,398277014,398277081,399786424,398277086,399786498,399786551,399786665,399786963,399787132,399570173,399570302,399351750,399570328,399787183,399787215,399787283,399999088,399999156,399999275,399999502,399999546,400000033,399998880,399786306,399786370,,,,,,,,,,,,,,,,,,,,,,,,,,,,,,,
bb_id,25,0,56,99,105,106,107,108,109,110,111,113,191,192,193,194,199,200,202,203,204,205,206,207,208,209,210,211,212,214,216,217,218,219,220,222,224,226,227,228,229,230,231,232,233,234,235,238,239,240,241,242,243,244,245,246,247,248,249,250,251,252,253,254,255,256,260,261,262,263,264,,,,,,,,,,,,,,,,,,,,,,,,,,,,,,,
bbv,25,1,1,1255,1255,1255,1255,160699,1256,1256,1,1,202,202,201,201,201,25728,25728,25728,25728,205824,25728,25728,25856,25856,25856,206848,25856,25856,202,202,202,807,201,201,25728,25728,25728,205824,25728,25728,605,201,1413,1211,1211,1614,1413,1212,1212,1616,1212,1413,25652,25652,90395,90395,90395,90395,90395,2892624,90394,25651,1412,,,,,,,,,,,,,,,,,,,,,,,,,,,,,,,,,,,,,
csv,25,1,11554010,11442571,11442598,11442653,11442656,11447694,11447716,11447739,11554459,11554515,398648238,398648340,398519473,398519571,398648117,398647348,398647375,398647426,398647452,398648019,398648049,398648053,398769593,398769684,398769752,398770235,398770362,398770407,398770445,398770554,398770619,399907637,398415763,398415787,398518567,398518592,398518621,398519297,398519319,398519344,399675126,398519448,399907751,399907816,399907863,399908053,399908142,399908186,399908212,399675885,399908280,399908369,399908506,399908561,399998063,399998232,399998309,399998475,399998561,400000012,399997925,399907504,399907568,,,,,,,,,,,,,,,,,,,,,,,,,,,,,,,,,,,,,
bb_id,25,1,105,106,107,108,109,110,111,113,199,200,202,203,204,205,206,207,208,209,210,211,212,214,216,217,218,219,220,222,224,226,227,228,229,230,231,232,233,234,235,238,239,240,241,242,243,244,245,246,247,248,249,250,251,252,253,254,255,256,260,261,262,263,264,,,,,,,,,,,,,,,,,,,,,,,,,,,,,,,,,,,,,
bbv,25,2,1,860,860,860,860,110097,861,861,1,1,199,199,198,198,198,25344,25344,25344,25344,202752,25344,25344,25472,25472,25472,203776,25472,25472,199,199,199,793,198,198,25344,25344,25344,202752,25344,25344,595,198,1389,1190,1190,1585,1389,1191,1191,1590,1191,1389,25257,25257,88892,88892,88892,88892,88892,2844544,88892,25257,1388,,,,,,,,,,,,,,,,,,,,,,,,,,,,,,,,,,,,,
csv,25,2,11554016,8704697,8704727,8704770,8704875,8713796,8713898,8714001,11554287,11554303,399168793,399168817,399054306,399054437,399168712,399167754,399167781,399167811,399167842,399168531,399168577,399168652,399275447,399275520,399275552,399276233,399276297,399276385,399276449,399276502,399276572,399518442,398935762,398935807,399053252,399053351,399053438,399054068,399054130,399054213,399772646,399054249,399772676,399772762,399772830,399772925,399773014,399773079,399773147,399773377,399773412,399773480,399986424,399986599,399996868,399996915,399997013,399997240,399997326,399999945,399999970,400000037,399772596,,,,,,,,,,,,,,,,,,,,,,,,,,,,,,,,,,,,,
bb_id,25,2,105,106,107,108,109,110,111,113,199,200,202,203,204,205,206,207,208,209,210,211,212,214,216,217,218,219,220,222,224,226,227,228,229,230,231,232,233,234,235,238,239,240,241,242,243,244,245,246,247,248,249,250,251,252,253,254,255,256,260,261,262,263,264,,,,,,,,,,,,,,,,,,,,,,,,,,,,,,,,,,,,,
bbv,25,3,1,1293,1293,1293,1293,165581,1294,1294,1,1,203,203,202,202,202,25856,25856,25856,25856,206848,25856,25856,25984,25984,25984,207872,25984,25984,203,203,203,809,202,202,25856,25856,25856,206848,25856,25856,607,202,1417,1214,1214,1617,1417,1215,1215,1622,1215,1417,25759,25759,90659,90659,90659,90659,90659,2901077,90658,25758,1416,,,,,,,,,,,,,,,,,,,,,,,,,,,,,,,,,,,,,
csv,25,3,11554007,11551374,11551401,11551436,11551439,11553999,11554001,11554004,11554394,11554507,399268421,399268462,399149792,399149852,399268345,399267501,399267507,399267600,399267689,399268220,399268270,399268321,399384158,399384277,399384404,399384990,399385063,399385216,399385352,399385541,399385629,399634459,399048398,399048443,399149251,399149270,399149299,399149669,399149717,399149742,399871258,399149788,399871330,399871397,399871493,399871626,399871793,399871933,399872083,399872254,399872343,399872453,399990155,399990231,399997811,399997921,399998002,399998206,399998311,400000058,399997687,399990121,399871204,,,,,,,,,,,,,,,,,,,,,,,,,,,,,,,,,,,,,
bb_id,25,3,105,106,107,108,109,110,111,113,199,200,202,203,204,205,206,207,208,209,210,211,212,214,216,217,218,219,220,222,224,226,227,228,229,230,231,232,233,234,235,238,239,240,241,242,243,244,245,246,247,248,249,250,251,252,253,254,255,256,260,261,262,263,264,,,,,,,,,,,,,,,,,,,,,,,,,,,,,,,,,,,,,
bbv,26,0,213,213,213,213,213,27264,27264,27264,27264,218112,27264,27264,27264,27264,27264,218112,27264,27264,213,213,213,851,213,213,27264,27264,27264,218112,27264,27264,637,213,1488,1275,1275,1698,1488,1276,1276,1703,1276,1488,27044,27044,95228,95228,95228,95228,95228,3047318,95228,27044,1488,,,,,,,,,,,,,,,,,,,,,,,,,,,,,,,,,,,,,,,,,,,,,,,
csv,26,0,398965063,398965228,398842575,398842727,398965015,398963996,398964131,398964196,398964222,398964796,398964858,398964956,399085007,399085056,399085082,399085693,399085757,399085849,399085926,399086157,399086292,399792764,398738822,398738846,398841519,398841607,398841678,398842213,398842318,398842425,399554437,398842494,399792815,399792859,399792938,399793028,399793107,399793167,399793214,399793311,399793398,399793452,399993678,399993739,399997339,399997449,399997632,399997775,399997781,400000146,399997194,399993557,399792742,,,,,,,,,,,,,,,,,,,,,,,,,,,,,,,,,,,,,,,,,,,,,,,
bb_id,26,0,202,203,204,205,206,207,208,209,210,211,212,214,216,217,218,219,220,222,224,226,227,228,229,230,231,232,233,234,235,238,239,240,241,242,243,244,245,246,247,248,249,250,251,252,253,254,255,256,260,261,262,263,264,,,,,,,,,,,,,,,,,,,,,,,,,,,,,,,,,,,,,,,,,,,,,,,
bbv,26,1,209,209,209,209,209,26752,26752,26752,26752,214016,26752,26752,26752,26752,26752,214016,26752,26752,209,209,209,836,209,209,26752,26752,26752,214016,26752,26752,627,209,1463,1254,1254,1672,1463,1254,1254,1672,1254,1463,26543,26543,93621,93621,93621,93621,93620,2995856,93621,26543,1463,,,,,,,,,,,,,,,,,,,,,,,,,,,,,,,,,,,,,,,,,,,,,,,
csv,26,1,398724555,398724652,398603745,398603796,398724474,398723480,398723507,398723621,398723714,398724230,398724379,398724383,398821445,398821501,398821527,398822018,398822077,398822154,398822218,398822243,398822266,399947992,398500836,398500881,398602957,398603024,398603116,398603515,398603525,398603616,399740532,398603699,399948106,399948171,399948240,399948318,399948379,399948469,399948577,399741641,399948629,399948680,399948768,399948965,399999727,399999800,399999919,400000104,399996510,399999542,399999594,399947880,399947944,,,,,,,,,,,,,,,,,,,,,,,,,,,,,,,,,,,,,,,,,,,,,,,
bb_id,26,1,202,203,204,205,206,207,208,209,210,211,212,214,216,217,218,219,220,222,224,226,227,228,229,230,231,232,233,234,235,238,239,240,241,242,243,244,245,246,247,248,249,250,251,252,253,254,255,256,260,261,262,263,264,,,,,,,,,,,,,,,,,,,,,,,,,,,,,,,,,,,,,,,,,,,,,,,
bbv,26,2,204,204,205,205,204,26218,26218,26218,26218,209739,26217,26217,26112,26112,26112,208896,26112,26112,204,204,204,819,205,205,26240,26240,26240,209920,26240,26240,614,205,1432,1228,1228,1639,1432,1227,1227,1634,1227,1432,25924,25924,91652,91652,91652,91652,91652,2932864,91652,25924,1433,,,,,,,,,,,,,,,,,,,,,,,,,,,,,,,,,,,,,,,,,,,,,,,
csv,26,2,397962309,397962371,399895359,399895410,397962275,399999500,399999569,399999645,399999774,400000125,399999387,399999475,398146290,398146362,398146413,398147455,398147498,398147564,398147602,398147690,398147713,399774841,399774865,399774931,399894084,399894207,399894358,399895181,399895245,399895291,399543854,399895313,399543905,399543970,399544038,399544144,399544170,399305794,399305942,399057931,399306012,399544259,399544375,399544447,399771413,399771502,399771600,399771768,399771903,399774658,399774746,399774771,399774835,,,,,,,,,,,,,,,,,,,,,,,,,,,,,,,,,,,,,,,,,,,,,,,
bb_id,26,2,202,203,204,205,206,207,208,209,210,211,212,214,216,217,218,219,220,222,224,226,227,228,229,230,231,232,233,234,235,238,239,240,241,242,243,244,245,246,247,248,249,250,251,252,253,254,255,256,260,261,262,263,264,,,,,,,,,,,,,,,,,,,,,,,,,,,,,,,,,,,,,,,,,,,,,,,
bbv,26,3,209,209,209,209,209,26752,26752,26752,26752,214016,26752,26752,26752,26752,26752,214016,26752,26752,209,209,209,838,209,209,26752,26752,26752,214016,26752,26752,628,209,1466,1257,1257,1677,1466,1257,1257,1674,1257,1466,26563,26563,93816,93816,93816,93816,93816,3002106,93816,26563,1466,,,,,,,,,,,,,,,,,,,,,,,,,,,,,,,,,,,,,,,,,,,,,,,
csv,26,3,398707252,398707277,398592650,398592681,398707122,398706316,398706395,398706413,398706465,398707032,398707080,398707113,398802477,398802542,398802568,398803023,398803024,398803150,398803204,398803306,398803392,399916616,398487814,398487901,398591866,398591874,398591931,398592440,398592462,398592545,399706748,398592625,399916688,399916795,399916884,399917095,399917193,399917247,399917437,399707458,399917582,399917814,399917848,399918025,399998760,399998828,399998884,399999048,399999071,400000003,399998678,399916562,399916610,,,,,,,,,,,,,,,,,,,,,,,,,,,,,,,,,,,,,,,,,,,,,,,
bb_id,26,3,202,203,204,205,206,207,208,209,210,211,212,214,216,217,218,219,220,222,224,226,227,228,229,230,231,232,233,234,235,238,239,240,241,242,243,244,245,246,247,248,249,250,251,252,253,254,255,256,260,261,262,263,264,,,,,,,,,,,,,,,,,,,,,,,,,,,,,,,,,,,,,,,,,,,,,,,
bbv,27,0,1,1,7,1,1,1,1,90,90,91,91,91,11648,11648,11648,11648,93184,11648,11648,11520,11520,11520,92160,11520,11520,142,142,142,568,91,91,11648,11648,11648,93184,11648,11648,478,142,1046,904,904,1240,1046,904,904,1240,904,1046,24686,24686,93306,93306,93306,93306,93305,2985765,93306,24686,1046,1,1,52,52,51,51,51,13056,13056,13056,13056,104448,13056,13056,13312,13312,13312,106496,13312,13312,,,,,,,,,,,,,,,,,,,,
csv,27,0,192005660,192005662,192005704,192005710,192005632,192005633,192005579,165591793,165591916,167362610,167362687,167482431,167481626,167481695,167481725,167481772,167482318,167482340,167482407,165711781,165711851,165711919,165712673,165712716,165712740,398036226,398036251,398036418,399383665,167258454,167258520,167361825,167361855,167361964,167362400,167362435,167362460,399820987,397619000,399821059,399821103,399821171,399821340,399821387,399821473,399821541,399821615,399821683,399821772,399989744,399989774,399999746,399999793,399999870,400000076,399997123,399999555,399999643,399989670,399820916,192005775,192005856,397835242,397835283,397619013,397619116,397835161,397834459,397834549,397834642,397834668,397835029,397835067,397835158,398035353,398035454,398035464,398036071,398036114,398036184,,,,,,,,,,,,,,,,,,,,
bb_id,27,0,183,184,185,186,196,198,201,202,203,204,205,206,207,208,209,210,211,212,214,216,217,218,219,220,222,224,226,227,228,229,230,231,232,233,234,235,238,239,240,241,242,243,244,245,246,247,248,249,250,251,252,253,254,255,256,260,261,262,263,264,265,266,268,269,270,271,272,273,274,275,276,277,278,280,282,283,284,285,286,288,,,,,,,,,,,,,,,,,,,,
bbv,27,1,1,101,101,102,102,102,13056,13056,13056,13056,104448,13056,13056,12928,12928,12928,103424,12928,12928,152,152,152,608,102,102,13056,13056,13056,104448,13056,13056,506,152,1114,962,962,1316,1114,962,962,1318,962,1114,25829,25829,97254,97254,97254,97254,97255,3112148,97254,25829,1114,1,1,51,51,50,50,50,12800,12800,12800,12800,102400,12800,12800,13056,13056,13056,104448,13056,13056,,,,,,,,,,,,,,,,,,,,,,,,,,
csv,27,1,192005576,191526850,191526870,191980324,191980354,192005573,192005377,192005383,192005392,192005397,192005565,192005566,192005570,191550494,191550501,191550506,191550674,191550675,191550678,397520524,397520657,397520701,399808754,191960839,191960863,191980174,191980178,191980186,191980314,191980315,191980319,399343318,397053900,399808826,399808931,399809079,399809271,399809360,399809467,399809472,399809546,399809572,399809682,399926260,399926290,399998077,399998124,399998236,399998400,399998566,400000097,399997948,399926186,399808645,192006015,192006172,397302284,397302305,397054028,397054182,397302229,397301147,397301220,397301311,397301317,397301950,397302073,397302142,397519743,397519855,397519923,397520388,397520392,397520444,,,,,,,,,,,,,,,,,,,,,,,,,,
bb_id,27,1,201,202,203,204,205,206,207,208,209,210,211,212,214,216,217,218,219,220,222,224,226,227,228,229,230,231,232,233,234,235,238,239,240,241,242,243,244,245,246,247,248,249,250,251,252,253,254,255,256,260,261,262,263,264,265,266,268,269,270,271,272,273,274,275,276,277,278,280,282,283,284,285,286,288,,,,,,,,,,,,,,,,,,,,,,,,,,
bbv,27,2,1,109,109,109,109,110,13974,13974,13974,13974,111797,13975,13975,13952,13952,13952,111616,13952,13952,158,158,158,630,109,109,13952,13952,13952,111616,13952,13952,520,157,1151,993,993,1354,1151,994,994,1360,994,1151,26322,26322,98487,98487,98487,98487,98487,3151566,98486,26321,1150,1,1,49,49,48,48,48,12288,12288,12288,12288,98304,12288,12288,12544,12544,12544,100352,12544,12544,,,,,,,,,,,,,,,,,,,,,,,,,,
csv,27,2,192005582,186214839,186214859,186945838,186945893,186994153,186993802,186993808,186993817,186993885,186994141,186994142,186994146,186258317,186258377,186258382,186258645,186258646,186258649,398062169,398062234,398062280,399554596,186902924,186902948,186945562,186945566,186945574,186945786,186945829,186945833,399067582,397577543,399554647,399554712,399554801,399554875,399554964,399555029,399555162,399555434,399555567,399555640,399975327,399975378,399997902,399997995,399998180,399998522,399998568,400000139,399997757,399975295,399554569,192005840,192005848,397806902,397806979,397577568,397577623,397806885,397806154,397806165,397806237,397806263,397806746,397806811,397806819,398060453,398060586,398060717,398061771,398061909,398062030,,,,,,,,,,,,,,,,,,,,,,,,,,
bb_id,27,2,201,202,203,204,205,206,207,208,209,210,211,212,214,216,217,218,219,220,222,224,226,227,228,229,230,231,232,233,234,235,238,239,240,241,242,243,244,245,246,247,248,249,250,251,252,253,254,255,256,260,261,262,263,264,265,266,268,269,270,271,272,273,274,275,276,277,278,280,282,283,284,285,286,288,,,,,,,,,,,,,,,,,,,,,,,,,,
bbv,27,3,1,100,100,101,101,101,12928,12928,12928,12928,103424,12928,12928,12800,12800,12800,102400,12800,12800,151,151,151,603,101,101,12928,12928,12928,103424,12928,12928,503,151,1106,955,955,1306,1106,955,955,1309,955,1106,25700,25700,96740,96740,96740,96740,96740,3095693,96740,25700,1106,1,1,51,51,50,50,50,12800,12800,12800,12800,102400,12800,12800,13056,13056,13056,104448,13056,13056,,,,,,,,,,,,,,,,,,,,,,,,,,
csv,27,3,192005585,190522341,190522382,191428296,191428347,191481411,191480925,191480952,191480961,191480987,191481267,191481268,191481307,190564507,190564530,190564551,190564767,190564776,190564779,397669580,397669627,397669654,399058592,191378955,191379000,191427858,191427923,191427931,191428244,191428245,191428270,399532514,397220792,399532579,399532726,399532815,399532984,399533031,399533138,399533185,399533282,399533308,399533402,399940539,399940548,399996457,399996525,399996648,399996852,399996957,400000118,399996291,399940404,399532485,192006080,192006180,397453510,397453577,397220840,397220891,397453448,397452707,397452755,397452766,397452813,397453350,397453394,397453401,397668522,397668592,397668681,397669377,397669471,397669542,,,,,,,,,,,,,,,,,,,,,,,,,,
bb_id,27,3,201,202,203,204,205,206,207,208,209,210,211,212,214,216,217,218,219,220,222,224,226,227,228,229,230,231,232,233,234,235,238,239,240,241,242,243,244,245,246,247,248,249,250,251,252,253,254,255,256,260,261,262,263,264,265,266,268,269,270,271,272,273,274,275,276,277,278,280,282,283,284,285,286,288,,,,,,,,,,,,,,,,,,,,,,,,,,
bbv,28,0,99,99,99,397,396,99,793,694,694,992,793,694,694,991,694,793,25252,25252,101540,101540,101540,101540,101541,3249311,101540,25252,793,99,99,99,99,99,25344,25344,25344,25344,202752,25344,25344,25344,25344,25344,202752,25344,25344,,,,,,,,,,,,,,,,,,,,,,,,,,,,,,,,,,,,,,,,,,,,,,,,,,,,,,,
csv,28,0,397425569,397425594,397425617,399695031,399248878,396929170,399695124,399695210,399695299,399695494,399695545,399695595,399695651,399695709,399695777,399695908,399919512,399919621,399996689,399996736,399996792,399997057,399997166,400000076,399996418,399919398,399695020,397183032,397183261,396929220,396929296,397182959,397181810,397181879,397181909,397181956,397182570,397182678,397182886,397424572,397424686,397424759,397425359,397425423,397425447,,,,,,,,,,,,,,,,,,,,,,,,,,,,,,,,,,,,,,,,,,,,,,,,,,,,,,,
bb_id,28,0,224,226,227,228,239,240,241,242,243,244,245,246,247,248,249,250,251,252,253,254,255,256,260,261,262,263,264,268,269,270,271,272,273,274,275,276,277,278,280,282,283,284,285,286,288,,,,,,,,,,,,,,,,,,,,,,,,,,,,,,,,,,,,,,,,,,,,,,,,,,,,,,,
bbv,28,1,97,97,97,389,389,97,778,681,681,974,778,680,680,970,680,778,24740,24740,99658,99658,99658,99658,99657,3189036,99658,24740,778,97,97,97,97,97,24832,24832,24832,24832,198656,24832,24832,24832,24832,24832,198656,24832,24832,,,,,,,,,,,,,,,,,,,,,,,,,,,,,,,,,,,,,,,,,,,,,,,,,,,,,,,
csv,28,1,396353282,396353370,396353414,399577225,399112790,395853060,399577297,399577387,399577474,399577564,399577569,399113276,399113302,398647676,399113370,399577714,399577868,399577942,399999616,399999808,399999889,400000055,399996276,399999261,399999429,399576987,399577093,396111727,396111782,395853127,395853241,396111646,396110608,396110698,396110728,396110796,396111405,396111511,396111519,396352407,396352456,396352526,396353114,396353199,396353244,,,,,,,,,,,,,,,,,,,,,,,,,,,,,,,,,,,,,,,,,,,,,,,,,,,,,,,
bb_id,28,1,224,226,227,228,239,240,241,242,243,244,245,246,247,248,249,250,251,252,253,254,255,256,260,261,262,263,264,268,269,270,271,272,273,274,275,276,277,278,280,282,283,284,285,286,288,,,,,,,,,,,,,,,,,,,,,,,,,,,,,,,,,,,,,,,,,,,,,,,,,,,,,,,
bbv,28,2,93,93,93,374,375,94,748,655,655,938,748,654,654,932,654,748,23731,23731,95753,95753,95753,95753,95753,3064114,95754,23732,749,94,94,94,94,94,24064,24064,24064,24064,192512,24064,24064,23936,23936,23935,191480,23935,23935,,,,,,,,,,,,,,,,,,,,,,,,,,,,,,,,,,,,,,,,,,,,,,,,,,,,,,,
csv,28,2,395850621,395850709,395850753,399138602,399621990,399622047,399138632,399138716,399138789,399139031,399139063,398651799,398651933,398173156,398652041,399139171,399139292,399139336,399618028,399618117,399618215,399618379,399618444,399621735,399621827,399621939,399621961,399875951,399876032,399622173,399622224,399875869,399875081,399875129,399875159,399875206,399875773,399875858,399875866,399999912,400000083,399999194,399999780,399999830,399999854,,,,,,,,,,,,,,,,,,,,,,,,,,,,,,,,,,,,,,,,,,,,,,,,,,,,,,,
bb_id,28,2,224,226,227,228,239,240,241,242,243,244,245,246,247,248,249,250,251,252,253,254,255,256,260,261,262,263,264,268,269,270,271,272,273,274,275,276,277,278,280,282,283,284,285,286,288,,,,,,,,,,,,,,,,,,,,,,,,,,,,,,,,,,,,,,,,,,,,,,,,,,,,,,,
bbv,28,3,97,97,97,389,389,97,778,681,681,974,778,681,681,971,681,778,24741,24741,99566,99566,99566,99566,99566,3186088,99566,24741,778,97,97,97,97,97,24832,24832,24832,24832,198656,24832,24832,24832,24832,24832,198656,24832,24832,,,,,,,,,,,,,,,,,,,,,,,,,,,,,,,,,,,,,,,,,,,,,,,,,,,,,,,
csv,28,3,396879286,396879311,396879355,399187187,399637444,396392457,399637484,399637563,399637614,399637802,399637896,399637919,399638001,399188023,399638150,399638224,399853028,399853180,399999322,399999390,399999425,399999717,399999782,400000104,399999240,399852919,399637415,396641554,396641595,396392482,396392575,396641499,396640128,396640218,396640290,396640358,396641384,396641429,396641475,396878268,396878338,396878364,396879001,396879079,396879225,,,,,,,,,,,,,,,,,,,,,,,,,,,,,,,,,,,,,,,,,,,,,,,,,,,,,,,
bb_id,28,3,224,226,227,228,239,240,241,242,243,244,245,246,247,248,249,250,251,252,253,254,255,256,260,261,262,263,264,268,269,270,271,272,273,274,275,276,277,278,280,282,283,284,285,286,288,,,,,,,,,,,,,,,,,,,,,,,,,,,,,,,,,,,,,,,,,,,,,,,,,,,,,,,
bbv,29,0,99,99,99,397,397,99,794,695,695,994,794,694,694,990,694,794,25249,25249,101612,101612,101612,101612,101612,3251580,101612,25249,794,99,99,99,99,99,25344,25344,25344,25344,202752,25344,25344,25344,25344,25344,202752,25344,25344,,,,,,,,,,,,,,,,,,,,,,,,,,,,,,,,,,,,,,,,,,,,,,,,,,,,,,,
csv,29,0,396593728,396593758,396593781,399778765,399348180,396157024,399778795,399778860,399778928,399779118,399779250,399348977,399349024,398890911,399349050,399779342,399779395,399779448,399996758,399996847,399996945,399997109,399997174,400000067,399996632,399778704,399778726,396386744,396386785,396157194,396157367,396386668,396385747,396385806,396385836,396386000,396386517,396386565,396386618,396593015,396593069,396593095,396593625,396593651,396593660,,,,,,,,,,,,,,,,,,,,,,,,,,,,,,,,,,,,,,,,,,,,,,,,,,,,,,,
bb_id,29,0,224,226,227,228,239,240,241,242,243,244,245,246,247,248,249,250,251,252,253,254,255,256,260,261,262,263,264,268,269,270,271,272,273,274,275,276,277,278,280,282,283,284,285,286,288,,,,,,,,,,,,,,,,,,,,,,,,,,,,,,,,,,,,,,,,,,,,,,,,,,,,,,,
bbv,29,1,97,97,97,388,388,97,776,679,679,970,776,679,679,970,679,776,24735,24735,99298,99298,99298,99298,99298,3177536,99298,24735,776,97,97,97,97,97,24832,24832,24832,24832,198656,24832,24832,24832,24832,24832,198656,24832,24832,,,,,,,,,,,,,,,,,,,,,,,,,,,,,,,,,,,,,,,,,,,,,,,,,,,,,,,
csv,29,1,396464459,396464586,396464609,399655597,399200498,396003509,399655669,399655755,399655823,399655959,399656021,399201190,399201239,398748212,399201349,399656115,399656168,399656240,399999552,399999646,399999758,400000023,399996149,399999296,399999388,399655443,399655528,396245570,396245611,396003625,396003676,396245522,396244688,396244715,396244795,396244827,396245387,396245451,396245498,396463526,396463597,396463647,396464230,396464320,396464421,,,,,,,,,,,,,,,,,,,,,,,,,,,,,,,,,,,,,,,,,,,,,,,,,,,,,,,
bb_id,29,1,224,226,227,228,239,240,241,242,243,244,245,246,247,248,249,250,251,252,253,254,255,256,260,261,262,263,264,268,269,270,271,272,273,274,275,276,277,278,280,282,283,284,285,286,288,,,,,,,,,,,,,,,,,,,,,,,,,,,,,,,,,,,,,,,,,,,,,,,,,,,,,,,
bbv,29,2,94,94,94,375,375,93,751,657,657,938,751,658,658,940,658,751,23968,23968,96051,96051,96051,96051,96051,3073600,96050,23967,750,93,93,93,93,93,23808,23808,23808,23808,190464,23808,23808,23936,23936,23937,191496,23937,23937,,,,,,,,,,,,,,,,,,,,,,,,,,,,,,,,,,,,,,,,,,,,,,,,,,,,,,,
csv,29,2,396951429,396951454,396951530,399383242,399820054,396478815,399820147,399820275,399820302,399820411,399820443,399820534,399820565,399384053,399820575,399820800,399820834,399820948,399999491,399999620,399999723,399999901,400000046,399999338,399999363,399819919,399820004,396712285,396712368,396478882,396478933,396712209,396710756,396710865,396711040,396711129,396712033,396712097,396712122,396950482,396950498,396950632,396951295,396951342,396951391,,,,,,,,,,,,,,,,,,,,,,,,,,,,,,,,,,,,,,,,,,,,,,,,,,,,,,,
bb_id,29,2,224,226,227,228,239,240,241,242,243,244,245,246,247,248,249,250,251,252,253,254,255,256,260,261,262,263,264,268,269,270,271,272,273,274,275,276,277,278,280,282,283,284,285,286,288,,,,,,,,,,,,,,,,,,,,,,,,,,,,,,,,,,,,,,,,,,,,,,,,,,,,,,,
bbv,29,3,98,98,98,389,389,98,778,680,680,972,778,680,680,972,680,778,24752,24752,99491,99491,99491,99491,99491,3183731,99491,24752,778,98,98,98,98,98,25088,25088,25088,25088,200704,25088,25088,25088,25088,25088,200704,25088,25088,,,,,,,,,,,,,,,,,,,,,,,,,,,,,,,,,,,,,,,,,,,,,,,,,,,,,,,
csv,29,3,399943400,399943507,399943598,398989019,399449519,399449625,399943607,398989160,398989268,398989456,399943689,399943754,399943902,399944117,399944164,399944237,399997487,399997538,399997683,399997772,399997891,399998034,399998099,400000044,399997388,399997434,399449448,399703863,399703946,399449692,399449743,399703829,399702837,399702864,399702873,399702983,399703571,399703572,399703761,399942294,399942364,399942453,399943125,399943269,399943316,,,,,,,,,,,,,,,,,,,,,,,,,,,,,,,,,,,,,,,,,,,,,,,,,,,,,,,
bb_id,29,3,224,226,227,228,239,240,241,242,243,244,245,246,247,248,249,250,251,252,253,254,255,256,260,261,262,263,264,268,269,270,271,272,273,274,275,276,277,278,280,282,283,284,285,286,288,,,,,,,,,,,,,,,,,,,,,,,,,,,,,,,,,,,,,,,,,,,,,,,,,,,,,,,
bbv,30,0,1,1,7,1,1,1,88,88,88,351,352,88,703,615,615,878,703,616,616,880,616,703,22438,22438,89948,89947,89947,89947,89947,2878309,89948,22438,703,1,6,6,7,7,7,1792,1792,1792,1792,14336,1792,1792,1536,1536,1536,12288,1536,1536,1,1,82,82,81,81,81,2592,2592,2592,663552,2624,2624,2624,671744,,,,,,,,,,,,,,,,,,,,,,,,,,,,,,,,,
csv,30,0,49947285,49947287,49947329,49947335,49947255,49947256,397683329,397683440,397683463,399509037,399910329,396347938,399910380,399910444,399910501,399910617,399910674,399910686,399910733,399509810,399910748,399910837,399910921,399910992,400000067,399997534,399997625,399997860,399997914,399999910,399999924,399910258,399910269,49947208,20921561,20921623,24762943,24763030,24994235,24993559,24993607,24993679,24993705,24994117,24994144,24994169,21150315,21150364,21150495,21151206,21151228,21151303,49947400,49947471,397064799,397064830,396348005,396348022,397064678,397040870,397041046,397064654,397064508,397664982,397665011,397683270,397683246,,,,,,,,,,,,,,,,,,,,,,,,,,,,,,,,,
bb_id,30,0,175,176,177,178,188,190,224,226,227,228,239,240,241,242,243,244,245,246,247,248,249,250,251,252,253,254,255,256,260,261,262,263,264,267,268,269,270,271,272,273,274,275,276,277,278,280,282,283,284,285,286,288,290,291,293,294,295,296,297,298,299,300,301,302,303,304,305,,,,,,,,,,,,,,,,,,,,,,,,,,,,,,,,,
bbv,30,1,90,90,90,357,357,90,714,624,624,890,714,625,625,894,625,714,22878,22878,91404,91404,91403,91403,91404,2924928,91404,22878,714,1,11,11,12,12,12,3072,3072,3072,3072,24576,3072,3072,2816,2816,2816,22528,2816,2816,1,1,79,79,78,78,78,2496,2496,2496,638976,2528,2528,2528,647168,,,,,,,,,,,,,,,,,,,,,,,,,,,,,,,,,,,,,,,
csv,30,1,399135466,399135472,399135541,399629751,397999760,397999771,399629823,399629871,399629876,397570677,399630005,399630075,399630101,399630343,399630369,399630544,399996359,399996420,399999985,400000093,399996646,399996799,399996905,399999812,399999889,399996306,399629724,49947199,46116500,46116570,49896731,49896761,49947196,49947000,49947006,49947015,49947020,49947188,49947189,49947193,46439849,46439940,46439966,46440680,46440748,46441018,49947566,49947657,398604173,398604235,397999907,397999924,398604109,398584217,398584269,398604044,398603989,399116765,399116794,399135449,399135303,,,,,,,,,,,,,,,,,,,,,,,,,,,,,,,,,,,,,,,
bb_id,30,1,224,226,227,228,239,240,241,242,243,244,245,246,247,248,249,250,251,252,253,254,255,256,260,261,262,263,264,267,268,269,270,271,272,273,274,275,276,277,278,280,282,283,284,285,286,288,290,291,293,294,295,296,297,298,299,300,301,302,303,304,305,,,,,,,,,,,,,,,,,,,,,,,,,,,,,,,,,,,,,,,
bbv,30,2,100,100,100,401,401,101,801,701,701,1002,801,700,700,1000,700,801,25502,25502,102605,102605,102605,102605,102605,3283392,102606,25503,802,1,20,20,21,21,21,5376,5376,5376,5376,43008,5376,5376,5120,5120,5120,40960,5120,5120,1,1,80,80,80,80,79,2543,2543,2542,650872,2560,2560,2560,655360,,,,,,,,,,,,,,,,,,,,,,,,,,,,,,,,,,,,,,,
csv,30,2,396571792,396571838,396571850,399236675,399713305,399713369,399236768,399236812,399236880,399237070,399237117,398858460,398858586,398518533,398858613,399237185,399237280,399237352,399709476,399709565,399709642,399709873,399709999,399713141,399713187,399713233,399713255,49947205,47387302,47387322,48989311,48989341,49090989,49090667,49090673,49090682,49090687,49090939,49090982,49090986,47486591,47486720,47486725,47486958,47487001,47487004,49947465,49947477,395984534,395984586,399713419,399713512,395984438,399990918,399991057,399990868,400000103,396555120,396555138,396571723,396571710,,,,,,,,,,,,,,,,,,,,,,,,,,,,,,,,,,,,,,,
bb_id,30,2,224,226,227,228,239,240,241,242,243,244,245,246,247,248,249,250,251,252,253,254,255,256,260,261,262,263,264,267,268,269,270,271,272,273,274,275,276,277,278,280,282,283,284,285,286,288,290,291,293,294,295,296,297,298,299,300,301,302,303,304,305,,,,,,,,,,,,,,,,,,,,,,,,,,,,,,,,,,,,,,,
bbv,30,3,89,89,89,357,356,89,713,624,624,890,713,624,624,892,624,713,22871,22871,91376,91376,91376,91376,91376,2924038,91376,22871,713,1,10,10,11,11,11,2816,2816,2816,2816,22528,2816,2816,2560,2560,2560,20480,2560,2560,1,1,79,79,78,78,78,2496,2496,2496,638976,2528,2528,2528,647168,,,,,,,,,,,,,,,,,,,,,,,,,,,,,,,,,,,,,,,
csv,30,3,399077163,399077229,399077283,399561982,397942933,397942955,399562054,399562119,399562229,397510371,399562318,399562404,399562514,399562620,399562730,399562840,399993710,399993783,399997390,399997437,399997590,399997736,399997759,400000006,399997294,399993637,399561913,49947202,45771236,45771277,49770455,49770506,49879002,49878558,49878590,49878634,49878639,49878952,49878974,49878978,46027243,46027376,46027381,46027911,46027979,46028135,49947631,49947663,398554901,398554942,397942980,397943151,398554753,398535555,398535617,398554698,398554643,399060116,399060166,399077018,399077005,,,,,,,,,,,,,,,,,,,,,,,,,,,,,,,,,,,,,,,
bb_id,30,3,224,226,227,228,239,240,241,242,243,244,245,246,247,248,249,250,251,252,253,254,255,256,260,261,262,263,264,267,268,269,270,271,272,273,274,275,276,277,278,280,282,283,284,285,286,288,290,291,293,294,295,296,297,298,299,300,301,302,303,304,305,,,,,,,,,,,,,,,,,,,,,,,,,,,,,,,,,,,,,,,
bbv,31,0,92,92,92,367,367,92,734,642,642,916,734,642,642,919,642,734,23451,23451,93976,93977,93977,93977,93977,3007264,93976,23451,734,92,92,92,92,92,2944,2944,2944,753664,2944,2944,2944,753664,,,,,,,,,,,,,,,,,,,,,,,,,,,,,,,,,,,,,,,,,,,,,,,,,,,,,,,,,,,,
csv,31,0,398095367,398095401,398095443,399354720,399802551,397267672,399802668,399802752,399802914,399803125,399803277,399803363,399803431,399803505,399803598,399803748,399969957,399969987,399996123,399996212,399996289,399996474,399996560,400000099,399995978,399969883,399802457,397780261,397780321,397267697,397267769,397780215,397768495,397768535,397780179,397780136,398085740,398085758,398095340,398095317,,,,,,,,,,,,,,,,,,,,,,,,,,,,,,,,,,,,,,,,,,,,,,,,,,,,,,,,,,,,
bb_id,31,0,224,226,227,228,239,240,241,242,243,244,245,246,247,248,249,250,251,252,253,254,255,256,260,261,262,263,264,293,294,295,296,297,298,299,300,301,302,303,304,305,,,,,,,,,,,,,,,,,,,,,,,,,,,,,,,,,,,,,,,,,,,,,,,,,,,,,,,,,,,,
bbv,31,1,92,92,92,369,369,92,738,646,646,922,738,646,646,924,646,738,23512,23512,94442,94442,94443,94443,94442,3022144,94442,23512,738,92,92,92,92,92,2944,2944,2944,753664,2944,2944,2944,753664,,,,,,,,,,,,,,,,,,,,,,,,,,,,,,,,,,,,,,,,,,,,,,,,,,,,,,,,,,,,
csv,31,1,398269515,398269540,398269604,399687974,399221510,397585403,399688025,399688048,399688116,399688148,399688237,399688281,399688370,399688518,399688544,399688616,399974127,399974180,399999727,399999816,399999872,400000057,399997083,399999578,399999582,399973973,399687947,397887696,397887746,397585417,397585454,397887654,397877942,397877952,397887621,397887608,398252322,398252435,398269415,398269329,,,,,,,,,,,,,,,,,,,,,,,,,,,,,,,,,,,,,,,,,,,,,,,,,,,,,,,,,,,,
bb_id,31,1,224,226,227,228,239,240,241,242,243,244,245,246,247,248,249,250,251,252,253,254,255,256,260,261,262,263,264,293,294,295,296,297,298,299,300,301,302,303,304,305,,,,,,,,,,,,,,,,,,,,,,,,,,,,,,,,,,,,,,,,,,,,,,,,,,,,,,,,,,,,
bbv,31,2,88,88,88,350,349,87,700,612,612,872,700,613,613,878,613,700,22415,22415,89514,89514,89514,89514,89514,2864438,89513,22414,699,88,88,87,87,88,2801,2801,2802,717192,2816,2816,2816,720896,,,,,,,,,,,,,,,,,,,,,,,,,,,,,,,,,,,,,,,,,,,,,,,,,,,,,,,,,,,,
csv,31,2,398375532,398375578,398375681,399846223,399363943,397544741,399846274,399846360,399846428,399846523,399846591,399846656,399846724,399846893,399846961,399847029,399994394,399994468,399998278,399998325,399998360,399998484,399998507,400000078,399998074,399994219,399846196,397943290,397943360,397544755,397544793,397943208,397930433,397930483,397943175,397943142,398355010,398355291,398375473,398375435,,,,,,,,,,,,,,,,,,,,,,,,,,,,,,,,,,,,,,,,,,,,,,,,,,,,,,,,,,,,
bb_id,31,2,224,226,227,228,239,240,241,242,243,244,245,246,247,248,249,250,251,252,253,254,255,256,260,261,262,263,264,293,294,295,296,297,298,299,300,301,302,303,304,305,,,,,,,,,,,,,,,,,,,,,,,,,,,,,,,,,,,,,,,,,,,,,,,,,,,,,,,,,,,,
bbv,31,3,92,92,92,369,369,92,738,646,646,922,738,646,646,924,646,738,23507,23507,94453,94453,94453,94453,94453,3022482,94453,23507,738,92,92,92,92,92,2944,2944,2944,753664,2944,2944,2944,753664,,,,,,,,,,,,,,,,,,,,,,,,,,,,,,,,,,,,,,,,,,,,,,,,,,,,,,,,,,,,
csv,31,3,398175615,398175691,398175734,399566100,399098000,397499173,399566130,399566195,399566263,399566402,399566510,399566655,399566725,399566894,399566962,399567030,399984232,399984304,399997820,399997909,399998028,399998217,399998383,400000120,399997675,399984116,399566010,397827975,397827995,397499269,397499302,397827953,397818107,397818147,397827920,397827907,398161791,398161833,398175515,398175502,,,,,,,,,,,,,,,,,,,,,,,,,,,,,,,,,,,,,,,,,,,,,,,,,,,,,,,,,,,,
bb_id,31,3,224,226,227,228,239,240,241,242,243,244,245,246,247,248,249,250,251,252,253,254,255,256,260,261,262,263,264,293,294,295,296,297,298,299,300,301,302,303,304,305,,,,,,,,,,,,,,,,,,,,,,,,,,,,,,,,,,,,,,,,,,,,,,,,,,,,,,,,,,,,
bbv,32,0,1,1,1,1,1,1,1,1,2294,2294,2294,2294,293541,2293,2293,1,1,1,1,1,1,256,1,1,82,82,82,330,330,83,659,577,577,826,659,576,576,821,576,659,20921,20921,84424,84424,84424,84424,84424,2701568,84425,20922,660,1,82,82,83,83,83,2656,2656,2656,679936,2624,2624,2624,671744,,,,,,,,,,,,,,,,,,,,,,,,,,,,,,,,,,,
csv,32,0,376230973,376208206,376230962,376230967,376208199,376208200,376231071,376231097,399996212,399996299,399996354,399996377,400000017,399996101,399996184,376230957,376208232,376208235,376230862,376230880,376230902,376230828,376208191,376208192,352254929,352254977,352255042,354756556,355197796,355197895,354756670,354756735,354756782,354756909,354756935,354320083,354320159,353988726,354320282,354756982,354757077,354757128,355193897,355193923,355193979,355194206,355194250,355197583,355197629,355197637,355197762,376208141,351574349,351574464,355197983,355198091,355932266,355909003,355909081,355932200,355932176,352230345,352230460,352254811,352254731,,,,,,,,,,,,,,,,,,,,,,,,,,,,,,,,,,,
bb_id,32,0,54,59,62,64,101,102,103,104,106,107,108,109,110,111,113,115,168,169,170,171,172,173,180,182,224,226,227,228,239,240,241,242,243,244,245,246,247,248,249,250,251,252,253,254,255,256,260,261,262,263,264,292,293,294,295,296,297,298,299,300,301,302,303,304,305,,,,,,,,,,,,,,,,,,,,,,,,,,,,,,,,,,,
bbv,32,1,1,1,2198,2198,2198,2198,281274,2197,2197,1,1,1,1,1,256,85,85,85,342,343,86,684,599,599,858,684,598,598,852,598,684,21695,21695,87592,87592,87592,87592,87593,2802976,87593,21696,685,1,85,85,86,86,86,2752,2752,2752,704512,2720,2720,2720,696320,,,,,,,,,,,,,,,,,,,,,,,,,,,,,,,,,,,,,,,,,,,,
csv,32,1,376231195,376231291,399994954,399995001,399995116,399995219,400000077,399994803,399994886,376208422,376208495,376230874,376230898,376230906,376230806,374182392,374182417,374182419,375838381,376052661,376052662,375838390,375838434,375838460,375838524,375838533,375610799,375610825,375374202,375610851,375838641,375838699,375838743,376051448,376051474,376051519,376051630,376051642,376052624,376052628,376052642,376052643,376208135,374013281,374013301,376052676,376052683,376208132,376205556,376205566,376208129,376208126,374173981,374174010,374182354,374182330,,,,,,,,,,,,,,,,,,,,,,,,,,,,,,,,,,,,,,,,,,,,
bb_id,32,1,103,104,106,107,108,109,110,111,113,168,169,170,171,172,173,224,226,227,228,239,240,241,242,243,244,245,246,247,248,249,250,251,252,253,254,255,256,260,261,262,263,264,292,293,294,295,296,297,298,299,300,301,302,303,304,305,,,,,,,,,,,,,,,,,,,,,,,,,,,,,,,,,,,,,,,,,,,,
bbv,32,2,1,1,2314,2314,2314,2314,296155,2313,2313,1,1,1,1,1,256,88,88,88,354,355,89,708,620,620,888,708,619,619,882,619,708,22465,22465,90710,90710,90710,90710,90710,2902730,90711,22466,709,1,88,88,89,89,89,2848,2848,2848,729088,2816,2816,2816,720896,,,,,,,,,,,,,,,,,,,,,,,,,,,,,,,,,,,,,,,,,,,,
csv,32,2,376231022,376231084,399994436,399994583,399994638,399994701,400000037,399994385,399994408,376208261,376208286,376230856,376230886,376230900,376230850,367404872,367404876,367404920,368746415,368933042,368933043,368746424,368746426,368746515,368746579,368746584,368557775,368557780,368370348,368557785,368746652,368746684,368746693,368931147,368931173,368931208,368931459,368931461,368932962,368932966,368932970,368932971,376208144,367212354,367212406,368933089,368933096,369131317,369125200,369125210,369131314,369131311,367398260,367398289,367404855,367404852,,,,,,,,,,,,,,,,,,,,,,,,,,,,,,,,,,,,,,,,,,,,
bb_id,32,2,103,104,106,107,108,109,110,111,113,168,169,170,171,172,173,224,226,227,228,239,240,241,242,243,244,245,246,247,248,249,250,251,252,253,254,255,256,260,261,262,263,264,292,293,294,295,296,297,298,299,300,301,302,303,304,305,,,,,,,,,,,,,,,,,,,,,,,,,,,,,,,,,,,,,,,,,,,,
bbv,32,3,1,1,2206,2206,2206,2206,282327,2205,2205,1,1,1,1,1,256,85,85,85,342,343,86,684,599,599,858,684,598,598,852,598,684,21691,21691,87563,87563,87563,87563,87563,2802033,87564,21692,685,1,85,85,86,86,86,2752,2752,2752,704512,2720,2720,2720,696320,,,,,,,,,,,,,,,,,,,,,,,,,,,,,,,,,,,,,,,,,,,,
csv,32,3,376231146,376231278,399992158,399992245,399992300,399992383,400000057,399991887,399992050,376208448,376208498,376230868,376230892,376230904,376230784,374168931,374168955,374168967,375785276,376014995,376015017,375785320,375785423,375785430,375785473,375785499,375553649,375553654,375329696,375553680,375785567,375785620,375785650,376013598,376013624,376013760,376013863,376013865,376014936,376014961,376014965,376014987,376208138,374005043,374005063,376015021,376015049,376196568,376191355,376191375,376196555,376196532,374163840,374163858,374168914,374168901,,,,,,,,,,,,,,,,,,,,,,,,,,,,,,,,,,,,,,,,,,,,
bb_id,32,3,103,104,106,107,108,109,110,111,113,168,169,170,171,172,173,224,226,227,228,239,240,241,242,243,244,245,246,247,248,249,250,251,252,253,254,255,256,260,261,262,263,264,292,293,294,295,296,297,298,299,300,301,302,303,304,305,,,,,,,,,,,,,,,,,,,,,,,,,,,,,,,,,,,,,,,,,,,,
bbv,33,0,1,1,1,5898,5898,5898,5898,755035,5899,5899,1,1,6,1,1,1,183,183,182,182,182,23296,23296,23296,23296,186368,23296,23296,23424,23424,23424,187392,23424,23424,183,183,183,729,182,182,23296,23296,23296,186368,23296,23296,547,182,1277,1094,1094,1457,1277,1095,1095,1462,1095,1277,23217,23217,81690,81690,81690,81690,81690,2614050,81689,23216,1276,,,,,,,,,,,,,,,,,,,,,,,,,,,,,,,
csv,33,0,62673201,62673210,62673131,60742198,60742255,60742290,60742293,60747051,60747093,60747096,62673237,62673239,62673275,62673281,62673346,62673354,399333758,399333799,399220905,399220977,399333719,399332916,399332943,399332956,399333022,399333543,399333565,399333653,399441293,399441347,399441401,399441995,399442020,399442044,399442105,399442142,399442148,399663491,399107179,399107224,399220273,399220298,399220359,399220737,399220775,399220800,399896940,399220822,399897038,399897103,399897171,399897245,399897334,399897378,399897488,399897649,399897722,399897832,399995216,399995324,399999376,399999507,399999605,399999790,399999878,400000023,399999252,399995138,399896883,,,,,,,,,,,,,,,,,,,,,,,,,,,,,,,
bb_id,33,0,56,99,105,106,107,108,109,110,111,113,191,192,193,194,199,200,202,203,204,205,206,207,208,209,210,211,212,214,216,217,218,219,220,222,224,226,227,228,229,230,231,232,233,234,235,238,239,240,241,242,243,244,245,246,247,248,249,250,251,252,253,254,255,256,260,261,262,263,264,,,,,,,,,,,,,,,,,,,,,,,,,,,,,,,
bbv,33,1,1,5994,5994,5994,5994,767302,5995,5995,1,1,177,177,176,176,176,22528,22528,22528,22528,180224,22528,22528,22656,22656,22656,181248,22656,22656,177,177,177,705,176,176,22528,22528,22528,180224,22528,22528,529,176,1235,1058,1058,1409,1235,1059,1059,1414,1059,1235,22453,22453,78993,78993,78993,78993,78993,2527776,78993,22452,1234,,,,,,,,,,,,,,,,,,,,,,,,,,,,,,,,,,,,,
csv,33,1,62673134,62670498,62670525,62670560,62670563,62673123,62673125,62673128,62673492,62673591,399387885,399387926,399273625,399273660,399387830,399387076,399387185,399387194,399387267,399387745,399387776,399387806,399499443,399499555,399499602,399500174,399500278,399500281,399500441,399500531,399500596,399724489,399174563,399174608,399273024,399273070,399273099,399273508,399273514,399273562,399943375,399273568,399943405,399943449,399943538,399943656,399943806,399943951,399943998,399944135,399944193,399944291,399996512,399996565,399996689,399996778,399996834,399996998,399997084,399999967,400000048,399996316,399943304,,,,,,,,,,,,,,,,,,,,,,,,,,,,,,,,,,,,,
bb_id,33,1,105,106,107,108,109,110,111,113,199,200,202,203,204,205,206,207,208,209,210,211,212,214,216,217,218,219,220,222,224,226,227,228,229,230,231,232,233,234,235,238,239,240,241,242,243,244,245,246,247,248,249,250,251,252,253,254,255,256,260,261,262,263,264,,,,,,,,,,,,,,,,,,,,,,,,,,,,,,,,,,,,,
bbv,33,2,1,5878,5878,5878,5878,752421,5879,5879,1,1,170,170,169,169,169,21632,21632,21632,21632,173056,21632,21632,21760,21760,21760,174080,21760,21760,170,170,170,676,169,169,21632,21632,21632,173056,21632,21632,507,169,1184,1014,1014,1352,1184,1015,1015,1354,1015,1184,21488,21488,75737,75737,75737,75737,75737,2423559,75736,21487,1183,,,,,,,,,,,,,,,,,,,,,,,,,,,,,,,,,,,,,
csv,33,2,62673137,60015711,60015758,60015873,60015896,60025632,60025694,60025797,62673419,62673427,399788562,399788626,399659358,399659451,399788425,399787203,399787272,399787365,399787412,399787969,399788118,399788284,399905582,399905781,399905908,399906395,399906480,399906546,399906626,399906693,399906737,399537743,399537767,399537854,399658494,399658540,399658569,399659264,399659286,399659290,399318921,399659333,399906767,399319000,399319110,399319305,399906856,399906900,399906989,399907074,399907121,399907189,399998573,399998624,399998769,399998879,399998956,399999141,399999206,400000044,399998474,399998520,399537674,,,,,,,,,,,,,,,,,,,,,,,,,,,,,,,,,,,,,
bb_id,33,2,105,106,107,108,109,110,111,113,199,200,202,203,204,205,206,207,208,209,210,211,212,214,216,217,218,219,220,222,224,226,227,228,229,230,231,232,233,234,235,238,239,240,241,242,243,244,245,246,247,248,249,250,251,252,253,254,255,256,260,261,262,263,264,,,,,,,,,,,,,,,,,,,,,,,,,,,,,,,,,,,,,
bbv,33,3,1,5986,5986,5986,5986,766249,5987,5987,1,1,177,177,176,176,176,22528,22528,22528,22528,180224,22528,22528,22656,22656,22656,181248,22656,22656,177,177,177,707,176,176,22528,22528,22528,180224,22528,22528,531,176,1239,1062,1062,1416,1239,1062,1062,1416,1062,1239,22479,22479,79261,79261,79261,79260,79260,2536320,79260,22478,1238,,,,,,,,,,,,,,,,,,,,,,,,,,,,,,,,,,,,,
csv,33,3,62673140,62663277,62663304,62663359,62663362,62667920,62667922,62667925,62673557,62673599,398470637,398470720,398346031,398346088,398470620,398469340,398469367,398469479,398469531,398470505,398470550,398470575,398588372,398588442,398588510,398589018,398589187,398589194,398589211,398589438,398589468,399696961,398232372,398232459,398345042,398345088,398345117,398345630,398345760,398345862,399901168,398345884,399901240,399901305,399901353,399901464,399901497,399697253,399697279,399481921,399697326,399901565,399901627,399901722,399999876,399999946,400000002,399996480,399996556,399999668,399999794,399901138,399901139,,,,,,,,,,,,,,,,,,,,,,,,,,,,,,,,,,,,,
bb_id,33,3,105,106,107,108,109,110,111,113,199,200,202,203,204,205,206,207,208,209,210,211,212,214,216,217,218,219,220,222,224,226,227,228,229,230,231,232,233,234,235,238,239,240,241,242,243,244,245,246,247,248,249,250,251,252,253,254,255,256,260,261,262,263,264,,,,,,,,,,,,,,,,,,,,,,,,,,,,,,,,,,,,,
bbv,34,0,214,214,214,214,214,27392,27392,27392,27392,219136,27392,27392,27392,27392,27392,219136,27392,27392,214,214,214,856,214,214,27392,27392,27392,219136,27392,27392,642,214,1498,1284,1284,1712,1498,1284,1284,1712,1284,1498,27175,27175,95862,95862,95862,95862,95862,3067612,95862,27175,1498,,,,,,,,,,,,,,,,,,,,,,,,,,,,,,,,,,,,,,,,,,,,,,,
csv,34,0,399366171,399366256,399239560,399239672,399366057,399365129,399365217,399365247,399365320,399365885,399365947,399366019,399485789,399485817,399485864,399486368,399486451,399486475,399486583,399486690,399486713,399719284,399120100,399120145,399238694,399238719,399238809,399239284,399239408,399239520,399944035,399239556,399944100,399944329,399944418,399944492,399944581,399944667,399944735,399944925,399944993,399945103,399986767,399986860,399997000,399997068,399997124,399997288,399997311,400000035,399996918,399986714,399943945,,,,,,,,,,,,,,,,,,,,,,,,,,,,,,,,,,,,,,,,,,,,,,,
bb_id,34,0,202,203,204,205,206,207,208,209,210,211,212,214,216,217,218,219,220,222,224,226,227,228,229,230,231,232,233,234,235,238,239,240,241,242,243,244,245,246,247,248,249,250,251,252,253,254,255,256,260,261,262,263,264,,,,,,,,,,,,,,,,,,,,,,,,,,,,,,,,,,,,,,,,,,,,,,,
bbv,34,1,208,208,208,208,208,26624,26624,26624,26624,212992,26624,26624,26624,26624,26624,212992,26624,26624,208,208,208,833,208,208,26624,26624,26624,212992,26624,26624,625,208,1458,1250,1250,1667,1458,1250,1250,1666,1250,1458,26439,26439,93354,93354,93354,93354,93354,2987310,93353,26439,1458,,,,,,,,,,,,,,,,,,,,,,,,,,,,,,,,,,,,,,,,,,,,,,,
csv,34,1,398784343,398784379,398669889,398669993,398784256,398783606,398783628,398783716,398783737,398784161,398784195,398784203,398882126,398882217,398882327,398883105,398883171,398883216,398883317,398883385,398883417,399559590,398566470,398566557,398668861,398668886,398668931,398669553,398669839,398669845,399791809,398669846,399791839,399791904,399791951,399792036,399792125,399792190,399792258,399792294,399792320,399792475,399962624,399962736,399998111,399998200,399998235,399998399,399998485,400000077,399998050,399962592,399791759,,,,,,,,,,,,,,,,,,,,,,,,,,,,,,,,,,,,,,,,,,,,,,,
bb_id,34,1,202,203,204,205,206,207,208,209,210,211,212,214,216,217,218,219,220,222,224,226,227,228,229,230,231,232,233,234,235,238,239,240,241,242,243,244,245,246,247,248,249,250,251,252,253,254,255,256,260,261,262,263,264,,,,,,,,,,,,,,,,,,,,,,,,,,,,,,,,,,,,,,,,,,,,,,,
bbv,34,2,204,204,204,204,204,26112,26112,26112,26112,208896,26112,26112,26112,26112,26112,208896,26112,26112,204,204,204,818,204,204,26112,26112,26112,208896,26112,26112,614,204,1432,1228,1228,1636,1432,1228,1228,1638,1228,1432,26006,26006,91666,91666,91666,91666,91666,2933314,91666,26006,1432,,,,,,,,,,,,,,,,,,,,,,,,,,,,,,,,,,,,,,,,,,,,,,,
csv,34,2,398793965,398794022,398681257,398681308,398793873,398792981,398793066,398793170,398793212,398793675,398793766,398793791,398894222,398894250,398894276,398894983,398895005,398895029,398895067,398895154,398895177,399593254,398577647,398577717,398679941,398679992,398680084,398680770,398680900,398681023,399841080,398681188,399841152,399841217,399841306,399841412,399841459,399841566,399841592,399841645,399841671,399841802,399962512,399962588,399999115,399999183,399999239,399999361,399999426,400000014,399999033,399962417,399841051,,,,,,,,,,,,,,,,,,,,,,,,,,,,,,,,,,,,,,,,,,,,,,,
bb_id,34,2,202,203,204,205,206,207,208,209,210,211,212,214,216,217,218,219,220,222,224,226,227,228,229,230,231,232,233,234,235,238,239,240,241,242,243,244,245,246,247,248,249,250,251,252,253,254,255,256,260,261,262,263,264,,,,,,,,,,,,,,,,,,,,,,,,,,,,,,,,,,,,,,,,,,,,,,,
bbv,34,3,209,209,209,209,209,26752,26752,26752,26752,214016,26752,26752,26752,26752,26752,214016,26752,26752,209,209,209,835,209,209,26752,26752,26752,214016,26752,26752,625,209,1460,1251,1251,1666,1460,1252,1252,1671,1252,1460,26536,26536,93475,93475,93475,93476,93476,2991211,93475,26536,1460,,,,,,,,,,,,,,,,,,,,,,,,,,,,,,,,,,,,,,,,,,,,,,,
csv,34,3,398985954,398986004,398862504,398862576,398985920,398984930,398984957,398985071,398985118,398985828,398985860,398985917,399103219,399103279,399103305,399103917,399104002,399104068,399104148,399104194,399104217,399764503,398762728,398762772,398861202,398861353,398861404,398862215,398862300,398862388,399535885,398862453,399764575,399764661,399764729,399764824,399764850,399765020,399765130,399765246,399765314,399765529,399971612,399971747,399998550,399998639,399998695,399998838,399998861,400000056,399998489,399971475,399764476,,,,,,,,,,,,,,,,,,,,,,,,,,,,,,,,,,,,,,,,,,,,,,,
bb_id,34,3,202,203,204,205,206,207,208,209,210,211,212,214,216,217,218,219,220,222,224,226,227,228,229,230,231,232,233,234,235,238,239,240,241,242,243,244,245,246,247,248,249,250,251,252,253,254,255,256,260,261,262,263,264,,,,,,,,,,,,,,,,,,,,,,,,,,,,,,,,,,,,,,,,,,,,,,,
bbv,35,0,1,1,7,1,1,1,1,115,115,116,116,116,14848,14848,14848,14848,118784,14848,14848,14720,14720,14720,117760,14720,14720,155,155,155,621,116,116,14848,14848,14848,118784,14848,14848,505,155,1126,971,971,1321,1126,971,971,1321,971,1126,24825,24825,92385,92385,92385,92385,92385,2956312,92385,24825,1126,1,1,40,40,39,39,39,9984,9984,9984,9984,79872,9984,9984,10240,10240,10240,81920,10240,10240,,,,,,,,,,,,,,,,,,,,
csv,35,0,243124863,243124865,243124907,243124913,243124835,243124836,243124779,212661172,212661234,214356829,214356901,214453285,214452400,214452406,214452520,214452546,214453172,214453194,214453261,212781309,212781358,212781384,212782098,212782141,212782228,397802854,397802942,397802965,399177005,214241406,214241446,214356029,214356191,214356222,214356630,214356694,214356761,399618523,397350704,399618595,399618681,399618749,399618834,399618902,399618946,399618972,399619025,399619072,399619226,399997888,399998002,399998126,399998195,399998251,399998377,399998404,400000047,399997705,399997793,399618473,243125051,243125059,397570891,397570974,397350746,397350809,397570815,397569932,397569984,397570088,397570123,397570660,397570661,397570749,397801192,397801241,397801329,397802581,397802729,397802816,,,,,,,,,,,,,,,,,,,,
bb_id,35,0,183,184,185,186,196,198,201,202,203,204,205,206,207,208,209,210,211,212,214,216,217,218,219,220,222,224,226,227,228,229,230,231,232,233,234,235,238,239,240,241,242,243,244,245,246,247,248,249,250,251,252,253,254,255,256,260,261,262,263,264,265,266,268,269,270,271,272,273,274,275,276,277,278,280,282,283,284,285,286,288,,,,,,,,,,,,,,,,,,,,
bbv,35,1,1,127,127,128,128,128,16384,16384,16384,16384,131072,16384,16384,16256,16256,16256,130048,16256,16256,165,165,165,662,128,128,16384,16384,16384,131072,16384,16384,534,166,1195,1030,1030,1400,1195,1029,1029,1396,1029,1195,25822,25822,95941,95941,95941,95941,95941,3070130,95942,25823,1196,1,1,38,38,38,38,37,9560,9560,9560,9560,76477,9559,9559,9728,9728,9728,77824,9728,9728,,,,,,,,,,,,,,,,,,,,,,,,,,
csv,35,1,243124782,242635810,242635836,243099527,243099557,243124776,243124580,243124586,243124595,243124600,243124768,243124769,243124773,242669697,242669704,242669709,242669877,242669878,242669881,396269288,396269355,396269420,399463496,243080042,243080066,243099377,243099381,243099389,243099517,243099518,243099522,399913166,399913230,399463568,399463654,399463701,399463893,399463966,398993240,398993266,398522529,398993414,399464034,399464143,399464337,399910163,399910252,399910343,399910486,399910589,399912960,399913048,399913094,399913116,243125507,243125515,396027363,396027404,399913297,399913411,396027282,399999315,399999342,399999414,399999547,400000005,399999181,399999269,396268375,396268527,396268595,396269036,396269121,396269208,,,,,,,,,,,,,,,,,,,,,,,,,,
bb_id,35,1,201,202,203,204,205,206,207,208,209,210,211,212,214,216,217,218,219,220,222,224,226,227,228,229,230,231,232,233,234,235,238,239,240,241,242,243,244,245,246,247,248,249,250,251,252,253,254,255,256,260,261,262,263,264,265,266,268,269,270,271,272,273,274,275,276,277,278,280,282,283,284,285,286,288,,,,,,,,,,,,,,,,,,,,,,,,,,
bbv,35,2,1,138,138,139,139,139,17792,17792,17792,17792,142336,17792,17792,17664,17664,17664,141312,17664,17664,175,175,175,700,139,139,17792,17792,17792,142336,17792,17792,561,175,1261,1086,1086,1472,1261,1086,1086,1473,1086,1261,26957,26957,99458,99458,99458,99458,99458,3182672,99458,26957,1261,1,1,37,37,36,36,36,9216,9216,9216,9216,73728,9216,9216,9472,9472,9472,75776,9472,9472,,,,,,,,,,,,,,,,,,,,,,,,,,
csv,35,2,243124788,237381677,237381734,238071029,238071101,238121742,238121091,238121097,238121106,238121181,238121734,238121735,238121739,237425340,237425347,237425389,237425631,237425632,237425672,397638510,397638598,397638601,399103790,238029164,238029230,238070732,238070736,238070744,238070977,238070978,238070982,399598492,397191274,399598543,399598629,399598676,399598824,399598892,399598978,399599046,399599099,399599125,399599214,399956858,399956915,399997109,399997178,399997234,399997402,399997507,400000068,399996985,399956805,399598463,243124978,243124986,397423649,397423675,397191311,397191413,397423594,397422972,397422999,397423029,397423097,397423515,397423520,397423587,397637556,397637626,397637694,397638279,397638364,397638451,,,,,,,,,,,,,,,,,,,,,,,,,,
bb_id,35,2,201,202,203,204,205,206,207,208,209,210,211,212,214,216,217,218,219,220,222,224,226,227,228,229,230,231,232,233,234,235,238,239,240,241,242,243,244,245,246,247,248,249,250,251,252,253,254,255,256,260,261,262,263,264,265,266,268,269,270,271,272,273,274,275,276,277,278,280,282,283,284,285,286,288,,,,,,,,,,,,,,,,,,,,,,,,,,
bbv,35,3,1,126,126,127,127,127,16256,16256,16256,16256,130048,16256,16256,16128,16128,16128,129024,16128,16128,164,164,164,657,127,127,16256,16256,16256,130048,16256,16256,530,164,1187,1023,1023,1390,1187,1023,1023,1389,1023,1187,25695,25695,95234,95234,95234,95234,95234,3047478,95234,25695,1187,1,1,38,38,37,37,37,9472,9472,9472,9472,75776,9472,9472,9728,9728,9728,77824,9728,9728,,,,,,,,,,,,,,,,,,,,,,,,,,
csv,35,3,243124785,241704061,241704086,242606009,242606039,242656401,242655917,242655927,242655945,242655976,242656330,242656331,242656377,241753015,241753022,241753048,241753321,241753364,241753392,397437501,397437554,397437626,399762742,242564079,242564103,242605662,242605670,242605682,242605935,242605957,242605982,399294217,396967450,399762793,399762938,399762987,399763135,399763203,399763268,399763294,399763347,399763436,399763592,399996135,399996211,399999542,399999573,399999650,399999835,399999921,400000026,399999418,399996056,399762659,243125124,243125132,397220149,397220253,396967517,396967589,397220094,397219218,397219308,397219380,397219448,397219919,397219947,397220007,397436496,397436612,397436667,397437390,397437416,397437440,,,,,,,,,,,,,,,,,,,,,,,,,,
bb_id,35,3,201,202,203,204,205,206,207,208,209,210,211,212,214,216,217,218,219,220,222,224,226,227,228,229,230,231,232,233,234,235,238,239,240,241,242,243,244,245,246,247,248,249,250,251,252,253,254,255,256,260,261,262,263,264,265,266,268,269,270,271,272,273,274,275,276,277,278,280,282,283,284,285,286,288,,,,,,,,,,,,,,,,,,,,,,,,,,
bbv,36,0,99,99,99,398,397,99,795,696,696,996,795,695,695,991,695,795,25252,25252,101700,101700,101700,101700,101699,3254378,101700,25252,795,99,99,99,99,99,25344,25344,25344,25344,202752,25344,25344,25344,25344,25344,202752,25344,25344,,,,,,,,,,,,,,,,,,,,,,,,,,,,,,,,,,,,,,,,,,,,,,,,,,,,,,,
csv,36,0,396673155,396673201,396673329,399816915,399369296,396235920,399816987,399817052,399817078,399817163,399817210,399369901,399369927,398921894,399369995,399817278,399817352,399817424,399999778,399999825,399999902,400000066,399996800,399999608,399999675,399816824,399816888,396459839,396459880,396235966,396236017,396459779,396459044,396459073,396459131,396459157,396459678,396459700,396459755,396672019,396672087,396672158,396672969,396673037,396673091,,,,,,,,,,,,,,,,,,,,,,,,,,,,,,,,,,,,,,,,,,,,,,,,,,,,,,,
bb_id,36,0,224,226,227,228,239,240,241,242,243,244,245,246,247,248,249,250,251,252,253,254,255,256,260,261,262,263,264,268,269,270,271,272,273,274,275,276,277,278,280,282,283,284,285,286,288,,,,,,,,,,,,,,,,,,,,,,,,,,,,,,,,,,,,,,,,,,,,,,,,,,,,,,,
bbv,36,1,97,97,97,387,387,96,775,678,678,968,775,679,679,970,679,775,24734,24734,99182,99182,99182,99182,99182,3173817,99181,24733,774,97,97,96,96,97,24744,24744,24744,24744,197955,24745,24745,24832,24832,24832,198656,24832,24832,,,,,,,,,,,,,,,,,,,,,,,,,,,,,,,,,,,,,,,,,,,,,,,,,,,,,,,
csv,36,1,396830143,396830236,396830315,399142485,399602034,396375349,399602127,399602192,399602239,399602324,399602413,399602461,399602548,399143237,399602574,399602703,399836531,399836603,399997243,399997353,399997451,399997659,399997745,400000129,399997098,399836436,399601963,396598304,396598348,396375386,396375425,396598227,396597299,396597350,396597407,396597444,396597948,396598092,396598159,396829002,396829092,396829118,396829910,396829932,396829981,,,,,,,,,,,,,,,,,,,,,,,,,,,,,,,,,,,,,,,,,,,,,,,,,,,,,,,
bb_id,36,1,224,226,227,228,239,240,241,242,243,244,245,246,247,248,249,250,251,252,253,254,255,256,260,261,262,263,264,268,269,270,271,272,273,274,275,276,277,278,280,282,283,284,285,286,288,,,,,,,,,,,,,,,,,,,,,,,,,,,,,,,,,,,,,,,,,,,,,,,,,,,,,,,
bbv,36,2,94,94,94,375,375,94,750,656,656,937,750,656,656,937,656,750,23946,23946,96014,96014,96014,96014,96014,3072429,96014,23946,750,94,94,94,94,94,24064,24064,24064,24064,192512,24064,24064,24064,24064,24064,192512,24064,24064,,,,,,,,,,,,,,,,,,,,,,,,,,,,,,,,,,,,,,,,,,,,,,,,,,,,,,,
csv,36,2,398522555,398522643,398522666,399041435,399536480,398021295,399536510,399536636,399536784,399536822,399536848,399536953,399537051,399537195,399537298,399537568,399991977,399992049,399999129,399999197,399999253,399999417,399999440,400000087,399999047,399991861,399536369,398274605,398274646,398021320,398021413,398274550,398272911,398272959,398273073,398273145,398274236,398274335,398274482,398521829,398521920,398521988,398522429,398522472,398522496,,,,,,,,,,,,,,,,,,,,,,,,,,,,,,,,,,,,,,,,,,,,,,,,,,,,,,,
bb_id,36,2,224,226,227,228,239,240,241,242,243,244,245,246,247,248,249,250,251,252,253,254,255,256,260,261,262,263,264,268,269,270,271,272,273,274,275,276,277,278,280,282,283,284,285,286,288,,,,,,,,,,,,,,,,,,,,,,,,,,,,,,,,,,,,,,,,,,,,,,,,,,,,,,,
bbv,36,3,97,97,97,389,389,97,778,681,681,974,778,680,680,970,680,778,24739,24739,99604,99604,99604,99604,99604,3187346,99604,24739,778,97,97,97,97,97,24832,24832,24832,24832,198656,24832,24832,24832,24832,24832,198656,24832,24832,,,,,,,,,,,,,,,,,,,,,,,,,,,,,,,,,,,,,,,,,,,,,,,,,,,,,,,
csv,36,3,396484545,396484603,396484656,399696580,399238115,396030966,399696673,399696738,399696827,399696912,399696980,399238814,399238908,398769859,399239154,399697090,399697143,399697278,399997558,399997771,399997890,399998075,399998182,400000108,399997455,399696426,399696511,396280701,396280758,396030974,396031025,396280577,396279696,396279728,396279758,396279809,396280400,396280463,396280488,396483816,396483891,396483917,396484397,396484399,396484402,,,,,,,,,,,,,,,,,,,,,,,,,,,,,,,,,,,,,,,,,,,,,,,,,,,,,,,
bb_id,36,3,224,226,227,228,239,240,241,242,243,244,245,246,247,248,249,250,251,252,253,254,255,256,260,261,262,263,264,268,269,270,271,272,273,274,275,276,277,278,280,282,283,284,285,286,288,,,,,,,,,,,,,,,,,,,,,,,,,,,,,,,,,,,,,,,,,,,,,,,,,,,,,,,
bbv,37,0,101,101,101,403,403,101,806,705,705,1006,806,706,706,1010,706,806,25752,25752,103240,103240,103240,103240,103241,3303689,103240,25752,806,101,101,101,101,101,25856,25856,25856,25856,206848,25856,25856,25856,25856,25856,206848,25856,25856,,,,,,,,,,,,,,,,,,,,,,,,,,,,,,,,,,,,,,,,,,,,,,,,,,,,,,,
csv,37,0,397400545,397400612,397400677,399568412,399143140,396961189,399568505,399568612,399568680,399568828,399568896,399568982,399569029,399569145,399569234,399569302,399901650,399901724,399999119,399999187,399999243,399999407,399999472,400000041,399998974,399901597,399568385,397206523,397206611,396961235,396961354,397206489,397205746,397205773,397205904,397205930,397206403,397206410,397206477,397399877,397399989,397400015,397400337,397400394,397400507,,,,,,,,,,,,,,,,,,,,,,,,,,,,,,,,,,,,,,,,,,,,,,,,,,,,,,,
bb_id,37,0,224,226,227,228,239,240,241,242,243,244,245,246,247,248,249,250,251,252,253,254,255,256,260,261,262,263,264,268,269,270,271,272,273,274,275,276,277,278,280,282,283,284,285,286,288,,,,,,,,,,,,,,,,,,,,,,,,,,,,,,,,,,,,,,,,,,,,,,,,,,,,,,,
bbv,37,1,97,97,97,386,385,97,771,674,674,962,771,674,674,964,674,771,24639,24639,98637,98637,98637,98637,98637,3156382,98637,24639,771,97,97,97,97,97,24832,24832,24832,24832,198656,24832,24832,24832,24832,24832,198656,24832,24832,,,,,,,,,,,,,,,,,,,,,,,,,,,,,,,,,,,,,,,,,,,,,,,,,,,,,,,
csv,37,1,399292735,399292785,399292808,399783886,398802357,398802358,399784118,399784229,399784297,398334022,399784365,399784409,399784477,399784648,399784756,399784946,399997100,399997172,399997317,399997406,399997462,399997605,399997628,400000062,399997001,399997047,399783768,399053938,399054000,398802383,398802497,399053841,399052552,399052608,399052733,399052974,399053665,399053687,399053775,399291736,399291827,399291874,399292525,399292589,399292655,,,,,,,,,,,,,,,,,,,,,,,,,,,,,,,,,,,,,,,,,,,,,,,,,,,,,,,
bb_id,37,1,224,226,227,228,239,240,241,242,243,244,245,246,247,248,249,250,251,252,253,254,255,256,260,261,262,263,264,268,269,270,271,272,273,274,275,276,277,278,280,282,283,284,285,286,288,,,,,,,,,,,,,,,,,,,,,,,,,,,,,,,,,,,,,,,,,,,,,,,,,,,,,,,
bbv,37,2,93,93,93,374,373,93,747,654,654,935,747,654,654,934,654,747,23741,23741,95512,95511,95511,95511,95511,3056378,95512,23741,747,93,93,93,93,93,23808,23808,23808,23808,190464,23808,23808,23808,23808,23808,190464,23808,23808,,,,,,,,,,,,,,,,,,,,,,,,,,,,,,,,,,,,,,,,,,,,,,,,,,,,,,,
csv,37,2,397531696,397531763,397531811,399931795,399451966,397100656,399931846,399931932,399932000,399932190,399932237,399932323,399932399,399932484,399932561,399932818,399932871,399932922,400000020,399995960,399996063,399996241,399996386,399999808,399999875,399931746,399931768,397320486,397320563,397100681,397100774,397320452,397319748,397319859,397319952,397319961,397320337,397320403,397320428,397530854,397530893,397530929,397531549,397531571,397531637,,,,,,,,,,,,,,,,,,,,,,,,,,,,,,,,,,,,,,,,,,,,,,,,,,,,,,,
bb_id,37,2,224,226,227,228,239,240,241,242,243,244,245,246,247,248,249,250,251,252,253,254,255,256,260,261,262,263,264,268,269,270,271,272,273,274,275,276,277,278,280,282,283,284,285,286,288,,,,,,,,,,,,,,,,,,,,,,,,,,,,,,,,,,,,,,,,,,,,,,,,,,,,,,,
bbv,37,3,97,97,97,386,387,97,773,676,676,964,773,677,677,969,677,773,24728,24728,98973,98973,98973,98973,98973,3167131,98973,24728,773,97,97,97,97,97,24832,24832,24832,24832,198656,24832,24832,24832,24832,24832,198656,24832,24832,,,,,,,,,,,,,,,,,,,,,,,,,,,,,,,,,,,,,,,,,,,,,,,,,,,,,,,
csv,37,3,397693057,397693082,397693109,399123054,399583806,397228372,399583836,399584048,399584074,399584222,399584269,399584460,399584486,399584518,399584586,399584717,399991385,399991492,399998554,399998643,399998699,399998884,399998949,400000083,399998430,399991264,399583756,397458573,397458658,397228428,397228479,397458560,397457692,397457719,397457773,397457801,397458401,397458444,397458536,397692331,397692359,397692406,397692931,397692974,397692998,,,,,,,,,,,,,,,,,,,,,,,,,,,,,,,,,,,,,,,,,,,,,,,,,,,,,,,
bb_id,37,3,224,226,227,228,239,240,241,242,243,244,245,246,247,248,249,250,251,252,253,254,255,256,260,261,262,263,264,268,269,270,271,272,273,274,275,276,277,278,280,282,283,284,285,286,288,,,,,,,,,,,,,,,,,,,,,,,,,,,,,,,,,,,,,,,,,,,,,,,,,,,,,,,
bbv,38,0,1,1,7,1,1,1,86,86,86,342,342,86,684,598,598,854,684,598,598,854,598,684,21814,21814,87442,87442,87442,87442,87442,2798138,87442,21814,684,1,16,16,17,17,17,4352,4352,4352,4352,34816,4352,4352,4096,4096,4096,32768,4096,4096,1,1,70,70,69,69,69,2208,2208,2208,565248,2240,2240,2240,573440,,,,,,,,,,,,,,,,,,,,,,,,,,,,,,,,,
csv,38,0,101066518,101066520,101066562,101066568,101066488,101066489,399526542,399526566,399526591,399944979,398716040,398716113,399945154,399945282,399945308,398331791,399945418,399945504,399945593,399945699,399945725,399945814,399999075,399999147,399999250,399999297,399999439,399999629,399999687,400000021,399998850,399998917,399944952,101066438,61392967,61392987,65096531,65096624,65328252,65327136,65327205,65327298,65327387,65328056,65328221,65328228,61619522,61619594,61619641,61620082,61620146,61620170,101066698,101066710,399160268,399160298,398716158,398716206,399160246,399147491,399147541,399160213,399160160,399511605,399511623,399526139,399526126,,,,,,,,,,,,,,,,,,,,,,,,,,,,,,,,,
bb_id,38,0,175,176,177,178,188,190,224,226,227,228,239,240,241,242,243,244,245,246,247,248,249,250,251,252,253,254,255,256,260,261,262,263,264,267,268,269,270,271,272,273,274,275,276,277,278,280,282,283,284,285,286,288,290,291,293,294,295,296,297,298,299,300,301,302,303,304,305,,,,,,,,,,,,,,,,,,,,,,,,,,,,,,,,,
bbv,38,1,92,92,92,368,368,92,736,644,644,920,736,644,644,920,644,736,23457,23457,94202,94202,94202,94202,94202,3014468,94202,23457,736,1,24,24,25,25,25,6400,6400,6400,6400,51200,6400,6400,6144,6144,6144,49152,6144,6144,1,1,68,68,67,67,67,2144,2144,2144,548864,2176,2176,2176,557056,,,,,,,,,,,,,,,,,,,,,,,,,,,,,,,,,,,,,,,
csv,38,1,399401330,399401436,399401468,399817248,398586446,398586457,399817290,399817292,399817349,398153289,399817406,399817481,399817538,399817706,399817773,399817872,399997394,399997508,399997632,399997721,399997819,399997962,399997985,400000063,399997316,399997341,399817121,101066432,99452747,99452767,101015964,101015994,101066429,101066233,101066239,101066248,101066253,101066421,101066422,101066426,99556526,99556575,99556601,99556916,99556959,99556983,101066840,101066876,399057185,399057235,398586503,398586510,399057123,399045890,399045920,399057100,399057057,399387608,399387637,399401273,399401229,,,,,,,,,,,,,,,,,,,,,,,,,,,,,,,,,,,,,,,
bb_id,38,1,224,226,227,228,239,240,241,242,243,244,245,246,247,248,249,250,251,252,253,254,255,256,260,261,262,263,264,267,268,269,270,271,272,273,274,275,276,277,278,280,282,283,284,285,286,288,290,291,293,294,295,296,297,298,299,300,301,302,303,304,305,,,,,,,,,,,,,,,,,,,,,,,,,,,,,,,,,,,,,,,
bbv,38,2,101,101,101,401,402,101,803,702,702,1004,803,702,702,1002,702,803,25536,25536,102795,102796,102796,102796,102796,3289469,102795,25536,803,1,32,32,33,33,33,8448,8448,8448,8448,67584,8448,8448,8192,8192,8192,65536,8192,8192,1,1,69,69,68,68,68,2176,2176,2176,557056,2208,2208,2208,565248,,,,,,,,,,,,,,,,,,,,,,,,,,,,,,,,,,,,,,,
csv,38,2,399885215,399885282,399885368,398754521,398991179,398991210,399885444,398754592,398754617,398754699,399885539,399885650,399885772,399885862,399886024,399886195,399996658,399996730,399996854,399996901,399996978,399997205,399997270,400000042,399996454,399996563,398991141,101066441,92564163,92564225,94160417,94160592,94263276,94262933,94262939,94262948,94262995,94263268,94263269,94263273,92662536,92662585,92662590,92662800,92662843,92662846,101066633,101066704,399330734,399330754,398991234,398991271,399330712,399317692,399317722,399330699,399330665,399864902,399864931,399885135,399885069,,,,,,,,,,,,,,,,,,,,,,,,,,,,,,,,,,,,,,,
bb_id,38,2,224,226,227,228,239,240,241,242,243,244,245,246,247,248,249,250,251,252,253,254,255,256,260,261,262,263,264,267,268,269,270,271,272,273,274,275,276,277,278,280,282,283,284,285,286,288,290,291,293,294,295,296,297,298,299,300,301,302,303,304,305,,,,,,,,,,,,,,,,,,,,,,,,,,,,,,,,,,,,,,,
bbv,38,3,92,92,92,367,366,92,733,641,641,916,733,641,641,915,641,733,23387,23387,93803,93803,93803,93803,93803,3001683,93803,23387,733,1,24,24,25,25,25,6400,6400,6400,6400,51200,6400,6400,6144,6144,6144,49152,6144,6144,1,1,68,68,67,67,67,2144,2144,2144,548864,2176,2176,2176,557056,,,,,,,,,,,,,,,,,,,,,,,,,,,,,,,,,,,,,,,
csv,38,3,399318712,399318726,399318748,399686586,398464143,398464165,399686635,399686708,399686825,397999845,399686983,399687018,399687054,399687180,399687226,399687304,399995322,399995429,399999404,399999486,399999664,399999830,399999895,400000000,399999322,399995222,399686578,101066435,98545108,98545149,100489207,100489237,100597282,100596730,100596757,100596766,100596792,100597112,100597174,100597279,98650446,98650453,98650479,98650692,98650693,98650698,101066775,101066870,399000904,399000924,398464232,398464281,399000872,398990256,398990317,399000839,399000826,399308081,399308099,399318675,399318662,,,,,,,,,,,,,,,,,,,,,,,,,,,,,,,,,,,,,,,
bb_id,38,3,224,226,227,228,239,240,241,242,243,244,245,246,247,248,249,250,251,252,253,254,255,256,260,261,262,263,264,267,268,269,270,271,272,273,274,275,276,277,278,280,282,283,284,285,286,288,290,291,293,294,295,296,297,298,299,300,301,302,303,304,305,,,,,,,,,,,,,,,,,,,,,,,,,,,,,,,,,,,,,,,
bbv,39,0,91,91,91,366,367,91,733,642,642,918,733,642,642,916,642,733,23322,23322,93836,93836,93836,93836,93836,3002755,93836,23322,733,91,91,91,91,91,2912,2912,2912,745472,2912,2912,2912,745472,,,,,,,,,,,,,,,,,,,,,,,,,,,,,,,,,,,,,,,,,,,,,,,,,,,,,,,,,,,,
csv,39,0,397304011,397304036,397304101,399595057,399932838,396182901,399932857,399932890,399932936,399933050,399933116,399933152,399933238,399595492,399933289,399933391,399933554,399933575,399999183,399999261,399999347,399999530,399999593,400000049,399999071,399932788,399932799,396773510,396773561,396182915,396182932,396773477,396755373,396755414,396773422,396773398,397284578,397284689,397303952,397303928,,,,,,,,,,,,,,,,,,,,,,,,,,,,,,,,,,,,,,,,,,,,,,,,,,,,,,,,,,,,
bb_id,39,0,224,226,227,228,239,240,241,242,243,244,245,246,247,248,249,250,251,252,253,254,255,256,260,261,262,263,264,293,294,295,296,297,298,299,300,301,302,303,304,305,,,,,,,,,,,,,,,,,,,,,,,,,,,,,,,,,,,,,,,,,,,,,,,,,,,,,,,,,,,,
bbv,39,1,92,92,92,370,371,92,741,649,649,928,741,649,649,926,649,741,23559,23559,94883,94883,94883,94883,94883,3036260,94883,23559,741,92,92,92,92,92,2944,2944,2944,753664,2944,2944,2944,753664,,,,,,,,,,,,,,,,,,,,,,,,,,,,,,,,,,,,,,,,,,,,,,,,,,,,,,,,,,,,
csv,39,1,397032660,397032747,397032790,399355921,399772043,396064616,399772093,399772126,399772193,399772276,399772322,399772355,399772360,399356570,399772375,399772463,399938111,399938213,399998011,399998072,399998148,399998300,399998333,400000028,399997916,399938069,399772025,396514844,396514875,396064661,396064719,396514780,396499399,396499430,396514756,396514701,397016855,397016884,397032581,397032557,,,,,,,,,,,,,,,,,,,,,,,,,,,,,,,,,,,,,,,,,,,,,,,,,,,,,,,,,,,,
bb_id,39,1,224,226,227,228,239,240,241,242,243,244,245,246,247,248,249,250,251,252,253,254,255,256,260,261,262,263,264,293,294,295,296,297,298,299,300,301,302,303,304,305,,,,,,,,,,,,,,,,,,,,,,,,,,,,,,,,,,,,,,,,,,,,,,,,,,,,,,,,,,,,
bbv,39,2,87,87,87,352,352,88,703,616,616,880,703,615,615,878,615,703,22410,22410,90082,90082,90082,90082,90082,2882627,90083,22411,704,87,87,88,88,87,2798,2798,2797,716262,2784,2784,2784,712704,,,,,,,,,,,,,,,,,,,,,,,,,,,,,,,,,,,,,,,,,,,,,,,,,,,,,,,,,,,,
csv,39,2,396281933,396281966,396282049,399268564,399711982,399712004,399268785,399268915,399269150,399269396,399269485,398804016,398804088,398332958,398804200,399269595,399269690,399269762,399709711,399709848,399709904,399710017,399710071,399711841,399711886,399711911,399711943,395814235,395814379,399712039,399712067,395814157,399982989,399983061,399982954,400000059,396269036,396269155,396281864,396281847,,,,,,,,,,,,,,,,,,,,,,,,,,,,,,,,,,,,,,,,,,,,,,,,,,,,,,,,,,,,
bb_id,39,2,224,226,227,228,239,240,241,242,243,244,245,246,247,248,249,250,251,252,253,254,255,256,260,261,262,263,264,293,294,295,296,297,298,299,300,301,302,303,304,305,,,,,,,,,,,,,,,,,,,,,,,,,,,,,,,,,,,,,,,,,,,,,,,,,,,,,,,,,,,,
bbv,39,3,91,91,91,367,368,92,734,643,643,920,734,642,642,916,642,734,23285,23285,93986,93986,93986,93986,93986,3007583,93987,23286,735,91,91,92,92,91,2941,2941,2940,752670,2912,2912,2912,745472,,,,,,,,,,,,,,,,,,,,,,,,,,,,,,,,,,,,,,,,,,,,,,,,,,,,,,,,,,,,
csv,39,3,396186613,396186657,396186699,399056641,399515873,399515895,399056692,399056757,399056762,399056931,399056957,398594232,398594241,398134424,398594349,399057088,399057183,399057362,399513281,399513450,399513529,399513672,399513695,399515667,399515692,399515759,399515823,395618229,395618310,399515962,399516032,395618121,399998015,399998082,399997919,400000007,396173945,396174023,396186566,396186513,,,,,,,,,,,,,,,,,,,,,,,,,,,,,,,,,,,,,,,,,,,,,,,,,,,,,,,,,,,,
bb_id,39,3,224,226,227,228,239,240,241,242,243,244,245,246,247,248,249,250,251,252,253,254,255,256,260,261,262,263,264,293,294,295,296,297,298,299,300,301,302,303,304,305,,,,,,,,,,,,,,,,,,,,,,,,,,,,,,,,,,,,,,,,,,,,,,,,,,,,,,,,,,,,
bbv,40,0,93,93,93,373,373,94,745,652,652,932,745,651,651,930,651,745,23717,23717,95461,95461,95461,95461,95461,3054778,95462,23718,746,93,93,94,94,93,3006,3006,3005,769339,2976,2976,2976,761856,,,,,,,,,,,,,,,,,,,,,,,,,,,,,,,,,,,,,,,,,,,,,,,,,,,,,,,,,,,,
csv,40,0,396165835,396165912,396165945,399248934,399574930,399574972,399249021,399249068,399249205,399249333,399249390,398863087,398863157,398441086,398863386,399249531,399249594,399249655,399572549,399572585,399572620,399572824,399572898,399574841,399574855,399574911,399574922,395692498,395692549,399575048,399575086,395692455,399997531,399997551,399997496,400000007,396150560,396150599,396165745,396165669,,,,,,,,,,,,,,,,,,,,,,,,,,,,,,,,,,,,,,,,,,,,,,,,,,,,,,,,,,,,
bb_id,40,0,224,226,227,228,239,240,241,242,243,244,245,246,247,248,249,250,251,252,253,254,255,256,260,261,262,263,264,293,294,295,296,297,298,299,300,301,302,303,304,305,,,,,,,,,,,,,,,,,,,,,,,,,,,,,,,,,,,,,,,,,,,,,,,,,,,,,,,,,,,,
bbv,40,1,91,91,91,361,361,91,722,631,631,902,722,631,631,902,631,722,23022,23022,92399,92399,92399,92399,92399,2956752,92399,23022,722,91,91,91,91,91,2912,2912,2912,745472,2912,2912,2912,745472,,,,,,,,,,,,,,,,,,,,,,,,,,,,,,,,,,,,,,,,,,,,,,,,,,,,,,,,,,,,
csv,40,1,399855913,399855937,399855949,398271561,398732407,398732455,399855978,398271836,398271925,398272115,399856023,399856045,399856060,399856152,399856187,399856254,399998862,399998921,399999032,399999058,399999123,399999254,399999266,400000038,399998766,399998810,398732357,399467972,399468003,398732480,398732564,399467919,399448251,399448324,399467864,399467840,399846755,399846773,399855866,399855843,,,,,,,,,,,,,,,,,,,,,,,,,,,,,,,,,,,,,,,,,,,,,,,,,,,,,,,,,,,,
bb_id,40,1,224,226,227,228,239,240,241,242,243,244,245,246,247,248,249,250,251,252,253,254,255,256,260,261,262,263,264,293,294,295,296,297,298,299,300,301,302,303,304,305,,,,,,,,,,,,,,,,,,,,,,,,,,,,,,,,,,,,,,,,,,,,,,,,,,,,,,,,,,,,
bbv,40,2,91,91,91,364,364,91,728,637,637,910,728,637,637,910,637,728,23205,23205,93184,93184,93184,93184,93184,2981888,93184,23205,728,92,92,91,91,92,2930,2930,2931,750106,2935,2935,2934,751226,,,,,,,,,,,,,,,,,,,,,,,,,,,,,,,,,,,,,,,,,,,,,,,,,,,,,,,,,,,,
csv,40,2,395725414,395725449,395725461,398869340,399274615,399274651,398869406,398869443,398869469,398869750,398869838,398414452,398414520,397937831,398414609,398869937,398870042,398870157,399270951,399271029,399271137,399271353,399271449,399274400,399274477,399274533,399274586,399750148,399750198,399274747,399274811,399750126,399740903,399740943,399750093,399750070,399993735,399993774,399993723,400000048,,,,,,,,,,,,,,,,,,,,,,,,,,,,,,,,,,,,,,,,,,,,,,,,,,,,,,,,,,,,
bb_id,40,2,224,226,227,228,239,240,241,242,243,244,245,246,247,248,249,250,251,252,253,254,255,256,260,261,262,263,264,293,294,295,296,297,298,299,300,301,302,303,304,305,,,,,,,,,,,,,,,,,,,,,,,,,,,,,,,,,,,,,,,,,,,,,,,,,,,,,,,,,,,,
bbv,40,3,89,89,89,356,356,89,712,623,623,890,712,623,623,890,623,712,22695,22695,91136,91136,91136,91136,91136,2916352,91136,22695,712,89,89,89,89,89,2840,2840,2840,727019,2848,2848,2848,729088,,,,,,,,,,,,,,,,,,,,,,,,,,,,,,,,,,,,,,,,,,,,,,,,,,,,,,,,,,,,
csv,40,3,396351690,396351736,396351759,399448023,399737730,399737761,399448073,399448126,399448182,399448345,399448391,399101336,399101383,398722430,399101398,399448469,399448542,399448592,399735477,399735523,399735568,399735702,399735734,399737596,399737640,399737667,399737678,395782029,395782122,399737775,399737802,395781944,399999407,399999498,399999320,400000017,396330267,396330296,396351610,396351563,,,,,,,,,,,,,,,,,,,,,,,,,,,,,,,,,,,,,,,,,,,,,,,,,,,,,,,,,,,,
bb_id,40,3,224,226,227,228,239,240,241,242,243,244,245,246,247,248,249,250,251,252,253,254,255,256,260,261,262,263,264,293,294,295,296,297,298,299,300,301,302,303,304,305,,,,,,,,,,,,,,,,,,,,,,,,,,,,,,,,,,,,,,,,,,,,,,,,,,,,,,,,,,,,
bbv,41,0,1,1,1,1,1,1,1,1,1,1,1,8192,8192,8192,8192,1048576,8192,8192,1,1,1,1,1,1,256,1,1,1,1,6,1,1,1,155,155,154,154,154,19712,19712,19712,19712,157696,19712,19712,19840,19840,19840,158720,19840,19840,157,157,157,627,154,154,19712,19712,19712,157696,19712,19712,472,156,1100,943,943,1258,1100,944,944,1260,944,1100,20193,20193,71374,71374,71374,71374,71374,2283959,71373,20192,1099,1,2,2,2,2,3,66,66,67,17093,64,64,64,16384
csv,41,0,27350259,113792564,27327492,27350248,27350253,113792573,27327485,27327486,27350357,27350481,113792500,111826917,111826944,111827059,111827062,111832720,111832722,111832765,27350243,27327518,27327547,27350142,27350166,27350188,27350114,27327477,27327478,113792600,113792602,113792638,113792644,113792774,113792790,398774272,398774313,398646120,398646171,398774217,398773391,398773439,398773469,398773537,398774125,398774147,398774193,398897360,398897388,398897435,398897876,398897940,398897964,398898023,398898069,398898092,399949900,398533988,398534017,398644775,398644966,398645037,398645858,398645901,398645989,399753485,398646074,399949976,399950035,399950133,399950279,399950331,399950452,399950642,399754246,399950670,399950826,399950965,399951108,399997878,399997939,399997974,399998138,399998241,400000008,399997749,399949830,399949873,27327424,4400039,4400080,8373762,8373781,8826217,8810069,8810140,8826091,8826078,4815061,4815100,4829911,4829847
bb_id,41,0,54,56,59,62,64,99,101,102,103,104,105,106,107,108,109,110,111,113,115,168,169,170,171,172,173,180,182,191,192,193,194,199,200,202,203,204,205,206,207,208,209,210,211,212,214,216,217,218,219,220,222,224,226,227,228,229,230,231,232,233,234,235,238,239,240,241,242,243,244,245,246,247,248,249,250,251,252,253,254,255,256,260,261,262,263,264,292,293,294,295,296,297,298,299,300,301,302,303,304,305
bbv,41,1,1,1,1,8192,8192,8192,8192,1048576,8192,8192,1,1,1,1,1,256,1,1,150,150,149,149,149,19072,19072,19072,19072,152576,19072,19072,19200,19200,19200,153600,19200,19200,155,155,155,620,149,149,19072,19072,19072,152576,19072,19072,471,155,1091,936,936,1252,1091,936,936,1252,936,1091,20398,20398,72841,72841,72841,72841,72841,2330899,72841,20398,1091,1,5,5,6,6,6,192,192,192,49152,160,160,160,40960,,,,,,,,,,,,,,,
csv,41,1,27350455,27350507,113792497,113739992,113740019,113740054,113740057,113745155,113745177,113745200,27327620,27327696,27350154,27350184,27350192,27350092,113792920,113793002,399822750,399822831,399698915,399699008,399822728,399821979,399822048,399822078,399822146,399822532,399822537,399822606,399941240,399941289,399941399,399941987,399942051,399942075,399942176,399942264,399942266,399584642,399584666,399584746,399698009,399698055,399698084,399698716,399698759,399698847,399357648,399698890,399942422,399357865,399358034,399358163,399942553,399942660,399942751,399943086,399943152,399943248,399999354,399999384,399999508,399999576,399999632,399999796,399999861,400000050,399999213,399999280,399584615,27327427,22629616,22629647,24523606,24523634,24780141,24772663,24772694,24780136,24780133,22873854,22873883,22882480,22882456,,,,,,,,,,,,,,,
bb_id,41,1,103,104,105,106,107,108,109,110,111,113,168,169,170,171,172,173,199,200,202,203,204,205,206,207,208,209,210,211,212,214,216,217,218,219,220,222,224,226,227,228,229,230,231,232,233,234,235,238,239,240,241,242,243,244,245,246,247,248,249,250,251,252,253,254,255,256,260,261,262,263,264,292,293,294,295,296,297,298,299,300,301,302,303,304,305,,,,,,,,,,,,,,,
bbv,41,2,1,1,1,8192,8192,8192,8192,1048576,8192,8192,1,1,1,1,1,256,1,1,145,145,144,144,144,18432,18432,18432,18432,147456,18432,18432,18560,18560,18560,148480,18560,18560,154,154,154,615,144,144,18432,18432,18432,147456,18432,18432,471,153,1087,933,933,1250,1087,933,933,1250,933,1087,20710,20710,74125,74125,74125,74125,74125,2371986,74124,20709,1086,1,8,8,9,9,9,288,288,288,73728,265,265,266,67974,,,,,,,,,,,,,,,
csv,41,2,27350308,27350468,113792503,111090815,111090842,111090897,111090948,111100411,111100453,111100576,27327544,27327550,27350148,27350172,27350186,27350136,113792709,113792782,398476853,398476894,398350478,398350550,398476787,398476037,398476064,398476115,398476141,398476645,398476709,398476734,398588858,398588939,398588960,398589310,398589311,398589388,398589421,398589483,398589603,399731249,398227520,398227565,398349803,398349828,398349878,398350321,398350385,398350410,399954133,398350453,399954216,399954269,399954503,399954697,399954856,399731679,399731732,399519841,399731772,399954933,399954967,399955126,399997745,399997775,399997913,399998239,399998306,400000071,399997684,399954078,399954104,27327430,19514677,19514687,21034988,21035026,21200750,21195775,21195785,21200747,21200744,19675268,19675276,19680218,19680215,,,,,,,,,,,,,,,
bb_id,41,2,103,104,105,106,107,108,109,110,111,113,168,169,170,171,172,173,199,200,202,203,204,205,206,207,208,209,210,211,212,214,216,217,218,219,220,222,224,226,227,228,229,230,231,232,233,234,235,238,239,240,241,242,243,244,245,246,247,248,249,250,251,252,253,254,255,256,260,261,262,263,264,292,293,294,295,296,297,298,299,300,301,302,303,304,305,,,,,,,,,,,,,,,
bbv,41,3,1,1,1,8192,8192,8192,8192,1048576,8192,8192,1,1,1,1,1,256,1,1,150,150,149,149,149,19072,19072,19072,19072,152576,19072,19072,19200,19200,19200,153600,19200,19200,158,158,158,629,149,149,19072,19072,19072,152576,19072,19072,479,157,1109,951,951,1272,1109,952,952,1276,952,1109,21048,21048,75050,75050,75050,75050,75050,2401600,75049,21047,1108,1,8,8,8,8,9,267,267,268,68599,256,256,256,65536,,,,,,,,,,,,,,,
csv,41,3,27350406,27350494,113792494,113789861,113789888,113789923,113789926,113792486,113792488,113792491,27327646,27327693,27350160,27350178,27350190,27350070,113792855,113792994,399482977,399483039,399353725,399353797,399482880,399481934,399482001,399482052,399482057,399482704,399482726,399482814,399600065,399600136,399600194,399600685,399600760,399600826,399600859,399600889,399600933,399842694,399240625,399240670,399352882,399352970,399352999,399353589,399353632,399353657,399004428,399353700,399842767,399842814,399842863,399004985,399842910,399842987,399843013,399843182,399843208,399843276,399992285,399992378,399996403,399996513,399996590,399996796,399996861,400000029,399996279,399992167,399842667,27327421,26227566,26227576,27244944,27244951,27327418,27324842,27324852,27327415,27327412,26307341,26307349,26309912,26309909,,,,,,,,,,,,,,,
bb_id,41,3,103,104,105,106,107,108,109,110,111,113,168,169,170,171,172,173,199,200,202,203,204,205,206,207,208,209,210,211,212,214,216,217,218,219,220,222,224,226,227,228,229,230,231,232,233,234,235,238,239,240,241,242,243,244,245,246,247,248,249,250,251,252,253,254,255,256,260,261,262,263,264,292,293,294,295,296,297,298,299,300,301,302,303,304,305,,,,,,,,,,,,,,,
bbv,42,0,215,215,215,215,215,27520,27520,27520,27520,220160,27520,27520,27520,27520,27520,220160,27520,27520,215,215,215,859,215,215,27520,27520,27520,220160,27520,27520,644,215,1503,1288,1288,1716,1503,1288,1288,1719,1288,1503,27296,27296,96209,96209,96209,96209,96209,3078673,96209,27296,1503,,,,,,,,,,,,,,,,,,,,,,,,,,,,,,,,,,,,,,,,,,,,,,,
csv,42,0,399131185,399131249,399004475,399004650,399131008,399130246,399130273,399130328,399130354,399130771,399130882,399130984,399249872,399249944,399250012,399250892,399250956,399250980,399251039,399251106,399251129,399893502,398893588,398893654,399003716,399003783,399003812,399004320,399004368,399004393,399672795,399004450,399893515,399893523,399893528,399893625,399893757,399893803,399893829,399893882,399893908,399894018,399978533,399978610,399998866,399998955,399999011,399999134,399999183,400000033,399998784,399978444,399893449,,,,,,,,,,,,,,,,,,,,,,,,,,,,,,,,,,,,,,,,,,,,,,,
bb_id,42,0,202,203,204,205,206,207,208,209,210,211,212,214,216,217,218,219,220,222,224,226,227,228,229,230,231,232,233,234,235,238,239,240,241,242,243,244,245,246,247,248,249,250,251,252,253,254,255,256,260,261,262,263,264,,,,,,,,,,,,,,,,,,,,,,,,,,,,,,,,,,,,,,,,,,,,,,,
bbv,42,1,208,208,208,208,208,26624,26624,26624,26624,212992,26624,26624,26624,26624,26624,212992,26624,26624,208,208,208,833,208,208,26624,26624,26624,212992,26624,26624,624,208,1457,1249,1249,1664,1457,1249,1249,1666,1249,1457,26483,26483,93270,93270,93270,93270,93270,2984643,93270,26483,1457,,,,,,,,,,,,,,,,,,,,,,,,,,,,,,,,,,,,,,,,,,,,,,,
csv,42,1,399513160,399513226,399388574,399388634,399513126,399512149,399512239,399512311,399512400,399512967,399512989,399513077,399633207,399633281,399633415,399634015,399634058,399634082,399634162,399634208,399634231,399868007,399264832,399264864,399387859,399387905,399387934,399388440,399388470,399388495,399058124,399388549,399868079,399868144,399868191,399058541,399868322,399868409,399868435,399868606,399868632,399868747,399995227,399995280,399999339,399999391,399999447,399999611,399999676,400000012,399999229,399995174,399867917,,,,,,,,,,,,,,,,,,,,,,,,,,,,,,,,,,,,,,,,,,,,,,,
bb_id,42,1,202,203,204,205,206,207,208,209,210,211,212,214,216,217,218,219,220,222,224,226,227,228,229,230,231,232,233,234,235,238,239,240,241,242,243,244,245,246,247,248,249,250,251,252,253,254,255,256,260,261,262,263,264,,,,,,,,,,,,,,,,,,,,,,,,,,,,,,,,,,,,,,,,,,,,,,,
bbv,42,2,205,205,205,205,205,26240,26240,26240,26240,209920,26240,26240,26121,26121,26121,208968,26120,26120,204,204,204,817,205,205,26240,26240,26240,209920,26240,26240,612,205,1428,1224,1224,1632,1428,1224,1224,1632,1224,1428,25908,25908,91443,91443,91443,91443,91443,2926190,91444,25909,1429,,,,,,,,,,,,,,,,,,,,,,,,,,,,,,,,,,,,,,,,,,,,,,,
csv,42,2,399991426,399991467,399861299,399861371,399991357,399990317,399990344,399990431,399990457,399991172,399991261,399991333,399999181,399999257,399999365,400000054,399999012,399999137,398144122,398144210,398144254,399744155,399744179,399744245,399860372,399860439,399860489,399861100,399861206,399861231,399513256,399861274,399513309,399513365,399513454,399513623,399513712,399296081,399296139,399066118,399296204,399513830,399513883,399513996,399740070,399740117,399740194,399740337,399740423,399743930,399743997,399744022,399744107,,,,,,,,,,,,,,,,,,,,,,,,,,,,,,,,,,,,,,,,,,,,,,,
bb_id,42,2,202,203,204,205,206,207,208,209,210,211,212,214,216,217,218,219,220,222,224,226,227,228,229,230,231,232,233,234,235,238,239,240,241,242,243,244,245,246,247,248,249,250,251,252,253,254,255,256,260,261,262,263,264,,,,,,,,,,,,,,,,,,,,,,,,,,,,,,,,,,,,,,,,,,,,,,,
bbv,42,3,208,208,208,208,208,26624,26624,26624,26624,212992,26624,26624,26624,26624,26624,212992,26624,26624,208,208,208,833,208,208,26624,26624,26624,212992,26624,26624,626,208,1459,1251,1251,1668,1459,1251,1251,1668,1251,1459,26455,26455,93385,93385,93385,93385,93385,2988315,93385,26455,1459,,,,,,,,,,,,,,,,,,,,,,,,,,,,,,,,,,,,,,,,,,,,,,,
csv,42,3,398843655,398843738,398716274,398716367,398843642,398842608,398842635,398842707,398842754,398843443,398843488,398843555,398953422,398953455,398953481,398954127,398954167,398954207,398954245,398954307,398954330,399624363,398599300,398599387,398715356,398715381,398715466,398716012,398716097,398716185,399836514,398716249,399836565,399836589,399836640,399836765,399836849,399836909,399836951,399837062,399837125,399837209,399990422,399990592,399997590,399997700,399997777,399997921,399997970,400000075,399997466,399990369,399836453,,,,,,,,,,,,,,,,,,,,,,,,,,,,,,,,,,,,,,,,,,,,,,,
bb_id,42,3,202,203,204,205,206,207,208,209,210,211,212,214,216,217,218,219,220,222,224,226,227,228,229,230,231,232,233,234,235,238,239,240,241,242,243,244,245,246,247,248,249,250,251,252,253,254,255,256,260,261,262,263,264,,,,,,,,,,,,,,,,,,,,,,,,,,,,,,,,,,,,,,,,,,,,,,,
bbv,43,0,1,1,7,1,1,1,1,142,142,143,143,143,18304,18304,18304,18304,146432,18304,18304,18176,18176,18176,145408,18176,18176,169,169,169,677,143,143,18304,18304,18304,146432,18304,18304,534,169,1211,1042,1042,1408,1211,1042,1042,1407,1042,1211,24927,24927,91222,91222,91222,91222,91222,2919112,91222,24927,1211,1,1,27,27,26,26,26,6656,6656,6656,6656,53248,6656,6656,6912,6912,6912,55296,6912,6912,,,,,,,,,,,,,,,,,,,,
csv,43,0,294244205,294244207,294244249,294244255,294244177,294244178,294244127,260305289,260305351,262010066,262010117,262124091,262123495,262123564,262123594,262123600,262124041,262124063,262124067,260426137,260426218,260426274,260426961,260426983,260427049,397456065,397456153,397456176,399601337,261909500,261909586,262008586,262008668,262008765,262009454,262009602,262009712,399166872,397011868,399601392,399601461,399601540,399601646,399601702,399601807,399601880,399601989,399602202,399602333,399930571,399930683,399998244,399998333,399998410,399998595,399998639,400000000,399998162,399930432,399601268,294244320,294244393,397239062,397239124,397011914,397011965,397239042,397238240,397238300,397238330,397238377,397238902,397238991,397238997,397455213,397455283,397455309,397455876,397455961,397456027,,,,,,,,,,,,,,,,,,,,
bb_id,43,0,183,184,185,186,196,198,201,202,203,204,205,206,207,208,209,210,211,212,214,216,217,218,219,220,222,224,226,227,228,229,230,231,232,233,234,235,238,239,240,241,242,243,244,245,246,247,248,249,250,251,252,253,254,255,256,260,261,262,263,264,265,266,268,269,270,271,272,273,274,275,276,277,278,280,282,283,284,285,286,288,,,,,,,,,,,,,,,,,,,,
bbv,43,1,1,154,154,155,155,155,19840,19840,19840,19840,158720,19840,19840,19712,19712,19712,157696,19712,19712,180,180,180,721,155,155,19840,19840,19840,158720,19840,19840,567,180,1288,1108,1108,1494,1288,1108,1108,1495,1108,1288,26220,26220,95491,95491,95491,95491,95491,3055713,95491,26220,1288,1,1,26,26,25,25,25,6400,6400,6400,6400,51200,6400,6400,6656,6656,6656,53248,6656,6656,,,,,,,,,,,,,,,,,,,,,,,,,,
csv,43,1,294244121,293499737,293499778,294218869,294218899,294244118,294243922,294243928,294243937,294243942,294244110,294244111,294244115,293551973,293552001,293552006,293552321,293552343,293552367,397956614,397956660,397956725,399385000,294199384,294199408,294218719,294218723,294218731,294218859,294218860,294218864,399855810,397462411,399855861,399855947,399856015,399856205,399856252,399856317,399856427,399856501,399856527,399856616,399970994,399971045,399999103,399999192,399999273,399999477,399999568,400000021,399998958,399970941,399855781,294244601,294244636,397722210,397722251,397462478,397462529,397722094,397720988,397721036,397721129,397721239,397721936,397721983,397722070,397955880,397955950,397955976,397956425,397956489,397956513,,,,,,,,,,,,,,,,,,,,,,,,,,
bb_id,43,1,201,202,203,204,205,206,207,208,209,210,211,212,214,216,217,218,219,220,222,224,226,227,228,229,230,231,232,233,234,235,238,239,240,241,242,243,244,245,246,247,248,249,250,251,252,253,254,255,256,260,261,262,263,264,265,266,268,269,270,271,272,273,274,275,276,277,278,280,282,283,284,285,286,288,,,,,,,,,,,,,,,,,,,,,,,,,,
bbv,43,2,1,162,162,163,163,163,20864,20864,20864,20864,166912,20864,20864,20855,20855,20855,166840,20856,20856,188,188,188,751,163,163,20864,20864,20864,166912,20864,20864,587,187,1339,1151,1151,1550,1339,1152,1152,1554,1152,1339,27071,27071,98296,98296,98296,98296,98296,3145462,98295,27070,1338,1,1,25,25,24,24,24,6144,6144,6144,6144,49152,6144,6144,6400,6400,6400,51200,6400,6400,,,,,,,,,,,,,,,,,,,,,,,,,,
csv,43,2,294244130,284882651,284882696,285627491,285627521,285678166,285677781,285677787,285677859,285677864,285678074,285678075,285678079,284927987,284927994,284927999,284928349,284928350,284928475,397422403,397422450,397422455,399790924,285584290,285584356,285627110,285627156,285627164,285627376,285627461,285627465,399313488,396968947,399790975,399790998,399791087,399791235,399791366,399791410,399791436,399791510,399791536,399791604,399914403,399914454,399997364,399997411,399997509,399997652,399997717,400000063,399997261,399914329,399790834,294244385,294244401,397198352,397198419,396968972,396969002,397198330,397197042,397197176,397197274,397197377,397198181,397198229,397198279,397421843,397421871,397421920,397422277,397422299,397422365,,,,,,,,,,,,,,,,,,,,,,,,,,
bb_id,43,2,201,202,203,204,205,206,207,208,209,210,211,212,214,216,217,218,219,220,222,224,226,227,228,229,230,231,232,233,234,235,238,239,240,241,242,243,244,245,246,247,248,249,250,251,252,253,254,255,256,260,261,262,263,264,265,266,268,269,270,271,272,273,274,275,276,277,278,280,282,283,284,285,286,288,,,,,,,,,,,,,,,,,,,,,,,,,,
bbv,43,3,1,154,154,155,155,155,19840,19840,19840,19840,158720,19840,19840,19712,19712,19712,157696,19712,19712,180,180,180,720,155,155,19840,19840,19840,158720,19840,19840,564,180,1284,1104,1104,1488,1284,1104,1104,1490,1104,1284,26168,26168,95175,95175,95175,95175,95175,3045574,95175,26168,1284,1,1,26,26,25,25,25,6400,6400,6400,6400,51200,6400,6400,6656,6656,6656,53248,6656,6656,,,,,,,,,,,,,,,,,,,,,,,,,,
csv,43,3,294244124,293074555,293074575,293979793,293979924,294032684,294032234,294032242,294032272,294032298,294032592,294032635,294032660,293126953,293126960,293126986,293127238,293127260,293127263,398344315,398344422,398344450,399784200,293929909,293929954,293979391,293979416,293979445,293979722,293979749,293979753,399310489,397862326,399784293,399784358,399784384,399784437,399784505,399784528,399784596,399784723,399784749,399784901,399995015,399995188,399999376,399999566,399999687,399999872,399999937,400000042,399999238,399994916,399784110,294244536,294244628,398104384,398104413,397862414,397862465,398104350,398103545,398103614,398103707,398103754,398104157,398104208,398104244,398343414,398343484,398343510,398344169,398344244,398344256,,,,,,,,,,,,,,,,,,,,,,,,,,
bb_id,43,3,201,202,203,204,205,206,207,208,209,210,211,212,214,216,217,218,219,220,222,224,226,227,228,229,230,231,232,233,234,235,238,239,240,241,242,243,244,245,246,247,248,249,250,251,252,253,254,255,256,260,261,262,263,264,265,266,268,269,270,271,272,273,274,275,276,277,278,280,282,283,284,285,286,288,,,,,,,,,,,,,,,,,,,,,,,,,,
bbv,44,0,100,100,100,400,400,100,800,700,700,1000,800,700,700,1000,700,800,25498,25498,102318,102318,102318,102318,102318,3274186,102318,25498,800,100,100,100,100,100,25600,25600,25600,25600,204800,25600,25600,25600,25600,25600,204800,25600,25600,,,,,,,,,,,,,,,,,,,,,,,,,,,,,,,,,,,,,,,,,,,,,,,,,,,,,,,
csv,44,0,397615256,397615365,397615451,399888984,399484442,397121032,399889098,399889233,399889315,399889545,399889593,399889619,399889668,399889700,399889733,399889807,399990843,399990861,399997356,399997445,399997585,399997812,399997878,400000053,399997232,399990805,399888924,397373882,397374007,397121078,397121129,397373827,397372667,397372736,397372808,397372834,397373609,397373715,397373803,397614196,397614249,397614378,397615004,397615110,397615134,,,,,,,,,,,,,,,,,,,,,,,,,,,,,,,,,,,,,,,,,,,,,,,,,,,,,,,
bb_id,44,0,224,226,227,228,239,240,241,242,243,244,245,246,247,248,249,250,251,252,253,254,255,256,260,261,262,263,264,268,269,270,271,272,273,274,275,276,277,278,280,282,283,284,285,286,288,,,,,,,,,,,,,,,,,,,,,,,,,,,,,,,,,,,,,,,,,,,,,,,,,,,,,,,
bbv,44,1,96,96,96,386,386,97,771,675,675,966,771,674,674,961,674,771,24492,24492,98775,98775,98775,98775,98775,3160826,98776,24493,772,97,97,97,97,97,24832,24832,24832,24832,198656,24832,24832,24818,24818,24818,198539,24817,24817,,,,,,,,,,,,,,,,,,,,,,,,,,,,,,,,,,,,,,,,,,,,,,,,,,,,,,,
csv,44,1,395859183,395859236,395859285,399066417,399529752,399529795,399066514,399066598,399066624,399066770,399066796,398604790,398604945,398145501,398605048,399066986,399067062,399067134,399526049,399526138,399526215,399526379,399526465,399529567,399529592,399529659,399529723,399785179,399785220,399529820,399529913,399785124,399784172,399784262,399784334,399784402,399784969,399785054,399785100,399999765,399999803,399999864,400000011,399999714,399999742,,,,,,,,,,,,,,,,,,,,,,,,,,,,,,,,,,,,,,,,,,,,,,,,,,,,,,,
bb_id,44,1,224,226,227,228,239,240,241,242,243,244,245,246,247,248,249,250,251,252,253,254,255,256,260,261,262,263,264,268,269,270,271,272,273,274,275,276,277,278,280,282,283,284,285,286,288,,,,,,,,,,,,,,,,,,,,,,,,,,,,,,,,,,,,,,,,,,,,,,,,,,,,,,,
bbv,44,2,94,94,94,377,378,95,754,660,660,944,754,659,659,940,659,754,23975,23975,96584,96584,96584,96584,96584,3090698,96585,23976,755,94,94,95,95,94,24242,24242,24242,24242,193930,24241,24241,24064,24064,24064,192512,24064,24064,,,,,,,,,,,,,,,,,,,,,,,,,,,,,,,,,,,,,,,,,,,,,,,,,,,,,,,
csv,44,2,396094381,396094427,396094455,399387357,399836558,399836580,399387429,399387557,399387625,399387794,399387841,398927050,398927118,398446260,398927190,399387909,399387983,399388013,399833492,399833560,399833659,399833802,399833849,399836352,399836419,399836465,399836487,395852542,395852646,399836626,399836677,395852445,399999769,399999796,399999833,399999859,400000032,399999692,399999739,396093548,396093618,396093644,396094190,396094195,396094303,,,,,,,,,,,,,,,,,,,,,,,,,,,,,,,,,,,,,,,,,,,,,,,,,,,,,,,
bb_id,44,2,224,226,227,228,239,240,241,242,243,244,245,246,247,248,249,250,251,252,253,254,255,256,260,261,262,263,264,268,269,270,271,272,273,274,275,276,277,278,280,282,283,284,285,286,288,,,,,,,,,,,,,,,,,,,,,,,,,,,,,,,,,,,,,,,,,,,,,,,,,,,,,,,
bbv,44,3,96,96,96,386,386,96,772,676,676,968,772,675,675,962,675,772,24503,24503,98776,98776,98776,98776,98776,3160849,98776,24503,772,96,96,96,96,96,24576,24576,24576,24576,196608,24576,24576,24576,24576,24576,196608,24576,24576,,,,,,,,,,,,,,,,,,,,,,,,,,,,,,,,,,,,,,,,,,,,,,,,,,,,,,,
csv,44,3,396727178,396727224,396727247,399946923,399503677,396231052,399946960,399947032,399947105,399947253,399947363,399504287,399504376,399059544,399504465,399947474,399947527,399947582,399998346,399998435,399998533,399998739,399998825,400000074,399998264,399946883,399946914,396490151,396490173,396231119,396231174,396490108,396489138,396489186,396489195,396489263,396489732,396489857,396489947,396726368,396726480,396726527,396727031,396727095,396727140,,,,,,,,,,,,,,,,,,,,,,,,,,,,,,,,,,,,,,,,,,,,,,,,,,,,,,,
bb_id,44,3,224,226,227,228,239,240,241,242,243,244,245,246,247,248,249,250,251,252,253,254,255,256,260,261,262,263,264,268,269,270,271,272,273,274,275,276,277,278,280,282,283,284,285,286,288,,,,,,,,,,,,,,,,,,,,,,,,,,,,,,,,,,,,,,,,,,,,,,,,,,,,,,,
bbv,45,0,100,100,100,400,401,100,801,701,701,1002,801,701,701,1000,701,801,25504,25504,102606,102606,102606,102606,102606,3283382,102606,25504,801,100,100,100,100,100,25600,25600,25600,25600,204800,25600,25600,25600,25600,25600,204800,25600,25600,,,,,,,,,,,,,,,,,,,,,,,,,,,,,,,,,,,,,,,,,,,,,,,,,,,,,,,
csv,45,0,396978336,396978386,396978409,399153342,399605286,396491546,399605351,399605611,399605662,399605789,399605857,399605922,399606011,399154180,399606079,399606189,399828671,399828701,399998152,399998264,399998320,399998524,399998631,400000013,399998028,399828635,399605252,396735440,396735502,396491555,396491585,396735406,396734685,396734754,396734784,396734789,396735251,396735273,396735340,396977610,396977701,396977769,396978210,396978274,396978298,,,,,,,,,,,,,,,,,,,,,,,,,,,,,,,,,,,,,,,,,,,,,,,,,,,,,,,
bb_id,45,0,224,226,227,228,239,240,241,242,243,244,245,246,247,248,249,250,251,252,253,254,255,256,260,261,262,263,264,268,269,270,271,272,273,274,275,276,277,278,280,282,283,284,285,286,288,,,,,,,,,,,,,,,,,,,,,,,,,,,,,,,,,,,,,,,,,,,,,,,,,,,,,,,
bbv,45,1,100,100,100,398,397,99,796,696,696,992,796,697,697,998,697,796,25471,25471,101776,101776,101776,101776,101776,3256810,101775,25470,795,99,99,99,99,99,25344,25344,25344,25344,202752,25344,25344,25358,25358,25358,202869,25359,25359,,,,,,,,,,,,,,,,,,,,,,,,,,,,,,,,,,,,,,,,,,,,,,,,,,,,,,,
csv,45,1,398540956,398541143,398541241,399947583,399487392,398045082,399947613,399947720,399947788,399947883,399947930,399947978,399948130,399948281,399948544,399948593,399975807,399975858,399998736,399998825,399998944,399999108,399999173,400000076,399998528,399975754,399947556,398300123,398300189,398045135,398045202,398300089,398299179,398299206,398299278,398299325,398299913,398299956,398300023,398540097,398540188,398540235,398540705,398540801,398540842,,,,,,,,,,,,,,,,,,,,,,,,,,,,,,,,,,,,,,,,,,,,,,,,,,,,,,,
bb_id,45,1,224,226,227,228,239,240,241,242,243,244,245,246,247,248,249,250,251,252,253,254,255,256,260,261,262,263,264,268,269,270,271,272,273,274,275,276,277,278,280,282,283,284,285,286,288,,,,,,,,,,,,,,,,,,,,,,,,,,,,,,,,,,,,,,,,,,,,,,,,,,,,,,,
bbv,45,2,93,93,93,372,371,92,744,651,651,930,744,651,651,930,651,744,23715,23715,95134,95134,95134,95134,95134,3044278,95133,23714,743,93,93,92,92,93,23630,23630,23630,23630,189046,23631,23631,23808,23808,23808,190464,23808,23808,,,,,,,,,,,,,,,,,,,,,,,,,,,,,,,,,,,,,,,,,,,,,,,,,,,,,,,
csv,45,2,396609537,396609584,396609590,399889426,399411597,396108326,399889435,399889580,399889650,399889798,399889887,399412046,399412072,398941939,399412077,399889976,399890029,399890101,399997314,399997361,399997438,399997644,399997688,400000034,399997190,399889321,399889399,396377035,396377076,396108351,396108444,396376980,396375906,396375975,396375988,396376096,396376750,396376929,396376956,396608892,396608899,396608950,396609285,396609349,396609436,,,,,,,,,,,,,,,,,,,,,,,,,,,,,,,,,,,,,,,,,,,,,,,,,,,,,,,
bb_id,45,2,224,226,227,228,239,240,241,242,243,244,245,246,247,248,249,250,251,252,253,254,255,256,260,261,262,263,264,268,269,270,271,272,273,274,275,276,277,278,280,282,283,284,285,286,288,,,,,,,,,,,,,,,,,,,,,,,,,,,,,,,,,,,,,,,,,,,,,,,,,,,,,,,
bbv,45,3,95,95,95,378,379,95,757,662,662,944,757,663,663,949,663,757,24217,24217,96989,96989,96989,96989,96989,3103647,96989,24217,757,95,95,95,95,95,24320,24320,24320,24320,194560,24320,24320,24320,24320,24320,194560,24320,24320,,,,,,,,,,,,,,,,,,,,,,,,,,,,,,,,,,,,,,,,,,,,,,,,,,,,,,,
csv,45,3,397688556,397688560,397688667,399118461,399592131,397125650,399592203,399592373,399592378,399592633,399592741,399592865,399592935,399592967,399593056,399593166,399943791,399943884,399998238,399998346,399998402,399998629,399998675,400000055,399998156,399943675,399592102,397386516,397386599,397125738,397125810,397386316,397384840,397384934,397385067,397385161,397385990,397386021,397386234,397687624,397687854,397687905,397688409,397688431,397688497,,,,,,,,,,,,,,,,,,,,,,,,,,,,,,,,,,,,,,,,,,,,,,,,,,,,,,,
bb_id,45,3,224,226,227,228,239,240,241,242,243,244,245,246,247,248,249,250,251,252,253,254,255,256,260,261,262,263,264,268,269,270,271,272,273,274,275,276,277,278,280,282,283,284,285,286,288,,,,,,,,,,,,,,,,,,,,,,,,,,,,,,,,,,,,,,,,,,,,,,,,,,,,,,,
bbv,46,0,1,1,7,1,1,1,87,87,87,349,349,88,697,610,610,872,697,609,609,870,609,697,22186,22186,89231,89231,89231,89231,89231,2855408,89232,22187,698,1,29,29,30,30,30,7680,7680,7680,7680,61440,7680,7680,7424,7424,7424,59392,7424,7424,1,1,58,58,58,58,57,1842,1842,1841,471348,1856,1856,1856,475136,,,,,,,,,,,,,,,,,,,,,,,,,,,,,,,,,
csv,46,0,152185927,152185929,152185971,152185977,152185897,152185898,396559786,396559815,396559827,399208219,399594684,399594685,399208249,399208282,399208349,399208475,399208553,398842938,398842994,398524314,398843061,399208652,399208736,399208797,399591286,399591333,399591490,399591635,399591721,399594449,399594560,399594585,399594655,152185844,113066761,113066813,116775372,116775423,117031360,117030450,117030498,117030528,117030596,117031083,117031187,117031280,113307932,113307960,113308028,113308574,113308579,113308624,152186042,152186113,396062246,396062319,399594822,399594850,396062213,399995556,399995633,399995489,400000009,396544411,396544440,396559728,396559663,,,,,,,,,,,,,,,,,,,,,,,,,,,,,,,,,
bb_id,46,0,175,176,177,178,188,190,224,226,227,228,239,240,241,242,243,244,245,246,247,248,249,250,251,252,253,254,255,256,260,261,262,263,264,267,268,269,270,271,272,273,274,275,276,277,278,280,282,283,284,285,286,288,290,291,293,294,295,296,297,298,299,300,301,302,303,304,305,,,,,,,,,,,,,,,,,,,,,,,,,,,,,,,,,
bbv,46,1,90,90,90,359,359,90,718,628,628,898,718,628,628,896,628,718,22855,22855,91893,91893,91893,91893,91893,2940567,91893,22855,718,1,34,34,35,35,35,8960,8960,8960,8960,71680,8960,8960,8704,8704,8704,69632,8704,8704,1,1,56,56,55,55,55,1760,1760,1760,450560,1792,1792,1792,458752,,,,,,,,,,,,,,,,,,,,,,,,,,,,,,,,,,,,,,,
csv,46,1,399568400,399568467,399568490,399986317,398275152,398275195,399986367,399986442,399986543,397895730,399986605,399986652,399986810,399986917,399986974,399987094,399999442,399999524,399999616,399999694,399999750,399999924,399999999,400000055,399999281,399999358,399986290,152185850,145044268,145044314,147007553,147007604,147113254,147112890,147112896,147112926,147112952,147113204,147113205,147113230,145149320,145149331,145149368,145149667,145149769,145149772,152186184,152186279,398902612,398902632,398275209,398275276,398902548,398883006,398883089,398902493,398902365,399546503,399546532,399568320,399568233,,,,,,,,,,,,,,,,,,,,,,,,,,,,,,,,,,,,,,,
bb_id,46,1,224,226,227,228,239,240,241,242,243,244,245,246,247,248,249,250,251,252,253,254,255,256,260,261,262,263,264,267,268,269,270,271,272,273,274,275,276,277,278,280,282,283,284,285,286,288,290,291,293,294,295,296,297,298,299,300,301,302,303,304,305,,,,,,,,,,,,,,,,,,,,,,,,,,,,,,,,,,,,,,,
bbv,46,2,101,101,101,403,404,101,807,706,706,1008,807,707,707,1010,707,807,25754,25754,103373,103373,103373,103373,103373,3307921,103373,25754,807,1,44,44,45,45,45,11520,11520,11520,11520,92160,11520,11520,11264,11264,11264,90112,11264,11264,1,1,57,57,56,56,56,1792,1792,1792,458752,1824,1824,1824,466944,,,,,,,,,,,,,,,,,,,,,,,,,,,,,,,,,,,,,,,
csv,46,2,397318198,397318288,397318416,399279214,399682865,396135876,399682961,399683069,399683286,399683384,399683441,399683495,399683542,399279786,399683557,399683646,399874730,399874742,399998957,399998993,399999070,399999213,399999267,400000030,399998854,399874656,399682847,152185847,143129927,143129947,144724974,144725025,144821142,144820800,144820806,144820815,144820877,144821092,144821135,144821139,143227548,143227555,143227560,143227913,143227914,143227917,152186107,152186119,396680788,396680819,396135900,396135959,396680734,396660769,396660800,396680710,396680665,397298066,397298116,397318017,397317993,,,,,,,,,,,,,,,,,,,,,,,,,,,,,,,,,,,,,,,
bb_id,46,2,224,226,227,228,239,240,241,242,243,244,245,246,247,248,249,250,251,252,253,254,255,256,260,261,262,263,264,267,268,269,270,271,272,273,274,275,276,277,278,280,282,283,284,285,286,288,290,291,293,294,295,296,297,298,299,300,301,302,303,304,305,,,,,,,,,,,,,,,,,,,,,,,,,,,,,,,,,,,,,,,
bbv,46,3,95,95,95,379,379,95,758,663,663,947,758,663,663,947,663,758,24190,24190,96990,96990,96990,96990,96990,3103695,96991,24190,758,1,39,39,40,40,40,10240,10240,10240,10240,81920,10240,10240,9984,9984,9984,79872,9984,9984,1,1,56,56,55,55,55,1760,1760,1760,450560,1792,1792,1792,458752,,,,,,,,,,,,,,,,,,,,,,,,,,,,,,,,,,,,,,,
csv,46,3,398936124,398936170,398936182,399352861,399762698,397691269,399762769,399762802,399762859,399762943,399762979,399763033,399763090,399763164,399763190,399763268,399997157,399997228,399997362,399997440,399997506,399997659,399997713,399999997,400000034,399997094,399762669,152185841,151152705,151152725,152135373,152135403,152185838,152185642,152185648,152185657,152185662,152185830,152185831,152185835,151200157,151200164,151200169,151200337,151200338,151200341,152186249,152186285,398412024,398412086,397691402,397691486,398411960,398393124,398393186,398411947,398411921,398919644,398919685,398936097,398936042,,,,,,,,,,,,,,,,,,,,,,,,,,,,,,,,,,,,,,,
bb_id,46,3,224,226,227,228,239,240,241,242,243,244,245,246,247,248,249,250,251,252,253,254,255,256,260,261,262,263,264,267,268,269,270,271,272,273,274,275,276,277,278,280,282,283,284,285,286,288,290,291,293,294,295,296,297,298,299,300,301,302,303,304,305,,,,,,,,,,,,,,,,,,,,,,,,,,,,,,,,,,,,,,,
bbv,47,0,92,92,92,368,368,92,736,644,644,920,736,644,644,920,644,736,23460,23460,94208,94208,94208,94208,94208,3014656,94208,23460,736,93,93,92,92,93,2958,2958,2959,757452,2959,2959,2958,757297,,,,,,,,,,,,,,,,,,,,,,,,,,,,,,,,,,,,,,,,,,,,,,,,,,,,,,,,,,,,
csv,47,0,395955677,395955754,395955829,398687238,399075639,399075671,398687268,398687322,398687348,398687495,398687531,398294955,398295095,397869742,398295152,398687629,398687713,398687774,399072707,399072754,399072820,399073017,399073040,399075445,399075470,399075526,399075579,399760978,399761009,399075696,399075734,399760945,399738936,399738946,399760858,399760834,399997021,399997050,399996988,400000015,,,,,,,,,,,,,,,,,,,,,,,,,,,,,,,,,,,,,,,,,,,,,,,,,,,,,,,,,,,,
bb_id,47,0,224,226,227,228,239,240,241,242,243,244,245,246,247,248,249,250,251,252,253,254,255,256,260,261,262,263,264,293,294,295,296,297,298,299,300,301,302,303,304,305,,,,,,,,,,,,,,,,,,,,,,,,,,,,,,,,,,,,,,,,,,,,,,,,,,,,,,,,,,,,
bbv,47,1,91,91,91,367,368,92,734,643,643,920,734,642,642,916,642,734,23329,23329,94075,94075,94075,94075,94075,3010431,94076,23330,735,91,91,92,92,91,2918,2918,2917,746865,2912,2912,2912,745472,,,,,,,,,,,,,,,,,,,,,,,,,,,,,,,,,,,,,,,,,,,,,,,,,,,,,,,,,,,,
csv,47,1,396610451,396610507,396610530,399525064,399912836,399912910,399525146,399525200,399525278,399525352,399525388,399175111,399175126,398804268,399175162,399525456,399525519,399525601,399909709,399909756,399909832,399909985,399910049,399912633,399912769,399912775,399912807,396062382,396062413,399912935,399913015,396062358,399992979,399993030,399992913,400000025,396594315,396594323,396610382,396610348,,,,,,,,,,,,,,,,,,,,,,,,,,,,,,,,,,,,,,,,,,,,,,,,,,,,,,,,,,,,
bb_id,47,1,224,226,227,228,239,240,241,242,243,244,245,246,247,248,249,250,251,252,253,254,255,256,260,261,262,263,264,293,294,295,296,297,298,299,300,301,302,303,304,305,,,,,,,,,,,,,,,,,,,,,,,,,,,,,,,,,,,,,,,,,,,,,,,,,,,,,,,,,,,,
bbv,47,2,88,88,88,352,352,88,704,616,616,880,704,616,616,880,616,704,22440,22440,90085,90085,90085,90085,90085,2882736,90085,22440,704,88,88,88,88,88,2816,2816,2816,720896,2816,2816,2816,720896,,,,,,,,,,,,,,,,,,,,,,,,,,,,,,,,,,,,,,,,,,,,,,,,,,,,,,,,,,,,
csv,47,2,397275242,397275309,397275374,399379316,399758238,395984790,399758318,399758412,399758484,399758704,399758742,399758827,399758894,399380071,399758951,399759060,399954299,399954332,399997549,399997585,399997671,399997906,399997959,400000005,399997457,399954257,399758177,396644874,396644971,395984867,395984971,396644758,396619769,396619783,396644751,396644744,397257476,397257505,397275162,397275075,,,,,,,,,,,,,,,,,,,,,,,,,,,,,,,,,,,,,,,,,,,,,,,,,,,,,,,,,,,,
bb_id,47,2,224,226,227,228,239,240,241,242,243,244,245,246,247,248,249,250,251,252,253,254,255,256,260,261,262,263,264,293,294,295,296,297,298,299,300,301,302,303,304,305,,,,,,,,,,,,,,,,,,,,,,,,,,,,,,,,,,,,,,,,,,,,,,,,,,,,,,,,,,,,
bbv,47,3,92,92,92,368,367,92,735,643,643,919,735,643,643,918,643,735,23411,23411,94072,94072,94072,94072,94072,3010296,94071,23411,735,92,92,92,92,92,2944,2944,2944,753664,2944,2944,2944,753664,,,,,,,,,,,,,,,,,,,,,,,,,,,,,,,,,,,,,,,,,,,,,,,,,,,,,,,,,,,,
csv,47,3,399358149,399358174,399358247,399795971,398132793,398132895,399796072,399796298,399796357,397670028,399796414,399796478,399796528,399796654,399796711,399796799,399998328,399998398,399998489,399998556,399998622,399998764,399998817,400000046,399998241,399998255,399795941,398748932,398749064,398132899,398132950,398748878,398729916,398729968,398748798,398748727,399343381,399343424,399358132,399358068,,,,,,,,,,,,,,,,,,,,,,,,,,,,,,,,,,,,,,,,,,,,,,,,,,,,,,,,,,,,
bb_id,47,3,224,226,227,228,239,240,241,242,243,244,245,246,247,248,249,250,251,252,253,254,255,256,260,261,262,263,264,293,294,295,296,297,298,299,300,301,302,303,304,305,,,,,,,,,,,,,,,,,,,,,,,,,,,,,,,,,,,,,,,,,,,,,,,,,,,,,,,,,,,,
bbv,48,0,94,94,94,374,373,93,748,654,654,932,748,655,655,938,655,748,23949,23949,95696,95696,95696,95696,95696,3062272,95696,23948,747,93,93,93,93,93,2976,2976,2976,761856,2993,2993,2994,766415,,,,,,,,,,,,,,,,,,,,,,,,,,,,,,,,,,,,,,,,,,,,,,,,,,,,,,,,,,,,
csv,48,0,398537522,398537593,398537635,399730275,399337840,397576063,399730373,399730473,399730520,399730718,399730809,399730935,399731062,399731105,399731131,399731184,399971219,399971312,399996514,399996603,399996701,399996844,399996867,399999975,400000042,399971124,399730208,398054753,398054765,397576088,397576115,398054585,398038121,398038193,398054562,398054533,398523230,398523280,398537438,398537341,,,,,,,,,,,,,,,,,,,,,,,,,,,,,,,,,,,,,,,,,,,,,,,,,,,,,,,,,,,,
bb_id,48,0,224,226,227,228,239,240,241,242,243,244,245,246,247,248,249,250,251,252,253,254,255,256,260,261,262,263,264,293,294,295,296,297,298,299,300,301,302,303,304,305,,,,,,,,,,,,,,,,,,,,,,,,,,,,,,,,,,,,,,,,,,,,,,,,,,,,,,,,,,,,
bbv,48,1,90,90,90,358,358,89,717,627,627,894,717,628,628,899,628,717,22941,22941,91742,91742,91742,91742,91742,2935727,91741,22940,716,90,90,89,89,90,2874,2874,2875,735887,2880,2880,2880,737280,,,,,,,,,,,,,,,,,,,,,,,,,,,,,,,,,,,,,,,,,,,,,,,,,,,,,,,,,,,,
csv,48,1,398097957,398098032,398098054,399264434,399671365,397040017,399671409,399671539,399671620,399671942,399672079,399672114,399672171,399672234,399672280,399672389,399954483,399954492,399998548,399998595,399998721,399998946,399998948,400000038,399998430,399954344,399671336,397676555,397676575,397040105,397040175,397676512,397661822,397661883,397676458,397676404,398085355,398085394,398097865,398097852,,,,,,,,,,,,,,,,,,,,,,,,,,,,,,,,,,,,,,,,,,,,,,,,,,,,,,,,,,,,
bb_id,48,1,224,226,227,228,239,240,241,242,243,244,245,246,247,248,249,250,251,252,253,254,255,256,260,261,262,263,264,293,294,295,296,297,298,299,300,301,302,303,304,305,,,,,,,,,,,,,,,,,,,,,,,,,,,,,,,,,,,,,,,,,,,,,,,,,,,,,,,,,,,,
bbv,48,2,92,92,92,365,365,92,730,638,638,912,730,638,638,912,638,730,23279,23279,93433,93433,93433,93433,93433,2989843,93433,23279,730,92,92,92,92,92,2944,2944,2944,753664,2944,2944,2944,753664,,,,,,,,,,,,,,,,,,,,,,,,,,,,,,,,,,,,,,,,,,,,,,,,,,,,,,,,,,,,
csv,48,2,399680260,399680327,399680413,398083780,398435572,398435604,399680464,398083861,398083906,398083988,399680532,399680618,399680728,399680964,399681042,399681180,399998487,399998604,399998686,399998768,399998824,399999091,399999177,400000063,399998384,399998434,398435491,399039653,399039684,398435618,398435698,399039620,399019397,399019491,399039596,399039530,399660774,399660803,399680180,399680114,,,,,,,,,,,,,,,,,,,,,,,,,,,,,,,,,,,,,,,,,,,,,,,,,,,,,,,,,,,,
bb_id,48,2,224,226,227,228,239,240,241,242,243,244,245,246,247,248,249,250,251,252,253,254,255,256,260,261,262,263,264,293,294,295,296,297,298,299,300,301,302,303,304,305,,,,,,,,,,,,,,,,,,,,,,,,,,,,,,,,,,,,,,,,,,,,,,,,,,,,,,,,,,,,
bbv,48,3,89,89,89,357,357,89,714,625,625,892,714,625,625,894,625,714,22771,22771,91436,91436,91436,91436,91436,2925947,91436,22771,714,89,89,89,89,89,2848,2848,2848,729088,2848,2848,2848,729088,,,,,,,,,,,,,,,,,,,,,,,,,,,,,,,,,,,,,,,,,,,,,,,,,,,,,,,,,,,,
csv,48,3,398372738,398372815,398372869,399613539,399203191,397350145,399613585,399613608,399613755,399613787,399613924,399613959,399614047,399614173,399614199,399614277,399997432,399997504,399997649,399997717,399997857,399998021,399998044,400000017,399997228,399997316,399613401,397876926,397876988,397350201,397350250,397876871,397861390,397861472,397876747,397876689,398354637,398354676,398372638,398372573,,,,,,,,,,,,,,,,,,,,,,,,,,,,,,,,,,,,,,,,,,,,,,,,,,,,,,,,,,,,
bb_id,48,3,224,226,227,228,239,240,241,242,243,244,245,246,247,248,249,250,251,252,253,254,255,256,260,261,262,263,264,293,294,295,296,297,298,299,300,301,302,303,304,305,,,,,,,,,,,,,,,,,,,,,,,,,,,,,,,,,,,,,,,,,,,,,,,,,,,,,,,,,,,,
bbv,49,0,1,1,1,1,1,1,1,1,1,1,1,8192,8192,8192,8192,1048576,8192,8192,1,1,1,1,1,1,256,1,1,1,1,6,1,1,1,128,128,127,127,127,16256,16256,16256,16256,130048,16256,16256,16384,16384,16384,131072,16384,16384,140,140,140,559,127,127,16256,16256,16256,130048,16256,16256,432,140,991,851,851,1144,991,851,851,1142,851,991,19280,19280,69820,69820,69820,69820,69820,2234237,69819,19280,991,1,12,12,13,13,13,416,416,416,106496,384,384,384,98304
csv,49,0,78469674,164911979,78446907,78469663,78469668,164911988,78446900,78446901,78469883,78469896,164911915,162541395,162541422,162541457,162541563,162546843,162546925,162546928,78469658,78446933,78446962,78469557,78469593,78469605,78469529,78446892,78446893,164912015,164912017,164912053,164912059,164912124,164912197,399634407,399634464,399519643,399519715,399634368,399633378,399633430,399633489,399633568,399634156,399634193,399634267,399738662,399738690,399738746,399739199,399739221,399739283,399739321,399739325,399739338,399955778,399407863,399407929,399518739,399518844,399518915,399519402,399519487,399519554,399223014,399519618,399955951,399956026,399956101,399223318,399956350,399956398,399956466,399956614,399956640,399956729,399993386,399993458,399996895,399997005,399997124,399997275,399997351,400000008,399996771,399993312,399955759,78446842,50194463,50194494,54157409,54157446,54560906,54541798,54541839,54560861,54560837,50750151,50750316,50774961,50774783
bb_id,49,0,54,56,59,62,64,99,101,102,103,104,105,106,107,108,109,110,111,113,115,168,169,170,171,172,173,180,182,191,192,193,194,199,200,202,203,204,205,206,207,208,209,210,211,212,214,216,217,218,219,220,222,224,226,227,228,229,230,231,232,233,234,235,238,239,240,241,242,243,244,245,246,247,248,249,250,251,252,253,254,255,256,260,261,262,263,264,292,293,294,295,296,297,298,299,300,301,302,303,304,305
bbv,49,1,1,1,1,8192,8192,8192,8192,1048576,8192,8192,1,1,1,1,1,256,1,1,123,123,122,122,122,15616,15616,15616,15616,124928,15616,15616,15744,15744,15744,125952,15744,15744,142,142,142,568,122,122,15616,15616,15616,124928,15616,15616,445,142,1013,871,871,1174,1013,871,871,1174,871,1013,20462,20462,74731,74731,74731,74731,74731,2391407,74731,20462,1013,1,19,19,20,20,20,640,640,640,163840,608,608,608,155648,,,,,,,,,,,,,,,
csv,49,1,78469821,78469922,164911912,164891523,164891570,164891625,164891648,164896486,164896508,164896531,78447061,78447067,78469563,78469581,78469607,78469507,164912335,164912377,399211229,399211328,399100897,399100993,399211137,399210430,399210436,399210583,399210612,399210992,399210993,399211055,399319330,399319358,399319469,399320102,399320168,399320255,399320318,399320472,399320551,399967311,398984896,398984983,399099935,399100011,399100091,399100746,399100772,399100797,399738978,399100847,399967383,399967427,399967537,399967653,399967721,399967807,399967896,399967970,399968059,399968169,399997328,399997381,399997505,399997594,399997713,399997856,399997879,400000050,399997128,399997153,399967240,78446839,76252042,76252062,78294891,78294898,78446833,78444257,78444267,78446830,78446827,76428175,76428204,76437368,76437323,,,,,,,,,,,,,,,
bb_id,49,1,103,104,105,106,107,108,109,110,111,113,168,169,170,171,172,173,199,200,202,203,204,205,206,207,208,209,210,211,212,214,216,217,218,219,220,222,224,226,227,228,229,230,231,232,233,234,235,238,239,240,241,242,243,244,245,246,247,248,249,250,251,252,253,254,255,256,260,261,262,263,264,292,293,294,295,296,297,298,299,300,301,302,303,304,305,,,,,,,,,,,,,,,
bbv,49,2,1,1,1,8192,8192,8192,8192,1048576,8192,8192,1,1,1,1,1,256,1,1,119,119,118,118,118,15104,15104,15104,15104,120832,15104,15104,15232,15232,15232,121856,15232,15232,138,138,138,553,118,118,15104,15104,15104,120832,15104,15104,435,138,988,850,850,1145,988,850,850,1148,850,988,20113,20113,73412,73412,73412,73412,73412,2349181,73412,20113,988,1,19,19,20,20,20,640,640,640,163840,608,608,608,155648,,,,,,,,,,,,,,,
csv,49,2,78469723,78469834,164911918,161874959,161875006,161875061,161875124,161885098,161885200,161885223,78446959,78446965,78469569,78469599,78469601,78469551,164912189,164912205,399387783,399387803,399224821,399225002,399387749,399386544,399386613,399386706,399386732,399387367,399387492,399387662,399494506,399494529,399494597,399494970,399495020,399495077,399495168,399495230,399495248,399719972,399084158,399084280,399223549,399223677,399223733,399224505,399224576,399224627,399952561,399224712,399952602,399952727,399952875,399953036,399953240,399953349,399953438,399953628,399953696,399953764,399998906,399998999,399999144,399999254,399999310,399999432,399999476,400000029,399998807,399998832,399952412,78446845,66784803,66784813,68498607,68498614,68699892,68694111,68694121,68699889,68699886,66980001,66980056,66986514,66986511,,,,,,,,,,,,,,,
bb_id,49,2,103,104,105,106,107,108,109,110,111,113,168,169,170,171,172,173,199,200,202,203,204,205,206,207,208,209,210,211,212,214,216,217,218,219,220,222,224,226,227,228,229,230,231,232,233,234,235,238,239,240,241,242,243,244,245,246,247,248,249,250,251,252,253,254,255,256,260,261,262,263,264,292,293,294,295,296,297,298,299,300,301,302,303,304,305,,,,,,,,,,,,,,,
bbv,49,3,1,1,1,8192,8192,8192,8192,1048576,8192,8192,1,1,1,1,1,256,1,1,124,124,123,123,123,15744,15744,15744,15744,125952,15744,15744,15872,15872,15872,126976,15872,15872,143,143,143,570,123,123,15744,15744,15744,125952,15744,15744,448,143,1018,875,875,1182,1018,875,875,1178,875,1018,20506,20506,75111,75110,75110,75110,75110,2403533,75111,20506,1018,1,19,19,20,20,20,640,640,640,163840,608,608,608,155648,,,,,,,,,,,,,,,
csv,49,3,78469772,78469909,164911909,164909276,164909303,164909338,164909341,164911901,164911903,164911906,78447035,78447064,78469575,78469587,78469603,78469485,164912270,164912369,399795274,399795397,399672240,399672291,399795032,399794016,399794051,399794081,399794160,399794776,399794880,399794952,399912332,399912360,399912460,399913511,399913596,399913620,399913700,399913788,399913853,399569118,399569121,399569161,399671468,399671538,399671602,399672083,399672084,399672109,399369532,399672152,399913904,399369632,399369683,399369830,399913993,399914037,399914126,399914303,399914382,399914450,399999894,399999945,400000111,399995768,399995866,399996072,399996242,399999602,399999669,399999757,399568985,78446836,76240737,76240747,78255503,78255531,78433822,78428599,78428619,78433819,78433806,76398195,76398203,76402739,76402726,,,,,,,,,,,,,,,
bb_id,49,3,103,104,105,106,107,108,109,110,111,113,168,169,170,171,172,173,199,200,202,203,204,205,206,207,208,209,210,211,212,214,216,217,218,219,220,222,224,226,227,228,229,230,231,232,233,234,235,238,239,240,241,242,243,244,245,246,247,248,249,250,251,252,253,254,255,256,260,261,262,263,264,292,293,294,295,296,297,298,299,300,301,302,303,304,305,,,,,,,,,,,,,,,
bbv,50,0,214,214,214,214,214,27392,27392,27392,27392,219136,27392,27392,27392,27392,27392,219136,27392,27392,214,214,214,856,214,214,27392,27392,27392,219136,27392,27392,642,214,1498,1284,1284,1712,1498,1284,1284,1712,1284,1498,27184,27184,95883,95883,95883,95883,95883,3068231,95883,27184,1498,,,,,,,,,,,,,,,,,,,,,,,,,,,,,,,,,,,,,,,,,,,,,,,
csv,50,0,399589466,399589507,399470644,399470695,399589428,399588563,399588630,399588676,399588707,399589319,399589378,399589403,399696848,399696960,399697028,399697444,399697553,399697612,399697655,399697781,399697818,399918668,399350005,399350050,399469728,399469767,399469775,399470382,399470516,399470597,399126701,399470619,399918698,399918702,399918791,399127015,399918821,399918973,399919055,399919220,399919246,399919337,399998979,399999051,399999219,399999266,399999322,399999669,399999715,400000030,399998775,399998863,399918540,,,,,,,,,,,,,,,,,,,,,,,,,,,,,,,,,,,,,,,,,,,,,,,
bb_id,50,0,202,203,204,205,206,207,208,209,210,211,212,214,216,217,218,219,220,222,224,226,227,228,229,230,231,232,233,234,235,238,239,240,241,242,243,244,245,246,247,248,249,250,251,252,253,254,255,256,260,261,262,263,264,,,,,,,,,,,,,,,,,,,,,,,,,,,,,,,,,,,,,,,,,,,,,,,
bbv,50,1,209,209,209,209,209,26752,26752,26752,26752,214016,26752,26752,26752,26752,26752,214016,26752,26752,209,209,209,834,209,209,26752,26752,26752,214016,26752,26752,626,209,1460,1251,1251,1670,1460,1251,1251,1667,1251,1460,26455,26455,93457,93457,93457,93457,93457,2990613,93457,26455,1460,,,,,,,,,,,,,,,,,,,,,,,,,,,,,,,,,,,,,,,,,,,,,,,
csv,50,1,399780711,399780794,399657910,399658004,399780677,399779727,399779754,399779826,399779894,399780440,399780462,399780611,399897823,399897832,399897879,399898360,399898391,399898415,399898535,399898607,399898686,399550677,399550732,399550833,399656869,399656974,399657017,399657690,399657775,399657821,399346147,399657822,399898817,399346221,399346268,399346437,399898866,399898931,399899020,399899189,399899278,399899388,399997573,399997624,399997748,399997858,399997956,399998099,399998122,400000072,399997453,399997478,399550650,,,,,,,,,,,,,,,,,,,,,,,,,,,,,,,,,,,,,,,,,,,,,,,
bb_id,50,1,202,203,204,205,206,207,208,209,210,211,212,214,216,217,218,219,220,222,224,226,227,228,229,230,231,232,233,234,235,238,239,240,241,242,243,244,245,246,247,248,249,250,251,252,253,254,255,256,260,261,262,263,264,,,,,,,,,,,,,,,,,,,,,,,,,,,,,,,,,,,,,,,,,,,,,,,
bbv,50,2,203,203,203,203,203,25984,25984,25984,25984,207872,25984,25984,25984,25984,25984,207872,25984,25984,203,203,203,812,203,203,25984,25984,25984,207872,25984,25984,609,203,1421,1218,1218,1624,1421,1218,1218,1624,1218,1421,25792,25792,90990,90990,90990,90990,90990,2911686,90990,25792,1421,,,,,,,,,,,,,,,,,,,,,,,,,,,,,,,,,,,,,,,,,,,,,,,
csv,50,2,399219471,399219512,399093269,399093320,399219395,399218695,399218722,399218773,399218799,399219261,399219325,399219371,399338141,399338234,399338260,399339054,399339120,399339149,399339208,399339390,399339394,399572066,398971079,398971124,399091949,399092131,399092204,399093090,399093112,399093116,399789782,399093138,399789854,399789961,399789988,399790020,399790070,399790095,399790170,399790344,399790433,399790501,399989637,399989697,399998397,399998486,399998542,399998727,399998771,400000051,399998273,399989510,399789753,,,,,,,,,,,,,,,,,,,,,,,,,,,,,,,,,,,,,,,,,,,,,,,
bb_id,50,2,202,203,204,205,206,207,208,209,210,211,212,214,216,217,218,219,220,222,224,226,227,228,229,230,231,232,233,234,235,238,239,240,241,242,243,244,245,246,247,248,249,250,251,252,253,254,255,256,260,261,262,263,264,,,,,,,,,,,,,,,,,,,,,,,,,,,,,,,,,,,,,,,,,,,,,,,
bbv,50,3,209,209,209,209,209,26752,26752,26752,26752,214016,26752,26752,26752,26752,26752,214016,26752,26752,209,209,209,839,209,209,26752,26752,26752,214016,26752,26752,630,209,1469,1260,1260,1680,1469,1259,1259,1678,1259,1469,26646,26646,94032,94033,94033,94033,94033,3009030,94032,26646,1469,,,,,,,,,,,,,,,,,,,,,,,,,,,,,,,,,,,,,,,,,,,,,,,
csv,50,3,398427297,398427338,398299464,398299523,398427263,398426437,398426443,398426515,398426541,398427129,398427172,398427197,398546870,398546940,398546966,398547512,398547597,398547625,398547663,398547749,398547802,399647290,398183744,398183845,398298701,398298768,398298797,398299324,398299367,398299392,399860796,398299439,399860850,399860896,399860950,399861107,399861281,399647543,399647571,399450741,399647592,399861417,399861526,399861723,399999158,399999348,399999404,399999547,399999671,400000009,399999076,399860660,399860745,,,,,,,,,,,,,,,,,,,,,,,,,,,,,,,,,,,,,,,,,,,,,,,
bb_id,50,3,202,203,204,205,206,207,208,209,210,211,212,214,216,217,218,219,220,222,224,226,227,228,229,230,231,232,233,234,235,238,239,240,241,242,243,244,245,246,247,248,249,250,251,252,253,254,255,256,260,261,262,263,264,,,,,,,,,,,,,,,,,,,,,,,,,,,,,,,,,,,,,,,,,,,,,,,
bbv,51,0,1,1,7,1,1,1,1,170,170,171,171,171,21888,21888,21888,21888,175104,21888,21888,21760,21760,21760,174080,21760,21760,184,184,184,738,171,171,21888,21888,21888,175104,21888,21888,567,184,1305,1121,1121,1504,1305,1121,1121,1504,1121,1305,25208,25208,90581,90581,90581,90581,90581,2898607,90581,25208,1305,1,1,14,14,13,13,13,3328,3328,3328,3328,26624,3328,3328,3584,3584,3584,28672,3584,3584,,,,,,,,,,,,,,,,,,,,
csv,51,0,345363583,345363585,345363627,345363633,345363555,345363556,345363505,314134462,314134503,315849320,315849433,315965590,315964809,315964857,315964887,315964976,315965456,315965478,315965503,314238143,314238196,314238228,314238708,314238751,314238878,397463317,397463384,397463407,399651596,315746348,315746409,315848005,315848135,315848206,315848871,315849001,315849103,399225570,396999253,399651668,399651712,399651780,399651928,399652000,399652105,399652213,399652266,399652372,399652463,399962254,399962305,399997640,399997729,399997827,399998012,399998098,400000068,399997516,399962159,399651527,345363698,345363771,397225554,397225577,396999278,396999371,397225540,397224802,397224871,397224883,397224932,397225406,397225470,397225495,397462370,397462403,397462525,397463149,397463234,397463279,,,,,,,,,,,,,,,,,,,,
bb_id,51,0,183,184,185,186,196,198,201,202,203,204,205,206,207,208,209,210,211,212,214,216,217,218,219,220,222,224,226,227,228,229,230,231,232,233,234,235,238,239,240,241,242,243,244,245,246,247,248,249,250,251,252,253,254,255,256,260,261,262,263,264,265,266,268,269,270,271,272,273,274,275,276,277,278,280,282,283,284,285,286,288,,,,,,,,,,,,,,,,,,,,
bbv,51,1,1,180,180,181,181,181,23168,23168,23168,23168,185344,23168,23168,23040,23040,23040,184320,23040,23040,194,194,194,777,181,181,23168,23168,23168,185344,23168,23168,595,194,1372,1178,1178,1578,1372,1178,1178,1580,1178,1372,26431,26431,94556,94556,94556,94556,94556,3025792,94556,26431,1372,1,1,14,14,13,13,13,3328,3328,3328,3328,26624,3328,3328,3584,3584,3584,28672,3584,3584,,,,,,,,,,,,,,,,,,,,,,,,,,
csv,51,1,345363499,344884773,344884793,345338247,345338277,345363496,345363300,345363306,345363315,345363320,345363488,345363489,345363493,344908417,344908424,344908429,344908597,344908598,344908601,399305572,399305639,399305748,399796753,345318762,345318786,345338097,345338101,345338109,345338237,345338238,345338242,398835412,398835599,399796846,399796911,399796958,398374372,399797089,399797133,399797201,399797391,399797459,399797590,399995019,399995070,399998436,399998504,399998560,399998703,399998726,400000026,399998354,399994941,399796663,345363870,345363943,399068840,399068881,398835641,398835739,399068785,399068109,399068136,399068187,399068213,399068679,399068731,399068777,399304636,399304706,399304732,399305404,399305447,399305534,,,,,,,,,,,,,,,,,,,,,,,,,,
bb_id,51,1,201,202,203,204,205,206,207,208,209,210,211,212,214,216,217,218,219,220,222,224,226,227,228,229,230,231,232,233,234,235,238,239,240,241,242,243,244,245,246,247,248,249,250,251,252,253,254,255,256,260,261,262,263,264,265,266,268,269,270,271,272,273,274,275,276,277,278,280,282,283,284,285,286,288,,,,,,,,,,,,,,,,,,,,,,,,,,
bbv,51,2,1,190,190,191,191,191,24448,24448,24448,24448,195584,24448,24448,24320,24320,24320,194560,24320,24320,203,203,203,814,191,191,24448,24448,24448,195584,24448,24448,622,203,1436,1233,1233,1653,1436,1233,1233,1652,1233,1436,27457,27457,98396,98396,98396,98396,98396,3148687,98396,27457,1436,1,1,13,13,12,12,12,3072,3072,3072,3072,24576,3072,3072,3328,3328,3328,26624,3328,3328,,,,,,,,,,,,,,,,,,,,,,,,,,
csv,51,2,345363508,339829662,339829724,340554701,340554731,340601095,340600714,340600773,340600782,340600787,340601055,340601056,340601060,339880135,339880142,339880229,339880500,339880501,339880504,397277973,397278082,397278105,399640289,340510403,340510511,340554358,340554362,340554412,340554624,340554667,340554671,399166701,396802360,399640382,399640447,399640473,399640537,399640584,399640649,399640738,399640753,399640821,399640910,399904493,399904553,399996445,399996534,399996674,399996859,399996966,400000005,399996363,399904345,399640199,345363763,345363779,397058324,397058368,396802385,396802436,397058070,397057163,397057232,397057262,397057309,397057632,397057696,397057978,397276629,397276687,397276760,397277618,397277783,397277893,,,,,,,,,,,,,,,,,,,,,,,,,,
bb_id,51,2,201,202,203,204,205,206,207,208,209,210,211,212,214,216,217,218,219,220,222,224,226,227,228,229,230,231,232,233,234,235,238,239,240,241,242,243,244,245,246,247,248,249,250,251,252,253,254,255,256,260,261,262,263,264,265,266,268,269,270,271,272,273,274,275,276,277,278,280,282,283,284,285,286,288,,,,,,,,,,,,,,,,,,,,,,,,,,
bbv,51,3,1,179,179,180,180,180,23040,23040,23040,23040,184320,23040,23040,22912,22912,22912,183296,22912,22912,193,193,193,770,180,180,23040,23040,23040,184320,23040,23040,589,193,1359,1166,1166,1562,1359,1167,1167,1566,1167,1359,26236,26236,93776,93776,93776,93776,93776,3000830,93776,26236,1359,1,1,14,14,13,13,13,3328,3328,3328,3328,26624,3328,3328,3584,3584,3584,28672,3584,3584,,,,,,,,,,,,,,,,,,,,,,,,,,
csv,51,3,345363502,343331902,343331943,344223104,344223134,344276936,344276572,344276599,344276608,344276634,344276886,344276887,344276912,343385026,343385054,343385101,343385624,343385625,343385670,399079364,399079490,399079524,399567858,344172492,344172537,344222639,344222664,344222693,344223010,344223032,344223057,398612068,398612172,399567930,399567978,399568050,398154838,399568150,399568203,399568271,399568503,399568691,399568822,399995102,399995153,399999253,399999342,399999440,399999562,399999627,400000047,399999171,399994987,399567831,345363935,345363951,398860188,398860277,398612319,398612355,398860129,398859118,398859175,398859189,398859240,398860116,398860118,398860122,399078072,399078163,399078214,399079024,399079109,399079288,,,,,,,,,,,,,,,,,,,,,,,,,,
bb_id,51,3,201,202,203,204,205,206,207,208,209,210,211,212,214,216,217,218,219,220,222,224,226,227,228,229,230,231,232,233,234,235,238,239,240,241,242,243,244,245,246,247,248,249,250,251,252,253,254,255,256,260,261,262,263,264,265,266,268,269,270,271,272,273,274,275,276,277,278,280,282,283,284,285,286,288,,,,,,,,,,,,,,,,,,,,,,,,,,
bbv,52,0,99,99,99,396,397,99,793,694,694,992,793,694,694,990,694,793,25247,25247,101506,101506,101506,101506,101506,3248199,101506,25247,793,99,99,99,99,99,25344,25344,25344,25344,202752,25344,25344,25344,25344,25344,202752,25344,25344,,,,,,,,,,,,,,,,,,,,,,,,,,,,,,,,,,,,,,,,,,,,,,,,,,,,,,,
csv,52,0,396993492,396993517,396993582,399198935,399646349,396515614,399646394,399646485,399646574,399646680,399646769,399646817,399646864,399199673,399646930,399647003,399849152,399849228,399997535,399997582,399997645,399997772,399997795,400000020,399997451,399849073,399646320,396757921,396757983,396515725,396515850,396757845,396757041,396757068,396757154,396757302,396757748,396757791,396757795,396992664,396992713,396992739,396993261,396993304,396993391,,,,,,,,,,,,,,,,,,,,,,,,,,,,,,,,,,,,,,,,,,,,,,,,,,,,,,,
bb_id,52,0,224,226,227,228,239,240,241,242,243,244,245,246,247,248,249,250,251,252,253,254,255,256,260,261,262,263,264,268,269,270,271,272,273,274,275,276,277,278,280,282,283,284,285,286,288,,,,,,,,,,,,,,,,,,,,,,,,,,,,,,,,,,,,,,,,,,,,,,,,,,,,,,,
bbv,52,1,96,96,96,387,388,97,774,678,678,970,774,677,677,966,677,774,24580,24580,99146,99146,99146,99146,99146,3172685,99147,24581,775,97,97,97,97,97,24832,24832,24832,24832,198656,24832,24832,24713,24713,24713,197703,24712,24712,,,,,,,,,,,,,,,,,,,,,,,,,,,,,,,,,,,,,,,,,,,,,,,,,,,,,,,
csv,52,1,395972214,395972281,395972304,399150454,399612102,399612170,399150650,399150801,399150832,399150931,399150957,398661064,398661153,398191231,398661221,399151147,399151223,399151253,399607691,399607799,399607855,399607956,399608084,399611770,399611858,399611946,399612010,399870787,399870891,399612277,399612328,399870753,399869656,399869704,399869734,399869802,399870577,399870683,399870687,399999308,399999399,399999488,400000076,399999219,399999243,,,,,,,,,,,,,,,,,,,,,,,,,,,,,,,,,,,,,,,,,,,,,,,,,,,,,,,
bb_id,52,1,224,226,227,228,239,240,241,242,243,244,245,246,247,248,249,250,251,252,253,254,255,256,260,261,262,263,264,268,269,270,271,272,273,274,275,276,277,278,280,282,283,284,285,286,288,,,,,,,,,,,,,,,,,,,,,,,,,,,,,,,,,,,,,,,,,,,,,,,,,,,,,,,
bbv,52,2,94,94,94,376,377,94,753,659,659,942,753,659,659,940,659,753,23972,23972,96302,96302,96302,96301,96301,3081636,96302,23972,753,94,94,94,94,94,24064,24064,24064,24064,192512,24064,24064,24064,24064,24064,192512,24064,24064,,,,,,,,,,,,,,,,,,,,,,,,,,,,,,,,,,,,,,,,,,,,,,,,,,,,,,,
csv,52,2,397177125,397177211,397177260,399539174,399985031,396706076,399985105,399985149,399985259,399985428,399985455,399985523,399985551,399539835,399985605,399985673,399985752,399985845,399999952,399999999,400000055,399996500,399996523,399999824,399999870,399984895,399984922,396935242,396935325,396706123,396706157,396935145,396934343,396934392,396934464,396934472,396935011,396935075,396935121,397176074,397176144,397176170,397177006,397177051,397177104,,,,,,,,,,,,,,,,,,,,,,,,,,,,,,,,,,,,,,,,,,,,,,,,,,,,,,,
bb_id,52,2,224,226,227,228,239,240,241,242,243,244,245,246,247,248,249,250,251,252,253,254,255,256,260,261,262,263,264,268,269,270,271,272,273,274,275,276,277,278,280,282,283,284,285,286,288,,,,,,,,,,,,,,,,,,,,,,,,,,,,,,,,,,,,,,,,,,,,,,,,,,,,,,,
bbv,52,3,97,97,97,389,389,97,778,681,681,972,778,681,681,974,681,778,24783,24783,99555,99555,99555,99555,99555,3185774,99555,24783,778,97,97,97,97,97,24832,24832,24832,24832,198656,24832,24832,24832,24832,24832,198656,24832,24832,,,,,,,,,,,,,,,,,,,,,,,,,,,,,,,,,,,,,,,,,,,,,,,,,,,,,,,
csv,52,3,398281269,398281402,398281481,399684231,399222915,397711167,399684296,399684382,399684513,399684587,399684676,399684785,399684879,399685101,399685133,399685232,399990751,399990823,399998482,399998513,399998590,399998775,399998798,400000097,399998379,399990635,399684219,398038129,398038149,397711234,397711348,398038053,398037040,398037109,398037181,398037228,398037816,398037960,398038029,398280206,398280291,398280368,398281160,398281203,398281227,,,,,,,,,,,,,,,,,,,,,,,,,,,,,,,,,,,,,,,,,,,,,,,,,,,,,,,
bb_id,52,3,224,226,227,228,239,240,241,242,243,244,245,246,247,248,249,250,251,252,253,254,255,256,260,261,262,263,264,268,269,270,271,272,273,274,275,276,277,278,280,282,283,284,285,286,288,,,,,,,,,,,,,,,,,,,,,,,,,,,,,,,,,,,,,,,,,,,,,,,,,,,,,,,
bbv,53,0,101,101,101,402,402,101,804,703,703,1003,804,703,703,1006,703,804,25713,25713,102880,102880,102880,102880,102880,3292145,102880,25713,804,101,101,101,101,101,25856,25856,25856,25856,206848,25856,25856,25856,25856,25856,206848,25856,25856,,,,,,,,,,,,,,,,,,,,,,,,,,,,,,,,,,,,,,,,,,,,,,,,,,,,,,,
csv,53,0,398780383,398780408,398780436,399296973,399749654,398342582,399749726,399749791,399749880,399749975,399750026,399750049,399750157,399750247,399750352,399750420,399994805,399994919,399998808,399998855,399998953,399999159,399999204,400000152,399998684,399994626,399749583,398566990,398567015,398342649,398342700,398566914,398566119,398566146,398566155,398566303,398566729,398566772,398566841,398779487,398779557,398779583,398780129,398780214,398780284,,,,,,,,,,,,,,,,,,,,,,,,,,,,,,,,,,,,,,,,,,,,,,,,,,,,,,,
bb_id,53,0,224,226,227,228,239,240,241,242,243,244,245,246,247,248,249,250,251,252,253,254,255,256,260,261,262,263,264,268,269,270,271,272,273,274,275,276,277,278,280,282,283,284,285,286,288,,,,,,,,,,,,,,,,,,,,,,,,,,,,,,,,,,,,,,,,,,,,,,,,,,,,,,,
bbv,53,1,97,97,97,386,386,96,773,676,676,964,773,677,677,969,677,773,24723,24723,98853,98853,98853,98853,98852,3163264,98852,24722,772,96,96,96,96,96,24576,24576,24576,24576,196608,24576,24576,24695,24695,24695,197561,24696,24696,,,,,,,,,,,,,,,,,,,,,,,,,,,,,,,,,,,,,,,,,,,,,,,,,,,,,,,
csv,53,1,398044430,398044577,398044602,399413715,399873942,397547780,399873977,399874063,399874131,399874300,399874373,399874543,399874680,399874728,399874817,399874927,399986000,399986051,399999801,399999848,399999967,400000089,399996561,399999631,399999677,399985947,399873862,397805877,397805918,397547826,397547882,397805822,397804683,397804773,397804845,397804934,397805646,397805731,397805798,398043620,398043690,398043758,398044157,398044265,398044315,,,,,,,,,,,,,,,,,,,,,,,,,,,,,,,,,,,,,,,,,,,,,,,,,,,,,,,
bb_id,53,1,224,226,227,228,239,240,241,242,243,244,245,246,247,248,249,250,251,252,253,254,255,256,260,261,262,263,264,268,269,270,271,272,273,274,275,276,277,278,280,282,283,284,285,286,288,,,,,,,,,,,,,,,,,,,,,,,,,,,,,,,,,,,,,,,,,,,,,,,,,,,,,,,
bbv,53,2,94,94,94,374,374,94,748,654,654,933,748,654,654,936,654,748,23929,23929,95817,95817,95817,95818,95818,3066158,95817,23929,748,94,94,94,94,94,24064,24064,24064,24064,192512,24064,24064,24064,24064,24064,192512,24064,24064,,,,,,,,,,,,,,,,,,,,,,,,,,,,,,,,,,,,,,,,,,,,,,,,,,,,,,,
csv,53,2,398749866,398749933,398749998,399228176,399716610,398288938,399716619,399716705,399716836,399716952,399716999,399717047,399717223,399717465,399717514,399717582,399995250,399995284,399998214,399998283,399998368,399998517,399998596,400000131,399998090,399995161,399716581,398520828,398520901,398288963,398289035,398520794,398520065,398520098,398520128,398520163,398520634,398520715,398520787,398748996,398749066,398749092,398749614,398749678,398749828,,,,,,,,,,,,,,,,,,,,,,,,,,,,,,,,,,,,,,,,,,,,,,,,,,,,,,,
bb_id,53,2,224,226,227,228,239,240,241,242,243,244,245,246,247,248,249,250,251,252,253,254,255,256,260,261,262,263,264,268,269,270,271,272,273,274,275,276,277,278,280,282,283,284,285,286,288,,,,,,,,,,,,,,,,,,,,,,,,,,,,,,,,,,,,,,,,,,,,,,,,,,,,,,,
bbv,53,3,96,96,96,386,387,97,772,676,676,968,772,675,675,962,675,772,24499,24499,98853,98853,98853,98853,98853,3163310,98854,24500,773,96,96,97,97,96,24774,24774,24774,24774,198191,24773,24773,24576,24576,24576,196608,24576,24576,,,,,,,,,,,,,,,,,,,,,,,,,,,,,,,,,,,,,,,,,,,,,,,,,,,,,,,
csv,53,3,396154143,396154231,396154317,399333824,399804600,399804704,399333896,399333961,399334071,399334219,399334287,398885062,398885117,398464461,398885200,399334355,399334429,399334459,399800601,399800669,399800725,399800910,399800975,399804182,399804270,399804358,399804527,395911872,395911913,399804872,399804944,395911817,399999296,399999344,399999374,399999463,400000110,399999160,399999229,396153375,396153403,396153553,396153996,396154060,396154084,,,,,,,,,,,,,,,,,,,,,,,,,,,,,,,,,,,,,,,,,,,,,,,,,,,,,,,
bb_id,53,3,224,226,227,228,239,240,241,242,243,244,245,246,247,248,249,250,251,252,253,254,255,256,260,261,262,263,264,268,269,270,271,272,273,274,275,276,277,278,280,282,283,284,285,286,288,,,,,,,,,,,,,,,,,,,,,,,,,,,,,,,,,,,,,,,,,,,,,,,,,,,,,,,
bbv,54,0,1,1,7,1,1,1,88,88,88,355,355,89,709,621,621,889,709,620,620,884,620,709,22483,22483,90802,90802,90802,90802,90802,2905685,90803,22484,710,1,42,42,43,43,43,11008,11008,11008,11008,88064,11008,11008,10752,10752,10752,86016,10752,10752,1,1,46,46,46,46,45,1453,1453,1452,371712,1472,1472,1472,376832,,,,,,,,,,,,,,,,,,,,,,,,,,,,,,,,,
csv,54,0,203305201,203305203,203305245,203305251,203305171,203305172,396325533,396325599,396325642,399425602,399809877,399809929,399425714,399425826,399425887,399426075,399426143,398994296,398994423,398549929,398994449,399426211,399426285,399426378,399807021,399807088,399807154,399807306,399807369,399809645,399809690,399809745,399809828,203305124,167592508,167592591,171432723,171432830,171686117,171685312,171685339,171685369,171685395,171686004,171686026,171686093,167837683,167837812,167837882,167838365,167838509,167838535,203305316,203305387,395886863,395886883,399809974,399810012,395886781,399999981,400000021,399999947,399999934,396310588,396310677,396325485,396325461,,,,,,,,,,,,,,,,,,,,,,,,,,,,,,,,,
bb_id,54,0,175,176,177,178,188,190,224,226,227,228,239,240,241,242,243,244,245,246,247,248,249,250,251,252,253,254,255,256,260,261,262,263,264,267,268,269,270,271,272,273,274,275,276,277,278,280,282,283,284,285,286,288,290,291,293,294,295,296,297,298,299,300,301,302,303,304,305,,,,,,,,,,,,,,,,,,,,,,,,,,,,,,,,,
bbv,54,1,93,93,93,374,374,94,747,654,654,936,747,653,653,931,653,747,23727,23727,95707,95707,95707,95707,95708,3062656,95708,23728,748,1,49,49,50,50,50,12800,12800,12800,12800,102400,12800,12800,12544,12544,12544,100352,12544,12544,1,1,44,44,44,44,43,1390,1390,1389,355832,1408,1408,1408,360448,,,,,,,,,,,,,,,,,,,,,,,,,,,,,,,,,,,,,,,
csv,54,1,396150420,396150547,396150600,399348980,399780122,399780158,399348989,399349120,399349202,399349495,399349563,398858468,398858651,398402043,398858833,399349652,399349873,399349945,399775843,399775942,399776122,399776275,399776402,399779869,399779946,399779991,399779996,203305118,201225282,201225323,203187438,203187468,203288845,203288473,203288500,203288530,203288556,203288774,203288775,203288821,201320542,201320558,201320568,201320917,201320918,201320926,203305458,203305573,395766533,395766573,399780214,399780343,395766491,399986000,399986051,399985934,400000001,396137369,396137428,396150362,396150287,,,,,,,,,,,,,,,,,,,,,,,,,,,,,,,,,,,,,,,
bb_id,54,1,224,226,227,228,239,240,241,242,243,244,245,246,247,248,249,250,251,252,253,254,255,256,260,261,262,263,264,267,268,269,270,271,272,273,274,275,276,277,278,280,282,283,284,285,286,288,290,291,293,294,295,296,297,298,299,300,301,302,303,304,305,,,,,,,,,,,,,,,,,,,,,,,,,,,,,,,,,,,,,,,
bbv,54,2,100,100,100,403,403,101,805,705,705,1009,805,704,704,1004,704,805,25543,25543,103090,103090,103090,103090,103090,3298898,103091,25544,806,1,55,55,56,56,56,14336,14336,14336,14336,114688,14336,14336,14080,14080,14080,112640,14080,14080,1,1,45,45,45,45,44,1440,1440,1439,368532,1440,1440,1440,368640,,,,,,,,,,,,,,,,,,,,,,,,,,,,,,,,,,,,,,,
csv,54,2,395888993,395889007,395889019,399016027,399487413,399487435,399016057,399016143,399016253,399016485,399016574,398531846,398531960,398072791,398532110,399016684,399016737,399016788,399483370,399483459,399483557,399483721,399483807,399487140,399487207,399487274,399487359,203305121,195788512,195788532,197361155,197361185,197459177,197458750,197458819,197458828,197458833,197459085,197459149,197459153,195886651,195886658,195886663,195886957,195886958,195886961,203305381,203305393,395588771,395588801,399487542,399487596,395588749,399993478,399993498,399993422,400000031,395879784,395879802,395888936,395888903,,,,,,,,,,,,,,,,,,,,,,,,,,,,,,,,,,,,,,,
bb_id,54,2,224,226,227,228,239,240,241,242,243,244,245,246,247,248,249,250,251,252,253,254,255,256,260,261,262,263,264,267,268,269,270,271,272,273,274,275,276,277,278,280,282,283,284,285,286,288,290,291,293,294,295,296,297,298,299,300,301,302,303,304,305,,,,,,,,,,,,,,,,,,,,,,,,,,,,,,,,,,,,,,,
bbv,54,3,93,93,93,372,372,93,744,651,651,930,744,651,651,930,651,744,23715,23715,95232,95232,95232,95232,95232,3047424,95232,23715,744,1,49,49,49,49,50,12602,12602,12602,12602,100817,12603,12603,12544,12544,12544,100352,12544,12544,1,1,44,44,44,44,43,1377,1377,1376,352294,1408,1408,1408,360448,,,,,,,,,,,,,,,,,,,,,,,,,,,,,,,,,,,,,,,
csv,54,3,396471589,396471757,396471803,399724807,399998518,399998549,399724837,399724870,399724971,399725126,399725253,399297886,399297933,398842949,399298022,399725331,399725396,399725457,399996535,399996581,399996626,399996757,399996779,399998401,399998445,399998469,399998480,203305115,201252191,201252232,203219665,203219716,203305112,203304916,203304922,203304931,203304936,203305104,203305105,203305109,201350484,201350512,201350538,201350853,201350854,201350878,203305523,203305579,395936782,395936843,399998583,399998620,395936739,399998644,399998664,395936685,400000011,396449880,396449909,396471551,396471471,,,,,,,,,,,,,,,,,,,,,,,,,,,,,,,,,,,,,,,
bb_id,54,3,224,226,227,228,239,240,241,242,243,244,245,246,247,248,249,250,251,252,253,254,255,256,260,261,262,263,264,267,268,269,270,271,272,273,274,275,276,277,278,280,282,283,284,285,286,288,290,291,293,294,295,296,297,298,299,300,301,302,303,304,305,,,,,,,,,,,,,,,,,,,,,,,,,,,,,,,,,,,,,,,
bbv,55,0,93,93,93,368,368,92,737,644,644,920,737,645,645,922,645,737,23496,23496,94244,94244,94244,94244,94244,3015790,94243,23495,736,93,93,92,92,93,2963,2963,2964,758784,2976,2976,2976,761856,,,,,,,,,,,,,,,,,,,,,,,,,,,,,,,,,,,,,,,,,,,,,,,,,,,,,,,,,,,,
csv,55,0,399889175,399889231,399889285,398148875,398582876,398582940,399889335,398149012,398149080,398149207,399889361,399889425,399889492,399889607,399889616,399889752,399998191,399998273,399998365,399998412,399998499,399998624,399998647,400000029,399998020,399998097,398582847,399325554,399325585,398582986,398583014,399325500,399301378,399301430,399325413,399325347,399873413,399873549,399889075,399889031,,,,,,,,,,,,,,,,,,,,,,,,,,,,,,,,,,,,,,,,,,,,,,,,,,,,,,,,,,,,
bb_id,55,0,224,226,227,228,239,240,241,242,243,244,245,246,247,248,249,250,251,252,253,254,255,256,260,261,262,263,264,293,294,295,296,297,298,299,300,301,302,303,304,305,,,,,,,,,,,,,,,,,,,,,,,,,,,,,,,,,,,,,,,,,,,,,,,,,,,,,,,,,,,,
bbv,55,1,92,92,92,368,368,92,736,644,644,920,736,644,644,920,644,736,23460,23460,94208,94208,94208,94208,94208,3014656,94208,23460,736,92,92,92,92,92,2958,2958,2958,757190,2944,2944,2944,753664,,,,,,,,,,,,,,,,,,,,,,,,,,,,,,,,,,,,,,,,,,,,,,,,,,,,,,,,,,,,
csv,55,1,396380796,396380852,396380906,399138341,399539186,399539239,399138402,399138456,399138513,399138618,399138675,398747926,398748004,398323221,398748105,399138795,399138858,399138888,399535861,399535960,399536047,399536189,399536212,399539106,399539131,399539156,399539157,395728130,395728161,399539264,399539302,395728055,399985103,399985155,399985078,400000060,396365302,396365351,396380727,396380693,,,,,,,,,,,,,,,,,,,,,,,,,,,,,,,,,,,,,,,,,,,,,,,,,,,,,,,,,,,,
bb_id,55,1,224,226,227,228,239,240,241,242,243,244,245,246,247,248,249,250,251,252,253,254,255,256,260,261,262,263,264,293,294,295,296,297,298,299,300,301,302,303,304,305,,,,,,,,,,,,,,,,,,,,,,,,,,,,,,,,,,,,,,,,,,,,,,,,,,,,,,,,,,,,
bbv,55,2,88,88,88,351,351,87,703,615,615,878,703,616,616,880,616,703,22438,22438,89867,89867,89867,89867,89867,2875715,89866,22437,702,88,88,87,87,88,2784,2784,2785,712812,2816,2816,2816,720896,,,,,,,,,,,,,,,,,,,,,,,,,,,,,,,,,,,,,,,,,,,,,,,,,,,,,,,,,,,,
csv,55,2,397405747,397405824,397405930,399611296,399966722,396195799,399966783,399966837,399966894,399967020,399967077,399967100,399967136,399611931,399967162,399967261,399967297,399967372,399999417,399999464,399999520,399999704,399999758,400000008,399999335,399966588,399966693,396871273,396871314,396195807,396195840,396871240,396850071,396850133,396871196,396871089,397389861,397389890,397405585,397405499,,,,,,,,,,,,,,,,,,,,,,,,,,,,,,,,,,,,,,,,,,,,,,,,,,,,,,,,,,,,
bb_id,55,2,224,226,227,228,239,240,241,242,243,244,245,246,247,248,249,250,251,252,253,254,255,256,260,261,262,263,264,293,294,295,296,297,298,299,300,301,302,303,304,305,,,,,,,,,,,,,,,,,,,,,,,,,,,,,,,,,,,,,,,,,,,,,,,,,,,,,,,,,,,,
bbv,55,3,92,92,92,367,366,91,734,642,642,916,734,643,643,920,643,734,23457,23457,93931,93931,93931,93931,93931,3005777,93930,23456,733,92,92,91,91,92,2943,2943,2944,753626,2944,2944,2944,753664,,,,,,,,,,,,,,,,,,,,,,,,,,,,,,,,,,,,,,,,,,,,,,,,,,,,,,,,,,,,
csv,55,3,397592427,397592494,397592517,399698247,399334840,396473587,399698297,399698340,399698386,399698500,399698556,399698599,399698655,399698707,399698763,399698851,399966034,399966095,399998708,399998744,399998831,399998995,399999007,400000050,399998513,399965992,399698200,396980586,396980617,396473622,396473650,396980574,396964964,396964995,396980538,396980504,397568940,397568979,397592389,397592344,,,,,,,,,,,,,,,,,,,,,,,,,,,,,,,,,,,,,,,,,,,,,,,,,,,,,,,,,,,,
bb_id,55,3,224,226,227,228,239,240,241,242,243,244,245,246,247,248,249,250,251,252,253,254,255,256,260,261,262,263,264,293,294,295,296,297,298,299,300,301,302,303,304,305,,,,,,,,,,,,,,,,,,,,,,,,,,,,,,,,,,,,,,,,,,,,,,,,,,,,,,,,,,,,
bbv,56,0,93,93,93,373,373,93,746,653,653,931,746,653,653,934,653,746,23876,23876,95471,95471,95471,95471,95471,3055076,95471,23876,746,93,93,93,93,93,2976,2976,2976,761856,2976,2976,2976,761856,,,,,,,,,,,,,,,,,,,,,,,,,,,,,,,,,,,,,,,,,,,,,,,,,,,,,,,,,,,,
csv,56,0,399081715,399081755,399081793,399482623,399933471,398262563,399933543,399933694,399933788,399933838,399934026,399934112,399934138,399934303,399934373,399934483,399990350,399990380,399997518,399997604,399997802,399998055,399998256,400000081,399997385,399990255,399933442,398699952,398699992,398262608,398262656,398699930,398689281,398689331,398699907,398699894,399067396,399067435,399081655,399081622,,,,,,,,,,,,,,,,,,,,,,,,,,,,,,,,,,,,,,,,,,,,,,,,,,,,,,,,,,,,
bb_id,56,0,224,226,227,228,239,240,241,242,243,244,245,246,247,248,249,250,251,252,253,254,255,256,260,261,262,263,264,293,294,295,296,297,298,299,300,301,302,303,304,305,,,,,,,,,,,,,,,,,,,,,,,,,,,,,,,,,,,,,,,,,,,,,,,,,,,,,,,,,,,,
bbv,56,1,90,90,90,358,357,89,716,626,626,892,716,627,627,898,627,716,22921,22921,91535,91535,91535,91535,91534,2929088,91534,22920,715,90,90,89,89,90,2852,2852,2853,730178,2880,2880,2880,737280,,,,,,,,,,,,,,,,,,,,,,,,,,,,,,,,,,,,,,,,,,,,,,,,,,,,,,,,,,,,
csv,56,1,398792683,398792737,398792759,399945906,399489585,397791572,399946048,399946275,399946324,399946398,399946487,399946552,399946641,399946894,399946983,399947051,399975619,399975691,399999646,399999756,399999875,400000060,399996077,399999434,399999522,399975524,399945847,398425952,398425972,397791618,397791692,398425899,398411765,398411826,398425886,398425842,398780732,398780750,398792636,398792603,,,,,,,,,,,,,,,,,,,,,,,,,,,,,,,,,,,,,,,,,,,,,,,,,,,,,,,,,,,,
bb_id,56,1,224,226,227,228,239,240,241,242,243,244,245,246,247,248,249,250,251,252,253,254,255,256,260,261,262,263,264,293,294,295,296,297,298,299,300,301,302,303,304,305,,,,,,,,,,,,,,,,,,,,,,,,,,,,,,,,,,,,,,,,,,,,,,,,,,,,,,,,,,,,
bbv,56,2,92,92,92,365,365,92,730,638,638,912,730,638,638,912,638,730,23329,23329,93551,93551,93551,93551,93551,2993651,93551,23329,730,92,92,92,92,92,2944,2944,2944,753664,2944,2944,2944,753664,,,,,,,,,,,,,,,,,,,,,,,,,,,,,,,,,,,,,,,,,,,,,,,,,,,,,,,,,,,,
csv,56,2,399515680,399515726,399515749,398344094,398592783,398592804,399515800,398344165,398344190,398344272,399515889,399515975,399516085,399516191,399516238,399516306,399997636,399997767,399997863,399997912,399998090,399998254,399998258,400000102,399997457,399997522,398592745,398938489,398938550,398592818,398592885,398938467,398926037,398926098,398938433,398938368,399496110,399496139,399515642,399515618,,,,,,,,,,,,,,,,,,,,,,,,,,,,,,,,,,,,,,,,,,,,,,,,,,,,,,,,,,,,
bb_id,56,2,224,226,227,228,239,240,241,242,243,244,245,246,247,248,249,250,251,252,253,254,255,256,260,261,262,263,264,293,294,295,296,297,298,299,300,301,302,303,304,305,,,,,,,,,,,,,,,,,,,,,,,,,,,,,,,,,,,,,,,,,,,,,,,,,,,,,,,,,,,,
bbv,56,3,90,90,90,358,359,90,717,627,627,895,717,627,627,896,627,717,22892,22892,91677,91677,91677,91677,91677,2933676,91677,22892,717,90,90,90,90,90,2880,2880,2880,737280,2880,2880,2880,737280,,,,,,,,,,,,,,,,,,,,,,,,,,,,,,,,,,,,,,,,,,,,,,,,,,,,,,,,,,,,
csv,56,3,399069814,399069863,399069885,399500520,399974213,398180513,399974285,399974350,399974418,399974492,399974560,399974604,399974672,399974757,399974783,399974893,399988227,399988257,399997381,399997453,399997578,399997758,399997886,400000123,399997257,399988153,399974142,398659624,398659664,398180569,398180628,398659572,398647392,398647432,398659529,398659516,399053079,399053178,399069767,399069743,,,,,,,,,,,,,,,,,,,,,,,,,,,,,,,,,,,,,,,,,,,,,,,,,,,,,,,,,,,,
bb_id,56,3,224,226,227,228,239,240,241,242,243,244,245,246,247,248,249,250,251,252,253,254,255,256,260,261,262,263,264,293,294,295,296,297,298,299,300,301,302,303,304,305,,,,,,,,,,,,,,,,,,,,,,,,,,,,,,,,,,,,,,,,,,,,,,,,,,,,,,,,,,,,
bbv,57,0,1,1,1,1,1,1,1,1,1,1,1,1,1,1,6,6,1,1,1,1,1,1,1,1,1,1,1,256,1,1,24,24,24,99,99,25,197,173,173,249,197,172,172,244,172,197,6178,6178,25325,25325,25325,25325,25325,810414,25326,6179,198,1,24,24,25,25,25,800,800,800,204800,768,768,768,196608,,,,,,,,,,,,,,,,,,,,,,,,,,,,,
csv,57,0,129566131,129588887,129588892,129566124,129566125,129588882,129588985,129588992,129588999,129589003,129589037,129589040,129589043,129589046,129589205,129589208,129589210,129589213,129589216,129589218,129589221,129589226,129566183,129566189,129588781,129588805,129588827,129588753,129566116,129566117,103237864,103237887,103238006,105967217,106410106,106410149,105967291,105967381,105967494,105967871,105967974,105516201,105516316,105069054,105516419,105968185,105968219,105968354,106406048,106406095,106406172,106406336,106406426,106409741,106409843,106409990,106410077,129566063,102768555,102768617,106410174,106410223,107021107,107000152,107000235,107021083,107021039,103225639,103225795,103237775,103237758,,,,,,,,,,,,,,,,,,,,,,,,,,,,,
bb_id,57,0,59,62,64,101,102,115,116,118,120,121,132,133,134,135,136,137,138,139,140,141,143,144,168,169,170,171,172,173,180,182,224,226,227,228,239,240,241,242,243,244,245,246,247,248,249,250,251,252,253,254,255,256,260,261,262,263,264,292,293,294,295,296,297,298,299,300,301,302,303,304,305,,,,,,,,,,,,,,,,,,,,,,,,,,,,,
bbv,57,1,1,1,1,1,1,256,30,30,30,122,123,31,244,214,214,308,244,213,213,302,213,244,7679,7679,31345,31345,31345,31345,31346,1003072,31346,7680,245,1,30,30,31,31,31,992,992,992,253952,960,960,960,245760,,,,,,,,,,,,,,,,,,,,,,,,,,,,,,,,,,,,,,,,,,,,,,,,,,,,,
csv,57,1,129566479,129566555,129588799,129588823,129588831,129588731,127376659,127376663,127376675,128720415,128852973,128852974,128720424,128720468,128720494,128720600,128720626,128492496,128492522,128265453,128492548,128720694,128720747,128720777,128852120,128852146,128852181,128852282,128852284,128852956,128852960,128852964,128852965,129566066,127065301,127065311,128852978,128852985,129071462,129063396,129063427,129071438,129071414,127370587,127370605,127376632,127376619,,,,,,,,,,,,,,,,,,,,,,,,,,,,,,,,,,,,,,,,,,,,,,,,,,,,,
bb_id,57,1,168,169,170,171,172,173,224,226,227,228,239,240,241,242,243,244,245,246,247,248,249,250,251,252,253,254,255,256,260,261,262,263,264,292,293,294,295,296,297,298,299,300,301,302,303,304,305,,,,,,,,,,,,,,,,,,,,,,,,,,,,,,,,,,,,,,,,,,,,,,,,,,,,,
bbv,57,2,1,1,1,1,1,256,31,31,31,128,128,32,255,224,224,320,255,223,223,318,223,255,8038,8038,32646,32646,32646,32646,32646,1044682,32647,8039,256,1,31,31,32,32,32,1024,1024,1024,262144,992,992,992,253952,,,,,,,,,,,,,,,,,,,,,,,,,,,,,,,,,,,,,,,,,,,,,,,,,,,,,
csv,57,2,129566157,129566186,129588787,129588811,129588825,129588775,120036242,120036246,120036248,121250246,121437741,121437742,121250255,121250299,121250304,121250410,121250415,121063478,121063483,120877412,121063556,121250462,121250494,121250545,121436477,121436503,121436538,121436695,121436697,121437682,121437686,121437732,121437733,129566069,119869743,119869794,121437746,121437795,121639642,121633620,121633630,121639639,121639636,120030998,120031006,120036182,120036179,,,,,,,,,,,,,,,,,,,,,,,,,,,,,,,,,,,,,,,,,,,,,,,,,,,,,
bb_id,57,2,168,169,170,171,172,173,224,226,227,228,239,240,241,242,243,244,245,246,247,248,249,250,251,252,253,254,255,256,260,261,262,263,264,292,293,294,295,296,297,298,299,300,301,302,303,304,305,,,,,,,,,,,,,,,,,,,,,,,,,,,,,,,,,,,,,,,,,,,,,,,,,,,,,
bbv,57,3,1,1,1,1,1,256,30,30,30,123,123,31,245,215,215,309,245,214,214,304,214,245,7711,7711,31480,31480,31480,31480,31480,1007363,31481,7712,246,1,30,30,31,31,31,992,992,992,253952,960,960,960,245760,,,,,,,,,,,,,,,,,,,,,,,,,,,,,,,,,,,,,,,,,,,,,,,,,,,,,
csv,57,3,129566505,129566508,129588793,129588817,129588829,129588709,127964646,127964671,127964677,129368106,129483578,129483579,129368115,129368117,129368122,129368144,129368149,129252624,129252629,129137010,129252634,129368196,129368228,129368237,129482725,129482751,129482786,129482887,129482889,129483561,129483565,129483569,129483570,129566060,127644643,127644674,129483583,129483590,129566057,129563481,129563491,129566054,129566051,127956250,127956279,127964608,127964563,,,,,,,,,,,,,,,,,,,,,,,,,,,,,,,,,,,,,,,,,,,,,,,,,,,,,
bb_id,57,3,168,169,170,171,172,173,224,226,227,228,239,240,241,242,243,244,245,246,247,248,249,250,251,252,253,254,255,256,260,261,262,263,264,292,293,294,295,296,297,298,299,300,301,302,303,304,305,,,,,,,,,,,,,,,,,,,,,,,,,,,,,,,,,,,,,,,,,,,,,,,,,,,,,
