region,warmup_rid,start_rid,warmup_bid,warmup_count,start_bid,start_count,end_bid,end_count
0,-1,-1,162.0,0,162.0,0,383.0,319
1,-1,0,162.0,0,383.0,319,383.0,458
2,0,1,383.0,319,383.0,458,383.0,458
3,1,2,383.0,777,383.0,458,383.0,458
4,2,3,383.0,1235,383.0,458,412.0,458
5,3,4,383.0,1693,412.0,458,383.0,458
6,4,5,383.0,2152,383.0,458,383.0,458
7,5,6,383.0,2610,383.0,458,383.0,458
8,6,7,383.0,3068,383.0,458,367.0,144
9,7,8,383.0,3526,367.0,144,367.0,468
10,8,9,367.0,144,367.0,468,367.0,467
11,9,10,367.0,612,367.0,467,367.0,468
12,10,11,367.0,1079,367.0,468,402.0,467
13,11,12,367.0,1547,402.0,467,357.0,8
14,12,13,367.0,2015,357.0,8,367.0,468
15,13,14,362.0,40,367.0,468,367.0,468
16,14,15,367.0,2951,367.0,468,348.0,569
17,15,16,367.0,3419,348.0,569,560.0,2157
18,16,17,348.0,569,560.0,2157,541.0,758
19,17,18,560.0,2157,541.0,758,536.0,1303
20,18,19,541.0,758,536.0,1303,534.0,1303
21,19,20,536.0,2062,534.0,1303,519.0,1223
22,20,21,544.0,3365,519.0,1223,517.0,1931
23,21,22,519.0,1223,517.0,1931,491.0,2426
24,22,23,526.0,3154,491.0,2426,462.0,2007
25,23,24,491.0,2426,462.0,2007,383.0,30
26,24,25,462.0,2007,383.0,30,383.0,458
27,25,26,383.0,3874,383.0,458,383.0,458
28,26,27,383.0,4332,383.0,458,412.0,458
29,27,28,383.0,4790,412.0,458,372.0,8
30,28,29,383.0,5249,372.0,8,383.0,458
31,29,30,378.0,92,383.0,458,383.0,458
32,30,31,383.0,6165,383.0,458,383.0,458
33,31,32,383.0,6623,383.0,458,412.0,458
34,32,33,383.0,7081,412.0,458,367.0,316
35,33,34,383.0,7540,367.0,316,367.0,468
36,34,35,367.0,4160,367.0,468,367.0,468
37,35,36,367.0,4628,367.0,468,402.0,467
38,36,37,367.0,5096,402.0,467,367.0,468
39,37,38,367.0,5564,367.0,468,367.0,468
40,38,39,367.0,6032,367.0,468,367.0,468
41,39,40,367.0,6500,367.0,468,367.0,468
42,40,41,367.0,6968,367.0,468,348.0,2833
43,41,42,367.0,7436,348.0,2833,560.0,3869
44,42,43,348.0,6677,560.0,3869,544.0,1239
45,43,44,560.0,7965,544.0,1239,543.0,1303
46,44,45,544.0,5083,543.0,1303,438.0,1
47,45,46,543.0,6387,438.0,1,517.0,1931
48,46,47,438.0,2,517.0,1931,489.0,49
49,47,48,526.0,5780,489.0,49,473.0,170
50,48,49,491.0,3645,473.0,170,468.0,2912
51,49,50,473.0,4014,468.0,2912,383.0,199
52,50,51,468.0,6927,383.0,199,383.0,458
53,51,52,383.0,7887,383.0,458,372.0,8
54,52,53,383.0,8345,372.0,8,383.0,458
55,53,54,378.0,142,383.0,458,383.0,458
56,54,55,383.0,9262,383.0,458,383.0,458
57,55,56,383.0,9720,383.0,458,412.0,458
58,56,57,383.0,10178,412.0,458,383.0,458
59,57,58,383.0,10637,383.0,458,367.0,21
60,58,59,383.0,11095,367.0,21,367.0,468
61,59,60,367.0,7709,367.0,468,402.0,467
62,60,61,367.0,8177,402.0,467,367.0,468
63,61,62,367.0,8645,367.0,468,367.0,468
64,62,63,367.0,9113,367.0,468,367.0,468
65,63,64,367.0,9581,367.0,468,367.0,468
66,64,65,367.0,10049,367.0,468,367.0,468
67,65,66,367.0,10517,367.0,468,367.0,468
68,66,67,367.0,10985,367.0,468,560.0,947
69,67,68,367.0,11453,560.0,947,544.0,417
70,68,69,560.0,9139,544.0,417,542.0,1303
71,69,70,544.0,8105,542.0,1303,534.0,1304
72,70,71,542.0,9409,534.0,1304,526.0,718
73,71,72,542.0,10713,526.0,718,524.0,1931
74,72,73,526.0,8406,524.0,1931,491.0,1442
75,73,74,524.0,10338,491.0,1442,473.0,1246
76,74,75,491.0,8634,473.0,1246,391.0,1374
77,75,76,473.0,8934,391.0,1374,383.0,368
78,76,77,391.0,12906,383.0,368,412.0,458
79,77,78,383.0,11900,412.0,458,383.0,458
80,78,79,383.0,12359,383.0,458,383.0,458
81,79,80,383.0,12817,383.0,458,383.0,458
82,80,81,383.0,13275,383.0,458,412.0,458
83,81,82,383.0,13733,412.0,458,383.0,458
84,82,83,383.0,14192,383.0,458,383.0,458
85,83,84,383.0,14650,383.0,458,367.0,194
86,84,85,383.0,15108,367.0,194,402.0,467
87,85,86,367.0,11726,402.0,467,367.0,468
88,86,87,367.0,12194,367.0,468,367.0,468
89,87,88,367.0,12662,367.0,468,367.0,468
90,88,89,367.0,13130,367.0,468,367.0,468
91,89,90,367.0,13598,367.0,468,367.0,468
92,90,91,367.0,14066,367.0,468,367.0,468
93,91,92,367.0,14534,367.0,468,348.0,1233
94,92,93,367.0,15002,348.0,1233,560.0,2659
95,93,94,348.0,12765,560.0,2659,542.0,899
96,94,95,560.0,14947,542.0,899,541.0,1303
97,95,96,542.0,12431,541.0,1303,536.0,1303
98,96,97,541.0,13735,536.0,1303,524.0,1432
99,97,98,536.0,15039,524.0,1432,522.0,1931
100,98,99,524.0,12964,522.0,1931,491.0,2835
101,99,100,522.0,14896,491.0,2835,454.0,2323
102,100,101,491.0,13623,454.0,2323,383.0,80
103,101,102,454.0,13855,383.0,80,383.0,458
104,102,103,383.0,15456,383.0,458,372.0,8
105,103,104,383.0,15914,372.0,8,383.0,458
106,104,105,378.0,264,383.0,458,383.0,458
107,105,106,383.0,16830,383.0,458,412.0,458
108,106,107,383.0,17288,412.0,458,383.0,458
109,107,108,383.0,17747,383.0,458,372.0,8
110,108,109,383.0,18205,372.0,8,383.0,458
111,109,110,378.0,301,383.0,458,367.0,367
112,110,111,383.0,19121,367.0,367,367.0,468
113,111,112,367.0,15743,367.0,468,357.0,8
114,112,113,367.0,16211,357.0,8,367.0,468
115,113,114,362.0,269,367.0,468,367.0,468
116,114,115,367.0,17147,367.0,468,367.0,468
117,115,116,367.0,17615,367.0,468,367.0,468
118,116,117,367.0,18083,367.0,468,367.0,468
119,117,118,367.0,18551,367.0,468,348.0,3497
120,118,119,367.0,19019,348.0,3497,542.0,77
121,119,120,348.0,18873,542.0,77,534.0,1304
122,120,121,542.0,15453,534.0,1304,536.0,1303
123,121,122,542.0,16757,536.0,1303,526.0,214
124,122,123,536.0,18061,526.0,214,522.0,1931
125,123,124,526.0,15590,522.0,1931,491.0,459
126,124,125,522.0,17522,491.0,459,473.0,486
127,125,126,491.0,14843,473.0,486,468.0,2912
128,126,127,473.0,15862,468.0,2912,378.0,4
129,127,128,468.0,18775,378.0,4,383.0,458
130,128,129,378.0,314,383.0,458,383.0,458
131,129,130,383.0,19927,383.0,458,412.0,458
132,130,131,383.0,20385,412.0,458,383.0,458
133,131,132,383.0,20844,383.0,458,383.0,458
134,132,133,383.0,21302,383.0,458,383.0,458
135,133,134,383.0,21760,383.0,458,383.0,458
136,134,135,383.0,22218,383.0,458,367.0,72
137,135,136,383.0,22676,367.0,72,367.0,468
138,136,137,367.0,19292,367.0,468,367.0,468
139,137,138,367.0,19760,367.0,468,367.0,468
140,138,139,367.0,20228,367.0,468,367.0,468
141,139,140,367.0,20696,367.0,468,367.0,468
142,140,141,367.0,21164,367.0,468,367.0,468
143,141,142,367.0,21632,367.0,468,357.0,8
144,142,143,367.0,22100,357.0,8,367.0,468
145,143,144,362.0,364,367.0,468,560.0,1450
146,144,145,367.0,23036,560.0,1450,542.0,559
147,145,146,560.0,21930,542.0,559,536.0,1303
148,146,147,542.0,19779,536.0,1303,534.0,1303
149,147,148,536.0,21083,534.0,1303,522.0,928
150,148,149,544.0,22386,522.0,928,519.0,1931
151,149,150,522.0,20148,519.0,1931,491.0,1851
152,150,151,519.0,22080,491.0,1851,473.0,1562
153,151,152,491.0,19831,473.0,1562,391.0,2750
154,152,153,473.0,20782,391.0,2750,383.0,418
155,153,154,391.0,25814,383.0,418,383.0,458
156,154,155,383.0,23482,383.0,458,412.0,458
157,155,156,383.0,23940,412.0,458,383.0,458
158,156,157,383.0,24399,383.0,458,383.0,458
159,157,158,383.0,24857,383.0,458,383.0,458
160,158,159,383.0,25315,383.0,458,412.0,458
161,159,160,383.0,25773,412.0,458,383.0,458
162,160,161,383.0,26232,383.0,458,367.0,245
163,161,162,383.0,26690,367.0,245,367.0,468
164,162,163,367.0,23309,367.0,468,357.0,8
165,163,164,367.0,23777,357.0,8,367.0,468
166,164,165,362.0,391,367.0,468,367.0,468
167,165,166,367.0,24713,367.0,468,367.0,468
168,166,167,367.0,25181,367.0,468,367.0,468
169,167,168,367.0,25649,367.0,468,367.0,468
170,168,169,367.0,26117,367.0,468,348.0,1898
171,169,170,367.0,26585,348.0,1898,560.0,3162
172,170,171,348.0,24962,560.0,3162,536.0,1041
173,171,172,560.0,27738,536.0,1041,534.0,1303
174,172,173,536.0,24105,534.0,1303,542.0,1303
175,173,174,544.0,25408,542.0,1303,519.0,1642
176,174,175,542.0,26712,519.0,1642,517.0,1931
177,175,176,519.0,24706,517.0,1931,491.0,3244
178,176,177,526.0,26637,491.0,3244,458.0,2639
179,177,178,491.0,24820,458.0,2639,383.0,129
180,178,179,458.0,25703,383.0,129,383.0,459
181,179,180,383.0,27037,383.0,459,383.0,458
182,180,181,383.0,27496,383.0,458,383.0,458
183,181,182,383.0,27954,383.0,458,383.0,458
184,182,183,383.0,28412,383.0,458,372.0,8
185,183,184,383.0,28870,372.0,8,412.0,458
186,184,185,378.0,473,412.0,458,383.0,458
187,185,186,383.0,29787,383.0,458,383.0,458
188,186,187,383.0,30245,383.0,458,367.0,418
189,187,188,383.0,30703,367.0,418,367.0,468
190,188,189,367.0,27326,367.0,468,367.0,468
191,189,190,367.0,27794,367.0,468,367.0,468
192,190,191,367.0,28262,367.0,468,367.0,468
193,191,192,367.0,28730,367.0,468,367.0,468
194,192,193,367.0,29198,367.0,468,357.0,8
195,193,194,367.0,29666,357.0,8,367.0,467
196,194,195,362.0,486,367.0,467,560.0,241
197,195,196,367.0,30601,560.0,241,536.0,219
198,196,197,560.0,28913,536.0,219,534.0,1303
199,197,198,536.0,27127,534.0,1303,542.0,1303
200,198,199,544.0,28430,542.0,1303,522.0,424
201,199,200,542.0,29734,522.0,424,517.0,1931
202,200,201,522.0,27332,517.0,1931,491.0,868
203,201,202,526.0,29263,491.0,868,473.0,802
204,202,203,491.0,26040,473.0,802,450.0,2913
205,203,204,473.0,27710,450.0,2913,383.0,299
206,204,205,473.0,30623,383.0,299,383.0,458
207,205,206,383.0,31051,383.0,458,383.0,458
208,206,207,383.0,31509,383.0,458,383.0,458
209,207,208,383.0,31967,383.0,458,383.0,459
210,208,209,383.0,32425,383.0,459,383.0,458
211,209,210,383.0,32884,383.0,458,383.0,458
212,210,211,383.0,33342,383.0,458,383.0,458
213,211,212,383.0,33800,383.0,458,367.0,123
214,212,213,383.0,34258,367.0,123,367.0,468
215,213,214,367.0,30875,367.0,468,367.0,468
216,214,215,367.0,31343,367.0,468,367.0,468
217,215,216,367.0,31811,367.0,468,367.0,468
218,216,217,367.0,32279,367.0,468,367.0,468
219,217,218,367.0,32747,367.0,468,367.0,468
220,218,219,367.0,33215,367.0,468,367.0,467
221,219,220,367.0,33683,367.0,467,348.0,299
222,220,221,367.0,34150,348.0,299,560.0,1953
223,221,222,348.0,31051,560.0,1953,544.0,700
224,222,223,560.0,34721,544.0,700,542.0,1303
225,223,224,544.0,31452,542.0,1303,541.0,1303
226,224,225,542.0,32756,541.0,1303,519.0,1138
227,225,226,541.0,34060,519.0,1138,517.0,1931
228,226,227,519.0,31890,517.0,1931,491.0,2260
229,227,228,526.0,33821,491.0,2260,454.0,1879
230,228,229,491.0,31028,454.0,1879,383.0,10
231,229,230,454.0,32631,383.0,10,383.0,458
232,230,231,383.0,34606,383.0,458,383.0,458
233,231,232,383.0,35064,383.0,458,383.0,458
234,232,233,383.0,35522,383.0,458,412.0,458
235,233,234,383.0,35980,412.0,458,383.0,458
236,234,235,383.0,36439,383.0,458,383.0,458
237,235,236,383.0,36897,383.0,458,383.0,458
238,236,237,383.0,37355,383.0,458,383.0,459
239,237,238,383.0,37813,383.0,459,367.0,296
240,238,239,383.0,38272,367.0,296,367.0,468
241,239,240,367.0,34892,367.0,468,367.0,468
242,240,241,367.0,35360,367.0,468,367.0,468
243,241,242,367.0,35828,367.0,468,367.0,468
244,242,243,367.0,36296,367.0,468,367.0,467
245,243,244,367.0,36764,367.0,467,357.0,8
246,244,245,367.0,37231,357.0,8,367.0,468
247,245,246,362.0,608,367.0,468,348.0,2563
248,246,247,367.0,38167,348.0,2563,560.0,3665
249,247,248,348.0,37159,560.0,3665,542.0,1182
250,248,249,560.0,40529,542.0,1182,541.0,1303
251,249,250,542.0,35778,541.0,1303,536.0,1303
252,250,251,541.0,37082,536.0,1303,526.0,1851
253,251,252,536.0,38386,526.0,1851,524.0,1931
254,252,253,526.0,36447,524.0,1931,468.0,42
255,253,254,524.0,38379,468.0,42,462.0,2912
256,254,255,468.0,34638,462.0,2912,383.0,179
257,255,256,462.0,37551,383.0,179,383.0,458
258,256,257,383.0,38619,383.0,458,383.0,458
259,257,258,383.0,39077,383.0,458,372.0,8
260,258,259,383.0,39535,372.0,8,383.0,458
261,259,260,378.0,645,383.0,458,383.0,458
262,260,261,383.0,40452,383.0,458,383.0,458
263,261,262,383.0,40910,383.0,458,412.0,458
264,262,263,383.0,41368,412.0,458,334.0,1
265,263,264,383.0,41827,334.0,1,367.0,468
266,264,265,334.0,11,367.0,468,367.0,468
267,265,266,367.0,38909,367.0,468,367.0,468
268,266,267,367.0,39377,367.0,468,367.0,468
269,267,268,367.0,39845,367.0,468,367.0,467
270,268,269,367.0,40313,367.0,467,367.0,468
271,269,270,367.0,40780,367.0,468,367.0,468
272,270,271,367.0,41248,367.0,468,402.0,467
273,271,272,367.0,41716,402.0,467,560.0,743
274,272,273,367.0,42184,560.0,743,542.0,360
275,273,274,560.0,41703,542.0,360,541.0,1303
276,274,275,542.0,38800,541.0,1303,536.0,1303
277,275,276,541.0,40104,536.0,1303,526.0,633
278,276,277,536.0,41408,526.0,633,524.0,1931
279,277,278,526.0,39073,524.0,1931,502.0,22
280,278,279,524.0,41005,502.0,22,473.0,1118
281,279,280,502.0,642,473.0,1118,391.0,816
282,280,281,473.0,39558,391.0,816,383.0,348
283,281,282,391.0,43100,383.0,348,372.0,8
284,282,283,383.0,42632,372.0,8,383.0,458
285,283,284,378.0,695,383.0,458,383.0,458
286,284,285,383.0,43549,383.0,458,383.0,458
287,285,286,383.0,44007,383.0,458,383.0,458
288,286,287,383.0,44465,383.0,458,412.0,458
289,287,288,383.0,44923,412.0,458,383.0,458
290,288,289,383.0,45382,383.0,458,367.0,174
291,289,290,383.0,45840,367.0,174,367.0,468
292,290,291,367.0,42458,367.0,468,367.0,468
293,291,292,367.0,42926,367.0,468,367.0,467
294,292,293,367.0,43394,367.0,467,367.0,468
295,293,294,367.0,43861,367.0,468,367.0,468
296,294,295,367.0,44329,367.0,468,402.0,467
297,295,296,367.0,44797,402.0,467,367.0,468
298,296,297,367.0,45265,367.0,468,348.0,963
299,297,298,367.0,45733,348.0,963,560.0,2455
300,298,299,348.0,43247,560.0,2455,539.0,842
301,299,300,560.0,47511,539.0,842,534.0,1303
302,300,301,539.0,43126,534.0,1303,534.0,1304
303,301,302,544.0,44429,534.0,1304,524.0,1347
304,302,303,544.0,45733,524.0,1347,522.0,1931
305,303,304,524.0,43631,522.0,1931,502.0,46
306,304,305,522.0,45563,502.0,46,473.0,2194
307,305,306,502.0,728,473.0,2194,383.0,59
308,306,307,473.0,44478,383.0,59,412.0,458
309,307,308,383.0,46187,412.0,458,383.0,458
310,308,309,383.0,46646,383.0,458,383.0,458
311,309,310,383.0,47104,383.0,458,383.0,458
312,310,311,383.0,47562,383.0,458,412.0,458
313,311,312,383.0,48020,412.0,458,383.0,458
314,312,313,383.0,48479,383.0,458,383.0,458
315,313,314,383.0,48937,383.0,458,383.0,458
316,314,315,383.0,49395,383.0,458,367.0,347
317,315,316,383.0,49853,367.0,347,367.0,468
318,316,317,367.0,46475,367.0,468,367.0,467
319,317,318,367.0,46943,367.0,467,367.0,468
320,318,319,367.0,47410,367.0,468,367.0,468
321,319,320,367.0,47878,367.0,468,402.0,467
322,320,321,367.0,48346,402.0,467,367.0,468
323,321,322,367.0,48814,367.0,468,367.0,468
324,322,323,367.0,49282,367.0,468,348.0,3228
325,323,324,367.0,49750,348.0,3228,539.0,20
326,324,325,348.0,49356,539.0,20,534.0,1303
327,325,326,539.0,46148,534.0,1303,534.0,1304
328,326,327,544.0,47451,534.0,1304,524.0,129
329,327,328,544.0,48755,524.0,129,522.0,1931
330,328,329,524.0,46257,522.0,1931,497.0,5
331,329,330,522.0,48189,497.0,5,462.0,358
332,330,331,497.0,749,462.0,358,458.0,2912
333,331,332,462.0,46486,458.0,2912,383.0,229
334,332,333,458.0,49399,383.0,229,383.0,458
335,333,334,383.0,50201,383.0,458,383.0,458
336,334,335,383.0,50659,383.0,458,383.0,458
337,335,336,383.0,51117,383.0,458,412.0,458
338,336,337,383.0,51575,412.0,458,383.0,458
339,337,338,383.0,52034,383.0,458,372.0,8
340,338,339,383.0,52492,372.0,8,383.0,458
341,339,340,378.0,854,383.0,458,367.0,52
342,340,341,383.0,53408,367.0,52,367.0,468
343,341,342,367.0,50024,367.0,468,367.0,467
344,342,343,367.0,50492,367.0,467,367.0,468
345,343,344,367.0,50959,367.0,468,357.0,8
346,344,345,367.0,51427,357.0,8,367.0,468
347,345,346,362.0,837,367.0,468,367.0,468
348,346,347,367.0,52363,367.0,468,367.0,468
349,347,348,367.0,52831,367.0,468,367.0,468
350,348,349,367.0,53299,367.0,468,560.0,1246
351,349,350,367.0,53767,560.0,1246,544.0,501
352,350,351,560.0,54494,544.0,501,534.0,1304
353,351,352,544.0,50473,534.0,1304,542.0,1303
354,352,353,544.0,51777,542.0,1303,522.0,843
355,353,354,542.0,53081,522.0,843,519.0,1931
356,354,355,522.0,50815,519.0,1931,497.0,29
357,355,356,519.0,52747,497.0,29,473.0,1434
358,356,357,497.0,835,473.0,1434,391.0,2191
359,357,358,473.0,51406,391.0,2191,383.0,398
360,358,359,391.0,56007,383.0,398,383.0,458
361,359,360,383.0,54214,383.0,458,383.0,458
362,360,361,383.0,54672,383.0,458,412.0,458
363,361,362,383.0,55130,412.0,458,383.0,458
364,362,363,383.0,55589,383.0,458,383.0,458
365,363,364,383.0,56047,383.0,458,383.0,458
366,364,365,383.0,56505,383.0,458,412.0,458
367,365,366,383.0,56963,412.0,458,367.0,224
368,366,367,383.0,57422,367.0,224,367.0,468
369,367,368,367.0,54040,367.0,468,367.0,468
370,368,369,367.0,54508,367.0,468,402.0,467
371,369,370,367.0,54976,402.0,467,367.0,468
372,370,371,367.0,55444,367.0,468,367.0,468
373,371,372,367.0,55912,367.0,468,367.0,468
374,372,373,367.0,56380,367.0,468,367.0,468
375,373,374,367.0,56848,367.0,468,348.0,1628
376,374,375,367.0,57316,348.0,1628,560.0,2958
377,375,376,348.0,55444,560.0,2958,542.0,983
378,376,377,560.0,60302,542.0,983,534.0,1304
379,377,378,542.0,54799,534.0,1304,536.0,1303
380,378,379,542.0,56103,536.0,1303,519.0,1557
381,379,380,536.0,57407,519.0,1557,517.0,1931
382,380,381,519.0,55373,517.0,1931,497.0,53
383,381,382,526.0,57304,497.0,53,473.0,2510
384,382,383,497.0,921,473.0,2510,383.0,109
385,383,384,473.0,56326,383.0,109,383.0,458
386,384,385,383.0,57769,383.0,458,412.0,458
387,385,386,383.0,58227,412.0,458,383.0,458
388,386,387,383.0,58686,383.0,458,383.0,458
389,387,388,383.0,59144,383.0,458,383.0,458
390,388,389,383.0,59602,383.0,458,383.0,458
391,389,390,383.0,60060,383.0,458,412.0,458
392,390,391,383.0,60518,412.0,458,383.0,458
393,391,392,383.0,60977,383.0,458,367.0,397
394,392,393,383.0,61435,367.0,397,402.0,467
395,393,394,367.0,58057,402.0,467,367.0,468
396,394,395,367.0,58525,367.0,468,357.0,8
397,395,396,367.0,58993,357.0,8,367.0,468
398,396,397,362.0,959,367.0,468,367.0,468
399,397,398,367.0,59929,367.0,468,367.0,468
400,398,399,367.0,60397,367.0,468,367.0,468
401,399,400,367.0,60865,367.0,468,167.0,1
402,400,401,367.0,61333,167.0,1,542.0,161
403,401,402,167.0,16,542.0,161,534.0,1304
404,402,403,542.0,57821,534.0,1304,536.0,1303
405,403,404,542.0,59125,536.0,1303,519.0,339
406,404,405,536.0,60429,519.0,339,517.0,1931
407,405,406,519.0,57999,517.0,1931,497.0,12
408,406,407,526.0,59930,497.0,12,462.0,674
409,407,408,497.0,942,462.0,674,458.0,2912
410,408,409,462.0,58334,458.0,2912,383.0,278
411,409,410,458.0,61247,383.0,278,412.0,458
412,410,411,383.0,61782,412.0,458,383.0,458
413,411,412,383.0,62241,383.0,458,383.0,458
414,412,413,383.0,62699,383.0,458,372.0,8
415,413,414,383.0,63157,372.0,8,412.0,458
416,414,415,378.0,1026,412.0,458,383.0,458
417,415,416,383.0,64074,383.0,458,383.0,458
418,416,417,383.0,64532,383.0,458,367.0,102
419,417,418,383.0,64990,367.0,102,402.0,467
420,418,419,367.0,61606,402.0,467,367.0,468
421,419,420,367.0,62074,367.0,468,367.0,468
422,420,421,367.0,62542,367.0,468,367.0,468
423,421,422,367.0,63010,367.0,468,367.0,468
424,422,423,367.0,63478,367.0,468,367.0,468
425,423,424,367.0,63946,367.0,468,367.0,468
426,424,425,367.0,64414,367.0,468,337.0,1
427,425,426,367.0,64882,337.0,1,560.0,1748
428,426,427,337.0,17,560.0,1748,542.0,643
429,427,428,560.0,67284,542.0,643,536.0,1303
430,428,429,542.0,62147,536.0,1303,534.0,1303
431,429,430,536.0,63451,534.0,1303,526.0,1052
432,430,431,544.0,64754,526.0,1052,517.0,1932
433,431,432,526.0,62556,517.0,1932,497.0,36
434,432,433,526.0,64488,497.0,36,473.0,1750
435,433,434,497.0,1028,473.0,1750,391.0,3567
436,434,435,473.0,63254,391.0,3567,383.0,448
437,435,436,391.0,68915,383.0,448,383.0,458
438,436,437,383.0,65796,383.0,458,372.0,8
439,437,438,383.0,66254,372.0,8,383.0,458
440,438,439,378.0,1076,383.0,458,412.0,458
441,439,440,383.0,67170,412.0,458,383.0,458
442,440,441,383.0,67629,383.0,458,383.0,458
443,441,442,383.0,68087,383.0,458,383.0,458
444,442,443,383.0,68545,383.0,458,367.0,275
445,443,444,383.0,69003,367.0,275,367.0,468
446,444,445,367.0,65623,367.0,468,367.0,468
447,445,446,367.0,66091,367.0,468,367.0,468
448,446,447,367.0,66559,367.0,468,367.0,468
449,447,448,367.0,67027,367.0,468,367.0,468
450,448,449,367.0,67495,367.0,468,367.0,468
451,449,450,367.0,67963,367.0,468,367.0,468
452,450,451,367.0,68431,367.0,468,348.0,2293
453,451,452,367.0,68899,348.0,2293,560.0,3461
454,452,453,348.0,67641,560.0,3461,536.0,1125
455,453,454,560.0,73093,536.0,1125,534.0,1303
456,454,455,536.0,66473,534.0,1303,542.0,1303
457,455,456,544.0,67776,542.0,1303,526.0,1766
458,456,457,542.0,69080,526.0,1766,522.0,1931
459,457,458,526.0,67114,522.0,1931,497.0,60
460,458,459,522.0,69046,497.0,60,473.0,2826
461,459,460,497.0,1114,473.0,2826,383.0,159
462,460,461,473.0,68174,383.0,159,383.0,458
463,461,462,383.0,69351,383.0,458,383.0,458
464,462,463,383.0,69809,383.0,458,383.0,458
465,463,464,383.0,70267,383.0,458,412.0,458
466,464,465,383.0,70725,412.0,458,383.0,458
467,465,466,383.0,71184,383.0,458,383.0,458
468,466,467,383.0,71642,383.0,458,383.0,458
469,467,468,383.0,72100,383.0,458,412.0,458
470,468,469,383.0,72558,412.0,458,367.0,448
471,469,470,383.0,73017,367.0,448,367.0,468
472,470,471,367.0,69640,367.0,468,367.0,468
473,471,472,367.0,70108,367.0,468,367.0,468
474,472,473,367.0,70576,367.0,468,367.0,468
475,473,474,367.0,71044,367.0,468,367.0,468
476,474,475,367.0,71512,367.0,468,367.0,468
477,475,476,367.0,71980,367.0,468,357.0,8
478,476,477,367.0,72448,357.0,8,560.0,539
479,477,478,362.0,1176,560.0,539,536.0,303
480,478,479,560.0,74267,536.0,303,534.0,1303
481,479,480,536.0,69495,534.0,1303,542.0,1303
482,480,481,544.0,70798,542.0,1303,526.0,548
483,481,482,542.0,72102,526.0,548,524.0,1931
484,482,483,526.0,69740,524.0,1931,497.0,19
485,483,484,524.0,71672,497.0,19,462.0,990
486,484,485,497.0,1135,462.0,990,391.0,257
487,485,486,462.0,70182,391.0,257,383.0,328
488,486,487,391.0,73293,383.0,328,383.0,458
489,487,488,383.0,73364,383.0,458,412.0,458
490,488,489,383.0,73822,412.0,458,383.0,458
491,489,490,383.0,74281,383.0,458,383.0,458
492,490,491,383.0,74739,383.0,458,383.0,458
493,491,492,383.0,75197,383.0,458,383.0,458
494,492,493,383.0,75655,383.0,458,372.0,8
495,493,494,383.0,76113,372.0,8,367.0,153
496,494,495,378.0,1235,367.0,153,357.0,8
497,495,496,367.0,73189,357.0,8,367.0,468
498,496,497,362.0,1188,367.0,468,367.0,468
499,497,498,367.0,74125,367.0,468,367.0,468
500,498,499,367.0,74593,367.0,468,367.0,468
501,499,500,367.0,75061,367.0,468,367.0,468
502,500,501,367.0,75529,367.0,468,367.0,468
503,501,502,367.0,75997,367.0,468,348.0,694
504,502,503,367.0,76465,348.0,694,560.0,2251
505,503,504,348.0,73730,560.0,2251,544.0,784
506,504,505,560.0,80075,544.0,784,542.0,1303
507,505,506,544.0,73820,542.0,1303,541.0,1303
508,506,507,542.0,75124,541.0,1303,524.0,1262
509,507,508,541.0,76428,524.0,1262,519.0,1931
510,508,509,524.0,74298,519.0,1931,497.0,43
511,509,510,519.0,76230,497.0,43,473.0,2066
512,510,511,497.0,1221,473.0,2066,383.0,39
513,511,512,473.0,75102,383.0,39,372.0,8
514,512,513,383.0,76919,372.0,8,412.0,458
515,513,514,378.0,1248,412.0,458,383.0,458
516,514,515,383.0,77836,383.0,458,383.0,458
517,515,516,383.0,78294,383.0,458,383.0,458
518,516,517,383.0,78752,383.0,458,412.0,458
519,517,518,383.0,79210,412.0,458,383.0,458
520,518,519,383.0,79669,383.0,458,383.0,458
521,519,520,383.0,80127,383.0,458,367.0,326
522,520,521,383.0,80585,367.0,326,367.0,468
523,521,522,367.0,77206,367.0,468,367.0,468
524,522,523,367.0,77674,367.0,468,367.0,468
525,523,524,367.0,78142,367.0,468,367.0,468
526,524,525,367.0,78610,367.0,468,357.0,8
527,525,526,367.0,79078,357.0,8,367.0,468
528,526,527,362.0,1283,367.0,468,367.0,467
529,527,528,367.0,80014,367.0,467,348.0,2958
530,528,529,367.0,80481,348.0,2958,560.0,3963
531,529,530,348.0,79838,560.0,3963,542.0,1266
532,530,531,560.0,85883,542.0,1266,541.0,1303
533,531,532,542.0,78146,541.0,1303,524.0,44
534,532,533,541.0,79450,524.0,44,522.0,1931
535,533,534,524.0,76924,522.0,1931,497.0,2
536,534,535,522.0,78856,497.0,2,452.0,230
537,535,536,497.0,1242,452.0,230,450.0,2912
538,536,537,452.0,77110,450.0,2912,383.0,209
539,537,538,473.0,80022,383.0,209,383.0,458
540,538,539,383.0,80933,383.0,458,383.0,458
541,539,540,383.0,81391,383.0,458,383.0,458
542,540,541,383.0,81849,383.0,458,383.0,458
543,541,542,383.0,82307,383.0,458,412.0,458
544,542,543,383.0,82765,412.0,458,383.0,458
545,543,544,383.0,83224,383.0,458,383.0,458
546,544,545,383.0,83682,383.0,458,367.0,31
547,545,546,383.0,84140,367.0,31,357.0,8
548,546,547,367.0,80755,357.0,8,367.0,468
549,547,548,362.0,1310,367.0,468,367.0,468
550,548,549,367.0,81691,367.0,468,367.0,468
551,549,550,367.0,82159,367.0,468,367.0,468
552,550,551,367.0,82627,367.0,468,367.0,468
553,551,552,367.0,83095,367.0,468,367.0,467
554,552,553,367.0,83563,367.0,467,367.0,468
555,553,554,367.0,84030,367.0,468,560.0,1042
556,554,555,367.0,84498,560.0,1042,542.0,444
557,555,556,560.0,87058,542.0,444,541.0,1303
558,556,557,542.0,81168,541.0,1303,536.0,1303
559,557,558,541.0,82472,536.0,1303,522.0,758
560,558,559,536.0,83776,522.0,758,517.0,1931
561,559,560,522.0,81482,517.0,1931,497.0,26
562,560,561,526.0,83413,497.0,26,462.0,1306
563,561,562,497.0,1328,462.0,1306,391.0,1633
564,562,563,462.0,82030,391.0,1633,383.0,378
565,563,564,391.0,86201,383.0,378,383.0,458
566,564,565,383.0,84946,383.0,458,383.0,458
567,565,566,383.0,85404,383.0,458,412.0,458
568,566,567,383.0,85862,412.0,458,383.0,458
569,567,568,383.0,86321,383.0,458,372.0,8
570,568,569,383.0,86779,372.0,8,383.0,458
571,569,570,378.0,1407,383.0,458,383.0,458
572,570,571,383.0,87695,383.0,458,367.0,204
573,571,572,383.0,88153,367.0,204,367.0,468
574,572,573,367.0,84772,367.0,468,367.0,468
575,573,574,367.0,85240,367.0,468,367.0,468
576,574,575,367.0,85708,367.0,468,367.0,468
577,575,576,367.0,86176,367.0,468,357.0,8
578,576,577,367.0,86644,357.0,8,367.0,468
579,577,578,362.0,1405,367.0,468,367.0,468
580,578,579,367.0,87579,367.0,468,348.0,1358
581,579,580,367.0,88047,348.0,1358,560.0,2754
582,580,581,348.0,85926,560.0,2754,539.0,926
583,581,582,560.0,92866,539.0,926,534.0,1303
584,582,583,539.0,85494,534.0,1303,534.0,1304
585,583,584,544.0,86797,534.0,1304,526.0,1471
586,584,585,544.0,88101,526.0,1471,517.0,1932
587,585,586,526.0,86039,517.0,1932,497.0,50
588,586,587,526.0,87971,497.0,50,473.0,2382
589,587,588,497.0,1414,473.0,2382,383.0,89
590,588,589,473.0,86950,383.0,89,383.0,458
591,589,590,383.0,88501,383.0,458,383.0,458
592,590,591,383.0,88959,383.0,458,412.0,458
593,591,592,383.0,89417,412.0,458,372.0,8
594,592,593,383.0,89876,372.0,8,383.0,458
595,593,594,378.0,1457,383.0,458,383.0,458
596,594,595,383.0,90792,383.0,458,383.0,458
597,595,596,383.0,91250,383.0,458,412.0,458
598,596,597,383.0,91708,412.0,458,367.0,377
599,597,598,383.0,92167,367.0,377,367.0,468
600,598,599,367.0,88789,367.0,468,367.0,468
601,599,600,367.0,89257,367.0,468,367.0,468
602,600,601,367.0,89725,367.0,468,367.0,467
603,601,602,367.0,90193,367.0,467,367.0,468
604,602,603,367.0,90660,367.0,468,367.0,468
605,603,604,367.0,91128,367.0,468,402.0,467
606,604,605,367.0,91596,402.0,467,348.0,3622
607,605,606,367.0,92064,348.0,3622,539.0,104
608,606,607,348.0,92034,539.0,104,534.0,1303
609,607,608,539.0,88516,534.0,1303,534.0,1304
610,608,609,544.0,89819,534.0,1304,519.0,254
611,609,610,544.0,91123,519.0,254,517.0,1931
612,610,611,519.0,88666,517.0,1931,497.0,9
613,611,612,526.0,90597,497.0,9,475.0,545
614,612,613,497.0,1435,475.0,545,473.0,2912
615,613,614,475.0,88957,473.0,2912,383.0,258
616,614,615,473.0,91870,383.0,258,383.0,458
617,615,616,383.0,92514,383.0,458,412.0,458
618,616,617,383.0,92972,412.0,458,383.0,458
619,617,618,383.0,93431,383.0,458,383.0,458
620,618,619,383.0,93889,383.0,458,383.0,458
621,619,620,383.0,94347,383.0,458,412.0,458
622,620,621,383.0,94805,412.0,458,383.0,458
623,621,622,383.0,95264,383.0,458,367.0,82
624,622,623,383.0,95722,367.0,82,367.0,468
625,623,624,367.0,92338,367.0,468,367.0,468
626,624,625,367.0,92806,367.0,468,367.0,467
627,625,626,367.0,93274,367.0,467,367.0,468
628,626,627,367.0,93741,367.0,468,357.0,8
629,627,628,367.0,94209,357.0,8,402.0,467
630,628,629,362.0,1527,402.0,467,367.0,468
631,629,630,367.0,95145,367.0,468,367.0,468
632,630,631,367.0,95613,367.0,468,560.0,1544
633,631,632,367.0,96081,560.0,1544,544.0,585
634,632,633,560.0,99848,544.0,585,542.0,1303
635,633,634,544.0,92841,542.0,1303,541.0,1303
636,634,635,542.0,94145,541.0,1303,526.0,967
637,635,636,541.0,95449,526.0,967,524.0,1931
638,636,637,526.0,93223,524.0,1931,497.0,33
639,637,638,524.0,95155,497.0,33,458.0,1622
640,638,639,497.0,1521,458.0,1622,391.0,3008
641,639,640,458.0,93878,391.0,3008,383.0,428
642,640,641,391.0,99108,383.0,428,383.0,458
643,641,642,383.0,96528,383.0,458,383.0,458
644,642,643,383.0,96986,383.0,458,383.0,458
645,643,644,383.0,97444,383.0,458,383.0,458
646,644,645,383.0,97902,383.0,458,412.0,458
647,645,646,383.0,98360,412.0,458,383.0,458
648,646,647,383.0,98819,383.0,458,383.0,458
649,647,648,383.0,99277,383.0,458,367.0,255
650,648,649,383.0,99735,367.0,255,367.0,468
651,649,650,367.0,96355,367.0,468,367.0,467
652,650,651,367.0,96823,367.0,467,367.0,468
653,651,652,367.0,97290,367.0,468,402.0,467
654,652,653,367.0,97758,402.0,467,367.0,468
655,653,654,367.0,98226,367.0,468,367.0,468
656,654,655,367.0,98694,367.0,468,367.0,468
657,655,656,367.0,99162,367.0,468,348.0,2023
658,656,657,367.0,99630,348.0,2023,560.0,3256
659,657,658,348.0,98123,560.0,3256,542.0,1067
660,658,659,560.0,105656,542.0,1067,541.0,1303
661,659,660,542.0,97167,541.0,1303,536.0,1303
662,660,661,541.0,98471,536.0,1303,522.0,1681
663,661,662,536.0,99775,522.0,1681,519.0,1931
664,662,663,522.0,97781,519.0,1931,497.0,57
665,663,664,519.0,99713,497.0,57,468.0,2698
666,664,665,497.0,1607,468.0,2698,383.0,139
667,665,666,468.0,98798,383.0,139,383.0,458
668,666,667,383.0,100083,383.0,458,372.0,8
669,667,668,383.0,100541,372.0,8,383.0,458
670,668,669,378.0,1629,383.0,458,383.0,459
671,669,670,383.0,101457,383.0,459,383.0,458
672,670,671,383.0,101916,383.0,458,383.0,458
673,671,672,383.0,102374,383.0,458,383.0,458
674,672,673,383.0,102832,383.0,458,383.0,458
675,673,674,383.0,103290,383.0,458,367.0,428
676,674,675,383.0,103748,367.0,428,367.0,467
677,675,676,367.0,100372,367.0,467,367.0,468
678,676,677,367.0,100839,367.0,468,402.0,467
679,677,678,367.0,101307,402.0,467,367.0,468
680,678,679,367.0,101775,367.0,468,367.0,468
681,679,680,367.0,102243,367.0,468,367.0,468
682,680,681,367.0,102711,367.0,468,367.0,468
683,681,682,367.0,103179,367.0,468,560.0,335
684,682,683,367.0,103647,560.0,335,542.0,245
685,683,684,560.0,106831,542.0,245,541.0,1303
686,684,685,542.0,100189,541.0,1303,536.0,1303
687,685,686,541.0,101493,536.0,1303,524.0,463
688,686,687,536.0,102797,524.0,463,522.0,1931
689,687,688,524.0,100407,522.0,1931,497.0,16
690,688,689,522.0,102339,497.0,16,473.0,861
691,689,690,497.0,1628,473.0,861,450.0,2913
692,690,691,473.0,100805,450.0,2913,383.0,308
693,691,692,473.0,103718,383.0,308,383.0,458
694,692,693,383.0,104096,383.0,458,383.0,458
695,693,694,383.0,104554,383.0,458,412.0,458
696,694,695,383.0,105012,412.0,458,383.0,458
697,695,696,383.0,105471,383.0,458,383.0,458
698,696,697,383.0,105929,383.0,458,383.0,458
699,697,698,383.0,106387,383.0,458,383.0,458
700,698,699,383.0,106845,383.0,458,367.0,132
701,699,700,383.0,107303,367.0,132,367.0,468
702,700,701,367.0,103920,367.0,468,367.0,468
703,701,702,367.0,104388,367.0,468,402.0,467
704,702,703,367.0,104856,402.0,467,367.0,468
705,703,704,367.0,105324,367.0,468,367.0,468
706,704,705,367.0,105792,367.0,468,367.0,468
707,705,706,367.0,106260,367.0,468,367.0,468
708,706,707,367.0,106728,367.0,468,348.0,423
709,707,708,367.0,107196,348.0,423,560.0,2047
710,708,709,348.0,104211,560.0,2047,541.0,727
711,709,710,560.0,112639,541.0,727,536.0,1303
712,710,711,541.0,104515,536.0,1303,534.0,1303
713,711,712,536.0,105819,534.0,1303,519.0,1177
714,712,713,544.0,107122,519.0,1177,517.0,1931
715,713,714,519.0,104965,517.0,1931,497.0,40
716,714,715,526.0,106896,497.0,40,452.0,1938
717,715,716,497.0,1714,452.0,1938,383.0,19
718,716,717,452.0,105726,383.0,19,383.0,458
719,717,718,383.0,107651,383.0,458,383.0,458
720,718,719,383.0,108109,383.0,458,412.0,458
721,719,720,383.0,108567,412.0,458,383.0,458
722,720,721,383.0,109026,383.0,458,383.0,458
723,721,722,383.0,109484,383.0,458,383.0,458
724,722,723,383.0,109942,383.0,458,372.0,8
725,723,724,383.0,110400,372.0,8,383.0,458
726,724,725,378.0,1788,383.0,458,367.0,305
727,725,726,383.0,111317,367.0,305,402.0,467
728,726,727,367.0,107937,402.0,467,357.0,8
729,727,728,367.0,108405,357.0,8,367.0,468
730,728,729,362.0,1756,367.0,468,367.0,468
731,729,730,367.0,109341,367.0,468,367.0,468
732,730,731,367.0,109809,367.0,468,367.0,468
733,731,732,367.0,110277,367.0,468,367.0,468
734,732,733,367.0,110745,367.0,468,348.0,2687
735,733,734,367.0,111213,348.0,2687,560.0,3759
736,734,735,348.0,110319,560.0,3759,544.0,1208
737,735,736,560.0,118447,544.0,1208,534.0,1304
738,736,737,544.0,108840,534.0,1304,542.0,1303
739,737,738,544.0,110144,542.0,1303,526.0,1890
740,738,739,542.0,111448,526.0,1890,517.0,1932
741,739,740,526.0,109522,517.0,1932,468.0,101
742,740,741,526.0,111454,468.0,101,462.0,2912
743,741,742,468.0,107733,462.0,2912,378.0,3
744,742,743,462.0,110646,378.0,3,383.0,459
745,743,744,378.0,1801,383.0,459,383.0,458
746,744,745,383.0,112123,383.0,458,383.0,458
747,745,746,383.0,112581,383.0,458,383.0,458
748,746,747,383.0,113039,383.0,458,383.0,458
749,747,748,383.0,113497,383.0,458,412.0,458
750,748,749,383.0,113955,412.0,458,383.0,458
751,749,750,383.0,114414,383.0,458,367.0,10
752,750,751,383.0,114872,367.0,10,402.0,467
753,751,752,367.0,111486,402.0,467,367.0,468
754,752,753,367.0,111954,367.0,468,367.0,468
755,753,754,367.0,112422,367.0,468,367.0,468
756,754,755,367.0,112890,367.0,468,367.0,468
757,755,756,367.0,113358,367.0,468,367.0,468
758,756,757,367.0,113826,367.0,468,357.0,8
759,757,758,367.0,114294,357.0,8,367.0,468
760,758,759,362.0,1851,367.0,468,560.0,837
761,759,760,367.0,115230,560.0,837,544.0,386
762,760,761,560.0,119621,544.0,386,534.0,1304
763,761,762,544.0,111862,534.0,1304,542.0,1303
764,762,763,544.0,113166,542.0,1303,526.0,672
765,763,764,542.0,114470,526.0,672,517.0,1932
766,764,765,526.0,112148,517.0,1932,497.0,23
767,765,766,526.0,114080,497.0,23,473.0,1177
768,766,767,497.0,1821,473.0,1177,391.0,1073
769,767,768,473.0,112653,391.0,1073,383.0,358
770,768,769,391.0,116393,383.0,358,383.0,458
771,769,770,383.0,115678,383.0,458,383.0,458
772,770,771,383.0,116136,383.0,458,383.0,458
773,771,772,383.0,116594,383.0,458,383.0,459
774,772,773,383.0,117052,383.0,459,383.0,458
775,773,774,383.0,117511,383.0,458,383.0,458
776,774,775,383.0,117969,383.0,458,383.0,458
777,775,776,383.0,118427,383.0,458,367.0,183
778,776,777,383.0,118885,367.0,183,367.0,468
779,777,778,367.0,115503,367.0,468,357.0,8
780,778,779,367.0,115971,357.0,8,367.0,468
781,779,780,362.0,1878,367.0,468,367.0,468
782,780,781,367.0,116907,367.0,468,367.0,468
783,781,782,367.0,117375,367.0,468,367.0,468
784,782,783,367.0,117843,367.0,468,367.0,468
785,783,784,367.0,118311,367.0,468,348.0,1088
786,784,785,367.0,118779,348.0,1088,560.0,2550
787,785,786,348.0,116408,560.0,2550,544.0,868
788,786,787,560.0,125430,544.0,868,542.0,1303
789,787,788,544.0,116188,542.0,1303,539.0,1303
790,788,789,542.0,117492,539.0,1303,526.0,1386
791,789,790,539.0,118796,526.0,1386,517.0,1932
792,790,791,526.0,116706,517.0,1932,497.0,47
793,791,792,526.0,118638,497.0,47,458.0,2254
794,792,793,497.0,1907,458.0,2254,383.0,69
795,793,794,458.0,117574,383.0,69,383.0,458
796,794,795,383.0,119233,383.0,458,383.0,458
797,795,796,383.0,119691,383.0,458,383.0,458
798,796,797,383.0,120149,383.0,458,412.0,458
799,797,798,383.0,120607,412.0,458,372.0,8
800,798,799,383.0,121066,372.0,8,383.0,458
801,799,800,378.0,1960,383.0,458,383.0,458
802,800,801,383.0,121982,383.0,458,412.0,458
803,801,802,383.0,122440,412.0,458,367.0,356
804,802,803,383.0,122899,367.0,356,367.0,468
805,803,804,367.0,119520,367.0,468,367.0,468
806,804,805,367.0,119988,367.0,468,367.0,468
807,805,806,367.0,120456,367.0,468,367.0,468
808,806,807,367.0,120924,367.0,468,367.0,468
809,807,808,367.0,121392,367.0,468,357.0,8
810,808,809,367.0,121860,357.0,8,367.0,468
811,809,810,362.0,1973,367.0,468,348.0,3352
812,810,811,367.0,122796,348.0,3352,544.0,46
813,811,812,348.0,122516,544.0,46,542.0,1303
814,812,813,544.0,119210,542.0,1303,539.0,1303
815,813,814,542.0,120514,539.0,1303,526.0,168
816,814,815,539.0,121818,526.0,168,517.0,1932
817,815,816,526.0,119332,517.0,1932,497.0,6
818,816,817,526.0,121264,497.0,6,473.0,417
819,817,818,497.0,1928,473.0,417,450.0,2913
820,818,819,473.0,119581,450.0,2913,383.0,238
821,819,820,473.0,122494,383.0,238,383.0,458
822,820,821,383.0,123246,383.0,458,383.0,458
823,821,822,383.0,123704,383.0,458,372.0,8
824,822,823,383.0,124162,372.0,8,383.0,458
825,823,824,378.0,2010,383.0,458,383.0,458
826,824,825,383.0,125079,383.0,458,383.0,458
827,825,826,383.0,125537,383.0,458,412.0,458
828,826,827,383.0,125995,412.0,458,367.0,61
829,827,828,383.0,126454,367.0,61,367.0,468
830,828,829,367.0,123069,367.0,468,367.0,468
831,829,830,367.0,123537,367.0,468,367.0,468
832,830,831,367.0,124005,367.0,468,367.0,468
833,831,832,367.0,124473,367.0,468,367.0,468
834,832,833,367.0,124941,367.0,468,367.0,468
835,833,834,367.0,125409,367.0,468,367.0,468
836,834,835,367.0,125877,367.0,468,367.0,467
837,835,836,367.0,126345,367.0,467,560.0,1340
838,836,837,367.0,126812,560.0,1340,542.0,528
839,837,838,560.0,132412,542.0,528,539.0,1303
840,838,839,542.0,123536,539.0,1303,534.0,1303
841,839,840,539.0,124840,534.0,1303,526.0,882
842,840,841,544.0,126143,526.0,882,522.0,1931
843,841,842,526.0,123890,522.0,1931,497.0,30
844,842,843,522.0,125822,497.0,30,473.0,1493
845,843,844,497.0,2014,473.0,1493,391.0,2449
846,844,845,473.0,124501,391.0,2449,383.0,407
847,845,846,391.0,129301,383.0,407,412.0,458
848,846,847,383.0,127259,412.0,458,383.0,458
849,847,848,383.0,127718,383.0,458,383.0,458
850,848,849,383.0,128176,383.0,458,383.0,458
851,849,850,383.0,128634,383.0,458,383.0,458
852,850,851,383.0,129092,383.0,458,412.0,458
853,851,852,383.0,129550,412.0,458,383.0,458
854,852,853,383.0,130009,383.0,458,367.0,234
855,853,854,383.0,130467,367.0,234,367.0,468
856,854,855,367.0,127086,367.0,468,367.0,468
857,855,856,367.0,127554,367.0,468,367.0,468
858,856,857,367.0,128022,367.0,468,367.0,468
859,857,858,367.0,128490,367.0,468,367.0,468
860,858,859,367.0,128958,367.0,468,357.0,8
861,859,860,367.0,129426,357.0,8,367.0,467
862,860,861,362.0,2095,367.0,467,348.0,1753
863,861,862,367.0,130361,348.0,1753,560.0,3052
864,862,863,348.0,128605,560.0,3052,539.0,1010
865,863,864,560.0,138220,539.0,1010,534.0,1303
866,864,865,539.0,127862,534.0,1303,534.0,1304
867,865,866,544.0,129165,534.0,1304,522.0,1596
868,866,867,544.0,130469,522.0,1596,519.0,1931
869,867,868,522.0,128448,519.0,1931,497.0,54
870,868,869,519.0,130380,497.0,54,458.0,2570
871,869,870,497.0,2100,458.0,2570,383.0,118
872,870,871,458.0,129422,383.0,118,412.0,458
873,871,872,383.0,130814,412.0,458,383.0,458
874,872,873,383.0,131273,383.0,458,383.0,458
875,873,874,383.0,131731,383.0,458,383.0,458
876,874,875,383.0,132189,383.0,458,412.0,458
877,875,876,383.0,132647,412.0,458,383.0,458
878,876,877,383.0,133106,383.0,458,383.0,458
879,877,878,383.0,133564,383.0,458,372.0,8
880,878,879,383.0,134022,372.0,8,367.0,407
881,879,880,378.0,2169,367.0,407,367.0,468
882,880,881,367.0,131103,367.0,468,367.0,468
883,881,882,367.0,131571,367.0,468,367.0,468
884,882,883,367.0,132039,367.0,468,367.0,468
885,883,884,367.0,132507,367.0,468,367.0,468
886,884,885,367.0,132975,367.0,468,367.0,467
887,885,886,367.0,133443,367.0,467,367.0,468
888,886,887,367.0,133910,367.0,468,560.0,131
889,887,888,367.0,134378,560.0,131,539.0,188
890,888,889,560.0,139395,539.0,188,534.0,1303
891,889,890,539.0,130884,534.0,1303,543.0,1303
892,890,891,544.0,132187,543.0,1303,524.0,378
893,891,892,543.0,133491,524.0,378,519.0,1931
894,892,893,524.0,131074,519.0,1931,497.0,13
895,893,894,519.0,133006,497.0,13,473.0,733
896,894,895,497.0,2121,473.0,733,472.0,2912
897,895,896,473.0,131429,472.0,2912,383.0,288
898,896,897,472.0,134342,383.0,288,372.0,8
899,897,898,383.0,134828,372.0,8,383.0,458
900,898,899,378.0,2182,383.0,458,383.0,458
901,899,900,383.0,135744,383.0,458,412.0,458
902,900,901,383.0,136202,412.0,458,383.0,458
903,901,902,383.0,136661,383.0,458,383.0,458
904,902,903,383.0,137119,383.0,458,383.0,458
905,903,904,383.0,137577,383.0,458,367.0,112
906,904,905,383.0,138035,367.0,112,367.0,468
907,905,906,367.0,134652,367.0,468,367.0,468
908,906,907,367.0,135120,367.0,468,367.0,468
909,907,908,367.0,135588,367.0,468,357.0,8
910,908,909,367.0,136056,357.0,8,367.0,467
911,909,910,362.0,2202,367.0,467,367.0,468
912,910,911,367.0,136991,367.0,468,367.0,468
913,911,912,367.0,137459,367.0,468,348.0,153
914,912,913,367.0,137927,348.0,153,560.0,1843
915,913,914,348.0,134693,560.0,1843,544.0,669
916,914,915,560.0,145203,544.0,669,542.0,1303
917,915,916,544.0,135209,542.0,1303,541.0,1303
918,916,917,542.0,136513,541.0,1303,519.0,1092
919,917,918,541.0,137817,519.0,1092,517.0,1931
920,918,919,519.0,135632,517.0,1931,497.0,37
921,919,920,526.0,137563,497.0,37,473.0,1809
922,920,921,497.0,2207,473.0,1809,391.0,3824
923,921,922,473.0,136349,391.0,3824,383.0,457
924,922,923,391.0,142208,383.0,457,383.0,458
925,923,924,383.0,138841,383.0,458,383.0,458
926,924,925,383.0,139299,383.0,458,412.0,458
927,925,926,383.0,139757,412.0,458,383.0,458
928,926,927,383.0,140216,383.0,458,383.0,458
929,927,928,383.0,140674,383.0,458,383.0,458
930,928,929,383.0,141132,383.0,458,412.0,458
931,929,930,383.0,141590,412.0,458,367.0,285
932,930,931,383.0,142049,367.0,285,367.0,468
933,931,932,367.0,138669,367.0,468,367.0,468
934,932,933,367.0,139137,367.0,468,367.0,468
935,933,934,367.0,139605,367.0,468,367.0,467
936,934,935,367.0,140073,367.0,467,367.0,468
937,935,936,367.0,140540,367.0,468,402.0,467
938,936,937,367.0,141008,402.0,467,367.0,468
939,937,938,367.0,141476,367.0,468,348.0,2417
940,938,939,367.0,141944,348.0,2417,560.0,3555
941,939,940,348.0,140801,560.0,3555,542.0,1151
942,940,941,560.0,151011,542.0,1151,541.0,1303
943,941,942,542.0,139535,541.0,1303,536.0,1303
944,942,943,541.0,140839,536.0,1303,526.0,1805
945,943,944,536.0,142143,526.0,1805,517.0,1932
946,944,945,526.0,140189,517.0,1932,497.0,61
947,945,946,526.0,142121,497.0,61,452.0,2886
948,946,947,497.0,2293,452.0,2886,383.0,168
949,947,948,452.0,141270,383.0,168,383.0,458
950,948,949,383.0,142396,383.0,458,412.0,458
951,949,950,383.0,142854,412.0,458,383.0,458
952,950,951,383.0,143313,383.0,458,383.0,458
953,951,952,383.0,143771,383.0,458,383.0,458
954,952,953,383.0,144229,383.0,458,372.0,8
955,953,954,383.0,144687,372.0,8,412.0,458
956,954,955,378.0,2341,412.0,458,383.0,458
957,955,956,383.0,145604,383.0,458,367.0,458
958,956,957,383.0,146062,367.0,458,367.0,468
959,957,958,367.0,142686,367.0,468,367.0,467
960,958,959,367.0,143154,367.0,467,357.0,8
961,959,960,367.0,143621,357.0,8,367.0,468
962,960,961,362.0,2324,367.0,468,402.0,467
963,961,962,367.0,144557,402.0,467,367.0,468
964,962,963,367.0,145025,367.0,468,367.0,468
965,963,964,367.0,145493,367.0,468,560.0,633
966,964,965,367.0,145961,560.0,633,542.0,329
967,965,966,560.0,152185,542.0,329,539.0,1303
968,966,967,542.0,142557,539.0,1303,534.0,1303
969,967,968,539.0,143861,534.0,1303,526.0,587
970,968,969,546.0,145164,526.0,587,517.0,1932
971,969,970,526.0,142815,517.0,1932,497.0,20
972,970,971,526.0,144747,497.0,20,466.0,1049
973,971,972,497.0,2314,466.0,1049,391.0,514
974,972,973,466.0,143277,391.0,514,383.0,337
975,973,974,391.0,146586,383.0,337,412.0,458
976,974,975,383.0,146409,412.0,458,383.0,458
977,975,976,383.0,146868,383.0,458,383.0,458
978,976,977,383.0,147326,383.0,458,372.0,8
979,977,978,383.0,147784,372.0,8,412.0,458
980,978,979,378.0,2391,412.0,458,383.0,458
981,979,980,383.0,148701,383.0,458,383.0,458
982,980,981,383.0,149159,383.0,458,367.0,163
983,981,982,383.0,149617,367.0,163,367.0,468
984,982,983,367.0,146235,367.0,468,367.0,467
985,983,984,367.0,146703,367.0,467,367.0,468
986,984,985,367.0,147170,367.0,468,402.0,467
987,985,986,367.0,147638,402.0,467,367.0,468
988,986,987,367.0,148106,367.0,468,367.0,468
989,987,988,367.0,148574,367.0,468,367.0,468
990,988,989,367.0,149042,367.0,468,348.0,818
991,989,990,367.0,149510,348.0,818,560.0,2345
992,990,991,348.0,146890,560.0,2345,539.0,811
993,991,992,560.0,157993,539.0,811,534.0,1303
994,992,993,539.0,146883,534.0,1303,534.0,1304
995,993,994,544.0,148186,534.0,1304,526.0,1301
996,994,995,544.0,149490,526.0,1301,522.0,1931
997,995,996,526.0,147373,522.0,1931,497.0,44
998,996,997,522.0,149305,497.0,44,473.0,2125
999,997,998,497.0,2400,473.0,2125,383.0,48
1000,998,999,473.0,148197,383.0,48,412.0,458
1001,999,1000,383.0,149964,412.0,458,383.0,458
1002,1000,1001,383.0,150423,383.0,458,383.0,458
1003,1001,1002,383.0,150881,383.0,458,383.0,458
1004,1002,1003,383.0,151339,383.0,458,412.0,458
1005,1003,1004,383.0,151797,412.0,458,383.0,458
1006,1004,1005,383.0,152256,383.0,458,383.0,458
1007,1005,1006,383.0,152714,383.0,458,383.0,458
1008,1006,1007,383.0,153172,383.0,458,367.0,335
1009,1007,1008,383.0,153630,367.0,335,367.0,468
1010,1008,1009,367.0,150251,367.0,468,367.0,468
1011,1009,1010,367.0,150719,367.0,468,357.0,8
1012,1010,1011,367.0,151187,357.0,8,367.0,468
1013,1011,1012,362.0,2446,367.0,468,367.0,468
1014,1012,1013,367.0,152123,367.0,468,367.0,468
1015,1013,1014,367.0,152591,367.0,468,367.0,468
1016,1014,1015,367.0,153059,367.0,468,348.0,3082
1017,1015,1016,367.0,153527,348.0,3082,560.0,4057
1018,1016,1017,348.0,152998,560.0,4057,544.0,1292
1019,1017,1018,560.0,163801,544.0,1292,542.0,1303
1020,1018,1019,544.0,151208,542.0,1303,524.0,83
1021,1019,1020,542.0,152512,524.0,83,522.0,1931
1022,1020,1021,524.0,149999,522.0,1931,497.0,3
1023,1021,1022,522.0,151931,497.0,3,473.0,288
1024,1022,1023,497.0,2421,473.0,288,450.0,2913
1025,1023,1024,473.0,150204,450.0,2913,383.0,218
1026,1024,1025,473.0,153117,383.0,218,383.0,458
1027,1025,1026,383.0,153978,383.0,458,383.0,458
1028,1026,1027,383.0,154436,383.0,458,383.0,458
1029,1027,1028,383.0,154894,383.0,458,412.0,458
1030,1028,1029,383.0,155352,412.0,458,383.0,458
1031,1029,1030,383.0,155811,383.0,458,383.0,458
1032,1030,1031,383.0,156269,383.0,458,383.0,458
1033,1031,1032,383.0,156727,383.0,458,367.0,40
1034,1032,1033,383.0,157185,367.0,40,367.0,468
1035,1033,1034,367.0,153800,367.0,468,402.0,467
1036,1034,1035,367.0,154268,402.0,467,367.0,468
1037,1035,1036,367.0,154736,367.0,468,367.0,468
1038,1036,1037,367.0,155204,367.0,468,367.0,468
1039,1037,1038,367.0,155672,367.0,468,367.0,468
1040,1038,1039,367.0,156140,367.0,468,367.0,468
1041,1039,1040,367.0,156608,367.0,468,357.0,8
1042,1040,1041,367.0,157076,357.0,8,560.0,1135
1043,1041,1042,362.0,2541,560.0,1135,544.0,470
1044,1042,1043,560.0,164975,544.0,470,542.0,1303
1045,1043,1044,544.0,154230,542.0,1303,541.0,1303
1046,1044,1045,542.0,155534,541.0,1303,522.0,797
1047,1045,1046,541.0,156838,522.0,797,519.0,1931
1048,1046,1047,522.0,154557,519.0,1931,497.0,27
1049,1047,1048,519.0,156489,497.0,27,458.0,1365
1050,1048,1049,497.0,2507,458.0,1365,391.0,1889
1051,1049,1050,458.0,155125,391.0,1889,383.0,387
1052,1050,1051,391.0,159493,383.0,387,383.0,458
1053,1051,1052,383.0,157991,383.0,458,372.0,8
1054,1052,1053,383.0,158449,372.0,8,383.0,458
1055,1053,1054,378.0,2563,383.0,458,383.0,458
1056,1054,1055,383.0,159366,383.0,458,383.0,458
1057,1055,1056,383.0,159824,383.0,458,383.0,458
1058,1056,1057,383.0,160282,383.0,458,412.0,458
1059,1057,1058,383.0,160740,412.0,458,367.0,213
1060,1058,1059,383.0,161199,367.0,213,402.0,467
1061,1059,1060,367.0,157817,402.0,467,367.0,468
1062,1060,1061,367.0,158285,367.0,468,367.0,468
1063,1061,1062,367.0,158753,367.0,468,367.0,468
1064,1062,1063,367.0,159221,367.0,468,367.0,468
1065,1063,1064,367.0,159689,367.0,468,367.0,468
1066,1064,1065,367.0,160157,367.0,468,367.0,468
1067,1065,1066,367.0,160625,367.0,468,348.0,1482
1068,1066,1067,367.0,161093,348.0,1482,560.0,2847
1069,1067,1068,348.0,159086,560.0,2847,542.0,952
1070,1068,1069,560.0,170783,542.0,952,541.0,1303
1071,1069,1070,542.0,158556,541.0,1303,536.0,1303
1072,1070,1071,541.0,159860,536.0,1303,526.0,1510
1073,1071,1072,536.0,161164,526.0,1510,517.0,1932
1074,1072,1073,526.0,159114,517.0,1932,497.0,51
1075,1073,1074,526.0,161046,497.0,51,468.0,2441
1076,1074,1075,497.0,2593,468.0,2441,383.0,98
1077,1075,1076,468.0,160045,383.0,98,383.0,458
1078,1076,1077,383.0,161546,383.0,458,412.0,458
1079,1077,1078,383.0,162004,412.0,458,383.0,458
1080,1078,1079,383.0,162463,383.0,458,383.0,458
1081,1079,1080,383.0,162921,383.0,458,383.0,458
1082,1080,1081,383.0,163379,383.0,458,412.0,458
1083,1081,1082,383.0,163837,412.0,458,383.0,458
1084,1082,1083,383.0,164296,383.0,458,383.0,458
1085,1083,1084,383.0,164754,383.0,458,367.0,386
1086,1084,1085,383.0,165212,367.0,386,367.0,468
1087,1085,1086,367.0,161834,367.0,468,367.0,468
1088,1086,1087,367.0,162302,367.0,468,367.0,468
1089,1087,1088,367.0,162770,367.0,468,367.0,468
1090,1088,1089,367.0,163238,367.0,468,367.0,468
1091,1089,1090,367.0,163706,367.0,468,367.0,468
1092,1090,1091,367.0,164174,367.0,468,357.0,8
1093,1091,1092,367.0,164642,357.0,8,348.0,3746
1094,1092,1093,362.0,2663,348.0,3746,542.0,130
1095,1093,1094,348.0,165194,542.0,130,541.0,1303
1096,1094,1095,542.0,161578,541.0,1303,536.0,1303
1097,1095,1096,541.0,162882,536.0,1303,519.0,293
1098,1096,1097,536.0,164186,519.0,293,517.0,1931
1099,1097,1098,519.0,161741,517.0,1931,497.0,10
1100,1098,1099,526.0,163672,497.0,10,473.0,604
1101,1099,1100,497.0,2614,473.0,604,450.0,2913
1102,1100,1101,473.0,162052,450.0,2913,383.0,267
1103,1101,1102,473.0,164965,383.0,267,412.0,458
1104,1102,1103,383.0,165559,412.0,458,383.0,458
1105,1103,1104,383.0,166018,383.0,458,383.0,458
1106,1104,1105,383.0,166476,383.0,458,383.0,458
1107,1105,1106,383.0,166934,383.0,458,412.0,458
1108,1106,1107,383.0,167392,412.0,458,383.0,458
1109,1107,1108,383.0,167851,383.0,458,372.0,8
1110,1108,1109,383.0,168309,372.0,8,367.0,91
1111,1109,1110,378.0,2722,367.0,91,357.0,8
1112,1110,1111,367.0,165383,357.0,8,367.0,468
1113,1111,1112,362.0,2675,367.0,468,367.0,468
1114,1112,1113,367.0,166319,367.0,468,367.0,468
1115,1113,1114,367.0,166787,367.0,468,367.0,468
1116,1114,1115,367.0,167255,367.0,468,367.0,468
1117,1115,1116,367.0,167723,367.0,468,367.0,468
1118,1116,1117,367.0,168191,367.0,468,367.0,468
1119,1117,1118,367.0,168659,367.0,468,560.0,1638
1120,1118,1119,367.0,169127,560.0,1638,541.0,612
1121,1119,1120,560.0,177766,541.0,612,536.0,1303
1122,1120,1121,541.0,165904,536.0,1303,534.0,1303
1123,1121,1122,536.0,167208,534.0,1303,526.0,1006
1124,1122,1123,544.0,168511,526.0,1006,517.0,1932
1125,1123,1124,526.0,166298,517.0,1932,497.0,34
1126,1124,1125,526.0,168230,497.0,34,458.0,1681
1127,1125,1126,497.0,2700,458.0,1681,391.0,3264
1128,1126,1127,458.0,166973,391.0,3264,378.0,7
1129,1127,1128,391.0,172400,378.0,7,383.0,458
1130,1128,1129,378.0,2735,383.0,458,383.0,458
1131,1129,1130,383.0,170031,383.0,458,383.0,458
1132,1130,1131,383.0,170489,383.0,458,412.0,458
1133,1131,1132,383.0,170947,412.0,458,372.0,8
1134,1132,1133,383.0,171406,372.0,8,383.0,458
1135,1133,1134,378.0,2772,383.0,458,383.0,458
1136,1134,1135,383.0,172322,383.0,458,367.0,264
1137,1135,1136,383.0,172780,367.0,264,367.0,468
1138,1136,1137,367.0,169400,367.0,468,367.0,468
1139,1137,1138,367.0,169868,367.0,468,367.0,468
1140,1138,1139,367.0,170336,367.0,468,367.0,468
1141,1139,1140,367.0,170804,367.0,468,357.0,8
1142,1140,1141,367.0,171272,357.0,8,367.0,468
1143,1141,1142,362.0,2770,367.0,468,367.0,468
1144,1142,1143,367.0,172208,367.0,468,348.0,2147
1145,1143,1144,367.0,172676,348.0,2147,560.0,3350
1146,1144,1145,348.0,171283,560.0,3350,536.0,1094
1147,1145,1146,560.0,183574,536.0,1094,534.0,1303
1148,1146,1147,536.0,170230,534.0,1303,542.0,1303
1149,1147,1148,544.0,171533,542.0,1303,526.0,1720
1150,1148,1149,542.0,172837,526.0,1720,522.0,1931
1151,1149,1150,526.0,170856,522.0,1931,497.0,58
1152,1150,1151,522.0,172788,497.0,58,468.0,2757
1153,1151,1152,497.0,2786,468.0,2757,383.0,148
1154,1152,1153,468.0,171893,383.0,148,383.0,458
1155,1153,1154,383.0,173128,383.0,458,383.0,458
1156,1154,1155,383.0,173586,383.0,458,412.0,458
1157,1155,1156,383.0,174044,412.0,458,383.0,458
1158,1156,1157,383.0,174503,383.0,458,383.0,458
1159,1157,1158,383.0,174961,383.0,458,383.0,458
1160,1158,1159,383.0,175419,383.0,458,383.0,458
1161,1159,1160,383.0,175877,383.0,458,412.0,458
1162,1160,1161,383.0,176335,412.0,458,362.0,7
1163,1161,1162,383.0,176794,362.0,7,367.0,468
1164,1162,1163,362.0,2797,367.0,468,367.0,468
1165,1163,1164,367.0,173885,367.0,468,367.0,468
1166,1164,1165,367.0,174353,367.0,468,367.0,468
1167,1165,1166,367.0,174821,367.0,468,367.0,468
1168,1166,1167,367.0,175289,367.0,468,367.0,468
1169,1167,1168,367.0,175757,367.0,468,367.0,467
1170,1168,1169,367.0,176225,367.0,467,560.0,429
1171,1169,1170,367.0,176692,560.0,429,536.0,272
1172,1170,1171,560.0,184749,536.0,272,534.0,1303
1173,1171,1172,536.0,173252,534.0,1303,542.0,1303
1174,1172,1173,544.0,174555,542.0,1303,526.0,502
1175,1173,1174,542.0,175859,526.0,502,522.0,1931
1176,1174,1175,526.0,173482,522.0,1931,497.0,17
1177,1175,1176,522.0,175414,497.0,17,473.0,920
1178,1176,1177,497.0,2807,473.0,920,450.0,2913
1179,1177,1178,473.0,173900,450.0,2913,383.0,317
1180,1178,1179,473.0,176813,383.0,317,383.0,458
1181,1179,1180,383.0,177141,383.0,458,412.0,458
1182,1180,1181,383.0,177599,412.0,458,383.0,458
1183,1181,1182,383.0,178058,383.0,458,383.0,458
1184,1182,1183,383.0,178516,383.0,458,383.0,458
1185,1183,1184,383.0,178974,383.0,458,412.0,458
1186,1184,1185,383.0,179432,412.0,458,383.0,458
1187,1185,1186,383.0,179891,383.0,458,367.0,142
1188,1186,1187,383.0,180349,367.0,142,367.0,468
1189,1187,1188,367.0,176966,367.0,468,367.0,468
1190,1188,1189,367.0,177434,367.0,468,367.0,468
1191,1189,1190,367.0,177902,367.0,468,367.0,468
1192,1190,1191,367.0,178370,367.0,468,357.0,8
1193,1191,1192,367.0,178838,357.0,8,367.0,467
1194,1192,1193,362.0,2892,367.0,467,367.0,468
1195,1193,1194,367.0,179773,367.0,468,348.0,547
1196,1194,1195,367.0,180241,348.0,547,560.0,2141
1197,1195,1196,348.0,177371,560.0,2141,544.0,753
1198,1196,1197,560.0,190557,544.0,753,542.0,1303
1199,1197,1198,544.0,177577,542.0,1303,539.0,1303
1200,1198,1199,542.0,178881,539.0,1303,522.0,1216
1201,1199,1200,539.0,180185,522.0,1216,519.0,1931
1202,1200,1201,522.0,178040,519.0,1931,497.0,41
1203,1201,1202,519.0,179972,497.0,41,454.0,1997
1204,1202,1203,497.0,2893,454.0,1997,383.0,28
1205,1203,1204,454.0,178821,383.0,28,383.0,458
1206,1204,1205,383.0,180696,383.0,458,412.0,458
1207,1205,1206,383.0,181154,412.0,458,383.0,458
1208,1206,1207,383.0,181613,383.0,458,372.0,8
1209,1207,1208,383.0,182071,372.0,8,383.0,458
1210,1208,1209,378.0,2944,383.0,458,412.0,458
1211,1209,1210,383.0,182987,412.0,458,383.0,458
1212,1210,1211,383.0,183446,383.0,458,383.0,458
1213,1211,1212,383.0,183904,383.0,458,367.0,315
1214,1212,1213,383.0,184362,367.0,315,367.0,468
1215,1213,1214,367.0,180983,367.0,468,367.0,468
1216,1214,1215,367.0,181451,367.0,468,367.0,468
1217,1215,1216,367.0,181919,367.0,468,367.0,468
1218,1216,1217,367.0,182387,367.0,468,367.0,467
1219,1217,1218,367.0,182855,367.0,467,367.0,468
1220,1218,1219,367.0,183322,367.0,468,402.0,467
1221,1219,1220,367.0,183790,402.0,467,348.0,2811
1222,1220,1221,367.0,184258,348.0,2811,560.0,3853
1223,1221,1222,348.0,183479,560.0,3853,542.0,1235
1224,1222,1223,560.0,196365,542.0,1235,536.0,1303
1225,1223,1224,542.0,181903,536.0,1303,534.0,1303
1226,1224,1225,536.0,183207,534.0,1303,519.0,1930
1227,1225,1226,544.0,184510,519.0,1930,441.0,1
1228,1226,1227,519.0,182598,441.0,1,468.0,160
1229,1227,1228,441.0,48,468.0,160,462.0,2912
1230,1228,1229,468.0,180828,462.0,2912,383.0,198
1231,1229,1230,462.0,183741,383.0,198,383.0,458
1232,1230,1231,383.0,184710,383.0,458,383.0,458
1233,1231,1232,383.0,185168,383.0,458,383.0,458
1234,1232,1233,383.0,185626,383.0,458,383.0,458
1235,1233,1234,383.0,186084,383.0,458,412.0,458
1236,1234,1235,383.0,186542,412.0,458,383.0,458
1237,1235,1236,383.0,187001,383.0,458,383.0,458
1238,1236,1237,383.0,187459,383.0,458,367.0,20
1239,1237,1238,383.0,187917,367.0,20,367.0,468
1240,1238,1239,367.0,184532,367.0,468,367.0,468
1241,1239,1240,367.0,185000,367.0,468,367.0,468
1242,1240,1241,367.0,185468,367.0,468,367.0,467
1243,1241,1242,367.0,185936,367.0,467,357.0,8
1244,1242,1243,367.0,186403,357.0,8,367.0,468
1245,1243,1244,362.0,3014,367.0,468,402.0,467
1246,1244,1245,367.0,187339,402.0,467,367.0,468
1247,1245,1246,367.0,187807,367.0,468,560.0,931
1248,1246,1247,367.0,188275,560.0,931,542.0,413
1249,1247,1248,560.0,197539,542.0,413,536.0,1303
1250,1248,1249,542.0,184925,536.0,1303,534.0,1303
1251,1249,1250,536.0,186229,534.0,1303,519.0,712
1252,1250,1251,544.0,187532,519.0,712,517.0,1931
1253,1251,1252,519.0,185224,517.0,1931,497.0,24
1254,1252,1253,526.0,187155,497.0,24,473.0,1236
1255,1253,1254,497.0,3000,473.0,1236,391.0,1330
1256,1254,1255,473.0,185748,391.0,1330,383.0,367
1257,1255,1256,391.0,189686,383.0,367,383.0,458
1258,1256,1257,383.0,188723,383.0,458,383.0,458
1259,1257,1258,383.0,189181,383.0,458,412.0,458
1260,1258,1259,383.0,189639,412.0,458,383.0,458
1261,1259,1260,383.0,190098,383.0,458,383.0,458
1262,1260,1261,383.0,190556,383.0,458,383.0,458
1263,1261,1262,383.0,191014,383.0,458,383.0,458
1264,1262,1263,383.0,191472,383.0,458,367.0,193
1265,1263,1264,383.0,191930,367.0,193,367.0,468
1266,1264,1265,367.0,188549,367.0,468,367.0,468
1267,1265,1266,367.0,189017,367.0,468,367.0,467
1268,1266,1267,367.0,189485,367.0,467,367.0,468
1269,1267,1268,367.0,189952,367.0,468,367.0,468
1270,1268,1269,367.0,190420,367.0,468,402.0,467
1271,1269,1270,367.0,190888,402.0,467,367.0,468
1272,1270,1271,367.0,191356,367.0,468,348.0,1212
1273,1271,1272,367.0,191824,348.0,1212,560.0,2643
1274,1272,1273,348.0,189568,560.0,2643,536.0,895
1275,1273,1274,560.0,203347,536.0,895,534.0,1303
1276,1274,1275,536.0,189251,534.0,1303,542.0,1303
1277,1275,1276,544.0,190554,542.0,1303,526.0,1425
1278,1276,1277,542.0,191858,526.0,1425,524.0,1931
1279,1277,1278,526.0,189781,524.0,1931,497.0,48
1280,1278,1279,524.0,191713,497.0,48,452.0,2313
1281,1279,1280,497.0,3086,452.0,2313,383.0,78
1282,1280,1281,452.0,190669,383.0,78,383.0,458
1283,1281,1282,383.0,192278,383.0,458,372.0,8
1284,1282,1283,383.0,192736,372.0,8,412.0,458
1285,1283,1284,378.0,3116,412.0,458,383.0,458
1286,1284,1285,383.0,193653,383.0,458,383.0,458
1287,1285,1286,383.0,194111,383.0,458,383.0,458
1288,1286,1287,383.0,194569,383.0,458,372.0,8
1289,1287,1288,383.0,195027,372.0,8,383.0,458
1290,1288,1289,378.0,3153,383.0,458,367.0,366
1291,1289,1290,383.0,195944,367.0,366,367.0,467
1292,1290,1291,367.0,192566,367.0,467,367.0,468
1293,1291,1292,367.0,193033,367.0,468,367.0,468
1294,1292,1293,367.0,193501,367.0,468,402.0,467
1295,1293,1294,367.0,193969,402.0,467,367.0,468
1296,1294,1295,367.0,194437,367.0,468,367.0,468
1297,1295,1296,367.0,194905,367.0,468,367.0,468
1298,1296,1297,367.0,195373,367.0,468,348.0,3476
1299,1297,1298,367.0,195841,348.0,3476,536.0,73
1300,1298,1299,348.0,195676,536.0,73,534.0,1303
1301,1299,1300,536.0,192273,534.0,1303,542.0,1303
1302,1300,1301,544.0,193576,542.0,1303,526.0,207
1303,1301,1302,542.0,194880,526.0,207,524.0,1931
1304,1302,1303,526.0,192407,524.0,1931,507.0,8
1305,1303,1304,524.0,194339,507.0,8,462.0,476
1306,1304,1305,507.0,3108,462.0,476,458.0,2912
1307,1305,1306,462.0,192676,458.0,2912,383.0,247
1308,1306,1307,458.0,195589,383.0,247,383.0,458
1309,1307,1308,383.0,196291,383.0,458,412.0,458
1310,1308,1309,383.0,196749,412.0,458,383.0,458
1311,1309,1310,383.0,197208,383.0,458,383.0,458
1312,1310,1311,383.0,197666,383.0,458,383.0,458
1313,1311,1312,383.0,198124,383.0,458,412.0,458
1314,1312,1313,383.0,198582,412.0,458,383.0,458
1315,1313,1314,383.0,199041,383.0,458,367.0,71
1316,1314,1315,383.0,199499,367.0,71,367.0,467
1317,1315,1316,367.0,196115,367.0,467,367.0,468
1318,1316,1317,367.0,196582,367.0,468,367.0,468
1319,1317,1318,367.0,197050,367.0,468,402.0,467
1320,1318,1319,367.0,197518,402.0,467,367.0,468
1321,1319,1320,367.0,197986,367.0,468,367.0,468
1322,1320,1321,367.0,198454,367.0,468,367.0,468
1323,1321,1322,367.0,198922,367.0,468,367.0,468
1324,1322,1323,367.0,199390,367.0,468,560.0,1434
1325,1323,1324,367.0,199858,560.0,1434,544.0,554
1326,1324,1325,560.0,210330,544.0,554,542.0,1303
1327,1325,1326,544.0,196598,542.0,1303,539.0,1303
1328,1326,1327,542.0,197902,539.0,1303,524.0,921
1329,1327,1328,539.0,199206,524.0,921,522.0,1931
1330,1328,1329,524.0,196965,522.0,1931,507.0,32
1331,1329,1330,522.0,198897,507.0,32,473.0,1552
1332,1330,1331,507.0,3194,473.0,1552,391.0,2705
1333,1331,1332,473.0,197596,391.0,2705,383.0,417
1334,1332,1333,391.0,202593,383.0,417,383.0,458
1335,1333,1334,383.0,200305,383.0,458,383.0,458
1336,1334,1335,383.0,200763,383.0,458,383.0,458
1337,1335,1336,383.0,201221,383.0,458,383.0,458
1338,1336,1337,383.0,201679,383.0,458,412.0,458
1339,1337,1338,383.0,202137,412.0,458,372.0,8
1340,1338,1339,383.0,202596,372.0,8,383.0,458
1341,1339,1340,378.0,3275,383.0,458,367.0,243
1342,1340,1341,383.0,203512,367.0,243,367.0,468
1343,1341,1342,367.0,200131,367.0,468,357.0,8
1344,1342,1343,367.0,200599,357.0,8,367.0,468
1345,1343,1344,362.0,3243,367.0,468,367.0,468
1346,1344,1345,367.0,201535,367.0,468,367.0,468
1347,1345,1346,367.0,202003,367.0,468,367.0,468
1348,1346,1347,367.0,202471,367.0,468,367.0,468
1349,1347,1348,367.0,202939,367.0,468,348.0,1876
1350,1348,1349,367.0,203407,348.0,1876,560.0,3146
1351,1349,1350,348.0,201764,560.0,3146,542.0,1036
1352,1350,1351,560.0,216138,542.0,1036,539.0,1303
1353,1351,1352,542.0,200924,539.0,1303,534.0,1303
1354,1352,1353,539.0,202228,534.0,1303,522.0,1635
1355,1353,1354,544.0,203531,522.0,1635,519.0,1931
1356,1354,1355,522.0,201523,519.0,1931,491.0,3230
1357,1355,1356,519.0,203455,491.0,3230,473.0,2628
1358,1356,1357,491.0,190222,473.0,2628,378.0,2
1359,1357,1358,473.0,202516,378.0,2,383.0,458
1360,1358,1359,378.0,3288,383.0,458,383.0,458
1361,1359,1360,383.0,204318,383.0,458,383.0,458
1362,1360,1361,383.0,204776,383.0,458,412.0,458
1363,1361,1362,383.0,205234,412.0,458,372.0,8
1364,1362,1363,383.0,205693,372.0,8,383.0,458
1365,1363,1364,378.0,3325,383.0,458,383.0,458
1366,1364,1365,383.0,206609,383.0,458,383.0,458
1367,1365,1366,383.0,207067,383.0,458,367.0,416
1368,1366,1367,383.0,207525,367.0,416,402.0,467
1369,1367,1368,367.0,204148,402.0,467,367.0,468
1370,1368,1369,367.0,204616,367.0,468,367.0,468
1371,1369,1370,367.0,205084,367.0,468,367.0,468
1372,1370,1371,367.0,205552,367.0,468,367.0,468
1373,1371,1372,367.0,206020,367.0,468,357.0,8
1374,1372,1373,367.0,206488,357.0,8,367.0,468
1375,1373,1374,362.0,3338,367.0,468,560.0,224
1376,1374,1375,367.0,207424,560.0,224,542.0,214
1377,1375,1376,560.0,217312,542.0,214,539.0,1303
1378,1376,1377,542.0,203946,539.0,1303,534.0,1303
1379,1377,1378,539.0,205250,534.0,1303,522.0,417
1380,1378,1379,544.0,206553,522.0,417,519.0,1931
1381,1379,1380,522.0,204149,519.0,1931,491.0,853
1382,1380,1381,519.0,206081,491.0,853,462.0,792
1383,1381,1382,491.0,191441,462.0,792,458.0,2912
1384,1382,1383,462.0,204524,458.0,2912,383.0,297
1385,1383,1384,458.0,207437,383.0,297,383.0,458
1386,1384,1385,383.0,207873,383.0,458,383.0,458
1387,1385,1386,383.0,208331,383.0,458,412.0,458
1388,1386,1387,383.0,208789,412.0,458,383.0,458
1389,1387,1388,383.0,209248,383.0,458,383.0,458
1390,1388,1389,383.0,209706,383.0,458,383.0,458
1391,1389,1390,383.0,210164,383.0,458,412.0,458
1392,1390,1391,383.0,210622,412.0,458,367.0,121
1393,1391,1392,383.0,211081,367.0,121,402.0,467
1394,1392,1393,367.0,207697,402.0,467,357.0,8
1395,1393,1394,367.0,208165,357.0,8,367.0,468
1396,1394,1395,362.0,3365,367.0,468,367.0,468
1397,1395,1396,367.0,209101,367.0,468,367.0,468
1398,1396,1397,367.0,209569,367.0,468,367.0,468
1399,1397,1398,367.0,210037,367.0,468,367.0,468
1400,1398,1399,367.0,210505,367.0,468,348.0,277
1401,1399,1400,367.0,210973,348.0,277,560.0,1936
1402,1400,1401,348.0,207853,560.0,1936,539.0,696
1403,1401,1402,560.0,223120,539.0,696,534.0,1303
1404,1402,1403,539.0,208272,534.0,1303,542.0,1303
1405,1403,1404,544.0,209575,542.0,1303,519.0,1131
1406,1404,1405,542.0,210879,519.0,1131,517.0,1931
1407,1405,1406,519.0,208707,517.0,1931,491.0,2246
1408,1406,1407,526.0,210638,491.0,2246,473.0,1868
1409,1407,1408,491.0,196430,473.0,1868,383.0,8
1410,1408,1409,473.0,209444,383.0,8,383.0,458
1411,1409,1410,383.0,211428,383.0,458,412.0,458
1412,1410,1411,383.0,211886,412.0,458,383.0,458
1413,1411,1412,383.0,212345,383.0,458,383.0,458
1414,1412,1413,383.0,212803,383.0,458,383.0,458
1415,1413,1414,383.0,213261,383.0,458,383.0,458
1416,1414,1415,383.0,213719,383.0,458,412.0,458
1417,1415,1416,383.0,214177,412.0,458,383.0,458
1418,1416,1417,383.0,214636,383.0,458,367.0,294
1419,1417,1418,383.0,215094,367.0,294,367.0,468
1420,1418,1419,367.0,211714,367.0,468,367.0,468
1421,1419,1420,367.0,212182,367.0,468,367.0,468
1422,1420,1421,367.0,212650,367.0,468,367.0,468
1423,1421,1422,367.0,213118,367.0,468,367.0,468
1424,1422,1423,367.0,213586,367.0,468,357.0,8
1425,1423,1424,367.0,214054,357.0,8,367.0,468
1426,1424,1425,362.0,3460,367.0,468,348.0,2541
1427,1425,1426,367.0,214990,348.0,2541,560.0,3648
1428,1426,1427,348.0,213961,560.0,3648,544.0,1177
1429,1427,1428,560.0,228928,544.0,1177,543.0,1303
1430,1428,1429,544.0,212597,543.0,1303,542.0,1303
1431,1429,1430,543.0,213901,542.0,1303,526.0,1844
1432,1430,1431,542.0,215205,526.0,1844,517.0,1932
1433,1431,1432,526.0,213264,517.0,1932,454.0,32
1434,1432,1433,526.0,215196,454.0,32,450.0,2912
1435,1433,1434,454.0,211452,450.0,2912,383.0,177
1436,1434,1435,473.0,214364,383.0,177,412.0,458
1437,1435,1436,383.0,215441,412.0,458,383.0,458
1438,1436,1437,383.0,215900,383.0,458,372.0,8
1439,1437,1438,383.0,216358,372.0,8,383.0,458
1440,1438,1439,378.0,3497,383.0,458,383.0,459
1441,1439,1440,383.0,217274,383.0,459,383.0,458
1442,1440,1441,383.0,217733,383.0,458,383.0,458
1443,1441,1442,383.0,218191,383.0,458,383.0,458
1444,1442,1443,383.0,218649,383.0,458,367.0,467
1445,1443,1444,383.0,219107,367.0,467,367.0,468
1446,1444,1445,367.0,215731,367.0,468,367.0,468
1447,1445,1446,367.0,216199,367.0,468,367.0,468
1448,1446,1447,367.0,216667,367.0,468,367.0,468
1449,1447,1448,367.0,217135,367.0,468,367.0,468
1450,1448,1449,367.0,217603,367.0,468,367.0,468
1451,1449,1450,367.0,218071,367.0,468,367.0,468
1452,1450,1451,367.0,218539,367.0,468,560.0,727
1453,1451,1452,367.0,219007,560.0,727,544.0,355
1454,1452,1453,560.0,230103,544.0,355,534.0,1304
1455,1453,1454,544.0,215619,534.0,1304,542.0,1303
1456,1454,1455,544.0,216923,542.0,1303,519.0,627
1457,1455,1456,542.0,218227,519.0,627,517.0,1931
1458,1456,1457,519.0,215891,517.0,1931,491.0,1263
1459,1457,1458,526.0,217822,491.0,1263,468.0,1108
1460,1458,1459,491.0,202639,468.0,1108,391.0,772
1461,1459,1460,468.0,216372,391.0,772,383.0,347
1462,1460,1461,391.0,219880,383.0,347,383.0,458
1463,1461,1462,383.0,219455,383.0,458,383.0,458
1464,1462,1463,383.0,219913,383.0,458,383.0,458
1465,1463,1464,383.0,220371,383.0,458,412.0,458
1466,1464,1465,383.0,220829,412.0,458,383.0,458
1467,1465,1466,383.0,221288,383.0,458,383.0,458
1468,1466,1467,383.0,221746,383.0,458,383.0,458
1469,1467,1468,383.0,222204,383.0,458,367.0,172
1470,1468,1469,383.0,222662,367.0,172,367.0,468
1471,1469,1470,367.0,219280,367.0,468,367.0,468
1472,1470,1471,367.0,219748,367.0,468,367.0,468
1473,1471,1472,367.0,220216,367.0,468,367.0,468
1474,1472,1473,367.0,220684,367.0,468,367.0,468
1475,1473,1474,367.0,221152,367.0,468,357.0,8
1476,1474,1475,367.0,221620,357.0,8,367.0,468
1477,1475,1476,362.0,3582,367.0,468,348.0,942
1478,1476,1477,367.0,222556,348.0,942,560.0,2439
1479,1477,1478,348.0,220050,560.0,2439,544.0,837
1480,1478,1479,560.0,235911,544.0,837,542.0,1303
1481,1479,1480,544.0,219945,542.0,1303,539.0,1303
1482,1480,1481,542.0,221249,539.0,1303,526.0,1340
1483,1481,1482,539.0,222553,526.0,1340,524.0,1931
1484,1482,1483,526.0,220448,524.0,1931,491.0,2655
1485,1483,1484,524.0,222380,491.0,2655,473.0,2184
1486,1484,1485,491.0,207627,473.0,2184,383.0,58
1487,1485,1486,473.0,221292,383.0,58,383.0,458
1488,1486,1487,383.0,223010,383.0,458,383.0,458
1489,1487,1488,383.0,223468,383.0,458,383.0,458
1490,1488,1489,383.0,223926,383.0,458,412.0,458
1491,1489,1490,383.0,224384,412.0,458,383.0,458
1492,1490,1491,383.0,224843,383.0,458,383.0,458
1493,1491,1492,383.0,225301,383.0,458,383.0,458
1494,1492,1493,383.0,225759,383.0,458,372.0,8
1495,1493,1494,383.0,226217,372.0,8,367.0,345
1496,1494,1495,378.0,3656,367.0,345,367.0,468
1497,1495,1496,367.0,223297,367.0,468,367.0,468
1498,1496,1497,367.0,223765,367.0,468,367.0,468
1499,1497,1498,367.0,224233,367.0,468,367.0,468
1500,1498,1499,367.0,224701,367.0,468,367.0,468
1501,1499,1500,367.0,225169,367.0,468,367.0,468
1502,1500,1501,367.0,225637,367.0,468,367.0,467
1503,1501,1502,367.0,226105,367.0,467,348.0,3206
1504,1502,1503,367.0,226572,348.0,3206,542.0,15
1505,1503,1504,348.0,226158,542.0,15,534.0,1304
1506,1504,1505,542.0,222967,534.0,1304,536.0,1303
1507,1505,1506,542.0,224271,536.0,1303,526.0,122
1508,1506,1507,536.0,225575,526.0,122,524.0,1931
1509,1507,1508,526.0,223074,524.0,1931,491.0,279
1510,1508,1509,524.0,225006,491.0,279,454.0,348
1511,1509,1510,491.0,208847,454.0,348,452.0,2912
1512,1510,1511,454.0,223300,452.0,2912,383.0,227
1513,1511,1512,452.0,226213,383.0,227,372.0,8
1514,1512,1513,383.0,227023,372.0,8,412.0,458
1515,1513,1514,378.0,3669,412.0,458,383.0,458
1516,1514,1515,383.0,227940,383.0,458,383.0,458
1517,1515,1516,383.0,228398,383.0,458,383.0,458
1518,1516,1517,383.0,228856,383.0,458,372.0,8
1519,1517,1518,383.0,229314,372.0,8,412.0,458
1520,1518,1519,378.0,3706,412.0,458,367.0,50
1521,1519,1520,383.0,230231,367.0,50,367.0,468
1522,1520,1521,367.0,226846,367.0,468,367.0,468
1523,1521,1522,367.0,227314,367.0,468,367.0,468
1524,1522,1523,367.0,227782,367.0,468,357.0,8
1525,1523,1524,367.0,228250,357.0,8,367.0,468
1526,1524,1525,362.0,3689,367.0,468,367.0,467
1527,1525,1526,367.0,229186,367.0,467,367.0,468
1528,1526,1527,367.0,229653,367.0,468,367.0,468
1529,1527,1528,367.0,230121,367.0,468,560.0,1229
1530,1528,1529,367.0,230589,560.0,1229,541.0,497
1531,1529,1530,560.0,242893,541.0,497,536.0,1303
1532,1530,1531,541.0,227293,536.0,1303,534.0,1303
1533,1531,1532,536.0,228597,534.0,1303,524.0,836
1534,1532,1533,544.0,229900,524.0,836,519.0,1931
1535,1533,1534,524.0,227632,519.0,1931,491.0,1671
1536,1534,1535,519.0,229564,491.0,1671,462.0,1424
1537,1535,1536,491.0,213835,462.0,1424,391.0,2146
1538,1536,1537,462.0,228220,391.0,2146,383.0,396
1539,1537,1538,391.0,232786,383.0,396,412.0,458
1540,1538,1539,383.0,231036,412.0,458,383.0,458
1541,1539,1540,383.0,231495,383.0,458,383.0,458
1542,1540,1541,383.0,231953,383.0,458,383.0,458
1543,1541,1542,383.0,232411,383.0,458,383.0,459
1544,1542,1543,383.0,232869,383.0,459,383.0,458
1545,1543,1544,383.0,233328,383.0,458,383.0,458
1546,1544,1545,383.0,233786,383.0,458,367.0,223
1547,1545,1546,383.0,234244,367.0,223,367.0,468
1548,1546,1547,367.0,230863,367.0,468,367.0,468
1549,1547,1548,367.0,231331,367.0,468,367.0,468
1550,1548,1549,367.0,231799,367.0,468,367.0,468
1551,1549,1550,367.0,232267,367.0,468,367.0,467
1552,1550,1551,367.0,232735,367.0,467,367.0,468
1553,1551,1552,367.0,233202,367.0,468,402.0,467
1554,1552,1553,367.0,233670,402.0,467,348.0,1606
1555,1553,1554,367.0,234138,348.0,1606,560.0,2941
1556,1554,1555,348.0,232246,560.0,2941,536.0,979
1557,1555,1556,560.0,248701,536.0,979,534.0,1303
1558,1556,1557,536.0,231619,534.0,1303,542.0,1303
1559,1557,1558,544.0,232922,542.0,1303,519.0,1550
1560,1558,1559,542.0,234226,519.0,1550,517.0,1931
1561,1559,1560,519.0,232190,517.0,1931,491.0,3064
1562,1560,1561,526.0,234121,491.0,3064,473.0,2500
1563,1561,1562,491.0,218824,473.0,2500,383.0,107
1564,1562,1563,473.0,233140,383.0,107,412.0,458
1565,1563,1564,383.0,234591,412.0,458,383.0,458
1566,1564,1565,383.0,235050,383.0,458,383.0,458
1567,1565,1566,383.0,235508,383.0,458,383.0,458
1568,1566,1567,383.0,235966,383.0,458,412.0,458
1569,1567,1568,383.0,236424,412.0,458,383.0,458
1570,1568,1569,383.0,236883,383.0,458,383.0,458
1571,1569,1570,383.0,237341,383.0,458,383.0,458
1572,1570,1571,383.0,237799,383.0,458,367.0,396
1573,1571,1572,383.0,238257,367.0,396,367.0,468
1574,1572,1573,367.0,234880,367.0,468,367.0,468
1575,1573,1574,367.0,235348,367.0,468,357.0,8
1576,1574,1575,367.0,235816,357.0,8,367.0,468
1577,1575,1576,362.0,3811,367.0,468,367.0,468
1578,1576,1577,367.0,236751,367.0,468,402.0,467
1579,1577,1578,367.0,237219,402.0,467,367.0,468
1580,1578,1579,367.0,237687,367.0,468,167.0,1
1581,1579,1580,367.0,238155,167.0,1,536.0,157
1582,1580,1581,167.0,62,536.0,157,534.0,1303
1583,1581,1582,536.0,234641,534.0,1303,542.0,1303
1584,1582,1583,544.0,235944,542.0,1303,519.0,332
1585,1583,1584,542.0,237248,519.0,332,517.0,1931
1586,1584,1585,519.0,234816,517.0,1931,491.0,688
1587,1585,1586,526.0,236747,491.0,688,473.0,663
1588,1586,1587,491.0,220044,473.0,663,450.0,2913
1589,1587,1588,473.0,235147,450.0,2913,383.0,277
1590,1588,1589,473.0,238060,383.0,277,383.0,458
1591,1589,1590,383.0,238605,383.0,458,383.0,458
1592,1590,1591,383.0,239063,383.0,458,383.0,458
1593,1591,1592,383.0,239521,383.0,458,372.0,8
1594,1592,1593,383.0,239979,372.0,8,383.0,458
1595,1593,1594,378.0,3878,383.0,458,383.0,458
1596,1594,1595,383.0,240896,383.0,458,383.0,458
1597,1595,1596,383.0,241354,383.0,458,367.0,101
1598,1596,1597,383.0,241812,367.0,101,367.0,468
1599,1597,1598,367.0,238429,367.0,468,367.0,468
1600,1598,1599,367.0,238897,367.0,468,367.0,467
1601,1599,1600,367.0,239365,367.0,467,367.0,468
1602,1600,1601,367.0,239832,367.0,468,402.0,467
1603,1601,1602,367.0,240300,402.0,467,367.0,468
1604,1602,1603,367.0,240768,367.0,468,367.0,468
1605,1603,1604,367.0,241236,367.0,468,337.0,1
1606,1604,1605,367.0,241704,337.0,1,560.0,1732
1607,1605,1606,337.0,63,560.0,1732,544.0,638
1608,1606,1607,560.0,255684,544.0,638,542.0,1303
1609,1607,1608,544.0,238966,542.0,1303,539.0,1303
1610,1608,1609,542.0,240270,539.0,1303,526.0,1045
1611,1609,1610,539.0,241574,526.0,1045,517.0,1932
1612,1610,1611,526.0,239373,517.0,1932,491.0,2080
1613,1611,1612,526.0,241305,491.0,2080,458.0,1740
1614,1612,1613,491.0,225032,458.0,1740,391.0,3521
1615,1613,1614,458.0,240068,391.0,3521,383.0,446
1616,1614,1615,391.0,245693,383.0,446,383.0,458
1617,1615,1616,383.0,242618,383.0,458,412.0,458
1618,1616,1617,383.0,243076,412.0,458,383.0,458
1619,1617,1618,383.0,243535,383.0,458,383.0,458
1620,1618,1619,383.0,243993,383.0,458,383.0,458
1621,1619,1620,383.0,244451,383.0,458,383.0,458
1622,1620,1621,383.0,244909,383.0,458,412.0,458
1623,1621,1622,383.0,245367,412.0,458,367.0,274
1624,1622,1623,383.0,245826,367.0,274,367.0,467
1625,1623,1624,367.0,242446,367.0,467,367.0,468
1626,1624,1625,367.0,242913,367.0,468,357.0,8
1627,1625,1626,367.0,243381,357.0,8,402.0,467
1628,1626,1627,362.0,3933,402.0,467,367.0,468
1629,1627,1628,367.0,244317,367.0,468,367.0,468
1630,1628,1629,367.0,244785,367.0,468,367.0,468
1631,1629,1630,367.0,245253,367.0,468,348.0,2271
1632,1630,1631,367.0,245721,348.0,2271,560.0,3444
1633,1631,1632,348.0,244443,560.0,3444,542.0,1120
1634,1632,1633,560.0,261492,542.0,1120,539.0,1303
1635,1633,1634,542.0,243292,539.0,1303,534.0,1303
1636,1634,1635,539.0,244596,534.0,1303,526.0,1759
1637,1635,1636,544.0,245899,526.0,1759,524.0,1931
1638,1636,1637,526.0,243931,524.0,1931,491.0,3473
1639,1637,1638,524.0,245863,491.0,3473,468.0,2816
1640,1638,1639,491.0,230021,468.0,2816,383.0,157
1641,1639,1640,468.0,244988,383.0,157,383.0,458
1642,1640,1641,383.0,246173,383.0,458,412.0,458
1643,1641,1642,383.0,246631,412.0,458,383.0,458
1644,1642,1643,383.0,247090,383.0,458,383.0,458
1645,1643,1644,383.0,247548,383.0,458,383.0,458
1646,1644,1645,383.0,248006,383.0,458,383.0,459
1647,1645,1646,383.0,248464,383.0,459,383.0,458
1648,1646,1647,383.0,248923,383.0,458,383.0,458
1649,1647,1648,383.0,249381,383.0,458,367.0,446
1650,1648,1649,383.0,249839,367.0,446,367.0,468
1651,1649,1650,367.0,246462,367.0,468,367.0,468
1652,1650,1651,367.0,246930,367.0,468,402.0,467
1653,1651,1652,367.0,247398,402.0,467,367.0,468
1654,1652,1653,367.0,247866,367.0,468,367.0,468
1655,1653,1654,367.0,248334,367.0,468,367.0,468
1656,1654,1655,367.0,248802,367.0,468,357.0,8
1657,1655,1656,367.0,249270,357.0,8,560.0,522
1658,1656,1657,362.0,4028,560.0,522,542.0,298
1659,1657,1658,560.0,262666,542.0,298,536.0,1303
1660,1658,1659,542.0,246314,536.0,1303,534.0,1303
1661,1659,1660,536.0,247618,534.0,1303,526.0,541
1662,1660,1661,544.0,248921,526.0,541,524.0,1931
1663,1661,1662,526.0,246557,524.0,1931,491.0,1097
1664,1662,1663,524.0,248489,491.0,1097,473.0,979
1665,1663,1664,491.0,231241,473.0,979,391.0,211
1666,1664,1665,473.0,246995,391.0,211,383.0,326
1667,1665,1666,391.0,250071,383.0,326,412.0,458
1668,1666,1667,383.0,250186,412.0,458,372.0,8
1669,1667,1668,383.0,250645,372.0,8,383.0,458
1670,1668,1669,378.0,4050,383.0,458,383.0,458
1671,1669,1670,383.0,251561,383.0,458,412.0,458
1672,1670,1671,383.0,252019,412.0,458,383.0,458
1673,1671,1672,383.0,252478,383.0,458,372.0,8
1674,1672,1673,383.0,252936,372.0,8,367.0,151
1675,1673,1674,378.0,4087,367.0,151,367.0,468
1676,1674,1675,367.0,250011,367.0,468,402.0,467
1677,1675,1676,367.0,250479,402.0,467,367.0,468
1678,1676,1677,367.0,250947,367.0,468,367.0,468
1679,1677,1678,367.0,251415,367.0,468,367.0,468
1680,1678,1679,367.0,251883,367.0,468,367.0,468
1681,1679,1680,367.0,252351,367.0,468,367.0,468
1682,1680,1681,367.0,252819,367.0,468,348.0,671
1683,1681,1682,367.0,253287,348.0,671,560.0,2234
1684,1682,1683,348.0,250531,560.0,2234,536.0,780
1685,1683,1684,560.0,268474,536.0,780,534.0,1303
1686,1684,1685,536.0,250640,534.0,1303,542.0,1303
1687,1685,1686,544.0,251943,542.0,1303,524.0,1255
1688,1686,1687,542.0,253247,524.0,1255,519.0,1931
1689,1687,1688,524.0,251115,519.0,1931,491.0,2489
1690,1688,1689,519.0,253047,491.0,2489,454.0,2056
1691,1689,1690,491.0,236229,454.0,2056,383.0,38
1692,1690,1691,454.0,251916,383.0,38,372.0,8
1693,1691,1692,383.0,253742,372.0,8,383.0,458
1694,1692,1693,378.0,4100,383.0,458,383.0,458
1695,1693,1694,383.0,254658,383.0,458,383.0,458
1696,1694,1695,383.0,255116,383.0,458,412.0,458
1697,1695,1696,383.0,255574,412.0,458,383.0,458
1698,1696,1697,383.0,256033,383.0,458,383.0,458
1699,1697,1698,383.0,256491,383.0,458,383.0,458
1700,1698,1699,383.0,256949,383.0,458,367.0,324
1701,1699,1700,383.0,257407,367.0,324,402.0,467
1702,1700,1701,367.0,254028,402.0,467,367.0,468
1703,1701,1702,367.0,254496,367.0,468,367.0,468
1704,1702,1703,367.0,254964,367.0,468,367.0,468
1705,1703,1704,367.0,255432,367.0,468,367.0,468
1706,1704,1705,367.0,255900,367.0,468,367.0,468
1707,1705,1706,367.0,256368,367.0,468,357.0,8
1708,1706,1707,367.0,256836,357.0,8,348.0,2936
1709,1707,1708,362.0,4150,348.0,2936,560.0,3947
1710,1708,1709,348.0,256640,560.0,3947,544.0,1261
1711,1709,1710,560.0,274283,544.0,1261,542.0,1303
1712,1710,1711,544.0,254965,542.0,1303,524.0,37
1713,1711,1712,542.0,256269,524.0,37,522.0,1931
1714,1712,1713,524.0,253741,522.0,1931,491.0,113
1715,1713,1714,522.0,255673,491.0,113,472.0,219
1716,1714,1715,491.0,237449,472.0,219,468.0,2912
1717,1715,1716,472.0,253923,468.0,2912,383.0,207
1718,1716,1717,468.0,256836,383.0,207,383.0,458
1719,1717,1718,383.0,257755,383.0,458,383.0,458
1720,1718,1719,383.0,258213,383.0,458,412.0,458
1721,1719,1720,383.0,258671,412.0,458,383.0,458
1722,1720,1721,383.0,259130,383.0,458,383.0,458
1723,1721,1722,383.0,259588,383.0,458,383.0,458
1724,1722,1723,383.0,260046,383.0,458,383.0,458
1725,1723,1724,383.0,260504,383.0,458,367.0,29
1726,1724,1725,383.0,260962,367.0,29,357.0,8
1727,1725,1726,367.0,257577,357.0,8,367.0,468
1728,1726,1727,362.0,4162,367.0,468,367.0,468
1729,1727,1728,367.0,258513,367.0,468,367.0,468
1730,1728,1729,367.0,258981,367.0,468,367.0,468
1731,1729,1730,367.0,259449,367.0,468,367.0,468
1732,1730,1731,367.0,259917,367.0,468,367.0,468
1733,1731,1732,367.0,260385,367.0,468,367.0,468
1734,1732,1733,367.0,260853,367.0,468,560.0,1025
1735,1733,1734,367.0,261321,560.0,1025,544.0,439
1736,1734,1735,560.0,275457,544.0,439,542.0,1303
1737,1735,1736,544.0,257987,542.0,1303,541.0,1303
1738,1736,1737,542.0,259291,541.0,1303,522.0,751
1739,1737,1738,541.0,260595,522.0,751,519.0,1931
1740,1738,1739,522.0,258299,519.0,1931,491.0,1506
1741,1739,1740,519.0,260231,491.0,1506,473.0,1295
1742,1740,1741,491.0,242438,473.0,1295,391.0,1587
1743,1741,1742,473.0,258843,391.0,1587,383.0,376
1744,1742,1743,391.0,262979,383.0,376,383.0,458
1745,1743,1744,383.0,261768,383.0,458,412.0,458
1746,1744,1745,383.0,262226,412.0,458,383.0,458
1747,1745,1746,383.0,262685,383.0,458,383.0,458
1748,1746,1747,383.0,263143,383.0,458,372.0,8
1749,1747,1748,383.0,263601,372.0,8,412.0,458
1750,1748,1749,378.0,4259,412.0,458,383.0,458
1751,1749,1750,383.0,264518,383.0,458,367.0,202
1752,1750,1751,383.0,264976,367.0,202,367.0,468
1753,1751,1752,367.0,261594,367.0,468,367.0,468
1754,1752,1753,367.0,262062,367.0,468,367.0,468
1755,1753,1754,367.0,262530,367.0,468,367.0,468
1756,1754,1755,367.0,262998,367.0,468,357.0,8
1757,1755,1756,367.0,263466,357.0,8,367.0,468
1758,1756,1757,362.0,4257,367.0,468,367.0,468
1759,1757,1758,367.0,264402,367.0,468,348.0,1336
1760,1758,1759,367.0,264870,348.0,1336,560.0,2737
1761,1759,1760,348.0,262728,560.0,2737,542.0,921
1762,1760,1761,560.0,281265,542.0,921,541.0,1303
1763,1761,1762,542.0,262313,541.0,1303,536.0,1303
1764,1762,1763,541.0,263617,536.0,1303,519.0,1465
1765,1763,1764,536.0,264921,519.0,1465,517.0,1931
1766,1764,1765,519.0,262857,517.0,1931,491.0,2898
1767,1765,1766,526.0,264788,491.0,2898,454.0,2372
1768,1766,1767,491.0,247426,454.0,2372,383.0,87
1769,1767,1768,454.0,263764,383.0,87,383.0,458
1770,1768,1769,383.0,265323,383.0,458,412.0,458
1771,1769,1770,383.0,265781,412.0,458,383.0,458
1772,1770,1771,383.0,266240,383.0,458,383.0,458
1773,1771,1772,383.0,266698,383.0,458,383.0,458
1774,1772,1773,383.0,267156,383.0,458,412.0,458
1775,1773,1774,383.0,267614,412.0,458,383.0,458
1776,1774,1775,383.0,268073,383.0,458,383.0,458
1777,1775,1776,383.0,268531,383.0,458,362.0,6
1778,1776,1777,383.0,268989,362.0,6,367.0,468
1779,1777,1778,362.0,4284,367.0,468,367.0,468
1780,1778,1779,367.0,266079,367.0,468,367.0,468
1781,1779,1780,367.0,266547,367.0,468,367.0,468
1782,1780,1781,367.0,267015,367.0,468,367.0,468
1783,1781,1782,367.0,267483,367.0,468,367.0,468
1784,1782,1783,367.0,267951,367.0,468,367.0,468
1785,1783,1784,367.0,268419,367.0,468,348.0,3600
1786,1784,1785,367.0,268887,348.0,3600,542.0,99
1787,1785,1786,348.0,268836,542.0,99,541.0,1303
1788,1786,1787,542.0,265335,541.0,1303,536.0,1303
1789,1787,1788,541.0,266639,536.0,1303,519.0,247
1790,1788,1789,536.0,267943,519.0,247,517.0,1931
1791,1789,1790,519.0,265483,517.0,1931,491.0,522
1792,1790,1791,526.0,267414,491.0,522,473.0,535
1793,1791,1792,491.0,248646,473.0,535,468.0,2912
1794,1792,1793,473.0,265771,468.0,2912,383.0,257
1795,1793,1794,468.0,268684,383.0,257,383.0,458
1796,1794,1795,383.0,269337,383.0,458,383.0,458
1797,1795,1796,383.0,269795,383.0,458,383.0,458
1798,1796,1797,383.0,270253,383.0,458,383.0,458
1799,1797,1798,383.0,270711,383.0,458,412.0,458
1800,1798,1799,383.0,271169,412.0,458,383.0,458
1801,1799,1800,383.0,271628,383.0,458,383.0,458
1802,1800,1801,383.0,272086,383.0,458,367.0,80
1803,1801,1802,383.0,272544,367.0,80,367.0,468
1804,1802,1803,367.0,269160,367.0,468,367.0,468
1805,1803,1804,367.0,269628,367.0,468,367.0,468
1806,1804,1805,367.0,270096,367.0,468,367.0,468
1807,1805,1806,367.0,270564,367.0,468,357.0,8
1808,1806,1807,367.0,271032,357.0,8,367.0,468
1809,1807,1808,362.0,4379,367.0,468,367.0,468
1810,1808,1809,367.0,271968,367.0,468,367.0,467
1811,1809,1810,367.0,272436,367.0,467,560.0,1528
1812,1810,1811,367.0,272903,560.0,1528,541.0,581
1813,1811,1812,560.0,288248,541.0,581,536.0,1303
1814,1812,1813,541.0,269661,536.0,1303,534.0,1303
1815,1813,1814,536.0,270965,534.0,1303,526.0,960
1816,1814,1815,544.0,272268,526.0,960,517.0,1932
1817,1815,1816,526.0,270040,517.0,1932,502.0,33
1818,1816,1817,526.0,271972,502.0,33,473.0,1611
1819,1817,1818,502.0,4373,473.0,1611,391.0,2963
1820,1818,1819,473.0,270691,391.0,2963,383.0,426
1821,1819,1820,391.0,275887,383.0,426,383.0,458
1822,1820,1821,383.0,273350,383.0,458,383.0,458
1823,1821,1822,383.0,273808,383.0,458,372.0,8
1824,1822,1823,383.0,274266,372.0,8,383.0,458
1825,1823,1824,378.0,4431,383.0,458,383.0,458
1826,1824,1825,383.0,275183,383.0,458,383.0,458
1827,1825,1826,383.0,275641,383.0,458,383.0,458
1828,1826,1827,383.0,276099,383.0,458,367.0,253
1829,1827,1828,383.0,276557,367.0,253,367.0,468
1830,1828,1829,367.0,273177,367.0,468,367.0,468
1831,1829,1830,367.0,273645,367.0,468,367.0,468
1832,1830,1831,367.0,274113,367.0,468,367.0,468
1833,1831,1832,367.0,274581,367.0,468,367.0,468
1834,1832,1833,367.0,275049,367.0,468,367.0,468
1835,1833,1834,367.0,275517,367.0,468,367.0,467
1836,1834,1835,367.0,275985,367.0,467,348.0,2001
1837,1835,1836,367.0,276452,348.0,2001,560.0,3240
1838,1836,1837,348.0,274925,560.0,3240,536.0,1063
1839,1837,1838,560.0,294056,536.0,1063,534.0,1303
1840,1838,1839,536.0,273987,534.0,1303,542.0,1303
1841,1839,1840,544.0,275290,542.0,1303,526.0,1674
1842,1840,1841,542.0,276594,526.0,1674,524.0,1931
1843,1841,1842,526.0,274598,524.0,1931,497.0,57
1844,1842,1843,524.0,276530,497.0,57,458.0,2688
1845,1843,1844,497.0,4459,458.0,2688,383.0,137
1846,1844,1845,458.0,275612,383.0,137,383.0,458
1847,1845,1846,383.0,276905,383.0,458,383.0,458
1848,1846,1847,383.0,277363,383.0,458,412.0,458
1849,1847,1848,383.0,277821,412.0,458,383.0,458
1850,1848,1849,383.0,278280,383.0,458,383.0,458
1851,1849,1850,383.0,278738,383.0,458,383.0,458
1852,1850,1851,383.0,279196,383.0,458,412.0,458
1853,1851,1852,383.0,279654,412.0,458,383.0,458
1854,1852,1853,383.0,280113,383.0,458,367.0,426
1855,1853,1854,383.0,280571,367.0,426,367.0,468
1856,1854,1855,367.0,277194,367.0,468,367.0,468
1857,1855,1856,367.0,277662,367.0,468,367.0,468
1858,1856,1857,367.0,278130,367.0,468,357.0,8
1859,1857,1858,367.0,278598,357.0,8,367.0,467
1860,1858,1859,362.0,4501,367.0,467,367.0,468
1861,1859,1860,367.0,279533,367.0,468,367.0,468
1862,1860,1861,367.0,280001,367.0,468,560.0,318
1863,1861,1862,367.0,280469,560.0,318,536.0,241
1864,1862,1863,560.0,295230,536.0,241,534.0,1303
1865,1863,1864,536.0,277009,534.0,1303,542.0,1303
1866,1864,1865,544.0,278312,542.0,1303,526.0,456
1867,1865,1866,542.0,279616,526.0,456,524.0,1931
1868,1866,1867,526.0,277224,524.0,1931,497.0,16
1869,1867,1868,524.0,279156,497.0,16,473.0,851
1870,1868,1869,497.0,4480,473.0,851,472.0,2912
1871,1869,1870,473.0,277619,472.0,2912,383.0,306
1872,1870,1871,472.0,280532,383.0,306,412.0,458
1873,1871,1872,383.0,280918,412.0,458,383.0,458
1874,1872,1873,383.0,281377,383.0,458,383.0,458
1875,1873,1874,383.0,281835,383.0,458,383.0,458
1876,1874,1875,383.0,282293,383.0,458,383.0,458
1877,1875,1876,383.0,282751,383.0,458,412.0,458
1878,1876,1877,383.0,283209,412.0,458,383.0,458
1879,1877,1878,383.0,283668,383.0,458,367.0,131
1880,1878,1879,383.0,284126,367.0,131,367.0,468
1881,1879,1880,367.0,280743,367.0,468,367.0,468
1882,1880,1881,367.0,281211,367.0,468,367.0,468
1883,1881,1882,367.0,281679,367.0,468,367.0,468
1884,1882,1883,367.0,282147,367.0,468,367.0,467
1885,1883,1884,367.0,282615,367.0,467,367.0,468
1886,1884,1885,367.0,283082,367.0,468,402.0,467
1887,1885,1886,367.0,283550,402.0,467,348.0,402
1888,1886,1887,367.0,284018,348.0,402,560.0,2031
1889,1887,1888,348.0,281014,560.0,2031,544.0,722
1890,1888,1889,560.0,301039,544.0,722,542.0,1303
1891,1889,1890,544.0,281334,542.0,1303,539.0,1303
1892,1890,1891,542.0,282638,539.0,1303,524.0,1170
1893,1891,1892,539.0,283942,524.0,1170,519.0,1931
1894,1892,1893,524.0,281782,519.0,1931,497.0,40
1895,1893,1894,519.0,283714,497.0,40,473.0,1927
1896,1894,1895,497.0,4566,473.0,1927,383.0,17
1897,1895,1896,473.0,282539,383.0,17,412.0,458
1898,1896,1897,383.0,284473,412.0,458,372.0,8
1899,1897,1898,383.0,284932,372.0,8,383.0,458
1900,1898,1899,378.0,4603,383.0,458,383.0,458
1901,1899,1900,383.0,285848,383.0,458,412.0,458
1902,1900,1901,383.0,286306,412.0,458,383.0,458
1903,1901,1902,383.0,286765,383.0,458,372.0,8
1904,1902,1903,383.0,287223,372.0,8,383.0,458
1905,1903,1904,378.0,4640,383.0,458,367.0,304
1906,1904,1905,383.0,288139,367.0,304,367.0,468
1907,1905,1906,367.0,284760,367.0,468,357.0,8
1908,1906,1907,367.0,285228,357.0,8,367.0,467
1909,1907,1908,362.0,4608,367.0,467,367.0,468
1910,1908,1909,367.0,286163,367.0,468,367.0,468
1911,1909,1910,367.0,286631,367.0,468,402.0,467
1912,1910,1911,367.0,287099,402.0,467,367.0,468
1913,1911,1912,367.0,287567,367.0,468,348.0,2666
1914,1912,1913,367.0,288035,348.0,2666,560.0,3743
1915,1913,1914,348.0,287122,560.0,3743,542.0,1204
1916,1914,1915,560.0,306847,542.0,1204,539.0,1303
1917,1915,1916,542.0,285660,539.0,1303,534.0,1303
1918,1916,1917,539.0,286964,534.0,1303,522.0,1884
1919,1917,1918,544.0,288267,522.0,1884,517.0,1931
1920,1918,1919,522.0,286340,517.0,1931,462.0,91
1921,1919,1920,526.0,288271,462.0,91,458.0,2912
1922,1920,1921,462.0,284547,458.0,2912,378.0,3
1923,1921,1922,458.0,287460,378.0,3,383.0,458
1924,1922,1923,378.0,4653,383.0,458,383.0,458
1925,1923,1924,383.0,288945,383.0,458,383.0,458
1926,1924,1925,383.0,289403,383.0,458,412.0,458
1927,1925,1926,383.0,289861,412.0,458,383.0,458
1928,1926,1927,383.0,290320,383.0,458,383.0,458
1929,1927,1928,383.0,290778,383.0,458,383.0,458
1930,1928,1929,383.0,291236,383.0,458,367.0,9
1931,1929,1930,383.0,291694,367.0,9,367.0,468
1932,1930,1931,367.0,288309,367.0,468,367.0,468
1933,1931,1932,367.0,288777,367.0,468,367.0,467
1934,1932,1933,367.0,289245,367.0,467,367.0,468
1935,1933,1934,367.0,289712,367.0,468,367.0,468
1936,1934,1935,367.0,290180,367.0,468,402.0,467
1937,1935,1936,367.0,290648,402.0,467,367.0,468
1938,1936,1937,367.0,291116,367.0,468,367.0,468
1939,1937,1938,367.0,291584,367.0,468,560.0,821
1940,1938,1939,367.0,292052,560.0,821,542.0,382
1941,1939,1940,560.0,308021,542.0,382,539.0,1303
1942,1940,1941,542.0,288682,539.0,1303,534.0,1303
1943,1941,1942,539.0,289986,534.0,1303,522.0,666
1944,1942,1943,544.0,291289,522.0,666,519.0,1931
1945,1943,1944,522.0,288966,519.0,1931,497.0,23
1946,1944,1945,519.0,290898,497.0,23,473.0,1167
1947,1945,1946,497.0,4673,473.0,1167,391.0,1029
1948,1946,1947,473.0,289467,391.0,1029,383.0,356
1949,1947,1948,391.0,293173,383.0,356,383.0,458
1950,1948,1949,383.0,292500,383.0,458,383.0,458
1951,1949,1950,383.0,292958,383.0,458,412.0,458
1952,1950,1951,383.0,293416,412.0,458,383.0,458
1953,1951,1952,383.0,293875,383.0,458,383.0,458
1954,1952,1953,383.0,294333,383.0,458,383.0,458
1955,1953,1954,383.0,294791,383.0,458,412.0,458
1956,1954,1955,383.0,295249,412.0,458,367.0,182
1957,1955,1956,383.0,295708,367.0,182,367.0,468
1958,1956,1957,367.0,292326,367.0,468,357.0,8
1959,1957,1958,367.0,292794,357.0,8,367.0,468
1960,1958,1959,362.0,4730,367.0,468,402.0,467
1961,1959,1960,367.0,293729,402.0,467,367.0,468
1962,1960,1961,367.0,294197,367.0,468,367.0,468
1963,1961,1962,367.0,294665,367.0,468,367.0,468
1964,1962,1963,367.0,295133,367.0,468,348.0,1066
1965,1963,1964,367.0,295601,348.0,1066,560.0,2533
1966,1964,1965,348.0,293210,560.0,2533,539.0,864
1967,1965,1966,560.0,313829,539.0,864,534.0,1303
1968,1966,1967,539.0,293008,534.0,1303,542.0,1303
1969,1967,1968,544.0,294311,542.0,1303,526.0,1379
1970,1968,1969,542.0,295615,526.0,1379,517.0,1932
1971,1969,1970,526.0,293523,517.0,1932,497.0,47
1972,1970,1971,526.0,295455,497.0,47,473.0,2243
1973,1971,1972,497.0,4759,473.0,2243,383.0,67
1974,1972,1973,473.0,294387,383.0,67,383.0,458
1975,1973,1974,383.0,296055,383.0,458,412.0,458
1976,1974,1975,383.0,296513,412.0,458,383.0,458
1977,1975,1976,383.0,296972,383.0,458,383.0,458
1978,1976,1977,383.0,297430,383.0,458,372.0,8
1979,1977,1978,383.0,297888,372.0,8,383.0,458
1980,1978,1979,378.0,4812,383.0,458,412.0,458
1981,1979,1980,383.0,298804,412.0,458,383.0,458
1982,1980,1981,383.0,299263,383.0,458,367.0,354
1983,1981,1982,383.0,299721,367.0,354,367.0,468
1984,1982,1983,367.0,296342,367.0,468,367.0,468
1985,1983,1984,367.0,296810,367.0,468,402.0,467
1986,1984,1985,367.0,297278,402.0,467,367.0,468
1987,1985,1986,367.0,297746,367.0,468,367.0,468
1988,1986,1987,367.0,298214,367.0,468,357.0,8
1989,1987,1988,367.0,298682,357.0,8,367.0,468
1990,1988,1989,362.0,4825,367.0,468,348.0,3330
1991,1989,1990,367.0,299618,348.0,3330,536.0,42
1992,1990,1991,348.0,299318,536.0,42,534.0,1303
1993,1991,1992,536.0,296030,534.0,1303,542.0,1303
1994,1992,1993,544.0,297333,542.0,1303,526.0,161
1995,1993,1994,542.0,298637,526.0,161,517.0,1932
1996,1994,1995,526.0,296149,517.0,1932,497.0,6
1997,1995,1996,526.0,298081,497.0,6,458.0,407
1998,1996,1997,497.0,4780,458.0,407,454.0,2912
1999,1997,1998,458.0,296395,454.0,2912,383.0,236
2000,1998,1999,454.0,299308,383.0,236,412.0,458
2001,1999,2000,383.0,300068,412.0,458,383.0,458
2002,2000,2001,383.0,300527,383.0,458,383.0,458
2003,2001,2002,383.0,300985,383.0,458,383.0,458
2004,2002,2003,383.0,301443,383.0,458,412.0,458
2005,2003,2004,383.0,301901,412.0,458,383.0,458
2006,2004,2005,383.0,302360,383.0,458,383.0,458
2007,2005,2006,383.0,302818,383.0,458,367.0,59
2008,2006,2007,383.0,303276,367.0,59,367.0,468
2009,2007,2008,367.0,299891,367.0,468,357.0,8
2010,2008,2009,367.0,300359,357.0,8,367.0,468
2011,2009,2010,362.0,4852,367.0,468,367.0,468
2012,2010,2011,367.0,301295,367.0,468,367.0,468
2013,2011,2012,367.0,301763,367.0,468,367.0,468
2014,2012,2013,367.0,302231,367.0,468,367.0,468
2015,2013,2014,367.0,302699,367.0,468,367.0,468
2016,2014,2015,367.0,303167,367.0,468,560.0,1324
2017,2015,2016,367.0,303635,560.0,1324,544.0,523
2018,2016,2017,560.0,320812,544.0,523,542.0,1303
2019,2017,2018,544.0,300355,542.0,1303,541.0,1303
2020,2018,2019,542.0,301659,541.0,1303,526.0,875
2021,2019,2020,541.0,302963,526.0,875,524.0,1931
2022,2020,2021,526.0,300707,524.0,1931,497.0,30
2023,2021,2022,524.0,302639,497.0,30,473.0,1483
2024,2022,2023,497.0,4866,473.0,1483,391.0,2404
2025,2023,2024,473.0,301315,391.0,2404,383.0,406
2026,2024,2025,391.0,306080,383.0,406,383.0,458
2027,2025,2026,383.0,304082,383.0,458,383.0,458
2028,2026,2027,383.0,304540,383.0,458,383.0,458
2029,2027,2028,383.0,304998,383.0,458,412.0,458
2030,2028,2029,383.0,305456,412.0,458,383.0,458
2031,2029,2030,383.0,305915,383.0,458,383.0,458
2032,2030,2031,383.0,306373,383.0,458,383.0,458
2033,2031,2032,383.0,306831,383.0,458,367.0,232
2034,2032,2033,383.0,307289,367.0,232,402.0,467
2035,2033,2034,367.0,303908,402.0,467,367.0,468
2036,2034,2035,367.0,304376,367.0,468,367.0,468
2037,2035,2036,367.0,304844,367.0,468,367.0,468
2038,2036,2037,367.0,305312,367.0,468,367.0,468
2039,2037,2038,367.0,305780,367.0,468,357.0,8
2040,2038,2039,367.0,306248,357.0,8,367.0,468
2041,2039,2040,362.0,4947,367.0,468,348.0,1731
2042,2040,2041,367.0,307184,348.0,1731,560.0,3036
2043,2041,2042,348.0,305407,560.0,3036,542.0,1005
2044,2042,2043,560.0,326620,542.0,1005,541.0,1303
2045,2043,2044,542.0,304681,541.0,1303,536.0,1303
2046,2044,2045,541.0,305985,536.0,1303,524.0,1589
2047,2045,2046,536.0,307289,524.0,1589,522.0,1931
2048,2046,2047,524.0,305265,522.0,1931,497.0,54
2049,2047,2048,522.0,307197,497.0,54,473.0,2559
2050,2048,2049,497.0,4952,473.0,2559,383.0,117
2051,2049,2050,473.0,306235,383.0,117,383.0,458
2052,2050,2051,383.0,307637,383.0,458,383.0,458
2053,2051,2052,383.0,308095,383.0,458,372.0,8
2054,2052,2053,383.0,308553,372.0,8,412.0,458
2055,2053,2054,378.0,4984,412.0,458,383.0,458
2056,2054,2055,383.0,309470,383.0,458,383.0,458
2057,2055,2056,383.0,309928,383.0,458,383.0,458
2058,2056,2057,383.0,310386,383.0,458,372.0,8
2059,2057,2058,383.0,310844,372.0,8,367.0,405
2060,2058,2059,378.0,5021,367.0,405,367.0,468
2061,2059,2060,367.0,307925,367.0,468,367.0,468
2062,2060,2061,367.0,308393,367.0,468,367.0,468
2063,2061,2062,367.0,308861,367.0,468,367.0,468
2064,2062,2063,367.0,309329,367.0,468,367.0,468
2065,2063,2064,367.0,309797,367.0,468,367.0,468
2066,2064,2065,367.0,310265,367.0,468,367.0,468
2067,2065,2066,367.0,310733,367.0,468,560.0,114
2068,2066,2067,367.0,311201,560.0,114,542.0,183
2069,2067,2068,560.0,327794,542.0,183,541.0,1303
2070,2068,2069,542.0,307703,541.0,1303,536.0,1303
2071,2069,2070,541.0,309007,536.0,1303,526.0,371
2072,2070,2071,536.0,310311,526.0,371,522.0,1931
2073,2071,2072,526.0,307891,522.0,1931,497.0,13
2074,2072,2073,522.0,309823,497.0,13,462.0,723
2075,2073,2074,497.0,4973,462.0,723,458.0,2912
2076,2074,2075,462.0,308243,458.0,2912,383.0,286
2077,2075,2076,458.0,311156,383.0,286,372.0,8
2078,2076,2077,383.0,311650,372.0,8,412.0,458
2079,2077,2078,378.0,5034,412.0,458,383.0,458
2080,2078,2079,383.0,312567,383.0,458,383.0,458
2081,2079,2080,383.0,313025,383.0,458,383.0,458
2082,2080,2081,383.0,313483,383.0,458,383.0,458
2083,2081,2082,383.0,313941,383.0,458,412.0,458
2084,2082,2083,383.0,314399,412.0,458,367.0,110
2085,2083,2084,383.0,314858,367.0,110,367.0,468
2086,2084,2085,367.0,311474,367.0,468,367.0,468
2087,2085,2086,367.0,311942,367.0,468,367.0,468
2088,2086,2087,367.0,312410,367.0,468,367.0,468
2089,2087,2088,367.0,312878,367.0,468,367.0,468
2090,2088,2089,367.0,313346,367.0,468,357.0,8
2091,2089,2090,367.0,313814,357.0,8,367.0,468
2092,2090,2091,362.0,5069,367.0,468,348.0,132
2093,2091,2092,367.0,314750,348.0,132,560.0,1826
2094,2092,2093,348.0,311496,560.0,1826,541.0,665
2095,2093,2094,560.0,333602,541.0,665,536.0,1303
2096,2094,2095,541.0,312029,536.0,1303,534.0,1303
2097,2095,2096,536.0,313333,534.0,1303,522.0,1085
2098,2096,2097,544.0,314636,522.0,1085,519.0,1931
2099,2097,2098,522.0,312449,519.0,1931,497.0,37
2100,2098,2099,519.0,314381,497.0,37,473.0,1799
2101,2099,2100,497.0,5059,473.0,1799,391.0,3780
2102,2100,2101,473.0,313163,391.0,3780,383.0,455
2103,2101,2102,391.0,318988,383.0,455,412.0,458
2104,2102,2103,383.0,315663,412.0,458,383.0,458
2105,2103,2104,383.0,316122,383.0,458,383.0,458
2106,2104,2105,383.0,316580,383.0,458,383.0,458
2107,2105,2106,383.0,317038,383.0,458,412.0,458
2108,2106,2107,383.0,317496,412.0,458,383.0,458
2109,2107,2108,383.0,317955,383.0,458,383.0,458
2110,2108,2109,383.0,318413,383.0,458,367.0,283
2111,2109,2110,383.0,318871,367.0,283,367.0,468
2112,2110,2111,367.0,315491,367.0,468,367.0,468
2113,2111,2112,367.0,315959,367.0,468,367.0,468
2114,2112,2113,367.0,316427,367.0,468,367.0,468
2115,2113,2114,367.0,316895,367.0,468,367.0,468
2116,2114,2115,367.0,317363,367.0,468,367.0,468
2117,2115,2116,367.0,317831,367.0,468,367.0,468
2118,2116,2117,367.0,318299,367.0,468,348.0,2396
2119,2117,2118,367.0,318767,348.0,2396,560.0,3539
2120,2118,2119,348.0,317604,560.0,3539,536.0,1147
2121,2119,2120,560.0,339411,536.0,1147,534.0,1303
2122,2120,2121,536.0,316355,534.0,1303,542.0,1303
2123,2121,2122,544.0,317658,542.0,1303,519.0,1799
2124,2122,2123,542.0,318962,519.0,1799,517.0,1931
2125,2123,2124,519.0,317007,517.0,1931,497.0,61
2126,2124,2125,526.0,318938,497.0,61,473.0,2875
2127,2125,2126,497.0,5145,473.0,2875,383.0,167
2128,2126,2127,473.0,318083,383.0,167,383.0,458
2129,2127,2128,383.0,319219,383.0,458,383.0,458
2130,2128,2129,383.0,319677,383.0,458,383.0,458
2131,2129,2130,383.0,320135,383.0,458,383.0,458
2132,2130,2131,383.0,320593,383.0,458,412.0,458
2133,2131,2132,383.0,321051,412.0,458,372.0,8
2134,2132,2133,383.0,321510,372.0,8,383.0,458
2135,2133,2134,378.0,5193,383.0,458,383.0,458
2136,2134,2135,383.0,322426,383.0,458,367.0,456
2137,2135,2136,383.0,322884,367.0,456,367.0,468
2138,2136,2137,367.0,319508,367.0,468,367.0,468
2139,2137,2138,367.0,319976,367.0,468,357.0,8
2140,2138,2139,367.0,320444,357.0,8,367.0,468
2141,2139,2140,362.0,5176,367.0,468,367.0,468
2142,2140,2141,367.0,321380,367.0,468,367.0,468
2143,2141,2142,367.0,321848,367.0,468,367.0,467
2144,2142,2143,367.0,322316,367.0,467,560.0,617
2145,2143,2144,367.0,322783,560.0,617,536.0,325
2146,2144,2145,560.0,340585,536.0,325,534.0,1303
2147,2145,2146,536.0,319377,534.0,1303,542.0,1303
2148,2146,2147,544.0,320680,542.0,1303,522.0,581
2149,2147,2148,542.0,321984,522.0,581,517.0,1931
2150,2148,2149,522.0,319633,517.0,1931,497.0,20
2151,2149,2150,526.0,321564,497.0,20,468.0,1039
2152,2150,2151,497.0,5166,468.0,1039,391.0,471
2153,2151,2152,468.0,320091,391.0,471,383.0,336
2154,2152,2153,391.0,323367,383.0,336,383.0,458
2155,2153,2154,383.0,323232,383.0,458,383.0,458
2156,2154,2155,383.0,323690,383.0,458,412.0,458
2157,2155,2156,383.0,324148,412.0,458,383.0,458
2158,2156,2157,383.0,324607,383.0,458,383.0,458
2159,2157,2158,383.0,325065,383.0,458,383.0,458
2160,2158,2159,383.0,325523,383.0,458,383.0,458
2161,2159,2160,383.0,325981,383.0,458,367.0,161
2162,2160,2161,383.0,326439,367.0,161,367.0,468
2163,2161,2162,367.0,323057,367.0,468,367.0,468
2164,2162,2163,367.0,323525,367.0,468,367.0,468
2165,2163,2164,367.0,323993,367.0,468,367.0,468
2166,2164,2165,367.0,324461,367.0,468,367.0,468
2167,2165,2166,367.0,324929,367.0,468,367.0,468
2168,2166,2167,367.0,325397,367.0,468,367.0,467
2169,2167,2168,367.0,325865,367.0,467,348.0,797
2170,2168,2169,367.0,326332,348.0,797,560.0,2329
2171,2169,2170,348.0,323693,560.0,2329,544.0,806
2172,2170,2171,560.0,346393,544.0,806,542.0,1303
2173,2171,2172,544.0,323702,542.0,1303,539.0,1303
2174,2172,2173,542.0,325006,539.0,1303,526.0,1294
2175,2173,2174,539.0,326310,526.0,1294,517.0,1932
2176,2174,2175,526.0,324190,517.0,1932,497.0,44
2177,2175,2176,526.0,326122,497.0,44,473.0,2115
2178,2176,2177,497.0,5252,473.0,2115,383.0,47
2179,2177,2178,473.0,325011,383.0,47,383.0,458
2180,2178,2179,383.0,326787,383.0,458,383.0,458
2181,2179,2180,383.0,327245,383.0,458,412.0,458
2182,2180,2181,383.0,327703,412.0,458,383.0,458
2183,2181,2182,383.0,328162,383.0,458,383.0,458
2184,2182,2183,383.0,328620,383.0,458,383.0,458
2185,2183,2184,383.0,329078,383.0,458,383.0,459
2186,2184,2185,383.0,329536,383.0,459,383.0,458
2187,2185,2186,383.0,329995,383.0,458,367.0,334
2188,2186,2187,383.0,330453,367.0,334,367.0,468
2189,2187,2188,367.0,327074,367.0,468,367.0,468
2190,2188,2189,367.0,327542,367.0,468,357.0,8
2191,2189,2190,367.0,328010,357.0,8,367.0,468
2192,2190,2191,362.0,5298,367.0,468,367.0,468
2193,2191,2192,367.0,328946,367.0,468,367.0,467
2194,2192,2193,367.0,329414,367.0,467,367.0,468
2195,2193,2194,367.0,329881,367.0,468,348.0,3061
2196,2194,2195,367.0,330349,348.0,3061,560.0,4041
2197,2195,2196,348.0,329801,560.0,4041,542.0,1288
2198,2196,2197,560.0,352201,542.0,1288,539.0,1303
2199,2197,2198,542.0,328028,539.0,1303,519.0,77
2200,2198,2199,539.0,329332,519.0,77,517.0,1931
2201,2199,2200,519.0,326817,517.0,1931,497.0,3
2202,2200,2201,526.0,328748,497.0,3,454.0,279
2203,2201,2202,497.0,5273,454.0,279,452.0,2912
2204,2202,2203,454.0,327019,452.0,2912,383.0,216
2205,2203,2204,452.0,329932,383.0,216,383.0,458
2206,2204,2205,383.0,330800,383.0,458,412.0,458
2207,2205,2206,383.0,331258,412.0,458,383.0,458
2208,2206,2207,383.0,331717,383.0,458,372.0,8
2209,2207,2208,383.0,332175,372.0,8,383.0,458
2210,2208,2209,378.0,5365,383.0,458,412.0,458
2211,2209,2210,383.0,333091,412.0,458,383.0,458
2212,2210,2211,383.0,333550,383.0,458,367.0,39
2213,2211,2212,383.0,334008,367.0,39,367.0,468
2214,2212,2213,367.0,330623,367.0,468,367.0,468
2215,2213,2214,367.0,331091,367.0,468,367.0,468
2216,2214,2215,367.0,331559,367.0,468,367.0,468
2217,2215,2216,367.0,332027,367.0,468,367.0,467
2218,2216,2217,367.0,332495,367.0,467,367.0,468
2219,2217,2218,367.0,332962,367.0,468,367.0,468
2220,2218,2219,367.0,333430,367.0,468,357.0,8
2221,2219,2220,367.0,333898,357.0,8,560.0,1120
2222,2220,2221,362.0,5393,560.0,1120,542.0,466
2223,2221,2222,560.0,353376,542.0,466,539.0,1303
2224,2222,2223,542.0,331050,539.0,1303,534.0,1303
2225,2223,2224,539.0,332354,534.0,1303,526.0,790
2226,2224,2225,544.0,333657,526.0,790,524.0,1931
2227,2225,2226,526.0,331374,524.0,1931,497.0,27
2228,2226,2227,524.0,333306,497.0,27,462.0,1355
2229,2227,2228,497.0,5359,462.0,1355,391.0,1846
2230,2228,2229,462.0,331939,391.0,1846,383.0,386
2231,2229,2230,391.0,336274,383.0,386,383.0,458
2232,2230,2231,383.0,334814,383.0,458,372.0,8
2233,2231,2232,383.0,335272,372.0,8,383.0,458
2234,2232,2233,378.0,5415,383.0,458,383.0,458
2235,2233,2234,383.0,336188,383.0,458,412.0,458
2236,2234,2235,383.0,336646,412.0,458,383.0,458
2237,2235,2236,383.0,337105,383.0,458,383.0,458
2238,2236,2237,383.0,337563,383.0,458,367.0,212
2239,2237,2238,383.0,338021,367.0,212,367.0,468
2240,2238,2239,367.0,334640,367.0,468,367.0,468
2241,2239,2240,367.0,335108,367.0,468,357.0,8
2242,2240,2241,367.0,335576,357.0,8,367.0,467
2243,2241,2242,362.0,5420,367.0,467,367.0,468
2244,2242,2243,367.0,336511,367.0,468,402.0,467
2245,2243,2244,367.0,336979,402.0,467,367.0,468
2246,2244,2245,367.0,337447,367.0,468,348.0,1461
2247,2245,2246,367.0,337915,348.0,1461,560.0,2832
2248,2246,2247,348.0,335889,560.0,2832,539.0,948
2249,2247,2248,560.0,359184,539.0,948,534.0,1303
2250,2248,2249,539.0,335376,534.0,1303,542.0,1303
2251,2249,2250,544.0,336679,542.0,1303,524.0,1504
2252,2250,2251,542.0,337983,524.0,1504,522.0,1931
2253,2251,2252,524.0,335932,522.0,1931,497.0,51
2254,2252,2253,522.0,337864,497.0,51,473.0,2431
2255,2253,2254,497.0,5445,473.0,2431,383.0,97
2256,2254,2255,473.0,336859,383.0,97,383.0,458
2257,2255,2256,383.0,338369,383.0,458,383.0,458
2258,2256,2257,383.0,338827,383.0,458,383.0,458
2259,2257,2258,383.0,339285,383.0,458,412.0,458
2260,2258,2259,383.0,339743,412.0,458,383.0,458
2261,2259,2260,383.0,340202,383.0,458,383.0,458
2262,2260,2261,383.0,340660,383.0,458,383.0,458
2263,2261,2262,383.0,341118,383.0,458,383.0,458
2264,2262,2263,383.0,341576,383.0,458,367.0,385
2265,2263,2264,383.0,342034,367.0,385,367.0,468
2266,2264,2265,367.0,338657,367.0,468,367.0,467
2267,2265,2266,367.0,339125,367.0,467,367.0,468
2268,2266,2267,367.0,339592,367.0,468,367.0,468
2269,2267,2268,367.0,340060,367.0,468,402.0,467
2270,2268,2269,367.0,340528,402.0,467,367.0,468
2271,2269,2270,367.0,340996,367.0,468,357.0,8
2272,2270,2271,367.0,341464,357.0,8,348.0,3726
2273,2271,2272,362.0,5515,348.0,3726,539.0,126
2274,2272,2273,348.0,341998,539.0,126,534.0,1303
2275,2273,2274,539.0,338398,534.0,1303,543.0,1303
2276,2274,2275,544.0,339701,543.0,1303,526.0,286
2277,2275,2276,543.0,341005,526.0,286,522.0,1931
2278,2276,2277,526.0,338558,522.0,1931,497.0,10
2279,2277,2278,522.0,340490,497.0,10,454.0,595
2280,2278,2279,497.0,5466,454.0,595,450.0,2912
2281,2279,2280,454.0,338867,450.0,2912,383.0,266
2282,2280,2281,475.0,341779,383.0,266,383.0,458
2283,2281,2282,383.0,342382,383.0,458,383.0,458
2284,2282,2283,383.0,342840,383.0,458,412.0,458
2285,2283,2284,383.0,343298,412.0,458,383.0,458
2286,2284,2285,383.0,343757,383.0,458,383.0,458
2287,2285,2286,383.0,344215,383.0,458,383.0,458
2288,2286,2287,383.0,344673,383.0,458,372.0,8
2289,2287,2288,383.0,345131,372.0,8,367.0,90
2290,2288,2289,378.0,5574,367.0,90,357.0,8
2291,2289,2290,367.0,342206,357.0,8,367.0,467
2292,2290,2291,362.0,5527,367.0,467,367.0,468
2293,2291,2292,367.0,343141,367.0,468,367.0,468
2294,2292,2293,367.0,343609,367.0,468,402.0,467
2295,2293,2294,367.0,344077,402.0,467,367.0,468
2296,2294,2295,367.0,344545,367.0,468,367.0,468
2297,2295,2296,367.0,345013,367.0,468,367.0,468
2298,2296,2297,367.0,345481,367.0,468,560.0,1622
2299,2297,2298,367.0,345949,560.0,1622,544.0,607
2300,2298,2299,560.0,366166,544.0,607,542.0,1303
2301,2299,2300,544.0,342723,542.0,1303,534.0,1304
2302,2300,2301,542.0,344027,534.0,1304,522.0,1000
2303,2301,2302,542.0,345331,522.0,1000,519.0,1931
2304,2302,2303,522.0,343116,519.0,1931,497.0,34
2305,2303,2304,519.0,345048,497.0,34,462.0,1671
2306,2304,2305,497.0,5552,462.0,1671,391.0,3222
2307,2305,2306,462.0,343787,391.0,3222,378.0,7
2308,2306,2307,391.0,349182,378.0,7,383.0,458
2309,2307,2308,378.0,5587,383.0,458,412.0,458
2310,2308,2309,383.0,346853,412.0,458,383.0,458
2311,2309,2310,383.0,347312,383.0,458,383.0,458
2312,2310,2311,383.0,347770,383.0,458,383.0,458
2313,2311,2312,383.0,348228,383.0,458,412.0,458
2314,2312,2313,383.0,348686,412.0,458,383.0,458
2315,2313,2314,383.0,349145,383.0,458,367.0,262
2316,2314,2315,383.0,349603,367.0,262,367.0,468
2317,2315,2316,367.0,346222,367.0,468,367.0,468
2318,2316,2317,367.0,346690,367.0,468,402.0,467
2319,2317,2318,367.0,347158,402.0,467,367.0,468
2320,2318,2319,367.0,347626,367.0,468,367.0,468
2321,2319,2320,367.0,348094,367.0,468,367.0,468
2322,2320,2321,367.0,348562,367.0,468,357.0,8
2323,2321,2322,367.0,349030,357.0,8,348.0,2126
2324,2322,2323,362.0,5637,348.0,2126,560.0,3334
2325,2323,2324,348.0,348086,560.0,3334,542.0,1089
2326,2324,2325,560.0,371974,542.0,1089,541.0,1303
2327,2325,2326,542.0,347049,541.0,1303,536.0,1303
2328,2326,2327,541.0,348353,536.0,1303,519.0,1714
2329,2327,2328,536.0,349657,519.0,1714,517.0,1931
2330,2328,2329,519.0,347674,517.0,1931,497.0,58
2331,2329,2330,526.0,349605,497.0,58,473.0,2747
2332,2330,2331,497.0,5638,473.0,2747,383.0,146
2333,2331,2332,473.0,348707,383.0,146,412.0,458
2334,2332,2333,383.0,349950,412.0,458,383.0,458
2335,2333,2334,383.0,350409,383.0,458,383.0,458
2336,2334,2335,383.0,350867,383.0,458,383.0,458
2337,2335,2336,383.0,351325,383.0,458,383.0,458
2338,2336,2337,383.0,351783,383.0,458,412.0,458
2339,2337,2338,383.0,352241,412.0,458,383.0,458
2340,2338,2339,383.0,352700,383.0,458,383.0,458
2341,2339,2340,383.0,353158,383.0,458,362.0,7
2342,2340,2341,383.0,353616,362.0,7,367.0,468
2343,2341,2342,362.0,5649,367.0,468,402.0,467
2344,2342,2343,367.0,350707,402.0,467,367.0,468
2345,2343,2344,367.0,351175,367.0,468,367.0,468
2346,2344,2345,367.0,351643,367.0,468,367.0,468
2347,2345,2346,367.0,352111,367.0,468,367.0,468
2348,2346,2347,367.0,352579,367.0,468,367.0,468
2349,2347,2348,367.0,353047,367.0,468,560.0,413
2350,2348,2349,367.0,353515,560.0,413,542.0,267
2351,2349,2350,560.0,373149,542.0,267,541.0,1303
2352,2350,2351,542.0,350071,541.0,1303,536.0,1303
2353,2351,2352,541.0,351375,536.0,1303,519.0,496
2354,2352,2353,536.0,352679,519.0,496,517.0,1931
2355,2353,2354,519.0,350300,517.0,1931,497.0,17
2356,2354,2355,526.0,352231,497.0,17,473.0,910
2357,2355,2356,497.0,5659,473.0,910,450.0,2913
2358,2356,2357,473.0,350714,450.0,2913,383.0,316
2359,2357,2358,473.0,353627,383.0,316,383.0,458
2360,2358,2359,383.0,353964,383.0,458,383.0,458
2361,2359,2360,383.0,354422,383.0,458,383.0,458
2362,2360,2361,383.0,354880,383.0,458,412.0,458
2363,2361,2362,383.0,355338,412.0,458,372.0,8
2364,2362,2363,383.0,355797,372.0,8,383.0,458
2365,2363,2364,378.0,5746,383.0,458,383.0,458
2366,2364,2365,383.0,356713,383.0,458,367.0,140
2367,2365,2366,383.0,357171,367.0,140,402.0,467
2368,2366,2367,367.0,353788,402.0,467,367.0,468
2369,2367,2368,367.0,354256,367.0,468,367.0,468
2370,2368,2369,367.0,354724,367.0,468,367.0,468
2371,2369,2370,367.0,355192,367.0,468,357.0,8
2372,2370,2371,367.0,355660,357.0,8,367.0,468
2373,2371,2372,362.0,5744,367.0,468,367.0,468
2374,2372,2373,367.0,356596,367.0,468,348.0,526
2375,2373,2374,367.0,357064,348.0,526,560.0,2125
2376,2374,2375,348.0,354174,560.0,2125,541.0,749
2377,2375,2376,560.0,378957,541.0,749,536.0,1303
2378,2376,2377,541.0,354397,536.0,1303,534.0,1303
2379,2377,2378,536.0,355701,534.0,1303,526.0,1209
2380,2378,2379,544.0,357004,526.0,1209,524.0,1931
2381,2379,2380,526.0,354857,524.0,1931,497.0,41
2382,2380,2381,524.0,356789,497.0,41,458.0,1987
2383,2381,2382,497.0,5745,458.0,1987,383.0,27
2384,2382,2383,458.0,355635,383.0,27,383.0,458
2385,2383,2384,383.0,357519,383.0,458,383.0,458
2386,2384,2385,383.0,357977,383.0,458,383.0,458
2387,2385,2386,383.0,358435,383.0,458,372.0,8
2388,2386,2387,383.0,358893,372.0,8,383.0,458
2389,2387,2388,378.0,5796,383.0,458,383.0,458
2390,2388,2389,383.0,359810,383.0,458,383.0,458
2391,2389,2390,383.0,360268,383.0,458,412.0,458
2392,2390,2391,383.0,360726,412.0,458,362.0,5
2393,2391,2392,383.0,361185,362.0,5,367.0,468
2394,2392,2393,362.0,5771,367.0,468,367.0,468
2395,2393,2394,367.0,358273,367.0,468,367.0,468
2396,2394,2395,367.0,358741,367.0,468,367.0,468
2397,2395,2396,367.0,359209,367.0,468,367.0,468
2398,2396,2397,367.0,359677,367.0,468,367.0,468
2399,2397,2398,367.0,360145,367.0,468,367.0,468
2400,2398,2399,367.0,360613,367.0,468,348.0,2791
2401,2399,2400,367.0,361081,348.0,2791,560.0,3837
2402,2400,2401,348.0,360283,560.0,3837,544.0,1230
2403,2401,2402,560.0,384765,544.0,1230,534.0,1304
2404,2402,2403,544.0,358722,534.0,1304,542.0,1303
2405,2403,2404,544.0,360026,542.0,1303,524.0,1923
2406,2404,2405,542.0,361330,524.0,1923,441.0,1
2407,2405,2406,524.0,359415,441.0,1,473.0,150
2408,2406,2407,441.0,94,473.0,150,468.0,2912
2409,2407,2408,473.0,357642,468.0,2912,383.0,196
2410,2408,2409,468.0,360555,383.0,196,383.0,458
2411,2409,2410,383.0,361532,383.0,458,383.0,458
2412,2410,2411,383.0,361990,383.0,458,412.0,458
2413,2411,2412,383.0,362448,412.0,458,383.0,458
2414,2412,2413,383.0,362907,383.0,458,383.0,458
2415,2413,2414,383.0,363365,383.0,458,383.0,458
2416,2414,2415,383.0,363823,383.0,458,412.0,458
2417,2415,2416,383.0,364281,412.0,458,367.0,18
2418,2416,2417,383.0,364740,367.0,18,367.0,468
2419,2417,2418,367.0,361354,367.0,468,367.0,468
2420,2418,2419,367.0,361822,367.0,468,367.0,468
2421,2419,2420,367.0,362290,367.0,468,367.0,468
2422,2420,2421,367.0,362758,367.0,468,357.0,8
2423,2421,2422,367.0,363226,357.0,8,367.0,468
2424,2422,2423,362.0,5866,367.0,468,367.0,468
2425,2423,2424,367.0,364162,367.0,468,367.0,468
2426,2424,2425,367.0,364630,367.0,468,560.0,915
2427,2425,2426,367.0,365098,560.0,915,544.0,408
2428,2426,2427,560.0,385939,544.0,408,534.0,1304
2429,2427,2428,544.0,361744,534.0,1304,542.0,1303
2430,2428,2429,544.0,363048,542.0,1303,524.0,705
2431,2429,2430,542.0,364352,524.0,705,522.0,1931
2432,2430,2431,524.0,362041,522.0,1931,497.0,24
2433,2431,2432,522.0,363973,497.0,24,473.0,1226
2434,2432,2433,497.0,5852,473.0,1226,391.0,1287
2435,2433,2434,473.0,362562,391.0,1287,383.0,365
2436,2434,2435,391.0,366467,383.0,365,412.0,458
2437,2435,2436,383.0,365545,412.0,458,383.0,458
2438,2436,2437,383.0,366004,383.0,458,372.0,8
2439,2437,2438,383.0,366462,372.0,8,383.0,458
2440,2438,2439,378.0,5918,383.0,458,383.0,458
2441,2439,2440,383.0,367378,383.0,458,412.0,458
2442,2440,2441,383.0,367836,412.0,458,383.0,458
2443,2441,2442,383.0,368295,383.0,458,367.0,191
2444,2442,2443,383.0,368753,367.0,191,367.0,468
2445,2443,2444,367.0,365371,367.0,468,367.0,468
2446,2444,2445,367.0,365839,367.0,468,367.0,468
2447,2445,2446,367.0,366307,367.0,468,367.0,468
2448,2446,2447,367.0,366775,367.0,468,367.0,468
2449,2447,2448,367.0,367243,367.0,468,367.0,468
2450,2448,2449,367.0,367711,367.0,468,367.0,468
2451,2449,2450,367.0,368179,367.0,468,348.0,1191
2452,2450,2451,367.0,368647,348.0,1191,560.0,2627
2453,2451,2452,348.0,366371,560.0,2627,543.0,890
2454,2452,2453,560.0,391747,543.0,890,542.0,1303
2455,2453,2454,543.0,366070,542.0,1303,539.0,1303
2456,2454,2455,542.0,367374,539.0,1303,522.0,1419
2457,2455,2456,539.0,368678,522.0,1419,519.0,1931
2458,2456,2457,522.0,366599,519.0,1931,497.0,48
2459,2457,2458,519.0,368531,497.0,48,454.0,2303
2460,2458,2459,497.0,5938,454.0,2303,383.0,76
2461,2459,2460,454.0,367483,383.0,76,412.0,458
2462,2460,2461,383.0,369100,412.0,458,372.0,8
2463,2461,2462,383.0,369559,372.0,8,383.0,458
2464,2462,2463,378.0,5968,383.0,458,383.0,458
2465,2463,2464,383.0,370475,383.0,458,412.0,458
2466,2464,2465,383.0,370933,412.0,458,383.0,458
2467,2465,2466,383.0,371392,383.0,458,383.0,458
2468,2466,2467,383.0,371850,383.0,458,383.0,458
2469,2467,2468,383.0,372308,383.0,458,367.0,364
2470,2468,2469,383.0,372766,367.0,364,367.0,468
2471,2469,2470,367.0,369388,367.0,468,367.0,468
2472,2470,2471,367.0,369856,367.0,468,367.0,468
2473,2471,2472,367.0,370324,367.0,468,357.0,8
2474,2472,2473,367.0,370792,357.0,8,367.0,468
2475,2473,2474,362.0,5988,367.0,468,367.0,468
2476,2474,2475,367.0,371728,367.0,468,367.0,467
2477,2475,2476,367.0,372196,367.0,467,348.0,3455
2478,2476,2477,367.0,372663,348.0,3455,544.0,68
2479,2477,2478,348.0,372479,544.0,68,542.0,1303
2480,2478,2479,544.0,369092,542.0,1303,539.0,1303
2481,2479,2480,542.0,370396,539.0,1303,522.0,201
2482,2480,2481,539.0,371700,522.0,201,519.0,1931
2483,2481,2482,522.0,369225,519.0,1931,497.0,7
2484,2482,2483,519.0,371157,497.0,7,473.0,466
2485,2483,2484,497.0,5959,473.0,466,468.0,2912
2486,2484,2485,473.0,369490,468.0,2912,383.0,246
2487,2485,2486,468.0,372403,383.0,246,383.0,458
2488,2486,2487,383.0,373114,383.0,458,383.0,458
2489,2487,2488,383.0,373572,383.0,458,383.0,458
2490,2488,2489,383.0,374030,383.0,458,412.0,458
2491,2489,2490,383.0,374488,412.0,458,383.0,458
2492,2490,2491,383.0,374947,383.0,458,383.0,458
2493,2491,2492,383.0,375405,383.0,458,383.0,458
2494,2492,2493,383.0,375863,383.0,458,367.0,69
2495,2493,2494,383.0,376321,367.0,69,367.0,468
2496,2494,2495,367.0,372937,367.0,468,367.0,468
2497,2495,2496,367.0,373405,367.0,468,367.0,468
2498,2496,2497,367.0,373873,367.0,468,367.0,468
2499,2497,2498,367.0,374341,367.0,468,367.0,468
2500,2498,2499,367.0,374809,367.0,468,367.0,468
2501,2499,2500,367.0,375277,367.0,468,367.0,467
2502,2500,2501,367.0,375745,367.0,467,367.0,468
2503,2501,2502,367.0,376212,367.0,468,560.0,1418
2504,2502,2503,367.0,376680,560.0,1418,542.0,550
2505,2503,2504,560.0,398730,542.0,550,539.0,1303
2506,2504,2505,542.0,373418,539.0,1303,534.0,1303
2507,2505,2506,539.0,374722,534.0,1303,519.0,915
2508,2506,2507,544.0,376025,519.0,915,517.0,1931
2509,2507,2508,519.0,373783,517.0,1931,497.0,31
2510,2508,2509,526.0,375714,497.0,31,473.0,1542
2511,2509,2510,497.0,6045,473.0,1542,391.0,2663
2512,2510,2511,473.0,374410,391.0,2663,383.0,415
2513,2511,2512,391.0,379375,383.0,415,383.0,458
2514,2512,2513,383.0,377127,383.0,458,383.0,458
2515,2513,2514,383.0,377585,383.0,458,412.0,458
2516,2514,2515,383.0,378043,412.0,458,383.0,458
2517,2515,2516,383.0,378502,383.0,458,383.0,458
2518,2516,2517,383.0,378960,383.0,458,372.0,8
2519,2517,2518,383.0,379418,372.0,8,412.0,458
2520,2518,2519,378.0,6127,412.0,458,367.0,242
2521,2519,2520,383.0,380335,367.0,242,367.0,468
2522,2520,2521,367.0,376954,367.0,468,357.0,8
2523,2521,2522,367.0,377422,357.0,8,367.0,468
2524,2522,2523,362.0,6095,367.0,468,367.0,468
2525,2523,2524,367.0,378358,367.0,468,367.0,467
2526,2524,2525,367.0,378826,367.0,467,367.0,468
2527,2525,2526,367.0,379293,367.0,468,367.0,468
2528,2526,2527,367.0,379761,367.0,468,348.0,1856
2529,2527,2528,367.0,380229,348.0,1856,560.0,3130
2530,2528,2529,348.0,378568,560.0,3130,536.0,1032
2531,2529,2530,560.0,404538,536.0,1032,534.0,1303
2532,2530,2531,536.0,377744,534.0,1303,542.0,1303
2533,2531,2532,544.0,379047,542.0,1303,526.0,1628
2534,2532,2533,542.0,380351,526.0,1628,524.0,1931
2535,2533,2534,526.0,378340,524.0,1931,497.0,55
2536,2534,2535,524.0,380272,497.0,55,454.0,2619
2537,2535,2536,497.0,6131,454.0,2619,378.0,2
2538,2536,2537,454.0,379331,378.0,2,383.0,458
2539,2537,2538,378.0,6140,383.0,458,412.0,458
2540,2538,2539,383.0,381140,412.0,458,383.0,458
2541,2539,2540,383.0,381599,383.0,458,383.0,458
2542,2540,2541,383.0,382057,383.0,458,383.0,458
2543,2541,2542,383.0,382515,383.0,458,383.0,458
2544,2542,2543,383.0,382973,383.0,458,412.0,458
2545,2543,2544,383.0,383431,412.0,458,383.0,458
2546,2544,2545,383.0,383890,383.0,458,367.0,415
2547,2545,2546,383.0,384348,367.0,415,367.0,468
2548,2546,2547,367.0,380971,367.0,468,367.0,468
2549,2547,2548,367.0,381439,367.0,468,367.0,468
2550,2548,2549,367.0,381907,367.0,468,367.0,467
2551,2549,2550,367.0,382375,367.0,467,367.0,468
2552,2550,2551,367.0,382842,367.0,468,402.0,467
2553,2551,2552,367.0,383310,402.0,467,367.0,468
2554,2552,2553,367.0,383778,367.0,468,560.0,208
2555,2553,2554,367.0,384246,560.0,208,536.0,210
2556,2554,2555,560.0,405712,536.0,210,534.0,1303
2557,2555,2556,536.0,380766,534.0,1303,542.0,1303
2558,2556,2557,544.0,382069,542.0,1303,526.0,410
2559,2557,2558,542.0,383373,526.0,410,517.0,1932
2560,2558,2559,526.0,380966,517.0,1932,497.0,14
2561,2559,2560,526.0,382898,497.0,14,468.0,782
2562,2560,2561,497.0,6152,468.0,782,450.0,2913
2563,2561,2562,468.0,381338,450.0,2913,383.0,295
2564,2562,2563,468.0,384251,383.0,295,412.0,458
2565,2563,2564,383.0,384695,412.0,458,383.0,458
2566,2564,2565,383.0,385154,383.0,458,383.0,458
2567,2565,2566,383.0,385612,383.0,458,383.0,458
2568,2566,2567,383.0,386070,383.0,458,412.0,458
2569,2567,2568,383.0,386528,412.0,458,383.0,458
2570,2568,2569,383.0,386987,383.0,458,383.0,458
2571,2569,2570,383.0,387445,383.0,458,367.0,120
2572,2570,2571,383.0,387903,367.0,120,367.0,468
2573,2571,2572,367.0,384520,367.0,468,357.0,8
2574,2572,2573,367.0,384988,357.0,8,367.0,467
2575,2573,2574,362.0,6217,367.0,467,367.0,468
2576,2574,2575,367.0,385923,367.0,468,367.0,468
2577,2575,2576,367.0,386391,367.0,468,402.0,467
2578,2576,2577,367.0,386859,402.0,467,367.0,468
2579,2577,2578,367.0,387327,367.0,468,348.0,256
2580,2578,2579,367.0,387795,348.0,256,560.0,1921
2581,2579,2580,348.0,384656,560.0,1921,544.0,691
2582,2580,2581,560.0,411521,544.0,691,542.0,1303
2583,2581,2582,544.0,385091,542.0,1303,539.0,1303
2584,2582,2583,542.0,386395,539.0,1303,526.0,1124
2585,2583,2584,539.0,387699,526.0,1124,522.0,1931
2586,2584,2585,526.0,385524,522.0,1931,497.0,38
2587,2585,2586,522.0,387456,497.0,38,473.0,1858
2588,2586,2587,497.0,6238,473.0,1858,383.0,7
2589,2587,2588,473.0,386258,383.0,7,383.0,458
2590,2588,2589,383.0,388251,383.0,458,383.0,458
2591,2589,2590,383.0,388709,383.0,458,383.0,458
2592,2590,2591,383.0,389167,383.0,458,383.0,458
2593,2591,2592,383.0,389625,383.0,458,372.0,8
2594,2592,2593,383.0,390083,372.0,8,383.0,458
2595,2593,2594,378.0,6299,383.0,458,383.0,458
2596,2594,2595,383.0,391000,383.0,458,383.0,458
2597,2595,2596,383.0,391458,383.0,458,367.0,293
2598,2596,2597,383.0,391916,367.0,293,367.0,468
2599,2597,2598,367.0,388537,367.0,468,367.0,467
2600,2598,2599,367.0,389005,367.0,467,367.0,468
2601,2599,2600,367.0,389472,367.0,468,367.0,468
2602,2600,2601,367.0,389940,367.0,468,402.0,467
2603,2601,2602,367.0,390408,402.0,467,357.0,8
2604,2602,2603,367.0,390876,357.0,8,367.0,468
2605,2603,2604,362.0,6312,367.0,468,348.0,2520
2606,2604,2605,367.0,391812,348.0,2520,560.0,3633
2607,2605,2606,348.0,390764,560.0,3633,542.0,1173
2608,2606,2607,560.0,417329,542.0,1173,539.0,1303
2609,2607,2608,542.0,389417,539.0,1303,534.0,1303
2610,2608,2609,539.0,390721,534.0,1303,522.0,1838
2611,2609,2610,544.0,392024,522.0,1838,519.0,1931
2612,2610,2611,522.0,390082,519.0,1931,443.0,1
2613,2611,2612,519.0,392014,443.0,1,452.0,2912
2614,2612,2613,443.0,102,452.0,2912,383.0,176
2615,2613,2614,452.0,391179,383.0,176,383.0,458
2616,2614,2615,383.0,392264,383.0,458,383.0,458
2617,2615,2616,383.0,392722,383.0,458,372.0,8
2618,2616,2617,383.0,393180,372.0,8,412.0,458
2619,2617,2618,378.0,6349,412.0,458,383.0,458
2620,2618,2619,383.0,394097,383.0,458,383.0,458
2621,2619,2620,383.0,394555,383.0,458,383.0,458
2622,2620,2621,383.0,395013,383.0,458,412.0,458
2623,2621,2622,383.0,395471,412.0,458,367.0,465
2624,2622,2623,383.0,395930,367.0,465,357.0,8
2625,2623,2624,367.0,392553,357.0,8,367.0,468
2626,2624,2625,362.0,6339,367.0,468,402.0,467
2627,2625,2626,367.0,393489,402.0,467,367.0,468
2628,2626,2627,367.0,393957,367.0,468,367.0,468
2629,2627,2628,367.0,394425,367.0,468,367.0,468
2630,2628,2629,367.0,394893,367.0,468,367.0,468
2631,2629,2630,367.0,395361,367.0,468,560.0,711
2632,2630,2631,367.0,395829,560.0,711,542.0,351
2633,2631,2632,560.0,418503,542.0,351,539.0,1303
2634,2632,2633,542.0,392439,539.0,1303,534.0,1303
2635,2633,2634,539.0,393743,534.0,1303,522.0,620
2636,2634,2635,544.0,395046,522.0,620,519.0,1931
2637,2635,2636,522.0,392708,519.0,1931,497.0,21
2638,2636,2637,519.0,394640,497.0,21,462.0,1098
2639,2637,2638,497.0,6345,462.0,1098,391.0,727
2640,2638,2639,462.0,393186,391.0,727,383.0,345
2641,2639,2640,391.0,396659,383.0,345,383.0,458
2642,2640,2641,383.0,396277,383.0,458,412.0,458
2643,2641,2642,383.0,396735,412.0,458,383.0,458
2644,2642,2643,383.0,397194,383.0,458,383.0,458
2645,2643,2644,383.0,397652,383.0,458,383.0,458
2646,2644,2645,383.0,398110,383.0,458,383.0,458
2647,2645,2646,383.0,398568,383.0,458,412.0,458
2648,2646,2647,383.0,399026,412.0,458,367.0,170
2649,2647,2648,383.0,399485,367.0,170,367.0,468
2650,2648,2649,367.0,396102,367.0,468,402.0,467
2651,2649,2650,367.0,396570,402.0,467,367.0,468
2652,2650,2651,367.0,397038,367.0,468,367.0,468
2653,2651,2652,367.0,397506,367.0,468,367.0,468
2654,2652,2653,367.0,397974,367.0,468,357.0,8
2655,2653,2654,367.0,398442,357.0,8,367.0,468
2656,2654,2655,362.0,6434,367.0,468,348.0,920
2657,2655,2656,367.0,399378,348.0,920,560.0,2423
2658,2656,2657,348.0,396852,560.0,2423,536.0,833
2659,2657,2658,560.0,424311,536.0,833,534.0,1303
2660,2658,2659,536.0,396765,534.0,1303,542.0,1303
2661,2659,2660,544.0,398068,542.0,1303,526.0,1333
2662,2660,2661,542.0,399372,526.0,1333,517.0,1932
2663,2661,2662,526.0,397265,517.0,1932,497.0,45
2664,2662,2663,526.0,399197,497.0,45,473.0,2174
2665,2663,2664,497.0,6431,473.0,2174,383.0,56
2666,2664,2665,473.0,398106,383.0,56,383.0,458
2667,2665,2666,383.0,399832,383.0,458,412.0,458
2668,2666,2667,383.0,400290,412.0,458,383.0,458
2669,2667,2668,383.0,400749,383.0,458,383.0,458
2670,2668,2669,383.0,401207,383.0,458,383.0,458
2671,2669,2670,383.0,401665,383.0,458,412.0,458
2672,2670,2671,383.0,402123,412.0,458,383.0,458
2673,2671,2672,383.0,402582,383.0,458,372.0,8
2674,2672,2673,383.0,403040,372.0,8,367.0,343
2675,2673,2674,378.0,6508,367.0,343,402.0,467
2676,2674,2675,367.0,400119,402.0,467,367.0,468
2677,2675,2676,367.0,400587,367.0,468,367.0,468
2678,2676,2677,367.0,401055,367.0,468,367.0,468
2679,2677,2678,367.0,401523,367.0,468,367.0,468
2680,2678,2679,367.0,401991,367.0,468,367.0,468
2681,2679,2680,367.0,402459,367.0,468,367.0,468
2682,2680,2681,367.0,402927,367.0,468,348.0,3185
2683,2681,2682,367.0,403395,348.0,3185,435.0,1
2684,2682,2683,348.0,402961,435.0,1,534.0,1303
2685,2683,2684,435.0,105,534.0,1303,542.0,1303
2686,2684,2685,544.0,401090,542.0,1303,526.0,115
2687,2685,2686,542.0,402394,526.0,115,517.0,1932
2688,2686,2687,526.0,399891,517.0,1932,497.0,4
2689,2687,2688,526.0,401823,497.0,4,473.0,337
2690,2688,2689,497.0,6452,473.0,337,450.0,2913
2691,2689,2690,473.0,400113,450.0,2913,383.0,225
2692,2690,2691,473.0,403026,383.0,225,372.0,8
2693,2691,2692,383.0,403845,372.0,8,383.0,458
2694,2692,2693,378.0,6521,383.0,458,383.0,458
2695,2693,2694,383.0,404762,383.0,458,383.0,458
2696,2694,2695,383.0,405220,383.0,458,412.0,458
2697,2695,2696,383.0,405678,412.0,458,383.0,458
2698,2696,2697,383.0,406137,383.0,458,383.0,458
2699,2697,2698,383.0,406595,383.0,458,367.0,48
2700,2698,2699,383.0,407053,367.0,48,402.0,467
2701,2699,2700,367.0,403668,402.0,467,367.0,468
2702,2700,2701,367.0,404136,367.0,468,367.0,468
2703,2701,2702,367.0,404604,367.0,468,367.0,468
2704,2702,2703,367.0,405072,367.0,468,367.0,468
2705,2703,2704,367.0,405540,367.0,468,357.0,8
2706,2704,2705,367.0,406008,357.0,8,367.0,468
2707,2705,2706,362.0,6556,367.0,468,367.0,468
2708,2706,2707,367.0,406944,367.0,468,560.0,1213
2709,2707,2708,367.0,407412,560.0,1213,544.0,492
2710,2708,2709,560.0,431293,544.0,492,542.0,1303
2711,2709,2710,544.0,404112,542.0,1303,541.0,1303
2712,2710,2711,542.0,405416,541.0,1303,526.0,829
2713,2711,2712,541.0,406720,526.0,829,524.0,1931
2714,2712,2713,526.0,404449,524.0,1931,497.0,28
2715,2713,2714,524.0,406381,497.0,28,458.0,1414
2716,2714,2715,497.0,6538,458.0,1414,391.0,2102
2717,2715,2716,458.0,405034,391.0,2102,383.0,395
2718,2716,2717,391.0,409566,383.0,395,383.0,458
2719,2717,2718,383.0,407859,383.0,458,383.0,458
2720,2718,2719,383.0,408317,383.0,458,383.0,458
2721,2719,2720,383.0,408775,383.0,458,412.0,458
2722,2720,2721,383.0,409233,412.0,458,383.0,458
2723,2721,2722,383.0,409692,383.0,458,383.0,458
2724,2722,2723,383.0,410150,383.0,458,383.0,458
2725,2723,2724,383.0,410608,383.0,458,367.0,221
2726,2724,2725,383.0,411066,367.0,221,367.0,468
2727,2725,2726,367.0,407685,367.0,468,367.0,468
2728,2726,2727,367.0,408153,367.0,468,367.0,468
2729,2727,2728,367.0,408621,367.0,468,367.0,468
2730,2728,2729,367.0,409089,367.0,468,367.0,468
2731,2729,2730,367.0,409557,367.0,468,367.0,468
2732,2730,2731,367.0,410025,367.0,468,367.0,468
2733,2731,2732,367.0,410493,367.0,468,348.0,1585
2734,2732,2733,367.0,410961,348.0,1585,560.0,2926
2735,2733,2734,348.0,409049,560.0,2926,542.0,974
2736,2734,2735,560.0,437102,542.0,974,541.0,1303
2737,2735,2736,542.0,408438,541.0,1303,536.0,1303
2738,2736,2737,541.0,409742,536.0,1303,524.0,1543
2739,2737,2738,536.0,411046,524.0,1543,522.0,1931
2740,2738,2739,524.0,409007,522.0,1931,497.0,52
2741,2739,2740,522.0,410939,497.0,52,471.0,2490
2742,2740,2741,497.0,6624,471.0,2490,383.0,106
2743,2741,2742,471.0,409954,383.0,106,383.0,458
2744,2742,2743,383.0,411414,383.0,458,383.0,458
2745,2743,2744,383.0,411872,383.0,458,412.0,458
2746,2744,2745,383.0,412330,412.0,458,383.0,458
2747,2745,2746,383.0,412789,383.0,458,383.0,458
2748,2746,2747,383.0,413247,383.0,458,372.0,8
2749,2747,2748,383.0,413705,372.0,8,383.0,458
2750,2748,2749,378.0,6680,383.0,458,412.0,458
2751,2749,2750,383.0,414621,412.0,458,367.0,394
2752,2750,2751,383.0,415080,367.0,394,367.0,468
2753,2751,2752,367.0,411702,367.0,468,367.0,468
2754,2752,2753,367.0,412170,367.0,468,357.0,8
2755,2753,2754,367.0,412638,357.0,8,367.0,468
2756,2754,2755,362.0,6663,367.0,468,367.0,468
2757,2755,2756,367.0,413574,367.0,468,367.0,468
2758,2756,2757,367.0,414042,367.0,468,367.0,468
2759,2757,2758,367.0,414510,367.0,468,167.0,1
2760,2758,2759,367.0,414978,167.0,1,542.0,152
2761,2759,2760,167.0,108,542.0,152,541.0,1303
2762,2760,2761,542.0,411460,541.0,1303,536.0,1303
2763,2761,2762,541.0,412764,536.0,1303,526.0,325
2764,2762,2763,536.0,414068,526.0,325,522.0,1931
2765,2763,2764,526.0,411633,522.0,1931,497.0,11
2766,2764,2765,522.0,413565,497.0,11,473.0,653
2767,2765,2766,497.0,6645,473.0,653,450.0,2913
2768,2766,2767,473.0,411961,450.0,2913,383.0,275
2769,2767,2768,473.0,414874,383.0,275,383.0,458
2770,2768,2769,383.0,415427,383.0,458,412.0,458
2771,2769,2770,383.0,415885,412.0,458,383.0,458
2772,2770,2771,383.0,416344,383.0,458,372.0,8
2773,2771,2772,383.0,416802,372.0,8,383.0,458
2774,2772,2773,378.0,6730,383.0,458,412.0,458
2775,2773,2774,383.0,417718,412.0,458,383.0,458
2776,2774,2775,383.0,418177,383.0,458,367.0,99
2777,2775,2776,383.0,418635,367.0,99,367.0,468
2778,2776,2777,367.0,415251,367.0,468,367.0,468
2779,2777,2778,367.0,415719,367.0,468,367.0,468
2780,2778,2779,367.0,416187,367.0,468,367.0,468
2781,2779,2780,367.0,416655,367.0,468,367.0,468
2782,2780,2781,367.0,417123,367.0,468,367.0,468
2783,2781,2782,367.0,417591,367.0,468,367.0,468
2784,2782,2783,367.0,418059,367.0,468,367.0,467
2785,2783,2784,367.0,418527,367.0,467,560.0,1716
2786,2784,2785,367.0,418994,560.0,1716,539.0,634
2787,2785,2786,560.0,444084,539.0,634,536.0,1303
2788,2786,2787,539.0,415786,536.0,1303,534.0,1303
2789,2787,2788,536.0,417090,534.0,1303,522.0,1039
2790,2788,2789,544.0,418393,522.0,1039,519.0,1931
2791,2789,2790,522.0,416191,519.0,1931,497.0,35
2792,2790,2791,519.0,418123,497.0,35,458.0,1730
2793,2791,2792,497.0,6731,458.0,1730,391.0,3478
2794,2792,2793,458.0,416882,391.0,3478,383.0,445
2795,2793,2794,391.0,422474,383.0,445,383.0,458
2796,2794,2795,383.0,419441,383.0,458,383.0,458
2797,2795,2796,383.0,419899,383.0,458,383.0,458
2798,2796,2797,383.0,420357,383.0,458,383.0,458
2799,2797,2798,383.0,420815,383.0,458,412.0,458
2800,2798,2799,383.0,421273,412.0,458,383.0,458
2801,2799,2800,383.0,421732,383.0,458,383.0,458
2802,2800,2801,383.0,422190,383.0,458,367.0,272
2803,2801,2802,383.0,422648,367.0,272,367.0,468
2804,2802,2803,367.0,419268,367.0,468,367.0,468
2805,2803,2804,367.0,419736,367.0,468,357.0,8
2806,2804,2805,367.0,420204,357.0,8,367.0,468
2807,2805,2806,362.0,6785,367.0,468,367.0,468
2808,2806,2807,367.0,421140,367.0,468,367.0,468
2809,2807,2808,367.0,421608,367.0,468,367.0,467
2810,2808,2809,367.0,422076,367.0,467,348.0,2250
2811,2809,2810,367.0,422543,348.0,2250,560.0,3428
2812,2810,2811,348.0,421246,560.0,3428,546.0,1115
2813,2811,2812,560.0,449892,546.0,1115,544.0,1303
2814,2812,2813,546.0,420111,544.0,1303,542.0,1303
2815,2813,2814,544.0,421415,542.0,1303,519.0,1753
2816,2814,2815,542.0,422719,519.0,1753,517.0,1931
2817,2815,2816,519.0,420749,517.0,1931,497.0,59
2818,2816,2817,526.0,422680,497.0,59,473.0,2806
2819,2817,2818,497.0,6817,473.0,2806,383.0,156
2820,2818,2819,473.0,421802,383.0,156,383.0,458
2821,2819,2820,383.0,422996,383.0,458,383.0,458
2822,2820,2821,383.0,423454,383.0,458,383.0,458
2823,2821,2822,383.0,423912,383.0,458,383.0,459
2824,2822,2823,383.0,424370,383.0,459,383.0,458
2825,2823,2824,383.0,424829,383.0,458,383.0,458
2826,2824,2825,383.0,425287,383.0,458,383.0,458
2827,2825,2826,383.0,425745,383.0,458,383.0,458
2828,2826,2827,383.0,426203,383.0,458,367.0,445
2829,2827,2828,383.0,426661,367.0,445,367.0,468
2830,2828,2829,367.0,423285,367.0,468,367.0,468
2831,2829,2830,367.0,423753,367.0,468,367.0,468
2832,2830,2831,367.0,424221,367.0,468,367.0,468
2833,2831,2832,367.0,424689,367.0,468,367.0,467
2834,2832,2833,367.0,425157,367.0,467,367.0,468
2835,2833,2834,367.0,425624,367.0,468,357.0,8
2836,2834,2835,367.0,426092,357.0,8,560.0,507
2837,2835,2836,362.0,6880,560.0,507,544.0,293
2838,2836,2837,560.0,451067,544.0,293,534.0,1304
2839,2837,2838,544.0,423133,534.0,1304,542.0,1303
2840,2838,2839,544.0,424437,542.0,1303,519.0,535
2841,2839,2840,542.0,425741,519.0,535,517.0,1931
2842,2840,2841,519.0,423375,517.0,1931,507.0,19
2843,2841,2842,526.0,425306,507.0,19,473.0,969
2844,2842,2843,507.0,6839,473.0,969,391.0,168
2845,2843,2844,473.0,423809,391.0,168,383.0,325
2846,2844,2845,391.0,426852,383.0,325,383.0,458
2847,2845,2846,383.0,427009,383.0,458,372.0,8
2848,2846,2847,383.0,427467,372.0,8,412.0,458
2849,2847,2848,378.0,6902,412.0,458,383.0,458
2850,2848,2849,383.0,428384,383.0,458,383.0,458
2851,2849,2850,383.0,428842,383.0,458,383.0,458
2852,2850,2851,383.0,429300,383.0,458,383.0,458
2853,2851,2852,383.0,429758,383.0,458,367.0,150
2854,2852,2853,383.0,430216,367.0,150,367.0,468
2855,2853,2854,367.0,426834,367.0,468,367.0,468
2856,2854,2855,367.0,427302,367.0,468,357.0,8
2857,2855,2856,367.0,427770,357.0,8,367.0,468
2858,2856,2857,362.0,6907,367.0,468,367.0,467
2859,2857,2858,367.0,428706,367.0,467,367.0,468
2860,2858,2859,367.0,429173,367.0,468,402.0,467
2861,2859,2860,367.0,429641,402.0,467,348.0,650
2862,2860,2861,367.0,430109,348.0,650,560.0,2219
2863,2861,2862,348.0,427334,560.0,2219,543.0,775
2864,2862,2863,560.0,456875,543.0,775,542.0,1303
2865,2863,2864,543.0,427459,542.0,1303,536.0,1303
2866,2864,2865,542.0,428763,536.0,1303,526.0,1248
2867,2865,2866,536.0,430067,526.0,1248,517.0,1932
2868,2866,2867,526.0,427932,517.0,1932,491.0,2476
2869,2867,2868,526.0,429864,491.0,2476,458.0,2046
2870,2868,2869,491.0,401632,458.0,2046,383.0,36
2871,2869,2870,458.0,428730,383.0,36,383.0,458
2872,2870,2871,383.0,430564,383.0,458,383.0,458
2873,2871,2872,383.0,431022,383.0,458,412.0,458
2874,2872,2873,383.0,431480,412.0,458,383.0,458
2875,2873,2874,383.0,431939,383.0,458,383.0,458
2876,2874,2875,383.0,432397,383.0,458,383.0,458
2877,2875,2876,383.0,432855,383.0,458,412.0,458
2878,2876,2877,383.0,433313,412.0,458,383.0,458
2879,2877,2878,383.0,433772,383.0,458,367.0,323
2880,2878,2879,383.0,434230,367.0,323,367.0,468
2881,2879,2880,367.0,430851,367.0,468,367.0,468
2882,2880,2881,367.0,431319,367.0,468,367.0,467
2883,2881,2882,367.0,431787,367.0,467,367.0,468
2884,2882,2883,367.0,432254,367.0,468,367.0,468
2885,2883,2884,367.0,432722,367.0,468,402.0,467
2886,2884,2885,367.0,433190,402.0,467,357.0,8
2887,2885,2886,367.0,433658,357.0,8,348.0,2915
2888,2886,2887,362.0,7002,348.0,2915,560.0,3931
2889,2887,2888,348.0,433443,560.0,3931,541.0,1257
2890,2888,2889,560.0,462683,541.0,1257,536.0,1303
2891,2889,2890,541.0,431785,536.0,1303,526.0,30
2892,2890,2891,536.0,433089,526.0,30,517.0,1932
2893,2891,2892,526.0,430558,517.0,1932,491.0,99
2894,2892,2893,526.0,432490,491.0,99,472.0,209
2895,2893,2894,491.0,402851,472.0,209,468.0,2912
2896,2894,2895,472.0,430737,468.0,2912,383.0,205
2897,2895,2896,468.0,433650,383.0,205,412.0,458
2898,2896,2897,383.0,434577,412.0,458,383.0,458
2899,2897,2898,383.0,435036,383.0,458,383.0,458
2900,2898,2899,383.0,435494,383.0,458,383.0,458
2901,2899,2900,383.0,435952,383.0,458,383.0,458
2902,2900,2901,383.0,436410,383.0,458,412.0,458
2903,2901,2902,383.0,436868,412.0,458,372.0,8
2904,2902,2903,383.0,437327,372.0,8,367.0,28
2905,2903,2904,378.0,7061,367.0,28,357.0,8
2906,2904,2905,367.0,434400,357.0,8,367.0,468
2907,2905,2906,362.0,7014,367.0,468,367.0,467
2908,2906,2907,367.0,435336,367.0,467,367.0,468
2909,2907,2908,367.0,435803,367.0,468,402.0,467
2910,2908,2909,367.0,436271,402.0,467,367.0,468
2911,2909,2910,367.0,436739,367.0,468,367.0,468
2912,2910,2911,367.0,437207,367.0,468,367.0,468
2913,2911,2912,367.0,437675,367.0,468,560.0,1009
2914,2912,2913,367.0,438143,560.0,1009,541.0,435
2915,2913,2914,560.0,463857,541.0,435,536.0,1303
2916,2914,2915,541.0,434807,536.0,1303,534.0,1303
2917,2915,2916,536.0,436111,534.0,1303,526.0,744
2918,2916,2917,544.0,437414,526.0,744,522.0,1931
2919,2917,2918,526.0,435116,522.0,1931,491.0,1492
2920,2918,2919,522.0,437048,491.0,1492,473.0,1285
2921,2919,2920,491.0,407840,473.0,1285,391.0,1543
2922,2920,2921,473.0,435657,391.0,1543,378.0,6
2923,2921,2922,391.0,439759,378.0,6,383.0,458
2924,2922,2923,378.0,7074,383.0,458,383.0,458
2925,2923,2924,383.0,439049,383.0,458,383.0,458
2926,2924,2925,383.0,439507,383.0,458,383.0,459
2927,2925,2926,383.0,439965,383.0,459,372.0,8
2928,2926,2927,383.0,440424,372.0,8,383.0,458
2929,2927,2928,378.0,7111,383.0,458,383.0,458
2930,2928,2929,383.0,441340,383.0,458,367.0,201
2931,2929,2930,383.0,441798,367.0,201,367.0,468
2932,2930,2931,367.0,438417,367.0,468,367.0,467
2933,2931,2932,367.0,438885,367.0,467,367.0,468
2934,2932,2933,367.0,439352,367.0,468,402.0,467
2935,2933,2934,367.0,439820,402.0,467,367.0,468
2936,2934,2935,367.0,440288,367.0,468,367.0,468
2937,2935,2936,367.0,440756,367.0,468,357.0,8
2938,2936,2937,367.0,441224,357.0,8,348.0,1315
2939,2937,2938,362.0,7124,348.0,1315,560.0,2721
2940,2938,2939,348.0,439531,560.0,2721,536.0,917
2941,2939,2940,560.0,469665,536.0,917,534.0,1303
2942,2940,2941,536.0,439133,534.0,1303,542.0,1303
2943,2941,2942,544.0,440436,542.0,1303,524.0,1458
2944,2942,2943,542.0,441740,524.0,1458,519.0,1931
2945,2943,2944,524.0,439674,519.0,1931,491.0,2885
2946,2944,2945,519.0,441606,491.0,2885,454.0,2362
2947,2945,2946,491.0,412829,454.0,2362,383.0,86
2948,2946,2947,454.0,440578,383.0,86,383.0,458
2949,2947,2948,383.0,442146,383.0,458,383.0,458
2950,2948,2949,383.0,442604,383.0,458,383.0,458
2951,2949,2950,383.0,443062,383.0,458,412.0,458
2952,2950,2951,383.0,443520,412.0,458,383.0,458
2953,2951,2952,383.0,443979,383.0,458,383.0,458
2954,2952,2953,383.0,444437,383.0,458,383.0,458
2955,2953,2954,383.0,444895,383.0,458,383.0,459
2956,2954,2955,383.0,445353,383.0,459,362.0,6
2957,2955,2956,383.0,445812,362.0,6,367.0,468
2958,2956,2957,362.0,7136,367.0,468,367.0,468
2959,2957,2958,367.0,442901,367.0,468,402.0,467
2960,2958,2959,367.0,443369,402.0,467,367.0,468
2961,2959,2960,367.0,443837,367.0,468,367.0,468
2962,2960,2961,367.0,444305,367.0,468,367.0,468
2963,2961,2962,367.0,444773,367.0,468,367.0,468
2964,2962,2963,367.0,445241,367.0,468,348.0,3579
2965,2963,2964,367.0,445709,348.0,3579,536.0,95
2966,2964,2965,348.0,445639,536.0,95,534.0,1303
2967,2965,2966,536.0,442155,534.0,1303,542.0,1303
2968,2966,2967,544.0,443458,542.0,1303,524.0,240
2969,2967,2968,542.0,444762,524.0,240,519.0,1931
2970,2968,2969,524.0,442300,519.0,1931,491.0,509
2971,2969,2970,519.0,444232,491.0,509,473.0,525
2972,2970,2971,491.0,414049,473.0,525,468.0,2912
2973,2971,2972,473.0,442585,468.0,2912,383.0,255
2974,2972,2973,468.0,445498,383.0,255,383.0,458
2975,2973,2974,383.0,446159,383.0,458,383.0,458
2976,2974,2975,383.0,446617,383.0,458,412.0,458
2977,2975,2976,383.0,447075,412.0,458,383.0,458
2978,2976,2977,383.0,447534,383.0,458,383.0,458
2979,2977,2978,383.0,447992,383.0,458,383.0,458
2980,2978,2979,383.0,448450,383.0,458,412.0,458
2981,2979,2980,383.0,448908,412.0,458,367.0,78
2982,2980,2981,383.0,449367,367.0,78,367.0,468
2983,2981,2982,367.0,445982,367.0,468,402.0,467
2984,2982,2983,367.0,446450,402.0,467,367.0,468
2985,2983,2984,367.0,446918,367.0,468,367.0,468
2986,2984,2985,367.0,447386,367.0,468,357.0,8
2987,2985,2986,367.0,447854,357.0,8,367.0,468
2988,2986,2987,362.0,7231,367.0,468,367.0,468
2989,2987,2988,367.0,448790,367.0,468,367.0,468
2990,2988,2989,367.0,449258,367.0,468,560.0,1512
2991,2989,2990,367.0,449726,560.0,1512,544.0,576
2992,2990,2991,560.0,476648,544.0,576,542.0,1303
2993,2991,2992,544.0,446480,542.0,1303,539.0,1303
2994,2992,2993,542.0,447784,539.0,1303,519.0,954
2995,2993,2994,539.0,449088,519.0,954,517.0,1931
2996,2994,2995,519.0,446858,517.0,1931,491.0,1901
2997,2995,2996,526.0,448789,491.0,1901,473.0,1601
2998,2996,2997,491.0,419037,473.0,1601,391.0,2919
2999,2997,2998,473.0,447505,391.0,2919,383.0,424
3000,2998,2999,391.0,452667,383.0,424,412.0,458
3001,2999,3000,383.0,450172,412.0,458,383.0,458
3002,3000,3001,383.0,450631,383.0,458,372.0,8
3003,3001,3002,383.0,451089,372.0,8,383.0,458
3004,3002,3003,378.0,7283,383.0,458,383.0,458
3005,3003,3004,383.0,452005,383.0,458,412.0,458
3006,3004,3005,383.0,452463,412.0,458,383.0,458
3007,3005,3006,383.0,452922,383.0,458,362.0,4
3008,3006,3007,383.0,453380,362.0,4,402.0,467
3009,3007,3008,362.0,7258,402.0,467,367.0,468
3010,3008,3009,367.0,450467,367.0,468,367.0,468
3011,3009,3010,367.0,450935,367.0,468,367.0,468
3012,3010,3011,367.0,451403,367.0,468,367.0,468
3013,3011,3012,367.0,451871,367.0,468,367.0,468
3014,3012,3013,367.0,452339,367.0,468,367.0,468
3015,3013,3014,367.0,452807,367.0,468,348.0,1980
3016,3014,3015,367.0,453275,348.0,1980,560.0,3224
3017,3015,3016,348.0,451728,560.0,3224,542.0,1058
3018,3016,3017,560.0,482456,542.0,1058,539.0,1303
3019,3017,3018,542.0,450806,539.0,1303,534.0,1303
3020,3018,3019,539.0,452110,534.0,1303,526.0,1667
3021,3019,3020,544.0,453413,526.0,1667,517.0,1932
3022,3020,3021,526.0,451415,517.0,1932,491.0,3294
3023,3021,3022,526.0,453347,491.0,3294,454.0,2678
3024,3022,3023,491.0,424026,454.0,2678,383.0,135
3025,3023,3024,454.0,452426,383.0,135,412.0,458
3026,3024,3025,383.0,453727,412.0,458,383.0,458
3027,3025,3026,383.0,454186,383.0,458,383.0,458
3028,3026,3027,383.0,454644,383.0,458,383.0,458
3029,3027,3028,383.0,455102,383.0,458,412.0,458
3030,3028,3029,383.0,455560,412.0,458,383.0,458
3031,3029,3030,383.0,456019,383.0,458,383.0,458
3032,3030,3031,383.0,456477,383.0,458,383.0,458
3033,3031,3032,383.0,456935,383.0,458,367.0,424
3034,3032,3033,383.0,457393,367.0,424,367.0,468
3035,3033,3034,367.0,454016,367.0,468,367.0,468
3036,3034,3035,367.0,454484,367.0,468,367.0,468
3037,3035,3036,367.0,454952,367.0,468,357.0,8
3038,3036,3037,367.0,455420,357.0,8,367.0,468
3039,3037,3038,362.0,7353,367.0,468,367.0,468
3040,3038,3039,367.0,456356,367.0,468,367.0,468
3041,3039,3040,367.0,456824,367.0,468,560.0,302
3042,3040,3041,367.0,457292,560.0,302,542.0,236
3043,3041,3042,560.0,483630,542.0,236,539.0,1303
3044,3042,3043,542.0,453828,539.0,1303,534.0,1303
3045,3043,3044,539.0,455132,534.0,1303,519.0,450
3046,3044,3045,546.0,456435,519.0,450,517.0,1931
3047,3045,3046,519.0,454042,517.0,1931,491.0,918
3048,3046,3047,526.0,455973,491.0,918,473.0,841
3049,3047,3048,491.0,425246,473.0,841,468.0,2912
3050,3048,3049,473.0,454433,468.0,2912,383.0,305
3051,3049,3050,468.0,457346,383.0,305,383.0,458
3052,3050,3051,383.0,457741,383.0,458,383.0,458
3053,3051,3052,383.0,458199,383.0,458,383.0,458
3054,3052,3053,383.0,458657,383.0,458,412.0,458
3055,3053,3054,383.0,459115,412.0,458,383.0,458
3056,3054,3055,383.0,459574,383.0,458,383.0,458
3057,3055,3056,383.0,460032,383.0,458,383.0,458
3058,3056,3057,383.0,460490,383.0,458,367.0,129
3059,3057,3058,383.0,460948,367.0,129,367.0,468
3060,3058,3059,367.0,457565,367.0,468,367.0,468
3061,3059,3060,367.0,458033,367.0,468,367.0,468
3062,3060,3061,367.0,458501,367.0,468,367.0,468
3063,3061,3062,367.0,458969,367.0,468,367.0,468
3064,3062,3063,367.0,459437,367.0,468,367.0,468
3065,3063,3064,367.0,459905,367.0,468,367.0,468
3066,3064,3065,367.0,460373,367.0,468,348.0,381
3067,3065,3066,367.0,460841,348.0,381,560.0,2015
3068,3066,3067,348.0,457817,560.0,2015,539.0,718
3069,3067,3068,560.0,489439,539.0,718,534.0,1303
3070,3068,3069,539.0,458154,534.0,1303,534.0,1304
3071,3069,3070,544.0,459457,534.0,1304,526.0,1163
3072,3070,3071,544.0,460761,526.0,1163,524.0,1931
3073,3071,3072,526.0,458599,524.0,1931,491.0,2310
3074,3072,3073,524.0,460531,491.0,2310,473.0,1917
3075,3073,3074,491.0,430234,473.0,1917,383.0,16
3076,3074,3075,473.0,459353,383.0,16,383.0,458
3077,3075,3076,383.0,461296,383.0,458,372.0,8
3078,3076,3077,383.0,461754,372.0,8,383.0,458
3079,3077,3078,378.0,7455,383.0,458,412.0,458
3080,3078,3079,383.0,462670,412.0,458,383.0,458
3081,3079,3080,383.0,463129,383.0,458,383.0,458
3082,3080,3081,383.0,463587,383.0,458,383.0,458
3083,3081,3082,383.0,464045,383.0,458,412.0,458
3084,3082,3083,383.0,464503,412.0,458,367.0,302
3085,3083,3084,383.0,464962,367.0,302,367.0,468
3086,3084,3085,367.0,461582,367.0,468,367.0,468
3087,3085,3086,367.0,462050,367.0,468,367.0,468
3088,3086,3087,367.0,462518,367.0,468,357.0,8
3089,3087,3088,367.0,462986,357.0,8,367.0,468
3090,3088,3089,362.0,7475,367.0,468,367.0,468
3091,3089,3090,367.0,463922,367.0,468,367.0,468
3092,3090,3091,367.0,464390,367.0,468,348.0,2645
3093,3091,3092,367.0,464858,348.0,2645,560.0,3727
3094,3092,3093,348.0,463925,560.0,3727,544.0,1199
3095,3093,3094,560.0,495247,544.0,1199,534.0,1304
3096,3094,3095,544.0,462479,534.0,1304,542.0,1303
3097,3095,3096,544.0,463783,542.0,1303,526.0,1877
3098,3096,3097,542.0,465087,526.0,1877,522.0,1931
3099,3097,3098,526.0,463157,522.0,1931,462.0,81
3100,3098,3099,522.0,465089,462.0,81,458.0,2912
3101,3099,3100,462.0,461361,458.0,2912,383.0,185
3102,3100,3101,458.0,464274,383.0,185,383.0,458
3103,3101,3102,383.0,465309,383.0,458,412.0,458
3104,3102,3103,383.0,465767,412.0,458,383.0,458
3105,3103,3104,383.0,466226,383.0,458,383.0,458
3106,3104,3105,383.0,466684,383.0,458,383.0,458
3107,3105,3106,383.0,467142,383.0,458,383.0,458
3108,3106,3107,383.0,467600,383.0,458,412.0,458
3109,3107,3108,383.0,468058,412.0,458,367.0,7
3110,3108,3109,383.0,468517,367.0,7,367.0,468
3111,3109,3110,367.0,465131,367.0,468,367.0,468
3112,3110,3111,367.0,465599,367.0,468,367.0,468
3113,3111,3112,367.0,466067,367.0,468,367.0,468
3114,3112,3113,367.0,466535,367.0,468,367.0,468
3115,3113,3114,367.0,467003,367.0,468,367.0,468
3116,3114,3115,367.0,467471,367.0,468,367.0,468
3117,3115,3116,367.0,467939,367.0,468,367.0,467
3118,3116,3117,367.0,468407,367.0,467,560.0,805
3119,3117,3118,367.0,468874,560.0,805,544.0,377
3120,3118,3119,560.0,496421,544.0,377,534.0,1304
3121,3119,3120,544.0,465501,534.0,1304,542.0,1303
3122,3120,3121,544.0,466805,542.0,1303,526.0,659
3123,3121,3122,542.0,468109,526.0,659,522.0,1931
3124,3122,3123,526.0,465783,522.0,1931,491.0,1327
3125,3123,3124,522.0,467715,491.0,1327,473.0,1157
3126,3124,3125,491.0,436443,473.0,1157,391.0,985
3127,3125,3126,473.0,466281,391.0,985,383.0,354
3128,3126,3127,391.0,469953,383.0,354,412.0,458
3129,3127,3128,383.0,469322,412.0,458,383.0,458
3130,3128,3129,383.0,469781,383.0,458,383.0,458
3131,3129,3130,383.0,470239,383.0,458,383.0,458
3132,3130,3131,383.0,470697,383.0,458,412.0,458
3133,3131,3132,383.0,471155,412.0,458,372.0,8
3134,3132,3133,383.0,471614,372.0,8,383.0,458
3135,3133,3134,378.0,7614,383.0,458,367.0,180
3136,3134,3135,383.0,472530,367.0,180,367.0,468
3137,3135,3136,367.0,469148,367.0,468,357.0,8
3138,3136,3137,367.0,469616,357.0,8,367.0,468
3139,3137,3138,362.0,7582,367.0,468,367.0,468
3140,3138,3139,367.0,470552,367.0,468,367.0,468
3141,3139,3140,367.0,471020,367.0,468,367.0,468
3142,3140,3141,367.0,471488,367.0,468,367.0,467
3143,3141,3142,367.0,471956,367.0,467,348.0,1045
3144,3142,3143,367.0,472423,348.0,1045,560.0,2517
3145,3143,3144,348.0,470013,560.0,2517,542.0,859
3146,3144,3145,560.0,502229,542.0,859,534.0,1304
3147,3145,3146,542.0,469827,534.0,1304,536.0,1303
3148,3146,3147,542.0,471131,536.0,1303,522.0,1373
3149,3147,3148,536.0,472435,522.0,1373,519.0,1931
3150,3148,3149,522.0,470341,519.0,1931,491.0,2719
3151,3149,3150,519.0,472273,491.0,2719,473.0,2233
3152,3150,3151,491.0,441431,473.0,2233,378.0,1
3153,3151,3152,473.0,471201,378.0,1,383.0,458
3154,3152,3153,378.0,7627,383.0,458,383.0,458
3155,3153,3154,383.0,473336,383.0,458,383.0,458
3156,3154,3155,383.0,473794,383.0,458,383.0,458
3157,3155,3156,383.0,474252,383.0,458,372.0,8
3158,3156,3157,383.0,474710,372.0,8,383.0,458
3159,3157,3158,378.0,7664,383.0,458,383.0,458
3160,3158,3159,383.0,475627,383.0,458,383.0,458
3161,3159,3160,383.0,476085,383.0,458,367.0,353
3162,3160,3161,383.0,476543,367.0,353,367.0,468
3163,3161,3162,367.0,473165,367.0,468,367.0,468
3164,3162,3163,367.0,473633,367.0,468,367.0,468
3165,3163,3164,367.0,474101,367.0,468,367.0,468
3166,3164,3165,367.0,474569,367.0,468,367.0,467
3167,3165,3166,367.0,475037,367.0,467,367.0,468
3168,3166,3167,367.0,475504,367.0,468,367.0,468
3169,3167,3168,367.0,475972,367.0,468,348.0,3309
3170,3168,3169,367.0,476440,348.0,3309,542.0,37
3171,3169,3170,348.0,476121,542.0,37,541.0,1303
3172,3170,3171,542.0,472849,541.0,1303,536.0,1303
3173,3171,3172,541.0,474153,536.0,1303,522.0,155
3174,3172,3173,536.0,475457,522.0,155,519.0,1931
3175,3173,3174,522.0,472967,519.0,1931,491.0,343
3176,3174,3175,519.0,474899,491.0,343,458.0,397
3177,3175,3176,491.0,442651,458.0,397,454.0,2912
3178,3176,3177,458.0,473209,454.0,2912,383.0,235
3179,3177,3178,454.0,476122,383.0,235,383.0,458
3180,3178,3179,383.0,476891,383.0,458,383.0,458
3181,3179,3180,383.0,477349,383.0,458,383.0,458
3182,3180,3181,383.0,477807,383.0,458,412.0,458
3183,3181,3182,383.0,478265,412.0,458,383.0,458
3184,3182,3183,383.0,478724,383.0,458,383.0,458
3185,3183,3184,383.0,479182,383.0,458,383.0,458
3186,3184,3185,383.0,479640,383.0,458,367.0,58
3187,3185,3186,383.0,480098,367.0,58,367.0,468
3188,3186,3187,367.0,476714,367.0,468,357.0,8
3189,3187,3188,367.0,477182,357.0,8,367.0,468
3190,3188,3189,362.0,7704,367.0,468,367.0,468
3191,3189,3190,367.0,478118,367.0,468,367.0,467
3192,3190,3191,367.0,478586,367.0,467,367.0,468
3193,3191,3192,367.0,479053,367.0,468,402.0,467
3194,3192,3193,367.0,479521,402.0,467,367.0,468
3195,3193,3194,367.0,479989,367.0,468,560.0,1308
3196,3194,3195,367.0,480457,560.0,1308,541.0,519
3197,3195,3196,560.0,509212,541.0,519,536.0,1303
3198,3196,3197,541.0,477175,536.0,1303,534.0,1303
3199,3197,3198,536.0,478479,534.0,1303,519.0,869
3200,3198,3199,544.0,479782,519.0,869,517.0,1931
3201,3199,3200,519.0,477525,517.0,1931,491.0,1735
3202,3200,3201,526.0,479456,491.0,1735,468.0,1473
3203,3201,3202,491.0,447639,468.0,1473,391.0,2360
3204,3202,3203,468.0,478129,391.0,2360,383.0,404
3205,3203,3204,391.0,482860,383.0,404,383.0,458
3206,3204,3205,383.0,480904,383.0,458,412.0,458
3207,3205,3206,383.0,481362,412.0,458,383.0,458
3208,3206,3207,383.0,481821,383.0,458,383.0,458
3209,3207,3208,383.0,482279,383.0,458,383.0,458
3210,3208,3209,383.0,482737,383.0,458,383.0,458
3211,3209,3210,383.0,483195,383.0,458,412.0,458
3212,3210,3211,383.0,483653,412.0,458,367.0,231
3213,3211,3212,383.0,484112,367.0,231,367.0,468
3214,3212,3213,367.0,480731,367.0,468,367.0,468
3215,3213,3214,367.0,481199,367.0,468,367.0,467
3216,3214,3215,367.0,481667,367.0,467,367.0,468
3217,3215,3216,367.0,482134,367.0,468,367.0,468
3218,3216,3217,367.0,482602,367.0,468,357.0,8
3219,3217,3218,367.0,483070,357.0,8,367.0,468
3220,3218,3219,362.0,7799,367.0,468,348.0,1710
3221,3219,3220,367.0,484006,348.0,1710,560.0,3020
3222,3220,3221,348.0,482210,560.0,3020,536.0,1001
3223,3221,3222,560.0,515020,536.0,1001,534.0,1303
3224,3222,3223,536.0,481501,534.0,1303,542.0,1303
3225,3223,3224,544.0,482804,542.0,1303,526.0,1582
3226,3224,3225,542.0,484108,526.0,1582,524.0,1931
3227,3225,3226,526.0,482082,524.0,1931,491.0,3128
3228,3226,3227,524.0,484014,491.0,3128,473.0,2549
3229,3227,3228,491.0,452628,473.0,2549,383.0,115
3230,3228,3229,473.0,483049,383.0,115,383.0,458
3231,3229,3230,383.0,484459,383.0,458,412.0,458
3232,3230,3231,383.0,484917,412.0,458,372.0,8
3233,3231,3232,383.0,485376,372.0,8,383.0,458
3234,3232,3233,378.0,7836,383.0,458,383.0,458
3235,3233,3234,383.0,486292,383.0,458,412.0,458
3236,3234,3235,383.0,486750,412.0,458,383.0,458
3237,3235,3236,383.0,487209,383.0,458,383.0,458
3238,3236,3237,383.0,487667,383.0,458,367.0,404
3239,3237,3238,383.0,488125,367.0,404,357.0,8
3240,3238,3239,367.0,484748,357.0,8,367.0,467
3241,3239,3240,362.0,7826,367.0,467,367.0,468
3242,3240,3241,367.0,485683,367.0,468,402.0,467
3243,3241,3242,367.0,486151,402.0,467,367.0,468
3244,3242,3243,367.0,486619,367.0,468,367.0,468
3245,3243,3244,367.0,487087,367.0,468,367.0,468
3246,3244,3245,367.0,487555,367.0,468,560.0,98
3247,3245,3246,367.0,488023,560.0,98,536.0,179
3248,3246,3247,560.0,516194,536.0,179,534.0,1303
3249,3247,3248,536.0,484523,534.0,1303,542.0,1303
3250,3248,3249,544.0,485826,542.0,1303,526.0,364
3251,3249,3250,542.0,487130,526.0,364,524.0,1931
3252,3250,3251,526.0,484708,524.0,1931,491.0,752
3253,3251,3252,524.0,486640,491.0,752,452.0,713
3254,3252,3253,491.0,453848,452.0,713,450.0,2912
3255,3253,3254,452.0,485057,450.0,2912,383.0,284
3256,3254,3255,473.0,487969,383.0,284,412.0,458
3257,3255,3256,383.0,488472,412.0,458,383.0,458
3258,3256,3257,383.0,488931,383.0,458,383.0,458
3259,3257,3258,383.0,489389,383.0,458,383.0,458
3260,3258,3259,383.0,489847,383.0,458,412.0,458
3261,3259,3260,383.0,490305,412.0,458,383.0,458
3262,3260,3261,383.0,490764,383.0,458,383.0,458
3263,3261,3262,383.0,491222,383.0,458,367.0,109
3264,3262,3263,383.0,491680,367.0,109,367.0,467
3265,3263,3264,367.0,488297,367.0,467,367.0,468
3266,3264,3265,367.0,488764,367.0,468,367.0,468
3267,3265,3266,367.0,489232,367.0,468,402.0,467
3268,3266,3267,367.0,489700,402.0,467,367.0,468
3269,3267,3268,367.0,490168,367.0,468,357.0,8
3270,3268,3269,367.0,490636,357.0,8,367.0,468
3271,3269,3270,362.0,7921,367.0,468,348.0,110
3272,3270,3271,367.0,491572,348.0,110,560.0,1810
3273,3271,3272,348.0,488298,560.0,1810,544.0,660
3274,3272,3273,560.0,522002,544.0,660,542.0,1303
3275,3273,3274,544.0,488848,542.0,1303,539.0,1303
3276,3274,3275,542.0,490152,539.0,1303,524.0,1078
3277,3275,3276,539.0,491456,524.0,1078,522.0,1931
3278,3276,3277,524.0,489266,522.0,1931,491.0,2144
3279,3277,3278,522.0,491198,491.0,2144,462.0,1789
3280,3278,3279,491.0,458836,462.0,1789,391.0,3735
3281,3279,3280,462.0,489977,391.0,3735,383.0,454
3282,3280,3281,391.0,495767,383.0,454,383.0,458
3283,3281,3282,383.0,492486,383.0,458,383.0,458
3284,3282,3283,383.0,492944,383.0,458,383.0,458
3285,3283,3284,383.0,493402,383.0,458,412.0,458
3286,3284,3285,383.0,493860,412.0,458,383.0,458
3287,3285,3286,383.0,494319,383.0,458,383.0,458
3288,3286,3287,383.0,494777,383.0,458,372.0,8
3289,3287,3288,383.0,495235,372.0,8,367.0,281
3290,3288,3289,378.0,7995,367.0,281,367.0,468
3291,3289,3290,367.0,492313,367.0,468,402.0,467
3292,3290,3291,367.0,492781,402.0,467,367.0,468
3293,3291,3292,367.0,493249,367.0,468,367.0,468
3294,3292,3293,367.0,493717,367.0,468,367.0,468
3295,3293,3294,367.0,494185,367.0,468,367.0,468
3296,3294,3295,367.0,494653,367.0,468,367.0,468
3297,3295,3296,367.0,495121,367.0,468,348.0,2374
3298,3296,3297,367.0,495589,348.0,2374,560.0,3522
3299,3297,3298,348.0,494406,560.0,3522,542.0,1142
3300,3298,3299,560.0,527810,542.0,1142,536.0,1303
3301,3299,3300,542.0,493174,536.0,1303,534.0,1303
3302,3300,3301,536.0,494478,534.0,1303,522.0,1792
3303,3301,3302,544.0,495781,522.0,1792,517.0,1931
3304,3302,3303,522.0,493824,517.0,1931,491.0,3537
3305,3303,3304,526.0,495755,491.0,3537,472.0,2865
3306,3304,3305,491.0,463825,472.0,2865,383.0,165
3307,3305,3306,472.0,494897,383.0,165,372.0,8
3308,3306,3307,383.0,496041,372.0,8,383.0,458
3309,3307,3308,378.0,8008,383.0,458,412.0,458
3310,3308,3309,383.0,496957,412.0,458,383.0,458
3311,3309,3310,383.0,497416,383.0,458,383.0,458
3312,3310,3311,383.0,497874,383.0,458,372.0,8
3313,3311,3312,383.0,498332,372.0,8,383.0,458
3314,3312,3313,378.0,8045,383.0,458,412.0,458
3315,3313,3314,383.0,499248,412.0,458,367.0,454
3316,3314,3315,383.0,499707,367.0,454,402.0,467
3317,3315,3316,367.0,496330,402.0,467,367.0,468
3318,3316,3317,367.0,496798,367.0,468,367.0,468
3319,3317,3318,367.0,497266,367.0,468,367.0,468
3320,3318,3319,367.0,497734,367.0,468,357.0,8
3321,3319,3320,367.0,498202,357.0,8,367.0,468
3322,3320,3321,362.0,8043,367.0,468,367.0,468
3323,3321,3322,367.0,499138,367.0,468,560.0,600
3324,3322,3323,367.0,499606,560.0,600,541.0,320
3325,3323,3324,560.0,528984,541.0,320,536.0,1303
3326,3324,3325,541.0,496196,536.0,1303,534.0,1303
3327,3325,3326,536.0,497500,534.0,1303,522.0,574
3328,3326,3327,544.0,498803,522.0,574,517.0,1931
3329,3327,3328,522.0,496450,517.0,1931,502.0,20
3330,3328,3329,526.0,498381,502.0,20,473.0,1028
3331,3329,3330,502.0,8018,473.0,1028,391.0,425
3332,3330,3331,473.0,496904,391.0,425,383.0,334
3333,3331,3332,391.0,500145,383.0,334,383.0,458
3334,3332,3333,383.0,500054,383.0,458,412.0,458
3335,3333,3334,383.0,500512,412.0,458,383.0,458
3336,3334,3335,383.0,500971,383.0,458,383.0,458
3337,3335,3336,383.0,501429,383.0,458,383.0,458
3338,3336,3337,383.0,501887,383.0,458,412.0,458
3339,3337,3338,383.0,502345,412.0,458,383.0,458
3340,3338,3339,383.0,502804,383.0,458,367.0,159
3341,3339,3340,383.0,503262,367.0,159,367.0,468
3342,3340,3341,367.0,499879,367.0,468,367.0,468
3343,3341,3342,367.0,500347,367.0,468,367.0,468
3344,3342,3343,367.0,500815,367.0,468,367.0,468
3345,3343,3344,367.0,501283,367.0,468,367.0,468
3346,3344,3345,367.0,501751,367.0,468,367.0,468
3347,3345,3346,367.0,502219,367.0,468,367.0,468
3348,3346,3347,367.0,502687,367.0,468,348.0,774
3349,3347,3348,367.0,503155,348.0,774,560.0,2312
3350,3348,3349,348.0,500494,560.0,2312,536.0,802
3351,3349,3350,560.0,534792,536.0,802,534.0,1303
3352,3350,3351,536.0,500522,534.0,1303,542.0,1303
3353,3351,3352,544.0,501825,542.0,1303,526.0,1287
3354,3352,3353,542.0,503129,526.0,1287,517.0,1932
3355,3353,3354,526.0,501007,517.0,1932,502.0,44
3356,3354,3355,526.0,502939,502.0,44,454.0,2105
3357,3355,3356,502.0,8104,454.0,2105,383.0,45
3358,3356,3357,454.0,501825,383.0,45,383.0,458
3359,3357,3358,383.0,503609,383.0,458,412.0,458
3360,3358,3359,383.0,504067,412.0,458,383.0,458
3361,3359,3360,383.0,504526,383.0,458,383.0,458
3362,3360,3361,383.0,504984,383.0,458,383.0,458
3363,3361,3362,383.0,505442,383.0,458,412.0,458
3364,3362,3363,383.0,505900,412.0,458,383.0,458
3365,3363,3364,383.0,506359,383.0,458,383.0,458
3366,3364,3365,383.0,506817,383.0,458,367.0,332
3367,3365,3366,383.0,507275,367.0,332,367.0,468
3368,3366,3367,367.0,503896,367.0,468,367.0,468
3369,3367,3368,367.0,504364,367.0,468,357.0,8
3370,3368,3369,367.0,504832,357.0,8,367.0,468
3371,3369,3370,362.0,8150,367.0,468,367.0,468
3372,3370,3371,367.0,505768,367.0,468,367.0,468
3373,3371,3372,367.0,506236,367.0,468,367.0,468
3374,3372,3373,367.0,506704,367.0,468,348.0,3039
3375,3373,3374,367.0,507172,348.0,3039,560.0,4025
3376,3374,3375,348.0,506603,560.0,4025,544.0,1283
3377,3375,3376,560.0,540601,544.0,1283,542.0,1303
3378,3376,3377,544.0,504847,542.0,1303,519.0,70
3379,3377,3378,542.0,506151,519.0,70,517.0,1931
3380,3378,3379,519.0,503634,517.0,1931,497.0,3
3381,3379,3380,526.0,505565,497.0,3,473.0,268
3382,3380,3381,497.0,8125,473.0,268,468.0,2912
3383,3381,3382,473.0,503832,468.0,2912,383.0,215
3384,3382,3383,468.0,506745,383.0,215,383.0,458
3385,3383,3384,383.0,507623,383.0,458,383.0,458
3386,3384,3385,383.0,508081,383.0,458,383.0,458
3387,3385,3386,383.0,508539,383.0,458,372.0,8
3388,3386,3387,383.0,508997,372.0,8,412.0,458
3389,3387,3388,378.0,8217,412.0,458,383.0,458
3390,3388,3389,383.0,509914,383.0,458,383.0,458
3391,3389,3390,383.0,510372,383.0,458,367.0,37
3392,3390,3391,383.0,510830,367.0,37,367.0,468
3393,3391,3392,367.0,507445,367.0,468,367.0,468
3394,3392,3393,367.0,507913,367.0,468,367.0,468
3395,3393,3394,367.0,508381,367.0,468,367.0,468
3396,3394,3395,367.0,508849,367.0,468,367.0,468
3397,3395,3396,367.0,509317,367.0,468,367.0,468
3398,3396,3397,367.0,509785,367.0,468,367.0,468
3399,3397,3398,367.0,510253,367.0,468,367.0,468
3400,3398,3399,367.0,510721,367.0,468,560.0,1103
3401,3399,3400,367.0,511189,560.0,1103,544.0,461
3402,3400,3401,560.0,541775,544.0,461,542.0,1303
3403,3401,3402,544.0,507869,542.0,1303,539.0,1303
3404,3402,3403,542.0,509173,539.0,1303,526.0,783
3405,3403,3404,539.0,510477,526.0,783,524.0,1931
3406,3404,3405,526.0,508191,524.0,1931,497.0,27
3407,3405,3406,524.0,510123,497.0,27,473.0,1344
3408,3406,3407,497.0,8211,473.0,1344,391.0,1801
3409,3407,3408,473.0,508752,391.0,1801,383.0,384
3410,3408,3409,391.0,513053,383.0,384,383.0,458
3411,3409,3410,383.0,511636,383.0,458,383.0,458
3412,3410,3411,383.0,512094,383.0,458,412.0,458
3413,3411,3412,383.0,512552,412.0,458,383.0,458
3414,3412,3413,383.0,513011,383.0,458,383.0,458
3415,3413,3414,383.0,513469,383.0,458,383.0,458
3416,3414,3415,383.0,513927,383.0,458,383.0,458
3417,3415,3416,383.0,514385,383.0,458,367.0,210
3418,3416,3417,383.0,514843,367.0,210,367.0,468
3419,3417,3418,367.0,511462,367.0,468,367.0,468
3420,3418,3419,367.0,511930,367.0,468,357.0,8
3421,3419,3420,367.0,512398,357.0,8,367.0,468
3422,3420,3421,362.0,8272,367.0,468,367.0,468
3423,3421,3422,367.0,513334,367.0,468,367.0,468
3424,3422,3423,367.0,513802,367.0,468,367.0,468
3425,3423,3424,367.0,514270,367.0,468,348.0,1439
3426,3424,3425,367.0,514738,348.0,1439,560.0,2815
3427,3425,3426,348.0,512691,560.0,2815,542.0,943
3428,3426,3427,560.0,547583,542.0,943,539.0,1303
3429,3427,3428,542.0,512195,539.0,1303,534.0,1303
3430,3428,3429,539.0,513499,534.0,1303,524.0,1497
3431,3429,3430,544.0,514802,524.0,1497,522.0,1931
3432,3430,3431,524.0,512749,522.0,1931,497.0,51
3433,3431,3432,522.0,514681,497.0,51,454.0,2421
3434,3432,3433,497.0,8297,454.0,2421,383.0,95
3435,3433,3434,454.0,513673,383.0,95,383.0,458
3436,3434,3435,383.0,515191,383.0,458,383.0,458
3437,3435,3436,383.0,515649,383.0,458,412.0,458
3438,3436,3437,383.0,516107,412.0,458,383.0,458
3439,3437,3438,383.0,516566,383.0,458,383.0,458
3440,3438,3439,383.0,517024,383.0,458,383.0,458
3441,3439,3440,383.0,517482,383.0,458,412.0,458
3442,3440,3441,383.0,517940,412.0,458,383.0,458
3443,3441,3442,383.0,518399,383.0,458,367.0,383
3444,3442,3443,383.0,518857,367.0,383,367.0,468
3445,3443,3444,367.0,515479,367.0,468,367.0,468
3446,3444,3445,367.0,515947,367.0,468,367.0,468
3447,3445,3446,367.0,516415,367.0,468,367.0,468
3448,3446,3447,367.0,516883,367.0,468,367.0,468
3449,3447,3448,367.0,517351,367.0,468,367.0,467
3450,3448,3449,367.0,517819,367.0,467,357.0,8
3451,3449,3450,367.0,518286,357.0,8,348.0,3703
3452,3450,3451,362.0,8367,348.0,3703,542.0,121
3453,3451,3452,348.0,518799,542.0,121,539.0,1303
3454,3452,3453,542.0,515217,539.0,1303,534.0,1303
3455,3453,3454,539.0,516521,534.0,1303,526.0,279
3456,3454,3455,544.0,517824,526.0,279,522.0,1931
3457,3455,3456,526.0,515375,522.0,1931,497.0,10
3458,3456,3457,522.0,517307,497.0,10,473.0,584
3459,3457,3458,497.0,8318,473.0,584,468.0,2912
3460,3458,3459,473.0,515680,468.0,2912,383.0,264
3461,3459,3460,468.0,518593,383.0,264,383.0,459
3462,3460,3461,383.0,519204,383.0,459,372.0,8
3463,3461,3462,383.0,519663,372.0,8,383.0,458
3464,3462,3463,378.0,8389,383.0,458,383.0,458
3465,3463,3464,383.0,520579,383.0,458,383.0,458
3466,3464,3465,383.0,521037,383.0,458,412.0,458
3467,3465,3466,383.0,521495,412.0,458,372.0,8
3468,3466,3467,383.0,521954,372.0,8,367.0,88
3469,3467,3468,378.0,8426,367.0,88,367.0,468
3470,3468,3469,367.0,519028,367.0,468,367.0,468
3471,3469,3470,367.0,519496,367.0,468,357.0,8
3472,3470,3471,367.0,519964,357.0,8,367.0,468
3473,3471,3472,362.0,8394,367.0,468,367.0,468
3474,3472,3473,367.0,520900,367.0,468,367.0,467
3475,3473,3474,367.0,521368,367.0,467,367.0,468
3476,3474,3475,367.0,521835,367.0,468,367.0,468
3477,3475,3476,367.0,522303,367.0,468,560.0,1606
3478,3476,3477,367.0,522771,560.0,1606,539.0,603
3479,3477,3478,560.0,554566,539.0,603,534.0,1303
3480,3478,3479,539.0,519543,534.0,1303,542.0,1303
3481,3479,3480,544.0,520846,542.0,1303,522.0,993
3482,3480,3481,542.0,522150,522.0,993,519.0,1931
3483,3481,3482,522.0,519933,519.0,1931,497.0,34
3484,3482,3483,519.0,521865,497.0,34,473.0,1660
3485,3483,3484,497.0,8404,473.0,1660,391.0,3176
3486,3484,3485,473.0,520600,391.0,3176,378.0,7
3487,3485,3486,391.0,525960,378.0,7,383.0,458
3488,3486,3487,378.0,8439,383.0,458,383.0,458
3489,3487,3488,383.0,523676,383.0,458,383.0,458
3490,3488,3489,383.0,524134,383.0,458,383.0,459
3491,3489,3490,383.0,524592,383.0,459,383.0,458
3492,3490,3491,383.0,525051,383.0,458,383.0,458
3493,3491,3492,383.0,525509,383.0,458,383.0,458
3494,3492,3493,383.0,525967,383.0,458,367.0,261
3495,3493,3494,383.0,526425,367.0,261,367.0,468
3496,3494,3495,367.0,523045,367.0,468,367.0,468
3497,3495,3496,367.0,523513,367.0,468,367.0,468
3498,3496,3497,367.0,523981,367.0,468,367.0,468
3499,3497,3498,367.0,524449,367.0,468,367.0,467
3500,3498,3499,367.0,524917,367.0,467,367.0,468
3501,3499,3500,367.0,525384,367.0,468,357.0,8
3502,3500,3501,367.0,525852,357.0,8,348.0,2104
3503,3501,3502,362.0,8489,348.0,2104,560.0,3318
3504,3502,3503,348.0,524888,560.0,3318,544.0,1084
3505,3503,3504,560.0,560374,544.0,1084,534.0,1304
3506,3504,3505,544.0,523868,534.0,1304,542.0,1303
3507,3505,3506,544.0,525172,542.0,1303,519.0,1707
3508,3506,3507,542.0,526476,519.0,1707,517.0,1931
3509,3507,3508,519.0,524491,517.0,1931,497.0,58
3510,3508,3509,526.0,526422,497.0,58,458.0,2737
3511,3509,3510,497.0,8490,458.0,2737,383.0,145
3512,3510,3511,458.0,525521,383.0,145,383.0,458
3513,3511,3512,383.0,526773,383.0,458,383.0,458
3514,3512,3513,383.0,527231,383.0,458,383.0,458
3515,3513,3514,383.0,527689,383.0,458,412.0,458
3516,3514,3515,383.0,528147,412.0,458,383.0,458
3517,3515,3516,383.0,528606,383.0,458,383.0,458
3518,3516,3517,383.0,529064,383.0,458,383.0,458
3519,3517,3518,383.0,529522,383.0,458,383.0,459
3520,3518,3519,383.0,529980,383.0,459,362.0,7
3521,3519,3520,383.0,530439,362.0,7,367.0,468
3522,3520,3521,362.0,8501,367.0,468,367.0,468
3523,3521,3522,367.0,527530,367.0,468,367.0,468
3524,3522,3523,367.0,527998,367.0,468,367.0,467
3525,3523,3524,367.0,528466,367.0,467,367.0,468
3526,3524,3525,367.0,528933,367.0,468,402.0,467
3527,3525,3526,367.0,529401,402.0,467,367.0,468
3528,3526,3527,367.0,529869,367.0,468,560.0,396
3529,3527,3528,367.0,530337,560.0,396,544.0,262
3530,3528,3529,560.0,561548,544.0,262,534.0,1304
3531,3529,3530,544.0,526890,534.0,1304,542.0,1303
3532,3530,3531,544.0,528194,542.0,1303,522.0,489
3533,3531,3532,542.0,529498,522.0,489,517.0,1931
3534,3532,3533,522.0,527117,517.0,1931,497.0,17
3535,3533,3534,526.0,529048,497.0,17,473.0,900
3536,3534,3535,497.0,8511,473.0,900,450.0,2913
3537,3535,3536,473.0,527528,450.0,2913,378.0,5
3538,3536,3537,473.0,530441,378.0,5,383.0,458
3539,3537,3538,378.0,8561,383.0,458,383.0,458
3540,3538,3539,383.0,531244,383.0,458,412.0,458
3541,3539,3540,383.0,531702,412.0,458,383.0,458
3542,3540,3541,383.0,532161,383.0,458,372.0,8
3543,3541,3542,383.0,532619,372.0,8,383.0,458
3544,3542,3543,378.0,8598,383.0,458,412.0,458
3545,3543,3544,383.0,533535,412.0,458,367.0,139
3546,3544,3545,383.0,533994,367.0,139,367.0,468
3547,3545,3546,367.0,530611,367.0,468,367.0,468
3548,3546,3547,367.0,531079,367.0,468,367.0,467
3549,3547,3548,367.0,531547,367.0,467,367.0,468
3550,3548,3549,367.0,532014,367.0,468,367.0,468
3551,3549,3550,367.0,532482,367.0,468,402.0,467
3552,3550,3551,367.0,532950,402.0,467,357.0,8
3553,3551,3552,367.0,533418,357.0,8,348.0,505
3554,3552,3553,362.0,8611,348.0,505,560.0,2108
3555,3553,3554,348.0,530977,560.0,2108,542.0,744
3556,3554,3555,560.0,567356,542.0,744,534.0,1304
3557,3555,3556,542.0,531216,534.0,1304,536.0,1303
3558,3556,3557,542.0,532520,536.0,1303,526.0,1202
3559,3557,3558,536.0,533824,526.0,1202,517.0,1932
3560,3558,3559,526.0,531674,517.0,1932,497.0,41
3561,3559,3560,526.0,533606,497.0,41,473.0,1976
3562,3560,3561,497.0,8597,473.0,1976,383.0,25
3563,3561,3562,473.0,532448,383.0,25,383.0,458
3564,3562,3563,383.0,534341,383.0,458,412.0,458
3565,3563,3564,383.0,534799,412.0,458,383.0,458
3566,3564,3565,383.0,535258,383.0,458,383.0,458
3567,3565,3566,383.0,535716,383.0,458,383.0,458
3568,3566,3567,383.0,536174,383.0,458,383.0,458
3569,3567,3568,383.0,536632,383.0,458,412.0,458
3570,3568,3569,383.0,537090,412.0,458,383.0,458
3571,3569,3570,383.0,537549,383.0,458,362.0,5
3572,3570,3571,383.0,538007,362.0,5,367.0,468
3573,3571,3572,362.0,8623,367.0,468,367.0,467
3574,3572,3573,367.0,535096,367.0,467,367.0,468
3575,3573,3574,367.0,535563,367.0,468,402.0,467
3576,3574,3575,367.0,536031,402.0,467,367.0,468
3577,3575,3576,367.0,536499,367.0,468,367.0,468
3578,3576,3577,367.0,536967,367.0,468,367.0,468
3579,3577,3578,367.0,537435,367.0,468,348.0,2769
3580,3578,3579,367.0,537903,348.0,2769,560.0,3821
3581,3579,3580,348.0,537085,560.0,3821,541.0,1226
3582,3580,3581,560.0,573165,541.0,1226,536.0,1303
3583,3581,3582,541.0,535542,536.0,1303,534.0,1303
3584,3582,3583,536.0,536846,534.0,1303,526.0,1916
3585,3583,3584,544.0,538149,526.0,1916,441.0,1
3586,3584,3585,526.0,536232,441.0,1,458.0,140
3587,3585,3586,441.0,140,458.0,140,454.0,2912
3588,3586,3587,458.0,534456,454.0,2912,383.0,194
3589,3587,3588,454.0,537369,383.0,194,412.0,458
3590,3588,3589,383.0,538354,412.0,458,383.0,458
3591,3589,3590,383.0,538813,383.0,458,383.0,458
3592,3590,3591,383.0,539271,383.0,458,383.0,458
3593,3591,3592,383.0,539729,383.0,458,412.0,458
3594,3592,3593,383.0,540187,412.0,458,383.0,458
3595,3593,3594,383.0,540646,383.0,458,383.0,458
3596,3594,3595,383.0,541104,383.0,458,367.0,17
3597,3595,3596,383.0,541562,367.0,17,367.0,467
3598,3596,3597,367.0,538177,367.0,467,367.0,468
3599,3597,3598,367.0,538644,367.0,468,367.0,468
3600,3598,3599,367.0,539112,367.0,468,402.0,467
3601,3599,3600,367.0,539580,402.0,467,357.0,8
3602,3600,3601,367.0,540048,357.0,8,367.0,468
3603,3601,3602,362.0,8718,367.0,468,367.0,468
3604,3602,3603,367.0,540984,367.0,468,367.0,468
3605,3603,3604,367.0,541452,367.0,468,560.0,899
3606,3604,3605,367.0,541920,560.0,899,541.0,404
3607,3605,3606,560.0,574339,541.0,404,536.0,1303
3608,3606,3607,541.0,538564,536.0,1303,534.0,1303
3609,3607,3608,536.0,539868,534.0,1303,526.0,698
3610,3608,3609,544.0,541171,526.0,698,522.0,1931
3611,3609,3610,526.0,538858,522.0,1931,497.0,24
3612,3610,3611,522.0,540790,497.0,24,468.0,1216
3613,3611,3612,497.0,8704,468.0,1216,391.0,1242
3614,3612,3613,468.0,539376,391.0,1242,383.0,364
3615,3613,3614,391.0,543246,383.0,364,383.0,458
3616,3614,3615,383.0,542368,383.0,458,383.0,458
3617,3615,3616,383.0,542826,383.0,458,372.0,8
3618,3616,3617,383.0,543284,372.0,8,412.0,458
3619,3617,3618,378.0,8770,412.0,458,383.0,458
3620,3618,3619,383.0,544201,383.0,458,383.0,458
3621,3619,3620,383.0,544659,383.0,458,383.0,458
3622,3620,3621,383.0,545117,383.0,458,362.0,3
3623,3621,3622,383.0,545575,362.0,3,367.0,468
3624,3622,3623,362.0,8745,367.0,468,402.0,467
3625,3623,3624,367.0,542661,402.0,467,367.0,468
3626,3624,3625,367.0,543129,367.0,468,367.0,468
3627,3625,3626,367.0,543597,367.0,468,367.0,468
3628,3626,3627,367.0,544065,367.0,468,367.0,468
3629,3627,3628,367.0,544533,367.0,468,367.0,468
3630,3628,3629,367.0,545001,367.0,468,348.0,1169
3631,3629,3630,367.0,545469,348.0,1169,560.0,2611
3632,3630,3631,348.0,543173,560.0,2611,536.0,886
3633,3631,3632,560.0,580147,536.0,886,534.0,1303
3634,3632,3633,536.0,542890,534.0,1303,542.0,1303
3635,3633,3634,544.0,544193,542.0,1303,524.0,1412
3636,3634,3635,542.0,545497,524.0,1412,519.0,1931
3637,3635,3636,524.0,543416,519.0,1931,497.0,48
3638,3636,3637,519.0,545348,497.0,48,473.0,2292
3639,3637,3638,497.0,8790,473.0,2292,383.0,75
3640,3638,3639,473.0,544296,383.0,75,383.0,458
3641,3639,3640,383.0,545923,383.0,458,383.0,458
3642,3640,3641,383.0,546381,383.0,458,383.0,458
3643,3641,3642,383.0,546839,383.0,458,412.0,458
3644,3642,3643,383.0,547297,412.0,458,383.0,458
3645,3643,3644,383.0,547756,383.0,458,383.0,458
3646,3644,3645,383.0,548214,383.0,458,383.0,458
3647,3645,3646,383.0,548672,383.0,458,412.0,458
3648,3646,3647,383.0,549130,412.0,458,367.0,362
3649,3647,3648,383.0,549589,367.0,362,402.0,467
3650,3648,3649,367.0,546210,402.0,467,367.0,468
3651,3649,3650,367.0,546678,367.0,468,367.0,468
3652,3650,3651,367.0,547146,367.0,468,357.0,8
3653,3651,3652,367.0,547614,357.0,8,367.0,468
3654,3652,3653,362.0,8840,367.0,468,367.0,468
3655,3653,3654,367.0,548550,367.0,468,367.0,468
3656,3654,3655,367.0,549018,367.0,468,348.0,3433
3657,3655,3656,367.0,549486,348.0,3433,536.0,64
3658,3656,3657,348.0,549281,536.0,64,534.0,1303
3659,3657,3658,536.0,545912,534.0,1303,542.0,1303
3660,3658,3659,544.0,547215,542.0,1303,524.0,194
3661,3659,3660,542.0,548519,524.0,194,519.0,1931
3662,3660,3661,524.0,546042,519.0,1931,497.0,7
3663,3661,3662,519.0,547974,497.0,7,454.0,456
3664,3662,3663,497.0,8811,454.0,456,450.0,2913
3665,3663,3664,454.0,546304,450.0,2913,383.0,244
3666,3664,3665,454.0,549217,383.0,244,383.0,458
3667,3665,3666,383.0,549936,383.0,458,412.0,458
3668,3666,3667,383.0,550394,412.0,458,383.0,458
3669,3667,3668,383.0,550853,383.0,458,383.0,458
3670,3668,3669,383.0,551311,383.0,458,383.0,458
3671,3669,3670,383.0,551769,383.0,458,383.0,458
3672,3670,3671,383.0,552227,383.0,458,412.0,458
3673,3671,3672,383.0,552685,412.0,458,367.0,67
3674,3672,3673,383.0,553144,367.0,67,402.0,467
3675,3673,3674,367.0,549759,402.0,467,367.0,468
3676,3674,3675,367.0,550227,367.0,468,367.0,468
3677,3675,3676,367.0,550695,367.0,468,367.0,468
3678,3676,3677,367.0,551163,367.0,468,367.0,468
3679,3677,3678,367.0,551631,367.0,468,367.0,468
3680,3678,3679,367.0,552099,367.0,468,367.0,468
3681,3679,3680,367.0,552567,367.0,468,367.0,468
3682,3680,3681,367.0,553035,367.0,468,560.0,1401
3683,3681,3682,367.0,553503,560.0,1401,544.0,545
3684,3682,3683,560.0,587129,544.0,545,542.0,1303
3685,3683,3684,544.0,550237,542.0,1303,539.0,1303
3686,3684,3685,542.0,551541,539.0,1303,519.0,908
3687,3685,3686,539.0,552845,519.0,908,517.0,1931
3688,3686,3687,519.0,550600,517.0,1931,497.0,31
3689,3687,3688,526.0,552531,497.0,31,468.0,1532
3690,3688,3689,497.0,8897,468.0,1532,391.0,2617
3691,3689,3690,468.0,551224,391.0,2617,383.0,413
3692,3690,3691,391.0,556153,383.0,413,372.0,8
3693,3691,3692,383.0,553949,372.0,8,383.0,458
3694,3692,3693,378.0,8942,383.0,458,383.0,458
3695,3693,3694,383.0,554866,383.0,458,383.0,458
3696,3694,3695,383.0,555324,383.0,458,412.0,458
3697,3695,3696,383.0,555782,412.0,458,372.0,8
3698,3696,3697,383.0,556241,372.0,8,383.0,458
3699,3697,3698,378.0,8979,383.0,458,367.0,240
3700,3698,3699,383.0,557157,367.0,240,367.0,468
3701,3699,3700,367.0,553776,367.0,468,367.0,468
3702,3700,3701,367.0,554244,367.0,468,367.0,468
3703,3701,3702,367.0,554712,367.0,468,357.0,8
3704,3702,3703,367.0,555180,357.0,8,367.0,468
3705,3703,3704,362.0,8962,367.0,468,367.0,468
3706,3704,3705,367.0,556116,367.0,468,367.0,468
3707,3705,3706,367.0,556584,367.0,468,348.0,1834
3708,3706,3707,367.0,557052,348.0,1834,560.0,3114
3709,3707,3708,348.0,555370,560.0,3114,542.0,1027
3710,3708,3709,560.0,592938,542.0,1027,539.0,1303
3711,3709,3710,542.0,554563,539.0,1303,534.0,1303
3712,3710,3711,539.0,555867,534.0,1303,526.0,1621
3713,3711,3712,544.0,557170,526.0,1621,517.0,1932
3714,3712,3713,526.0,555157,517.0,1932,497.0,55
3715,3713,3714,526.0,557089,497.0,55,473.0,2608
3716,3714,3715,497.0,8983,473.0,2608,378.0,2
3717,3715,3716,473.0,556144,378.0,2,412.0,458
3718,3716,3717,378.0,8992,412.0,458,383.0,458
3719,3717,3718,383.0,557963,383.0,458,383.0,458
3720,3718,3719,383.0,558421,383.0,458,383.0,458
3721,3719,3720,383.0,558879,383.0,458,412.0,458
3722,3720,3721,383.0,559337,412.0,458,383.0,458
3723,3721,3722,383.0,559796,383.0,458,383.0,458
3724,3722,3723,383.0,560254,383.0,458,383.0,458
3725,3723,3724,383.0,560712,383.0,458,367.0,413
3726,3724,3725,383.0,561170,367.0,413,367.0,468
3727,3725,3726,367.0,557793,367.0,468,367.0,468
3728,3726,3727,367.0,558261,367.0,468,367.0,468
3729,3727,3728,367.0,558729,367.0,468,367.0,468
3730,3728,3729,367.0,559197,367.0,468,367.0,468
3731,3729,3730,367.0,559665,367.0,468,367.0,468
3732,3730,3731,367.0,560133,367.0,468,367.0,468
3733,3731,3732,367.0,560601,367.0,468,560.0,192
3734,3732,3733,367.0,561069,560.0,192,542.0,205
3735,3733,3734,560.0,594112,542.0,205,539.0,1303
3736,3734,3735,542.0,557585,539.0,1303,534.0,1303
3737,3735,3736,539.0,558889,534.0,1303,526.0,403
3738,3736,3737,544.0,560192,526.0,403,517.0,1932
3739,3737,3738,526.0,557783,517.0,1932,497.0,14
3740,3738,3739,526.0,559715,497.0,14,454.0,772
3741,3739,3740,497.0,9004,454.0,772,450.0,2913
3742,3740,3741,454.0,558152,450.0,2913,383.0,294
3743,3741,3742,454.0,561065,383.0,294,383.0,458
3744,3742,3743,383.0,561518,383.0,458,383.0,458
3745,3743,3744,383.0,561976,383.0,458,383.0,458
3746,3744,3745,383.0,562434,383.0,458,412.0,458
3747,3745,3746,383.0,562892,412.0,458,383.0,458
3748,3746,3747,383.0,563351,383.0,458,383.0,458
3749,3747,3748,383.0,563809,383.0,458,383.0,458
3750,3748,3749,383.0,564267,383.0,458,367.0,118
3751,3749,3750,383.0,564725,367.0,118,367.0,468
3752,3750,3751,367.0,561342,367.0,468,357.0,8
3753,3751,3752,367.0,561810,357.0,8,367.0,468
3754,3752,3753,362.0,9069,367.0,468,367.0,468
3755,3753,3754,367.0,562746,367.0,468,367.0,468
3756,3754,3755,367.0,563214,367.0,468,367.0,468
3757,3755,3756,367.0,563682,367.0,468,367.0,468
3758,3756,3757,367.0,564150,367.0,468,348.0,234
3759,3757,3758,367.0,564618,348.0,234,560.0,1904
3760,3758,3759,348.0,561458,560.0,1904,539.0,687
3761,3759,3760,560.0,599920,539.0,687,534.0,1303
3762,3760,3761,539.0,561911,534.0,1303,542.0,1303
3763,3761,3762,544.0,563214,542.0,1303,526.0,1117
3764,3762,3763,542.0,564518,526.0,1117,524.0,1931
3765,3763,3764,526.0,562341,524.0,1931,497.0,38
3766,3764,3765,524.0,564273,497.0,38,468.0,1848
3767,3765,3766,497.0,9090,468.0,1848,383.0,5
3768,3766,3767,468.0,563072,383.0,5,383.0,458
3769,3767,3768,383.0,565073,383.0,458,383.0,458
3770,3768,3769,383.0,565531,383.0,458,412.0,458
3771,3769,3770,383.0,565989,412.0,458,383.0,458
3772,3770,3771,383.0,566448,383.0,458,372.0,8
3773,3771,3772,383.0,566906,372.0,8,383.0,458
3774,3772,3773,378.0,9151,383.0,458,383.0,458
3775,3773,3774,383.0,567822,383.0,458,412.0,458
3776,3774,3775,383.0,568280,412.0,458,367.0,291
3777,3775,3776,383.0,568739,367.0,291,367.0,468
3778,3776,3777,367.0,565359,367.0,468,367.0,468
3779,3777,3778,367.0,565827,367.0,468,367.0,468
3780,3778,3779,367.0,566295,367.0,468,367.0,468
3781,3779,3780,367.0,566763,367.0,468,367.0,468
3782,3780,3781,367.0,567231,367.0,468,367.0,467
3783,3781,3782,367.0,567699,367.0,467,367.0,468
3784,3782,3783,367.0,568166,367.0,468,348.0,2499
3785,3783,3784,367.0,568634,348.0,2499,560.0,3616
3786,3784,3785,348.0,567567,560.0,3616,544.0,1168
3787,3785,3786,560.0,605728,544.0,1168,542.0,1303
3788,3786,3787,544.0,566236,542.0,1303,541.0,1303
3789,3787,3788,542.0,567540,541.0,1303,524.0,1831
3790,3788,3789,541.0,568844,524.0,1831,522.0,1931
3791,3789,3790,524.0,566899,522.0,1931,443.0,1
3792,3790,3791,522.0,568831,443.0,1,450.0,2913
3793,3791,3792,443.0,148,450.0,2913,383.0,174
3794,3792,3793,473.0,567992,383.0,174,383.0,458
3795,3793,3794,383.0,569086,383.0,458,412.0,458
3796,3794,3795,383.0,569544,412.0,458,383.0,458
3797,3795,3796,383.0,570003,383.0,458,383.0,458
3798,3796,3797,383.0,570461,383.0,458,383.0,458
3799,3797,3798,383.0,570919,383.0,458,412.0,458
3800,3798,3799,383.0,571377,412.0,458,383.0,458
3801,3799,3800,383.0,571836,383.0,458,383.0,458
3802,3800,3801,383.0,572294,383.0,458,367.0,464
3803,3801,3802,383.0,572752,367.0,464,357.0,8
3804,3802,3803,367.0,569376,357.0,8,367.0,468
3805,3803,3804,362.0,9191,367.0,468,367.0,468
3806,3804,3805,367.0,570312,367.0,468,367.0,468
3807,3805,3806,367.0,570780,367.0,468,367.0,467
3808,3806,3807,367.0,571248,367.0,467,367.0,468
3809,3807,3808,367.0,571715,367.0,468,367.0,468
3810,3808,3809,367.0,572183,367.0,468,560.0,695
3811,3809,3810,367.0,572651,560.0,695,544.0,346
3812,3810,3811,560.0,606903,544.0,346,542.0,1303
3813,3811,3812,544.0,569258,542.0,1303,541.0,1303
3814,3812,3813,542.0,570562,541.0,1303,524.0,613
3815,3813,3814,541.0,571866,524.0,613,519.0,1931
3816,3814,3815,524.0,569525,519.0,1931,497.0,21
3817,3815,3816,519.0,571457,497.0,21,452.0,1088
3818,3816,3817,497.0,9197,452.0,1088,391.0,683
3819,3817,3818,452.0,570000,391.0,683,383.0,343
3820,3818,3819,391.0,573439,383.0,343,412.0,458
3821,3819,3820,383.0,573099,412.0,458,383.0,458
3822,3820,3821,383.0,573558,383.0,458,383.0,458
3823,3821,3822,383.0,574016,383.0,458,383.0,458
3824,3822,3823,383.0,574474,383.0,458,412.0,458
3825,3823,3824,383.0,574932,412.0,458,383.0,458
3826,3824,3825,383.0,575391,383.0,458,383.0,458
3827,3825,3826,383.0,575849,383.0,458,367.0,169
3828,3826,3827,383.0,576307,367.0,169,367.0,468
3829,3827,3828,367.0,572925,367.0,468,367.0,468
3830,3828,3829,367.0,573393,367.0,468,367.0,468
3831,3829,3830,367.0,573861,367.0,468,367.0,467
3832,3830,3831,367.0,574329,367.0,467,367.0,468
3833,3831,3832,367.0,574796,367.0,468,357.0,8
3834,3832,3833,367.0,575264,357.0,8,402.0,467
3835,3833,3834,362.0,9286,402.0,467,348.0,899
3836,3834,3835,367.0,576200,348.0,899,560.0,2407
3837,3835,3836,348.0,573655,560.0,2407,542.0,828
3838,3836,3837,560.0,612711,542.0,828,539.0,1303
3839,3837,3838,542.0,573584,539.0,1303,536.0,1303
3840,3838,3839,539.0,574888,536.0,1303,519.0,1327
3841,3839,3840,536.0,576192,519.0,1327,517.0,1931
3842,3840,3841,519.0,574083,517.0,1931,497.0,45
3843,3841,3842,526.0,576014,497.0,45,462.0,2164
3844,3842,3843,497.0,9283,462.0,2164,383.0,55
3845,3843,3844,462.0,574920,383.0,55,383.0,458
3846,3844,3845,383.0,576655,383.0,458,383.0,458
3847,3845,3846,383.0,577113,383.0,458,372.0,8
3848,3846,3847,383.0,577571,372.0,8,383.0,458
3849,3847,3848,378.0,9323,383.0,458,412.0,458
3850,3848,3849,383.0,578487,412.0,458,383.0,458
3851,3849,3850,383.0,578946,383.0,458,383.0,458
3852,3850,3851,383.0,579404,383.0,458,372.0,8
3853,3851,3852,383.0,579862,372.0,8,367.0,342
3854,3852,3853,378.0,9360,367.0,342,357.0,8
3855,3853,3854,367.0,576942,357.0,8,367.0,468
3856,3854,3855,362.0,9313,367.0,468,367.0,467
3857,3855,3856,367.0,577878,367.0,467,367.0,468
3858,3856,3857,367.0,578345,367.0,468,367.0,468
3859,3857,3858,367.0,578813,367.0,468,402.0,467
3860,3858,3859,367.0,579281,402.0,467,367.0,468
3861,3859,3860,367.0,579749,367.0,468,348.0,3163
3862,3860,3861,367.0,580217,348.0,3163,435.0,1
3863,3861,3862,348.0,579763,435.0,1,539.0,1303
3864,3862,3863,435.0,151,539.0,1303,534.0,1303
3865,3863,3864,539.0,577910,534.0,1303,519.0,109
3866,3864,3865,544.0,579213,519.0,109,517.0,1931
3867,3865,3866,519.0,576709,517.0,1931,497.0,4
3868,3866,3867,526.0,578640,497.0,4,473.0,327
3869,3867,3868,497.0,9304,473.0,327,450.0,2913
3870,3868,3869,473.0,576927,450.0,2913,383.0,224
3871,3869,3870,473.0,579840,383.0,224,372.0,8
3872,3870,3871,383.0,580668,372.0,8,383.0,458
3873,3871,3872,378.0,9373,383.0,458,412.0,458
3874,3872,3873,383.0,581584,412.0,458,383.0,458
3875,3873,3874,383.0,582043,383.0,458,383.0,458
3876,3874,3875,383.0,582501,383.0,458,383.0,458
3877,3875,3876,383.0,582959,383.0,458,383.0,458
3878,3876,3877,383.0,583417,383.0,458,367.0,47
3879,3877,3878,383.0,583875,367.0,47,367.0,468
3880,3878,3879,367.0,580491,367.0,468,367.0,467
3881,3879,3880,367.0,580959,367.0,467,367.0,468
3882,3880,3881,367.0,581426,367.0,468,367.0,468
3883,3881,3882,367.0,581894,367.0,468,402.0,467
3884,3882,3883,367.0,582362,402.0,467,357.0,8
3885,3883,3884,367.0,582830,357.0,8,367.0,468
3886,3884,3885,362.0,9408,367.0,468,367.0,468
3887,3885,3886,367.0,583766,367.0,468,560.0,1197
3888,3886,3887,367.0,584234,560.0,1197,539.0,488
3889,3887,3888,560.0,619693,539.0,488,534.0,1303
3890,3888,3889,539.0,580932,534.0,1303,543.0,1303
3891,3889,3890,544.0,582235,543.0,1303,526.0,822
3892,3890,3891,543.0,583539,526.0,822,517.0,1932
3893,3891,3892,526.0,581266,517.0,1932,497.0,28
3894,3892,3893,526.0,583198,497.0,28,473.0,1403
3895,3893,3894,497.0,9390,473.0,1403,391.0,2058
3896,3894,3895,473.0,581847,391.0,2058,383.0,393
3897,3895,3896,391.0,586346,383.0,393,383.0,458
3898,3896,3897,383.0,584681,383.0,458,412.0,458
3899,3897,3898,383.0,585139,412.0,458,383.0,458
3900,3898,3899,383.0,585598,383.0,458,383.0,458
3901,3899,3900,383.0,586056,383.0,458,383.0,458
3902,3900,3901,383.0,586514,383.0,458,412.0,458
3903,3901,3902,383.0,586972,412.0,458,383.0,458
3904,3902,3903,383.0,587431,383.0,458,367.0,220
3905,3903,3904,383.0,587889,367.0,220,367.0,467
3906,3904,3905,367.0,584508,367.0,467,367.0,468
3907,3905,3906,367.0,584975,367.0,468,367.0,468
3908,3906,3907,367.0,585443,367.0,468,402.0,467
3909,3907,3908,367.0,585911,402.0,467,367.0,468
3910,3908,3909,367.0,586379,367.0,468,367.0,468
3911,3909,3910,367.0,586847,367.0,468,367.0,468
3912,3910,3911,367.0,587315,367.0,468,348.0,1563
3913,3911,3912,367.0,587783,348.0,1563,560.0,2909
3914,3912,3913,348.0,585851,560.0,2909,544.0,969
3915,3913,3914,560.0,625501,544.0,969,542.0,1303
3916,3914,3915,544.0,585257,542.0,1303,541.0,1303
3917,3915,3916,542.0,586561,541.0,1303,526.0,1536
3918,3916,3917,541.0,587865,526.0,1536,522.0,1931
3919,3917,3918,526.0,585824,522.0,1931,497.0,52
3920,3918,3919,522.0,587756,497.0,52,454.0,2480
3921,3919,3920,497.0,9476,454.0,2480,383.0,104
3922,3920,3921,454.0,586768,383.0,104,383.0,458
3923,3921,3922,383.0,588236,383.0,458,412.0,458
3924,3922,3923,383.0,588694,412.0,458,383.0,458
3925,3923,3924,383.0,589153,383.0,458,383.0,458
3926,3924,3925,383.0,589611,383.0,458,383.0,458
3927,3925,3926,383.0,590069,383.0,458,372.0,8
3928,3926,3927,383.0,590527,372.0,8,383.0,458
3929,3927,3928,378.0,9532,383.0,458,383.0,458
3930,3928,3929,383.0,591444,383.0,458,367.0,392
3931,3929,3930,383.0,591902,367.0,392,367.0,468
3932,3930,3931,367.0,588524,367.0,468,402.0,467
3933,3931,3932,367.0,588992,402.0,467,367.0,468
3934,3932,3933,367.0,589460,367.0,468,367.0,468
3935,3933,3934,367.0,589928,367.0,468,357.0,8
3936,3934,3935,367.0,590396,357.0,8,367.0,468
3937,3935,3936,362.0,9530,367.0,468,367.0,468
3938,3936,3937,367.0,591332,367.0,468,348.0,3827
3939,3937,3938,367.0,591800,348.0,3827,544.0,147
3940,3938,3939,348.0,591959,544.0,147,542.0,1303
3941,3939,3940,544.0,588279,542.0,1303,541.0,1303
3942,3940,3941,542.0,589583,541.0,1303,526.0,318
3943,3941,3942,541.0,590887,526.0,318,522.0,1931
3944,3942,3943,526.0,588450,522.0,1931,497.0,11
3945,3943,3944,522.0,590382,497.0,11,468.0,643
3946,3944,3945,497.0,9497,468.0,643,462.0,2912
3947,3945,3946,468.0,588775,462.0,2912,383.0,274
3948,3946,3947,462.0,591688,383.0,274,383.0,458
3949,3947,3948,383.0,592250,383.0,458,383.0,458
3950,3948,3949,383.0,592708,383.0,458,383.0,458
3951,3949,3950,383.0,593166,383.0,458,383.0,458
3952,3950,3951,383.0,593624,383.0,458,412.0,458
3953,3951,3952,383.0,594082,412.0,458,383.0,458
3954,3952,3953,383.0,594541,383.0,458,383.0,458
3955,3953,3954,383.0,594999,383.0,458,367.0,97
3956,3954,3955,383.0,595457,367.0,97,367.0,468
3957,3955,3956,367.0,592073,367.0,468,402.0,467
3958,3956,3957,367.0,592541,402.0,467,367.0,468
3959,3957,3958,367.0,593009,367.0,468,367.0,468
3960,3958,3959,367.0,593477,367.0,468,367.0,468
3961,3959,3960,367.0,593945,367.0,468,367.0,468
3962,3960,3961,367.0,594413,367.0,468,367.0,468
3963,3961,3962,367.0,594881,367.0,468,367.0,468
3964,3962,3963,367.0,595349,367.0,468,560.0,1700
3965,3963,3964,367.0,595817,560.0,1700,542.0,629
3966,3964,3965,560.0,632484,542.0,629,541.0,1303
3967,3965,3966,542.0,592605,541.0,1303,536.0,1303
3968,3966,3967,541.0,593909,536.0,1303,524.0,1032
3969,3967,3968,536.0,595213,524.0,1032,519.0,1931
3970,3968,3969,524.0,593008,519.0,1931,497.0,35
3971,3969,3970,519.0,594940,497.0,35,473.0,1719
3972,3970,3971,497.0,9583,473.0,1719,391.0,3433
3973,3971,3972,473.0,593695,391.0,3433,383.0,443
3974,3972,3973,391.0,599253,383.0,443,383.0,458
3975,3973,3974,383.0,596263,383.0,458,383.0,458
3976,3974,3975,383.0,596721,383.0,458,412.0,458
3977,3975,3976,383.0,597179,412.0,458,383.0,458
3978,3976,3977,383.0,597638,383.0,458,383.0,458
3979,3977,3978,383.0,598096,383.0,458,383.0,458
3980,3978,3979,383.0,598554,383.0,458,383.0,458
3981,3979,3980,383.0,599012,383.0,458,367.0,270
3982,3980,3981,383.0,599470,367.0,270,402.0,467
3983,3981,3982,367.0,596090,402.0,467,367.0,468
3984,3982,3983,367.0,596558,367.0,468,357.0,8
3985,3983,3984,367.0,597026,357.0,8,367.0,468
3986,3984,3985,362.0,9637,367.0,468,367.0,468
3987,3985,3986,367.0,597962,367.0,468,367.0,468
3988,3986,3987,367.0,598430,367.0,468,367.0,468
3989,3987,3988,367.0,598898,367.0,468,348.0,2228
3990,3988,3989,367.0,599366,348.0,2228,560.0,3412
3991,3989,3990,348.0,598048,560.0,3412,541.0,1111
3992,3990,3991,560.0,638292,541.0,1111,536.0,1303
3993,3991,3992,541.0,596931,536.0,1303,534.0,1303
3994,3992,3993,536.0,598235,534.0,1303,519.0,1746
3995,3993,3994,544.0,599538,519.0,1746,517.0,1931
3996,3994,3995,519.0,597566,517.0,1931,497.0,59
3997,3995,3996,526.0,599497,497.0,59,454.0,2796
3998,3996,3997,497.0,9669,454.0,2796,383.0,154
3999,3997,3998,454.0,598616,383.0,154,383.0,458
4000,3998,3999,383.0,599818,383.0,458,383.0,458
4001,3999,4000,383.0,600276,383.0,458,412.0,458
4002,4000,4001,383.0,600734,412.0,458,372.0,8
4003,4001,4002,383.0,601193,372.0,8,383.0,458
4004,4002,4003,378.0,9704,383.0,458,383.0,458
4005,4003,4004,383.0,602109,383.0,458,412.0,458
4006,4004,4005,383.0,602567,412.0,458,383.0,458
4007,4005,4006,383.0,603026,383.0,458,367.0,443
4008,4006,4007,383.0,603484,367.0,443,367.0,468
4009,4007,4008,367.0,600107,367.0,468,367.0,468
4010,4008,4009,367.0,600575,367.0,468,367.0,468
4011,4009,4010,367.0,601043,367.0,468,367.0,468
4012,4010,4011,367.0,601511,367.0,468,367.0,468
4013,4011,4012,367.0,601979,367.0,468,367.0,468
4014,4012,4013,367.0,602447,367.0,468,367.0,468
4015,4013,4014,367.0,602915,367.0,468,560.0,490
4016,4014,4015,367.0,603383,560.0,490,541.0,289
4017,4015,4016,560.0,639466,541.0,289,536.0,1303
4018,4016,4017,541.0,599953,536.0,1303,534.0,1303
4019,4017,4018,536.0,601257,534.0,1303,522.0,528
4020,4018,4019,544.0,602560,522.0,528,517.0,1931
4021,4019,4020,522.0,600192,517.0,1931,497.0,18
4022,4020,4021,526.0,602123,497.0,18,473.0,959
4023,4021,4022,497.0,9690,473.0,959,164.0,1
4024,4022,4023,473.0,600623,164.0,1,383.0,323
4025,4023,4024,172.0,157,383.0,323,383.0,459
4026,4024,4025,383.0,603831,383.0,459,372.0,8
4027,4025,4026,383.0,604290,372.0,8,383.0,458
4028,4026,4027,378.0,9754,383.0,458,383.0,458
4029,4027,4028,383.0,605206,383.0,458,383.0,458
4030,4028,4029,383.0,605664,383.0,458,412.0,458
4031,4029,4030,383.0,606122,412.0,458,383.0,458
4032,4030,4031,383.0,606581,383.0,458,367.0,148
4033,4031,4032,383.0,607039,367.0,148,367.0,468
4034,4032,4033,367.0,603656,367.0,468,367.0,468
4035,4033,4034,367.0,604124,367.0,468,357.0,8
4036,4034,4035,367.0,604592,357.0,8,367.0,468
4037,4035,4036,362.0,9759,367.0,468,367.0,468
4038,4036,4037,367.0,605528,367.0,468,367.0,468
4039,4037,4038,367.0,605996,367.0,468,367.0,468
4040,4038,4039,367.0,606464,367.0,468,348.0,629
4041,4039,4040,367.0,606932,348.0,629,560.0,2202
4042,4040,4041,348.0,604137,560.0,2202,536.0,771
4043,4041,4042,560.0,645274,536.0,771,534.0,1303
4044,4042,4043,536.0,604279,534.0,1303,542.0,1303
4045,4043,4044,544.0,605582,542.0,1303,519.0,1242
4046,4044,4045,542.0,606886,519.0,1242,517.0,1931
4047,4045,4046,519.0,604750,517.0,1931,497.0,42
4048,4046,4047,526.0,606681,497.0,42,473.0,2035
4049,4047,4048,497.0,9776,473.0,2035,383.0,34
4050,4048,4049,473.0,605543,383.0,34,412.0,458
4051,4049,4050,383.0,607386,412.0,458,383.0,458
4052,4050,4051,383.0,607845,383.0,458,383.0,458
4053,4051,4052,383.0,608303,383.0,458,383.0,458
4054,4052,4053,383.0,608761,383.0,458,383.0,459
4055,4053,4054,383.0,609219,383.0,459,383.0,458
4056,4054,4055,383.0,609678,383.0,458,383.0,458
4057,4055,4056,383.0,610136,383.0,458,383.0,458
4058,4056,4057,383.0,610594,383.0,458,367.0,321
4059,4057,4058,383.0,611052,367.0,321,367.0,468
4060,4058,4059,367.0,607673,367.0,468,367.0,468
4061,4059,4060,367.0,608141,367.0,468,367.0,468
4062,4060,4061,367.0,608609,367.0,468,367.0,468
4063,4061,4062,367.0,609077,367.0,468,367.0,468
4064,4062,4063,367.0,609545,367.0,468,367.0,468
4065,4063,4064,367.0,610013,367.0,468,357.0,8
4066,4064,4065,367.0,610481,357.0,8,348.0,2893
4067,4065,4066,362.0,9854,348.0,2893,560.0,3915
4068,4066,4067,348.0,610245,560.0,3915,544.0,1252
4069,4067,4068,560.0,651083,544.0,1252,542.0,1303
4070,4068,4069,544.0,608604,542.0,1303,519.0,24
4071,4069,4070,542.0,609908,519.0,24,517.0,1931
4072,4070,4071,519.0,607376,517.0,1931,497.0,1
4073,4071,4072,526.0,609307,497.0,1,468.0,199
4074,4072,4073,497.0,9797,468.0,199,462.0,2912
4075,4073,4074,468.0,607551,462.0,2912,383.0,204
4076,4074,4075,462.0,610464,383.0,204,383.0,458
4077,4075,4076,383.0,611400,383.0,458,383.0,458
4078,4076,4077,383.0,611858,383.0,458,383.0,458
4079,4077,4078,383.0,612316,383.0,458,412.0,458
4080,4078,4079,383.0,612774,412.0,458,383.0,458
4081,4079,4080,383.0,613233,383.0,458,383.0,458
4082,4080,4081,383.0,613691,383.0,458,372.0,8
4083,4081,4082,383.0,614149,372.0,8,367.0,26
4084,4082,4083,378.0,9913,367.0,26,367.0,468
4085,4083,4084,367.0,611222,367.0,468,367.0,468
4086,4084,4085,367.0,611690,367.0,468,357.0,8
4087,4085,4086,367.0,612158,357.0,8,367.0,468
4088,4086,4087,362.0,9881,367.0,468,367.0,468
4089,4087,4088,367.0,613094,367.0,468,367.0,468
4090,4088,4089,367.0,613562,367.0,468,367.0,468
4091,4089,4090,367.0,614030,367.0,468,367.0,467
4092,4090,4091,367.0,614498,367.0,467,560.0,993
4093,4091,4092,367.0,614965,560.0,993,544.0,430
4094,4092,4093,560.0,652257,544.0,430,542.0,1303
4095,4093,4094,544.0,611626,542.0,1303,541.0,1303
4096,4094,4095,542.0,612930,541.0,1303,526.0,737
4097,4095,4096,541.0,614234,526.0,737,517.0,1932
4098,4096,4097,526.0,611933,517.0,1932,497.0,25
4099,4097,4098,526.0,613865,497.0,25,473.0,1275
4100,4098,4099,497.0,9883,473.0,1275,391.0,1500
4101,4099,4100,473.0,612471,391.0,1500,378.0,6
4102,4100,4101,391.0,616540,378.0,6,383.0,458
4103,4101,4102,378.0,9926,383.0,458,383.0,458
4104,4102,4103,383.0,615871,383.0,458,412.0,458
4105,4103,4104,383.0,616329,412.0,458,383.0,458
4106,4104,4105,383.0,616788,383.0,458,383.0,458
4107,4105,4106,383.0,617246,383.0,458,383.0,458
4108,4106,4107,383.0,617704,383.0,458,412.0,458
4109,4107,4108,383.0,618162,412.0,458,367.0,199
4110,4108,4109,383.0,618621,367.0,199,367.0,468
4111,4109,4110,367.0,615239,367.0,468,367.0,468
4112,4110,4111,367.0,615707,367.0,468,367.0,468
4113,4111,4112,367.0,616175,367.0,468,367.0,468
4114,4112,4113,367.0,616643,367.0,468,367.0,468
4115,4113,4114,367.0,617111,367.0,468,367.0,467
4116,4114,4115,367.0,617579,367.0,467,357.0,8
4117,4115,4116,367.0,618046,357.0,8,348.0,1294
4118,4116,4117,362.0,9976,348.0,1294,560.0,2705
4119,4117,4118,348.0,616334,560.0,2705,542.0,912
4120,4118,4119,560.0,658065,542.0,912,541.0,1303
4121,4119,4120,542.0,615952,541.0,1303,536.0,1303
4122,4120,4121,541.0,617256,536.0,1303,526.0,1451
4123,4121,4122,536.0,618560,526.0,1451,524.0,1931
4124,4122,4123,526.0,616491,524.0,1931,497.0,49
4125,4123,4124,524.0,618423,497.0,49,475.0,2351
4126,4124,4125,497.0,9969,475.0,2351,383.0,84
4127,4125,4126,475.0,617391,383.0,84,383.0,458
4128,4126,4127,383.0,618968,383.0,458,412.0,458
4129,4127,4128,383.0,619426,412.0,458,383.0,458
4130,4128,4129,383.0,619885,383.0,458,383.0,458
4131,4129,4130,383.0,620343,383.0,458,383.0,458
4132,4130,4131,383.0,620801,383.0,458,383.0,458
4133,4131,4132,383.0,621259,383.0,458,412.0,458
4134,4132,4133,383.0,621717,412.0,458,383.0,458
4135,4133,4134,383.0,622176,383.0,458,362.0,6
4136,4134,4135,383.0,622634,362.0,6,367.0,468
4137,4135,4136,362.0,9988,367.0,468,367.0,468
4138,4136,4137,367.0,619724,367.0,468,367.0,468
4139,4137,4138,367.0,620192,367.0,468,367.0,468
4140,4138,4139,367.0,620660,367.0,468,367.0,467
4141,4139,4140,367.0,621128,367.0,467,367.0,468
4142,4140,4141,367.0,621595,367.0,468,367.0,468
4143,4141,4142,367.0,622063,367.0,468,348.0,3558
4144,4142,4143,367.0,622531,348.0,3558,542.0,90
4145,4143,4144,348.0,622442,542.0,90,539.0,1303
4146,4144,4145,542.0,618974,539.0,1303,534.0,1303
4147,4145,4146,539.0,620278,534.0,1303,526.0,233
4148,4146,4147,544.0,621581,526.0,233,522.0,1931
4149,4147,4148,526.0,619117,522.0,1931,497.0,8
4150,4148,4149,522.0,621049,497.0,8,462.0,515
4151,4149,4150,497.0,9990,462.0,515,458.0,2912
4152,4150,4151,462.0,619399,458.0,2912,383.0,253
4153,4151,4152,458.0,622312,383.0,253,412.0,458
4154,4152,4153,383.0,622981,412.0,458,383.0,458
4155,4153,4154,383.0,623440,383.0,458,383.0,458
4156,4154,4155,383.0,623898,383.0,458,383.0,458
4157,4155,4156,383.0,624356,383.0,458,372.0,8
4158,4156,4157,383.0,624814,372.0,8,383.0,458
4159,4157,4158,378.0,10085,383.0,458,383.0,458
4160,4158,4159,383.0,625731,383.0,458,367.0,77
4161,4159,4160,383.0,626189,367.0,77,367.0,468
4162,4160,4161,367.0,622805,367.0,468,367.0,468
4163,4161,4162,367.0,623273,367.0,468,367.0,468
4164,4162,4163,367.0,623741,367.0,468,367.0,467
4165,4163,4164,367.0,624209,367.0,467,367.0,468
4166,4164,4165,367.0,624676,367.0,468,367.0,468
4167,4165,4166,367.0,625144,367.0,468,402.0,467
4168,4166,4167,367.0,625612,402.0,467,367.0,468
4169,4167,4168,367.0,626080,367.0,468,560.0,1496
4170,4168,4169,367.0,626548,560.0,1496,539.0,572
4171,4169,4170,560.0,665048,539.0,572,534.0,1303
4172,4170,4171,539.0,623300,534.0,1303,534.0,1304
4173,4171,4172,544.0,624603,534.0,1304,524.0,947
4174,4172,4173,544.0,625907,524.0,947,519.0,1931
4175,4173,4174,524.0,623675,519.0,1931,497.0,32
4176,4174,4175,519.0,625607,497.0,32,473.0,1591
4177,4175,4176,497.0,10076,473.0,1591,391.0,2874
4178,4176,4177,473.0,624319,391.0,2874,383.0,423
4179,4177,4178,391.0,629446,383.0,423,383.0,458
4180,4178,4179,383.0,626995,383.0,458,383.0,458
4181,4179,4180,383.0,627453,383.0,458,383.0,458
4182,4180,4181,383.0,627911,383.0,458,412.0,458
4183,4181,4182,383.0,628369,412.0,458,383.0,458
4184,4182,4183,383.0,628828,383.0,458,383.0,458
4185,4183,4184,383.0,629286,383.0,458,383.0,458
4186,4184,4185,383.0,629744,383.0,458,362.0,4
4187,4185,4186,383.0,630202,362.0,4,367.0,468
4188,4186,4187,362.0,10110,367.0,468,367.0,468
4189,4187,4188,367.0,627290,367.0,468,367.0,467
4190,4188,4189,367.0,627758,367.0,467,367.0,468
4191,4189,4190,367.0,628225,367.0,468,367.0,468
4192,4190,4191,367.0,628693,367.0,468,402.0,467
4193,4191,4192,367.0,629161,402.0,467,367.0,468
4194,4192,4193,367.0,629629,367.0,468,348.0,1958
4195,4193,4194,367.0,630097,348.0,1958,560.0,3208
4196,4194,4195,348.0,628530,560.0,3208,544.0,1053
4197,4195,4196,560.0,670856,544.0,1053,542.0,1303
4198,4196,4197,544.0,627625,542.0,1303,541.0,1303
4199,4197,4198,542.0,628929,541.0,1303,519.0,1661
4200,4198,4199,541.0,630233,519.0,1661,517.0,1931
4201,4199,4200,519.0,628233,517.0,1931,497.0,56
4202,4200,4201,526.0,630164,497.0,56,473.0,2667
4203,4201,4202,497.0,10162,473.0,2667,383.0,134
4204,4202,4203,473.0,629239,383.0,134,383.0,458
4205,4203,4204,383.0,630550,383.0,458,383.0,458
4206,4204,4205,383.0,631008,383.0,458,383.0,458
4207,4205,4206,383.0,631466,383.0,458,412.0,458
4208,4206,4207,383.0,631924,412.0,458,383.0,458
4209,4207,4208,383.0,632383,383.0,458,383.0,458
4210,4208,4209,383.0,632841,383.0,458,383.0,458
4211,4209,4210,383.0,633299,383.0,458,412.0,458
4212,4210,4211,383.0,633757,412.0,458,367.0,423
4213,4211,4212,383.0,634216,367.0,423,367.0,467
4214,4212,4213,367.0,630839,367.0,467,367.0,468
4215,4213,4214,367.0,631306,367.0,468,367.0,468
4216,4214,4215,367.0,631774,367.0,468,357.0,8
4217,4215,4216,367.0,632242,357.0,8,367.0,468
4218,4216,4217,362.0,10205,367.0,468,367.0,468
4219,4217,4218,367.0,633178,367.0,468,367.0,468
4220,4218,4219,367.0,633646,367.0,468,560.0,286
4221,4219,4220,367.0,634114,560.0,286,544.0,231
4222,4220,4221,560.0,672030,544.0,231,542.0,1303
4223,4221,4222,544.0,630647,542.0,1303,541.0,1303
4224,4222,4223,542.0,631951,541.0,1303,519.0,443
4225,4223,4224,541.0,633255,519.0,443,517.0,1931
4226,4224,4225,519.0,630859,517.0,1931,497.0,15
4227,4225,4226,526.0,632790,497.0,15,458.0,831
4228,4226,4227,497.0,10183,458.0,831,454.0,2912
4229,4227,4228,458.0,631247,454.0,2912,383.0,303
4230,4228,4229,454.0,634160,383.0,303,383.0,458
4231,4229,4230,383.0,634563,383.0,458,412.0,458
4232,4230,4231,383.0,635021,412.0,458,372.0,8
4233,4231,4232,383.0,635480,372.0,8,383.0,458
4234,4232,4233,378.0,10257,383.0,458,383.0,458
4235,4233,4234,383.0,636396,383.0,458,383.0,458
4236,4234,4235,383.0,636854,383.0,458,412.0,458
4237,4235,4236,383.0,637312,412.0,458,362.0,2
4238,4236,4237,383.0,637771,362.0,2,367.0,467
4239,4237,4238,362.0,10232,367.0,467,367.0,468
4240,4238,4239,367.0,634855,367.0,468,367.0,468
4241,4239,4240,367.0,635323,367.0,468,402.0,467
4242,4240,4241,367.0,635791,402.0,467,367.0,468
4243,4241,4242,367.0,636259,367.0,468,367.0,468
4244,4242,4243,367.0,636727,367.0,468,367.0,468
4245,4243,4244,367.0,637195,367.0,468,348.0,359
4246,4244,4245,367.0,637663,348.0,359,560.0,1998
4247,4245,4246,348.0,634619,560.0,1998,542.0,713
4248,4246,4247,560.0,677838,542.0,713,541.0,1303
4249,4247,4248,542.0,634973,541.0,1303,536.0,1303
4250,4248,4249,541.0,636277,536.0,1303,526.0,1156
4251,4249,4250,536.0,637581,526.0,1156,517.0,1932
4252,4250,4251,526.0,635416,517.0,1932,497.0,39
4253,4251,4252,526.0,637348,497.0,39,468.0,1907
4254,4252,4253,497.0,10269,468.0,1907,383.0,14
4255,4253,4254,468.0,636167,383.0,14,383.0,458
4256,4254,4255,383.0,638118,383.0,458,372.0,8
4257,4255,4256,383.0,638576,372.0,8,383.0,458
4258,4256,4257,378.0,10307,383.0,458,383.0,458
4259,4257,4258,383.0,639493,383.0,458,383.0,458
4260,4258,4259,383.0,639951,383.0,458,412.0,458
4261,4259,4260,383.0,640409,412.0,458,383.0,458
4262,4260,4261,383.0,640868,383.0,458,383.0,458
4263,4261,4262,383.0,641326,383.0,458,367.0,300
4264,4262,4263,383.0,641784,367.0,300,367.0,468
4265,4263,4264,367.0,638404,367.0,468,402.0,467
4266,4264,4265,367.0,638872,402.0,467,367.0,468
4267,4265,4266,367.0,639340,367.0,468,357.0,8
4268,4266,4267,367.0,639808,357.0,8,367.0,468
4269,4267,4268,362.0,10327,367.0,468,367.0,468
4270,4268,4269,367.0,640744,367.0,468,367.0,468
4271,4269,4270,367.0,641212,367.0,468,348.0,2623
4272,4270,4271,367.0,641680,348.0,2623,560.0,3710
4273,4271,4272,348.0,640727,560.0,3710,541.0,1195
4274,4272,4273,560.0,683646,541.0,1195,536.0,1303
4275,4273,4274,541.0,639299,536.0,1303,534.0,1303
4276,4274,4275,536.0,640603,534.0,1303,526.0,1870
4277,4275,4276,544.0,641906,526.0,1870,524.0,1931
4278,4276,4277,526.0,639974,524.0,1931,473.0,70
4279,4277,4278,524.0,641906,473.0,70,450.0,2913
4280,4278,4279,473.0,638174,450.0,2913,383.0,183
4281,4279,4280,473.0,641087,383.0,183,412.0,458
4282,4280,4281,383.0,642131,412.0,458,383.0,458
4283,4281,4282,383.0,642590,383.0,458,383.0,458
4284,4282,4283,383.0,643048,383.0,458,383.0,458
4285,4283,4284,383.0,643506,383.0,458,412.0,458
4286,4284,4285,383.0,643964,412.0,458,383.0,458
4287,4285,4286,383.0,644423,383.0,458,383.0,458
4288,4286,4287,383.0,644881,383.0,458,367.0,5
4289,4287,4288,383.0,645339,367.0,5,367.0,468
4290,4288,4289,367.0,641953,367.0,468,402.0,467
4291,4289,4290,367.0,642421,402.0,467,367.0,468
4292,4290,4291,367.0,642889,367.0,468,367.0,468
4293,4291,4292,367.0,643357,367.0,468,367.0,468
4294,4292,4293,367.0,643825,367.0,468,367.0,468
4295,4293,4294,367.0,644293,367.0,468,367.0,468
4296,4294,4295,367.0,644761,367.0,468,367.0,468
4297,4295,4296,367.0,645229,367.0,468,560.0,789
4298,4296,4297,367.0,645697,560.0,789,541.0,373
4299,4297,4298,560.0,684821,541.0,373,536.0,1303
4300,4298,4299,541.0,642321,536.0,1303,534.0,1303
4301,4299,4300,536.0,643625,534.0,1303,526.0,652
4302,4300,4301,544.0,644928,526.0,652,524.0,1931
4303,4301,4302,526.0,642600,524.0,1931,497.0,22
4304,4302,4303,524.0,644532,497.0,22,454.0,1147
4305,4303,4304,497.0,10376,454.0,1147,391.0,940
4306,4304,4305,454.0,643095,391.0,940,383.0,353
4307,4305,4306,391.0,646732,383.0,353,383.0,458
4308,4306,4307,383.0,646145,383.0,458,383.0,458
4309,4307,4308,383.0,646603,383.0,458,383.0,458
4310,4308,4309,383.0,647061,383.0,458,412.0,458
4311,4309,4310,383.0,647519,412.0,458,383.0,458
4312,4310,4311,383.0,647978,383.0,458,372.0,8
4313,4311,4312,383.0,648436,372.0,8,383.0,458
4314,4312,4313,378.0,10466,383.0,458,367.0,178
4315,4313,4314,383.0,649352,367.0,178,402.0,467
4316,4314,4315,367.0,645970,402.0,467,367.0,468
4317,4315,4316,367.0,646438,367.0,468,367.0,468
4318,4316,4317,367.0,646906,367.0,468,357.0,8
4319,4317,4318,367.0,647374,357.0,8,367.0,468
4320,4318,4319,362.0,10449,367.0,468,367.0,468
4321,4319,4320,367.0,648310,367.0,468,367.0,468
4322,4320,4321,367.0,648778,367.0,468,348.0,1023
4323,4321,4322,367.0,649246,348.0,1023,560.0,2501
4324,4322,4323,348.0,646815,560.0,2501,544.0,854
4325,4323,4324,560.0,690629,544.0,854,534.0,1304
4326,4324,4325,544.0,646646,534.0,1304,542.0,1303
4327,4325,4326,544.0,647950,542.0,1303,522.0,1366
4328,4326,4327,542.0,649254,522.0,1366,519.0,1931
4329,4327,4328,522.0,647158,519.0,1931,497.0,46
4330,4328,4329,519.0,649090,497.0,46,462.0,2223
4331,4329,4330,497.0,10462,462.0,2223,378.0,1
4332,4330,4331,462.0,648015,378.0,1,383.0,458
4333,4331,4332,378.0,10479,383.0,458,383.0,458
4334,4332,4333,383.0,650158,383.0,458,412.0,458
4335,4333,4334,383.0,650616,412.0,458,383.0,458
4336,4334,4335,383.0,651075,383.0,458,383.0,458
4337,4335,4336,383.0,651533,383.0,458,383.0,458
4338,4336,4337,383.0,651991,383.0,458,383.0,458
4339,4337,4338,383.0,652449,383.0,458,412.0,458
4340,4338,4339,383.0,652907,412.0,458,367.0,351
4341,4339,4340,383.0,653366,367.0,351,367.0,468
4342,4340,4341,367.0,649987,367.0,468,367.0,468
4343,4341,4342,367.0,650455,367.0,468,367.0,468
4344,4342,4343,367.0,650923,367.0,468,367.0,468
4345,4343,4344,367.0,651391,367.0,468,367.0,468
4346,4344,4345,367.0,651859,367.0,468,367.0,468
4347,4345,4346,367.0,652327,367.0,468,367.0,468
4348,4346,4347,367.0,652795,367.0,468,345.0,3288
4349,4347,4348,367.0,653263,345.0,3288,546.0,32
4350,4348,4349,345.0,652924,546.0,32,544.0,1303
4351,4349,4350,546.0,649668,544.0,1303,542.0,1303
4352,4350,4351,544.0,650972,542.0,1303,524.0,148
4353,4351,4352,542.0,652276,524.0,148,519.0,1931
4354,4352,4353,524.0,649784,519.0,1931,507.0,6
4355,4353,4354,519.0,651716,507.0,6,473.0,386
4356,4354,4355,507.0,10484,473.0,386,450.0,2913
4357,4355,4356,473.0,650022,450.0,2913,383.0,233
4358,4356,4357,473.0,652935,383.0,233,383.0,458
4359,4357,4358,383.0,653713,383.0,458,412.0,458
4360,4358,4359,383.0,654171,412.0,458,383.0,458
4361,4359,4360,383.0,654630,383.0,458,383.0,458
4362,4360,4361,383.0,655088,383.0,458,383.0,458
4363,4361,4362,383.0,655546,383.0,458,412.0,458
4364,4362,4363,383.0,656004,412.0,458,383.0,458
4365,4363,4364,383.0,656463,383.0,458,367.0,56
4366,4364,4365,383.0,656921,367.0,56,367.0,468
4367,4365,4366,367.0,653536,367.0,468,357.0,8
4368,4366,4367,367.0,654004,357.0,8,367.0,468
4369,4367,4368,362.0,10556,367.0,468,367.0,468
4370,4368,4369,367.0,654940,367.0,468,367.0,468
4371,4369,4370,367.0,655408,367.0,468,367.0,468
4372,4370,4371,367.0,655876,367.0,468,367.0,468
4373,4371,4372,367.0,656344,367.0,468,367.0,468
4374,4372,4373,367.0,656812,367.0,468,560.0,1291
4375,4373,4374,367.0,657280,560.0,1291,544.0,514
4376,4374,4375,560.0,697611,544.0,514,542.0,1303
4377,4375,4376,544.0,653994,542.0,1303,539.0,1303
4378,4376,4377,542.0,655298,539.0,1303,522.0,862
4379,4377,4378,539.0,656602,522.0,862,517.0,1931
4380,4378,4379,522.0,654342,517.0,1931,507.0,30
4381,4379,4380,526.0,656273,507.0,30,454.0,1463
4382,4380,4381,507.0,10570,454.0,1463,391.0,2315
4383,4381,4382,454.0,654943,391.0,2315,383.0,402
4384,4382,4383,391.0,659639,383.0,402,412.0,458
4385,4383,4384,383.0,657726,412.0,458,383.0,458
4386,4384,4385,383.0,658185,383.0,458,383.0,458
4387,4385,4386,383.0,658643,383.0,458,372.0,8
4388,4386,4387,383.0,659101,372.0,8,412.0,458
4389,4387,4388,378.0,10638,412.0,458,383.0,458
4390,4388,4389,383.0,660018,383.0,458,383.0,458
4391,4389,4390,383.0,660476,383.0,458,367.0,229
4392,4390,4391,383.0,660934,367.0,229,367.0,468
4393,4391,4392,367.0,657553,367.0,468,367.0,468
4394,4392,4393,367.0,658021,367.0,468,367.0,468
4395,4393,4394,367.0,658489,367.0,468,367.0,468
4396,4394,4395,367.0,658957,367.0,468,367.0,468
4397,4395,4396,367.0,659425,367.0,468,367.0,468
4398,4396,4397,367.0,659893,367.0,468,367.0,468
4399,4397,4398,367.0,660361,367.0,468,348.0,1688
4400,4398,4399,367.0,660829,348.0,1688,560.0,3003
4401,4399,4400,348.0,659012,560.0,3003,542.0,996
4402,4400,4401,560.0,703419,542.0,996,539.0,1303
4403,4401,4402,542.0,658320,539.0,1303,534.0,1303
4404,4402,4403,539.0,659624,534.0,1303,519.0,1576
4405,4403,4404,544.0,660927,519.0,1576,517.0,1931
4406,4404,4405,519.0,658900,517.0,1931,491.0,3114
4407,4405,4406,526.0,660831,491.0,3114,472.0,2539
4408,4406,4407,491.0,618030,472.0,2539,383.0,114
4409,4407,4408,472.0,659863,383.0,114,383.0,458
4410,4408,4409,383.0,661282,383.0,458,383.0,458
4411,4409,4410,383.0,661740,383.0,458,372.0,8
4412,4410,4411,383.0,662198,372.0,8,383.0,459
4413,4411,4412,378.0,10688,383.0,459,383.0,458
4414,4412,4413,383.0,663115,383.0,458,383.0,458
4415,4413,4414,383.0,663573,383.0,458,383.0,458
4416,4414,4415,383.0,664031,383.0,458,383.0,458
4417,4415,4416,383.0,664489,383.0,458,367.0,402
4418,4416,4417,383.0,664947,367.0,402,357.0,8
4419,4417,4418,367.0,661570,357.0,8,367.0,468
4420,4418,4419,362.0,10678,367.0,468,367.0,468
4421,4419,4420,367.0,662506,367.0,468,367.0,468
4422,4420,4421,367.0,662974,367.0,468,367.0,468
4423,4421,4422,367.0,663442,367.0,468,367.0,468
4424,4422,4423,367.0,663910,367.0,468,367.0,467
4425,4423,4424,367.0,664378,367.0,467,560.0,82
4426,4424,4425,367.0,664845,560.0,82,542.0,174
4427,4425,4426,560.0,704594,542.0,174,539.0,1303
4428,4426,4427,542.0,661342,539.0,1303,534.0,1303
4429,4427,4428,539.0,662646,534.0,1303,519.0,358
4430,4428,4429,544.0,663949,519.0,358,517.0,1931
4431,4429,4430,519.0,661526,517.0,1931,491.0,738
4432,4430,4431,526.0,663457,491.0,738,452.0,703
4433,4431,4432,491.0,619250,452.0,703,450.0,2912
4434,4432,4433,452.0,661871,450.0,2912,383.0,283
4435,4433,4434,473.0,664783,383.0,283,383.0,458
4436,4434,4435,383.0,665295,383.0,458,383.0,458
4437,4435,4436,383.0,665753,383.0,458,412.0,458
4438,4436,4437,383.0,666211,412.0,458,383.0,458
4439,4437,4438,383.0,666670,383.0,458,383.0,458
4440,4438,4439,383.0,667128,383.0,458,383.0,458
4441,4439,4440,383.0,667586,383.0,458,383.0,459
4442,4440,4441,383.0,668044,383.0,459,367.0,107
4443,4441,4442,383.0,668503,367.0,107,367.0,468
4444,4442,4443,367.0,665119,367.0,468,367.0,468
4445,4443,4444,367.0,665587,367.0,468,367.0,468
4446,4444,4445,367.0,666055,367.0,468,367.0,468
4447,4445,4446,367.0,666523,367.0,468,367.0,468
4448,4446,4447,367.0,666991,367.0,468,357.0,8
4449,4447,4448,367.0,667459,357.0,8,367.0,467
4450,4448,4449,362.0,10773,367.0,467,348.0,89
4451,4449,4450,367.0,668394,348.0,89,560.0,1794
4452,4450,4451,348.0,665101,560.0,1794,539.0,656
4453,4451,4452,560.0,710402,539.0,656,534.0,1303
4454,4452,4453,539.0,665668,534.0,1303,544.0,1303
4455,4453,4454,546.0,666971,544.0,1303,526.0,1071
4456,4454,4455,544.0,668275,526.0,1071,517.0,1932
4457,4455,4456,526.0,666083,517.0,1932,491.0,2131
4458,4456,4457,526.0,668015,491.0,2131,468.0,1779
4459,4457,4458,491.0,624239,468.0,1779,391.0,3692
4460,4458,4459,468.0,666791,391.0,3692,383.0,452
4461,4459,4460,391.0,672548,383.0,452,383.0,458
4462,4460,4461,383.0,669308,383.0,458,412.0,458
4463,4461,4462,383.0,669766,412.0,458,383.0,458
4464,4462,4463,383.0,670225,383.0,458,383.0,458
4465,4463,4464,383.0,670683,383.0,458,383.0,458
4466,4464,4465,383.0,671141,383.0,458,412.0,458
4467,4465,4466,383.0,671599,412.0,458,372.0,8
4468,4466,4467,383.0,672058,372.0,8,367.0,280
4469,4467,4468,378.0,10847,367.0,280,357.0,8
4470,4468,4469,367.0,669136,357.0,8,367.0,468
4471,4469,4470,362.0,10800,367.0,468,367.0,468
4472,4470,4471,367.0,670072,367.0,468,367.0,468
4473,4471,4472,367.0,670540,367.0,468,367.0,467
4474,4472,4473,367.0,671008,367.0,467,367.0,468
4475,4473,4474,367.0,671475,367.0,468,367.0,468
4476,4474,4475,367.0,671943,367.0,468,348.0,2353
4477,4475,4476,367.0,672411,348.0,2353,560.0,3506
4478,4476,4477,348.0,671209,560.0,3506,544.0,1137
4479,4477,4478,560.0,716210,544.0,1137,542.0,1303
4480,4478,4479,544.0,669993,542.0,1303,534.0,1304
4481,4479,4480,542.0,671297,534.0,1304,526.0,1785
4482,4480,4481,542.0,672601,526.0,1785,522.0,1931
4483,4481,4482,526.0,670641,522.0,1931,491.0,3523
4484,4482,4483,522.0,672573,491.0,3523,473.0,2855
4485,4483,4484,491.0,629227,473.0,2855,383.0,163
4486,4484,4485,473.0,671711,383.0,163,372.0,8
4487,4485,4486,383.0,672863,372.0,8,383.0,458
4488,4486,4487,378.0,10860,383.0,458,383.0,458
4489,4487,4488,383.0,673780,383.0,458,383.0,458
4490,4488,4489,383.0,674238,383.0,458,383.0,458
4491,4489,4490,383.0,674696,383.0,458,412.0,458
4492,4490,4491,383.0,675154,412.0,458,383.0,458
4493,4491,4492,383.0,675613,383.0,458,383.0,458
4494,4492,4493,383.0,676071,383.0,458,367.0,453
4495,4493,4494,383.0,676529,367.0,453,367.0,468
4496,4494,4495,367.0,673153,367.0,468,367.0,468
4497,4495,4496,367.0,673621,367.0,468,367.0,468
4498,4496,4497,367.0,674089,367.0,468,367.0,467
4499,4497,4498,367.0,674557,367.0,467,357.0,8
4500,4498,4499,367.0,675024,357.0,8,402.0,467
4501,4499,4500,362.0,10895,402.0,467,367.0,468
4502,4500,4501,367.0,675960,367.0,468,560.0,585
4503,4501,4502,367.0,676428,560.0,585,544.0,315
4504,4502,4503,560.0,717385,544.0,315,542.0,1303
4505,4503,4504,544.0,673015,542.0,1303,534.0,1304
4506,4504,4505,542.0,674319,534.0,1304,526.0,567
4507,4505,4506,542.0,675623,526.0,567,522.0,1931
4508,4506,4507,526.0,673267,522.0,1931,491.0,1147
4509,4507,4508,522.0,675199,491.0,1147,473.0,1018
4510,4508,4509,491.0,630447,473.0,1018,391.0,382
4511,4509,4510,473.0,673718,391.0,382,383.0,333
4512,4510,4511,391.0,676926,383.0,333,383.0,458
4513,4511,4512,383.0,676877,383.0,458,383.0,458
4514,4512,4513,383.0,677335,383.0,458,383.0,458
4515,4513,4514,383.0,677793,383.0,458,412.0,458
4516,4514,4515,383.0,678251,412.0,458,383.0,458
4517,4515,4516,383.0,678710,383.0,458,383.0,458
4518,4516,4517,383.0,679168,383.0,458,383.0,458
4519,4517,4518,383.0,679626,383.0,458,367.0,158
4520,4518,4519,383.0,680084,367.0,158,367.0,468
4521,4519,4520,367.0,676702,367.0,468,367.0,468
4522,4520,4521,367.0,677170,367.0,468,367.0,467
4523,4521,4522,367.0,677638,367.0,467,367.0,468
4524,4522,4523,367.0,678105,367.0,468,367.0,468
4525,4523,4524,367.0,678573,367.0,468,402.0,467
4526,4524,4525,367.0,679041,402.0,467,367.0,468
4527,4525,4526,367.0,679509,367.0,468,348.0,754
4528,4526,4527,367.0,679977,348.0,754,560.0,2297
4529,4527,4528,348.0,677298,560.0,2297,542.0,797
4530,4528,4529,560.0,723193,542.0,797,534.0,1304
4531,4529,4530,542.0,677341,534.0,1304,536.0,1303
4532,4530,4531,542.0,678645,536.0,1303,524.0,1281
4533,4531,4532,536.0,679949,524.0,1281,519.0,1931
4534,4532,4533,524.0,677825,519.0,1931,491.0,2540
4535,4533,4534,519.0,679757,491.0,2540,458.0,2095
4536,4534,4535,491.0,635436,458.0,2095,383.0,44
4537,4535,4536,458.0,678639,383.0,44,383.0,458
4538,4536,4537,383.0,680432,383.0,458,383.0,458
4539,4537,4538,383.0,680890,383.0,458,383.0,458
4540,4538,4539,383.0,681348,383.0,458,412.0,458
4541,4539,4540,383.0,681806,412.0,458,383.0,458
4542,4540,4541,383.0,682265,383.0,458,372.0,8
4543,4541,4542,383.0,682723,372.0,8,383.0,458
4544,4542,4543,378.0,11019,383.0,458,412.0,458
4545,4543,4544,383.0,683639,412.0,458,367.0,331
4546,4544,4545,383.0,684098,367.0,331,367.0,468
4547,4545,4546,367.0,680719,367.0,468,367.0,467
4548,4546,4547,367.0,681187,367.0,467,367.0,468
4549,4547,4548,367.0,681654,367.0,468,402.0,467
4550,4548,4549,367.0,682122,402.0,467,367.0,468
4551,4549,4550,367.0,682590,367.0,468,367.0,468
4552,4550,4551,367.0,683058,367.0,468,367.0,468
4553,4551,4552,367.0,683526,367.0,468,348.0,3018
4554,4552,4553,367.0,683994,348.0,3018,560.0,4009
4555,4553,4554,348.0,683406,560.0,4009,541.0,1279
4556,4554,4555,560.0,729001,541.0,1279,536.0,1303
4557,4555,4556,541.0,681667,536.0,1303,524.0,63
4558,4556,4557,536.0,682971,524.0,63,519.0,1931
4559,4557,4558,524.0,680451,519.0,1931,491.0,163
4560,4558,4559,519.0,682383,491.0,163,473.0,258
4561,4559,4560,491.0,636655,473.0,258,468.0,2912
4562,4560,4561,473.0,680646,468.0,2912,383.0,213
4563,4561,4562,468.0,683559,383.0,213,383.0,458
4564,4562,4563,383.0,684445,383.0,458,383.0,458
4565,4563,4564,383.0,684903,383.0,458,412.0,458
4566,4564,4565,383.0,685361,412.0,458,372.0,8
4567,4565,4566,383.0,685820,372.0,8,383.0,458
4568,4566,4567,378.0,11069,383.0,458,383.0,458
4569,4567,4568,383.0,686736,383.0,458,412.0,458
4570,4568,4569,383.0,687194,412.0,458,367.0,36
4571,4569,4570,383.0,687653,367.0,36,367.0,467
4572,4570,4571,367.0,684268,367.0,467,367.0,468
4573,4571,4572,367.0,684735,367.0,468,367.0,468
4574,4572,4573,367.0,685203,367.0,468,402.0,467
4575,4573,4574,367.0,685671,402.0,467,367.0,468
4576,4574,4575,367.0,686139,367.0,468,367.0,468
4577,4575,4576,367.0,686607,367.0,468,367.0,468
4578,4576,4577,367.0,687075,367.0,468,367.0,468
4579,4577,4578,367.0,687543,367.0,468,560.0,1087
4580,4578,4579,367.0,688011,560.0,1087,541.0,457
4581,4579,4580,560.0,730175,541.0,457,536.0,1303
4582,4580,4581,541.0,684689,536.0,1303,534.0,1303
4583,4581,4582,536.0,685993,534.0,1303,519.0,777
4584,4582,4583,544.0,687296,519.0,777,517.0,1931
4585,4583,4584,519.0,685009,517.0,1931,491.0,1556
4586,4584,4585,526.0,686940,491.0,1556,473.0,1334
4587,4585,4586,491.0,641644,473.0,1334,391.0,1757
4588,4586,4587,473.0,685566,391.0,1757,383.0,382
4589,4587,4588,391.0,689833,383.0,382,412.0,458
4590,4588,4589,383.0,688458,412.0,458,383.0,458
4591,4589,4590,383.0,688917,383.0,458,383.0,458
4592,4590,4591,383.0,689375,383.0,458,383.0,458
4593,4591,4592,383.0,689833,383.0,458,383.0,458
4594,4592,4593,383.0,690291,383.0,458,412.0,458
4595,4593,4594,383.0,690749,412.0,458,383.0,458
4596,4594,4595,383.0,691208,383.0,458,367.0,208
4597,4595,4596,383.0,691666,367.0,208,367.0,468
4598,4596,4597,367.0,688284,367.0,468,402.0,467
4599,4597,4598,367.0,688752,402.0,467,357.0,8
4600,4598,4599,367.0,689220,357.0,8,367.0,468
4601,4599,4600,362.0,11124,367.0,468,367.0,468
4602,4600,4601,367.0,690156,367.0,468,367.0,468
4603,4601,4602,367.0,690624,367.0,468,367.0,468
4604,4602,4603,367.0,691092,367.0,468,348.0,1418
4605,4603,4604,367.0,691560,348.0,1418,560.0,2799
4606,4604,4605,348.0,689494,560.0,2799,536.0,939
4607,4605,4606,560.0,735983,536.0,939,534.0,1303
4608,4606,4607,536.0,689015,534.0,1303,542.0,1303
4609,4607,4608,544.0,690318,542.0,1303,526.0,1490
4610,4608,4609,542.0,691622,526.0,1490,517.0,1932
4611,4609,4610,526.0,689566,517.0,1932,491.0,2948
4612,4610,4611,526.0,691498,491.0,2948,454.0,2411
4613,4611,4612,491.0,646632,454.0,2411,383.0,93
4614,4612,4613,454.0,690487,383.0,93,412.0,458
4615,4613,4614,383.0,692013,412.0,458,383.0,458
4616,4614,4615,383.0,692472,383.0,458,383.0,458
4617,4615,4616,383.0,692930,383.0,458,383.0,458
4618,4616,4617,383.0,693388,383.0,458,412.0,458
4619,4617,4618,383.0,693846,412.0,458,383.0,458
4620,4618,4619,383.0,694305,383.0,458,383.0,458
4621,4619,4620,383.0,694763,383.0,458,383.0,458
4622,4620,4621,383.0,695221,383.0,458,367.0,381
4623,4621,4622,383.0,695679,367.0,381,402.0,467
4624,4622,4623,367.0,692301,402.0,467,367.0,468
4625,4623,4624,367.0,692769,367.0,468,367.0,468
4626,4624,4625,367.0,693237,367.0,468,367.0,468
4627,4625,4626,367.0,693705,367.0,468,367.0,468
4628,4626,4627,367.0,694173,367.0,468,367.0,468
4629,4627,4628,367.0,694641,367.0,468,367.0,468
4630,4628,4629,367.0,695109,367.0,468,348.0,3682
4631,4629,4630,367.0,695577,348.0,3682,536.0,117
4632,4630,4631,348.0,695602,536.0,117,534.0,1303
4633,4631,4632,536.0,692037,534.0,1303,542.0,1303
4634,4632,4633,544.0,693340,542.0,1303,526.0,272
4635,4633,4634,542.0,694644,526.0,272,517.0,1932
4636,4634,4635,526.0,692192,517.0,1932,491.0,572
4637,4635,4636,526.0,694124,491.0,572,473.0,574
4638,4636,4637,491.0,647852,473.0,574,468.0,2912
4639,4637,4638,473.0,692494,468.0,2912,383.0,263
4640,4638,4639,468.0,695407,383.0,263,383.0,458
4641,4639,4640,383.0,696027,383.0,458,372.0,8
4642,4640,4641,383.0,696485,372.0,8,383.0,458
4643,4641,4642,378.0,11241,383.0,458,412.0,458
4644,4642,4643,383.0,697401,412.0,458,383.0,458
4645,4643,4644,383.0,697860,383.0,458,383.0,458
4646,4644,4645,383.0,698318,383.0,458,383.0,458
4647,4645,4646,383.0,698776,383.0,458,367.0,86
4648,4646,4647,383.0,699234,367.0,86,402.0,467
4649,4647,4648,367.0,695850,402.0,467,367.0,468
4650,4648,4649,367.0,696318,367.0,468,357.0,8
4651,4649,4650,367.0,696786,357.0,8,367.0,468
4652,4650,4651,362.0,11246,367.0,468,367.0,468
4653,4651,4652,367.0,697722,367.0,468,367.0,468
4654,4652,4653,367.0,698190,367.0,468,367.0,468
4655,4653,4654,367.0,698658,367.0,468,367.0,468
4656,4654,4655,367.0,699126,367.0,468,560.0,1590
4657,4655,4656,367.0,699594,560.0,1590,544.0,598
4658,4656,4657,560.0,742966,544.0,598,542.0,1303
4659,4657,4658,544.0,696362,542.0,1303,539.0,1303
4660,4658,4659,542.0,697666,539.0,1303,526.0,986
4661,4659,4660,539.0,698970,526.0,986,524.0,1931
4662,4660,4661,526.0,696750,524.0,1931,491.0,1965
4663,4661,4662,524.0,698682,491.0,1965,473.0,1650
4664,4662,4663,491.0,652841,473.0,1650,391.0,3132
4665,4663,4664,473.0,697414,391.0,3132,383.0,432
4666,4664,4665,391.0,702740,383.0,432,383.0,458
4667,4665,4666,383.0,700040,383.0,458,383.0,458
4668,4666,4667,383.0,700498,383.0,458,412.0,458
4669,4667,4668,383.0,700956,412.0,458,383.0,458
4670,4668,4669,383.0,701415,383.0,458,383.0,458
4671,4669,4670,383.0,701873,383.0,458,383.0,458
4672,4670,4671,383.0,702331,383.0,458,412.0,458
4673,4671,4672,383.0,702789,412.0,458,367.0,259
4674,4672,4673,383.0,703248,367.0,259,367.0,468
4675,4673,4674,367.0,699867,367.0,468,367.0,468
4676,4674,4675,367.0,700335,367.0,468,367.0,468
4677,4675,4676,367.0,700803,367.0,468,367.0,468
4678,4676,4677,367.0,701271,367.0,468,367.0,468
4679,4677,4678,367.0,701739,367.0,468,367.0,468
4680,4678,4679,367.0,702207,367.0,468,357.0,8
4681,4679,4680,367.0,702675,357.0,8,348.0,2083
4682,4680,4681,362.0,11341,348.0,2083,560.0,3302
4683,4681,4682,348.0,701691,560.0,3302,542.0,1080
4684,4682,4683,560.0,748774,542.0,1080,539.0,1303
4685,4683,4684,542.0,700688,539.0,1303,534.0,1303
4686,4684,4685,539.0,701992,534.0,1303,524.0,1700
4687,4685,4686,544.0,703295,524.0,1700,522.0,1931
4688,4686,4687,524.0,701308,522.0,1931,491.0,3357
4689,4687,4688,522.0,703240,491.0,3357,454.0,2727
4690,4688,4689,491.0,657829,454.0,2727,383.0,143
4691,4689,4690,454.0,702335,383.0,143,383.0,458
4692,4690,4691,383.0,703595,383.0,458,412.0,458
4693,4691,4692,383.0,704053,412.0,458,383.0,458
4694,4692,4693,383.0,704512,383.0,458,383.0,458
4695,4693,4694,383.0,704970,383.0,458,383.0,458
4696,4694,4695,383.0,705428,383.0,458,383.0,458
4697,4695,4696,383.0,705886,383.0,458,372.0,8
4698,4696,4697,383.0,706344,372.0,8,383.0,458
4699,4697,4698,378.0,11400,383.0,458,367.0,432
4700,4698,4699,383.0,707261,367.0,432,367.0,468
4701,4699,4700,367.0,703884,367.0,468,357.0,8
4702,4700,4701,367.0,704352,357.0,8,367.0,468
4703,4701,4702,362.0,11368,367.0,468,367.0,468
4704,4702,4703,367.0,705288,367.0,468,367.0,468
4705,4703,4704,367.0,705756,367.0,468,367.0,468
4706,4704,4705,367.0,706224,367.0,468,367.0,468
4707,4705,4706,367.0,706692,367.0,468,560.0,380
4708,4706,4707,367.0,707160,560.0,380,542.0,258
4709,4707,4708,560.0,749948,542.0,258,539.0,1303
4710,4708,4709,542.0,703710,539.0,1303,534.0,1303
4711,4709,4710,539.0,705014,534.0,1303,524.0,482
4712,4710,4711,544.0,706317,524.0,482,522.0,1931
4713,4711,4712,524.0,703934,522.0,1931,491.0,981
4714,4712,4713,522.0,705866,491.0,981,473.0,890
4715,4713,4714,491.0,659049,473.0,890,468.0,2912
4716,4714,4715,473.0,704342,468.0,2912,378.0,5
4717,4715,4716,468.0,707255,378.0,5,412.0,458
4718,4716,4717,378.0,11413,412.0,458,383.0,458
4719,4717,4718,383.0,708067,383.0,458,383.0,458
4720,4718,4719,383.0,708525,383.0,458,383.0,458
4721,4719,4720,383.0,708983,383.0,458,372.0,8
4722,4720,4721,383.0,709441,372.0,8,383.0,458
4723,4721,4722,378.0,11450,383.0,458,383.0,458
4724,4722,4723,383.0,710358,383.0,458,367.0,137
4725,4723,4724,383.0,710816,367.0,137,367.0,468
4726,4724,4725,367.0,707433,367.0,468,367.0,468
4727,4725,4726,367.0,707901,367.0,468,367.0,468
4728,4726,4727,367.0,708369,367.0,468,367.0,468
4729,4727,4728,367.0,708837,367.0,468,367.0,468
4730,4728,4729,367.0,709305,367.0,468,367.0,468
4731,4729,4730,367.0,709773,367.0,468,357.0,8
4732,4730,4731,367.0,710241,357.0,8,348.0,484
4733,4731,4732,362.0,11463,348.0,484,560.0,2093
4734,4732,4733,348.0,707780,560.0,2093,539.0,740
4735,4733,4734,560.0,755757,539.0,740,534.0,1303
4736,4734,4735,539.0,708036,534.0,1303,542.0,1303
4737,4735,4736,544.0,709339,542.0,1303,522.0,1196
4738,4736,4737,542.0,710643,522.0,1196,519.0,1931
4739,4737,4738,522.0,708492,519.0,1931,491.0,2374
4740,4738,4739,519.0,710424,491.0,2374,473.0,1966
4741,4739,4740,491.0,664038,473.0,1966,383.0,24
4742,4740,4741,473.0,709262,383.0,24,383.0,458
4743,4741,4742,383.0,711164,383.0,458,383.0,458
4744,4742,4743,383.0,711622,383.0,458,383.0,458
4745,4743,4744,383.0,712080,383.0,458,383.0,458
4746,4744,4745,383.0,712538,383.0,458,412.0,458
4747,4745,4746,383.0,712996,412.0,458,383.0,458
4748,4746,4747,383.0,713455,383.0,458,383.0,458
4749,4747,4748,383.0,713913,383.0,458,383.0,458
4750,4748,4749,383.0,714371,383.0,458,362.0,5
4751,4749,4750,383.0,714829,362.0,5,367.0,468
4752,4750,4751,362.0,11475,367.0,468,367.0,468
4753,4751,4752,367.0,711918,367.0,468,367.0,468
4754,4752,4753,367.0,712386,367.0,468,367.0,468
4755,4753,4754,367.0,712854,367.0,468,367.0,468
4756,4754,4755,367.0,713322,367.0,468,367.0,468
4757,4755,4756,367.0,713790,367.0,468,367.0,467
4758,4756,4757,367.0,714258,367.0,467,348.0,2748
4759,4757,4758,367.0,714725,348.0,2748,560.0,3805
4760,4758,4759,348.0,713888,560.0,3805,544.0,1221
4761,4759,4760,560.0,761565,544.0,1221,542.0,1303
4762,4760,4761,544.0,712361,542.0,1303,541.0,1303
4763,4761,4762,542.0,713665,541.0,1303,519.0,1910
4764,4762,4763,541.0,714969,519.0,1910,517.0,1931
4765,4763,4764,519.0,713050,517.0,1931,462.0,130
4766,4764,4765,526.0,714981,462.0,130,458.0,2912
4767,4765,4766,462.0,711270,458.0,2912,383.0,193
4768,4766,4767,458.0,714183,383.0,193,383.0,458
4769,4767,4768,383.0,715177,383.0,458,383.0,458
4770,4768,4769,383.0,715635,383.0,458,383.0,459
4771,4769,4770,383.0,716093,383.0,459,383.0,458
4772,4770,4771,383.0,716552,383.0,458,372.0,8
4773,4771,4772,383.0,717010,372.0,8,383.0,458
4774,4772,4773,378.0,11572,383.0,458,383.0,458
4775,4773,4774,383.0,717926,383.0,458,367.0,15
4776,4774,4775,383.0,718384,367.0,15,367.0,468
4777,4775,4776,367.0,714999,367.0,468,367.0,468
4778,4776,4777,367.0,715467,367.0,468,367.0,468
4779,4777,4778,367.0,715935,367.0,468,367.0,468
4780,4778,4779,367.0,716403,367.0,468,367.0,468
4781,4779,4780,367.0,716871,367.0,468,367.0,467
4782,4780,4781,367.0,717339,367.0,467,367.0,468
4783,4781,4782,367.0,717806,367.0,468,367.0,468
4784,4782,4783,367.0,718274,367.0,468,560.0,883
4785,4783,4784,367.0,718742,560.0,883,544.0,399
4786,4784,4785,560.0,762739,544.0,399,542.0,1303
4787,4785,4786,544.0,715383,542.0,1303,541.0,1303
4788,4786,4787,542.0,716687,541.0,1303,519.0,692
4789,4787,4788,541.0,717991,519.0,692,517.0,1931
4790,4788,4789,519.0,715676,517.0,1931,491.0,1390
4791,4789,4790,526.0,717607,491.0,1390,473.0,1206
4792,4790,4791,491.0,670246,473.0,1206,391.0,1198
4793,4791,4792,473.0,716190,391.0,1198,383.0,362
4794,4792,4793,391.0,720026,383.0,362,383.0,458
4795,4793,4794,383.0,719190,383.0,458,412.0,458
4796,4794,4795,383.0,719648,412.0,458,372.0,8
4797,4795,4796,383.0,720107,372.0,8,383.0,458
4798,4796,4797,378.0,11622,383.0,458,383.0,458
4799,4797,4798,383.0,721023,383.0,458,383.0,458
4800,4798,4799,383.0,721481,383.0,458,412.0,458
4801,4799,4800,383.0,721939,412.0,458,362.0,3
4802,4800,4801,383.0,722398,362.0,3,367.0,468
4803,4801,4802,362.0,11597,367.0,468,367.0,468
4804,4802,4803,367.0,719484,367.0,468,367.0,468
4805,4803,4804,367.0,719952,367.0,468,367.0,468
4806,4804,4805,367.0,720420,367.0,468,367.0,467
4807,4805,4806,367.0,720888,367.0,467,367.0,468
4808,4806,4807,367.0,721355,367.0,468,402.0,467
4809,4807,4808,367.0,721823,402.0,467,348.0,1148
4810,4808,4809,367.0,722291,348.0,1148,560.0,2595
4811,4809,4810,348.0,719976,560.0,2595,542.0,881
4812,4810,4811,560.0,768547,542.0,881,541.0,1303
4813,4811,4812,542.0,719709,541.0,1303,536.0,1303
4814,4812,4813,541.0,721013,536.0,1303,526.0,1405
4815,4813,4814,536.0,722317,526.0,1405,524.0,1931
4816,4814,4815,526.0,720233,524.0,1931,491.0,2783
4817,4815,4816,524.0,722165,491.0,2783,473.0,2282
4818,4816,4817,491.0,675235,473.0,2282,383.0,73
4819,4817,4818,473.0,721110,383.0,73,383.0,458
4820,4818,4819,383.0,722745,383.0,458,412.0,458
4821,4819,4820,383.0,723203,412.0,458,383.0,458
4822,4820,4821,383.0,723662,383.0,458,383.0,458
4823,4821,4822,383.0,724120,383.0,458,383.0,458
4824,4822,4823,383.0,724578,383.0,458,412.0,458
4825,4823,4824,383.0,725036,412.0,458,383.0,458
4826,4824,4825,383.0,725495,383.0,458,383.0,458
4827,4825,4826,383.0,725953,383.0,458,367.0,361
4828,4826,4827,383.0,726411,367.0,361,367.0,468
4829,4827,4828,367.0,723033,367.0,468,367.0,468
4830,4828,4829,367.0,723501,367.0,468,367.0,467
4831,4829,4830,367.0,723969,367.0,467,357.0,8
4832,4830,4831,367.0,724436,357.0,8,367.0,468
4833,4831,4832,362.0,11692,367.0,468,402.0,467
4834,4832,4833,367.0,725372,402.0,467,367.0,468
4835,4833,4834,367.0,725840,367.0,468,348.0,3412
4836,4834,4835,367.0,726308,348.0,3412,542.0,59
4837,4835,4836,348.0,726084,542.0,59,539.0,1303
4838,4836,4837,542.0,722731,539.0,1303,534.0,1303
4839,4837,4838,539.0,724035,534.0,1303,526.0,187
4840,4838,4839,544.0,725338,526.0,187,524.0,1931
4841,4839,4840,526.0,722859,524.0,1931,491.0,406
4842,4840,4841,524.0,724791,491.0,406,454.0,446
4843,4841,4842,491.0,676454,454.0,446,452.0,2912
4844,4842,4843,454.0,723118,452.0,2912,383.0,243
4845,4843,4844,452.0,726031,383.0,243,383.0,458
4846,4844,4845,383.0,726759,383.0,458,383.0,458
4847,4845,4846,383.0,727217,383.0,458,383.0,458
4848,4846,4847,383.0,727675,383.0,458,383.0,458
4849,4847,4848,383.0,728133,383.0,458,412.0,458
4850,4848,4849,383.0,728591,412.0,458,383.0,458
4851,4849,4850,383.0,729050,383.0,458,383.0,458
4852,4850,4851,383.0,729508,383.0,458,362.0,1
4853,4851,4852,383.0,729966,362.0,1,367.0,468
4854,4852,4853,362.0,11719,367.0,468,367.0,468
4855,4853,4854,367.0,727050,367.0,468,367.0,467
4856,4854,4855,367.0,727518,367.0,467,367.0,468
4857,4855,4856,367.0,727985,367.0,468,367.0,468
4858,4856,4857,367.0,728453,367.0,468,402.0,467
4859,4857,4858,367.0,728921,402.0,467,367.0,468
4860,4858,4859,367.0,729389,367.0,468,367.0,468
4861,4859,4860,367.0,729857,367.0,468,560.0,1386
4862,4860,4861,367.0,730325,560.0,1386,539.0,541
4863,4861,4862,560.0,775530,539.0,541,534.0,1303
4864,4862,4863,539.0,727057,534.0,1303,534.0,1304
4865,4863,4864,544.0,728360,534.0,1304,524.0,901
4866,4864,4865,544.0,729664,524.0,901,522.0,1931
4867,4865,4866,524.0,727417,522.0,1931,502.0,31
4868,4866,4867,522.0,729349,502.0,31,468.0,1522
4869,4867,4868,502.0,11749,468.0,1522,391.0,2573
4870,4868,4869,468.0,728038,391.0,2573,383.0,412
4871,4869,4870,391.0,732933,383.0,412,372.0,8
4872,4870,4871,383.0,730772,372.0,8,383.0,458
4873,4871,4872,378.0,11794,383.0,458,383.0,459
4874,4872,4873,383.0,731688,383.0,459,383.0,458
4875,4873,4874,383.0,732147,383.0,458,383.0,458
4876,4874,4875,383.0,732605,383.0,458,383.0,458
4877,4875,4876,383.0,733063,383.0,458,383.0,458
4878,4876,4877,383.0,733521,383.0,458,367.0,239
4879,4877,4878,383.0,733979,367.0,239,367.0,468
4880,4878,4879,367.0,730599,367.0,468,367.0,467
4881,4879,4880,367.0,731067,367.0,467,367.0,468
4882,4880,4881,367.0,731534,367.0,468,357.0,8
4883,4881,4882,367.0,732002,357.0,8,367.0,468
4884,4882,4883,362.0,11814,367.0,468,367.0,468
4885,4883,4884,367.0,732938,367.0,468,367.0,468
4886,4884,4885,367.0,733406,367.0,468,348.0,1813
4887,4885,4886,367.0,733874,348.0,1813,560.0,3098
4888,4886,4887,348.0,732173,560.0,3098,536.0,1023
4889,4887,4888,560.0,781338,536.0,1023,534.0,1303
4890,4888,4889,536.0,731383,534.0,1303,542.0,1303
4891,4889,4890,544.0,732686,542.0,1303,522.0,1615
4892,4890,4891,542.0,733990,522.0,1615,519.0,1931
4893,4891,4892,522.0,731975,519.0,1931,497.0,55
4894,4892,4893,519.0,733907,497.0,55,473.0,2598
4895,4893,4894,497.0,11835,473.0,2598,383.0,123
4896,4894,4895,473.0,732958,383.0,123,383.0,458
4897,4895,4896,383.0,734327,383.0,458,383.0,458
4898,4896,4897,383.0,734785,383.0,458,412.0,458
4899,4897,4898,383.0,735243,412.0,458,383.0,458
4900,4898,4899,383.0,735702,383.0,458,383.0,458
4901,4899,4900,383.0,736160,383.0,458,383.0,458
4902,4900,4901,383.0,736618,383.0,458,383.0,459
4903,4901,4902,383.0,737076,383.0,459,383.0,458
4904,4902,4903,383.0,737535,383.0,458,367.0,411
4905,4903,4904,383.0,737993,367.0,411,367.0,468
4906,4904,4905,367.0,734615,367.0,468,367.0,468
4907,4905,4906,367.0,735083,367.0,468,402.0,467
4908,4906,4907,367.0,735551,402.0,467,367.0,468
4909,4907,4908,367.0,736019,367.0,468,367.0,468
4910,4908,4909,367.0,736487,367.0,468,367.0,468
4911,4909,4910,367.0,736955,367.0,468,367.0,468
4912,4910,4911,367.0,737423,367.0,468,560.0,176
4913,4911,4912,367.0,737891,560.0,176,536.0,201
4914,4912,4913,560.0,782512,536.0,201,534.0,1303
4915,4913,4914,536.0,734405,534.0,1303,542.0,1303
4916,4914,4915,544.0,735708,542.0,1303,522.0,397
4917,4915,4916,542.0,737012,522.0,397,519.0,1931
4918,4916,4917,522.0,734601,519.0,1931,497.0,14
4919,4917,4918,519.0,736533,497.0,14,458.0,762
4920,4918,4919,497.0,11856,458.0,762,454.0,2912
4921,4919,4920,458.0,734966,454.0,2912,383.0,292
4922,4920,4921,454.0,737879,383.0,292,383.0,458
4923,4921,4922,383.0,738340,383.0,458,412.0,458
4924,4922,4923,383.0,738798,412.0,458,383.0,458
4925,4923,4924,383.0,739257,383.0,458,383.0,458
4926,4924,4925,383.0,739715,383.0,458,383.0,458
4927,4925,4926,383.0,740173,383.0,458,372.0,8
4928,4926,4927,383.0,740631,372.0,8,383.0,458
4929,4927,4928,378.0,11953,383.0,458,367.0,116
4930,4928,4929,383.0,741548,367.0,116,367.0,468
4931,4929,4930,367.0,738164,367.0,468,367.0,468
4932,4930,4931,367.0,738632,367.0,468,402.0,467
4933,4931,4932,367.0,739100,402.0,467,357.0,8
4934,4932,4933,367.0,739568,357.0,8,367.0,468
4935,4933,4934,362.0,11936,367.0,468,367.0,468
4936,4934,4935,367.0,740504,367.0,468,367.0,468
4937,4935,4936,367.0,740972,367.0,468,348.0,213
4938,4936,4937,367.0,741440,348.0,213,560.0,1888
4939,4937,4938,348.0,738261,560.0,1888,544.0,682
4940,4938,4939,560.0,788320,544.0,682,542.0,1303
4941,4939,4940,544.0,738730,542.0,1303,539.0,1303
4942,4940,4941,542.0,740034,539.0,1303,519.0,1111
4943,4941,4942,539.0,741338,519.0,1111,517.0,1931
4944,4942,4943,519.0,739159,517.0,1931,497.0,38
4945,4943,4944,526.0,741090,497.0,38,468.0,1838
4946,4944,4945,497.0,11942,468.0,1838,331.0,1
4947,4945,4946,468.0,739886,331.0,1,412.0,458
4948,4946,4947,331.0,194,412.0,458,383.0,458
4949,4947,4948,383.0,742354,383.0,458,383.0,458
4950,4948,4949,383.0,742812,383.0,458,383.0,458
4951,4949,4950,383.0,743270,383.0,458,372.0,8
4952,4950,4951,383.0,743728,372.0,8,412.0,458
4953,4951,4952,378.0,12003,412.0,458,383.0,458
4954,4952,4953,383.0,744645,383.0,458,383.0,458
4955,4953,4954,383.0,745103,383.0,458,367.0,289
4956,4954,4955,383.0,745561,367.0,289,402.0,467
4957,4955,4956,367.0,742181,402.0,467,367.0,468
4958,4956,4957,367.0,742649,367.0,468,367.0,468
4959,4957,4958,367.0,743117,367.0,468,367.0,468
4960,4958,4959,367.0,743585,367.0,468,367.0,468
4961,4959,4960,367.0,744053,367.0,468,367.0,468
4962,4960,4961,367.0,744521,367.0,468,367.0,468
4963,4961,4962,367.0,744989,367.0,468,348.0,2478
4964,4962,4963,367.0,745457,348.0,2478,560.0,3600
4965,4963,4964,348.0,744370,560.0,3600,542.0,1164
4966,4964,4965,560.0,794128,542.0,1164,539.0,1303
4967,4965,4966,542.0,743056,539.0,1303,534.0,1303
4968,4966,4967,539.0,744360,534.0,1303,526.0,1824
4969,4967,4968,544.0,745663,526.0,1824,517.0,1932
4970,4968,4969,526.0,743716,517.0,1932,443.0,1
4971,4969,4970,526.0,745648,443.0,1,450.0,2913
4972,4970,4971,443.0,194,450.0,2913,383.0,173
4973,4971,4972,473.0,744806,383.0,173,383.0,458
4974,4972,4973,383.0,745909,383.0,458,383.0,458
4975,4973,4974,383.0,746367,383.0,458,383.0,458
4976,4974,4975,383.0,746825,383.0,458,412.0,458
4977,4975,4976,383.0,747283,412.0,458,383.0,458
4978,4976,4977,383.0,747742,383.0,458,383.0,458
4979,4977,4978,383.0,748200,383.0,458,383.0,458
4980,4978,4979,383.0,748658,383.0,458,383.0,458
4981,4979,4980,383.0,749116,383.0,458,367.0,462
4982,4980,4981,383.0,749574,367.0,462,357.0,8
4983,4981,4982,367.0,746198,357.0,8,367.0,468
4984,4982,4983,362.0,12043,367.0,468,367.0,468
4985,4983,4984,367.0,747134,367.0,468,367.0,468
4986,4984,4985,367.0,747602,367.0,468,367.0,468
4987,4985,4986,367.0,748070,367.0,468,367.0,468
4988,4986,4987,367.0,748538,367.0,468,367.0,468
4989,4987,4988,367.0,749006,367.0,468,560.0,679
4990,4988,4989,367.0,749474,560.0,679,542.0,342
4991,4989,4990,560.0,795303,542.0,342,539.0,1303
4992,4990,4991,542.0,746078,539.0,1303,534.0,1303
4993,4991,4992,539.0,747382,534.0,1303,526.0,606
4994,4992,4993,544.0,748685,526.0,606,517.0,1932
4995,4993,4994,526.0,746342,517.0,1932,497.0,21
4996,4994,4995,526.0,748274,497.0,21,458.0,1078
4997,4995,4996,497.0,12049,458.0,1078,391.0,640
4998,4996,4997,458.0,746814,391.0,640,383.0,342
4999,4997,4998,391.0,750220,383.0,342,383.0,458
5000,4998,4999,383.0,749922,383.0,458,383.0,458
5001,4999,5000,383.0,750380,383.0,458,412.0,458
5002,5000,5001,383.0,750838,412.0,458,383.0,458
5003,5001,5002,383.0,751297,383.0,458,383.0,458
5004,5002,5003,383.0,751755,383.0,458,383.0,458
5005,5003,5004,383.0,752213,383.0,458,412.0,458
5006,5004,5005,383.0,752671,412.0,458,367.0,167
5007,5005,5006,383.0,753130,367.0,167,367.0,468
5008,5006,5007,367.0,749747,367.0,468,367.0,468
5009,5007,5008,367.0,750215,367.0,468,367.0,468
5010,5008,5009,367.0,750683,367.0,468,367.0,468
5011,5009,5010,367.0,751151,367.0,468,367.0,468
5012,5010,5011,367.0,751619,367.0,468,367.0,468
5013,5011,5012,367.0,752087,367.0,468,367.0,468
5014,5012,5013,367.0,752555,367.0,468,348.0,878
5015,5013,5014,367.0,753023,348.0,878,560.0,2391
5016,5014,5015,348.0,750458,560.0,2391,539.0,824
5017,5015,5016,560.0,801111,539.0,824,534.0,1303
5018,5016,5017,539.0,750404,534.0,1303,542.0,1303
5019,5017,5018,544.0,751707,542.0,1303,526.0,1320
5020,5018,5019,542.0,753011,526.0,1320,524.0,1931
5021,5019,5020,526.0,750900,524.0,1931,497.0,45
5022,5020,5021,524.0,752832,497.0,45,471.0,2154
5023,5021,5022,497.0,12135,471.0,2154,383.0,53
5024,5022,5023,471.0,751734,383.0,53,383.0,458
5025,5023,5024,383.0,753477,383.0,458,383.0,458
5026,5024,5025,383.0,753935,383.0,458,372.0,8
5027,5025,5026,383.0,754393,372.0,8,383.0,458
5028,5026,5027,378.0,12175,383.0,458,383.0,458
5029,5027,5028,383.0,755310,383.0,458,383.0,458
5030,5028,5029,383.0,755768,383.0,458,412.0,458
5031,5029,5030,383.0,756226,412.0,458,383.0,458
5032,5030,5031,383.0,756685,383.0,458,367.0,340
5033,5031,5032,383.0,757143,367.0,340,357.0,8
5034,5032,5033,367.0,753764,357.0,8,367.0,468
5035,5033,5034,362.0,12165,367.0,468,367.0,468
5036,5034,5035,367.0,754700,367.0,468,367.0,468
5037,5035,5036,367.0,755168,367.0,468,367.0,468
5038,5036,5037,367.0,755636,367.0,468,367.0,468
5039,5037,5038,367.0,756104,367.0,468,367.0,468
5040,5038,5039,367.0,756572,367.0,468,348.0,3143
5041,5039,5040,367.0,757040,348.0,3143,435.0,1
5042,5040,5041,348.0,756567,435.0,1,534.0,1303
5043,5041,5042,435.0,197,534.0,1303,542.0,1303
5044,5042,5043,544.0,754729,542.0,1303,526.0,102
5045,5043,5044,542.0,756033,526.0,102,524.0,1931
5046,5044,5045,526.0,753526,524.0,1931,497.0,4
5047,5045,5046,524.0,755458,497.0,4,473.0,317
5048,5046,5047,497.0,12156,473.0,317,450.0,2913
5049,5047,5048,473.0,753741,450.0,2913,383.0,222
5050,5048,5049,473.0,756654,383.0,222,412.0,458
5051,5049,5050,383.0,757490,412.0,458,383.0,458
5052,5050,5051,383.0,757949,383.0,458,383.0,458
5053,5051,5052,383.0,758407,383.0,458,383.0,458
5054,5052,5053,383.0,758865,383.0,458,383.0,458
5055,5053,5054,383.0,759323,383.0,458,412.0,458
5056,5054,5055,383.0,759781,412.0,458,383.0,458
5057,5055,5056,383.0,760240,383.0,458,367.0,45
5058,5056,5057,383.0,760698,367.0,45,367.0,468
5059,5057,5058,367.0,757313,367.0,468,367.0,468
5060,5058,5059,367.0,757781,367.0,468,367.0,468
5061,5059,5060,367.0,758249,367.0,468,367.0,468
5062,5060,5061,367.0,758717,367.0,468,367.0,468
5063,5061,5062,367.0,759185,367.0,468,357.0,8
5064,5062,5063,367.0,759653,357.0,8,367.0,468
5065,5063,5064,362.0,12260,367.0,468,367.0,467
5066,5064,5065,367.0,760589,367.0,467,560.0,1182
5067,5065,5066,367.0,761056,560.0,1182,544.0,483
5068,5066,5067,560.0,808094,544.0,483,542.0,1303
5069,5067,5068,544.0,757751,542.0,1303,541.0,1303
5070,5068,5069,542.0,759055,541.0,1303,524.0,816
5071,5069,5070,541.0,760359,524.0,816,522.0,1931
5072,5070,5071,524.0,758084,522.0,1931,497.0,28
5073,5071,5072,522.0,760016,497.0,28,458.0,1394
5074,5072,5073,497.0,12242,458.0,1394,391.0,2015
5075,5073,5074,458.0,758662,391.0,2015,383.0,392
5076,5074,5075,391.0,763127,383.0,392,383.0,458
5077,5075,5076,383.0,761504,383.0,458,383.0,458
5078,5076,5077,383.0,761962,383.0,458,383.0,458
5079,5077,5078,383.0,762420,383.0,458,412.0,458
5080,5078,5079,383.0,762878,412.0,458,383.0,458
5081,5079,5080,383.0,763337,383.0,458,383.0,458
5082,5080,5081,383.0,763795,383.0,458,372.0,8
5083,5081,5082,383.0,764253,372.0,8,367.0,218
5084,5082,5083,378.0,12334,367.0,218,357.0,8
5085,5083,5084,367.0,761330,357.0,8,367.0,468
5086,5084,5085,362.0,12287,367.0,468,367.0,468
5087,5085,5086,367.0,762266,367.0,468,367.0,468
5088,5086,5087,367.0,762734,367.0,468,367.0,468
5089,5087,5088,367.0,763202,367.0,468,367.0,468
5090,5088,5089,367.0,763670,367.0,468,367.0,467
5091,5089,5090,367.0,764138,367.0,467,348.0,1543
5092,5090,5091,367.0,764605,348.0,1543,560.0,2894
5093,5091,5092,348.0,762655,560.0,2894,542.0,965
5094,5092,5093,560.0,813902,542.0,965,541.0,1303
5095,5093,5094,542.0,762077,541.0,1303,536.0,1303
5096,5094,5095,541.0,763381,536.0,1303,522.0,1530
5097,5095,5096,536.0,764685,522.0,1530,519.0,1931
5098,5096,5097,522.0,762642,519.0,1931,497.0,52
5099,5097,5098,519.0,764574,497.0,52,473.0,2470
5100,5098,5099,497.0,12328,473.0,2470,383.0,103
5101,5099,5100,473.0,763582,383.0,103,372.0,8
5102,5100,5101,383.0,765059,372.0,8,383.0,458
5103,5101,5102,378.0,12347,383.0,458,383.0,458
5104,5102,5103,383.0,765975,383.0,458,412.0,458
5105,5103,5104,383.0,766433,412.0,458,383.0,458
5106,5104,5105,383.0,766892,383.0,458,372.0,8
5107,5105,5106,383.0,767350,372.0,8,383.0,458
5108,5106,5107,378.0,12384,383.0,458,412.0,458
5109,5107,5108,383.0,768266,412.0,458,367.0,391
5110,5108,5109,383.0,768725,367.0,391,367.0,468
5111,5109,5110,367.0,765347,367.0,468,367.0,468
5112,5110,5111,367.0,765815,367.0,468,367.0,468
5113,5111,5112,367.0,766283,367.0,468,367.0,468
5114,5112,5113,367.0,766751,367.0,468,357.0,8
5115,5113,5114,367.0,767219,357.0,8,367.0,467
5116,5114,5115,362.0,12382,367.0,467,367.0,468
5117,5115,5116,367.0,768154,367.0,468,348.0,3807
5118,5116,5117,367.0,768622,348.0,3807,542.0,143
5119,5117,5118,348.0,768763,542.0,143,541.0,1303
5120,5118,5119,542.0,765099,541.0,1303,536.0,1303
5121,5119,5120,541.0,766403,536.0,1303,522.0,312
5122,5120,5121,536.0,767707,522.0,312,519.0,1931
5123,5121,5122,522.0,765268,519.0,1931,497.0,11
5124,5122,5123,519.0,767200,497.0,11,473.0,633
5125,5123,5124,497.0,12349,473.0,633,450.0,2913
5126,5124,5125,473.0,765589,450.0,2913,383.0,272
5127,5125,5126,473.0,768502,383.0,272,383.0,458
5128,5126,5127,383.0,769072,383.0,458,383.0,459
5129,5127,5128,383.0,769530,383.0,459,383.0,458
5130,5128,5129,383.0,769989,383.0,458,383.0,458
5131,5129,5130,383.0,770447,383.0,458,383.0,458
5132,5130,5131,383.0,770905,383.0,458,383.0,458
5133,5131,5132,383.0,771363,383.0,458,412.0,458
5134,5132,5133,383.0,771821,412.0,458,367.0,96
5135,5133,5134,383.0,772280,367.0,96,367.0,468
5136,5134,5135,367.0,768896,367.0,468,367.0,468
5137,5135,5136,367.0,769364,367.0,468,367.0,468
5138,5136,5137,367.0,769832,367.0,468,367.0,468
5139,5137,5138,367.0,770300,367.0,468,367.0,467
5140,5138,5139,367.0,770768,367.0,467,367.0,468
5141,5139,5140,367.0,771235,367.0,468,367.0,468
5142,5140,5141,367.0,771703,367.0,468,402.0,467
5143,5141,5142,367.0,772171,402.0,467,560.0,1684
5144,5142,5143,367.0,772639,560.0,1684,541.0,625
5145,5143,5144,560.0,820884,541.0,625,536.0,1303
5146,5144,5145,541.0,769425,536.0,1303,534.0,1303
5147,5145,5146,536.0,770729,534.0,1303,519.0,1026
5148,5146,5147,544.0,772032,519.0,1026,517.0,1931
5149,5147,5148,519.0,769826,517.0,1931,497.0,35
5150,5148,5149,526.0,771757,497.0,35,462.0,1710
5151,5149,5150,497.0,12435,462.0,1710,391.0,3391
5152,5150,5151,462.0,770510,391.0,3391,383.0,441
5153,5151,5152,391.0,776035,383.0,441,412.0,458
5154,5152,5153,383.0,773085,412.0,458,383.0,458
5155,5153,5154,383.0,773544,383.0,458,383.0,458
5156,5154,5155,383.0,774002,383.0,458,383.0,458
5157,5155,5156,383.0,774460,383.0,458,383.0,459
5158,5156,5157,383.0,774918,383.0,459,383.0,458
5159,5157,5158,383.0,775377,383.0,458,383.0,458
5160,5158,5159,383.0,775835,383.0,458,367.0,269
5161,5159,5160,383.0,776293,367.0,269,367.0,468
5162,5160,5161,367.0,772913,367.0,468,367.0,468
5163,5161,5162,367.0,773381,367.0,468,367.0,468
5164,5162,5163,367.0,773849,367.0,468,367.0,467
5165,5163,5164,367.0,774317,367.0,467,367.0,468
5166,5164,5165,367.0,774784,367.0,468,367.0,468
5167,5165,5166,367.0,775252,367.0,468,402.0,467
5168,5166,5167,367.0,775720,402.0,467,348.0,2208
5169,5167,5168,367.0,776188,348.0,2208,560.0,3397
5170,5168,5169,348.0,774852,560.0,3397,536.0,1107
5171,5169,5170,560.0,826693,536.0,1107,534.0,1303
5172,5170,5171,536.0,773751,534.0,1303,542.0,1303
5173,5171,5172,544.0,775054,542.0,1303,526.0,1739
5174,5172,5173,542.0,776358,526.0,1739,517.0,1932
5175,5173,5174,526.0,774383,517.0,1932,497.0,59
5176,5174,5175,526.0,776315,497.0,59,473.0,2786
5177,5175,5176,497.0,12521,473.0,2786,383.0,152
5178,5176,5177,473.0,775430,383.0,152,412.0,458
5179,5177,5178,383.0,776640,412.0,458,383.0,458
5180,5178,5179,383.0,777099,383.0,458,383.0,458
5181,5179,5180,383.0,777557,383.0,458,372.0,8
5182,5180,5181,383.0,778015,372.0,8,412.0,458
5183,5181,5182,378.0,12556,412.0,458,383.0,458
5184,5182,5183,383.0,778932,383.0,458,383.0,458
5185,5183,5184,383.0,779390,383.0,458,383.0,458
5186,5184,5185,383.0,779848,383.0,458,367.0,442
5187,5185,5186,383.0,780306,367.0,442,367.0,468
5188,5186,5187,367.0,776930,367.0,468,367.0,468
5189,5187,5188,367.0,777398,367.0,468,367.0,467
5190,5188,5189,367.0,777866,367.0,467,367.0,468
5191,5189,5190,367.0,778333,367.0,468,402.0,467
5192,5190,5191,367.0,778801,402.0,467,367.0,468
5193,5191,5192,367.0,779269,367.0,468,367.0,468
5194,5192,5193,367.0,779737,367.0,468,560.0,475
5195,5193,5194,367.0,780205,560.0,475,536.0,285
5196,5194,5195,560.0,827867,536.0,285,534.0,1303
5197,5195,5196,536.0,776773,534.0,1303,542.0,1303
5198,5196,5197,544.0,778076,542.0,1303,526.0,521
5199,5197,5198,542.0,779380,526.0,521,517.0,1932
5200,5198,5199,526.0,777009,517.0,1932,497.0,18
5201,5199,5200,526.0,778941,497.0,18,454.0,950
5202,5200,5201,497.0,12542,454.0,950,164.0,1
5203,5201,5202,454.0,777438,164.0,1,383.0,322
5204,5202,5203,172.0,203,383.0,322,383.0,458
5205,5203,5204,383.0,780654,383.0,458,383.0,458
5206,5204,5205,383.0,781112,383.0,458,383.0,458
5207,5205,5206,383.0,781570,383.0,458,412.0,458
5208,5206,5207,383.0,782028,412.0,458,383.0,458
5209,5207,5208,383.0,782487,383.0,458,383.0,458
5210,5208,5209,383.0,782945,383.0,458,383.0,458
5211,5209,5210,383.0,783403,383.0,458,367.0,147
5212,5210,5211,383.0,783861,367.0,147,367.0,468
5213,5211,5212,367.0,780479,367.0,468,367.0,467
5214,5212,5213,367.0,780947,367.0,467,357.0,8
5215,5213,5214,367.0,781414,357.0,8,367.0,468
5216,5214,5215,362.0,12611,367.0,468,402.0,467
5217,5215,5216,367.0,782350,402.0,467,367.0,468
5218,5216,5217,367.0,782818,367.0,468,367.0,468
5219,5217,5218,367.0,783286,367.0,468,348.0,609
5220,5218,5219,367.0,783754,348.0,609,560.0,2187
5221,5219,5220,348.0,780941,560.0,2187,544.0,766
5222,5220,5221,560.0,833675,544.0,766,542.0,1303
5223,5221,5222,544.0,781098,542.0,1303,539.0,1303
5224,5222,5223,542.0,782402,539.0,1303,526.0,1235
5225,5223,5224,539.0,783706,526.0,1235,524.0,1931
5226,5224,5225,526.0,781567,524.0,1931,497.0,42
5227,5225,5226,524.0,783499,497.0,42,462.0,2026
5228,5226,5227,497.0,12628,462.0,2026,383.0,33
5229,5227,5228,462.0,782358,383.0,33,383.0,458
5230,5228,5229,383.0,784209,383.0,458,383.0,458
5231,5229,5230,383.0,784667,383.0,458,412.0,458
5232,5230,5231,383.0,785125,412.0,458,383.0,458
5233,5231,5232,383.0,785584,383.0,458,383.0,458
5234,5232,5233,383.0,786042,383.0,458,383.0,458
5235,5233,5234,383.0,786500,383.0,458,383.0,458
5236,5234,5235,383.0,786958,383.0,458,412.0,458
5237,5235,5236,383.0,787416,412.0,458,367.0,320
5238,5236,5237,383.0,787875,367.0,320,367.0,467
5239,5237,5238,367.0,784496,367.0,467,367.0,468
5240,5238,5239,367.0,784963,367.0,468,402.0,467
5241,5239,5240,367.0,785431,402.0,467,367.0,468
5242,5240,5241,367.0,785899,367.0,468,367.0,468
5243,5241,5242,367.0,786367,367.0,468,367.0,468
5244,5242,5243,367.0,786835,367.0,468,367.0,468
5245,5243,5244,367.0,787303,367.0,468,348.0,2873
5246,5244,5245,367.0,787771,348.0,2873,560.0,3899
5247,5245,5246,348.0,787049,560.0,3899,542.0,1248
5248,5246,5247,560.0,839483,542.0,1248,539.0,1303
5249,5247,5248,542.0,785424,539.0,1303,438.0,1
5250,5248,5249,539.0,786728,438.0,1,524.0,1931
5251,5249,5250,438.0,205,524.0,1931,497.0,1
5252,5250,5251,524.0,786125,497.0,1,473.0,189
5253,5251,5252,497.0,12649,473.0,189,450.0,2913
5254,5252,5253,473.0,784365,450.0,2913,383.0,202
5255,5253,5254,473.0,787278,383.0,202,383.0,458
5256,5254,5255,383.0,788222,383.0,458,372.0,8
5257,5255,5256,383.0,788680,372.0,8,383.0,458
5258,5256,5257,378.0,12728,383.0,458,383.0,458
5259,5257,5258,383.0,789597,383.0,458,383.0,458
5260,5258,5259,383.0,790055,383.0,458,412.0,458
5261,5259,5260,383.0,790513,412.0,458,372.0,8
5262,5260,5261,383.0,790972,372.0,8,367.0,24
5263,5261,5262,378.0,12765,367.0,24,367.0,468
5264,5262,5263,367.0,788044,367.0,468,367.0,468
5265,5263,5264,367.0,788512,367.0,468,357.0,8
5266,5264,5265,367.0,788980,357.0,8,367.0,468
5267,5265,5266,362.0,12733,367.0,468,367.0,468
5268,5266,5267,367.0,789916,367.0,468,367.0,468
5269,5267,5268,367.0,790384,367.0,468,367.0,468
5270,5268,5269,367.0,790852,367.0,468,367.0,468
5271,5269,5270,367.0,791320,367.0,468,560.0,977
5272,5270,5271,367.0,791788,560.0,977,542.0,426
5273,5271,5272,560.0,840657,542.0,426,539.0,1303
5274,5272,5273,542.0,788446,539.0,1303,534.0,1303
5275,5273,5274,539.0,789750,534.0,1303,522.0,731
5276,5274,5275,544.0,791053,522.0,731,519.0,1931
5277,5275,5276,522.0,788751,519.0,1931,497.0,25
5278,5276,5277,519.0,790683,497.0,25,473.0,1265
5279,5277,5278,497.0,12735,473.0,1265,391.0,1457
5280,5278,5279,473.0,789285,391.0,1457,383.0,371
5281,5279,5280,391.0,793321,383.0,371,412.0,458
5282,5280,5281,383.0,792235,412.0,458,383.0,458
5283,5281,5282,383.0,792694,383.0,458,383.0,458
5284,5282,5283,383.0,793152,383.0,458,383.0,458
5285,5283,5284,383.0,793610,383.0,458,412.0,458
5286,5284,5285,383.0,794068,412.0,458,383.0,458
5287,5285,5286,383.0,794527,383.0,458,383.0,458
5288,5286,5287,383.0,794985,383.0,458,367.0,197
5289,5287,5288,383.0,795443,367.0,197,402.0,467
5290,5288,5289,367.0,792061,402.0,467,367.0,468
5291,5289,5290,367.0,792529,367.0,468,367.0,468
5292,5290,5291,367.0,792997,367.0,468,367.0,468
5293,5291,5292,367.0,793465,367.0,468,367.0,468
5294,5292,5293,367.0,793933,367.0,468,367.0,468
5295,5293,5294,367.0,794401,367.0,468,357.0,8
5296,5294,5295,367.0,794869,357.0,8,348.0,1273
5297,5295,5296,362.0,12828,348.0,1273,560.0,2689
5298,5296,5297,348.0,793137,560.0,2689,536.0,908
5299,5297,5298,560.0,846465,536.0,908,534.0,1303
5300,5298,5299,536.0,792772,534.0,1303,542.0,1303
5301,5299,5300,544.0,794075,542.0,1303,519.0,1445
5302,5300,5301,542.0,795379,519.0,1445,517.0,1931
5303,5301,5302,519.0,793309,517.0,1931,497.0,49
5304,5302,5303,526.0,795240,497.0,49,452.0,2342
5305,5303,5304,497.0,12821,452.0,2342,383.0,83
5306,5304,5305,452.0,794206,383.0,83,383.0,458
5307,5305,5306,383.0,795791,383.0,458,383.0,458
5308,5306,5307,383.0,796249,383.0,458,383.0,458
5309,5307,5308,383.0,796707,383.0,458,383.0,458
5310,5308,5309,383.0,797165,383.0,458,412.0,458
5311,5309,5310,383.0,797623,412.0,458,383.0,458
5312,5310,5311,383.0,798082,383.0,458,383.0,458
5313,5311,5312,383.0,798540,383.0,458,383.0,458
5314,5312,5313,383.0,798998,383.0,458,367.0,370
5315,5313,5314,383.0,799456,367.0,370,367.0,468
5316,5314,5315,367.0,796078,367.0,468,357.0,8
5317,5315,5316,367.0,796546,357.0,8,367.0,468
5318,5316,5317,362.0,12855,367.0,468,367.0,468
5319,5317,5318,367.0,797482,367.0,468,367.0,468
5320,5318,5319,367.0,797950,367.0,468,367.0,468
5321,5319,5320,367.0,798418,367.0,468,367.0,468
5322,5320,5321,367.0,798886,367.0,468,348.0,3537
5323,5321,5322,367.0,799354,348.0,3537,536.0,86
5324,5322,5323,348.0,799245,536.0,86,534.0,1303
5325,5323,5324,536.0,795794,534.0,1303,542.0,1303
5326,5324,5325,544.0,797097,542.0,1303,519.0,227
5327,5325,5326,542.0,798401,519.0,227,517.0,1931
5328,5326,5327,519.0,795935,517.0,1931,497.0,8
5329,5327,5328,526.0,797866,497.0,8,468.0,505
5330,5328,5329,497.0,12842,468.0,505,450.0,2913
5331,5329,5330,468.0,796213,450.0,2913,378.0,4
5332,5330,5331,468.0,799126,378.0,4,383.0,458
5333,5331,5332,378.0,12900,383.0,458,383.0,458
5334,5332,5333,383.0,800262,383.0,458,412.0,458
5335,5333,5334,383.0,800720,412.0,458,383.0,458
5336,5334,5335,383.0,801179,383.0,458,372.0,8
5337,5335,5336,383.0,801637,372.0,8,383.0,458
5338,5336,5337,378.0,12937,383.0,458,383.0,458
5339,5337,5338,383.0,802553,383.0,458,367.0,75
5340,5338,5339,383.0,803011,367.0,75,367.0,468
5341,5339,5340,367.0,799627,367.0,468,367.0,468
5342,5340,5341,367.0,800095,367.0,468,367.0,468
5343,5341,5342,367.0,800563,367.0,468,367.0,468
5344,5342,5343,367.0,801031,367.0,468,367.0,468
5345,5343,5344,367.0,801499,367.0,468,367.0,468
5346,5344,5345,367.0,801967,367.0,468,357.0,8
5347,5345,5346,367.0,802435,357.0,8,367.0,468
5348,5346,5347,362.0,12950,367.0,468,560.0,1480
5349,5347,5348,367.0,803371,560.0,1480,544.0,567
5350,5348,5349,560.0,853448,544.0,567,542.0,1303
5351,5349,5350,544.0,800119,542.0,1303,541.0,1303
5352,5350,5351,542.0,801423,541.0,1303,526.0,940
5353,5351,5352,541.0,802727,526.0,940,517.0,1932
5354,5352,5353,526.0,800492,517.0,1932,497.0,32
5355,5353,5354,526.0,802424,497.0,32,473.0,1581
5356,5354,5355,497.0,12928,473.0,1581,391.0,2832
5357,5355,5356,473.0,801133,391.0,2832,383.0,421
5358,5356,5357,391.0,806228,383.0,421,383.0,458
5359,5357,5358,383.0,803817,383.0,458,412.0,458
5360,5358,5359,383.0,804275,412.0,458,383.0,458
5361,5359,5360,383.0,804734,383.0,458,383.0,458
5362,5360,5361,383.0,805192,383.0,458,383.0,458
5363,5361,5362,383.0,805650,383.0,458,412.0,458
5364,5362,5363,383.0,806108,412.0,458,383.0,458
5365,5363,5364,383.0,806567,383.0,458,362.0,4
5366,5364,5365,383.0,807025,362.0,4,367.0,468
5367,5365,5366,362.0,12962,367.0,468,367.0,468
5368,5366,5367,367.0,804112,367.0,468,367.0,468
5369,5367,5368,367.0,804580,367.0,468,367.0,468
5370,5368,5369,367.0,805048,367.0,468,367.0,468
5371,5369,5370,367.0,805516,367.0,468,367.0,468
5372,5370,5371,367.0,805984,367.0,468,367.0,468
5373,5371,5372,367.0,806452,367.0,468,348.0,1938
5374,5372,5373,367.0,806920,348.0,1938,560.0,3192
5375,5373,5374,348.0,805334,560.0,3192,542.0,1049
5376,5374,5375,560.0,859256,542.0,1049,541.0,1303
5377,5375,5376,542.0,804445,541.0,1303,536.0,1303
5378,5376,5377,541.0,805749,536.0,1303,526.0,1654
5379,5377,5378,536.0,807053,526.0,1654,524.0,1931
5380,5378,5379,526.0,805050,524.0,1931,497.0,56
5381,5379,5380,524.0,806982,497.0,56,454.0,2658
5382,5380,5381,497.0,13014,454.0,2658,383.0,132
5383,5381,5382,454.0,806054,383.0,132,383.0,458
5384,5382,5383,383.0,807372,383.0,458,412.0,458
5385,5383,5384,383.0,807830,412.0,458,383.0,458
5386,5384,5385,383.0,808289,383.0,458,383.0,458
5387,5385,5386,383.0,808747,383.0,458,383.0,458
5388,5386,5387,383.0,809205,383.0,458,412.0,458
5389,5387,5388,383.0,809663,412.0,458,383.0,458
5390,5388,5389,383.0,810122,383.0,458,383.0,458
5391,5389,5390,383.0,810580,383.0,458,367.0,421
5392,5390,5391,383.0,811038,367.0,421,367.0,468
5393,5391,5392,367.0,807661,367.0,468,367.0,468
5394,5392,5393,367.0,808129,367.0,468,367.0,468
5395,5393,5394,367.0,808597,367.0,468,367.0,468
5396,5394,5395,367.0,809065,367.0,468,367.0,468
5397,5395,5396,367.0,809533,367.0,468,367.0,468
5398,5396,5397,367.0,810001,367.0,468,367.0,467
5399,5397,5398,367.0,810469,367.0,467,560.0,271
5400,5398,5399,367.0,810936,560.0,271,542.0,227
5401,5399,5400,560.0,860431,542.0,227,541.0,1303
5402,5400,5401,542.0,807467,541.0,1303,536.0,1303
5403,5401,5402,541.0,808771,536.0,1303,526.0,436
5404,5402,5403,536.0,810075,526.0,436,524.0,1931
5405,5403,5404,526.0,807676,524.0,1931,497.0,15
5406,5404,5405,524.0,809608,497.0,15,473.0,821
5407,5405,5406,497.0,13035,473.0,821,468.0,2912
5408,5406,5407,473.0,808061,468.0,2912,383.0,302
5409,5407,5408,468.0,810974,383.0,302,383.0,458
5410,5408,5409,383.0,811386,383.0,458,383.0,458
5411,5409,5410,383.0,811844,383.0,458,372.0,8
5412,5410,5411,383.0,812302,372.0,8,383.0,458
5413,5411,5412,378.0,13109,383.0,458,412.0,458
5414,5412,5413,383.0,813218,412.0,458,383.0,458
5415,5413,5414,383.0,813677,383.0,458,383.0,458
5416,5414,5415,383.0,814135,383.0,458,362.0,2
5417,5415,5416,383.0,814593,362.0,2,367.0,468
5418,5416,5417,362.0,13084,367.0,468,367.0,468
5419,5417,5418,367.0,811678,367.0,468,367.0,468
5420,5418,5419,367.0,812146,367.0,468,367.0,468
5421,5419,5420,367.0,812614,367.0,468,367.0,468
5422,5420,5421,367.0,813082,367.0,468,367.0,468
5423,5421,5422,367.0,813550,367.0,468,367.0,467
5424,5422,5423,367.0,814018,367.0,467,348.0,339
5425,5423,5424,367.0,814485,348.0,339,560.0,1983
5426,5424,5425,348.0,811423,560.0,1983,541.0,709
5427,5425,5426,560.0,866239,541.0,709,536.0,1303
5428,5426,5427,541.0,811793,536.0,1303,534.0,1303
5429,5427,5428,536.0,813097,534.0,1303,524.0,1150
5430,5428,5429,544.0,814400,524.0,1150,522.0,1931
5431,5429,5430,524.0,812234,522.0,1931,497.0,39
5432,5430,5431,522.0,814166,497.0,39,473.0,1897
5433,5431,5432,497.0,13121,473.0,1897,383.0,13
5434,5432,5433,473.0,812981,383.0,13,383.0,458
5435,5433,5434,383.0,814941,383.0,458,383.0,458
5436,5434,5435,383.0,815399,383.0,458,383.0,458
5437,5435,5436,383.0,815857,383.0,458,412.0,458
5438,5436,5437,383.0,816315,412.0,458,383.0,458
5439,5437,5438,383.0,816774,383.0,458,383.0,458
5440,5438,5439,383.0,817232,383.0,458,383.0,458
5441,5439,5440,383.0,817690,383.0,458,383.0,458
5442,5440,5441,383.0,818148,383.0,458,367.0,299
5443,5441,5442,383.0,818606,367.0,299,367.0,468
5444,5442,5443,367.0,815227,367.0,468,367.0,468
5445,5443,5444,367.0,815695,367.0,468,367.0,468
5446,5444,5445,367.0,816163,367.0,468,357.0,8
5447,5445,5446,367.0,816631,357.0,8,367.0,468
5448,5446,5447,362.0,13179,367.0,468,367.0,467
5449,5447,5448,367.0,817567,367.0,467,367.0,468
5450,5448,5449,367.0,818034,367.0,468,348.0,2603
5451,5449,5450,367.0,818502,348.0,2603,560.0,3695
5452,5450,5451,348.0,817531,560.0,3695,546.0,1190
5453,5451,5452,560.0,872047,546.0,1190,544.0,1303
5454,5452,5453,546.0,816118,544.0,1303,542.0,1303
5455,5453,5454,544.0,817422,542.0,1303,522.0,1864
5456,5454,5455,542.0,818726,522.0,1864,517.0,1931
5457,5455,5456,522.0,816792,517.0,1931,458.0,61
5458,5456,5457,526.0,818723,458.0,61,454.0,2912
5459,5457,5458,458.0,814989,454.0,2912,383.0,182
5460,5458,5459,454.0,817902,383.0,182,383.0,458
5461,5459,5460,383.0,818954,383.0,458,383.0,458
5462,5460,5461,383.0,819412,383.0,458,412.0,458
5463,5461,5462,383.0,819870,412.0,458,383.0,458
5464,5462,5463,383.0,820329,383.0,458,383.0,458
5465,5463,5464,383.0,820787,383.0,458,383.0,458
5466,5464,5465,383.0,821245,383.0,458,412.0,458
5467,5465,5466,383.0,821703,412.0,458,334.0,1
5468,5466,5467,383.0,822162,334.0,1,367.0,468
5469,5467,5468,334.0,214,367.0,468,367.0,468
5470,5468,5469,367.0,819244,367.0,468,367.0,468
5471,5469,5470,367.0,819712,367.0,468,367.0,468
5472,5470,5471,367.0,820180,367.0,468,367.0,467
5473,5471,5472,367.0,820648,367.0,467,367.0,468
5474,5472,5473,367.0,821115,367.0,468,367.0,468
5475,5473,5474,367.0,821583,367.0,468,402.0,467
5476,5474,5475,367.0,822051,402.0,467,560.0,773
5477,5475,5476,367.0,822519,560.0,773,544.0,368
5478,5476,5477,560.0,873221,544.0,368,534.0,1304
5479,5477,5478,544.0,819140,534.0,1304,542.0,1303
5480,5478,5479,544.0,820444,542.0,1303,522.0,646
5481,5479,5480,542.0,821748,522.0,646,517.0,1931
5482,5480,5481,522.0,819418,517.0,1931,497.0,22
5483,5481,5482,526.0,821349,497.0,22,468.0,1137
5484,5482,5483,497.0,13228,468.0,1137,391.0,898
5485,5483,5484,468.0,819909,391.0,898,383.0,351
5486,5484,5485,391.0,823514,383.0,351,372.0,8
5487,5485,5486,383.0,822967,372.0,8,412.0,458
5488,5486,5487,378.0,13281,412.0,458,383.0,458
5489,5487,5488,383.0,823884,383.0,458,383.0,458
5490,5488,5489,383.0,824342,383.0,458,383.0,458
5491,5489,5490,383.0,824800,383.0,458,372.0,8
5492,5490,5491,383.0,825258,372.0,8,383.0,458
5493,5491,5492,378.0,13318,383.0,458,367.0,177
5494,5492,5493,383.0,826175,367.0,177,367.0,468
5495,5493,5494,367.0,822793,367.0,468,367.0,468
5496,5494,5495,367.0,823261,367.0,468,367.0,468
5497,5495,5496,367.0,823729,367.0,468,357.0,8
5498,5496,5497,367.0,824197,357.0,8,367.0,468
5499,5497,5498,362.0,13301,367.0,468,402.0,467
5500,5498,5499,367.0,825132,402.0,467,367.0,468
5501,5499,5500,367.0,825600,367.0,468,348.0,1003
5502,5500,5501,367.0,826068,348.0,1003,560.0,2485
5503,5501,5502,348.0,823619,560.0,2485,542.0,850
5504,5502,5503,560.0,879029,542.0,850,534.0,1304
5505,5503,5504,542.0,823466,534.0,1304,536.0,1303
5506,5504,5505,542.0,824770,536.0,1303,526.0,1359
5507,5505,5506,536.0,826074,526.0,1359,517.0,1932
5508,5506,5507,526.0,823975,517.0,1932,497.0,46
5509,5507,5508,526.0,825907,497.0,46,473.0,2213
5510,5508,5509,497.0,13314,473.0,2213,378.0,1
5511,5509,5510,473.0,824829,378.0,1,412.0,458
5512,5510,5511,378.0,13331,412.0,458,383.0,458
5513,5511,5512,383.0,826981,383.0,458,383.0,458
5514,5512,5513,383.0,827439,383.0,458,383.0,458
5515,5513,5514,383.0,827897,383.0,458,383.0,458
5516,5514,5515,383.0,828355,383.0,458,412.0,458
5517,5515,5516,383.0,828813,412.0,458,383.0,458
5518,5516,5517,383.0,829272,383.0,458,383.0,458
5519,5517,5518,383.0,829730,383.0,458,367.0,350
5520,5518,5519,383.0,830188,367.0,350,367.0,468
5521,5519,5520,367.0,826810,367.0,468,367.0,467
5522,5520,5521,367.0,827278,367.0,467,367.0,468
5523,5521,5522,367.0,827745,367.0,468,367.0,468
5524,5522,5523,367.0,828213,367.0,468,402.0,467
5525,5523,5524,367.0,828681,402.0,467,367.0,468
5526,5524,5525,367.0,829149,367.0,468,367.0,468
5527,5525,5526,367.0,829617,367.0,468,348.0,3267
5528,5526,5527,367.0,830085,348.0,3267,542.0,28
5529,5527,5528,348.0,829727,542.0,28,534.0,1304
5530,5528,5529,542.0,826488,534.0,1304,536.0,1303
5531,5529,5530,542.0,827792,536.0,1303,519.0,142
5532,5530,5531,536.0,829096,519.0,142,517.0,1931
5533,5531,5532,519.0,826602,517.0,1931,497.0,5
5534,5532,5533,526.0,828533,497.0,5,454.0,377
5535,5533,5534,497.0,13335,454.0,377,452.0,2912
5536,5534,5535,454.0,826837,452.0,2912,383.0,232
5537,5535,5536,452.0,829750,383.0,232,383.0,458
5538,5536,5537,383.0,830536,383.0,458,383.0,458
5539,5537,5538,383.0,830994,383.0,458,383.0,458
5540,5538,5539,383.0,831452,383.0,458,412.0,458
5541,5539,5540,383.0,831910,412.0,458,383.0,458
5542,5540,5541,383.0,832369,383.0,458,383.0,458
5543,5541,5542,383.0,832827,383.0,458,383.0,458
5544,5542,5543,383.0,833285,383.0,458,367.0,55
5545,5543,5544,383.0,833743,367.0,55,367.0,468
5546,5544,5545,367.0,830359,367.0,468,367.0,467
5547,5545,5546,367.0,830827,367.0,467,367.0,468
5548,5546,5547,367.0,831294,367.0,468,367.0,468
5549,5547,5548,367.0,831762,367.0,468,402.0,467
5550,5548,5549,367.0,832230,402.0,467,367.0,468
5551,5549,5550,367.0,832698,367.0,468,367.0,468
5552,5550,5551,367.0,833166,367.0,468,367.0,468
5553,5551,5552,367.0,833634,367.0,468,560.0,1276
5554,5552,5553,367.0,834102,560.0,1276,542.0,510
5555,5553,5554,560.0,886012,542.0,510,536.0,1303
5556,5554,5555,542.0,830814,536.0,1303,534.0,1303
5557,5555,5556,536.0,832118,534.0,1303,526.0,855
5558,5556,5557,544.0,833421,526.0,855,524.0,1931
5559,5557,5558,526.0,831159,524.0,1931,497.0,29
5560,5558,5559,524.0,833091,497.0,29,468.0,1453
5561,5559,5560,497.0,13421,468.0,1453,391.0,2273
5562,5560,5561,468.0,831757,391.0,2273,383.0,401
5563,5561,5562,391.0,836421,383.0,401,383.0,458
5564,5562,5563,383.0,834549,383.0,458,383.0,458
5565,5563,5564,383.0,835007,383.0,458,412.0,458
5566,5564,5565,383.0,835465,412.0,458,372.0,8
5567,5565,5566,383.0,835924,372.0,8,383.0,458
5568,5566,5567,378.0,13490,383.0,458,383.0,458
5569,5567,5568,383.0,836840,383.0,458,412.0,458
5570,5568,5569,383.0,837298,412.0,458,367.0,227
5571,5569,5570,383.0,837757,367.0,227,367.0,468
5572,5570,5571,367.0,834375,367.0,468,367.0,468
5573,5571,5572,367.0,834843,367.0,468,402.0,467
5574,5572,5573,367.0,835311,402.0,467,367.0,468
5575,5573,5574,367.0,835779,367.0,468,367.0,468
5576,5574,5575,367.0,836247,367.0,468,367.0,468
5577,5575,5576,367.0,836715,367.0,468,367.0,468
5578,5576,5577,367.0,837183,367.0,468,348.0,1668
5579,5577,5578,367.0,837651,348.0,1668,560.0,2988
5580,5578,5579,348.0,835816,560.0,2988,536.0,992
5581,5579,5580,560.0,891820,536.0,992,534.0,1303
5582,5580,5581,536.0,835140,534.0,1303,542.0,1303
5583,5581,5582,544.0,836443,542.0,1303,524.0,1569
5584,5582,5583,542.0,837747,524.0,1569,522.0,1931
5585,5583,5584,524.0,835717,522.0,1931,497.0,53
5586,5584,5585,522.0,837649,497.0,53,473.0,2529
5587,5585,5586,497.0,13507,473.0,2529,383.0,112
5588,5586,5587,473.0,836677,383.0,112,383.0,458
5589,5587,5588,383.0,838104,383.0,458,383.0,459
5590,5588,5589,383.0,838562,383.0,459,383.0,458
5591,5589,5590,383.0,839021,383.0,458,383.0,458
5592,5590,5591,383.0,839479,383.0,458,383.0,458
5593,5591,5592,383.0,839937,383.0,458,383.0,458
5594,5592,5593,383.0,840395,383.0,458,412.0,458
5595,5593,5594,383.0,840853,412.0,458,383.0,458
5596,5594,5595,383.0,841312,383.0,458,367.0,400
5597,5595,5596,383.0,841770,367.0,400,357.0,8
5598,5596,5597,367.0,838392,357.0,8,402.0,467
5599,5597,5598,362.0,13530,402.0,467,367.0,468
5600,5598,5599,367.0,839328,367.0,468,367.0,468
5601,5599,5600,367.0,839796,367.0,468,367.0,468
5602,5600,5601,367.0,840264,367.0,468,367.0,468
5603,5601,5602,367.0,840732,367.0,468,367.0,468
5604,5602,5603,367.0,841200,367.0,468,560.0,66
5605,5603,5604,367.0,841668,560.0,66,536.0,170
5606,5604,5605,560.0,892994,536.0,170,534.0,1303
5607,5605,5606,536.0,838162,534.0,1303,542.0,1303
5608,5606,5607,544.0,839465,542.0,1303,526.0,351
5609,5607,5608,542.0,840769,526.0,351,522.0,1931
5610,5608,5609,526.0,838343,522.0,1931,497.0,12
5611,5609,5610,522.0,840275,497.0,12,454.0,693
5612,5610,5611,497.0,13528,454.0,693,452.0,2912
5613,5611,5612,454.0,838685,452.0,2912,383.0,281
5614,5612,5613,452.0,841598,383.0,281,412.0,458
5615,5613,5614,383.0,842117,412.0,458,383.0,458
5616,5614,5615,383.0,842576,383.0,458,383.0,458
5617,5615,5616,383.0,843034,383.0,458,383.0,458
5618,5616,5617,383.0,843492,383.0,458,383.0,458
5619,5617,5618,383.0,843950,383.0,458,412.0,458
5620,5618,5619,383.0,844408,412.0,458,383.0,458
5621,5619,5620,383.0,844867,383.0,458,367.0,105
5622,5620,5621,383.0,845325,367.0,105,402.0,467
5623,5621,5622,367.0,841941,402.0,467,367.0,468
5624,5622,5623,367.0,842409,367.0,468,367.0,468
5625,5623,5624,367.0,842877,367.0,468,367.0,468
5626,5624,5625,367.0,843345,367.0,468,367.0,468
5627,5625,5626,367.0,843813,367.0,468,367.0,468
5628,5626,5627,367.0,844281,367.0,468,367.0,468
5629,5627,5628,367.0,844749,367.0,468,348.0,68
5630,5628,5629,367.0,845217,348.0,68,560.0,1778
5631,5629,5630,348.0,841904,560.0,1778,544.0,651
5632,5630,5631,560.0,898802,544.0,651,542.0,1303
5633,5631,5632,544.0,842487,542.0,1303,539.0,1303
5634,5632,5633,542.0,843791,539.0,1303,522.0,1065
5635,5633,5634,539.0,845095,522.0,1065,519.0,1931
5636,5634,5635,522.0,842901,519.0,1931,497.0,36
5637,5635,5636,519.0,844833,497.0,36,468.0,1769
5638,5636,5637,497.0,13614,468.0,1769,391.0,3648
5639,5637,5638,468.0,843605,391.0,3648,383.0,451
5640,5638,5639,391.0,849328,383.0,451,383.0,458
5641,5639,5640,383.0,846131,383.0,458,372.0,8
5642,5640,5641,383.0,846589,372.0,8,383.0,458
5643,5641,5642,378.0,13662,383.0,458,412.0,458
5644,5642,5643,383.0,847505,412.0,458,383.0,458
5645,5643,5644,383.0,847964,383.0,458,383.0,458
5646,5644,5645,383.0,848422,383.0,458,372.0,8
5647,5645,5646,383.0,848880,372.0,8,367.0,278
5648,5646,5647,378.0,13699,367.0,278,357.0,8
5649,5647,5648,367.0,845958,357.0,8,367.0,468
5650,5648,5649,362.0,13652,367.0,468,367.0,468
5651,5649,5650,367.0,846894,367.0,468,367.0,468
5652,5650,5651,367.0,847362,367.0,468,367.0,468
5653,5651,5652,367.0,847830,367.0,468,367.0,468
5654,5652,5653,367.0,848298,367.0,468,367.0,468
5655,5653,5654,367.0,848766,367.0,468,348.0,2332
5656,5654,5655,367.0,849234,348.0,2332,560.0,3491
5657,5655,5656,348.0,848012,560.0,3491,542.0,1133
5658,5656,5657,560.0,904611,542.0,1133,539.0,1303
5659,5657,5658,542.0,846813,539.0,1303,536.0,1303
5660,5658,5659,539.0,848117,536.0,1303,519.0,1779
5661,5659,5660,536.0,849421,519.0,1779,517.0,1931
5662,5660,5661,519.0,847459,517.0,1931,497.0,60
5663,5661,5662,526.0,849390,497.0,60,473.0,2845
5664,5662,5663,497.0,13700,473.0,2845,383.0,162
5665,5663,5664,473.0,848525,383.0,162,372.0,8
5666,5664,5665,383.0,849686,372.0,8,383.0,458
5667,5665,5666,378.0,13712,383.0,458,383.0,458
5668,5666,5667,383.0,850602,383.0,458,412.0,458
5669,5667,5668,383.0,851060,412.0,458,383.0,458
5670,5668,5669,383.0,851519,383.0,458,383.0,458
5671,5669,5670,383.0,851977,383.0,458,383.0,458
5672,5670,5671,383.0,852435,383.0,458,412.0,458
5673,5671,5672,383.0,852893,412.0,458,367.0,451
5674,5672,5673,383.0,853352,367.0,451,367.0,468
5675,5673,5674,367.0,849975,367.0,468,367.0,468
5676,5674,5675,367.0,850443,367.0,468,367.0,468
5677,5675,5676,367.0,850911,367.0,468,367.0,468
5678,5676,5677,367.0,851379,367.0,468,357.0,8
5679,5677,5678,367.0,851847,357.0,8,367.0,468
5680,5678,5679,362.0,13747,367.0,468,367.0,468
5681,5679,5680,367.0,852783,367.0,468,560.0,569
5682,5680,5681,367.0,853251,560.0,569,542.0,311
5683,5681,5682,560.0,905785,542.0,311,539.0,1303
5684,5682,5683,542.0,849835,539.0,1303,536.0,1303
5685,5683,5684,539.0,851139,536.0,1303,519.0,561
5686,5684,5685,536.0,852443,519.0,561,517.0,1931
5687,5685,5686,519.0,850085,517.0,1931,497.0,19
5688,5686,5687,526.0,852016,497.0,19,458.0,1009
5689,5687,5688,497.0,13721,458.0,1009,391.0,339
5690,5688,5689,458.0,850533,391.0,339,383.0,331
5691,5689,5690,391.0,853707,383.0,331,383.0,458
5692,5690,5691,383.0,853699,383.0,458,412.0,458
5693,5691,5692,383.0,854157,412.0,458,383.0,458
5694,5692,5693,383.0,854616,383.0,458,383.0,458
5695,5693,5694,383.0,855074,383.0,458,383.0,458
5696,5694,5695,383.0,855532,383.0,458,383.0,458
5697,5695,5696,383.0,855990,383.0,458,412.0,458
5698,5696,5697,383.0,856448,412.0,458,367.0,156
5699,5697,5698,383.0,856907,367.0,156,357.0,8
5700,5698,5699,367.0,853524,357.0,8,367.0,468
5701,5699,5700,362.0,13774,367.0,468,367.0,468
5702,5700,5701,367.0,854460,367.0,468,367.0,468
5703,5701,5702,367.0,854928,367.0,468,367.0,468
5704,5702,5703,367.0,855396,367.0,468,367.0,468
5705,5703,5704,367.0,855864,367.0,468,367.0,468
5706,5704,5705,367.0,856332,367.0,468,348.0,733
5707,5705,5706,367.0,856800,348.0,733,560.0,2281
5708,5706,5707,348.0,854101,560.0,2281,539.0,793
5709,5707,5708,560.0,911593,539.0,793,534.0,1303
5710,5708,5709,539.0,854161,534.0,1303,544.0,1303
5711,5709,5710,546.0,855464,544.0,1303,526.0,1274
5712,5710,5711,544.0,856768,526.0,1274,517.0,1932
5713,5711,5712,526.0,854642,517.0,1932,497.0,43
5714,5712,5713,526.0,856574,497.0,43,468.0,2085
5715,5713,5714,497.0,13807,468.0,2085,383.0,42
5716,5714,5715,468.0,855453,383.0,42,383.0,458
5717,5715,5716,383.0,857254,383.0,458,412.0,458
5718,5716,5717,383.0,857712,412.0,458,383.0,458
5719,5717,5718,383.0,858171,383.0,458,383.0,458
5720,5718,5719,383.0,858629,383.0,458,383.0,458
5721,5719,5720,383.0,859087,383.0,458,372.0,8
5722,5720,5721,383.0,859545,372.0,8,383.0,458
5723,5721,5722,378.0,13871,383.0,458,383.0,458
5724,5722,5723,383.0,860462,383.0,458,367.0,329
5725,5723,5724,383.0,860920,367.0,329,367.0,468
5726,5724,5725,367.0,857541,367.0,468,367.0,468
5727,5725,5726,367.0,858009,367.0,468,367.0,468
5728,5726,5727,367.0,858477,367.0,468,367.0,468
5729,5727,5728,367.0,858945,367.0,468,357.0,8
5730,5728,5729,367.0,859413,357.0,8,367.0,468
5731,5729,5730,362.0,13869,367.0,468,367.0,467
5732,5730,5731,367.0,860349,367.0,467,348.0,2997
5733,5731,5732,367.0,860816,348.0,2997,560.0,3993
5734,5732,5733,348.0,860209,560.0,3993,544.0,1274
5735,5733,5734,560.0,917401,544.0,1274,534.0,1304
5736,5734,5735,544.0,858486,534.0,1304,526.0,56
5737,5735,5736,544.0,859790,526.0,56,517.0,1932
5738,5736,5737,526.0,857268,517.0,1932,497.0,2
5739,5737,5738,526.0,859200,497.0,2,473.0,248
5740,5738,5739,497.0,13828,473.0,248,450.0,2913
5741,5739,5740,473.0,857460,450.0,2913,383.0,211
5742,5740,5741,473.0,860373,383.0,211,412.0,458
5743,5741,5742,383.0,861267,412.0,458,383.0,458
5744,5742,5743,383.0,861726,383.0,458,383.0,458
5745,5743,5744,383.0,862184,383.0,458,383.0,458
5746,5744,5745,383.0,862642,383.0,458,412.0,458
5747,5745,5746,383.0,863100,412.0,458,383.0,458
5748,5746,5747,383.0,863559,383.0,458,383.0,458
5749,5747,5748,383.0,864017,383.0,458,367.0,34
5750,5748,5749,383.0,864475,367.0,34,367.0,468
5751,5749,5750,367.0,861090,367.0,468,367.0,468
5752,5750,5751,367.0,861558,367.0,468,367.0,468
5753,5751,5752,367.0,862026,367.0,468,367.0,468
5754,5752,5753,367.0,862494,367.0,468,367.0,468
5755,5753,5754,367.0,862962,367.0,468,367.0,468
5756,5754,5755,367.0,863430,367.0,468,367.0,467
5757,5755,5756,367.0,863898,367.0,467,367.0,468
5758,5756,5757,367.0,864365,367.0,468,560.0,1072
5759,5757,5758,367.0,864833,560.0,1072,544.0,452
5760,5758,5759,560.0,918576,544.0,452,534.0,1304
5761,5759,5760,544.0,861508,534.0,1304,542.0,1303
5762,5760,5761,544.0,862812,542.0,1303,526.0,770
5763,5761,5762,542.0,864116,526.0,770,524.0,1931
5764,5762,5763,526.0,861826,524.0,1931,497.0,26
5765,5763,5764,524.0,863758,497.0,26,454.0,1325
5766,5764,5765,497.0,13914,454.0,1325,391.0,1715
5767,5765,5766,454.0,862381,391.0,1715,383.0,381
5768,5766,5767,391.0,866615,383.0,381,383.0,458
5769,5767,5768,383.0,865281,383.0,458,383.0,458
5770,5768,5769,383.0,865739,383.0,458,383.0,458
5771,5769,5770,383.0,866197,383.0,458,412.0,458
5772,5770,5771,383.0,866655,412.0,458,383.0,458
5773,5771,5772,383.0,867114,383.0,458,383.0,458
5774,5772,5773,383.0,867572,383.0,458,383.0,458
5775,5773,5774,383.0,868030,383.0,458,367.0,207
5776,5774,5775,383.0,868488,367.0,207,367.0,468
5777,5775,5776,367.0,865107,367.0,468,367.0,468
5778,5776,5777,367.0,865575,367.0,468,367.0,468
5779,5777,5778,367.0,866043,367.0,468,367.0,468
5780,5778,5779,367.0,866511,367.0,468,367.0,468
5781,5779,5780,367.0,866979,367.0,468,367.0,467
5782,5780,5781,367.0,867447,367.0,467,367.0,468
5783,5781,5782,367.0,867914,367.0,468,348.0,1398
5784,5782,5783,367.0,868382,348.0,1398,560.0,2784
5785,5783,5784,348.0,866298,560.0,2784,542.0,934
5786,5784,5785,560.0,924384,542.0,934,534.0,1304
5787,5785,5786,542.0,865834,534.0,1304,536.0,1303
5788,5786,5787,542.0,867138,536.0,1303,524.0,1484
5789,5787,5788,536.0,868442,524.0,1484,519.0,1931
5790,5788,5789,524.0,866384,519.0,1931,497.0,50
5791,5789,5790,519.0,868316,497.0,50,468.0,2401
5792,5790,5791,497.0,14000,468.0,2401,383.0,92
5793,5791,5792,468.0,867301,383.0,92,383.0,458
5794,5792,5793,383.0,868836,383.0,458,383.0,458
5795,5793,5794,383.0,869294,383.0,458,412.0,458
5796,5794,5795,383.0,869752,412.0,458,372.0,8
5797,5795,5796,383.0,870211,372.0,8,383.0,458
5798,5796,5797,378.0,14043,383.0,458,383.0,458
5799,5797,5798,383.0,871127,383.0,458,383.0,458
5800,5798,5799,383.0,871585,383.0,458,412.0,458
5801,5799,5800,383.0,872043,412.0,458,367.0,380
5802,5800,5801,383.0,872502,367.0,380,367.0,468
5803,5801,5802,367.0,869124,367.0,468,367.0,468
5804,5802,5803,367.0,869592,367.0,468,367.0,468
5805,5803,5804,367.0,870060,367.0,468,367.0,467
5806,5804,5805,367.0,870528,367.0,467,367.0,468
5807,5805,5806,367.0,870995,367.0,468,367.0,468
5808,5806,5807,367.0,871463,367.0,468,402.0,467
5809,5807,5808,367.0,871931,402.0,467,348.0,3662
5810,5808,5809,367.0,872399,348.0,3662,542.0,112
5811,5809,5810,348.0,872406,542.0,112,541.0,1303
5812,5810,5811,542.0,868856,541.0,1303,536.0,1303
5813,5811,5812,541.0,870160,536.0,1303,524.0,266
5814,5812,5813,536.0,871464,524.0,266,519.0,1931
5815,5813,5814,524.0,869010,519.0,1931,497.0,9
5816,5814,5815,519.0,870942,497.0,9,473.0,564
5817,5815,5816,497.0,14021,473.0,564,450.0,2913
5818,5816,5817,473.0,869308,450.0,2913,383.0,261
5819,5817,5818,473.0,872221,383.0,261,383.0,458
5820,5818,5819,383.0,872849,383.0,458,372.0,8
5821,5819,5820,383.0,873307,372.0,8,383.0,458
5822,5820,5821,378.0,14093,383.0,458,383.0,458
5823,5821,5822,383.0,874224,383.0,458,383.0,458
5824,5822,5823,383.0,874682,383.0,458,412.0,458
5825,5823,5824,383.0,875140,412.0,458,383.0,458
5826,5824,5825,383.0,875599,383.0,458,367.0,85
5827,5825,5826,383.0,876057,367.0,85,367.0,468
5828,5826,5827,367.0,872673,367.0,468,367.0,468
5829,5827,5828,367.0,873141,367.0,468,357.0,8
5830,5828,5829,367.0,873609,357.0,8,367.0,467
5831,5829,5830,362.0,14098,367.0,467,367.0,468
5832,5830,5831,367.0,874544,367.0,468,402.0,467
5833,5831,5832,367.0,875012,402.0,467,367.0,468
5834,5832,5833,367.0,875480,367.0,468,367.0,468
5835,5833,5834,367.0,875948,367.0,468,560.0,1574
5836,5834,5835,367.0,876416,560.0,1574,541.0,594
5837,5835,5836,560.0,931366,541.0,594,536.0,1303
5838,5836,5837,541.0,873182,536.0,1303,534.0,1303
5839,5837,5838,536.0,874486,534.0,1303,519.0,980
5840,5838,5839,544.0,875789,519.0,980,517.0,1931
5841,5839,5840,519.0,873568,517.0,1931,497.0,33
5842,5840,5841,526.0,875499,497.0,33,452.0,1641
5843,5841,5842,497.0,14107,452.0,1641,391.0,3090
5844,5842,5843,452.0,874229,391.0,3090,383.0,430
5845,5843,5844,391.0,879522,383.0,430,412.0,458
5846,5844,5845,383.0,876862,412.0,458,383.0,458
5847,5845,5846,383.0,877321,383.0,458,383.0,458
5848,5846,5847,383.0,877779,383.0,458,383.0,458
5849,5847,5848,383.0,878237,383.0,458,412.0,458
5850,5848,5849,383.0,878695,412.0,458,383.0,458
5851,5849,5850,383.0,879154,383.0,458,383.0,458
5852,5850,5851,383.0,879612,383.0,458,367.0,258
5853,5851,5852,383.0,880070,367.0,258,367.0,468
5854,5852,5853,367.0,876690,367.0,468,367.0,467
5855,5853,5854,367.0,877158,367.0,467,367.0,468
5856,5854,5855,367.0,877625,367.0,468,367.0,468
5857,5855,5856,367.0,878093,367.0,468,402.0,467
5858,5856,5857,367.0,878561,402.0,467,367.0,468
5859,5857,5858,367.0,879029,367.0,468,367.0,468
5860,5858,5859,367.0,879497,367.0,468,348.0,2062
5861,5859,5860,367.0,879965,348.0,2062,560.0,3286
5862,5860,5861,348.0,878494,560.0,3286,536.0,1076
5863,5861,5862,560.0,937174,536.0,1076,534.0,1303
5864,5862,5863,536.0,877508,534.0,1303,542.0,1303
5865,5863,5864,544.0,878811,542.0,1303,526.0,1693
5866,5864,5865,542.0,880115,526.0,1693,517.0,1932
5867,5865,5866,526.0,878125,517.0,1932,497.0,57
5868,5866,5867,526.0,880057,497.0,57,458.0,2717
5869,5867,5868,497.0,14193,458.0,2717,383.0,142
5870,5868,5869,458.0,879149,383.0,142,383.0,458
5871,5869,5870,383.0,880418,383.0,458,372.0,8
5872,5870,5871,383.0,880876,372.0,8,383.0,458
5873,5871,5872,378.0,14215,383.0,458,383.0,458
5874,5872,5873,383.0,881792,383.0,458,412.0,458
5875,5873,5874,383.0,882250,412.0,458,383.0,458
5876,5874,5875,383.0,882709,383.0,458,372.0,8
5877,5875,5876,383.0,883167,372.0,8,383.0,458
5878,5876,5877,378.0,14252,383.0,458,367.0,431
5879,5877,5878,383.0,884083,367.0,431,367.0,467
5880,5878,5879,367.0,880707,367.0,467,357.0,8
5881,5879,5880,367.0,881174,357.0,8,402.0,467
5882,5880,5881,362.0,14220,402.0,467,367.0,468
5883,5881,5882,367.0,882110,367.0,468,367.0,468
5884,5882,5883,367.0,882578,367.0,468,367.0,468
5885,5883,5884,367.0,883046,367.0,468,367.0,468
5886,5884,5885,367.0,883514,367.0,468,560.0,365
5887,5885,5886,367.0,883982,560.0,365,536.0,254
5888,5886,5887,560.0,938349,536.0,254,534.0,1303
5889,5887,5888,536.0,880530,534.0,1303,542.0,1303
5890,5888,5889,544.0,881833,542.0,1303,526.0,475
5891,5889,5890,542.0,883137,526.0,475,517.0,1932
5892,5890,5891,526.0,880751,517.0,1932,491.0,968
5893,5891,5892,526.0,882683,491.0,968,473.0,880
5894,5892,5893,491.0,824452,473.0,880,450.0,2913
5895,5893,5894,473.0,881156,450.0,2913,378.0,5
5896,5894,5895,473.0,884069,378.0,5,383.0,458
5897,5895,5896,378.0,14265,383.0,458,383.0,458
5898,5896,5897,383.0,884889,383.0,458,412.0,458
5899,5897,5898,383.0,885347,412.0,458,383.0,458
5900,5898,5899,383.0,885806,383.0,458,383.0,458
5901,5899,5900,383.0,886264,383.0,458,383.0,458
5902,5900,5901,383.0,886722,383.0,458,383.0,458
5903,5901,5902,383.0,887180,383.0,458,367.0,135
5904,5902,5903,383.0,887638,367.0,135,367.0,468
5905,5903,5904,367.0,884255,367.0,468,367.0,468
5906,5904,5905,367.0,884723,367.0,468,402.0,467
5907,5905,5906,367.0,885191,402.0,467,367.0,468
5908,5906,5907,367.0,885659,367.0,468,367.0,468
5909,5907,5908,367.0,886127,367.0,468,367.0,468
5910,5908,5909,367.0,886595,367.0,468,357.0,8
5911,5909,5910,367.0,887063,357.0,8,348.0,463
5912,5910,5911,362.0,14315,348.0,463,560.0,2077
5913,5911,5912,348.0,884583,560.0,2077,544.0,735
5914,5912,5913,560.0,944157,544.0,735,542.0,1303
5915,5913,5914,544.0,884855,542.0,1303,539.0,1303
5916,5914,5915,542.0,886159,539.0,1303,526.0,1189
5917,5915,5916,539.0,887463,526.0,1189,522.0,1931
5918,5916,5917,526.0,885309,522.0,1931,491.0,2360
5919,5917,5918,522.0,887241,491.0,2360,473.0,1956
5920,5918,5919,491.0,829440,473.0,1956,383.0,22
5921,5919,5920,473.0,886076,383.0,22,383.0,458
5922,5920,5921,383.0,887986,383.0,458,383.0,458
5923,5921,5922,383.0,888444,383.0,458,412.0,458
5924,5922,5923,383.0,888902,412.0,458,383.0,458
5925,5923,5924,383.0,889361,383.0,458,383.0,458
5926,5924,5925,383.0,889819,383.0,458,383.0,458
5927,5925,5926,383.0,890277,383.0,458,412.0,458
5928,5926,5927,383.0,890735,412.0,458,383.0,458
5929,5927,5928,383.0,891194,383.0,458,367.0,308
5930,5928,5929,383.0,891652,367.0,308,402.0,467
5931,5929,5930,367.0,888272,402.0,467,367.0,468
5932,5930,5931,367.0,888740,367.0,468,367.0,468
5933,5931,5932,367.0,889208,367.0,468,367.0,468
5934,5932,5933,367.0,889676,367.0,468,367.0,468
5935,5933,5934,367.0,890144,367.0,468,367.0,468
5936,5934,5935,367.0,890612,367.0,468,367.0,468
5937,5935,5936,367.0,891080,367.0,468,348.0,2727
5938,5936,5937,367.0,891548,348.0,2727,560.0,3789
5939,5937,5938,348.0,890691,560.0,3789,542.0,1217
5940,5938,5939,560.0,949965,542.0,1217,539.0,1303
5941,5939,5940,542.0,889181,539.0,1303,534.0,1303
5942,5940,5941,539.0,890485,534.0,1303,522.0,1903
5943,5941,5942,544.0,891788,522.0,1903,519.0,1931
5944,5942,5943,522.0,889867,519.0,1931,458.0,120
5945,5943,5944,519.0,891799,458.0,120,454.0,2912
5946,5944,5945,458.0,888084,454.0,2912,383.0,191
5947,5945,5946,454.0,890997,383.0,191,383.0,458
5948,5946,5947,383.0,891999,383.0,458,412.0,458
5949,5947,5948,383.0,892457,412.0,458,383.0,458
5950,5948,5949,383.0,892916,383.0,458,383.0,458
5951,5949,5950,383.0,893374,383.0,458,372.0,8
5952,5950,5951,383.0,893832,372.0,8,412.0,458
5953,5951,5952,378.0,14424,412.0,458,383.0,458
5954,5952,5953,383.0,894749,383.0,458,367.0,13
5955,5953,5954,383.0,895207,367.0,13,402.0,467
5956,5954,5955,367.0,891821,402.0,467,367.0,468
5957,5955,5956,367.0,892289,367.0,468,367.0,468
5958,5956,5957,367.0,892757,367.0,468,367.0,468
5959,5957,5958,367.0,893225,367.0,468,367.0,468
5960,5958,5959,367.0,893693,367.0,468,367.0,468
5961,5959,5960,367.0,894161,367.0,468,357.0,8
5962,5960,5961,367.0,894629,357.0,8,367.0,468
5963,5961,5962,362.0,14437,367.0,468,560.0,867
5964,5962,5963,367.0,895565,560.0,867,542.0,395
5965,5963,5964,560.0,951139,542.0,395,536.0,1303
5966,5964,5965,542.0,892203,536.0,1303,534.0,1303
5967,5965,5966,536.0,893507,534.0,1303,522.0,685
5968,5966,5967,544.0,894810,522.0,685,519.0,1931
5969,5967,5968,522.0,892493,519.0,1931,491.0,1376
5970,5968,5969,519.0,894425,491.0,1376,468.0,1196
5971,5969,5970,491.0,835648,468.0,1196,391.0,1155
5972,5970,5971,468.0,893004,391.0,1155,383.0,361
5973,5971,5972,391.0,896807,383.0,361,383.0,458
5974,5972,5973,383.0,896013,383.0,458,383.0,458
5975,5973,5974,383.0,896471,383.0,458,383.0,458
5976,5974,5975,383.0,896929,383.0,458,383.0,458
5977,5975,5976,383.0,897387,383.0,458,412.0,458
5978,5976,5977,383.0,897845,412.0,458,383.0,458
5979,5977,5978,383.0,898304,383.0,458,383.0,458
5980,5978,5979,383.0,898762,383.0,458,362.0,3
5981,5979,5980,383.0,899220,362.0,3,367.0,468
5982,5980,5981,362.0,14449,367.0,468,367.0,468
5983,5981,5982,367.0,896306,367.0,468,367.0,468
5984,5982,5983,367.0,896774,367.0,468,367.0,468
5985,5983,5984,367.0,897242,367.0,468,367.0,468
5986,5984,5985,367.0,897710,367.0,468,367.0,468
5987,5985,5986,367.0,898178,367.0,468,367.0,468
5988,5986,5987,367.0,898646,367.0,468,348.0,1127
5989,5987,5988,367.0,899114,348.0,1127,560.0,2579
5990,5988,5989,348.0,896779,560.0,2579,536.0,877
5991,5989,5990,560.0,956947,536.0,877,534.0,1303
5992,5990,5991,536.0,896529,534.0,1303,542.0,1303
5993,5991,5992,544.0,897832,542.0,1303,519.0,1399
5994,5992,5993,542.0,899136,519.0,1399,517.0,1931
5995,5993,5994,519.0,897051,517.0,1931,491.0,2769
5996,5994,5995,526.0,898982,491.0,2769,473.0,2272
5997,5995,5996,491.0,840637,473.0,2272,383.0,72
5998,5996,5997,473.0,897924,383.0,72,383.0,458
5999,5997,5998,383.0,899568,383.0,458,383.0,458
6000,5998,5999,383.0,900026,383.0,458,383.0,458
6001,5999,6000,383.0,900484,383.0,458,412.0,458
6002,6000,6001,383.0,900942,412.0,458,383.0,458
6003,6001,6002,383.0,901401,383.0,458,383.0,458
6004,6002,6003,383.0,901859,383.0,458,383.0,458
6005,6003,6004,383.0,902317,383.0,458,383.0,458
6006,6004,6005,383.0,902775,383.0,458,367.0,359
6007,6005,6006,383.0,903233,367.0,359,367.0,468
6008,6006,6007,367.0,899855,367.0,468,367.0,468
6009,6007,6008,367.0,900323,367.0,468,367.0,468
6010,6008,6009,367.0,900791,367.0,468,367.0,468
6011,6009,6010,367.0,901259,367.0,468,367.0,468
6012,6010,6011,367.0,901727,367.0,468,367.0,468
6013,6011,6012,367.0,902195,367.0,468,367.0,468
6014,6012,6013,367.0,902663,367.0,468,348.0,3391
6015,6013,6014,367.0,903131,348.0,3391,536.0,55
6016,6014,6015,348.0,902887,536.0,55,534.0,1303
6017,6015,6016,536.0,899551,534.0,1303,542.0,1303
6018,6016,6017,544.0,900854,542.0,1303,519.0,181
6019,6017,6018,542.0,902158,519.0,181,517.0,1931
6020,6018,6019,519.0,899677,517.0,1931,491.0,393
6021,6019,6020,526.0,901608,491.0,393,458.0,436
6022,6020,6021,491.0,841857,458.0,436,454.0,2912
6023,6021,6022,458.0,899932,454.0,2912,383.0,241
6024,6022,6023,454.0,902845,383.0,241,383.0,458
6025,6023,6024,383.0,903581,383.0,458,383.0,458
6026,6024,6025,383.0,904039,383.0,458,372.0,8
6027,6025,6026,383.0,904497,372.0,8,383.0,458
6028,6026,6027,378.0,14596,383.0,458,383.0,458
6029,6027,6028,383.0,905414,383.0,458,383.0,458
6030,6028,6029,383.0,905872,383.0,458,412.0,458
6031,6029,6030,383.0,906330,412.0,458,362.0,1
6032,6030,6031,383.0,906789,362.0,1,367.0,468
6033,6031,6032,362.0,14571,367.0,468,367.0,468
6034,6032,6033,367.0,903872,367.0,468,367.0,468
6035,6033,6034,367.0,904340,367.0,468,367.0,468
6036,6034,6035,367.0,904808,367.0,468,367.0,468
6037,6035,6036,367.0,905276,367.0,468,367.0,468
6038,6036,6037,367.0,905744,367.0,468,367.0,468
6039,6037,6038,367.0,906212,367.0,468,367.0,467
6040,6038,6039,367.0,906680,367.0,467,560.0,1370
6041,6039,6040,367.0,907147,560.0,1370,544.0,536
6042,6040,6041,560.0,963930,544.0,536,542.0,1303
6043,6041,6042,544.0,903876,542.0,1303,541.0,1303
6044,6042,6043,542.0,905180,541.0,1303,526.0,894
6045,6043,6044,541.0,906484,526.0,894,517.0,1932
6046,6044,6045,526.0,904234,517.0,1932,491.0,1786
6047,6045,6046,526.0,906166,491.0,1786,473.0,1512
6048,6046,6047,491.0,846846,473.0,1512,391.0,2530
6049,6047,6048,473.0,904852,391.0,2530,383.0,410
6050,6048,6049,391.0,909714,383.0,410,372.0,8
6051,6049,6050,383.0,907594,372.0,8,412.0,458
6052,6050,6051,378.0,14646,412.0,458,383.0,458
6053,6051,6052,383.0,908511,383.0,458,383.0,458
6054,6052,6053,383.0,908969,383.0,458,383.0,458
6055,6053,6054,383.0,909427,383.0,458,412.0,458
6056,6054,6055,383.0,909885,412.0,458,383.0,458
6057,6055,6056,383.0,910344,383.0,458,367.0,237
6058,6056,6057,383.0,910802,367.0,237,367.0,468
6059,6057,6058,367.0,907421,367.0,468,367.0,468
6060,6058,6059,367.0,907889,367.0,468,367.0,468
6061,6059,6060,367.0,908357,367.0,468,357.0,8
6062,6060,6061,367.0,908825,357.0,8,367.0,468
6063,6061,6062,362.0,14666,367.0,468,367.0,468
6064,6062,6063,367.0,909761,367.0,468,367.0,467
6065,6063,6064,367.0,910229,367.0,467,348.0,1792
6066,6064,6065,367.0,910696,348.0,1792,560.0,3082
6067,6065,6066,348.0,908976,560.0,3082,542.0,1018
6068,6066,6067,560.0,969738,542.0,1018,541.0,1303
6069,6067,6068,542.0,908202,541.0,1303,536.0,1303
6070,6068,6069,541.0,909506,536.0,1303,526.0,1608
6071,6069,6070,536.0,910810,526.0,1608,524.0,1931
6072,6070,6071,526.0,908792,524.0,1931,491.0,3178
6073,6071,6072,524.0,910724,491.0,3178,473.0,2588
6074,6072,6073,491.0,851834,473.0,2588,383.0,121
6075,6073,6074,473.0,909772,383.0,121,412.0,458
6076,6074,6075,383.0,911149,412.0,458,383.0,458
6077,6075,6076,383.0,911608,383.0,458,383.0,458
6078,6076,6077,383.0,912066,383.0,458,383.0,458
6079,6077,6078,383.0,912524,383.0,458,383.0,458
6080,6078,6079,383.0,912982,383.0,458,412.0,458
6081,6079,6080,383.0,913440,412.0,458,383.0,458
6082,6080,6081,383.0,913899,383.0,458,383.0,458
6083,6081,6082,383.0,914357,383.0,458,367.0,410
6084,6082,6083,383.0,914815,367.0,410,367.0,468
6085,6083,6084,367.0,911438,367.0,468,367.0,468
6086,6084,6085,367.0,911906,367.0,468,367.0,468
6087,6085,6086,367.0,912374,367.0,468,367.0,468
6088,6086,6087,367.0,912842,367.0,468,367.0,468
6089,6087,6088,367.0,913310,367.0,468,367.0,467
6090,6088,6089,367.0,913778,367.0,467,367.0,468
6091,6089,6090,367.0,914245,367.0,468,560.0,160
6092,6090,6091,367.0,914713,560.0,160,542.0,196
6093,6091,6092,560.0,970912,542.0,196,539.0,1303
6094,6092,6093,542.0,911224,539.0,1303,534.0,1303
6095,6093,6094,539.0,912528,534.0,1303,526.0,390
6096,6094,6095,546.0,913831,526.0,390,524.0,1931
6097,6095,6096,526.0,911418,524.0,1931,491.0,802
6098,6096,6097,524.0,913350,491.0,802,458.0,752
6099,6097,6098,491.0,853054,458.0,752,454.0,2912
6100,6098,6099,458.0,911780,454.0,2912,383.0,291
6101,6099,6100,454.0,914693,383.0,291,383.0,458
6102,6100,6101,383.0,915163,383.0,458,383.0,458
6103,6101,6102,383.0,915621,383.0,458,383.0,458
6104,6102,6103,383.0,916079,383.0,458,412.0,458
6105,6103,6104,383.0,916537,412.0,458,383.0,458
6106,6104,6105,383.0,916996,383.0,458,372.0,8
6107,6105,6106,383.0,917454,372.0,8,383.0,458
6108,6106,6107,378.0,14805,383.0,458,367.0,115
6109,6107,6108,383.0,918370,367.0,115,367.0,468
6110,6108,6109,367.0,914987,367.0,468,367.0,468
6111,6109,6110,367.0,915455,367.0,468,367.0,468
6112,6110,6111,367.0,915923,367.0,468,357.0,8
6113,6111,6112,367.0,916391,357.0,8,367.0,467
6114,6112,6113,362.0,14788,367.0,467,367.0,468
6115,6113,6114,367.0,917326,367.0,468,367.0,468
6116,6114,6115,367.0,917794,367.0,468,348.0,192
6117,6115,6116,367.0,918262,348.0,192,560.0,1872
6118,6116,6117,348.0,915064,560.0,1872,539.0,678
6119,6117,6118,560.0,976720,539.0,678,534.0,1303
6120,6118,6119,539.0,915550,534.0,1303,534.0,1304
6121,6119,6120,544.0,916853,534.0,1304,524.0,1104
6122,6120,6121,544.0,918157,524.0,1104,522.0,1931
6123,6121,6122,524.0,915976,522.0,1931,491.0,2195
6124,6122,6123,522.0,917908,491.0,2195,468.0,1828
6125,6123,6124,491.0,858043,468.0,1828,331.0,1
6126,6124,6125,468.0,916700,331.0,1,383.0,458
6127,6125,6126,331.0,240,383.0,458,383.0,458
6128,6126,6127,383.0,919176,383.0,458,383.0,458
6129,6127,6128,383.0,919634,383.0,458,412.0,458
6130,6128,6129,383.0,920092,412.0,458,383.0,458
6131,6129,6130,383.0,920551,383.0,458,383.0,458
6132,6130,6131,383.0,921009,383.0,458,383.0,458
6133,6131,6132,383.0,921467,383.0,458,412.0,458
6134,6132,6133,383.0,921925,412.0,458,367.0,288
6135,6133,6134,383.0,922384,367.0,288,367.0,468
6136,6134,6135,367.0,919004,367.0,468,367.0,468
6137,6135,6136,367.0,919472,367.0,468,367.0,468
6138,6136,6137,367.0,919940,367.0,468,367.0,467
6139,6137,6138,367.0,920408,367.0,467,367.0,468
6140,6138,6139,367.0,920875,367.0,468,402.0,467
6141,6139,6140,367.0,921343,402.0,467,367.0,468
6142,6140,6141,367.0,921811,367.0,468,348.0,2457
6143,6141,6142,367.0,922279,348.0,2457,560.0,3585
6144,6142,6143,348.0,921173,560.0,3585,544.0,1159
6145,6143,6144,560.0,982529,544.0,1159,534.0,1304
6146,6144,6145,544.0,919875,534.0,1304,542.0,1303
6147,6145,6146,544.0,921179,542.0,1303,522.0,1818
6148,6146,6147,542.0,922483,522.0,1818,519.0,1931
6149,6147,6148,522.0,920534,519.0,1931,491.0,3587
6150,6148,6149,519.0,922466,491.0,3587,473.0,2904
6151,6149,6150,491.0,863031,473.0,2904,383.0,171
6152,6150,6151,473.0,921620,383.0,171,383.0,458
6153,6151,6152,383.0,922731,383.0,458,383.0,459
6154,6152,6153,383.0,923189,383.0,459,383.0,458
6155,6153,6154,383.0,923648,383.0,458,383.0,458
6156,6154,6155,383.0,924106,383.0,458,383.0,458
6157,6155,6156,383.0,924564,383.0,458,383.0,458
6158,6156,6157,383.0,925022,383.0,458,412.0,458
6159,6157,6158,383.0,925480,412.0,458,383.0,458
6160,6158,6159,383.0,925939,383.0,458,367.0,461
6161,6159,6160,383.0,926397,367.0,461,367.0,468
6162,6160,6161,367.0,923021,367.0,468,367.0,467
6163,6161,6162,367.0,923489,367.0,467,367.0,468
6164,6162,6163,367.0,923956,367.0,468,367.0,468
6165,6163,6164,367.0,924424,367.0,468,402.0,467
6166,6164,6165,367.0,924892,402.0,467,367.0,468
6167,6165,6166,367.0,925360,367.0,468,367.0,468
6168,6166,6167,367.0,925828,367.0,468,560.0,663
6169,6167,6168,367.0,926296,560.0,663,544.0,337
6170,6168,6169,560.0,983703,544.0,337,534.0,1304
6171,6169,6170,544.0,922897,534.0,1304,542.0,1303
6172,6170,6171,544.0,924201,542.0,1303,522.0,600
6173,6171,6172,542.0,925505,522.0,600,519.0,1931
6174,6172,6173,522.0,923160,519.0,1931,491.0,1211
6175,6173,6174,519.0,925092,491.0,1211,458.0,1068
6176,6174,6175,491.0,864251,458.0,1068,391.0,596
6177,6175,6176,458.0,923628,391.0,596,383.0,340
6178,6176,6177,391.0,927000,383.0,340,412.0,458
6179,6177,6178,383.0,926744,412.0,458,383.0,458
6180,6178,6179,383.0,927203,383.0,458,383.0,458
6181,6179,6180,383.0,927661,383.0,458,372.0,8
6182,6180,6181,383.0,928119,372.0,8,383.0,458
6183,6181,6182,378.0,14977,383.0,458,412.0,458
6184,6182,6183,383.0,929035,412.0,458,383.0,458
6185,6183,6184,383.0,929494,383.0,458,367.0,166
6186,6184,6185,383.0,929952,367.0,166,367.0,468
6187,6185,6186,367.0,926570,367.0,468,367.0,467
6188,6186,6187,367.0,927038,367.0,467,367.0,468
6189,6187,6188,367.0,927505,367.0,468,367.0,468
6190,6188,6189,367.0,927973,367.0,468,402.0,467
6191,6189,6190,367.0,928441,402.0,467,367.0,468
6192,6190,6191,367.0,928909,367.0,468,367.0,468
6193,6191,6192,367.0,929377,367.0,468,348.0,857
6194,6192,6193,367.0,929845,348.0,857,560.0,2375
6195,6193,6194,348.0,927261,560.0,2375,542.0,819
6196,6194,6195,560.0,989511,542.0,819,534.0,1304
6197,6195,6196,542.0,927223,534.0,1304,536.0,1303
6198,6196,6197,542.0,928527,536.0,1303,519.0,1314
6199,6197,6198,536.0,929831,519.0,1314,517.0,1931
6200,6198,6199,519.0,927718,517.0,1931,491.0,2603
6201,6199,6200,526.0,929649,491.0,2603,468.0,2144
6202,6200,6201,491.0,869239,468.0,2144,383.0,51
6203,6201,6202,468.0,928548,383.0,51,412.0,458
6204,6202,6203,383.0,930299,412.0,458,383.0,458
6205,6203,6204,383.0,930758,383.0,458,372.0,8
6206,6204,6205,383.0,931216,372.0,8,383.0,458
6207,6205,6206,378.0,15027,383.0,458,412.0,458
6208,6206,6207,383.0,932132,412.0,458,383.0,458
6209,6207,6208,383.0,932591,383.0,458,383.0,458
6210,6208,6209,383.0,933049,383.0,458,383.0,458
6211,6209,6210,383.0,933507,383.0,458,367.0,339
6212,6210,6211,383.0,933965,367.0,339,357.0,8
6213,6211,6212,367.0,930587,357.0,8,367.0,468
6214,6212,6213,362.0,15017,367.0,468,402.0,467
6215,6213,6214,367.0,931522,402.0,467,367.0,468
6216,6214,6215,367.0,931990,367.0,468,367.0,468
6217,6215,6216,367.0,932458,367.0,468,367.0,468
6218,6216,6217,367.0,932926,367.0,468,367.0,468
6219,6217,6218,367.0,933394,367.0,468,348.0,3121
6220,6218,6219,367.0,933862,348.0,3121,560.0,4087
6221,6219,6220,348.0,933369,560.0,4087,542.0,1301
6222,6220,6221,560.0,995319,542.0,1301,536.0,1303
6223,6221,6222,542.0,931549,536.0,1303,519.0,96
6224,6222,6223,536.0,932853,519.0,96,517.0,1931
6225,6223,6224,519.0,930344,517.0,1931,491.0,227
6226,6224,6225,526.0,932275,491.0,227,473.0,307
6227,6225,6226,491.0,870459,473.0,307,450.0,2913
6228,6226,6227,473.0,930555,450.0,2913,383.0,221
6229,6227,6228,473.0,933468,383.0,221,383.0,458
6230,6228,6229,383.0,934313,383.0,458,383.0,458
6231,6229,6230,383.0,934771,383.0,458,383.0,458
6232,6230,6231,383.0,935229,383.0,458,412.0,458
6233,6231,6232,383.0,935687,412.0,458,383.0,458
6234,6232,6233,383.0,936146,383.0,458,383.0,458
6235,6233,6234,383.0,936604,383.0,458,383.0,458
6236,6234,6235,383.0,937062,383.0,458,367.0,43
6237,6235,6236,383.0,937520,367.0,43,367.0,468
6238,6236,6237,367.0,934135,367.0,468,367.0,468
6239,6237,6238,367.0,934603,367.0,468,402.0,467
6240,6238,6239,367.0,935071,402.0,467,367.0,468
6241,6239,6240,367.0,935539,367.0,468,367.0,468
6242,6240,6241,367.0,936007,367.0,468,367.0,468
6243,6241,6242,367.0,936475,367.0,468,367.0,468
6244,6242,6243,367.0,936943,367.0,468,367.0,468
6245,6243,6244,367.0,937411,367.0,468,560.0,1166
6246,6244,6245,367.0,937879,560.0,1166,541.0,479
6247,6245,6246,560.0,996494,541.0,479,536.0,1303
6248,6246,6247,541.0,934571,536.0,1303,534.0,1303
6249,6247,6248,536.0,935875,534.0,1303,526.0,809
6250,6248,6249,544.0,937178,526.0,809,524.0,1931
6251,6249,6250,526.0,934901,524.0,1931,491.0,1620
6252,6250,6251,524.0,936833,491.0,1620,454.0,1384
6253,6251,6252,491.0,875448,454.0,1384,391.0,1971
6254,6252,6253,454.0,935476,391.0,1971,383.0,390
6255,6253,6254,391.0,939907,383.0,390,383.0,458
6256,6254,6255,383.0,938326,383.0,458,412.0,458
6257,6255,6256,383.0,938784,412.0,458,383.0,458
6258,6256,6257,383.0,939243,383.0,458,383.0,458
6259,6257,6258,383.0,939701,383.0,458,383.0,458
6260,6258,6259,383.0,940159,383.0,458,383.0,458
6261,6259,6260,383.0,940617,383.0,458,372.0,8
6262,6260,6261,383.0,941075,372.0,8,367.0,216
6263,6261,6262,378.0,15186,367.0,216,357.0,8
6264,6262,6263,367.0,938152,357.0,8,367.0,468
6265,6263,6264,362.0,15139,367.0,468,367.0,468
6266,6264,6265,367.0,939088,367.0,468,367.0,468
6267,6265,6266,367.0,939556,367.0,468,367.0,468
6268,6266,6267,367.0,940024,367.0,468,367.0,468
6269,6267,6268,367.0,940492,367.0,468,367.0,468
6270,6268,6269,367.0,940960,367.0,468,348.0,1522
6271,6269,6270,367.0,941428,348.0,1522,560.0,2878
6272,6270,6271,348.0,939458,560.0,2878,536.0,961
6273,6271,6272,560.0,1002302,536.0,961,534.0,1303
6274,6272,6273,536.0,938897,534.0,1303,542.0,1303
6275,6273,6274,544.0,940200,542.0,1303,524.0,1523
6276,6274,6275,542.0,941504,524.0,1523,522.0,1931
6277,6275,6276,524.0,939459,522.0,1931,491.0,3012
6278,6276,6277,522.0,941391,491.0,3012,462.0,2460
6279,6277,6278,491.0,880436,462.0,2460,383.0,101
6280,6278,6279,462.0,940396,383.0,101,372.0,8
6281,6279,6280,383.0,941881,372.0,8,412.0,458
6282,6280,6281,378.0,15199,412.0,458,383.0,458
6283,6281,6282,383.0,942798,383.0,458,383.0,458
6284,6282,6283,383.0,943256,383.0,458,383.0,458
6285,6283,6284,383.0,943714,383.0,458,383.0,458
6286,6284,6285,383.0,944172,383.0,458,412.0,458
6287,6285,6286,383.0,944630,412.0,458,383.0,458
6288,6286,6287,383.0,945089,383.0,458,367.0,389
6289,6287,6288,383.0,945547,367.0,389,367.0,468
6290,6288,6289,367.0,942169,367.0,468,367.0,468
6291,6289,6290,367.0,942637,367.0,468,367.0,468
6292,6290,6291,367.0,943105,367.0,468,367.0,468
6293,6291,6292,367.0,943573,367.0,468,357.0,8
6294,6292,6293,367.0,944041,357.0,8,367.0,468
6295,6293,6294,362.0,15234,367.0,468,367.0,468
6296,6294,6295,367.0,944977,367.0,468,348.0,3786
6297,6295,6296,367.0,945445,348.0,3786,536.0,139
6298,6296,6297,348.0,945566,536.0,139,534.0,1303
6299,6297,6298,536.0,941919,534.0,1303,542.0,1303
6300,6298,6299,544.0,943222,542.0,1303,526.0,305
6301,6299,6300,542.0,944526,526.0,305,522.0,1931
6302,6300,6301,526.0,942085,522.0,1931,491.0,636
6303,6301,6302,522.0,944017,491.0,636,473.0,623
6304,6302,6303,491.0,881656,473.0,623,450.0,2913
6305,6303,6304,473.0,942403,450.0,2913,383.0,270
6306,6304,6305,473.0,945316,383.0,270,412.0,458
6307,6305,6306,383.0,945894,412.0,458,383.0,458
6308,6306,6307,383.0,946353,383.0,458,383.0,458
6309,6307,6308,383.0,946811,383.0,458,383.0,458
6310,6308,6309,383.0,947269,383.0,458,412.0,458
6311,6309,6310,383.0,947727,412.0,458,383.0,458
6312,6310,6311,383.0,948186,383.0,458,383.0,458
6313,6311,6312,383.0,948644,383.0,458,367.0,94
6314,6312,6313,383.0,949102,367.0,94,357.0,8
6315,6313,6314,367.0,945718,357.0,8,367.0,468
6316,6314,6315,362.0,15261,367.0,468,367.0,468
6317,6315,6316,367.0,946654,367.0,468,367.0,468
6318,6316,6317,367.0,947122,367.0,468,367.0,468
6319,6317,6318,367.0,947590,367.0,468,367.0,468
6320,6318,6319,367.0,948058,367.0,468,367.0,468
6321,6319,6320,367.0,948526,367.0,468,367.0,468
6322,6320,6321,367.0,948994,367.0,468,560.0,1668
6323,6321,6322,367.0,949462,560.0,1668,544.0,620
6324,6322,6323,560.0,1009284,544.0,620,542.0,1303
6325,6323,6324,544.0,946244,542.0,1303,539.0,1303
6326,6324,6325,542.0,947548,539.0,1303,522.0,1019
6327,6325,6326,539.0,948852,522.0,1019,519.0,1931
6328,6326,6327,522.0,946643,519.0,1931,491.0,2029
6329,6327,6328,519.0,948575,491.0,2029,454.0,1700
6330,6328,6329,491.0,886645,454.0,1700,391.0,3347
6331,6329,6330,454.0,947324,391.0,3347,383.0,440
6332,6330,6331,391.0,952815,383.0,440,383.0,458
6333,6331,6332,383.0,949908,383.0,458,383.0,458
6334,6332,6333,383.0,950366,383.0,458,383.0,458
6335,6333,6334,383.0,950824,383.0,458,412.0,458
6336,6334,6335,383.0,951282,412.0,458,372.0,8
6337,6335,6336,383.0,951741,372.0,8,383.0,458
6338,6336,6337,378.0,15358,383.0,458,383.0,458
6339,6337,6338,383.0,952657,383.0,458,367.0,267
6340,6338,6339,383.0,953115,367.0,267,367.0,468
6341,6339,6340,367.0,949735,367.0,468,367.0,468
6342,6340,6341,367.0,950203,367.0,468,367.0,468
6343,6341,6342,367.0,950671,367.0,468,367.0,468
6344,6342,6343,367.0,951139,367.0,468,357.0,8
6345,6343,6344,367.0,951607,357.0,8,367.0,468
6346,6344,6345,362.0,15356,367.0,468,367.0,468
6347,6345,6346,367.0,952543,367.0,468,348.0,2187
6348,6346,6347,367.0,953011,348.0,2187,560.0,3380
6349,6347,6348,348.0,951655,560.0,3380,542.0,1102
6350,6348,6349,560.0,1015092,542.0,1102,539.0,1303
6351,6349,6350,542.0,950570,539.0,1303,534.0,1303
6352,6350,6351,539.0,951874,534.0,1303,519.0,1733
6353,6351,6352,544.0,953177,519.0,1733,517.0,1931
6354,6352,6353,519.0,951201,517.0,1931,491.0,3422
6355,6353,6354,526.0,953132,491.0,3422,468.0,2776
6356,6354,6355,491.0,891634,468.0,2776,383.0,151
6357,6355,6356,468.0,952244,383.0,151,383.0,458
6358,6356,6357,383.0,953463,383.0,458,383.0,458
6359,6357,6358,383.0,953921,383.0,458,412.0,458
6360,6358,6359,383.0,954379,412.0,458,372.0,8
6361,6359,6360,383.0,954838,372.0,8,383.0,458
6362,6360,6361,378.0,15408,383.0,458,383.0,458
6363,6361,6362,383.0,955754,383.0,458,383.0,458
6364,6362,6363,383.0,956212,383.0,458,412.0,458
6365,6363,6364,383.0,956670,412.0,458,367.0,440
6366,6364,6365,383.0,957129,367.0,440,367.0,468
6367,6365,6366,367.0,953752,367.0,468,367.0,468
6368,6366,6367,367.0,954220,367.0,468,367.0,468
6369,6367,6368,367.0,954688,367.0,468,367.0,468
6370,6368,6369,367.0,955156,367.0,468,367.0,468
6371,6369,6370,367.0,955624,367.0,468,367.0,468
6372,6370,6371,367.0,956092,367.0,468,367.0,467
6373,6371,6372,367.0,956560,367.0,467,560.0,459
6374,6372,6373,367.0,957027,560.0,459,542.0,280
6375,6373,6374,560.0,1016267,542.0,280,539.0,1303
6376,6374,6375,542.0,953592,539.0,1303,534.0,1303
6377,6375,6376,539.0,954896,534.0,1303,519.0,515
6378,6376,6377,544.0,956199,519.0,515,517.0,1931
6379,6377,6378,519.0,953827,517.0,1931,502.0,18
6380,6378,6379,526.0,955758,502.0,18,473.0,939
6381,6379,6380,502.0,15394,473.0,939,164.0,1
6382,6380,6381,473.0,954251,164.0,1,383.0,320
6383,6381,6382,165.0,14,383.0,320,383.0,458
6384,6382,6383,383.0,957476,383.0,458,412.0,458
6385,6383,6384,383.0,957934,412.0,458,383.0,458
6386,6384,6385,383.0,958393,383.0,458,383.0,458
6387,6385,6386,383.0,958851,383.0,458,383.0,458
6388,6386,6387,383.0,959309,383.0,458,412.0,458
6389,6387,6388,383.0,959767,412.0,458,383.0,458
6390,6388,6389,383.0,960226,383.0,458,367.0,145
6391,6389,6390,383.0,960684,367.0,145,367.0,468
6392,6390,6391,367.0,957301,367.0,468,367.0,468
6393,6391,6392,367.0,957769,367.0,468,367.0,468
6394,6392,6393,367.0,958237,367.0,468,367.0,468
6395,6393,6394,367.0,958705,367.0,468,367.0,468
6396,6394,6395,367.0,959173,367.0,468,367.0,468
6397,6395,6396,367.0,959641,367.0,468,367.0,467
6398,6396,6397,367.0,960109,367.0,467,348.0,587
6399,6397,6398,367.0,960576,348.0,587,560.0,1404
6400,6398,6399,348.0,957743,560.0,1404,542.0,546
6401,6399,6400,560.0,1021308,542.0,546,539.0,1303
6402,6400,6401,542.0,957702,539.0,1303,534.0,1303
6403,6401,6402,539.0,959006,534.0,1303,519.0,909
6404,6402,6403,544.0,960309,519.0,909,517.0,1931
6405,6403,6404,519.0,958065,517.0,1931,497.0,31
6406,6404,6405,526.0,959996,497.0,31,473.0,1533
6407,6405,6406,497.0,15469,473.0,1533,180.0,1
