region,warmup_rid,start_rid,warmup_bid,warmup_count,start_bid,start_count,end_bid,end_count
0,-1,-1,33.0,0,33.0,0,484.0,732857
1,-1,0,33.0,0,484.0,732857,475.0,71820
2,0,1,484.0,732857,475.0,71820,472.0,470231
3,1,2,475.0,71820,472.0,470231,454.0,34179
4,2,3,472.0,806051,454.0,34179,433.0,464964
5,3,4,454.0,34179,433.0,464964,433.0,464835
6,4,5,433.0,625234,433.0,464835,396.0,432580
7,5,6,433.0,1090069,396.0,432580,396.0,495592
8,6,7,396.0,432580,396.0,495592,366.0,5857
9,7,8,396.0,928172,366.0,5857,321.0,23748
10,8,9,366.0,5857,321.0,23748,321.0,23703
11,9,10,321.0,29481,321.0,23703,366.0,24101
12,10,11,321.0,53184,366.0,24101,319.0,23750
13,11,12,366.0,78181,319.0,23750,319.0,23703
14,12,13,319.0,100673,319.0,23703,366.0,24104
15,13,14,319.0,124376,366.0,24104,321.0,23751
16,14,15,366.0,150504,321.0,23751,321.0,23703
17,15,16,321.0,171864,321.0,23703,366.0,24107
18,16,17,321.0,195567,366.0,24107,321.0,23742
19,17,18,366.0,222827,321.0,23742,343.0,23249
20,18,19,321.0,243045,343.0,23249,338.0,118099
21,19,20,343.0,24117,338.0,118099,321.0,23599
22,20,21,338.0,240319,321.0,23599,343.0,23204
23,21,22,321.0,313840,343.0,23204,338.0,117923
24,22,23,343.0,93760,338.0,117923,321.0,23582
25,23,24,338.0,594203,321.0,23582,344.0,23976
26,24,25,321.0,384635,344.0,23976,319.0,23620
27,25,26,344.0,168744,319.0,23620,319.0,23571
28,26,27,319.0,431860,319.0,23571,344.0,23939
29,27,28,319.0,455431,344.0,23939,321.0,23440
30,28,29,344.0,240643,321.0,23440,317.0,23779
31,29,30,321.0,502492,317.0,23779,311.0,116929
32,30,31,317.0,42275,311.0,116929,321.0,23402
33,31,32,311.0,324829,321.0,23402,316.0,23033
34,32,33,321.0,572762,316.0,23033,311.0,117180
35,33,34,316.0,110081,311.0,117180,321.0,23427
36,34,35,311.0,676305,321.0,23427,319.0,23396
37,35,36,321.0,643032,319.0,23396,317.0,23800
38,36,37,319.0,666428,317.0,23800,311.0,117025
39,37,38,317.0,208824,311.0,117025,295.0,851540
40,38,39,311.0,1144555,295.0,851540,484.0,381675
41,39,40,295.0,851540,484.0,381675,472.0,254070
42,40,41,484.0,1692395,472.0,254070,475.0,100524
43,41,42,472.0,1368830,475.0,100524,433.0,78865
44,42,43,475.0,393226,433.0,78865,454.0,99443
45,43,44,433.0,1193625,454.0,99443,454.0,99427
46,44,45,454.0,354697,454.0,99427,417.0,77018
47,45,46,454.0,454124,417.0,77018,417.0,99126
48,46,47,417.0,315346,417.0,99126,321.0,1624
49,47,48,417.0,414472,321.0,1624,321.0,23703
50,48,49,321.0,728140,321.0,23703,366.0,24076
51,49,50,321.0,751843,366.0,24076,319.0,23739
52,50,51,366.0,295884,319.0,23739,319.0,23703
53,51,52,319.0,799332,319.0,23703,366.0,24080
54,52,53,319.0,823035,366.0,24080,319.0,23741
55,53,54,366.0,368208,319.0,23741,319.0,23703
56,54,55,319.0,870524,319.0,23703,366.0,24084
57,55,56,319.0,894227,366.0,24084,321.0,23742
58,56,57,366.0,440532,321.0,23742,321.0,23703
59,57,58,321.0,941715,321.0,23703,343.0,20069
60,58,59,321.0,965418,343.0,20069,338.0,118028
61,59,60,343.0,258397,338.0,118028,321.0,23592
62,60,61,338.0,1430633,321.0,23592,344.0,23998
63,61,62,321.0,1036254,344.0,23998,338.0,117851
64,62,63,344.0,338686,338.0,117851,321.0,23575
65,63,64,338.0,1784516,321.0,23575,344.0,23961
66,64,65,321.0,1107049,344.0,23961,320.0,23613
67,65,66,344.0,410585,320.0,23613,343.0,23241
68,66,67,320.0,1154274,343.0,23241,338.0,118067
69,67,68,343.0,444221,338.0,118067,311.0,70323
70,68,69,338.0,2374727,311.0,70323,319.0,23404
71,69,70,311.0,1281183,319.0,23404,316.0,23037
72,70,71,319.0,1248376,316.0,23037,317.0,23748
73,71,72,316.0,298317,317.0,23748,320.0,23429
74,72,73,317.0,331716,320.0,23429,321.0,23396
75,73,74,320.0,1318646,321.0,23396,317.0,23803
76,74,75,321.0,1342041,317.0,23803,311.0,117038
77,75,76,317.0,403131,311.0,117038,320.0,23413
78,76,77,311.0,2100908,320.0,23413,316.0,23061
79,77,78,320.0,1412311,316.0,23061,295.0,511455
80,78,79,316.0,459665,295.0,511455,484.0,30509
81,79,80,295.0,1703095,484.0,30509,475.0,36898
82,80,81,484.0,2651949,475.0,36898,472.0,470117
83,81,82,475.0,513554,472.0,470117,475.0,100523
84,82,83,472.0,2872187,475.0,100523,433.0,463741
85,83,84,475.0,714633,433.0,463741,433.0,464835
86,84,85,433.0,2693261,433.0,464835,417.0,59819
87,85,86,433.0,3158096,417.0,59819,417.0,99126
88,86,87,417.0,536475,417.0,99126,381.0,156784
89,87,88,417.0,635601,381.0,156784,360.0,106090
90,88,89,381.0,633440,360.0,106090,321.0,23727
91,89,90,360.0,2527810,321.0,23727,365.0,23351
92,90,91,321.0,1497990,365.0,23351,360.0,118708
93,91,92,365.0,544275,360.0,118708,319.0,23729
94,92,93,360.0,2883778,319.0,23729,365.0,23355
95,93,94,319.0,1569182,365.0,23355,360.0,118724
96,94,95,365.0,614339,360.0,118724,321.0,23730
97,95,96,360.0,3239744,321.0,23730,365.0,23359
98,96,97,321.0,1640373,365.0,23359,360.0,118740
99,97,98,365.0,684403,360.0,118740,343.0,16018
100,98,99,360.0,3595710,343.0,16018,338.0,117947
101,99,100,343.0,492674,338.0,117947,319.0,23585
102,100,101,338.0,2620937,319.0,23585,344.0,23982
103,101,102,319.0,1758668,344.0,23982,321.0,23622
104,102,103,344.0,580526,321.0,23622,320.0,23571
105,103,104,321.0,1805892,320.0,23571,344.0,23944
106,104,105,320.0,1829463,344.0,23944,321.0,23605
107,105,106,344.0,652424,321.0,23605,343.0,23220
108,106,107,321.0,1876687,343.0,23220,338.0,117986
109,107,108,343.0,678498,338.0,117986,316.0,9895
110,108,109,338.0,3565031,316.0,9895,317.0,23749
111,109,110,316.0,486551,317.0,23749,319.0,23430
112,110,111,317.0,526021,319.0,23430,321.0,23396
113,111,112,319.0,1994259,321.0,23396,317.0,23806
114,112,113,321.0,2017654,317.0,23806,311.0,117052
115,113,114,317.0,597438,311.0,117052,319.0,23415
116,114,115,311.0,3057262,319.0,23415,321.0,23396
117,115,116,319.0,2087925,321.0,23396,317.0,23772
118,116,117,321.0,2111320,317.0,23772,311.0,116898
119,117,118,317.0,692572,311.0,116898,295.0,171403
120,118,119,311.0,3525513,295.0,171403,488.0,196965
121,119,120,295.0,2554683,488.0,196965,475.0,19462
122,120,121,488.0,983397,475.0,19462,475.0,100518
123,121,122,475.0,734446,475.0,100518,472.0,470131
124,122,123,475.0,834964,472.0,470131,433.0,382239
125,123,124,472.0,4375561,433.0,382239,454.0,99428
126,124,125,433.0,3726519,454.0,99428,396.0,174446
127,125,126,454.0,896252,396.0,174446,396.0,495592
128,126,127,396.0,3518726,396.0,495592,381.0,22489
129,127,128,396.0,4014318,381.0,22489,319.0,17102
130,128,129,381.0,737473,319.0,17102,365.0,23323
131,129,130,319.0,2196650,365.0,23323,360.0,118596
132,130,131,365.0,755171,360.0,118596,321.0,23718
133,131,132,360.0,3955296,321.0,23718,365.0,23327
134,132,133,321.0,2267841,365.0,23327,360.0,118612
135,133,134,365.0,825235,360.0,118612,319.0,23720
136,134,135,360.0,4311262,319.0,23720,365.0,23331
137,135,136,319.0,2339033,365.0,23331,360.0,118628
138,136,137,365.0,895299,360.0,118628,321.0,23721
139,137,138,360.0,4667228,321.0,23721,343.0,11969
140,138,139,321.0,2410224,343.0,11969,338.0,117872
141,139,140,343.0,726953,338.0,117872,321.0,23577
142,140,141,338.0,3811247,321.0,23577,344.0,23965
143,141,142,321.0,2481081,344.0,23965,319.0,23615
144,142,143,344.0,822365,319.0,23615,343.0,23246
145,143,144,319.0,2528306,343.0,23246,338.0,118087
146,144,145,343.0,843134,338.0,118087,321.0,23598
147,145,146,338.0,4401457,321.0,23598,343.0,23202
148,146,147,321.0,2599101,343.0,23202,338.0,117915
149,147,148,343.0,912778,338.0,117915,319.0,23557
150,148,149,338.0,4755345,319.0,23557,321.0,23396
151,149,150,319.0,2669872,321.0,23396,317.0,23808
152,150,151,321.0,2693267,317.0,23808,311.0,117061
153,151,152,317.0,791744,311.0,117061,321.0,23415
154,152,153,311.0,4013611,321.0,23415,319.0,23396
155,153,154,321.0,2763537,319.0,23396,317.0,23774
156,154,155,319.0,2786933,317.0,23774,311.0,116907
157,155,156,317.0,886878,311.0,116907,320.0,23400
158,156,157,311.0,4481862,320.0,23400,316.0,23027
159,157,158,320.0,2857203,316.0,23027,311.0,117157
160,158,159,316.0,928289,311.0,117157,488.0,125576
161,159,160,311.0,4833337,488.0,125576,472.0,9259
162,160,161,488.0,1174152,472.0,9259,475.0,100557
163,161,162,472.0,4468299,475.0,100557,475.0,100518
164,162,163,475.0,1055853,475.0,100518,454.0,64546
165,163,164,475.0,1156371,454.0,64546,432.0,92973
166,164,165,454.0,1017858,432.0,92973,417.0,25385
167,165,166,432.0,1045231,417.0,25385,417.0,99126
168,166,167,417.0,978697,417.0,99126,417.0,99126
169,167,168,417.0,1077823,417.0,99126,366.0,13235
170,168,169,417.0,1176949,366.0,13235,360.0,118489
171,169,170,366.0,997299,360.0,118489,321.0,23708
172,170,171,360.0,5026819,321.0,23708,366.0,24118
173,171,172,321.0,2966501,366.0,24118,360.0,118503
174,172,173,366.0,1069622,360.0,118503,319.0,23710
175,173,174,360.0,5382783,319.0,23710,366.0,24122
176,174,175,319.0,3037693,366.0,24122,360.0,118522
177,175,176,366.0,1141946,360.0,118522,321.0,23711
178,176,177,360.0,5738752,321.0,23711,366.0,24125
179,177,178,321.0,3108884,366.0,24125,344.0,8244
180,178,179,366.0,1214269,344.0,8244,321.0,23625
181,179,180,344.0,992308,321.0,23625,320.0,23571
182,180,181,321.0,3179925,320.0,23571,344.0,23951
183,181,182,320.0,3203496,344.0,23951,319.0,23609
184,182,183,344.0,1064207,319.0,23609,343.0,23230
185,183,184,319.0,3250721,343.0,23230,338.0,118025
186,184,185,343.0,1077416,338.0,118025,321.0,23592
187,185,186,338.0,5591780,321.0,23592,344.0,23998
188,186,187,321.0,3321516,344.0,23998,338.0,117851
189,187,188,344.0,1184126,338.0,117851,316.0,1865
190,188,189,338.0,5945666,316.0,1865,311.0,117081
191,189,190,316.0,955177,311.0,117081,321.0,23417
192,190,191,311.0,4969971,321.0,23417,319.0,23396
193,191,192,321.0,3439151,319.0,23396,317.0,23778
194,192,193,319.0,3462547,317.0,23778,311.0,116925
195,193,194,317.0,1081186,311.0,116925,319.0,23402
196,194,195,311.0,5438220,319.0,23402,316.0,23032
197,195,196,319.0,3532817,316.0,23032,311.0,117176
198,196,197,316.0,1116526,311.0,117176,319.0,23427
199,197,198,311.0,5789696,319.0,23427,321.0,23396
200,198,199,319.0,3603087,321.0,23396,488.0,54195
201,199,200,321.0,3626482,488.0,54195,484.0,999450
202,200,201,488.0,1364915,484.0,999450,472.0,397874
203,201,202,484.0,7553050,472.0,397874,475.0,100559
204,202,203,472.0,5971674,475.0,100559,433.0,220778
205,203,204,475.0,1377263,433.0,220778,454.0,99434
206,204,205,433.0,5794578,454.0,99434,396.0,2208
207,205,206,454.0,1338380,396.0,2208,417.0,99131
208,206,207,396.0,5576008,417.0,99131,417.0,99126
209,207,208,417.0,1298955,417.0,99126,319.0,8878
210,208,209,417.0,1398081,319.0,8878,319.0,23703
211,209,210,319.0,3641458,319.0,23703,366.0,24095
212,210,211,319.0,3665161,366.0,24095,321.0,23747
213,211,212,366.0,1287327,321.0,23747,321.0,23703
214,212,213,321.0,3712649,321.0,23703,366.0,24098
215,213,214,321.0,3736352,366.0,24098,319.0,23749
216,214,215,366.0,1359650,319.0,23749,319.0,23703
217,215,216,319.0,3783841,319.0,23703,366.0,24102
218,216,217,319.0,3807544,366.0,24102,321.0,23750
219,217,218,366.0,1431974,321.0,23750,344.0,4069
220,218,219,321.0,3855032,344.0,4069,321.0,23618
221,219,220,344.0,1234149,321.0,23618,320.0,23571
222,220,221,321.0,3902339,320.0,23571,338.0,118120
223,221,222,320.0,3925910,338.0,118120,321.0,23601
224,222,223,338.0,6428200,321.0,23601,343.0,23210
225,223,224,321.0,3973134,343.0,23210,338.0,117947
226,224,225,343.0,1311694,338.0,117947,319.0,23585
227,225,226,338.0,6782087,319.0,23585,344.0,23982
228,226,227,319.0,4043930,344.0,23982,321.0,23622
229,227,228,344.0,1425966,321.0,23622,320.0,23571
230,228,229,321.0,4091154,320.0,23571,319.0,23435
231,229,230,320.0,4114725,319.0,23435,317.0,23780
232,230,231,319.0,4138160,317.0,23780,311.0,116934
233,231,232,317.0,1275492,311.0,116934,319.0,23403
234,232,233,311.0,6394569,319.0,23403,316.0,23035
235,233,234,319.0,4208430,316.0,23035,317.0,23746
236,234,235,316.0,1304761,317.0,23746,321.0,23428
237,235,236,317.0,1370626,321.0,23428,319.0,23396
238,236,237,321.0,4278700,319.0,23396,317.0,23802
239,237,238,319.0,4302096,317.0,23802,311.0,117034
240,238,239,317.0,1442042,311.0,117034,295.0,1109746
241,239,240,311.0,7214299,295.0,1109746,484.0,648295
242,240,241,295.0,7067946,484.0,648295,475.0,67625
243,241,242,484.0,8512615,475.0,67625,470.0,8106
244,242,243,475.0,1497593,470.0,8106,454.0,30021
245,243,244,470.0,128876,454.0,30021,433.0,464934
246,244,245,454.0,1459989,433.0,464934,433.0,464835
247,245,246,433.0,7294234,433.0,464835,396.0,411928
248,246,247,433.0,7759069,396.0,411928,396.0,495592
249,247,248,396.0,7100488,396.0,495592,365.0,4709
250,248,249,396.0,7596080,365.0,4709,366.0,24071
251,249,250,365.0,1434677,366.0,24071,319.0,23737
252,250,251,366.0,1505031,319.0,23737,319.0,23703
253,251,252,319.0,4411309,319.0,23703,366.0,24075
254,252,253,319.0,4435012,366.0,24075,321.0,23738
255,253,254,366.0,1577355,321.0,23738,321.0,23703
256,254,255,321.0,4482500,321.0,23703,366.0,24078
257,255,256,321.0,4506203,366.0,24078,319.0,23740
258,256,257,366.0,1649678,319.0,23740,319.0,23703
259,257,258,319.0,4553692,319.0,23703,366.0,24082
260,258,259,319.0,4577395,366.0,24082,319.0,23612
261,259,260,366.0,1722002,319.0,23612,343.0,23238
262,260,261,319.0,4624754,343.0,23238,338.0,118056
263,261,262,343.0,1476332,338.0,118056,321.0,23595
264,262,263,338.0,7618521,321.0,23595,343.0,23194
265,263,264,321.0,4695549,343.0,23194,338.0,117884
266,264,265,343.0,1545976,338.0,117884,319.0,23579
267,265,266,338.0,7972409,319.0,23579,344.0,23968
268,266,267,319.0,4766345,344.0,23968,321.0,23616
269,267,268,344.0,1667808,321.0,23616,343.0,23249
270,268,269,321.0,4813569,343.0,23249,311.0,85774
271,269,270,343.0,1662157,311.0,85774,321.0,23405
272,270,271,311.0,7350934,321.0,23405,316.0,23041
273,271,272,321.0,4884044,316.0,23041,317.0,23751
274,272,273,316.0,1492999,317.0,23751,321.0,23430
275,273,274,317.0,1564935,321.0,23430,319.0,23396
276,274,275,321.0,4954314,319.0,23396,317.0,23807
277,275,276,319.0,4977710,317.0,23807,311.0,117057
278,276,277,317.0,1636351,311.0,117057,314.0,23043
279,277,278,311.0,8170662,314.0,23043,321.0,23396
280,278,279,314.0,1631261,321.0,23396,295.0,769705
281,279,280,321.0,5071375,295.0,769705,484.0,297174
282,280,281,295.0,7919545,484.0,297174,472.0,234535
283,281,282,484.0,9472214,472.0,234535,475.0,100550
284,282,283,472.0,8037855,475.0,100550,433.0,59340
285,283,284,475.0,1819004,433.0,59340,454.0,99444
286,284,285,433.0,7862660,454.0,99444,454.0,99427
287,285,286,454.0,1780512,454.0,99427,417.0,72885
288,286,287,454.0,1879939,417.0,72885,417.0,99126
289,287,288,417.0,1741181,417.0,99126,360.0,3088
290,288,289,417.0,1840307,360.0,3088,319.0,23728
291,289,290,360.0,8479108,319.0,23728,365.0,23352
292,290,291,319.0,5109970,365.0,23352,360.0,118712
293,291,292,365.0,1715642,360.0,118712,321.0,23729
294,292,293,360.0,8835077,321.0,23729,365.0,23356
295,293,294,321.0,5181161,365.0,23356,360.0,118728
296,294,295,365.0,1785706,360.0,118728,319.0,23731
297,295,296,360.0,9191043,319.0,23731,365.0,23360
298,296,297,319.0,5252353,365.0,23360,360.0,118744
299,297,298,365.0,1855770,360.0,118744,321.0,23732
300,298,299,360.0,9547009,321.0,23732,319.0,23625
301,299,300,321.0,5323544,319.0,23625,343.0,23222
302,300,301,319.0,5347169,343.0,23222,338.0,117993
303,301,302,343.0,1710614,338.0,117993,320.0,23589
304,302,303,338.0,8808843,320.0,23589,344.0,23991
305,303,304,320.0,5417964,344.0,23991,338.0,117818
306,304,305,344.0,1837751,338.0,117818,320.0,23572
307,305,306,338.0,9162728,320.0,23572,344.0,23953
308,306,307,320.0,5488759,344.0,23953,319.0,23610
309,307,308,344.0,1909649,319.0,23610,343.0,23232
310,308,309,319.0,5535984,343.0,23232,316.0,12940
311,309,310,343.0,1896438,316.0,12940,317.0,23755
312,310,311,316.0,1681236,317.0,23755,321.0,23432
313,311,312,317.0,1759243,321.0,23432,319.0,23396
314,312,313,321.0,5629928,319.0,23396,316.0,23005
315,313,314,319.0,5653324,316.0,23005,311.0,117073
316,314,315,316.0,1773389,311.0,117073,319.0,23417
317,315,316,311.0,9127018,319.0,23417,321.0,23396
318,316,317,319.0,5723594,321.0,23396,317.0,23777
319,317,318,321.0,5746989,317.0,23777,311.0,116920
320,318,319,317.0,1925793,311.0,116920,295.0,429656
321,319,320,311.0,9595270,295.0,429656,488.0,251176
322,320,321,295.0,8771136,488.0,251176,475.0,32711
323,321,322,488.0,2348328,475.0,32711,472.0,470324
324,322,323,475.0,1939335,472.0,470324,475.0,100552
325,323,324,472.0,9541234,475.0,100552,454.0,94923
326,324,325,475.0,2140414,454.0,94923,433.0,464843
327,325,326,454.0,2001547,433.0,464843,396.0,239718
328,326,327,433.0,9827153,396.0,239718,417.0,99137
329,327,328,396.0,9157798,417.0,99137,381.0,124476
330,328,329,417.0,2061437,381.0,124476,365.0,19912
331,329,330,381.0,2031100,365.0,19912,360.0,118592
332,330,331,365.0,1926536,360.0,118592,319.0,23718
333,331,332,360.0,9906587,319.0,23718,365.0,23326
334,332,333,319.0,5879820,365.0,23326,360.0,118608
335,333,334,365.0,1996600,360.0,118608,319.0,23720
336,334,335,360.0,10262553,319.0,23720,365.0,23331
337,335,336,319.0,5951012,365.0,23331,360.0,118628
338,336,337,365.0,2066665,360.0,118628,321.0,23721
339,337,338,360.0,10618523,321.0,23721,365.0,23335
340,338,339,321.0,6022203,365.0,23335,319.0,23662
341,339,340,365.0,2136729,319.0,23662,343.0,23203
342,340,341,319.0,6069583,343.0,23203,338.0,117919
343,341,342,343.0,1944893,338.0,117919,319.0,23582
344,342,343,338.0,9999154,319.0,23582,344.0,23975
345,343,344,319.0,6140378,344.0,23975,321.0,23619
346,344,345,344.0,2079591,321.0,23619,320.0,23571
347,345,346,321.0,6187602,320.0,23571,344.0,23937
348,346,347,320.0,6211173,344.0,23937,321.0,23602
349,347,348,344.0,2151489,321.0,23602,343.0,23212
350,348,349,321.0,6258397,343.0,23212,321.0,23559
351,349,350,343.0,2130716,321.0,23559,319.0,23396
352,350,351,321.0,6305541,319.0,23396,316.0,23008
353,351,352,319.0,6328937,316.0,23008,311.0,117085
354,352,353,316.0,1961624,311.0,117085,319.0,23418
355,353,354,311.0,10083370,319.0,23418,321.0,23396
356,354,355,319.0,6399207,321.0,23396,317.0,23779
357,355,356,321.0,6422602,317.0,23779,311.0,116929
358,356,357,317.0,2120099,311.0,116929,321.0,23402
359,357,358,311.0,10551619,321.0,23402,316.0,23033
360,358,359,321.0,6492872,316.0,23033,295.0,89567
361,359,360,316.0,2122973,295.0,89567,488.0,179787
362,360,361,295.0,9622687,488.0,179787,472.0,71183
363,361,362,488.0,2539083,472.0,71183,475.0,100538
364,362,363,472.0,10104023,475.0,100538,472.0,470317
365,363,364,475.0,2260742,472.0,470317,433.0,362714
366,364,365,472.0,11044587,433.0,362714,454.0,99429
367,365,366,433.0,10395554,454.0,99429,417.0,38450
368,366,367,454.0,2322067,417.0,38450,396.0,495669
369,367,368,417.0,2183402,396.0,495669,417.0,99415
370,368,369,396.0,10682269,417.0,99415,360.0,80366
371,369,370,417.0,2381945,360.0,80366,319.0,23708
372,370,371,360.0,10978106,319.0,23708,366.0,24117
373,371,372,319.0,6578480,366.0,24117,360.0,118498
374,372,373,366.0,2278773,360.0,118498,321.0,23709
375,373,374,360.0,11334073,321.0,23709,366.0,24121
376,374,375,321.0,6649671,366.0,24121,360.0,118517
377,375,376,366.0,2351097,360.0,118517,319.0,23711
378,376,377,360.0,11690042,319.0,23711,366.0,24124
379,377,378,319.0,6720863,366.0,24124,360.0,118531
380,378,379,366.0,2423420,360.0,118531,321.0,23654
381,379,380,360.0,12046006,321.0,23654,344.0,23996
382,380,381,321.0,6791996,344.0,23996,338.0,117841
383,381,382,344.0,2249532,338.0,117841,321.0,23574
384,382,383,338.0,11189461,321.0,23574,344.0,23958
385,383,384,321.0,6862791,344.0,23958,319.0,23612
386,384,385,344.0,2321430,319.0,23612,343.0,23238
387,385,386,319.0,6910016,343.0,23238,338.0,118056
388,386,387,343.0,2295352,338.0,118056,321.0,23595
389,387,388,338.0,11779671,321.0,23595,343.0,23194
390,388,389,321.0,6980811,343.0,23194,316.0,4907
391,389,390,343.0,2364996,316.0,4907,311.0,117096
392,390,391,316.0,2149859,311.0,117096,319.0,23419
393,391,392,311.0,11039721,319.0,23419,321.0,23396
394,392,393,319.0,7074820,321.0,23396,317.0,23781
395,393,394,321.0,7098215,317.0,23781,311.0,116939
396,394,395,317.0,2314405,311.0,116939,321.0,23403
397,395,396,311.0,11507969,321.0,23403,316.0,23036
398,396,397,321.0,7168485,316.0,23036,317.0,23747
399,397,398,316.0,2311208,317.0,23747,319.0,23429
400,398,399,317.0,2409539,319.0,23429,321.0,23396
401,399,400,319.0,7238756,321.0,23396,488.0,108404
402,400,401,321.0,7262151,488.0,108404,484.0,1266109
403,401,402,488.0,2729844,484.0,1266109,472.0,459792
404,402,403,484.0,14373309,472.0,459792,475.0,100539
405,403,404,472.0,11607392,475.0,100539,454.0,60395
406,404,405,475.0,2582151,454.0,60395,433.0,464888
407,405,406,454.0,2443675,433.0,464888,417.0,21253
408,406,407,433.0,11895208,417.0,21253,417.0,99126
409,407,408,417.0,2404533,417.0,99126,417.0,99126
410,408,409,417.0,2503659,417.0,99126,321.0,11979
411,409,410,417.0,2602785,321.0,11979,366.0,24094
412,410,411,321.0,7277139,366.0,24094,319.0,23747
413,411,412,366.0,2496478,319.0,23747,319.0,23703
414,412,413,319.0,7324628,319.0,23703,366.0,24097
415,413,414,319.0,7348331,366.0,24097,321.0,23748
416,414,415,366.0,2568801,321.0,23748,321.0,23703
417,415,416,321.0,7395819,321.0,23703,366.0,24101
418,416,417,321.0,7419522,366.0,24101,319.0,23750
419,417,418,366.0,2641125,319.0,23750,319.0,23703
420,418,419,319.0,7467011,319.0,23703,319.0,23697
421,419,420,319.0,7490714,319.0,23697,344.0,23982
422,420,421,319.0,7514411,344.0,23982,321.0,23622
423,421,422,344.0,2491374,321.0,23622,320.0,23571
424,422,423,321.0,7561635,320.0,23571,344.0,23944
425,423,424,320.0,7585206,344.0,23944,321.0,23605
426,424,425,344.0,2563272,321.0,23605,343.0,23220
427,425,426,321.0,7632430,343.0,23220,338.0,117986
428,426,427,343.0,2529632,338.0,117986,321.0,23588
429,427,428,338.0,12969986,321.0,23588,344.0,23990
430,428,429,321.0,7703225,344.0,23990,319.0,23610
431,429,430,344.0,2683190,319.0,23610,321.0,23396
432,430,431,319.0,7750434,321.0,23396,317.0,23786
433,431,432,321.0,7773829,317.0,23786,311.0,116961
434,432,433,317.0,2508714,311.0,116961,321.0,23405
435,433,434,311.0,12464331,321.0,23405,316.0,23041
436,434,435,321.0,7844099,316.0,23041,317.0,23751
437,435,436,316.0,2499445,317.0,23751,321.0,23430
438,436,437,317.0,2603847,321.0,23430,319.0,23396
439,437,438,321.0,7914369,319.0,23396,317.0,23807
440,438,439,319.0,7937765,317.0,23807,311.0,117057
441,439,440,317.0,2675263,311.0,117057,488.0,37021
442,440,441,311.0,13284057,488.0,37021,484.0,914969
443,441,442,488.0,2920605,484.0,914969,475.0,80874
444,442,443,484.0,15332889,475.0,80874,472.0,470245
445,443,444,475.0,2702482,472.0,470245,433.0,201267
446,444,445,472.0,13110765,433.0,201267,454.0,99437
447,445,446,433.0,12463627,454.0,99437,417.0,3911
448,446,447,454.0,2764197,417.0,3911,396.0,477206
449,447,448,417.0,2625519,396.0,477206,396.0,495592
450,448,449,396.0,12739566,396.0,495592,366.0,8007
451,449,450,396.0,13235158,366.0,8007,319.0,23737
452,450,451,366.0,2714183,319.0,23737,319.0,23703
453,451,452,319.0,8023288,319.0,23703,366.0,24075
454,452,453,319.0,8046991,366.0,24075,321.0,23738
455,453,454,366.0,2786507,321.0,23738,321.0,23703
456,454,455,321.0,8094479,321.0,23703,366.0,24078
457,455,456,321.0,8118182,366.0,24078,319.0,23740
458,456,457,366.0,2858830,319.0,23740,319.0,23703
459,457,458,319.0,8165671,319.0,23703,366.0,24082
460,458,459,319.0,8189374,366.0,24082,321.0,23704
461,459,460,366.0,2931154,321.0,23704,344.0,23967
462,460,461,321.0,8236825,344.0,23967,319.0,23616
463,461,462,344.0,2733215,319.0,23616,343.0,23248
464,462,463,319.0,8284050,343.0,23248,338.0,118095
465,463,464,343.0,2694270,338.0,118095,319.0,23599
466,464,465,338.0,13806420,319.0,23599,343.0,23203
467,465,466,319.0,8354845,343.0,23203,338.0,117919
468,466,467,343.0,2763913,338.0,117919,319.0,23582
469,467,468,338.0,14160304,319.0,23582,344.0,23975
470,468,469,319.0,8425640,344.0,23975,321.0,23619
471,469,470,344.0,2925031,321.0,23619,311.0,101223
472,470,471,321.0,8472864,311.0,101223,319.0,23407
473,471,472,311.0,13420683,319.0,23407,316.0,23045
474,472,473,319.0,8519713,316.0,23045,317.0,23754
475,473,474,316.0,2687681,317.0,23754,319.0,23432
476,474,475,317.0,2798154,319.0,23432,321.0,23396
477,475,476,319.0,8589983,321.0,23396,316.0,23004
478,476,477,321.0,8613378,316.0,23004,311.0,117070
479,477,478,316.0,2779834,311.0,117070,321.0,23416
480,478,479,311.0,14240410,321.0,23416,319.0,23396
481,479,480,321.0,8683648,319.0,23396,295.0,1027935
482,480,481,319.0,8707044,295.0,1027935,484.0,563818
483,481,482,295.0,14135975,484.0,563818,472.0,296443
484,482,483,484.0,16292458,472.0,296443,475.0,100528
485,483,484,472.0,13673563,475.0,100528,454.0,25868
486,484,485,475.0,3023890,454.0,25868,433.0,464941
487,485,486,454.0,2885804,433.0,464941,433.0,464835
488,486,487,433.0,13963271,433.0,464835,417.0,85945
489,487,488,433.0,14428106,417.0,85945,417.0,99126
490,488,489,417.0,2945881,417.0,99126,319.0,3755
491,489,490,417.0,3045007,319.0,3755,365.0,23347
492,490,491,319.0,8721947,365.0,23347,360.0,118692
493,491,492,365.0,2887003,360.0,118692,321.0,23727
494,492,493,360.0,14786352,321.0,23727,365.0,23351
495,493,494,321.0,8793138,365.0,23351,360.0,118708
496,494,495,365.0,2957067,360.0,118708,319.0,23729
497,495,496,360.0,15142318,319.0,23729,365.0,23355
498,496,497,319.0,8864330,365.0,23355,360.0,118724
499,497,498,365.0,3027131,360.0,118724,321.0,23730
500,498,499,360.0,15498284,321.0,23730,365.0,23359
501,499,500,321.0,8935521,365.0,23359,344.0,22863
502,500,501,365.0,3097195,344.0,22863,319.0,23609
503,501,502,344.0,2975055,319.0,23609,343.0,23230
504,502,503,319.0,9006464,343.0,23230,338.0,118025
505,503,504,343.0,2928550,338.0,118025,321.0,23592
506,504,505,338.0,14996735,321.0,23592,344.0,23998
507,505,506,321.0,9077259,344.0,23998,338.0,117851
508,506,507,344.0,3094974,338.0,117851,321.0,23575
509,507,508,338.0,15350621,321.0,23575,344.0,23961
510,508,509,321.0,9148054,344.0,23961,320.0,23613
511,509,510,344.0,3166873,320.0,23613,316.0,15982
512,510,511,320.0,9195279,316.0,15982,317.0,23758
513,511,512,316.0,2875918,317.0,23758,319.0,23434
514,512,513,317.0,2992462,319.0,23434,321.0,23396
515,513,514,319.0,9265597,321.0,23396,316.0,23009
516,514,515,321.0,9288992,316.0,23009,311.0,117089
517,515,516,316.0,2968071,311.0,117089,321.0,23418
518,516,517,311.0,15196769,321.0,23418,319.0,23396
519,517,518,321.0,9359262,319.0,23396,317.0,23780
520,518,519,319.0,9382658,317.0,23780,311.0,116934
521,519,520,317.0,3159012,311.0,116934,295.0,687880
522,520,521,311.0,15665019,295.0,687880,484.0,212682
523,521,522,295.0,14987560,484.0,212682,475.0,45957
524,522,523,484.0,17252042,475.0,45957,472.0,470167
525,523,524,475.0,3144221,472.0,470167,433.0,39814
526,524,525,472.0,15176937,433.0,39814,454.0,99444
527,525,526,433.0,14531694,454.0,99444,454.0,99407
528,526,527,454.0,3206326,454.0,99407,417.0,68749
529,527,528,454.0,3305733,417.0,68749,417.0,99126
530,528,529,417.0,3167013,417.0,99126,381.0,226453
531,529,530,417.0,3266139,381.0,226453,360.0,116690
532,530,531,381.0,3324717,360.0,116690,319.0,23717
533,531,532,360.0,15857870,319.0,23717,365.0,23323
534,532,533,319.0,9491798,365.0,23323,360.0,118596
535,533,534,365.0,3167963,360.0,118596,321.0,23718
536,534,535,360.0,16213836,321.0,23718,365.0,23327
537,535,536,321.0,9562989,365.0,23327,360.0,118612
538,536,537,365.0,3238027,360.0,118612,319.0,23720
539,537,538,360.0,16569802,319.0,23720,365.0,23331
540,538,539,319.0,9634181,365.0,23331,360.0,118628
541,539,540,365.0,3308091,360.0,118628,338.0,91973
542,540,541,360.0,16925768,338.0,91973,321.0,23601
543,541,542,338.0,15833153,321.0,23601,343.0,23210
544,542,543,321.0,9728877,343.0,23210,338.0,117947
545,543,544,343.0,3162828,338.0,117947,319.0,23585
546,544,545,338.0,16187042,319.0,23585,344.0,23982
547,545,546,319.0,9799673,344.0,23982,321.0,23622
548,546,547,344.0,3336814,321.0,23622,320.0,23571
549,547,548,321.0,9846897,320.0,23571,344.0,23944
550,548,549,320.0,9870468,344.0,23944,321.0,23605
551,549,550,344.0,3408712,321.0,23605,319.0,23518
552,550,551,321.0,9917692,319.0,23518,321.0,23396
553,551,552,319.0,9941210,321.0,23396,316.0,23012
554,552,553,321.0,9964605,316.0,23012,311.0,117100
555,553,554,316.0,3156306,311.0,117100,321.0,23419
556,554,555,311.0,16153120,321.0,23419,319.0,23396
557,555,556,321.0,10034875,319.0,23396,317.0,23782
558,556,557,319.0,10058271,317.0,23782,311.0,116943
559,557,558,317.0,3353318,311.0,116943,319.0,23404
560,558,559,311.0,16621368,319.0,23404,316.0,23037
561,559,560,319.0,10128541,316.0,23037,292.0,69560
562,560,561,316.0,3317655,292.0,69560,488.0,233992
563,561,562,292.0,3167824,488.0,233992,475.0,28519
564,562,563,488.0,3904008,475.0,28519,475.0,100518
565,563,564,475.0,3365111,475.0,100518,472.0,470167
566,564,565,475.0,3465629,472.0,470167,433.0,424698
567,565,566,472.0,16680297,433.0,424698,433.0,464835
568,566,567,433.0,16031338,433.0,464835,396.0,219086
569,567,568,433.0,16496173,396.0,219086,396.0,495592
570,568,569,396.0,15825726,396.0,495592,381.0,92149
571,569,570,396.0,16321318,381.0,92149,319.0,19233
572,570,571,381.0,3428741,319.0,19233,366.0,24113
573,571,572,319.0,10190457,366.0,24113,360.0,118479
574,572,573,366.0,3487921,360.0,118479,321.0,23707
575,573,574,360.0,17285349,321.0,23707,366.0,24116
576,574,575,321.0,10261648,366.0,24116,360.0,118493
577,575,576,366.0,3560244,360.0,118493,319.0,23709
578,576,577,360.0,17641313,319.0,23709,366.0,24120
579,577,578,319.0,10332840,366.0,24120,360.0,118512
580,578,579,366.0,3632568,360.0,118512,319.0,23711
581,579,580,360.0,17997282,319.0,23711,338.0,71426
582,580,581,319.0,10404032,338.0,71426,321.0,23594
583,581,582,338.0,17023466,321.0,23594,343.0,23191
584,582,583,321.0,10451291,343.0,23191,338.0,117872
585,583,584,343.0,3397107,338.0,117872,321.0,23577
586,584,585,338.0,17377352,321.0,23577,344.0,23965
587,585,586,321.0,10522086,344.0,23965,319.0,23615
588,586,587,344.0,3578653,319.0,23615,343.0,23246
589,587,588,319.0,10569311,343.0,23246,338.0,118087
590,588,589,343.0,3513288,338.0,118087,321.0,23598
591,589,590,338.0,17967562,321.0,23598,316.0,7949
592,590,591,321.0,10640106,316.0,7949,311.0,117111
593,591,592,316.0,3344541,311.0,117111,321.0,23420
594,592,593,311.0,17109471,321.0,23420,319.0,23396
595,593,594,321.0,10710488,319.0,23396,317.0,23785
596,594,595,319.0,10733884,317.0,23785,311.0,116957
597,595,596,317.0,3547625,311.0,116957,320.0,23405
598,596,597,311.0,17577722,320.0,23405,316.0,23040
599,597,598,320.0,10804154,316.0,23040,317.0,23750
600,598,599,316.0,3505890,317.0,23750,319.0,23430
601,599,600,317.0,3642758,319.0,23430,295.0,7710
602,600,601,319.0,10874424,295.0,7710,488.0,162604
603,601,602,295.0,16690670,488.0,162604,475.0,11037
604,602,603,488.0,4094764,475.0,11037,475.0,100561
605,603,604,475.0,3585957,475.0,100561,475.0,100518
606,604,605,475.0,3686518,475.0,100518,433.0,343175
607,605,606,475.0,3787036,433.0,343175,454.0,99411
608,606,607,433.0,17064575,454.0,99411,417.0,34314
609,607,608,454.0,3747863,417.0,34314,417.0,99126
610,608,609,417.0,3609234,417.0,99126,406.0,9907
611,609,610,417.0,3708360,406.0,9907,366.0,15386
612,610,611,406.0,298207,366.0,15386,363.0,23368
613,611,612,366.0,3705626,363.0,23368,363.0,23326
614,612,613,363.0,3613168,363.0,23326,366.0,24093
615,613,614,363.0,3636494,366.0,24093,321.0,23746
616,614,615,366.0,3777949,321.0,23746,321.0,23703
617,615,616,321.0,11007796,321.0,23703,366.0,24096
618,616,617,321.0,11031499,366.0,24096,319.0,23748
619,617,618,366.0,3850272,319.0,23748,319.0,23703
620,618,619,319.0,11078988,319.0,23703,366.0,24100
621,619,620,319.0,11102691,366.0,24100,338.0,50877
622,620,621,366.0,3922596,338.0,50877,341.0,23212
623,621,622,338.0,18213777,341.0,23212,344.0,23986
624,622,623,341.0,3608176,344.0,23986,321.0,23624
625,623,624,344.0,3748594,321.0,23624,320.0,23571
626,624,625,321.0,11220929,320.0,23571,344.0,23949
627,625,626,320.0,11244500,344.0,23949,319.0,23608
628,626,627,344.0,3820493,319.0,23608,343.0,23227
629,627,628,319.0,11291725,343.0,23227,338.0,118013
630,628,629,343.0,3747567,338.0,118013,319.0,23591
631,629,630,338.0,19157873,319.0,23591,321.0,23582
632,630,631,319.0,11362520,321.0,23582,319.0,23396
633,631,632,321.0,11386101,319.0,23396,317.0,23787
634,632,633,319.0,11409497,317.0,23787,311.0,116966
635,633,634,317.0,3741931,311.0,116966,319.0,23406
636,634,635,311.0,18534071,319.0,23406,316.0,23043
637,635,636,319.0,11479767,316.0,23043,317.0,23753
638,636,637,316.0,3694125,317.0,23753,321.0,23431
639,637,638,317.0,3837065,321.0,23431,319.0,23396
640,638,639,321.0,11550037,319.0,23396,316.0,23003
641,639,640,319.0,11573433,316.0,23003,311.0,117066
642,640,641,316.0,3786279,311.0,117066,488.0,91222
643,641,642,311.0,19353801,488.0,91222,484.0,1181589
644,642,643,488.0,4285526,484.0,1181589,475.0,94119
645,643,644,484.0,22153109,475.0,94119,475.0,100561
646,644,645,475.0,3907367,475.0,100561,454.0,56241
647,645,646,475.0,4007928,454.0,56241,433.0,464888
648,646,647,454.0,3869489,433.0,464888,396.0,46857
649,647,648,433.0,18564238,396.0,46857,417.0,99132
650,648,649,396.0,17883017,417.0,99132,417.0,99126
651,649,650,417.0,3929492,417.0,99126,363.0,10834
652,650,651,417.0,4028618,363.0,10834,365.0,23371
653,651,652,363.0,3824082,365.0,23371,366.0,24071
654,652,653,365.0,3847469,366.0,24071,319.0,23737
655,653,654,366.0,3995655,319.0,23737,319.0,23703
656,654,655,319.0,11706457,319.0,23703,366.0,24075
657,655,656,319.0,11730160,366.0,24075,321.0,23738
658,656,657,366.0,4067979,321.0,23738,321.0,23703
659,657,658,321.0,11777648,321.0,23703,366.0,24078
660,658,659,321.0,11801351,366.0,24078,319.0,23740
661,659,660,366.0,4140302,319.0,23740,338.0,30339
662,660,661,319.0,11848840,338.0,30339,319.0,23581
663,661,662,338.0,19404099,319.0,23581,344.0,23973
664,662,663,319.0,11896120,344.0,23973,321.0,23618
665,663,664,344.0,3990437,321.0,23618,320.0,23571
666,664,665,321.0,11943344,320.0,23571,338.0,118120
667,665,666,320.0,11966915,338.0,118120,321.0,23601
668,666,667,338.0,19994305,321.0,23601,343.0,23210
669,667,668,321.0,12014139,343.0,23210,338.0,117947
670,668,669,343.0,3981848,338.0,117947,319.0,23585
671,669,670,338.0,20348192,319.0,23585,344.0,23982
672,670,671,319.0,12084935,344.0,23982,311.0,116674
673,671,672,344.0,4182254,311.0,116674,321.0,23408
674,672,673,311.0,19490434,321.0,23408,316.0,23049
675,673,674,321.0,12155381,316.0,23049,317.0,23758
676,674,675,316.0,3882363,317.0,23758,319.0,23434
677,675,676,317.0,4031374,319.0,23434,321.0,23396
678,676,677,319.0,12225652,321.0,23396,316.0,23009
679,677,678,321.0,12249047,316.0,23009,311.0,117089
680,678,679,316.0,3974517,311.0,117089,321.0,23418
681,679,680,311.0,20310164,321.0,23418,319.0,23396
682,680,681,321.0,12319317,319.0,23396,488.0,19845
683,681,682,319.0,12342713,488.0,19845,484.0,830478
684,682,683,488.0,4476293,484.0,830478,475.0,76685
685,683,684,484.0,23112718,475.0,76685,475.0,100518
686,684,685,475.0,4128261,475.0,100518,433.0,181751
687,685,686,475.0,4228779,433.0,181751,454.0,99429
688,686,687,433.0,19132671,454.0,99429,454.0,99417
689,687,688,454.0,4190003,454.0,99417,396.0,456595
690,688,689,454.0,4289420,396.0,456595,396.0,495592
691,689,690,396.0,19407515,396.0,495592,365.0,6791
692,690,691,396.0,19903107,365.0,6791,360.0,118684
693,691,692,365.0,4058367,360.0,118684,319.0,23727
694,692,693,360.0,20737639,319.0,23727,365.0,23349
695,693,694,319.0,12405117,365.0,23349,360.0,118700
696,694,695,365.0,4128431,360.0,118700,321.0,23728
697,695,696,360.0,21093605,321.0,23728,365.0,23353
698,696,697,321.0,12476308,365.0,23353,360.0,118716
699,697,698,365.0,4198495,360.0,118716,319.0,23730
700,698,699,360.0,21449571,319.0,23730,365.0,23357
701,699,700,319.0,12547500,365.0,23357,338.0,9796
702,700,701,365.0,4268559,338.0,9796,321.0,23574
703,701,702,338.0,20594416,321.0,23574,344.0,23958
704,702,703,321.0,12618534,344.0,23958,319.0,23612
705,703,704,344.0,4232278,319.0,23612,343.0,23238
706,704,705,319.0,12665759,343.0,23238,338.0,118056
707,705,706,343.0,4146486,338.0,118056,321.0,23595
708,706,707,338.0,21184626,321.0,23595,343.0,23194
709,707,708,321.0,12736554,343.0,23194,338.0,117884
710,708,709,343.0,4216130,338.0,117884,319.0,23579
711,709,710,338.0,21538514,319.0,23579,344.0,23968
712,710,711,319.0,12807350,344.0,23968,316.0,19025
713,711,712,344.0,4424096,316.0,19025,317.0,23763
714,712,713,316.0,4070601,317.0,23763,319.0,23436
715,713,714,317.0,4225683,319.0,23436,321.0,23396
716,714,715,319.0,12901266,321.0,23396,316.0,23015
717,715,716,321.0,12924661,316.0,23015,311.0,117111
718,716,717,316.0,4162755,311.0,117111,321.0,23420
719,717,718,311.0,21266526,321.0,23420,319.0,23396
720,718,719,321.0,12994931,319.0,23396,317.0,23785
721,719,720,319.0,13018327,317.0,23785,311.0,116957
722,720,721,317.0,4392233,311.0,116957,295.0,946136
723,721,722,311.0,21734777,295.0,946136,484.0,479354
724,722,723,295.0,21204016,484.0,479354,472.0,276930
725,723,724,484.0,24072314,472.0,276930,475.0,100557
726,724,725,472.0,20342610,475.0,100557,454.0,21718
727,725,726,475.0,4449671,454.0,21718,433.0,464972
728,726,727,454.0,4311622,433.0,464972,433.0,464835
729,727,728,433.0,20632332,433.0,464835,417.0,81814
730,728,729,433.0,21097167,417.0,81814,417.0,99126
731,729,730,417.0,4371718,417.0,99126,360.0,13684
732,730,731,417.0,4470844,360.0,13684,319.0,23717
733,731,732,360.0,21809164,319.0,23717,365.0,23323
734,732,733,319.0,13103777,365.0,23323,360.0,118596
735,733,734,365.0,4339329,360.0,118596,321.0,23718
736,734,735,360.0,22165131,321.0,23718,365.0,23327
737,735,736,321.0,13174968,365.0,23327,360.0,118612
738,736,737,365.0,4409393,360.0,118612,319.0,23720
739,737,738,360.0,22521097,319.0,23720,365.0,23331
740,738,739,319.0,13246160,365.0,23331,360.0,118628
741,739,740,365.0,4479457,360.0,118628,321.0,23721
742,740,741,360.0,22877063,321.0,23721,319.0,23598
743,741,742,321.0,13317351,319.0,23598,344.0,23944
744,742,743,319.0,13340949,344.0,23944,321.0,23605
745,743,744,344.0,4474120,321.0,23605,343.0,23220
746,744,745,321.0,13388173,343.0,23220,338.0,117986
747,745,746,343.0,4380766,338.0,117986,321.0,23588
748,746,747,338.0,22374941,321.0,23588,344.0,23990
749,747,748,321.0,13458968,344.0,23990,338.0,117814
750,748,749,344.0,4594038,338.0,117814,319.0,23572
751,749,750,338.0,22728829,319.0,23572,344.0,23953
752,750,751,319.0,13529764,344.0,23953,311.0,75920
753,751,752,344.0,4665937,311.0,75920,321.0,23396
754,752,753,311.0,21871400,321.0,23396,316.0,23017
755,753,754,321.0,13600274,316.0,23017,311.0,117119
756,754,755,316.0,4350989,311.0,117119,321.0,23421
757,755,756,311.0,22222874,321.0,23421,319.0,23396
758,756,757,321.0,13670544,319.0,23396,317.0,23787
759,757,758,319.0,13693940,317.0,23787,311.0,116966
760,758,759,317.0,4586539,311.0,116966,319.0,23406
761,759,760,311.0,22691126,319.0,23406,316.0,23043
762,760,761,319.0,13764210,316.0,23043,295.0,606051
763,761,762,316.0,4512339,295.0,606051,484.0,128187
764,762,763,295.0,22055571,484.0,128187,475.0,41768
765,763,764,484.0,25031867,475.0,41768,472.0,470359
766,764,765,475.0,4570000,472.0,470359,433.0,20296
767,765,766,472.0,21845969,433.0,20296,454.0,99443
768,766,767,433.0,21200736,454.0,99443,454.0,99410
769,767,768,454.0,4632139,454.0,99410,396.0,284365
770,768,769,454.0,4731549,396.0,284365,417.0,99138
771,769,770,396.0,21464805,417.0,99138,381.0,194141
772,770,771,417.0,4691974,381.0,194141,366.0,22769
773,771,772,381.0,4722373,366.0,22769,360.0,118479
774,772,773,366.0,4697073,360.0,118479,321.0,23707
775,773,774,360.0,23236644,321.0,23707,366.0,24116
776,774,775,321.0,13873627,366.0,24116,360.0,118493
777,775,776,366.0,4769396,360.0,118493,319.0,23709
778,776,777,360.0,23592608,319.0,23709,366.0,24120
779,777,778,319.0,13944819,366.0,24120,360.0,118512
780,778,779,366.0,4841720,360.0,118512,319.0,23711
781,779,780,360.0,23948577,319.0,23711,366.0,24124
782,780,781,319.0,14016011,366.0,24124,343.0,17171
783,781,782,366.0,4914044,343.0,17171,338.0,118091
784,782,783,343.0,4545403,338.0,118091,319.0,23599
785,783,784,338.0,23211371,319.0,23599,343.0,23203
786,784,785,319.0,14110588,343.0,23203,338.0,117919
787,785,786,343.0,4615047,338.0,117919,319.0,23582
788,786,787,338.0,23565259,319.0,23582,344.0,23975
789,787,788,319.0,14181383,344.0,23975,321.0,23619
790,788,789,344.0,4835879,321.0,23619,320.0,23571
791,789,790,321.0,14228607,320.0,23571,344.0,23937
792,790,791,320.0,14252178,344.0,23937,316.0,10993
793,791,792,344.0,4907777,316.0,10993,311.0,117134
794,792,793,316.0,4539225,311.0,117134,319.0,23423
795,793,794,311.0,23179229,319.0,23423,321.0,23396
796,794,795,319.0,14346158,321.0,23396,317.0,23790
797,795,796,321.0,14369553,317.0,23790,311.0,116979
798,796,797,317.0,4780846,311.0,116979,321.0,23407
799,797,798,311.0,23647479,321.0,23407,316.0,23046
800,798,799,321.0,14439823,316.0,23046,317.0,23755
801,799,800,316.0,4700574,317.0,23755,321.0,23432
802,800,801,317.0,4875979,321.0,23432,295.0,265972
803,801,802,321.0,14510093,295.0,265972,488.0,216817
804,802,803,295.0,22907132,488.0,216817,472.0,113563
805,803,804,488.0,5459697,472.0,113563,475.0,100544
806,804,805,472.0,22408763,475.0,100544,472.0,470359
807,805,806,475.0,4891408,472.0,470359,454.0,86616
808,806,807,472.0,23349329,454.0,86616,433.0,464850
809,807,808,454.0,4853176,433.0,464850,417.0,47379
810,808,809,433.0,23165220,417.0,47379,396.0,495676
811,809,810,417.0,4813939,396.0,495676,381.0,59842
812,810,811,396.0,22989276,381.0,59842,319.0,18264
813,811,812,381.0,4826402,319.0,18264,319.0,23703
814,812,813,319.0,14548584,319.0,23703,366.0,24093
815,813,814,319.0,14572287,366.0,24093,321.0,23746
816,814,815,366.0,4987101,321.0,23746,321.0,23703
817,815,816,321.0,14619775,321.0,23703,366.0,24096
818,816,817,321.0,14643478,366.0,24096,319.0,23748
819,817,818,366.0,5059424,319.0,23748,319.0,23703
820,818,819,319.0,14690967,319.0,23703,366.0,24100
821,819,820,319.0,14714670,366.0,24100,319.0,23750
822,820,821,366.0,5131748,319.0,23750,343.0,13123
823,821,822,319.0,14762159,343.0,13123,338.0,118021
824,822,823,343.0,4779683,338.0,118021,319.0,23592
825,823,824,338.0,24401686,319.0,23592,344.0,23997
826,824,825,319.0,14833002,344.0,23997,338.0,117846
827,825,826,344.0,5005821,338.0,117846,319.0,23575
828,826,827,338.0,24755571,319.0,23575,344.0,23960
829,827,828,319.0,14903797,344.0,23960,319.0,23613
830,828,829,344.0,5077720,319.0,23613,343.0,23240
831,829,830,319.0,14951022,343.0,23240,338.0,118064
832,830,831,343.0,4965508,338.0,118064,319.0,23551
833,831,832,338.0,25345784,319.0,23551,321.0,23396
834,832,833,319.0,15021772,321.0,23396,317.0,23794
835,833,834,321.0,15045167,317.0,23794,311.0,116998
836,834,835,317.0,4975154,311.0,116998,321.0,23409
837,835,836,311.0,24603838,321.0,23409,316.0,23052
838,836,837,321.0,15115437,316.0,23052,317.0,23760
839,837,838,316.0,4888812,317.0,23760,319.0,23435
840,838,839,317.0,5070288,319.0,23435,321.0,23396
841,839,840,319.0,15185708,321.0,23396,316.0,23012
842,840,841,321.0,15209103,316.0,23012,311.0,117100
843,841,842,316.0,4980966,311.0,117100,488.0,145441
844,842,843,311.0,25423570,488.0,145441,475.0,6853
845,843,844,488.0,5650465,475.0,6853,472.0,470295
846,844,845,475.0,5011741,472.0,470295,475.0,100548
847,845,846,472.0,23912155,475.0,100548,433.0,323694
848,846,847,475.0,5212820,433.0,323694,454.0,99414
849,847,848,433.0,23733654,454.0,99414,417.0,30185
850,848,849,454.0,5173680,417.0,30185,417.0,99126
851,849,850,417.0,5035073,417.0,99126,417.0,99126
852,850,851,417.0,5134199,417.0,99126,365.0,13948
853,851,852,417.0,5233325,365.0,13948,366.0,24072
854,852,853,365.0,5018836,366.0,24072,319.0,23737
855,853,854,366.0,5204808,319.0,23737,319.0,23703
856,854,855,319.0,15318436,319.0,23703,366.0,24075
857,855,856,319.0,15342139,366.0,24075,321.0,23738
858,856,857,366.0,5277131,321.0,23738,321.0,23703
859,857,858,321.0,15389627,321.0,23703,366.0,24078
860,858,859,321.0,15413330,366.0,24078,319.0,23740
861,859,860,366.0,5349454,319.0,23740,319.0,23703
862,860,861,319.0,15460819,319.0,23703,343.0,9075
863,861,862,319.0,15484522,343.0,9075,339.0,23590
864,862,863,343.0,5013963,339.0,23590,319.0,23585
865,863,864,339.0,5118400,319.0,23585,344.0,23982
866,864,865,319.0,15555416,344.0,23982,321.0,23622
867,865,866,344.0,5247662,321.0,23622,320.0,23571
868,866,867,321.0,15602640,320.0,23571,344.0,23944
869,867,868,320.0,15626211,344.0,23944,321.0,23605
870,868,869,344.0,5319560,321.0,23605,343.0,23220
871,869,870,321.0,15673435,343.0,23220,338.0,117986
872,870,871,343.0,5199786,338.0,117986,317.0,3124
873,871,872,338.0,26536091,317.0,3124,311.0,117007
874,872,873,317.0,5169460,311.0,117007,314.0,23038
875,873,874,311.0,25560187,314.0,23038,316.0,23053
876,874,875,314.0,5053966,316.0,23053,317.0,23761
877,875,876,316.0,5077045,317.0,23761,319.0,23435
878,876,877,317.0,5264593,319.0,23435,321.0,23396
879,877,878,319.0,15861320,321.0,23396,316.0,23012
880,878,879,321.0,15884715,316.0,23012,311.0,117100
881,879,880,316.0,5169198,311.0,117100,321.0,23419
882,880,881,311.0,26379910,321.0,23419,319.0,23396
883,881,882,321.0,15954985,319.0,23396,488.0,74047
884,882,883,319.0,15978381,488.0,74047,484.0,1097104
885,883,884,488.0,5841215,484.0,1097104,475.0,89930
886,884,885,484.0,29932944,475.0,89930,472.0,470274
887,885,886,475.0,5333146,472.0,470274,454.0,52088
888,886,887,472.0,25415494,454.0,52088,433.0,464896
889,887,888,454.0,5295304,433.0,464896,396.0,26243
890,888,889,433.0,25233276,396.0,26243,396.0,495592
891,889,890,396.0,24550963,396.0,495592,396.0,495592
892,890,891,396.0,25046555,396.0,495592,360.0,49993
893,891,892,396.0,25542147,360.0,49993,319.0,23725
894,892,893,360.0,26688913,319.0,23725,365.0,23344
895,893,894,319.0,16017094,365.0,23344,360.0,118680
896,894,895,365.0,5299792,360.0,118680,321.0,23726
897,895,896,360.0,27044880,321.0,23726,365.0,23348
898,896,897,321.0,16088285,365.0,23348,360.0,118696
899,897,898,365.0,5369856,360.0,118696,319.0,23728
900,898,899,360.0,27400846,319.0,23728,365.0,23352
901,899,900,319.0,16159477,365.0,23352,360.0,118712
902,900,901,365.0,5439920,360.0,118712,343.0,5023
903,901,902,360.0,27756812,343.0,5023,338.0,117865
904,902,903,343.0,5248239,338.0,117865,319.0,23577
905,903,904,338.0,26782300,319.0,23577,344.0,23964
906,904,905,319.0,16277829,344.0,23964,321.0,23614
907,905,906,344.0,5489500,321.0,23614,343.0,23244
908,906,907,321.0,16325053,343.0,23244,338.0,118079
909,907,908,343.0,5364420,338.0,118079,321.0,23597
910,908,909,338.0,27372509,321.0,23597,343.0,23199
911,909,910,321.0,16395848,343.0,23199,338.0,117904
912,910,911,343.0,5434063,338.0,117904,321.0,23580
913,911,912,338.0,27726394,321.0,23580,316.0,22063
914,912,913,321.0,16466643,316.0,22063,317.0,23763
915,913,914,316.0,5265279,317.0,23763,319.0,23436
916,914,915,317.0,5458899,319.0,23436,321.0,23396
917,915,916,319.0,16536933,321.0,23396,316.0,23015
918,916,917,321.0,16560328,316.0,23015,311.0,117111
919,917,918,316.0,5357433,311.0,117111,321.0,23420
920,918,919,311.0,27336261,321.0,23420,319.0,23396
921,919,920,321.0,16630598,319.0,23396,317.0,23785
922,920,921,319.0,16653994,317.0,23785,311.0,116957
923,921,922,317.0,5625449,311.0,116957,488.0,2660
924,922,923,311.0,27804512,488.0,2660,484.0,745943
925,923,924,488.0,6031972,484.0,745943,472.0,338806
926,924,925,484.0,30892503,472.0,338806,475.0,100532
927,925,926,472.0,25978286,475.0,100532,433.0,162204
928,926,927,475.0,5654554,433.0,162204,454.0,99417
929,927,928,433.0,25801684,454.0,99417,454.0,99427
930,928,929,454.0,5615805,454.0,99427,417.0,94873
931,929,930,454.0,5715232,417.0,94873,417.0,99126
932,930,931,417.0,5576417,417.0,99126,319.0,5886
933,931,932,417.0,5675543,319.0,5886,365.0,23318
934,932,933,319.0,16715754,365.0,23318,360.0,118576
935,933,934,365.0,5510690,360.0,118576,319.0,23717
936,934,935,360.0,28116406,319.0,23717,365.0,23323
937,935,936,319.0,16786946,365.0,23323,360.0,118596
938,936,937,365.0,5580755,360.0,118596,321.0,23718
939,937,938,360.0,28472376,321.0,23718,365.0,23327
940,938,939,321.0,16858137,365.0,23327,360.0,118612
941,939,940,365.0,5650819,360.0,118612,319.0,23720
942,940,941,360.0,28828342,319.0,23720,344.0,1076
943,941,942,319.0,16929329,344.0,1076,321.0,23625
944,942,943,344.0,5659444,321.0,23625,320.0,23571
945,943,944,321.0,16976673,320.0,23571,344.0,23951
946,944,945,320.0,17000244,344.0,23951,319.0,23609
947,945,946,344.0,5731343,319.0,23609,343.0,23230
948,946,947,319.0,17047469,343.0,23230,338.0,118025
949,947,948,343.0,5598704,338.0,118025,321.0,23592
950,948,949,338.0,28562840,321.0,23592,344.0,23998
951,949,950,321.0,17118264,344.0,23998,338.0,117851
952,950,951,344.0,5851262,338.0,117851,321.0,23575
953,951,952,338.0,28916726,321.0,23575,311.0,91372
954,952,953,321.0,17189059,311.0,91372,320.0,23398
955,953,954,311.0,27941152,320.0,23398,316.0,23022
956,954,955,320.0,17235943,316.0,23022,311.0,117138
957,955,956,316.0,5545672,311.0,117138,320.0,23423
958,956,957,311.0,28292628,320.0,23423,321.0,23396
959,957,958,320.0,17306213,321.0,23396,317.0,23790
960,958,959,321.0,17329608,317.0,23790,311.0,116979
961,959,960,317.0,5819758,311.0,116979,321.0,23407
962,960,961,311.0,28760874,321.0,23407,316.0,23046
963,961,962,321.0,17399878,316.0,23046,295.0,864266
964,962,963,316.0,5707020,295.0,864266,484.0,394816
965,963,964,295.0,28271986,484.0,394816,475.0,55013
966,964,965,484.0,31852096,475.0,55013,472.0,470195
967,965,966,475.0,5774885,472.0,470195,454.0,17562
968,966,967,472.0,27481665,454.0,17562,433.0,464957
969,967,968,454.0,5737434,433.0,464957,433.0,464835
970,968,969,433.0,27301347,433.0,464835,417.0,77678
971,969,970,433.0,27766182,417.0,77678,417.0,99126
972,970,971,417.0,5797550,417.0,99126,366.0,1839
973,971,972,417.0,5896676,366.0,1839,360.0,118470
974,972,973,366.0,5906223,360.0,118470,319.0,23707
975,973,974,360.0,29187930,319.0,23707,366.0,24115
976,974,975,319.0,17485606,366.0,24115,360.0,118489
977,975,976,366.0,5978547,360.0,118489,321.0,23708
978,976,977,360.0,29543899,321.0,23708,366.0,24118
979,977,978,321.0,17556797,366.0,24118,360.0,118503
980,978,979,366.0,6050870,360.0,118503,319.0,23710
981,979,980,360.0,29899863,319.0,23710,366.0,24122
982,980,981,319.0,17627989,366.0,24122,360.0,118522
983,981,982,366.0,6123194,360.0,118522,319.0,23619
984,982,983,360.0,30255832,319.0,23619,319.0,23571
985,983,984,319.0,17699088,319.0,23571,344.0,23937
986,984,985,319.0,17722659,344.0,23937,321.0,23602
987,985,986,344.0,5973185,321.0,23602,343.0,23212
988,986,987,321.0,17769883,343.0,23212,338.0,117954
989,987,988,343.0,5832984,338.0,117954,321.0,23585
990,988,989,338.0,29753154,321.0,23585,344.0,23983
991,989,990,321.0,17840678,344.0,23983,319.0,23623
992,990,991,344.0,6093103,319.0,23623,319.0,23571
993,991,992,319.0,17887903,319.0,23571,316.0,14037
994,992,993,319.0,17911474,316.0,14037,311.0,117157
995,993,994,316.0,5733909,311.0,117157,319.0,23425
996,994,995,311.0,29248987,319.0,23425,321.0,23396
997,995,996,319.0,17981827,321.0,23396,317.0,23794
998,996,997,321.0,18005222,317.0,23794,311.0,116998
999,997,998,317.0,6014066,311.0,116998,321.0,23409
1000,998,999,311.0,29717233,321.0,23409,316.0,23052
1001,999,1000,321.0,18075492,316.0,23052,317.0,23760
1002,1000,1001,316.0,5895258,317.0,23760,319.0,23435
1003,1001,1002,317.0,6109200,319.0,23435,295.0,524237
1004,1002,1003,319.0,18145763,295.0,524237,484.0,43708
1005,1003,1004,295.0,29123597,484.0,43708,472.0,175491
1006,1004,1005,484.0,32811708,472.0,175491,475.0,100525
1007,1005,1006,472.0,28044491,475.0,100525,433.0,780
1008,1006,1007,475.0,6096297,433.0,780,454.0,99428
1009,1007,1008,433.0,27869780,454.0,99428,454.0,99427
1010,1008,1009,454.0,6057938,454.0,99427,396.0,263757
1011,1009,1010,454.0,6157365,396.0,263757,396.0,495592
1012,1010,1011,396.0,28132757,396.0,495592,381.0,161828
1013,1011,1012,396.0,28628349,381.0,161828,321.0,21365
1014,1012,1013,381.0,6120028,321.0,21365,366.0,24092
1015,1013,1014,321.0,18184265,366.0,24092,319.0,23746
1016,1014,1015,366.0,6196252,319.0,23746,319.0,23703
1017,1015,1016,319.0,18231754,319.0,23703,366.0,24095
1018,1016,1017,319.0,18255457,366.0,24095,321.0,23747
1019,1017,1018,366.0,6268575,321.0,23747,321.0,23703
1020,1018,1019,321.0,18302945,321.0,23703,366.0,24098
1021,1019,1020,321.0,18326648,366.0,24098,319.0,23749
1022,1020,1021,366.0,6340898,319.0,23749,319.0,23703
1023,1021,1022,319.0,18374137,319.0,23703,319.0,23662
1024,1022,1023,319.0,18397840,319.0,23662,343.0,23238
1025,1023,1024,319.0,18421502,343.0,23238,338.0,118056
1026,1024,1025,343.0,5997620,338.0,118056,321.0,23595
1027,1025,1026,338.0,30589581,321.0,23595,343.0,23194
1028,1026,1027,321.0,18492297,343.0,23194,338.0,117884
1029,1027,1028,343.0,6067264,338.0,117884,319.0,23579
1030,1028,1029,338.0,30943469,319.0,23579,344.0,23968
1031,1029,1030,319.0,18563093,344.0,23968,321.0,23616
1032,1030,1031,344.0,6334944,321.0,23616,343.0,23249
1033,1031,1032,321.0,18610317,343.0,23249,319.0,23553
1034,1032,1033,343.0,6183445,319.0,23553,321.0,23396
1035,1033,1034,319.0,18657441,321.0,23396,317.0,23799
1036,1034,1035,321.0,18680836,317.0,23799,311.0,117020
1037,1035,1036,317.0,6208375,311.0,117020,321.0,23411
1038,1036,1037,311.0,30673595,321.0,23411,316.0,23057
1039,1037,1038,321.0,18751106,316.0,23057,317.0,23764
1040,1038,1039,316.0,6083495,317.0,23764,321.0,23436
1041,1039,1040,317.0,6303508,321.0,23436,319.0,23396
1042,1040,1041,321.0,18821376,319.0,23396,316.0,23016
1043,1041,1042,319.0,18844772,316.0,23016,295.0,184176
1044,1042,1043,316.0,6175648,295.0,184176,488.0,199647
1045,1043,1044,295.0,29975176,488.0,199647,475.0,20100
1046,1044,1045,488.0,7015391,475.0,20100,472.0,470145
1047,1045,1046,475.0,6216628,472.0,470145,475.0,100527
1048,1046,1047,472.0,29547865,475.0,100527,454.0,82465
1049,1047,1048,475.0,6417707,454.0,82465,433.0,464873
1050,1048,1049,454.0,6278993,433.0,464873,417.0,43248
1051,1049,1050,433.0,29834273,417.0,43248,417.0,99126
1052,1050,1051,417.0,6239776,417.0,99126,381.0,27543
1053,1051,1052,417.0,6338902,381.0,27543,366.0,17542
1054,1052,1053,381.0,6224071,366.0,17542,320.0,23736
1055,1053,1054,366.0,6413958,320.0,23736,365.0,23373
1056,1054,1055,320.0,18930414,365.0,23373,366.0,24073
1057,1055,1056,365.0,6260263,366.0,24073,321.0,23737
1058,1056,1057,366.0,6486281,321.0,23737,321.0,23703
1059,1057,1058,321.0,19001605,321.0,23703,366.0,24076
1060,1058,1059,321.0,19025308,366.0,24076,319.0,23739
1061,1059,1060,366.0,6558604,319.0,23739,319.0,23703
1062,1060,1061,319.0,19072797,319.0,23703,366.0,24080
1063,1061,1062,319.0,19096500,366.0,24080,319.0,23669
1064,1062,1063,366.0,6630928,319.0,23669,343.0,23222
1065,1063,1064,319.0,19143917,343.0,23222,338.0,117993
1066,1064,1065,343.0,6231902,338.0,117993,320.0,23589
1067,1065,1066,338.0,31779903,320.0,23589,344.0,23991
1068,1066,1067,320.0,19214712,344.0,23991,338.0,117818
1069,1067,1068,344.0,6504887,338.0,117818,320.0,23572
1070,1068,1069,338.0,32133788,320.0,23572,344.0,23953
1071,1069,1070,320.0,19285507,344.0,23953,319.0,23610
1072,1070,1071,344.0,6576785,319.0,23610,343.0,23232
1073,1071,1072,319.0,19332732,343.0,23232,317.0,6267
1074,1072,1073,343.0,6417726,317.0,6267,311.0,117038
1075,1073,1074,317.0,6402683,311.0,117038,320.0,23413
1076,1074,1075,311.0,31629953,320.0,23413,316.0,23061
1077,1075,1076,320.0,19426720,316.0,23061,317.0,23768
1078,1076,1077,316.0,6271731,317.0,23768,311.0,116880
1079,1077,1078,317.0,6497816,311.0,116880,321.0,23397
1080,1078,1079,311.0,32098200,321.0,23397,316.0,23020
1081,1079,1080,321.0,19520385,316.0,23020,311.0,117130
1082,1080,1081,316.0,6363884,311.0,117130,321.0,23422
1083,1081,1082,311.0,32449675,321.0,23422,319.0,23396
1084,1082,1083,321.0,19590655,319.0,23396,488.0,128264
1085,1083,1084,319.0,19614051,488.0,128264,475.0,2663
1086,1084,1085,488.0,7206152,475.0,2663,475.0,100518
1087,1085,1086,475.0,6437519,475.0,100518,472.0,470152
1088,1086,1087,475.0,6538037,472.0,470152,454.0,65213
1089,1087,1088,472.0,31051232,454.0,65213,454.0,99427
1090,1088,1089,454.0,6500069,454.0,99427,396.0,91542
1091,1089,1090,454.0,6599496,396.0,91542,417.0,99138
1092,1090,1091,396.0,30190062,417.0,99138,417.0,99126
1093,1091,1092,417.0,6560034,417.0,99126,319.0,13142
1094,1092,1093,417.0,6659160,319.0,13142,365.0,23347
1095,1093,1094,319.0,19629074,365.0,23347,360.0,118692
1096,1094,1095,365.0,6471161,360.0,118692,321.0,23727
1097,1095,1096,360.0,32996187,321.0,23727,365.0,23351
1098,1096,1097,321.0,19700265,365.0,23351,360.0,118708
1099,1097,1098,365.0,6541225,360.0,118708,319.0,23729
1100,1098,1099,360.0,33352153,319.0,23729,365.0,23355
1101,1099,1100,319.0,19771457,365.0,23355,360.0,118724
1102,1100,1101,365.0,6611289,360.0,118724,321.0,23730
1103,1101,1102,360.0,33708119,321.0,23730,319.0,23683
1104,1102,1103,321.0,19842648,319.0,23683,343.0,23203
1105,1103,1104,319.0,19866331,343.0,23203,338.0,117919
1106,1104,1105,343.0,6466181,338.0,117919,319.0,23582
1107,1105,1106,338.0,32970214,319.0,23582,344.0,23975
1108,1106,1107,319.0,19937126,344.0,23975,321.0,23619
1109,1107,1108,344.0,6746727,321.0,23619,320.0,23571
1110,1108,1109,321.0,19984350,320.0,23571,344.0,23937
1111,1109,1110,320.0,20007921,344.0,23937,321.0,23602
1112,1110,1111,344.0,6818625,321.0,23602,343.0,23212
1113,1111,1112,321.0,20055145,343.0,23212,319.0,23603
1114,1112,1113,343.0,6652004,319.0,23603,316.0,23064
1115,1113,1114,319.0,20102333,316.0,23064,317.0,23770
1116,1114,1115,316.0,6459966,317.0,23770,311.0,116889
1117,1115,1116,317.0,6692122,311.0,116889,321.0,23398
1118,1116,1117,311.0,33054549,321.0,23398,316.0,23023
1119,1117,1118,321.0,20195998,316.0,23023,311.0,117142
1120,1118,1119,316.0,6552119,311.0,117142,319.0,23424
1121,1119,1120,311.0,33406027,319.0,23424,321.0,23396
1122,1120,1121,319.0,20266269,321.0,23396,317.0,23792
1123,1121,1122,321.0,20289664,317.0,23792,311.0,116988
1124,1122,1123,317.0,6858672,311.0,116988,488.0,56877
1125,1123,1124,311.0,33874278,488.0,56877,484.0,1012643
1126,1124,1125,488.0,7396909,484.0,1012643,475.0,85743
1127,1125,1126,484.0,37712803,475.0,85743,475.0,100518
1128,1126,1127,475.0,6758927,475.0,100518,454.0,47938
1129,1127,1128,475.0,6859445,454.0,47938,433.0,464926
1130,1128,1129,454.0,6721122,433.0,464926,417.0,8814
1131,1129,1130,433.0,31902336,417.0,8814,396.0,495669
1132,1130,1131,417.0,6681998,396.0,495669,396.0,495592
1133,1131,1132,396.0,31714529,396.0,495592,365.0,8871
1134,1132,1133,396.0,32210121,365.0,8871,360.0,118572
1135,1133,1134,365.0,6682055,360.0,118572,321.0,23716
1136,1134,1135,360.0,34067697,321.0,23716,365.0,23321
1137,1135,1136,321.0,20398924,365.0,23321,360.0,118588
1138,1136,1137,365.0,6752119,360.0,118588,319.0,23718
1139,1137,1138,360.0,34423663,319.0,23718,365.0,23326
1140,1138,1139,319.0,20470116,365.0,23326,360.0,118608
1141,1139,1140,365.0,6822184,360.0,118608,319.0,23720
1142,1140,1141,360.0,34779633,319.0,23720,365.0,23331
1143,1141,1142,319.0,20541308,365.0,23331,319.0,23718
1144,1142,1143,365.0,6892249,319.0,23718,344.0,23997
1145,1143,1144,319.0,20588745,344.0,23997,338.0,117846
1146,1144,1145,344.0,6916669,338.0,117846,319.0,23575
1147,1145,1146,338.0,34160526,319.0,23575,344.0,23960
1148,1146,1147,319.0,20659540,344.0,23960,319.0,23613
1149,1147,1148,344.0,6988568,319.0,23613,343.0,23240
1150,1148,1149,319.0,20706765,343.0,23240,338.0,118064
1151,1149,1150,343.0,6816642,338.0,118064,319.0,23596
1152,1150,1151,338.0,34750739,319.0,23596,343.0,23195
1153,1151,1152,319.0,20777560,343.0,23195,338.0,117888
1154,1152,1153,343.0,6886285,338.0,117888,311.0,106826
1155,1153,1154,338.0,35104623,311.0,106826,319.0,23400
1156,1154,1155,311.0,34010906,319.0,23400,316.0,23027
1157,1155,1156,319.0,20871612,316.0,23027,311.0,117157
1158,1156,1157,316.0,6740355,311.0,117157,319.0,23425
1159,1157,1158,311.0,34362382,319.0,23425,321.0,23396
1160,1158,1159,319.0,20941882,321.0,23396,317.0,23794
1161,1159,1160,321.0,20965277,317.0,23794,311.0,116998
1162,1160,1161,317.0,7052978,311.0,116998,321.0,23409
1163,1161,1162,311.0,34830628,321.0,23409,316.0,23052
1164,1162,1163,321.0,21035547,316.0,23052,295.0,1122521
1165,1163,1164,316.0,6901704,295.0,1122521,484.0,661486
1166,1164,1165,295.0,34488441,484.0,661486,469.0,5503
1167,1165,1166,484.0,38672366,469.0,5503,475.0,100561
1168,1166,1167,469.0,562883,475.0,100561,454.0,30684
1169,1167,1168,475.0,7080335,454.0,30684,454.0,99427
1170,1168,1169,454.0,6942196,454.0,99427,454.0,99427
1171,1169,1170,454.0,7041623,454.0,99427,417.0,90743
1172,1170,1171,454.0,7141050,417.0,90743,417.0,99126
1173,1171,1172,417.0,7002255,417.0,99126,360.0,24281
1174,1172,1173,417.0,7101381,360.0,24281,321.0,23706
1175,1173,1174,360.0,35139221,321.0,23706,366.0,24114
1176,1174,1175,321.0,21097584,366.0,24114,360.0,118484
1177,1175,1176,366.0,7187698,360.0,118484,319.0,23708
1178,1176,1177,360.0,35495189,319.0,23708,366.0,24117
1179,1177,1178,319.0,21168776,366.0,24117,360.0,118498
1180,1178,1179,366.0,7260021,360.0,118498,321.0,23709
1181,1179,1180,360.0,35851153,321.0,23709,366.0,24121
1182,1180,1181,321.0,21239967,366.0,24121,360.0,118517
1183,1181,1182,366.0,7332345,360.0,118517,319.0,23711
1184,1182,1183,360.0,36207122,319.0,23711,344.0,23982
1185,1183,1184,319.0,21311159,344.0,23982,321.0,23622
1186,1184,1185,344.0,7158510,321.0,23622,320.0,23571
1187,1185,1186,321.0,21358383,320.0,23571,344.0,23944
1188,1186,1187,320.0,21381954,344.0,23944,321.0,23605
1189,1187,1188,344.0,7230408,321.0,23605,343.0,23220
1190,1188,1189,321.0,21429178,343.0,23220,338.0,117986
1191,1189,1190,343.0,7050920,338.0,117986,321.0,23588
1192,1190,1191,338.0,35941046,321.0,23588,344.0,23990
1193,1191,1192,321.0,21499973,344.0,23990,338.0,117814
1194,1192,1193,344.0,7350326,338.0,117814,316.0,17079
1195,1193,1194,338.0,36294934,316.0,17079,311.0,117172
1196,1194,1195,316.0,6928591,311.0,117172,319.0,23427
1197,1195,1196,311.0,35318737,319.0,23427,321.0,23396
1198,1196,1197,319.0,21617496,321.0,23396,317.0,23799
1199,1197,1198,321.0,21640891,317.0,23799,311.0,117020
1200,1198,1199,317.0,7247287,311.0,117020,321.0,23411
1201,1199,1200,311.0,35786990,321.0,23411,316.0,23057
1202,1200,1201,321.0,21711161,316.0,23057,317.0,23764
1203,1201,1202,316.0,7089941,317.0,23764,321.0,23436
1204,1202,1203,317.0,7342420,321.0,23436,295.0,782464
1205,1203,1204,321.0,21781431,295.0,782464,484.0,310349
1206,1204,1205,295.0,35340024,484.0,310349,475.0,50826
1207,1205,1206,484.0,39631949,475.0,50826,475.0,100518
1208,1206,1207,475.0,7200666,475.0,100518,454.0,13411
1209,1207,1208,475.0,7301184,454.0,13411,433.0,464979
1210,1208,1209,454.0,7163251,433.0,464979,433.0,464835
1211,1209,1210,433.0,33970399,433.0,464835,396.0,329012
1212,1210,1211,433.0,34435234,396.0,329012,396.0,495592
1213,1211,1212,396.0,33771812,396.0,495592,321.0,763
1214,1212,1213,396.0,34267404,321.0,763,366.0,24089
1215,1213,1214,321.0,21796243,366.0,24089,319.0,23745
1216,1214,1215,366.0,7405401,319.0,23745,319.0,23703
1217,1215,1216,319.0,21843732,319.0,23703,366.0,24093
1218,1216,1217,319.0,21867435,366.0,24093,321.0,23746
1219,1217,1218,366.0,7477725,321.0,23746,321.0,23703
1220,1218,1219,321.0,21914923,321.0,23703,366.0,24096
1221,1219,1220,321.0,21938626,366.0,24096,319.0,23748
1222,1220,1221,366.0,7550048,319.0,23748,319.0,23703
1223,1221,1222,319.0,21986115,319.0,23703,366.0,24100
1224,1222,1223,319.0,22009818,366.0,24100,344.0,19870
1225,1223,1224,366.0,7622372,344.0,19870,321.0,23615
1226,1224,1225,344.0,7400350,321.0,23615,343.0,23247
1227,1225,1226,321.0,22080797,343.0,23247,338.0,118091
1228,1226,1227,343.0,7215557,338.0,118091,319.0,23599
1229,1227,1228,338.0,36777476,319.0,23599,343.0,23203
1230,1228,1229,319.0,22151593,343.0,23203,338.0,117919
1231,1229,1230,343.0,7285201,338.0,117919,319.0,23582
1232,1230,1231,338.0,37131364,319.0,23582,344.0,23975
1233,1231,1232,319.0,22222388,344.0,23975,321.0,23619
1234,1232,1233,344.0,7592167,321.0,23619,321.0,23497
1235,1233,1234,321.0,22269612,321.0,23497,319.0,23396
1236,1234,1235,321.0,22293109,319.0,23396,317.0,23802
1237,1235,1236,319.0,22316505,317.0,23802,311.0,117034
1238,1236,1237,317.0,7441594,311.0,117034,319.0,23413
1239,1237,1238,311.0,36743344,319.0,23413,316.0,23061
1240,1238,1239,319.0,22386775,316.0,23061,317.0,23768
1241,1239,1240,316.0,7278177,317.0,23768,311.0,116880
1242,1240,1241,317.0,7536728,311.0,116880,321.0,23397
1243,1241,1242,311.0,37211595,321.0,23397,316.0,23020
1244,1242,1243,321.0,22480440,316.0,23020,295.0,442405
1245,1243,1244,316.0,7370330,295.0,442405,488.0,253852
1246,1244,1245,295.0,36191605,488.0,253852,472.0,155958
1247,1245,1246,488.0,8380316,472.0,155958,475.0,100551
1248,1246,1247,472.0,34713518,475.0,100551,475.0,100518
1249,1247,1248,475.0,7522075,475.0,100518,454.0,95585
1250,1248,1249,475.0,7622593,454.0,95585,454.0,99427
1251,1249,1250,454.0,7483753,454.0,99427,417.0,56310
1252,1250,1251,454.0,7583180,417.0,56310,417.0,99126
1253,1251,1252,417.0,7444478,417.0,99126,381.0,129520
1254,1252,1253,417.0,7543604,381.0,129520,319.0,20396
1255,1253,1254,381.0,7517688,319.0,20396,365.0,23371
1256,1254,1255,319.0,22542392,365.0,23371,366.0,24071
1257,1255,1256,365.0,7431627,366.0,24071,319.0,23737
1258,1256,1257,366.0,7695431,319.0,23737,319.0,23703
1259,1257,1258,319.0,22613584,319.0,23703,366.0,24075
1260,1258,1259,319.0,22637287,366.0,24075,321.0,23738
1261,1259,1260,366.0,7767755,321.0,23738,321.0,23703
1262,1260,1261,321.0,22684775,321.0,23703,366.0,24078
1263,1261,1262,321.0,22708478,366.0,24078,319.0,23740
1264,1262,1263,366.0,7840078,319.0,23740,344.0,15696
1265,1263,1264,319.0,22755967,344.0,15696,341.0,23234
1266,1264,1265,344.0,7642192,341.0,23234,343.0,23230
1267,1265,1266,341.0,7426592,343.0,23230,338.0,118025
1268,1266,1267,343.0,7449838,338.0,118025,321.0,23592
1269,1267,1268,338.0,37967795,321.0,23592,344.0,23998
1270,1268,1269,321.0,22874007,344.0,23998,338.0,117851
1271,1269,1270,344.0,7762110,338.0,117851,321.0,23575
1272,1270,1271,338.0,38321681,321.0,23575,344.0,23961
1273,1271,1272,321.0,22944802,344.0,23961,320.0,23613
1274,1272,1273,344.0,7834009,320.0,23613,317.0,9406
1275,1273,1274,320.0,22992027,317.0,9406,311.0,117052
1276,1274,1275,317.0,7635902,311.0,117052,319.0,23415
1277,1275,1276,311.0,37699702,319.0,23415,321.0,23396
1278,1276,1277,319.0,23062389,321.0,23396,317.0,23772
1279,1277,1278,321.0,23085784,317.0,23772,311.0,116898
1280,1278,1279,317.0,7731036,311.0,116898,321.0,23399
1281,1279,1280,311.0,38167953,321.0,23399,316.0,23025
1282,1280,1281,321.0,23156054,316.0,23025,311.0,117149
1283,1281,1282,316.0,7558567,311.0,117149,321.0,23424
1284,1282,1283,311.0,38519429,321.0,23424,295.0,102350
1285,1283,1284,321.0,23226324,295.0,102350,488.0,182470
1286,1284,1285,295.0,37043190,488.0,182470,475.0,15910
1287,1285,1286,488.0,8571078,475.0,15910,472.0,470331
1288,1286,1287,475.0,7642406,472.0,470331,475.0,100553
1289,1287,1288,472.0,36216891,475.0,100553,454.0,78312
1290,1288,1289,475.0,7843485,454.0,78312,433.0,464881
1291,1289,1290,454.0,7704808,433.0,464881,417.0,39114
1292,1290,1291,433.0,36503311,417.0,39114,417.0,99126
1293,1291,1292,417.0,7665610,417.0,99126,417.0,99450
1294,1292,1293,417.0,7764736,417.0,99450,365.0,16028
1295,1293,1294,417.0,7864186,365.0,16028,360.0,118680
1296,1294,1295,365.0,7642524,360.0,118680,321.0,23726
1297,1295,1296,360.0,38947470,321.0,23726,365.0,23348
1298,1296,1297,321.0,23312243,365.0,23348,360.0,118696
1299,1297,1298,365.0,7712588,360.0,118696,319.0,23728
1300,1298,1299,360.0,39303436,319.0,23728,365.0,23352
1301,1299,1300,319.0,23383435,365.0,23352,360.0,118712
1302,1300,1301,365.0,7782652,360.0,118712,321.0,23729
1303,1301,1302,360.0,39659402,321.0,23729,365.0,23356
1304,1302,1303,321.0,23454626,365.0,23356,344.0,11521
1305,1303,1304,365.0,7852716,344.0,11521,321.0,23602
1306,1304,1305,344.0,7884033,321.0,23602,343.0,23212
1307,1305,1306,321.0,23525626,343.0,23212,338.0,117954
1308,1306,1307,343.0,7684118,338.0,117954,321.0,23585
1309,1307,1308,338.0,39158109,321.0,23585,344.0,23983
1310,1308,1309,321.0,23596421,344.0,23983,319.0,23623
1311,1309,1310,344.0,8003951,319.0,23623,319.0,23571
1312,1310,1311,319.0,23643646,319.0,23571,344.0,23946
1313,1311,1312,319.0,23667217,344.0,23946,321.0,23606
1314,1312,1313,344.0,8075850,321.0,23606,321.0,23561
1315,1313,1314,321.0,23714441,321.0,23561,319.0,23396
1316,1314,1315,321.0,23738002,319.0,23396,317.0,23776
1317,1315,1316,319.0,23761398,317.0,23776,311.0,116916
1318,1316,1317,317.0,7925344,311.0,116916,319.0,23401
1319,1317,1318,311.0,39124311,319.0,23401,316.0,23029
1320,1318,1319,319.0,23831668,316.0,23029,311.0,117164
1321,1319,1320,316.0,7746803,311.0,117164,319.0,23426
1322,1320,1321,311.0,39475784,319.0,23426,321.0,23396
1323,1321,1322,319.0,23901938,321.0,23396,317.0,23797
1324,1322,1323,321.0,23925333,317.0,23797,311.0,117011
1325,1323,1324,317.0,8091893,311.0,117011,488.0,111089
1326,1324,1325,311.0,39944036,488.0,111089,484.0,1279317
1327,1325,1326,488.0,8761841,484.0,1279317,475.0,98992
1328,1326,1327,484.0,44533077,475.0,98992,472.0,470345
1329,1327,1328,475.0,7963816,472.0,470345,454.0,61060
1330,1328,1329,472.0,37720265,454.0,61060,454.0,99427
1331,1329,1330,454.0,7925884,454.0,99427,396.0,70927
1332,1330,1331,454.0,8025311,396.0,70927,396.0,495592
1333,1331,1332,396.0,36858007,396.0,495592,396.0,495592
1334,1332,1333,396.0,37353599,396.0,495592,360.0,60606
1335,1333,1334,396.0,37849191,360.0,60606,319.0,23716
1336,1334,1335,360.0,40018986,319.0,23716,365.0,23320
1337,1335,1336,319.0,24010903,365.0,23320,360.0,118584
1338,1336,1337,365.0,7923484,360.0,118584,321.0,23717
1339,1337,1338,360.0,40374954,321.0,23717,365.0,23324
1340,1338,1339,321.0,24082094,365.0,23324,360.0,118600
1341,1339,1340,365.0,7993548,360.0,118600,319.0,23719
1342,1340,1341,360.0,40730920,319.0,23719,365.0,23328
1343,1341,1342,319.0,24153286,365.0,23328,360.0,118616
1344,1342,1343,365.0,8063612,360.0,118616,338.0,36154
1345,1343,1344,360.0,41086886,338.0,36154,319.0,23595
1346,1344,1345,338.0,39994534,319.0,23595,343.0,23193
1347,1345,1346,319.0,24248040,343.0,23193,338.0,117880
1348,1346,1347,343.0,7918397,338.0,117880,320.0,23578
1349,1347,1348,338.0,40348420,320.0,23578,344.0,23966
1350,1348,1349,320.0,24318835,344.0,23966,321.0,23615
1351,1349,1350,344.0,8245790,321.0,23615,343.0,23247
1352,1350,1351,321.0,24366059,343.0,23247,338.0,118091
1353,1351,1352,343.0,8034577,338.0,118091,319.0,23599
1354,1352,1353,338.0,40938626,319.0,23599,317.0,1121
1355,1353,1354,319.0,24436855,317.0,1121,311.0,116920
1356,1354,1355,317.0,8119649,311.0,116920,321.0,23401
1357,1355,1356,311.0,40080655,321.0,23401,316.0,23030
1358,1356,1357,321.0,24507280,316.0,23030,311.0,117168
1359,1357,1358,316.0,7935036,311.0,117168,320.0,23426
1360,1358,1359,311.0,40432128,320.0,23426,321.0,23396
1361,1359,1360,320.0,24577550,321.0,23396,317.0,23797
1362,1360,1361,321.0,24600945,317.0,23797,311.0,117011
1363,1361,1362,317.0,8286197,311.0,117011,321.0,23410
1364,1362,1363,311.0,40900376,321.0,23410,316.0,23054
1365,1363,1364,321.0,24671215,316.0,23054,488.0,39691
1366,1364,1365,316.0,8096384,488.0,39691,484.0,928103
1367,1365,1366,488.0,8952587,484.0,928103,472.0,381189
1368,1366,1367,484.0,45492583,472.0,381189,475.0,100538
1369,1367,1368,472.0,38283029,475.0,100538,454.0,43782
1370,1368,1369,475.0,8285220,454.0,43782,433.0,464911
1371,1369,1370,454.0,8146934,433.0,464911,411.0,3519
1372,1370,1371,433.0,38571351,411.0,3519,417.0,99214
1373,1371,1372,411.0,656999,417.0,99214,417.0,99126
1374,1372,1373,417.0,8206954,417.0,99126,320.0,8017
1375,1373,1374,417.0,8306080,320.0,8017,366.0,24109
1376,1374,1375,320.0,24709561,366.0,24109,360.0,118460
1377,1375,1376,366.0,8396845,360.0,118460,319.0,23706
1378,1376,1377,360.0,41446460,319.0,23706,366.0,24113
1379,1377,1378,319.0,24780753,366.0,24113,360.0,118479
1380,1378,1379,366.0,8469169,360.0,118479,321.0,23707
1381,1379,1380,360.0,41802429,321.0,23707,366.0,24116
1382,1380,1381,321.0,24851944,366.0,24116,360.0,118493
1383,1381,1382,366.0,8541492,360.0,118493,319.0,23709
1384,1382,1383,360.0,42158393,319.0,23709,338.0,15597
1385,1383,1384,319.0,24923136,338.0,15597,341.0,23212
1386,1384,1385,338.0,41184837,341.0,23212,344.0,23986
1387,1385,1386,341.0,8129464,344.0,23986,321.0,23624
1388,1386,1387,344.0,8415730,321.0,23624,320.0,23571
1389,1387,1388,321.0,25017677,320.0,23571,344.0,23949
1390,1388,1389,320.0,25041248,344.0,23949,319.0,23608
1391,1389,1390,344.0,8487629,319.0,23608,343.0,23227
1392,1390,1391,319.0,25088473,343.0,23227,338.0,118013
1393,1391,1392,343.0,8268855,338.0,118013,319.0,23591
1394,1392,1393,338.0,42128933,319.0,23591,344.0,23995
1395,1393,1394,319.0,25159268,344.0,23995,316.0,20118
1396,1394,1395,344.0,8607547,316.0,20118,311.0,117176
1397,1395,1396,316.0,8123270,311.0,117176,319.0,23427
1398,1396,1397,311.0,41388476,319.0,23427,321.0,23396
1399,1397,1398,319.0,25253163,321.0,23396,317.0,23799
1400,1398,1399,321.0,25276558,317.0,23799,311.0,117020
1401,1399,1400,317.0,8480503,311.0,117020,321.0,23411
1402,1400,1401,311.0,41856725,321.0,23411,316.0,23057
1403,1401,1402,321.0,25346828,316.0,23057,317.0,23764
1404,1402,1403,316.0,8284619,317.0,23764,321.0,23436
1405,1403,1404,317.0,8575636,321.0,23436,295.0,1040638
1406,1404,1405,321.0,25417098,295.0,1040638,484.0,576935
1407,1405,1406,295.0,41556398,484.0,576935,475.0,64068
1408,1406,1407,484.0,46452135,475.0,64068,472.0,470217
1409,1407,1408,475.0,8405548,472.0,470217,454.0,26527
1410,1408,1409,472.0,39786387,454.0,26527,454.0,99427
1411,1409,1410,454.0,8368007,454.0,99427,454.0,99427
1412,1410,1411,454.0,8467434,454.0,99427,417.0,86605
1413,1411,1412,454.0,8566861,417.0,86605,417.0,99126
1414,1412,1413,417.0,8428085,417.0,99126,366.0,3989
1415,1413,1414,417.0,8527211,366.0,3989,319.0,23743
1416,1414,1415,366.0,8614549,319.0,23743,319.0,23703
1417,1415,1416,319.0,25455709,319.0,23703,366.0,24088
1418,1416,1417,319.0,25479412,366.0,24088,321.0,23744
1419,1417,1418,366.0,8686872,321.0,23744,321.0,23703
1420,1418,1419,321.0,25526900,321.0,23703,366.0,24092
1421,1419,1420,321.0,25550603,366.0,24092,319.0,23746
1422,1420,1421,366.0,8759196,319.0,23746,319.0,23703
1423,1421,1422,319.0,25598092,319.0,23703,366.0,24095
1424,1422,1423,319.0,25621795,366.0,24095,321.0,23747
1425,1423,1424,366.0,8831519,321.0,23747,319.0,23584
1426,1424,1425,321.0,25669283,319.0,23584,344.0,23971
1427,1425,1426,319.0,25692867,344.0,23971,319.0,23618
1428,1426,1427,344.0,8657571,319.0,23618,319.0,23571
1429,1427,1428,319.0,25740092,319.0,23571,338.0,118118
1430,1428,1429,319.0,25763663,338.0,118118,321.0,23601
1431,1429,1430,338.0,42965363,321.0,23601,343.0,23210
1432,1430,1431,321.0,25810887,343.0,23210,338.0,117947
1433,1431,1432,343.0,8503136,338.0,117947,319.0,23585
1434,1432,1433,338.0,43319252,319.0,23585,344.0,23982
1435,1433,1434,319.0,25881683,344.0,23982,319.0,23493
1436,1434,1435,344.0,8849390,319.0,23493,321.0,23396
1437,1435,1436,319.0,25928778,321.0,23396,317.0,23806
1438,1436,1437,321.0,25952173,317.0,23806,311.0,117052
1439,1437,1438,317.0,8674814,311.0,117052,319.0,23415
1440,1438,1439,311.0,42813097,319.0,23415,321.0,23396
1441,1439,1440,319.0,26022444,321.0,23396,317.0,23772
1442,1440,1441,321.0,26045839,317.0,23772,311.0,116898
1443,1441,1442,317.0,8769948,311.0,116898,321.0,23399
1444,1442,1443,311.0,43281348,321.0,23399,316.0,23025
1445,1443,1444,321.0,26116109,316.0,23025,295.0,700647
1446,1444,1445,316.0,8565013,295.0,700647,484.0,225866
1447,1445,1446,295.0,42408047,484.0,225866,472.0,217873
1448,1446,1447,484.0,47411786,472.0,217873,475.0,100531
1449,1447,1448,472.0,40349233,475.0,100531,454.0,9259
1450,1448,1449,475.0,8726963,454.0,9259,433.0,464995
1451,1449,1450,454.0,8589067,433.0,464995,433.0,464835
1452,1450,1451,433.0,40639445,433.0,464835,396.0,308406
1453,1451,1452,433.0,41104280,396.0,308406,396.0,495592
1454,1452,1453,396.0,40439766,396.0,495592,381.0,231493
1455,1453,1454,396.0,40935358,381.0,231493,365.0,23181
1456,1454,1455,381.0,8811301,365.0,23181,366.0,24068
1457,1455,1456,365.0,8602989,366.0,24068,321.0,23735
1458,1456,1457,366.0,8904580,321.0,23735,365.0,23372
1459,1457,1458,321.0,26225561,365.0,23372,366.0,24072
1460,1458,1459,365.0,8673054,366.0,24072,319.0,23737
1461,1459,1460,366.0,8976904,319.0,23737,319.0,23703
1462,1460,1461,319.0,26296753,319.0,23703,366.0,24075
1463,1461,1462,319.0,26320456,366.0,24075,321.0,23738
1464,1462,1463,366.0,9049227,321.0,23738,321.0,23703
1465,1463,1464,321.0,26367944,321.0,23703,321.0,23635
1466,1464,1465,321.0,26391647,321.0,23635,344.0,23958
1467,1465,1466,321.0,26415282,344.0,23958,319.0,23612
1468,1466,1467,344.0,8899414,319.0,23612,343.0,23238
1469,1467,1468,319.0,26462507,343.0,23238,338.0,118056
1470,1468,1469,343.0,8667774,338.0,118056,321.0,23595
1471,1469,1470,338.0,44155686,321.0,23595,343.0,23194
1472,1470,1471,321.0,26533302,343.0,23194,338.0,117884
1473,1471,1472,343.0,8737418,338.0,117884,319.0,23579
1474,1472,1473,338.0,44509574,319.0,23579,344.0,23968
1475,1473,1474,319.0,26604098,344.0,23968,316.0,12091
1476,1474,1475,344.0,9091232,316.0,12091,311.0,117066
1477,1475,1476,316.0,8591899,311.0,117066,319.0,23416
1478,1476,1477,311.0,43769451,319.0,23416,321.0,23396
1479,1477,1478,319.0,26698057,321.0,23396,317.0,23775
1480,1478,1479,321.0,26721452,317.0,23775,311.0,116911
1481,1479,1480,317.0,8964255,311.0,116911,319.0,23401
1482,1480,1481,311.0,44237701,319.0,23401,316.0,23029
1483,1481,1482,319.0,26791723,316.0,23029,311.0,117164
1484,1482,1483,316.0,8753249,311.0,117164,319.0,23426
1485,1483,1484,311.0,44589179,319.0,23426,295.0,360580
1486,1484,1485,319.0,26861993,295.0,360580,488.0,236676
1487,1485,1486,295.0,43259620,488.0,236676,475.0,29157
1488,1486,1487,488.0,9936004,475.0,29157,472.0,470181
1489,1487,1488,475.0,8847293,472.0,470181,475.0,100532
1490,1488,1489,472.0,41852601,475.0,100532,454.0,91433
1491,1489,1490,475.0,9048372,454.0,91433,454.0,99427
1492,1490,1491,454.0,8909569,454.0,99427,417.0,52177
1493,1491,1492,454.0,9008996,417.0,52177,417.0,99126
1494,1492,1493,417.0,8870313,417.0,99126,381.0,97208
1495,1493,1494,417.0,8969439,381.0,97208,360.0,96934
1496,1494,1495,381.0,8915344,360.0,96934,321.0,23725
1497,1495,1496,360.0,44898754,321.0,23725,365.0,23345
1498,1496,1497,321.0,26924221,365.0,23345,360.0,118684
1499,1497,1498,365.0,8883951,360.0,118684,319.0,23727
1500,1498,1499,360.0,45254719,319.0,23727,365.0,23349
1501,1499,1500,319.0,26995413,365.0,23349,360.0,118700
1502,1500,1501,365.0,8954015,360.0,118700,321.0,23728
1503,1501,1502,360.0,45610685,321.0,23728,365.0,23353
1504,1502,1503,321.0,27066604,365.0,23353,360.0,118716
1505,1503,1504,365.0,9024079,360.0,118716,319.0,23631
1506,1504,1505,360.0,45966651,319.0,23631,344.0,23944
1507,1505,1506,319.0,27137697,344.0,23944,321.0,23605
1508,1506,1507,344.0,9141256,321.0,23605,343.0,23220
1509,1507,1508,321.0,27184921,343.0,23220,338.0,117986
1510,1508,1509,343.0,8902054,338.0,117986,321.0,23588
1511,1509,1510,338.0,45346001,321.0,23588,344.0,23990
1512,1510,1511,321.0,27255716,344.0,23990,338.0,117814
1513,1511,1512,344.0,9261174,338.0,117814,319.0,23572
1514,1512,1513,338.0,45699889,319.0,23572,344.0,23953
1515,1513,1514,319.0,27326512,344.0,23953,319.0,23544
1516,1514,1515,344.0,9333073,319.0,23544,321.0,23396
1517,1515,1516,319.0,27373671,321.0,23396,317.0,23779
1518,1516,1517,321.0,27397066,317.0,23779,311.0,116929
1519,1517,1518,317.0,9158563,311.0,116929,321.0,23402
1520,1518,1519,311.0,45194059,321.0,23402,316.0,23033
1521,1519,1520,321.0,27467336,316.0,23033,311.0,117180
1522,1520,1521,316.0,8941485,311.0,117180,321.0,23427
1523,1521,1522,311.0,45545535,321.0,23427,319.0,23396
1524,1522,1523,321.0,27537606,319.0,23396,317.0,23800
1525,1523,1524,319.0,27561002,317.0,23800,295.0,20519
1526,1524,1525,317.0,9325112,295.0,20519,488.0,165293
1527,1525,1526,295.0,44111199,488.0,165293,472.0,54527
1528,1526,1527,488.0,10126765,472.0,54527,475.0,100520
1529,1527,1528,472.0,42415407,475.0,100520,472.0,470188
1530,1528,1529,475.0,9168702,472.0,470188,454.0,74159
1531,1529,1530,472.0,43355968,454.0,74159,433.0,464888
1532,1530,1531,454.0,9130623,433.0,464888,396.0,136180
1533,1531,1532,433.0,43172348,396.0,136180,417.0,99137
1534,1532,1533,396.0,42497060,417.0,99137,406.0,13119
1535,1533,1534,417.0,9190569,406.0,13119,321.0,15272
1536,1534,1535,406.0,743479,321.0,15272,365.0,23316
1537,1535,1536,321.0,27622880,365.0,23316,360.0,118568
1538,1536,1537,365.0,9094846,360.0,118568,319.0,23716
1539,1537,1538,360.0,46326233,319.0,23716,365.0,23320
1540,1538,1539,319.0,27694072,365.0,23320,360.0,118584
1541,1539,1540,365.0,9164910,360.0,118584,321.0,23717
1542,1540,1541,360.0,46682199,321.0,23717,365.0,23324
1543,1541,1542,321.0,27765263,365.0,23324,360.0,118600
1544,1542,1543,365.0,9234974,360.0,118600,319.0,23719
1545,1543,1544,360.0,47038165,319.0,23719,343.0,10225
1546,1544,1545,319.0,27836455,343.0,10225,338.0,118083
1547,1545,1546,343.0,9066689,338.0,118083,319.0,23598
1548,1546,1547,338.0,46182423,319.0,23598,343.0,23201
1549,1547,1548,319.0,27907335,343.0,23201,338.0,117911
1550,1548,1549,343.0,9136333,338.0,117911,320.0,23581
1551,1549,1550,338.0,46536311,320.0,23581,344.0,23973
1552,1550,1551,320.0,27978130,344.0,23973,321.0,23618
1553,1551,1552,344.0,9503013,321.0,23618,320.0,23571
1554,1552,1553,321.0,28025354,320.0,23571,338.0,118120
1555,1553,1554,320.0,28048925,338.0,118120,317.0,4259
1556,1554,1555,338.0,47126515,317.0,4259,311.0,116929
1557,1555,1556,317.0,9352867,311.0,116929,321.0,23402
1558,1556,1557,311.0,46150399,321.0,23402,316.0,23033
1559,1557,1558,321.0,28142948,316.0,23033,311.0,117180
1560,1558,1559,316.0,9129717,311.0,117180,321.0,23427
1561,1559,1560,311.0,46501875,321.0,23427,319.0,23396
1562,1560,1561,321.0,28213218,319.0,23396,317.0,23800
1563,1561,1562,319.0,28236614,317.0,23800,311.0,117025
1564,1562,1563,317.0,9519416,311.0,117025,319.0,23412
1565,1563,1564,311.0,46970125,319.0,23412,316.0,23058
1566,1564,1565,319.0,28306884,316.0,23058,488.0,93897
1567,1565,1566,316.0,9291066,488.0,93897,484.0,1194748
1568,1566,1567,488.0,10317513,484.0,1194748,475.0,94797
1569,1567,1568,484.0,52312828,475.0,94797,475.0,100518
1570,1568,1569,475.0,9389589,475.0,100518,454.0,56902
1571,1569,1570,475.0,9490107,454.0,56902,454.0,99427
1572,1570,1571,454.0,9351694,454.0,99427,417.0,17740
1573,1571,1572,454.0,9451121,417.0,17740,396.0,495653
1574,1572,1573,417.0,9312532,396.0,495653,396.0,495592
1575,1573,1574,396.0,44021513,396.0,495592,366.0,11371
1576,1574,1575,396.0,44517105,366.0,11371,360.0,118450
1577,1575,1576,366.0,9605995,360.0,118450,319.0,23705
1578,1576,1577,360.0,47397745,319.0,23705,366.0,24111
1579,1577,1578,319.0,28392731,366.0,24111,360.0,118470
1580,1578,1579,366.0,9678319,360.0,118470,319.0,23707
1581,1579,1580,360.0,47753715,319.0,23707,366.0,24115
1582,1580,1581,319.0,28463923,366.0,24115,360.0,118489
1583,1581,1582,366.0,9750643,360.0,118489,321.0,23708
1584,1582,1583,360.0,48109684,321.0,23708,366.0,24118
1585,1583,1584,321.0,28535114,366.0,24118,343.0,6176
1586,1584,1585,366.0,9822966,343.0,6176,338.0,118009
1587,1585,1586,343.0,9300968,338.0,118009,319.0,23591
1588,1586,1587,338.0,47372734,319.0,23591,344.0,23995
1589,1587,1588,319.0,28629749,344.0,23995,338.0,117837
1590,1588,1589,344.0,9672955,338.0,117837,319.0,23574
1591,1589,1590,338.0,47726622,319.0,23574,344.0,23957
1592,1590,1591,319.0,28700544,344.0,23957,321.0,23611
1593,1591,1592,344.0,9744853,321.0,23611,343.0,23236
1594,1592,1593,321.0,28747768,343.0,23236,338.0,118048
1595,1593,1594,343.0,9486792,338.0,118048,319.0,23593
1596,1594,1595,338.0,48316828,319.0,23593,316.0,23037
1597,1595,1596,319.0,28818562,316.0,23037,317.0,23748
1598,1596,1597,316.0,9317953,317.0,23748,320.0,23429
1599,1597,1598,317.0,9642308,320.0,23429,321.0,23396
1600,1598,1599,320.0,28888832,321.0,23396,317.0,23803
1601,1599,1600,321.0,28912227,317.0,23803,311.0,117038
1602,1600,1601,317.0,9713723,311.0,117038,320.0,23413
1603,1601,1602,311.0,47926478,320.0,23413,316.0,23061
1604,1602,1603,320.0,28982497,316.0,23061,317.0,23768
1605,1603,1604,316.0,9479301,317.0,23768,311.0,116880
1606,1604,1605,317.0,9808856,311.0,116880,488.0,22510
1607,1605,1606,311.0,48394725,488.0,22510,484.0,843588
1608,1606,1607,488.0,10508270,484.0,843588,475.0,77315
1609,1607,1608,484.0,53272388,475.0,77315,475.0,100561
1610,1608,1609,475.0,9610435,475.0,100561,454.0,39626
1611,1609,1610,475.0,9710996,454.0,39626,433.0,464896
1612,1610,1611,454.0,9572746,433.0,464896,416.0,701
1613,1611,1612,433.0,45240366,416.0,701,417.0,99480
1614,1612,1613,416.0,769501,417.0,99480,417.0,99126
1615,1613,1614,417.0,9632786,417.0,99126,321.0,7046
1616,1614,1615,417.0,9731912,321.0,7046,321.0,23703
1617,1615,1616,321.0,29067686,321.0,23703,366.0,24085
1618,1616,1617,321.0,29091389,366.0,24085,319.0,23743
1619,1617,1618,366.0,9896021,319.0,23743,319.0,23703
1620,1618,1619,319.0,29138878,319.0,23703,366.0,24088
1621,1619,1620,319.0,29162581,366.0,24088,321.0,23744
1622,1620,1621,366.0,9968344,321.0,23744,321.0,23703
1623,1621,1622,321.0,29210069,321.0,23703,366.0,24092
1624,1622,1623,321.0,29233772,366.0,24092,319.0,23746
1625,1623,1624,366.0,10040668,319.0,23746,343.0,2125
1626,1624,1625,319.0,29281261,343.0,2125,338.0,117927
1627,1625,1626,343.0,9535245,338.0,117927,319.0,23583
1628,1626,1627,338.0,48563037,319.0,23583,344.0,23977
1629,1627,1628,319.0,29352162,344.0,23977,321.0,23620
1630,1628,1629,344.0,9914793,321.0,23620,320.0,23571
1631,1629,1630,321.0,29399386,320.0,23571,344.0,23940
1632,1630,1631,320.0,29422957,344.0,23940,319.0,23604
1633,1631,1632,344.0,9986692,319.0,23604,343.0,23216
1634,1632,1633,319.0,29470182,343.0,23216,338.0,117970
1635,1633,1634,343.0,9721070,338.0,117970,319.0,23587
1636,1634,1635,338.0,49507135,319.0,23587,319.0,23468
1637,1635,1636,319.0,29540977,319.0,23468,321.0,23396
1638,1636,1637,319.0,29564445,321.0,23396,317.0,23806
1639,1637,1638,321.0,29587840,317.0,23806,311.0,117052
1640,1638,1639,317.0,9908030,311.0,117052,319.0,23415
1641,1639,1640,311.0,48882832,319.0,23415,321.0,23396
1642,1640,1641,319.0,29658111,321.0,23396,317.0,23772
1643,1641,1642,321.0,29681506,317.0,23772,311.0,116898
1644,1642,1643,317.0,10003164,311.0,116898,321.0,23399
1645,1643,1644,311.0,49351083,321.0,23399,316.0,23025
1646,1644,1645,321.0,29751776,316.0,23025,295.0,958821
1647,1645,1646,316.0,9759691,295.0,958821,484.0,492452
1648,1646,1647,295.0,48624421,484.0,492452,475.0,59879
1649,1647,1648,484.0,54231972,475.0,59879,475.0,100518
1650,1648,1649,475.0,9831327,475.0,100518,454.0,22375
1651,1649,1650,475.0,9931845,454.0,22375,454.0,99427
1652,1650,1651,454.0,9793823,454.0,99427,454.0,99427
1653,1651,1652,454.0,9893250,454.0,99427,396.0,373642
1654,1652,1653,454.0,9992677,396.0,373642,417.0,99138
1655,1653,1654,396.0,46078802,417.0,99138,365.0,2902
1656,1654,1655,417.0,9953046,365.0,2902,360.0,118752
1657,1655,1656,365.0,9774350,360.0,118752,320.0,23733
1658,1656,1657,360.0,49778502,320.0,23733,365.0,23366
1659,1657,1658,320.0,29837538,365.0,23366,366.0,24067
1660,1658,1659,365.0,9844414,366.0,24067,319.0,23735
1661,1659,1660,366.0,10186051,319.0,23735,365.0,23371
1662,1660,1661,319.0,29908730,365.0,23371,366.0,24071
1663,1661,1662,365.0,9914479,366.0,24071,319.0,23737
1664,1662,1663,366.0,10258375,319.0,23737,319.0,23703
1665,1663,1664,319.0,29979922,319.0,23703,366.0,24075
1666,1664,1665,319.0,30003625,366.0,24075,338.0,108103
1667,1665,1666,366.0,10330699,338.0,108103,319.0,23577
1668,1666,1667,338.0,49753363,319.0,23577,344.0,23964
1669,1667,1668,319.0,30074577,344.0,23964,321.0,23614
1670,1668,1669,344.0,10156636,321.0,23614,343.0,23244
1671,1669,1670,321.0,30121801,343.0,23244,338.0,118079
1672,1670,1671,343.0,9885708,338.0,118079,321.0,23597
1673,1671,1672,338.0,50343569,321.0,23597,343.0,23199
1674,1672,1673,321.0,30192596,343.0,23199,338.0,117904
1675,1673,1674,343.0,9955351,338.0,117904,321.0,23580
1676,1674,1675,338.0,50697454,321.0,23580,316.0,15129
1677,1675,1676,321.0,30263391,316.0,15129,311.0,117066
1678,1676,1677,316.0,9786577,311.0,117066,319.0,23416
1679,1677,1678,311.0,49839186,319.0,23416,321.0,23396
1680,1678,1679,319.0,30333724,321.0,23396,317.0,23775
1681,1679,1680,321.0,30357119,317.0,23775,311.0,116911
1682,1680,1681,317.0,10197471,311.0,116911,319.0,23401
1683,1681,1682,311.0,50307436,319.0,23401,316.0,23029
1684,1682,1683,319.0,30427390,316.0,23029,311.0,117164
1685,1683,1684,316.0,9947927,311.0,117164,319.0,23426
1686,1684,1685,311.0,50658914,319.0,23426,295.0,618755
1687,1685,1686,319.0,30497660,295.0,618755,484.0,141305
1688,1686,1687,295.0,49475995,484.0,141305,472.0,198302
1689,1687,1688,484.0,55191545,472.0,198302,475.0,100552
1690,1688,1689,472.0,47018222,475.0,100552,454.0,5101
1691,1689,1690,475.0,10152736,454.0,5101,433.0,464964
1692,1690,1691,454.0,10014877,433.0,464964,433.0,464835
1693,1691,1692,433.0,47308444,433.0,464835,417.0,65234
1694,1692,1693,433.0,47773279,417.0,65234,396.0,495669
1695,1693,1694,417.0,10075010,396.0,495669,381.0,199157
1696,1694,1695,396.0,47603269,381.0,199157,321.0,22525
1697,1695,1696,381.0,10208933,321.0,22525,365.0,23337
1698,1696,1697,321.0,30536197,365.0,23337,360.0,118652
1699,1697,1698,365.0,10055309,360.0,118652,319.0,23724
1700,1698,1699,360.0,51205982,319.0,23724,365.0,23341
1701,1699,1700,319.0,30607389,365.0,23341,360.0,118668
1702,1700,1701,365.0,10125373,360.0,118668,321.0,23725
1703,1701,1702,360.0,51561948,321.0,23725,365.0,23345
1704,1702,1703,321.0,30678580,365.0,23345,360.0,118684
1705,1703,1704,365.0,10195437,360.0,118684,319.0,23727
1706,1704,1705,360.0,51917914,319.0,23727,321.0,23648
1707,1705,1706,319.0,30749772,321.0,23648,320.0,23571
1708,1706,1707,321.0,30773419,320.0,23571,344.0,23946
1709,1707,1708,320.0,30796990,344.0,23946,321.0,23606
1710,1708,1709,344.0,10398474,321.0,23606,343.0,23223
1711,1709,1710,321.0,30844214,343.0,23223,338.0,117997
1712,1710,1711,343.0,10119985,338.0,117997,321.0,23589
1713,1711,1712,338.0,51533872,321.0,23589,344.0,23992
1714,1712,1713,321.0,30915009,344.0,23992,338.0,117823
1715,1713,1714,344.0,10518392,338.0,117823,319.0,23573
1716,1714,1715,338.0,51887758,319.0,23573,314.0,11141
1717,1715,1716,319.0,30985805,314.0,11141,321.0,23396
1718,1716,1717,314.0,10020917,321.0,23396,317.0,23777
1719,1717,1718,321.0,31032732,317.0,23777,311.0,116920
1720,1718,1719,317.0,10391777,311.0,116920,321.0,23401
1721,1719,1720,311.0,51263785,321.0,23401,316.0,23030
1722,1720,1721,321.0,31103002,316.0,23030,311.0,117168
1723,1721,1722,316.0,10136160,311.0,117168,320.0,23426
1724,1722,1723,311.0,51615258,320.0,23426,321.0,23396
1725,1723,1724,320.0,31173272,321.0,23396,317.0,23797
1726,1724,1725,321.0,31196667,317.0,23797,295.0,278645
1727,1725,1726,317.0,10558325,295.0,278645,488.0,219477
1728,1726,1727,295.0,50327525,488.0,219477,475.0,24958
1729,1727,1728,488.0,11491669,475.0,24958,472.0,470302
1730,1728,1729,475.0,10273062,472.0,470302,475.0,100549
1731,1729,1730,472.0,48521562,475.0,100549,454.0,87271
1732,1730,1731,475.0,10474141,454.0,87271,454.0,99427
1733,1731,1732,454.0,10335375,454.0,99427,417.0,48035
1734,1732,1733,454.0,10434802,417.0,48035,417.0,99126
1735,1733,1734,417.0,10296139,417.0,99126,381.0,64853
1736,1734,1735,417.0,10395265,381.0,64853,366.0,18749
1737,1735,1736,381.0,10312957,366.0,18749,360.0,118536
1738,1736,1737,366.0,10597437,360.0,118536,319.0,23713
1739,1737,1738,360.0,52277496,319.0,23713,318.0,377
1740,1738,1739,319.0,31306048,318.0,377,360.0,118551
1741,1739,1740,318.0,497299,360.0,118551,321.0,23714
1742,1740,1741,360.0,52633461,321.0,23714,365.0,23316
1743,1741,1742,321.0,31377239,365.0,23316,360.0,118568
1744,1742,1743,365.0,10406332,360.0,118568,319.0,23716
1745,1743,1744,360.0,52989428,319.0,23716,365.0,23320
1746,1744,1745,319.0,31448431,365.0,23320,319.0,23679
1747,1745,1746,365.0,10476396,319.0,23679,343.0,23248
1748,1746,1747,319.0,31495833,343.0,23248,338.0,118095
1749,1747,1748,343.0,10284620,338.0,118095,319.0,23599
1750,1748,1749,338.0,52370295,319.0,23599,343.0,23203
1751,1749,1750,319.0,31566628,343.0,23203,338.0,117919
1752,1750,1751,343.0,10354263,338.0,117919,319.0,23582
1753,1751,1752,338.0,52724179,319.0,23582,344.0,23975
1754,1752,1753,319.0,31637423,344.0,23975,321.0,23619
1755,1753,1754,344.0,10760231,321.0,23619,320.0,23571
1756,1754,1755,321.0,31684647,320.0,23571,317.0,7394
1757,1755,1756,320.0,31708218,317.0,7394,311.0,116925
1758,1756,1757,317.0,10586082,311.0,116925,319.0,23402
1759,1757,1758,311.0,52220130,319.0,23402,316.0,23032
1760,1758,1759,319.0,31778615,316.0,23032,311.0,117176
1761,1759,1760,316.0,10324394,311.0,117176,319.0,23427
1762,1760,1761,311.0,52571606,319.0,23427,321.0,23396
1763,1761,1762,319.0,31848885,321.0,23396,317.0,23799
1764,1762,1763,321.0,31872280,317.0,23799,311.0,117020
1765,1763,1764,317.0,10752631,311.0,117020,321.0,23411
1766,1764,1765,311.0,53039855,321.0,23411,316.0,23057
1767,1765,1766,321.0,31942550,316.0,23057,488.0,148088
1768,1766,1767,316.0,10485743,488.0,148088,472.0,34913
1769,1767,1768,488.0,11682424,472.0,34913,475.0,100535
1770,1768,1769,472.0,49084353,475.0,100535,472.0,470295
1771,1769,1770,475.0,10594469,472.0,470295,433.0,327021
1772,1770,1771,472.0,50024915,433.0,327021,433.0,464835
1773,1771,1772,433.0,49376461,433.0,464835,396.0,115476
1774,1772,1773,433.0,49841296,396.0,115476,396.0,495592
1775,1773,1774,396.0,49164916,396.0,495592,417.0,99133
1776,1774,1775,396.0,49660508,417.0,99133,319.0,14299
1777,1775,1776,417.0,10715517,319.0,14299,319.0,23703
1778,1776,1777,319.0,31981003,319.0,23703,366.0,24102
1779,1777,1778,319.0,32004706,366.0,24102,321.0,23750
1780,1778,1779,366.0,10887462,321.0,23750,321.0,23703
1781,1779,1780,321.0,32052194,321.0,23703,366.0,24105
1782,1780,1781,321.0,32075897,366.0,24105,360.0,118441
1783,1781,1782,366.0,10959785,360.0,118441,319.0,23704
1784,1782,1783,360.0,54060931,319.0,23704,366.0,24108
1785,1783,1784,319.0,32147089,366.0,24108,360.0,118455
1786,1784,1785,366.0,11032108,360.0,118455,321.0,23670
1787,1785,1786,360.0,54416895,321.0,23670,343.0,23226
1788,1786,1787,321.0,32218245,343.0,23226,338.0,118009
1789,1787,1788,343.0,10518896,338.0,118009,319.0,23591
1790,1788,1789,338.0,53560594,319.0,23591,344.0,23995
1791,1789,1790,319.0,32289041,344.0,23995,338.0,117837
1792,1790,1791,344.0,10930171,338.0,117837,319.0,23574
1793,1791,1792,338.0,53914482,319.0,23574,344.0,23957
1794,1792,1793,319.0,32359836,344.0,23957,321.0,23611
1795,1793,1794,344.0,11002069,321.0,23611,343.0,23236
1796,1794,1795,321.0,32407060,343.0,23236,321.0,23591
1797,1795,1796,343.0,10704720,321.0,23591,316.0,23033
1798,1796,1797,321.0,32454227,316.0,23033,311.0,117180
1799,1797,1798,316.0,10512627,311.0,117180,321.0,23427
1800,1798,1799,311.0,53527950,321.0,23427,319.0,23396
1801,1799,1800,321.0,32524497,319.0,23396,317.0,23800
1802,1800,1801,319.0,32547893,317.0,23800,311.0,117025
1803,1801,1802,317.0,10946936,311.0,117025,319.0,23412
1804,1802,1803,311.0,53996200,319.0,23412,316.0,23058
1805,1803,1804,319.0,32618163,316.0,23058,317.0,23765
1806,1804,1805,316.0,10673976,317.0,23765,311.0,116866
1807,1805,1806,317.0,11042069,311.0,116866,488.0,76694
1808,1806,1807,311.0,54464446,488.0,76694,484.0,1110125
1809,1807,1808,488.0,11873174,484.0,1110125,472.0,423490
1810,1808,1809,484.0,60092525,472.0,423490,475.0,100532
1811,1809,1810,472.0,50587690,475.0,100532,454.0,52738
1812,1810,1811,475.0,10915874,454.0,52738,454.0,99427
1813,1811,1812,454.0,10777498,454.0,99427,417.0,13595
1814,1812,1813,454.0,10876925,417.0,13595,417.0,99126
1815,1813,1814,417.0,10738355,417.0,99126,396.0,495631
1816,1814,1815,417.0,10837481,396.0,495631,319.0,10145
1817,1815,1816,396.0,51184971,319.0,10145,366.0,24077
1818,1816,1817,319.0,32703365,366.0,24077,321.0,23739
1819,1817,1818,366.0,11105165,321.0,23739,321.0,23703
1820,1818,1819,321.0,32750853,321.0,23703,366.0,24081
1821,1819,1820,321.0,32774556,366.0,24081,319.0,23741
1822,1820,1821,366.0,11177489,319.0,23741,319.0,23703
1823,1821,1822,319.0,32822045,319.0,23703,366.0,24084
1824,1822,1823,319.0,32845748,366.0,24084,321.0,23742
1825,1823,1824,366.0,11249812,321.0,23742,321.0,23703
1826,1824,1825,321.0,32893236,321.0,23703,319.0,23720
1827,1825,1826,321.0,32916939,319.0,23720,343.0,23206
1828,1826,1827,319.0,32940659,343.0,23206,338.0,117931
1829,1827,1828,343.0,10753174,338.0,117931,320.0,23583
1830,1828,1829,338.0,54750901,320.0,23583,344.0,23978
1831,1829,1830,320.0,33011454,344.0,23978,319.0,23621
1832,1830,1831,344.0,11172010,319.0,23621,319.0,23571
1833,1831,1832,319.0,33058679,319.0,23571,344.0,23942
1834,1832,1833,319.0,33082250,344.0,23942,319.0,23605
1835,1833,1834,344.0,11243910,319.0,23605,343.0,23219
1836,1834,1835,319.0,33129475,343.0,23219,338.0,117982
1837,1835,1836,343.0,10939001,338.0,117982,321.0,23429
1838,1836,1837,338.0,55695007,321.0,23429,319.0,23396
1839,1837,1838,321.0,33200111,319.0,23396,317.0,23805
1840,1838,1839,319.0,33223507,317.0,23805,311.0,117047
1841,1839,1840,317.0,11141245,311.0,117047,314.0,23042
1842,1840,1841,311.0,54952562,314.0,23042,316.0,23064
1843,1841,1842,314.0,10839128,316.0,23064,317.0,23770
1844,1842,1843,316.0,10862214,317.0,23770,311.0,116889
1845,1843,1844,317.0,11236378,311.0,116889,321.0,23398
1846,1844,1845,311.0,55420809,321.0,23398,316.0,23023
1847,1845,1846,321.0,33387442,316.0,23023,488.0,5317
1848,1846,1847,316.0,10954367,488.0,5317,484.0,759014
1849,1847,1848,488.0,12063941,484.0,759014,475.0,73119
1850,1848,1849,484.0,61052134,475.0,73119,472.0,470209
1851,1849,1850,475.0,11036207,472.0,470209,454.0,35467
1852,1850,1851,472.0,52091079,454.0,35467,433.0,464858
1853,1851,1852,454.0,10998555,433.0,464858,454.0,99429
1854,1852,1853,433.0,51909358,454.0,99429,417.0,95526
1855,1853,1854,454.0,11197429,417.0,95526,417.0,99126
1856,1854,1855,417.0,11058614,417.0,99126,360.0,30199
1857,1855,1856,417.0,11157740,360.0,30199,319.0,23730
1858,1856,1857,360.0,55729759,319.0,23730,365.0,23357
1859,1857,1858,319.0,33449514,365.0,23357,360.0,118732
1860,1858,1859,365.0,11015771,360.0,118732,321.0,23731
1861,1859,1860,360.0,56085727,321.0,23731,365.0,23361
1862,1860,1861,321.0,33520705,365.0,23361,360.0,118748
1863,1861,1862,365.0,11085835,360.0,118748,319.0,23733
1864,1862,1863,360.0,56441693,319.0,23733,365.0,23365
1865,1863,1864,319.0,33591897,365.0,23365,366.0,24066
1866,1864,1865,365.0,11155899,366.0,24066,320.0,23720
1867,1865,1866,366.0,11539842,320.0,23720,343.0,23190
1868,1866,1867,320.0,33663074,343.0,23190,338.0,117869
1869,1867,1868,343.0,10987456,338.0,117869,341.0,23202
1870,1868,1869,338.0,55941224,341.0,23202,344.0,23964
1871,1869,1870,341.0,11033906,344.0,23964,321.0,23614
1872,1870,1871,344.0,11413852,321.0,23614,343.0,23244
1873,1871,1872,321.0,33781093,343.0,23244,338.0,118079
1874,1872,1873,343.0,11103636,338.0,118079,321.0,23597
1875,1873,1874,338.0,56531429,321.0,23597,343.0,23199
1876,1874,1875,321.0,33851888,343.0,23199,338.0,117904
1877,1875,1876,343.0,11173279,338.0,117904,317.0,18814
1878,1876,1877,338.0,56885314,317.0,18814,311.0,117052
1879,1877,1878,317.0,11335550,311.0,117052,319.0,23415
1880,1878,1879,311.0,55908907,319.0,23415,321.0,23396
1881,1879,1880,319.0,33969390,321.0,23396,317.0,23772
1882,1880,1881,321.0,33992785,317.0,23772,311.0,116898
1883,1881,1882,317.0,11430684,311.0,116898,321.0,23399
1884,1882,1883,311.0,56377158,321.0,23399,316.0,23025
1885,1883,1884,321.0,34063055,316.0,23025,311.0,117149
1886,1884,1885,316.0,11142601,311.0,117149,321.0,23424
1887,1885,1886,311.0,56728634,321.0,23424,295.0,876874
1888,1886,1887,321.0,34133325,295.0,876874,484.0,407835
1889,1887,1888,295.0,55692314,484.0,407835,472.0,260142
1890,1888,1889,484.0,62011675,472.0,260142,475.0,100521
1891,1889,1890,472.0,52653862,475.0,100521,454.0,18212
1892,1890,1891,475.0,11357613,454.0,18212,454.0,99427
1893,1891,1892,454.0,11219628,454.0,99427,454.0,99427
1894,1892,1893,454.0,11319055,454.0,99427,396.0,352951
1895,1893,1894,454.0,11418482,396.0,352951,396.0,495592
1896,1894,1895,396.0,52746671,396.0,495592,319.0,1921
1897,1895,1896,396.0,53242263,319.0,1921,365.0,23328
1898,1896,1897,319.0,34148173,365.0,23328,360.0,118616
1899,1897,1898,365.0,11226666,360.0,118616,321.0,23720
1900,1898,1899,360.0,57157241,321.0,23720,365.0,23332
1901,1899,1900,321.0,34219364,365.0,23332,360.0,118632
1902,1900,1901,365.0,11296730,360.0,118632,319.0,23722
1903,1901,1902,360.0,57513207,319.0,23722,365.0,23336
1904,1902,1903,319.0,34290556,365.0,23336,360.0,118648
1905,1903,1904,365.0,11366794,360.0,118648,321.0,23723
1906,1904,1905,360.0,57869173,321.0,23723,365.0,23340
1907,1905,1906,321.0,34361747,365.0,23340,344.0,21042
1908,1906,1907,365.0,11436858,344.0,21042,321.0,23624
1909,1907,1908,344.0,11583794,321.0,23624,320.0,23571
1910,1908,1909,321.0,34432712,320.0,23571,344.0,23949
1911,1909,1910,320.0,34456283,344.0,23949,319.0,23608
1912,1910,1911,344.0,11655693,319.0,23608,343.0,23227
1913,1911,1912,319.0,34503508,343.0,23227,338.0,118013
1914,1912,1913,343.0,11337917,338.0,118013,319.0,23591
1915,1913,1914,338.0,57721748,319.0,23591,344.0,23995
1916,1914,1915,319.0,34574303,344.0,23995,338.0,117837
1917,1915,1916,344.0,11775611,338.0,117837,319.0,23480
1918,1916,1917,338.0,58075632,319.0,23480,321.0,23396
1919,1917,1918,319.0,34645004,321.0,23396,317.0,23777
1920,1918,1919,321.0,34668399,317.0,23777,311.0,116920
1921,1919,1920,317.0,11624993,311.0,116920,321.0,23401
1922,1920,1921,311.0,57333520,321.0,23401,316.0,23030
1923,1921,1922,321.0,34738669,316.0,23030,311.0,117168
1924,1922,1923,316.0,11330838,311.0,117168,320.0,23426
1925,1923,1924,311.0,57684993,320.0,23426,321.0,23396
1926,1924,1925,320.0,34808939,321.0,23396,317.0,23797
1927,1925,1926,321.0,34832334,317.0,23797,295.0,536820
1928,1926,1927,317.0,11791541,295.0,536820,484.0,56700
1929,1927,1928,295.0,56543900,484.0,56700,475.0,38200
1930,1928,1929,484.0,62971260,475.0,38200,472.0,470117
1931,1929,1930,475.0,11477944,472.0,470117,454.0,939
1932,1930,1931,472.0,54157237,454.0,939,433.0,464903
1933,1931,1932,454.0,11440683,433.0,464903,454.0,99435
1934,1932,1933,433.0,53977413,454.0,99435,417.0,61091
1935,1933,1934,454.0,11639557,417.0,61091,417.0,99126
1936,1934,1935,417.0,11500835,417.0,99126,381.0,166801
1937,1935,1936,417.0,11599961,381.0,166801,360.0,107477
1938,1936,1937,381.0,11606545,360.0,107477,319.0,23710
1939,1937,1938,360.0,58228757,319.0,23710,366.0,24122
1940,1938,1939,319.0,34918024,366.0,24122,360.0,118522
1941,1939,1940,366.0,11878906,360.0,118522,321.0,23711
1942,1940,1941,360.0,58584727,321.0,23711,366.0,24125
1943,1941,1942,321.0,34989215,366.0,24125,360.0,118536
1944,1942,1943,366.0,11951229,360.0,118536,319.0,23713
1945,1943,1944,360.0,58940691,319.0,23713,318.0,377
1946,1944,1945,319.0,35060407,318.0,377,360.0,118551
1947,1945,1946,318.0,556892,360.0,118551,344.0,16866
1948,1946,1947,360.0,59296656,344.0,16866,320.0,23617
1949,1947,1948,344.0,11825634,320.0,23617,319.0,23571
1950,1948,1949,320.0,35155126,319.0,23571,338.0,118108
1951,1949,1950,319.0,35178697,338.0,118108,321.0,23600
1952,1950,1951,338.0,58558168,321.0,23600,343.0,23207
1953,1951,1952,321.0,35225921,343.0,23207,338.0,117935
1954,1952,1953,343.0,11572195,338.0,117935,321.0,23583
1955,1953,1954,338.0,58912055,321.0,23583,344.0,23978
1956,1954,1955,321.0,35296716,344.0,23978,319.0,23621
1957,1955,1956,344.0,12017450,319.0,23621,317.0,10530
1958,1956,1957,319.0,35343941,317.0,10530,311.0,116925
1959,1957,1958,317.0,11819298,311.0,116925,319.0,23402
1960,1958,1959,311.0,58289865,319.0,23402,316.0,23032
1961,1959,1960,319.0,35414282,316.0,23032,311.0,117176
1962,1960,1961,316.0,11519072,311.0,117176,319.0,23427
1963,1961,1962,311.0,58641341,319.0,23427,321.0,23396
1964,1962,1963,319.0,35484552,321.0,23396,317.0,23799
1965,1963,1964,321.0,35507947,317.0,23799,311.0,117020
1966,1964,1965,317.0,11985847,311.0,117020,321.0,23411
1967,1965,1966,311.0,59109590,321.0,23411,295.0,196724
1968,1966,1967,321.0,35578217,295.0,196724,488.0,202280
1969,1967,1968,295.0,57395444,488.0,202280,475.0,20760
1970,1968,1969,488.0,13047336,475.0,20760,475.0,100518
1971,1969,1970,475.0,11698832,475.0,100518,472.0,470102
1972,1970,1971,475.0,11799350,472.0,470102,454.0,83109
1973,1971,1972,472.0,55660582,454.0,83109,454.0,99427
1974,1972,1973,454.0,11761181,454.0,99427,417.0,43892
1975,1973,1974,454.0,11860608,417.0,43892,417.0,99126
1976,1974,1975,417.0,11721964,417.0,99126,381.0,32493
1977,1975,1976,417.0,11821090,381.0,32493,321.0,17398
1978,1976,1977,381.0,11710565,321.0,17398,366.0,24096
1979,1977,1978,321.0,35616682,366.0,24096,319.0,23748
1980,1978,1979,366.0,12096608,319.0,23748,319.0,23703
1981,1979,1980,319.0,35664171,319.0,23703,366.0,24100
1982,1980,1981,319.0,35687874,366.0,24100,319.0,23750
1983,1981,1982,366.0,12168932,319.0,23750,319.0,23703
1984,1982,1983,319.0,35735363,319.0,23703,366.0,24104
1985,1983,1984,319.0,35759066,366.0,24104,321.0,23751
1986,1984,1985,366.0,12241256,321.0,23751,321.0,23703
1987,1985,1986,321.0,35806554,321.0,23703,344.0,12690
1988,1986,1987,321.0,35830257,344.0,12690,319.0,23610
1989,1987,1988,344.0,12067474,319.0,23610,343.0,23232
1990,1988,1989,319.0,35877540,343.0,23232,338.0,118032
1991,1989,1990,343.0,11736830,338.0,118032,319.0,23593
1992,1990,1991,338.0,59748477,319.0,23593,344.0,24000
1993,1991,1992,319.0,35948335,344.0,24000,338.0,117860
1994,1992,1993,344.0,12187392,338.0,117860,321.0,23576
1995,1993,1994,338.0,60102365,321.0,23576,344.0,23963
1996,1994,1995,321.0,36019130,344.0,23963,319.0,23614
1997,1995,1996,344.0,12259291,319.0,23614,321.0,23541
1998,1996,1997,319.0,36066355,321.0,23541,316.0,23036
1999,1997,1998,321.0,36089895,316.0,23036,317.0,23747
2000,1998,1999,316.0,11707308,317.0,23747,319.0,23429
2001,1999,2000,317.0,12108739,319.0,23429,321.0,23396
2002,2000,2001,319.0,36160166,321.0,23396,317.0,23803
2003,2001,2002,321.0,36183561,317.0,23803,311.0,117038
2004,2002,2003,317.0,12180155,311.0,117038,320.0,23413
2005,2003,2004,311.0,60065948,320.0,23413,316.0,23061
2006,2004,2005,320.0,36253831,316.0,23061,317.0,23768
2007,2005,2006,316.0,11868657,317.0,23768,311.0,116880
2008,2006,2007,317.0,12275288,311.0,116880,488.0,130899
2009,2007,2008,311.0,60534195,488.0,130899,472.0,15345
2010,2008,2009,488.0,13238099,472.0,15345,475.0,100557
2011,2009,2010,472.0,55753345,475.0,100557,475.0,100518
2012,2010,2011,475.0,12020243,475.0,100518,433.0,307468
2013,2011,2012,475.0,12120761,433.0,307468,454.0,99444
2014,2012,2013,433.0,56045468,454.0,99444,396.0,94831
2015,2013,2014,454.0,12081688,396.0,94831,396.0,495592
2016,2014,2015,396.0,55832831,396.0,495592,396.0,495592
2017,2015,2016,396.0,56328423,396.0,495592,366.0,13513
2018,2016,2017,396.0,56824015,366.0,13513,321.0,23737
2019,2017,2018,366.0,12314313,321.0,23737,321.0,23703
2020,2018,2019,321.0,36362830,321.0,23703,366.0,24076
2021,2019,2020,321.0,36386533,366.0,24076,319.0,23739
2022,2020,2021,366.0,12386636,319.0,23739,319.0,23703
2023,2021,2022,319.0,36434022,319.0,23703,366.0,24080
2024,2022,2023,319.0,36457725,366.0,24080,319.0,23741
2025,2023,2024,366.0,12458960,319.0,23741,319.0,23703
2026,2024,2025,319.0,36505214,319.0,23703,366.0,24084
2027,2025,2026,319.0,36528917,366.0,24084,344.0,8514
2028,2026,2027,366.0,12531284,344.0,8514,319.0,23603
2029,2027,2028,344.0,12309314,319.0,23603,343.0,23214
2030,2028,2029,319.0,36599954,343.0,23214,338.0,117962
2031,2029,2030,343.0,11971110,338.0,117962,320.0,23586
2032,2030,2031,338.0,60938792,320.0,23586,344.0,23984
2033,2031,2032,320.0,36670749,344.0,23984,321.0,23623
2034,2032,2033,344.0,12429232,321.0,23623,320.0,23571
2035,2033,2034,321.0,36717973,320.0,23571,344.0,23946
2036,2034,2035,320.0,36741544,344.0,23946,321.0,23606
2037,2035,2036,344.0,12501130,321.0,23606,317.0,2244
2038,2036,2037,321.0,36788768,317.0,2244,320.0,23429
2039,2037,2038,317.0,12303044,320.0,23429,321.0,23396
2040,2038,2039,320.0,36835778,321.0,23396,317.0,23803
2041,2039,2040,321.0,36859173,317.0,23803,311.0,117038
2042,2040,2041,317.0,12374459,311.0,117038,320.0,23413
2043,2041,2042,311.0,61022288,320.0,23413,316.0,23061
2044,2042,2043,320.0,36929443,316.0,23061,317.0,23768
2045,2043,2044,316.0,12056889,317.0,23768,311.0,116880
2046,2044,2045,317.0,12469592,311.0,116880,321.0,23397
2047,2045,2046,311.0,61490535,321.0,23397,316.0,23020
2048,2046,2047,321.0,37023108,316.0,23020,488.0,59503
2049,2047,2048,316.0,12149042,488.0,59503,484.0,1025560
2050,2048,2049,488.0,13428847,484.0,1025560,472.0,403916
2051,2049,2050,484.0,67872280,472.0,403916,475.0,100553
2052,2050,2051,472.0,57256676,475.0,100553,454.0,48580
2053,2051,2052,475.0,12341647,454.0,48580,454.0,99427
2054,2052,2053,454.0,12203308,454.0,99427,417.0,9456
2055,2053,2054,454.0,12302735,417.0,9456,417.0,99126
2056,2054,2055,417.0,12164184,417.0,99126,417.0,99126
2057,2055,2056,417.0,12263310,417.0,99126,321.0,9173
2058,2056,2057,417.0,12362436,321.0,9173,365.0,23348
2059,2057,2058,321.0,37061489,365.0,23348,360.0,118696
2060,2058,2059,365.0,12187128,360.0,118696,319.0,23728
2061,2059,2060,360.0,62036986,319.0,23728,365.0,23352
2062,2060,2061,319.0,37132681,365.0,23352,360.0,118712
2063,2061,2062,365.0,12257192,360.0,118712,321.0,23729
2064,2062,2063,360.0,62392952,321.0,23729,365.0,23356
2065,2063,2064,321.0,37203872,365.0,23356,360.0,118728
2066,2064,2065,365.0,12327256,360.0,118728,319.0,23731
2067,2065,2066,360.0,62748918,319.0,23731,338.0,21347
2068,2066,2067,319.0,37275064,338.0,21347,319.0,23595
2069,2067,2068,338.0,61775207,319.0,23595,343.0,23193
2070,2068,2069,319.0,37322367,343.0,23193,338.0,117880
2071,2069,2070,343.0,12205387,338.0,117880,320.0,23578
2072,2070,2071,338.0,62129095,320.0,23578,344.0,23966
2073,2071,2072,320.0,37393162,344.0,23966,321.0,23615
2074,2072,2073,344.0,12671070,321.0,23615,343.0,23247
2075,2073,2074,321.0,37440386,343.0,23247,338.0,118091
2076,2074,2075,343.0,12321567,338.0,118091,319.0,23599
2077,2075,2076,338.0,62719301,319.0,23599,343.0,23203
2078,2076,2077,319.0,37511182,343.0,23203,317.0,21950
2079,2077,2078,343.0,12391211,317.0,21950,311.0,117052
2080,2078,2079,317.0,12568766,311.0,117052,319.0,23415
2081,2079,2080,311.0,61978642,319.0,23415,321.0,23396
2082,2080,2081,319.0,37605057,321.0,23396,317.0,23772
2083,2081,2082,321.0,37628452,317.0,23772,311.0,116898
2084,2082,2083,317.0,12663900,311.0,116898,321.0,23399
2085,2083,2084,311.0,62446893,321.0,23399,316.0,23025
2086,2084,2085,321.0,37698722,316.0,23025,311.0,117149
2087,2085,2086,316.0,12337279,311.0,117149,321.0,23424
2088,2086,2087,311.0,62798369,321.0,23424,295.0,1135048
2089,2087,2088,321.0,37768992,295.0,1135048,484.0,674421
2090,2088,2089,295.0,61908688,484.0,674421,475.0,68921
2091,2089,2090,484.0,68831861,475.0,68921,472.0,470338
2092,2090,2091,475.0,12461977,472.0,470338,433.0,145977
2093,2091,2092,472.0,58760048,433.0,145977,453.0,7795
2094,2092,2093,433.0,58113497,453.0,7795,454.0,99422
2095,2093,2094,453.0,1010025,454.0,99422,417.0,91385
2096,2094,2095,454.0,12623236,417.0,91385,417.0,99126
2097,2095,2096,417.0,12484441,417.0,99126,365.0,4968
2098,2096,2097,417.0,12583567,365.0,4968,360.0,118584
2099,2097,2098,365.0,12398024,360.0,118584,321.0,23717
2100,2098,2099,360.0,63108504,321.0,23717,365.0,23324
2101,2099,2100,321.0,37831340,365.0,23324,360.0,118600
2102,2100,2101,365.0,12468088,360.0,118600,319.0,23719
2103,2101,2102,360.0,63464470,319.0,23719,365.0,23328
2104,2102,2103,319.0,37902532,365.0,23328,360.0,118616
2105,2103,2104,365.0,12538152,360.0,118616,321.0,23720
2106,2104,2105,360.0,63820436,321.0,23720,365.0,23332
2107,2105,2106,321.0,37973723,365.0,23332,338.0,800
2108,2106,2107,365.0,12608216,338.0,800,319.0,23588
2109,2107,2108,338.0,62965520,319.0,23588,344.0,23989
2110,2108,2109,319.0,38044781,344.0,23989,322.0,375
2111,2109,2110,344.0,12841013,322.0,375,321.0,23571
2112,2110,2111,322.0,604635,321.0,23571,344.0,23952
2113,2111,2112,321.0,38115576,344.0,23952,341.0,23234
2114,2112,2113,344.0,12912912,341.0,23234,343.0,23230
2115,2113,2114,341.0,12532602,343.0,23230,338.0,118025
2116,2114,2115,343.0,12555848,338.0,118025,321.0,23592
2117,2115,2116,338.0,63909620,321.0,23592,344.0,23998
2118,2116,2117,321.0,38233596,344.0,23998,321.0,23479
2119,2117,2118,344.0,13032830,321.0,23479,319.0,23396
2120,2118,2119,321.0,38280670,319.0,23396,317.0,23776
2121,2119,2120,319.0,38304066,317.0,23776,311.0,116916
2122,2120,2121,317.0,12858208,311.0,116916,319.0,23401
2123,2121,2122,311.0,63403251,319.0,23401,316.0,23029
2124,2122,2123,319.0,38374336,316.0,23029,311.0,117164
2125,2123,2124,316.0,12525515,311.0,117164,319.0,23426
2126,2124,2125,311.0,63754724,319.0,23426,321.0,23396
2127,2125,2126,319.0,38444606,321.0,23396,317.0,23797
2128,2126,2127,321.0,38468001,317.0,23797,295.0,794994
2129,2127,2128,317.0,13024757,295.0,794994,484.0,323287
2130,2128,2129,295.0,62760274,484.0,323287,472.0,240578
2131,2129,2130,484.0,69791447,472.0,240578,475.0,100543
2132,2130,2131,472.0,59322858,475.0,100543,454.0,14055
2133,2131,2132,475.0,12783387,454.0,14055,454.0,99427
2134,2132,2133,454.0,12645439,454.0,99427,454.0,99427
2135,2133,2134,454.0,12744866,454.0,99427,396.0,332306
2136,2134,2135,454.0,12844293,396.0,332306,396.0,495592
2137,2135,2136,396.0,59414586,396.0,495592,360.0,4448
2138,2136,2137,396.0,59910178,360.0,4448,321.0,23707
2139,2137,2138,360.0,64180028,321.0,23707,366.0,24116
2140,2138,2139,321.0,38530000,366.0,24116,360.0,118493
2141,2139,2140,366.0,13088052,360.0,118493,319.0,23709
2142,2140,2141,360.0,64535993,319.0,23709,366.0,24120
2143,2141,2142,319.0,38601192,366.0,24120,360.0,118512
2144,2142,2143,366.0,13160376,360.0,118512,319.0,23711
2145,2143,2144,360.0,64891962,319.0,23711,366.0,24124
2146,2144,2145,319.0,38672384,366.0,24124,360.0,118531
2147,2145,2146,366.0,13232700,360.0,118531,321.0,23712
2148,2146,2147,360.0,65247931,321.0,23712,319.0,23621
2149,2147,2148,321.0,38743575,319.0,23621,344.0,23975
2150,2148,2149,319.0,38767196,344.0,23975,321.0,23619
2151,2149,2150,344.0,13082855,321.0,23619,320.0,23571
2152,2150,2151,321.0,38814420,320.0,23571,344.0,23937
2153,2151,2152,320.0,38837991,344.0,23937,321.0,23602
2154,2152,2153,344.0,13154753,321.0,23602,343.0,23212
2155,2153,2154,321.0,38885215,343.0,23212,338.0,117954
2156,2154,2155,343.0,12790128,338.0,117954,321.0,23585
2157,2155,2156,338.0,65099934,321.0,23585,344.0,23983
2158,2156,2157,321.0,38956010,344.0,23983,317.0,13667
2159,2157,2158,344.0,13274671,317.0,13667,311.0,116929
2160,2158,2159,317.0,13052515,311.0,116929,321.0,23402
2161,2159,2160,311.0,64359604,321.0,23402,316.0,23033
2162,2160,2161,321.0,39049949,316.0,23033,311.0,117180
2163,2161,2162,316.0,12713751,311.0,117180,321.0,23427
2164,2162,2163,311.0,64711080,321.0,23427,319.0,23396
2165,2163,2164,321.0,39120219,319.0,23396,317.0,23800
2166,2164,2165,319.0,39143615,317.0,23800,311.0,117025
2167,2165,2166,317.0,13219064,311.0,117025,319.0,23412
2168,2166,2167,311.0,65179330,319.0,23412,295.0,454918
2169,2167,2168,319.0,39213885,295.0,454918,488.0,256479
2170,2168,2169,295.0,63611838,488.0,256479,475.0,34004
2171,2169,2170,488.0,14412255,475.0,34004,472.0,470259
2172,2170,2171,475.0,12903716,472.0,470259,475.0,100543
2173,2171,2172,472.0,60826219,475.0,100543,448.0,7908
2174,2172,2173,475.0,13104795,448.0,7908,454.0,99430
2175,2173,2174,448.0,1045788,454.0,99430,417.0,56952
2176,2174,2175,454.0,13065366,417.0,56952,417.0,99126
2177,2175,2176,417.0,12926664,417.0,99126,381.0,134461
2178,2176,2177,417.0,13025790,381.0,134461,366.0,20892
2179,2177,2178,381.0,13004173,366.0,20892,319.0,23746
2180,2178,2179,366.0,13305756,319.0,23746,319.0,23703
2181,2179,2180,319.0,39276148,319.0,23703,366.0,24095
2182,2180,2181,319.0,39299851,366.0,24095,321.0,23747
2183,2181,2182,366.0,13378079,321.0,23747,321.0,23703
2184,2182,2183,321.0,39347339,321.0,23703,366.0,24098
2185,2183,2184,321.0,39371042,366.0,24098,319.0,23749
2186,2184,2185,366.0,13450402,319.0,23749,319.0,23703
2187,2185,2186,319.0,39418531,319.0,23703,366.0,24102
2188,2186,2187,319.0,39442234,366.0,24102,321.0,23637
2189,2187,2188,366.0,13522726,321.0,23637,344.0,23958
2190,2188,2189,321.0,39489609,344.0,23958,319.0,23612
2191,2189,2190,344.0,13324694,319.0,23612,343.0,23238
2192,2190,2191,319.0,39536834,343.0,23238,338.0,118056
2193,2191,2192,343.0,12954764,338.0,118056,321.0,23595
2194,2192,2193,338.0,65936361,321.0,23595,343.0,23194
2195,2193,2194,321.0,39607629,343.0,23194,338.0,117884
2196,2194,2195,343.0,13024408,338.0,117884,319.0,23579
2197,2195,2196,338.0,66290249,319.0,23579,344.0,23968
2198,2196,2197,319.0,39678425,344.0,23968,314.0,9206
2199,2197,2198,344.0,13516512,314.0,9206,316.0,23037
2200,2198,2199,314.0,12878918,316.0,23037,317.0,23748
2201,2199,2200,316.0,12901987,317.0,23748,320.0,23429
2202,2200,2201,317.0,13341956,320.0,23429,321.0,23396
2203,2201,2202,320.0,39795833,321.0,23396,317.0,23803
2204,2202,2203,321.0,39819228,317.0,23803,311.0,117038
2205,2203,2204,317.0,13413371,311.0,117038,320.0,23413
2206,2204,2205,311.0,66135683,320.0,23413,316.0,23061
2207,2205,2206,320.0,39889498,316.0,23061,317.0,23768
2208,2206,2207,316.0,13063335,317.0,23768,295.0,114841
2209,2207,2208,317.0,13508504,295.0,114841,488.0,185092
2210,2208,2209,295.0,64463401,488.0,185092,472.0,77216
2211,2209,2210,488.0,14603012,472.0,77216,475.0,100530
2212,2210,2211,472.0,61389016,475.0,100530,472.0,470259
2213,2211,2212,475.0,13225124,472.0,470259,454.0,78952
2214,2212,2213,472.0,62329579,454.0,78952,454.0,99427
2215,2213,2214,454.0,13186992,454.0,99427,396.0,160053
2216,2214,2215,454.0,13286419,396.0,160053,417.0,99138
2217,2215,2216,396.0,61471853,417.0,99138,381.0,158
2218,2216,2217,417.0,13246920,381.0,158,320.0,16427
2219,2217,2218,381.0,13108198,320.0,16427,365.0,23371
2220,2218,2219,320.0,39974807,365.0,23371,366.0,24071
2221,2219,2220,365.0,13147593,366.0,24071,319.0,23737
2222,2220,2221,366.0,13595783,319.0,23737,319.0,23703
2223,2221,2222,319.0,40045999,319.0,23703,366.0,24075
2224,2222,2223,319.0,40069702,366.0,24075,321.0,23738
2225,2223,2224,366.0,13668107,321.0,23738,321.0,23703
2226,2224,2225,321.0,40117190,321.0,23703,366.0,24078
2227,2225,2226,321.0,40140893,366.0,24078,319.0,23740
2228,2226,2227,366.0,13740430,319.0,23740,321.0,23642
2229,2227,2228,319.0,40188382,321.0,23642,344.0,23943
2230,2228,2229,321.0,40212023,344.0,23943,319.0,23605
2231,2229,2230,344.0,13566535,319.0,23605,343.0,23219
2232,2230,2231,319.0,40259248,343.0,23219,338.0,117982
2233,2231,2232,343.0,13189043,338.0,117982,319.0,23588
2234,2232,2233,338.0,67126672,319.0,23588,344.0,23989
2235,2233,2234,319.0,40330043,344.0,23989,322.0,375
2236,2234,2235,344.0,13686453,322.0,375,321.0,23571
2237,2235,2236,322.0,640909,321.0,23571,344.0,23952
2238,2236,2237,321.0,40400838,344.0,23952,317.0,5383
2239,2237,2238,344.0,13758352,317.0,5383,321.0,23430
2240,2238,2239,317.0,13536263,321.0,23430,319.0,23396
2241,2239,2240,321.0,40471446,319.0,23396,317.0,23807
2242,2240,2241,319.0,40494842,317.0,23807,311.0,117057
2243,2241,2242,317.0,13607679,311.0,117057,314.0,23043
2244,2242,2243,311.0,67092042,314.0,23043,321.0,23396
2245,2243,2244,314.0,13228485,321.0,23396,317.0,23772
2246,2244,2245,321.0,40588507,317.0,23772,311.0,116898
2247,2245,2246,317.0,13702812,311.0,116898,321.0,23399
2248,2246,2247,311.0,67560288,321.0,23399,316.0,23025
2249,2247,2248,321.0,40658777,316.0,23025,488.0,113711
2250,2248,2249,316.0,13343725,488.0,113711,484.0,1292215
2251,2249,2250,488.0,14793775,484.0,1292215,472.0,465831
2252,2250,2251,484.0,74692535,472.0,465831,475.0,100532
2253,2251,2252,472.0,62892391,475.0,100532,433.0,287906
2254,2252,2253,475.0,13546534,433.0,287906,454.0,99437
2255,2253,2254,433.0,62714466,454.0,99437,417.0,22518
2256,2254,2255,454.0,13507495,417.0,22518,396.0,495684
2257,2255,2256,417.0,13368886,396.0,495684,396.0,495592
2258,2256,2257,396.0,62996334,396.0,495592,365.0,12122
2259,2257,2258,396.0,63491926,365.0,12122,360.0,118680
2260,2258,2259,365.0,13358490,360.0,118680,321.0,23726
2261,2259,2260,360.0,67988265,321.0,23726,365.0,23348
2262,2260,2261,321.0,40744658,365.0,23348,360.0,118696
2263,2261,2262,365.0,13428554,360.0,118696,319.0,23728
2264,2262,2263,360.0,68344231,319.0,23728,365.0,23352
2265,2263,2264,319.0,40815850,365.0,23352,360.0,118712
2266,2264,2265,365.0,13498618,360.0,118712,321.0,23729
2267,2265,2266,360.0,68700197,321.0,23729,365.0,23356
2268,2266,2267,321.0,40887041,365.0,23356,343.0,7311
2269,2267,2268,365.0,13568682,343.0,7311,338.0,118083
2270,2268,2269,343.0,13353679,338.0,118083,319.0,23598
2271,2269,2270,338.0,67963098,319.0,23598,343.0,23201
2272,2270,2271,319.0,40981662,343.0,23201,338.0,117911
2273,2271,2272,343.0,13423323,338.0,117911,320.0,23581
2274,2272,2273,338.0,68316986,320.0,23581,344.0,23973
2275,2273,2274,320.0,41052457,344.0,23973,321.0,23618
2276,2274,2275,344.0,13928293,321.0,23618,320.0,23571
2277,2275,2276,321.0,41099681,320.0,23571,338.0,118120
2278,2276,2277,320.0,41123252,338.0,118120,321.0,23579
2279,2277,2278,338.0,68907190,321.0,23579,317.0,23808
2280,2278,2279,321.0,41170454,317.0,23808,311.0,117061
2281,2279,2280,317.0,13801984,311.0,117061,321.0,23415
2282,2280,2281,311.0,68048386,321.0,23415,319.0,23396
2283,2281,2282,321.0,41240724,319.0,23396,317.0,23774
2284,2282,2283,319.0,41264120,317.0,23774,311.0,116907
2285,2283,2284,317.0,13897118,311.0,116907,320.0,23400
2286,2284,2285,311.0,68516637,320.0,23400,316.0,23027
2287,2285,2286,320.0,41334390,316.0,23027,311.0,117157
2288,2286,2287,316.0,13531959,311.0,117157,319.0,23425
2289,2287,2288,311.0,68868112,319.0,23425,488.0,42319
2290,2288,2289,319.0,41404660,488.0,42319,483.0,188206
2291,2289,2290,488.0,14984527,483.0,188206,475.0,82165
2292,2290,2291,483.0,15130414,475.0,82165,472.0,470167
2293,2291,2292,475.0,13666861,472.0,470167,454.0,44424
2294,2292,2293,472.0,64395737,454.0,44424,454.0,99427
2295,2293,2294,454.0,13629120,454.0,99427,417.0,5237
2296,2294,2295,454.0,13728547,417.0,5237,417.0,99208
2297,2295,2296,417.0,13589933,417.0,99208,417.0,99126
2298,2296,2297,417.0,13689141,417.0,99126,360.0,40760
2299,2297,2298,417.0,13788267,360.0,40760,319.0,23716
2300,2298,2299,360.0,69059780,319.0,23716,365.0,23320
2301,2299,2300,319.0,41443318,365.0,23320,360.0,118584
2302,2300,2301,365.0,13639450,360.0,118584,321.0,23717
2303,2301,2302,360.0,69415749,321.0,23717,365.0,23324
2304,2302,2303,321.0,41514509,365.0,23324,360.0,118600
2305,2303,2304,365.0,13709514,360.0,118600,319.0,23719
2306,2304,2305,360.0,69771715,319.0,23719,365.0,23328
2307,2305,2306,319.0,41585701,365.0,23328,360.0,118616
2308,2306,2307,365.0,13779578,360.0,118616,343.0,3262
2309,2307,2308,360.0,70127681,343.0,3262,338.0,118009
2310,2308,2309,343.0,13587958,338.0,118009,319.0,23591
2311,2309,2310,338.0,69153409,319.0,23591,344.0,23995
2312,2310,2311,319.0,41704076,344.0,23995,338.0,117837
2313,2311,2312,344.0,14098235,338.0,117837,319.0,23574
2314,2312,2313,338.0,69507297,319.0,23574,344.0,23957
2315,2313,2314,319.0,41774871,344.0,23957,321.0,23611
2316,2314,2315,344.0,14170133,321.0,23611,343.0,23236
2317,2315,2316,321.0,41822095,343.0,23236,338.0,118048
2318,2316,2317,343.0,13773782,338.0,118048,321.0,23594
2319,2317,2318,338.0,70097503,321.0,23594,319.0,23448
2320,2318,2319,321.0,41892890,319.0,23448,321.0,23396
2321,2319,2320,319.0,41916338,321.0,23396,317.0,23777
2322,2320,2321,321.0,41939733,317.0,23777,311.0,116920
2323,2321,2322,317.0,14091425,311.0,116920,321.0,23401
2324,2322,2323,311.0,69472990,321.0,23401,316.0,23030
2325,2323,2324,321.0,42010003,316.0,23030,311.0,117168
2326,2324,2325,316.0,13720194,311.0,117168,320.0,23426
2327,2325,2326,311.0,69824463,320.0,23426,321.0,23396
2328,2326,2327,320.0,42080273,321.0,23396,317.0,23797
2329,2327,2328,321.0,42103668,317.0,23797,295.0,1053168
2330,2328,2329,317.0,14257973,295.0,1053168,484.0,589873
2331,2329,2330,295.0,68976648,484.0,589873,475.0,64727
2332,2330,2331,484.0,76611633,475.0,64727,475.0,100518
2333,2331,2332,475.0,13887751,475.0,100518,433.0,126423
2334,2332,2333,475.0,13988269,433.0,126423,454.0,99441
2335,2333,2334,433.0,64782503,454.0,99441,454.0,99427
2336,2334,2335,454.0,13949621,454.0,99427,396.0,397524
2337,2335,2336,454.0,14049048,396.0,397524,396.0,495592
2338,2336,2337,396.0,65053604,396.0,495592,319.0,4049
2339,2337,2338,396.0,65549196,319.0,4049,366.0,24111
2340,2338,2339,319.0,42141977,366.0,24111,360.0,118470
2341,2339,2340,366.0,14297199,360.0,118470,319.0,23707
2342,2340,2341,360.0,70487265,319.0,23707,366.0,24115
2343,2341,2342,319.0,42213169,366.0,24115,360.0,118489
2344,2342,2343,366.0,14369523,360.0,118489,321.0,23708
2345,2343,2344,360.0,70843234,321.0,23708,366.0,24118
2346,2344,2345,321.0,42284360,366.0,24118,360.0,118503
2347,2345,2346,366.0,14441846,360.0,118503,319.0,23710
2348,2346,2347,360.0,71199198,319.0,23710,366.0,24122
2349,2347,2348,319.0,42355552,366.0,24122,338.0,113844
2350,2348,2349,366.0,14514170,338.0,113844,319.0,23584
2351,2349,2350,338.0,70343724,319.0,23584,344.0,23980
2352,2350,2351,319.0,42426490,344.0,23980,319.0,23622
2353,2351,2352,344.0,14340076,319.0,23622,319.0,23571
2354,2352,2353,319.0,42473715,319.0,23571,344.0,23944
2355,2353,2354,319.0,42497286,344.0,23944,321.0,23605
2356,2354,2355,344.0,14411976,321.0,23605,343.0,23220
2357,2355,2356,321.0,42544510,343.0,23220,338.0,117986
2358,2356,2357,343.0,14008064,338.0,117986,321.0,23588
2359,2357,2358,338.0,71287826,321.0,23588,317.0,16806
2360,2358,2359,321.0,42615305,317.0,16806,311.0,116943
2361,2359,2360,317.0,14285734,311.0,116943,319.0,23404
2362,2360,2361,311.0,70429353,319.0,23404,316.0,23037
2363,2361,2362,319.0,42685618,316.0,23037,317.0,23748
2364,2362,2363,316.0,13908433,317.0,23748,320.0,23429
2365,2363,2364,317.0,14380868,320.0,23429,321.0,23396
2366,2364,2365,320.0,42755888,321.0,23396,317.0,23803
2367,2365,2366,321.0,42779283,317.0,23803,311.0,117038
2368,2366,2367,317.0,14452283,311.0,117038,320.0,23413
2369,2367,2368,311.0,71249078,320.0,23413,295.0,713132
2370,2368,2369,320.0,42849553,295.0,713132,484.0,238757
2371,2369,2370,295.0,69828252,484.0,238757,475.0,47250
2372,2370,2371,484.0,77571237,475.0,47250,472.0,470102
2373,2371,2372,475.0,14108602,472.0,470102,454.0,9899
2374,2372,2373,472.0,66461922,454.0,9899,454.0,99427
2375,2373,2374,454.0,14071251,454.0,99427,433.0,464987
2376,2374,2375,454.0,14170678,433.0,464987,417.0,70013
2377,2375,2376,433.0,66747017,417.0,70013,417.0,99126
2378,2376,2377,417.0,14131365,417.0,99126,381.0,236433
2379,2377,2378,417.0,14230491,381.0,236433,319.0,23682
2380,2378,2379,381.0,14297785,319.0,23682,319.0,23703
2381,2379,2380,319.0,42888126,319.0,23703,366.0,24093
2382,2380,2381,319.0,42911829,366.0,24093,321.0,23746
2383,2381,2382,366.0,14587229,321.0,23746,321.0,23703
2384,2382,2383,321.0,42959317,321.0,23703,366.0,24096
2385,2383,2384,321.0,42983020,366.0,24096,319.0,23748
2386,2384,2385,366.0,14659552,319.0,23748,319.0,23703
2387,2385,2386,319.0,43030509,319.0,23703,366.0,24100
2388,2386,2387,319.0,43054212,366.0,24100,319.0,23750
2389,2387,2388,366.0,14731876,319.0,23750,338.0,93307
2390,2388,2389,319.0,43101701,338.0,93307,319.0,23578
2391,2389,2390,338.0,71534047,319.0,23578,344.0,23966
2392,2390,2391,319.0,43148905,344.0,23966,321.0,23615
2393,2391,2392,344.0,14581918,321.0,23615,343.0,23247
2394,2392,2393,321.0,43196129,343.0,23247,338.0,118091
2395,2393,2394,343.0,14172701,338.0,118091,319.0,23599
2396,2394,2395,338.0,72124256,319.0,23599,343.0,23203
2397,2395,2396,319.0,43266925,343.0,23203,338.0,117919
2398,2396,2397,343.0,14242345,338.0,117919,319.0,23582
2399,2397,2398,338.0,72478144,319.0,23582,319.0,23512
2400,2398,2399,319.0,43337720,319.0,23512,316.0,23043
2401,2399,2400,319.0,43361232,316.0,23043,317.0,23753
2402,2400,2401,316.0,14096671,317.0,23753,321.0,23431
2403,2401,2402,317.0,14575177,321.0,23431,319.0,23396
2404,2402,2403,321.0,43431502,319.0,23396,316.0,23003
2405,2403,2404,319.0,43454898,316.0,23003,311.0,117066
2406,2404,2405,316.0,14188825,311.0,117066,319.0,23416
2407,2405,2406,311.0,72205446,319.0,23416,321.0,23396
2408,2406,2407,319.0,43525168,321.0,23396,317.0,23775
2409,2407,2408,321.0,43548563,317.0,23775,295.0,373128
2410,2408,2409,317.0,14741727,295.0,373128,488.0,239310
2411,2409,2410,295.0,70679888,488.0,239310,475.0,29818
2412,2410,2411,488.0,15967950,475.0,29818,475.0,100518
2413,2411,2412,475.0,14329498,475.0,100518,472.0,470145
2414,2412,2413,475.0,14430016,472.0,470145,432.0,86191
2415,2413,2414,472.0,67965325,432.0,86191,454.0,99434
2416,2414,2415,432.0,13463311,454.0,99434,417.0,52821
2417,2415,2416,454.0,14491184,417.0,52821,417.0,99126
2418,2416,2417,417.0,14352501,417.0,99126,381.0,102158
2419,2417,2418,417.0,14451627,381.0,102158,365.0,19280
2420,2418,2419,381.0,14401838,365.0,19280,366.0,24072
2421,2419,2420,365.0,14318960,366.0,24072,319.0,23737
2422,2420,2421,366.0,14804936,319.0,23737,319.0,23703
2423,2421,2422,319.0,43657978,319.0,23703,366.0,24075
2424,2422,2423,319.0,43681681,366.0,24075,321.0,23738
2425,2423,2424,366.0,14877259,321.0,23738,321.0,23703
2426,2424,2425,321.0,43729169,321.0,23703,366.0,24078
2427,2425,2426,321.0,43752872,366.0,24078,319.0,23740
2428,2426,2427,366.0,14949582,319.0,23740,319.0,23703
2429,2427,2428,319.0,43800361,319.0,23703,322.0,376
2430,2428,2429,319.0,43824064,322.0,376,321.0,23571
2431,2429,2430,322.0,695996,321.0,23571,344.0,23952
2432,2430,2431,321.0,43871319,344.0,23952,341.0,23234
2433,2431,2432,344.0,14823760,341.0,23234,343.0,23230
2434,2432,2433,341.0,14383736,343.0,23230,338.0,118025
2435,2433,2434,343.0,14406982,338.0,118025,321.0,23592
2436,2434,2435,338.0,73314575,321.0,23592,344.0,23998
2437,2435,2436,321.0,43989339,344.0,23998,338.0,117851
2438,2436,2437,344.0,14943678,338.0,117851,321.0,23575
2439,2437,2438,338.0,73668461,321.0,23575,317.0,8524
2440,2438,2439,321.0,44060134,317.0,8524,319.0,23433
2441,2439,2440,317.0,14769484,319.0,23433,321.0,23396
2442,2440,2441,319.0,44107116,321.0,23396,316.0,23007
2443,2441,2442,321.0,44130511,316.0,23007,311.0,117081
2444,2442,2443,316.0,14377061,311.0,117081,321.0,23417
2445,2443,2444,311.0,73161801,321.0,23417,319.0,23396
2446,2444,2445,321.0,44200781,319.0,23396,317.0,23778
2447,2445,2446,319.0,44224177,317.0,23778,311.0,116925
2448,2446,2447,317.0,14936034,311.0,116925,319.0,23402
2449,2447,2448,311.0,73630050,319.0,23402,295.0,33051
2450,2448,2449,319.0,44294447,295.0,33051,488.0,167923
2451,2449,2450,295.0,71531451,488.0,167923,472.0,57707
2452,2450,2451,488.0,16158707,472.0,57707,475.0,100560
2453,2451,2452,472.0,68058067,475.0,100560,475.0,100518
2454,2452,2453,475.0,14650906,475.0,100518,454.0,74803
2455,2453,2454,475.0,14751424,454.0,74803,454.0,99427
2456,2454,2455,454.0,14612811,454.0,99427,396.0,139469
2457,2455,2456,454.0,14712238,396.0,139469,396.0,495592
2458,2456,2457,396.0,68139829,396.0,495592,417.0,99230
2459,2457,2458,396.0,68635421,417.0,99230,360.0,77101
2460,2458,2459,417.0,14771964,360.0,77101,321.0,23726
2461,2459,2460,360.0,73939561,321.0,23726,365.0,23348
2462,2460,2461,321.0,44356637,365.0,23348,360.0,118696
2463,2461,2462,365.0,14599920,360.0,118696,319.0,23728
2464,2462,2463,360.0,74295526,319.0,23728,365.0,23352
2465,2463,2464,319.0,44427829,365.0,23352,360.0,118712
2466,2464,2465,365.0,14669984,360.0,118712,321.0,23729
2467,2465,2466,360.0,74651492,321.0,23729,365.0,23356
2468,2466,2467,321.0,44499020,365.0,23356,360.0,118728
2469,2467,2468,365.0,14740048,360.0,118728,319.0,23682
2470,2468,2469,360.0,75007458,319.0,23682,319.0,23571
2471,2469,2470,319.0,44570163,319.0,23571,344.0,23937
2472,2470,2471,319.0,44593734,344.0,23937,321.0,23602
2473,2471,2472,344.0,15065601,321.0,23602,343.0,23212
2474,2472,2473,321.0,44640958,343.0,23212,338.0,117954
2475,2473,2474,343.0,14641262,338.0,117954,321.0,23585
2476,2474,2475,338.0,74504889,321.0,23585,344.0,23983
2477,2475,2476,321.0,44711753,344.0,23983,319.0,23623
2478,2476,2477,344.0,15185519,319.0,23623,319.0,23571
2479,2477,2478,319.0,44758978,319.0,23571,319.0,23576
2480,2478,2479,319.0,44782549,319.0,23576,316.0,23011
2481,2479,2480,319.0,44806125,316.0,23011,311.0,117096
2482,2480,2481,316.0,14565297,311.0,117096,319.0,23419
2483,2481,2482,311.0,74118156,319.0,23419,321.0,23396
2484,2482,2483,319.0,44876395,321.0,23396,317.0,23781
2485,2483,2484,321.0,44899790,317.0,23781,311.0,116939
2486,2484,2485,317.0,15130341,311.0,116939,321.0,23403
2487,2485,2486,311.0,74586404,321.0,23403,316.0,23036
2488,2486,2487,321.0,44970060,316.0,23036,317.0,23747
2489,2487,2488,316.0,14726646,317.0,23747,319.0,23429
2490,2488,2489,317.0,15225475,319.0,23429,488.0,96543
2491,2489,2490,319.0,45040331,488.0,96543,484.0,1207764
2492,2490,2491,488.0,16349471,484.0,1207764,475.0,95419
2493,2491,2492,484.0,82472404,475.0,95419,475.0,100561
2494,2492,2493,475.0,14871755,475.0,100561,433.0,269503
2495,2493,2494,475.0,14972316,433.0,269503,454.0,99442
2496,2494,2495,433.0,69384623,454.0,99442,417.0,18389
2497,2495,2496,454.0,14933314,417.0,18389,417.0,99126
2498,2496,2497,417.0,14794725,417.0,99126,417.0,99126
2499,2497,2498,417.0,14893851,417.0,99126,320.0,11306
2500,2498,2499,417.0,14992977,320.0,11306,365.0,23323
2501,2499,2500,320.0,45055298,365.0,23323,360.0,118596
2502,2500,2501,365.0,14810819,360.0,118596,321.0,23718
2503,2501,2502,360.0,75367056,321.0,23718,365.0,23327
2504,2502,2503,321.0,45126489,365.0,23327,360.0,118612
2505,2503,2504,365.0,14880883,360.0,118612,319.0,23720
2506,2504,2505,360.0,75723022,319.0,23720,365.0,23331
2507,2505,2506,319.0,45197681,365.0,23331,360.0,118628
2508,2506,2507,365.0,14950947,360.0,118628,321.0,23721
2509,2507,2508,360.0,76078988,321.0,23721,319.0,23706
2510,2508,2509,321.0,45268872,319.0,23706,343.0,23240
2511,2509,2510,319.0,45292578,343.0,23240,338.0,118064
2512,2510,2511,343.0,14805900,338.0,118064,319.0,23596
2513,2511,2512,338.0,75341324,319.0,23596,343.0,23195
2514,2512,2513,319.0,45363373,343.0,23195,338.0,117888
2515,2513,2514,343.0,14875543,338.0,117888,319.0,23579
2516,2514,2515,338.0,75695208,319.0,23579,344.0,23968
2517,2515,2516,319.0,45434168,344.0,23968,321.0,23616
2518,2516,2517,344.0,15427360,321.0,23616,343.0,23249
2519,2517,2518,321.0,45481392,343.0,23249,311.0,1188
2520,2518,2519,343.0,14991723,311.0,1188,320.0,23420
2521,2519,2520,311.0,75074508,320.0,23420,321.0,23396
2522,2520,2521,320.0,45552008,321.0,23396,317.0,23783
2523,2521,2522,321.0,45575403,317.0,23783,311.0,116948
2524,2522,2523,317.0,15324647,311.0,116948,321.0,23404
2525,2523,2524,311.0,75542753,321.0,23404,316.0,23038
2526,2524,2525,321.0,45645673,316.0,23038,317.0,23748
2527,2525,2526,316.0,14914880,317.0,23748,320.0,23429
2528,2526,2527,317.0,15419780,320.0,23429,321.0,23396
2529,2527,2528,320.0,45715943,321.0,23396,317.0,23803
2530,2528,2529,321.0,45739338,317.0,23803,488.0,25148
2531,2529,2530,317.0,15491195,488.0,25148,484.0,856564
2532,2530,2531,488.0,16540220,484.0,856564,475.0,77978
2533,2531,2532,484.0,83431924,475.0,77978,472.0,470374
2534,2532,2533,475.0,15092642,472.0,470374,454.0,40273
2535,2533,2534,472.0,71064784,454.0,40273,454.0,99427
2536,2534,2535,454.0,15054937,454.0,99427,416.0,4093
2537,2535,2536,454.0,15154364,416.0,4093,417.0,99445
2538,2536,2537,416.0,1214953,417.0,99445,417.0,99126
2539,2537,2538,417.0,15114977,417.0,99126,366.0,7343
2540,2538,2539,417.0,15214103,366.0,7343,360.0,118470
2541,2539,2540,366.0,15506351,360.0,118470,319.0,23707
2542,2540,2541,360.0,76438560,319.0,23707,366.0,24115
2543,2541,2542,319.0,45825148,366.0,24115,360.0,118489
2544,2542,2543,366.0,15578675,360.0,118489,321.0,23708
2545,2543,2544,360.0,76794529,321.0,23708,366.0,24118
2546,2544,2545,321.0,45896339,366.0,24118,360.0,118503
2547,2545,2546,366.0,15650998,360.0,118503,319.0,23710
2548,2546,2547,360.0,77150493,319.0,23710,366.0,24122
2549,2547,2548,319.0,45967531,366.0,24122,319.0,23731
2550,2548,2549,366.0,15723322,319.0,23731,343.0,23219
2551,2549,2550,319.0,46014991,343.0,23219,338.0,117982
2552,2550,2551,343.0,15040177,338.0,117982,319.0,23588
2553,2551,2552,338.0,76531627,319.0,23588,344.0,23989
2554,2552,2553,319.0,46085786,344.0,23989,322.0,375
2555,2553,2554,344.0,15597301,322.0,375,321.0,23571
2556,2554,2555,322.0,732270,321.0,23571,344.0,23952
2557,2555,2556,321.0,46156581,344.0,23952,341.0,23234
2558,2556,2557,344.0,15669200,341.0,23234,343.0,23230
2559,2557,2558,341.0,15202756,343.0,23230,338.0,118025
2560,2558,2559,343.0,15226002,338.0,118025,317.0,19947
2561,2559,2560,338.0,77475725,317.0,19947,311.0,116966
2562,2560,2561,317.0,15518955,311.0,116966,319.0,23406
2563,2561,2562,311.0,76499111,319.0,23406,316.0,23043
2564,2562,2563,319.0,46321287,316.0,23043,317.0,23753
2565,2563,2564,316.0,15103117,317.0,23753,321.0,23431
2566,2564,2565,317.0,15614089,321.0,23431,319.0,23396
2567,2565,2566,321.0,46391557,319.0,23396,316.0,23003
2568,2566,2567,319.0,46414953,316.0,23003,311.0,117066
2569,2567,2568,316.0,15195271,311.0,117066,319.0,23416
2570,2568,2569,311.0,77318841,319.0,23416,295.0,971410
2571,2569,2570,319.0,46485223,295.0,971410,484.0,505451
2572,2570,2571,295.0,76044730,484.0,505451,472.0,282964
2573,2571,2572,484.0,84391531,472.0,282964,475.0,100549
2574,2572,2573,472.0,71627604,475.0,100549,443.0,1717
2575,2573,2574,475.0,15414053,443.0,1717,454.0,99447
2576,2574,2575,443.0,1231797,454.0,99447,454.0,99427
2577,2575,2576,454.0,15375441,454.0,99427,396.0,376947
2578,2576,2577,454.0,15474868,396.0,376947,396.0,495592
2579,2577,2578,396.0,71721587,396.0,495592,321.0,3080
2580,2578,2579,396.0,72217179,321.0,3080,321.0,23703
2581,2579,2580,321.0,46500104,321.0,23703,366.0,24092
2582,2580,2581,321.0,46523807,366.0,24092,319.0,23746
2583,2581,2582,366.0,15796380,319.0,23746,319.0,23703
2584,2582,2583,319.0,46571296,319.0,23703,366.0,24095
2585,2583,2584,319.0,46594999,366.0,24095,321.0,23747
2586,2584,2585,366.0,15868703,321.0,23747,321.0,23703
2587,2585,2586,321.0,46642487,321.0,23703,366.0,24098
2588,2586,2587,321.0,46666190,366.0,24098,319.0,23749
2589,2587,2588,366.0,15941026,319.0,23749,319.0,23703
2590,2588,2589,319.0,46713679,319.0,23703,343.0,21465
2591,2589,2590,319.0,46737382,343.0,21465,338.0,117911
2592,2590,2591,343.0,15274457,338.0,117911,320.0,23581
2593,2591,2592,338.0,77721941,320.0,23581,344.0,23973
2594,2592,2593,320.0,46808200,344.0,23973,321.0,23618
2595,2593,2594,344.0,15839141,321.0,23618,320.0,23571
2596,2594,2595,321.0,46855424,320.0,23571,338.0,118120
2597,2595,2596,320.0,46878995,338.0,118120,321.0,23601
2598,2596,2597,338.0,78312145,321.0,23601,343.0,23210
2599,2597,2598,321.0,46926219,343.0,23210,338.0,117947
2600,2598,2599,343.0,15460280,338.0,117947,319.0,23470
2601,2599,2600,338.0,78666032,319.0,23470,316.0,23045
2602,2600,2601,319.0,46996900,316.0,23045,317.0,23754
2603,2601,2602,316.0,15291351,317.0,23754,319.0,23432
2604,2602,2603,317.0,15808394,319.0,23432,321.0,23396
2605,2603,2604,319.0,47067170,321.0,23396,316.0,23004
2606,2604,2605,321.0,47090565,316.0,23004,311.0,117070
2607,2605,2606,316.0,15383504,311.0,117070,321.0,23416
2608,2606,2607,311.0,78275185,321.0,23416,319.0,23396
2609,2607,2608,321.0,47160835,319.0,23396,317.0,23776
2610,2608,2609,319.0,47184231,317.0,23776,295.0,631319
2611,2609,2610,317.0,15974944,295.0,631319,484.0,154278
2612,2610,2611,295.0,76896279,484.0,154278,475.0,43061
2613,2611,2612,484.0,85351078,475.0,43061,472.0,470295
2614,2612,2613,475.0,15534381,472.0,470295,454.0,5747
2615,2613,2614,472.0,73130955,454.0,5747,454.0,99427
2616,2614,2615,454.0,15497067,454.0,99427,454.0,99427
2617,2615,2616,454.0,15596494,454.0,99427,417.0,65881
2618,2616,2617,454.0,15695921,417.0,65881,417.0,99126
2619,2617,2618,417.0,15557201,417.0,99126,381.0,204125
2620,2618,2619,417.0,15656327,381.0,204125,366.0,23044
2621,2619,2620,381.0,15695445,366.0,23044,321.0,23735
2622,2620,2621,366.0,16014084,321.0,23735,365.0,23372
2623,2621,2622,321.0,47269955,365.0,23372,366.0,24072
2624,2622,2623,365.0,15560386,366.0,24072,319.0,23737
2625,2623,2624,366.0,16086408,319.0,23737,319.0,23703
2626,2624,2625,319.0,47341147,319.0,23703,366.0,24075
2627,2625,2626,319.0,47364850,366.0,24075,321.0,23738
2628,2626,2627,366.0,16158731,321.0,23738,321.0,23703
2629,2627,2628,321.0,47412338,321.0,23703,366.0,24078
2630,2628,2629,321.0,47436041,366.0,24078,344.0,18043
2631,2629,2630,366.0,16231054,344.0,18043,338.0,117837
2632,2630,2631,344.0,16009083,338.0,117837,319.0,23574
2633,2631,2632,338.0,78912252,319.0,23574,344.0,23957
2634,2632,2633,319.0,47530614,344.0,23957,321.0,23611
2635,2633,2634,344.0,16080981,321.0,23611,343.0,23236
2636,2634,2635,321.0,47577838,343.0,23236,338.0,118048
2637,2635,2636,343.0,15624916,338.0,118048,321.0,23594
2638,2636,2637,338.0,79502458,321.0,23594,343.0,23191
2639,2637,2638,321.0,47648633,343.0,23191,338.0,117872
2640,2638,2639,343.0,15694559,338.0,117872,317.0,11660
2641,2639,2640,338.0,79856342,317.0,11660,319.0,23433
2642,2640,2641,317.0,16002700,319.0,23433,321.0,23396
2643,2641,2642,319.0,47742783,321.0,23396,316.0,23007
2644,2642,2643,321.0,47766178,316.0,23007,311.0,117081
2645,2643,2644,316.0,15571739,311.0,117081,321.0,23417
2646,2644,2645,311.0,79231536,321.0,23417,319.0,23396
2647,2645,2646,321.0,47836448,319.0,23396,317.0,23778
2648,2646,2647,319.0,47859844,317.0,23778,311.0,116925
2649,2647,2648,317.0,16169250,311.0,116925,319.0,23402
2650,2648,2649,311.0,79699785,319.0,23402,295.0,291225
2651,2649,2650,319.0,47930114,295.0,291225,488.0,222117
2652,2650,2651,295.0,77747825,488.0,222117,472.0,119581
2653,2651,2652,488.0,17523621,472.0,119581,475.0,100534
2654,2652,2653,472.0,73693741,475.0,100534,472.0,470288
2655,2653,2654,475.0,15855788,472.0,470288,433.0,411387
2656,2654,2655,472.0,74634308,433.0,411387,454.0,99429
2657,2655,2656,433.0,73985547,454.0,99429,396.0,204686
2658,2656,2657,454.0,15916993,396.0,204686,417.0,99137
2659,2657,2658,396.0,73778846,417.0,99137,381.0,69813
2660,2658,2659,417.0,15877455,381.0,69813,319.0,18558
2661,2659,2660,381.0,15799461,319.0,18558,365.0,23341
2662,2660,2661,319.0,47968614,365.0,23341,360.0,118668
2663,2661,2662,365.0,15771279,360.0,118668,321.0,23725
2664,2662,2663,360.0,80246793,321.0,23725,365.0,23345
2665,2663,2664,321.0,48039805,365.0,23345,360.0,118684
2666,2664,2665,365.0,15841343,360.0,118684,319.0,23727
2667,2665,2666,360.0,80602759,319.0,23727,365.0,23349
2668,2666,2667,319.0,48110997,365.0,23349,360.0,118700
2669,2667,2668,365.0,15911407,360.0,118700,321.0,23728
2670,2668,2669,360.0,80958725,321.0,23728,344.0,13866
2671,2669,2670,321.0,48182188,344.0,13866,319.0,23621
2672,2670,2671,344.0,16250922,319.0,23621,319.0,23571
2673,2671,2672,319.0,48229457,319.0,23571,344.0,23942
2674,2672,2673,319.0,48253028,344.0,23942,319.0,23605
2675,2673,2674,344.0,16322822,319.0,23605,343.0,23219
2676,2674,2675,319.0,48300253,343.0,23219,338.0,117982
2677,2675,2676,343.0,15859197,338.0,117982,319.0,23588
2678,2676,2677,338.0,80692777,319.0,23588,344.0,23989
2679,2677,2678,319.0,48371048,344.0,23989,322.0,375
2680,2678,2679,344.0,16442741,322.0,375,319.0,23521
2681,2679,2680,322.0,768544,319.0,23521,316.0,23013
2682,2680,2681,319.0,48441793,316.0,23013,311.0,117104
2683,2681,2682,316.0,15759977,311.0,117104,319.0,23420
2684,2682,2683,311.0,80187899,319.0,23420,321.0,23396
2685,2683,2684,319.0,48512063,321.0,23396,317.0,23783
2686,2684,2685,321.0,48535458,317.0,23783,311.0,116948
2687,2685,2686,317.0,16363559,311.0,116948,321.0,23404
2688,2686,2687,311.0,80656148,321.0,23404,316.0,23038
2689,2687,2688,321.0,48605728,316.0,23038,317.0,23748
2690,2688,2689,316.0,15921326,317.0,23748,320.0,23429
2691,2689,2690,317.0,16458692,320.0,23429,488.0,150738
2692,2690,2691,320.0,48675998,488.0,150738,475.0,8144
2693,2691,2692,488.0,17714386,475.0,8144,472.0,470217
2694,2692,2693,475.0,15976120,472.0,470217,475.0,100537
2695,2693,2694,472.0,75197127,475.0,100537,454.0,70647
2696,2694,2695,475.0,16177199,454.0,70647,454.0,99427
2697,2695,2696,454.0,16038623,454.0,99427,417.0,31448
2698,2696,2697,454.0,16138050,417.0,31448,417.0,99126
2699,2697,2698,417.0,15999424,417.0,99126,396.0,495608
2700,2698,2699,417.0,16098550,396.0,495608,365.0,14203
2701,2699,2700,396.0,75798948,365.0,14203,360.0,118572
2702,2700,2701,365.0,15982179,360.0,118572,321.0,23716
2703,2701,2702,360.0,81318327,321.0,23716,365.0,23321
2704,2702,2703,321.0,48738466,365.0,23321,360.0,118588
2705,2703,2704,365.0,16052243,360.0,118588,319.0,23718
2706,2704,2705,360.0,81674293,319.0,23718,365.0,23326
2707,2705,2706,319.0,48809658,365.0,23326,360.0,118608
2708,2706,2707,365.0,16122308,360.0,118608,319.0,23720
2709,2707,2708,360.0,82030263,319.0,23720,365.0,23331
2710,2708,2709,319.0,48880850,365.0,23331,344.0,9695
2711,2709,2710,365.0,16192373,344.0,9695,319.0,23616
2712,2710,2711,344.0,16492767,319.0,23616,343.0,23248
2713,2711,2712,319.0,48951873,343.0,23248,338.0,118095
2714,2712,2713,343.0,16023836,338.0,118095,319.0,23599
2715,2713,2714,338.0,81529215,319.0,23599,343.0,23203
2716,2714,2715,319.0,49022668,343.0,23203,338.0,117919
2717,2715,2716,343.0,16093479,338.0,117919,319.0,23582
2718,2716,2717,338.0,81883099,319.0,23582,344.0,23975
2719,2717,2718,319.0,49093463,344.0,23975,321.0,23619
2720,2718,2719,344.0,16684583,321.0,23619,311.0,16638
2721,2719,2720,321.0,49140687,311.0,16638,319.0,23422
2722,2720,2721,311.0,81144258,319.0,23422,321.0,23396
2723,2721,2722,319.0,49187677,321.0,23396,317.0,23788
2724,2722,2723,321.0,49211072,317.0,23788,311.0,116970
2725,2723,2724,317.0,16557868,311.0,116970,321.0,23406
2726,2724,2725,311.0,81612510,321.0,23406,316.0,23044
2727,2725,2726,321.0,49281342,316.0,23044,317.0,23753
2728,2726,2727,316.0,16109564,317.0,23753,321.0,23431
2729,2727,2728,317.0,16653001,321.0,23431,319.0,23396
2730,2728,2729,321.0,49351612,319.0,23396,316.0,23003
2731,2729,2730,319.0,49375008,316.0,23003,488.0,79362
2732,2730,2731,316.0,16201717,488.0,79362,484.0,1123249
2733,2731,2732,488.0,17905154,484.0,1123249,475.0,91228
2734,2732,2733,484.0,90252209,475.0,91228,472.0,470245
2735,2733,2734,475.0,16297532,472.0,470245,433.0,249970
2736,2734,2735,472.0,76700515,433.0,249970,454.0,99441
2737,2735,2736,433.0,76053650,454.0,99441,417.0,14253
2738,2736,2737,454.0,16359127,417.0,14253,417.0,99126
2739,2737,2738,417.0,16220557,417.0,99126,417.0,99126
2740,2738,2739,417.0,16319683,417.0,99126,360.0,51374
2741,2739,2740,417.0,16418809,360.0,51374,321.0,23706
2742,2740,2741,360.0,82389854,321.0,23706,366.0,24114
2743,2741,2742,321.0,49437126,366.0,24114,360.0,118484
2744,2742,2743,366.0,16787826,360.0,118484,319.0,23708
2745,2743,2744,360.0,82745819,319.0,23708,366.0,24117
2746,2744,2745,319.0,49508318,366.0,24117,360.0,118498
2747,2745,2746,366.0,16860149,360.0,118498,321.0,23709
2748,2746,2747,360.0,83101783,321.0,23709,366.0,24121
2749,2747,2748,321.0,49579509,366.0,24121,360.0,118517
2750,2748,2749,366.0,16932473,360.0,118517,344.0,5519
2751,2749,2750,360.0,83457752,344.0,5519,319.0,23609
2752,2750,2751,344.0,16734607,319.0,23609,343.0,23230
2753,2751,2752,319.0,49674287,343.0,23230,338.0,118025
2754,2752,2753,343.0,16258116,338.0,118025,321.0,23592
2755,2753,2754,338.0,82719530,321.0,23592,344.0,23998
2756,2754,2755,321.0,49745082,344.0,23998,338.0,117851
2757,2755,2756,344.0,16854526,338.0,117851,321.0,23575
2758,2756,2757,338.0,83073416,321.0,23575,344.0,23961
2759,2757,2758,321.0,49815877,344.0,23961,320.0,23613
2760,2758,2759,344.0,16926425,320.0,23613,343.0,23241
2761,2759,2760,320.0,49863102,343.0,23241,317.0,23088
2762,2760,2761,343.0,16443941,317.0,23088,311.0,116988
2763,2761,2762,317.0,16752176,311.0,116988,321.0,23408
2764,2762,2763,311.0,82568868,321.0,23408,316.0,23049
2765,2763,2764,321.0,49956956,316.0,23049,317.0,23758
2766,2764,2765,316.0,16297801,317.0,23758,319.0,23434
2767,2765,2766,317.0,16847310,319.0,23434,321.0,23396
2768,2766,2767,319.0,50027227,321.0,23396,316.0,23009
2769,2767,2768,321.0,50050622,316.0,23009,311.0,117089
2770,2768,2769,316.0,16389955,311.0,117089,321.0,23418
2771,2769,2770,311.0,83388599,321.0,23418,488.0,7984
2772,2770,2771,321.0,50120892,488.0,7984,484.0,772133
2773,2771,2772,488.0,18095920,484.0,772133,472.0,344895
2774,2772,2773,484.0,91211813,472.0,344895,475.0,100531
2775,2773,2774,472.0,77263335,475.0,100531,454.0,36125
2776,2774,2775,475.0,16618943,454.0,36125,454.0,99427
2777,2775,2776,454.0,16480757,454.0,99427,433.0,464987
2778,2776,2777,454.0,16580184,433.0,464987,396.0,442231
2779,2777,2778,433.0,78017067,396.0,442231,396.0,495592
2780,2778,2779,396.0,77360671,396.0,495592,321.0,6182
2781,2779,2780,396.0,77856263,321.0,6182,366.0,24092
2782,2780,2781,321.0,50135786,366.0,24092,319.0,23746
2783,2781,2782,366.0,17005532,319.0,23746,319.0,23703
2784,2782,2783,319.0,50183275,319.0,23703,366.0,24095
2785,2783,2784,319.0,50206978,366.0,24095,321.0,23747
2786,2784,2785,366.0,17077855,321.0,23747,321.0,23703
2787,2785,2786,321.0,50254466,321.0,23703,366.0,24098
2788,2786,2787,321.0,50278169,366.0,24098,319.0,23749
2789,2787,2788,366.0,17150178,319.0,23749,319.0,23703
2790,2788,2789,319.0,50325658,319.0,23703,344.0,1345
2791,2789,2790,319.0,50349361,344.0,1345,321.0,23602
2792,2790,2791,344.0,16976449,321.0,23602,343.0,23212
2793,2791,2792,321.0,50396701,343.0,23212,338.0,117954
2794,2792,2793,343.0,16492396,338.0,117954,321.0,23585
2795,2793,2794,338.0,83909844,321.0,23585,344.0,23983
2796,2794,2795,321.0,50467496,344.0,23983,319.0,23623
2797,2795,2796,344.0,17096367,319.0,23623,319.0,23571
2798,2796,2797,319.0,50514721,319.0,23571,344.0,23946
2799,2797,2798,319.0,50538292,344.0,23946,321.0,23606
2800,2798,2799,344.0,17168266,321.0,23606,343.0,23223
2801,2799,2800,321.0,50585516,343.0,23223,319.0,23473
2802,2800,2801,343.0,16678221,319.0,23473,316.0,23053
2803,2801,2802,319.0,50632570,316.0,23053,317.0,23761
2804,2802,2803,316.0,16486037,317.0,23761,319.0,23435
2805,2803,2804,317.0,17041617,319.0,23435,321.0,23396
2806,2804,2805,319.0,50702840,321.0,23396,316.0,23012
2807,2805,2806,321.0,50726235,316.0,23012,311.0,117100
2808,2806,2807,316.0,16578190,311.0,117100,321.0,23419
2809,2807,2808,311.0,84344950,321.0,23419,319.0,23396
2810,2808,2809,321.0,50796505,319.0,23396,317.0,23782
2811,2809,2810,319.0,50819901,317.0,23782,294.0,177918
2812,2810,2811,317.0,17208166,294.0,177918,484.0,420965
2813,2811,2812,294.0,16622550,484.0,420965,475.0,56312
2814,2812,2813,484.0,92171365,475.0,56312,472.0,470174
2815,2813,2814,475.0,16739272,472.0,470174,433.0,88524
2816,2814,2815,472.0,78766694,433.0,88524,433.0,464835
2817,2815,2816,433.0,78121724,433.0,464835,454.0,99428
2818,2816,2817,433.0,78586559,454.0,99428,417.0,78946
2819,2817,2818,454.0,16900684,417.0,78946,417.0,99126
2820,2818,2819,417.0,16761906,417.0,99126,366.0,2116
2821,2819,2820,417.0,16861032,366.0,2116,321.0,23735
2822,2820,2821,366.0,17223236,321.0,23735,365.0,23372
2823,2821,2822,321.0,50881934,365.0,23372,366.0,24072
2824,2822,2823,365.0,16731752,366.0,24072,319.0,23737
2825,2823,2824,366.0,17295560,319.0,23737,319.0,23703
2826,2824,2825,319.0,50953126,319.0,23703,366.0,24075
2827,2825,2826,319.0,50976829,366.0,24075,321.0,23738
2828,2826,2827,366.0,17367883,321.0,23738,321.0,23703
2829,2827,2828,321.0,51024317,321.0,23703,366.0,24078
2830,2828,2829,321.0,51048020,366.0,24078,319.0,23740
2831,2829,2830,366.0,17440206,319.0,23740,321.0,23607
2832,2830,2831,319.0,51095509,321.0,23607,343.0,23194
2833,2831,2832,321.0,51119115,343.0,23194,338.0,117884
2834,2832,2833,343.0,16726676,338.0,117884,319.0,23579
2835,2833,2834,338.0,85100159,319.0,23579,344.0,23968
2836,2834,2835,319.0,51189911,344.0,23968,321.0,23616
2837,2835,2836,344.0,17338208,321.0,23616,343.0,23249
2838,2836,2837,321.0,51237135,343.0,23249,338.0,118099
2839,2837,2838,343.0,16842857,338.0,118099,321.0,23599
2840,2838,2839,338.0,85690369,321.0,23599,343.0,23204
2841,2839,2840,321.0,51307930,343.0,23204,317.0,14804
2842,2840,2841,343.0,16912500,317.0,14804,321.0,23436
2843,2841,2842,317.0,17235924,321.0,23436,319.0,23396
2844,2842,2843,321.0,51378453,319.0,23396,316.0,23016
2845,2843,2844,319.0,51401849,316.0,23016,311.0,117115
2846,2844,2845,316.0,16766426,311.0,117115,319.0,23421
2847,2845,2846,311.0,85301305,319.0,23421,321.0,23396
2848,2846,2847,319.0,51472119,321.0,23396,317.0,23786
2849,2847,2848,321.0,51495514,317.0,23786,311.0,116961
2850,2848,2849,317.0,17402474,311.0,116961,321.0,23405
2851,2849,2850,311.0,85769556,321.0,23405,295.0,549523
2852,2850,2851,321.0,51565784,295.0,549523,484.0,69817
2853,2851,2852,295.0,83964323,484.0,69817,474.0,3131
2854,2852,2853,484.0,93130937,474.0,3131,475.0,100518
2855,2853,2854,474.0,1367751,475.0,100518,454.0,1596
2856,2854,2855,475.0,17060680,454.0,1596,454.0,99427
2857,2855,2856,454.0,16922884,454.0,99427,454.0,99427
2858,2856,2857,454.0,17022311,454.0,99427,417.0,61750
2859,2857,2858,454.0,17121738,417.0,61750,417.0,99126
2860,2858,2859,417.0,16983038,417.0,99126,381.0,171822
2861,2859,2860,417.0,17082164,381.0,171822,365.0,21360
2862,2860,2861,381.0,17093110,365.0,21360,360.0,118680
2863,2861,2862,365.0,16942648,360.0,118680,321.0,23726
2864,2862,2863,360.0,86198100,321.0,23726,365.0,23348
2865,2863,2864,321.0,51651785,365.0,23348,360.0,118696
2866,2864,2865,365.0,17012712,360.0,118696,319.0,23728
2867,2865,2866,360.0,86554066,319.0,23728,365.0,23352
2868,2866,2867,319.0,51722977,365.0,23352,360.0,118712
2869,2867,2868,365.0,17082776,360.0,118712,321.0,23729
2870,2868,2869,360.0,86910032,321.0,23729,365.0,23356
2871,2869,2870,321.0,51794168,365.0,23356,321.0,23651
2872,2870,2871,365.0,17152840,321.0,23651,344.0,23990
2873,2871,2872,321.0,51841529,344.0,23990,338.0,117814
2874,2872,2873,344.0,17508150,338.0,117814,319.0,23572
2875,2873,2874,338.0,86290474,319.0,23572,344.0,23953
2876,2874,2875,319.0,51912325,344.0,23953,319.0,23610
2877,2875,2876,344.0,17580049,319.0,23610,343.0,23232
2878,2876,2877,319.0,51959550,343.0,23232,338.0,118032
2879,2877,2878,343.0,17077138,338.0,118032,319.0,23593
2880,2878,2879,338.0,86880687,319.0,23593,344.0,24000
2881,2879,2880,319.0,52030345,344.0,24000,319.0,23524
2882,2880,2881,344.0,17699968,319.0,23524,316.0,23021
2883,2881,2882,319.0,52077463,316.0,23021,311.0,117134
2884,2882,2883,316.0,16954663,311.0,117134,319.0,23423
2885,2883,2884,311.0,86257664,319.0,23423,321.0,23396
2886,2884,2885,319.0,52147733,321.0,23396,317.0,23790
2887,2885,2886,321.0,52171128,317.0,23790,311.0,116979
2888,2886,2887,317.0,17596782,311.0,116979,321.0,23407
2889,2887,2888,311.0,86725914,321.0,23407,316.0,23046
2890,2888,2889,321.0,52241398,316.0,23046,317.0,23755
2891,2889,2890,316.0,17116012,317.0,23755,295.0,209470
2892,2890,2891,317.0,17691915,295.0,209470,488.0,204956
2893,2891,2892,295.0,84815910,488.0,204956,475.0,21396
2894,2892,2893,488.0,19079324,475.0,21396,472.0,470102
2895,2893,2894,475.0,17181012,472.0,470102,475.0,100521
2896,2894,2895,472.0,80832872,475.0,100521,433.0,391914
2897,2895,2896,475.0,17382091,433.0,391914,454.0,99436
2898,2896,2897,433.0,80654634,454.0,99436,396.0,184117
2899,2897,2898,454.0,17342814,396.0,184117,396.0,495592
2900,2898,2899,396.0,80446837,396.0,495592,381.0,37523
2901,2899,2900,396.0,80942429,381.0,37523,360.0,87697
2902,2900,2901,381.0,17197139,360.0,87697,319.0,23716
2903,2901,2902,360.0,87269617,319.0,23716,365.0,23320
2904,2902,2903,319.0,52350445,365.0,23320,360.0,118584
2905,2903,2904,365.0,17223608,360.0,118584,321.0,23717
2906,2904,2905,360.0,87625584,321.0,23717,365.0,23324
2907,2905,2906,321.0,52421636,365.0,23324,360.0,118600
2908,2906,2907,365.0,17293672,360.0,118600,319.0,23719
2909,2907,2908,360.0,87981550,319.0,23719,365.0,23328
2910,2908,2909,319.0,52492828,365.0,23328,360.0,118616
2911,2909,2910,365.0,17363736,360.0,118616,321.0,23644
2912,2910,2911,360.0,88337516,321.0,23644,344.0,23974
2913,2911,2912,321.0,52563943,344.0,23974,319.0,23619
2914,2912,2913,344.0,17749990,319.0,23619,319.0,23571
2915,2913,2914,319.0,52611168,319.0,23571,344.0,23937
2916,2914,2915,319.0,52634739,344.0,23937,321.0,23602
2917,2915,2916,344.0,17821889,321.0,23602,343.0,23212
2918,2916,2917,321.0,52681963,343.0,23212,338.0,117954
2919,2917,2918,343.0,17311416,338.0,117954,321.0,23585
2920,2918,2919,338.0,88070994,321.0,23585,344.0,23983
2921,2919,2920,321.0,52752758,344.0,23983,311.0,32093
2922,2920,2921,344.0,17941807,311.0,32093,319.0,23424
2923,2921,2922,311.0,87214013,319.0,23424,321.0,23396
2924,2922,2923,319.0,52823346,321.0,23396,317.0,23792
2925,2923,2924,321.0,52846741,317.0,23792,311.0,116988
2926,2924,2925,317.0,17791088,311.0,116988,321.0,23408
2927,2925,2926,311.0,87682263,321.0,23408,316.0,23049
2928,2926,2927,321.0,52917011,316.0,23049,317.0,23758
2929,2927,2928,316.0,17304247,317.0,23758,319.0,23434
2930,2928,2929,317.0,17886222,319.0,23434,321.0,23396
2931,2929,2930,319.0,52987282,321.0,23396,316.0,23009
2932,2930,2931,321.0,53010677,316.0,23009,488.0,133573
2933,2931,2932,316.0,17396401,488.0,133573,475.0,3959
2934,2932,2933,488.0,19270085,475.0,3959,475.0,100518
2935,2933,2934,475.0,17401903,475.0,100518,472.0,470110
2936,2934,2935,475.0,17502421,472.0,470110,454.0,66498
2937,2935,2936,472.0,82336240,454.0,66498,454.0,99427
2938,2936,2937,454.0,17464442,454.0,99427,417.0,27318
2939,2937,2938,454.0,17563869,417.0,27318,417.0,99126
2940,2938,2939,417.0,17425262,417.0,99126,417.0,99126
2941,2939,2940,417.0,17524388,417.0,99126,321.0,13437
2942,2940,2941,417.0,17623514,321.0,13437,366.0,24114
2943,2941,2942,321.0,53049105,366.0,24114,360.0,118484
2944,2942,2943,366.0,17996978,360.0,118484,319.0,23708
2945,2943,2944,360.0,88697114,319.0,23708,366.0,24117
2946,2944,2945,319.0,53120297,366.0,24117,360.0,118498
2947,2945,2946,366.0,18069301,360.0,118498,321.0,23709
2948,2946,2947,360.0,89053078,321.0,23709,366.0,24121
2949,2947,2948,321.0,53191488,366.0,24121,360.0,118517
2950,2948,2949,366.0,18141625,360.0,118517,319.0,23711
2951,2949,2950,360.0,89409047,319.0,23711,321.0,23679
2952,2950,2951,319.0,53262680,321.0,23679,344.0,23961
2953,2951,2952,321.0,53286358,344.0,23961,320.0,23613
2954,2952,2953,344.0,17991833,320.0,23613,343.0,23241
2955,2953,2954,320.0,53333583,343.0,23241,338.0,118067
2956,2954,2955,343.0,17476055,338.0,118067,321.0,23596
2957,2955,2956,338.0,88907432,321.0,23596,343.0,23196
2958,2956,2957,321.0,53404378,343.0,23196,338.0,117892
2959,2957,2958,343.0,17545698,338.0,117892,321.0,23579
2960,2958,2959,338.0,89261317,321.0,23579,344.0,23969
2961,2959,2960,321.0,53475173,344.0,23969,320.0,23574
2962,2960,2961,344.0,18183649,320.0,23574,317.0,23796
2963,2961,2962,320.0,53522355,317.0,23796,311.0,117007
2964,2962,2963,317.0,17985396,311.0,117007,314.0,23038
2965,2963,2964,311.0,88638622,314.0,23038,316.0,23053
2966,2964,2965,314.0,17469404,316.0,23053,317.0,23761
2967,2965,2966,316.0,17492483,317.0,23761,319.0,23435
2968,2966,2967,317.0,18080529,319.0,23435,321.0,23396
2969,2967,2968,319.0,53662895,321.0,23396,316.0,23012
2970,2968,2969,321.0,53686290,316.0,23012,311.0,117100
2971,2969,2970,316.0,17584636,311.0,117100,321.0,23419
2972,2970,2971,311.0,89458345,321.0,23419,488.0,62185
2973,2971,2972,321.0,53756560,488.0,62185,484.0,1038753
2974,2972,2973,488.0,19460841,484.0,1038753,475.0,87038
2975,2973,2974,484.0,98032033,475.0,87038,475.0,100518
2976,2974,2975,475.0,17723310,475.0,100518,433.0,230446
2977,2975,2976,475.0,17823828,433.0,230446,454.0,99442
2978,2976,2977,433.0,82722686,454.0,99442,396.0,11879
2979,2977,2978,454.0,17784942,396.0,11879,396.0,495592
2980,2978,2979,396.0,82504119,396.0,495592,417.0,99126
2981,2979,2980,396.0,82999711,417.0,99126,366.0,9496
2982,2980,2981,417.0,17844642,366.0,9496,321.0,23744
2983,2981,2982,366.0,18214680,321.0,23744,321.0,23703
2984,2982,2983,321.0,53795252,321.0,23703,366.0,24092
2985,2983,2984,321.0,53818955,366.0,24092,319.0,23746
2986,2984,2985,366.0,18287004,319.0,23746,319.0,23703
2987,2985,2986,319.0,53866444,319.0,23703,366.0,24095
2988,2986,2987,319.0,53890147,366.0,24095,321.0,23747
2989,2987,2988,366.0,18359327,321.0,23747,321.0,23703
2990,2988,2989,321.0,53937635,321.0,23703,366.0,24098
2991,2989,2990,321.0,53961338,366.0,24098,321.0,23693
2992,2990,2991,366.0,18431650,321.0,23693,344.0,23943
2993,2991,2992,321.0,54008771,344.0,23943,319.0,23605
2994,2992,2993,344.0,18233671,319.0,23605,343.0,23219
2995,2993,2994,319.0,54055996,343.0,23219,338.0,117982
2996,2994,2995,343.0,17710331,338.0,117982,319.0,23588
2997,2995,2996,338.0,90097732,319.0,23588,344.0,23989
2998,2996,2997,319.0,54126791,344.0,23989,322.0,375
2999,2997,2998,344.0,18353589,322.0,375,321.0,23571
3000,2998,2999,322.0,859905,321.0,23571,344.0,23952
3001,2999,3000,321.0,54197586,344.0,23952,341.0,23234
3002,3000,3001,344.0,18425488,341.0,23234,319.0,23427
3003,3001,3002,341.0,17872910,319.0,23427,316.0,23056
3004,3002,3003,319.0,54268238,316.0,23056,317.0,23763
3005,3003,3004,316.0,17680718,317.0,23763,319.0,23436
3006,3004,3005,317.0,18274835,319.0,23436,321.0,23396
3007,3005,3006,319.0,54338508,321.0,23396,316.0,23015
3008,3006,3007,321.0,54361903,316.0,23015,311.0,117111
3009,3007,3008,316.0,17772871,311.0,117111,321.0,23420
3010,3008,3009,311.0,90414696,321.0,23420,319.0,23396
3011,3009,3010,321.0,54432173,319.0,23396,317.0,23785
3012,3010,3011,319.0,54455569,317.0,23785,295.0,1147813
3013,3011,3012,317.0,18441385,295.0,1147813,484.0,687602
3014,3012,3013,295.0,89329173,484.0,687602,472.0,325342
3015,3013,3014,484.0,98991602,472.0,325342,475.0,100555
3016,3014,3015,472.0,83932342,475.0,100555,454.0,31970
3017,3015,3016,475.0,18044719,454.0,31970,454.0,99427
3018,3016,3017,454.0,17906570,454.0,99427,433.0,464979
3019,3017,3018,454.0,18005997,433.0,464979,396.0,421600
3020,3018,3019,433.0,84686089,396.0,421600,396.0,495592
3021,3019,3020,396.0,84028600,396.0,495592,319.0,5212
3022,3020,3021,396.0,84524192,319.0,5212,365.0,23368
3023,3021,3022,319.0,54493912,365.0,23368,366.0,24069
3024,3022,3023,365.0,17903114,366.0,24069,319.0,23736
3025,3023,3024,366.0,18504709,319.0,23736,365.0,23373
3026,3024,3025,319.0,54565104,365.0,23373,366.0,24073
3027,3025,3026,365.0,17973179,366.0,24073,321.0,23737
3028,3026,3027,366.0,18577033,321.0,23737,321.0,23703
3029,3027,3028,321.0,54636295,321.0,23703,366.0,24076
3030,3028,3029,321.0,54659998,366.0,24076,319.0,23739
3031,3029,3030,366.0,18649356,319.0,23739,343.0,369
3032,3030,3031,319.0,54707487,343.0,369,338.0,118091
3033,3031,3032,343.0,17874969,338.0,118091,319.0,23599
3034,3032,3033,338.0,90934166,319.0,23599,343.0,23203
3035,3033,3034,319.0,54778411,343.0,23203,338.0,117919
3036,3034,3035,343.0,17944613,338.0,117919,319.0,23582
3037,3035,3036,338.0,91288054,319.0,23582,344.0,23975
3038,3036,3037,319.0,54849206,344.0,23975,321.0,23619
3039,3037,3038,344.0,18595431,321.0,23619,320.0,23571
3040,3038,3039,321.0,54896430,320.0,23571,344.0,23937
3041,3039,3040,320.0,54920001,344.0,23937,321.0,23602
3042,3040,3041,344.0,18667329,321.0,23602,317.0,17943
3043,3041,3042,321.0,54967225,317.0,17943,311.0,116875
3044,3042,3043,317.0,18469143,311.0,116875,319.0,23397
3045,3043,3044,311.0,91019575,319.0,23397,316.0,23019
3046,3044,3045,319.0,55037517,316.0,23019,311.0,117126
3047,3045,3046,316.0,17961107,311.0,117126,319.0,23422
3048,3046,3047,311.0,91371051,319.0,23422,321.0,23396
3049,3047,3048,319.0,55107787,321.0,23396,317.0,23788
3050,3048,3049,321.0,55131182,317.0,23788,311.0,116970
3051,3049,3050,317.0,18635692,311.0,116970,321.0,23406
3052,3050,3051,311.0,91839300,321.0,23406,295.0,807734
3053,3051,3052,321.0,55201452,295.0,807734,484.0,336442
3054,3052,3053,295.0,90180734,484.0,336442,475.0,52120
3055,3053,3054,484.0,99951162,475.0,52120,472.0,470345
3056,3054,3055,475.0,18165048,472.0,470345,433.0,68984
3057,3055,3056,472.0,85435705,433.0,68984,454.0,99448
3058,3056,3057,433.0,84790744,454.0,99448,454.0,99427
3059,3057,3058,454.0,18227070,454.0,99427,417.0,74811
3060,3058,3059,454.0,18326497,417.0,74811,417.0,99126
3061,3059,3060,417.0,18187739,417.0,99126,365.0,1083
3062,3060,3061,417.0,18286865,365.0,1083,360.0,118668
3063,3061,3062,365.0,18114011,360.0,118668,321.0,23725
3064,3062,3063,360.0,92149383,321.0,23725,365.0,23345
3065,3063,3064,321.0,55263763,365.0,23345,360.0,118684
3066,3064,3065,365.0,18184075,360.0,118684,319.0,23727
3067,3065,3066,360.0,92505349,319.0,23727,365.0,23349
3068,3066,3067,319.0,55334955,365.0,23349,360.0,118700
3069,3067,3068,365.0,18254139,360.0,118700,321.0,23728
3070,3068,3069,360.0,92861315,321.0,23728,365.0,23353
3071,3069,3070,321.0,55406146,365.0,23353,360.0,118716
3072,3070,3071,365.0,18324203,360.0,118716,338.0,99116
3073,3071,3072,360.0,93217281,338.0,99116,321.0,23591
3074,3072,3073,338.0,92124476,321.0,23591,344.0,23996
3075,3073,3074,321.0,55500824,344.0,23996,338.0,117841
3076,3074,3075,344.0,18765372,338.0,117841,321.0,23574
3077,3075,3076,338.0,92478361,321.0,23574,344.0,23958
3078,3076,3077,321.0,55571619,344.0,23958,319.0,23612
3079,3077,3078,344.0,18837270,319.0,23612,343.0,23238
3080,3078,3079,319.0,55618844,343.0,23238,338.0,118056
3081,3079,3080,343.0,18295072,338.0,118056,321.0,23595
3082,3080,3081,338.0,93068571,321.0,23595,321.0,23491
3083,3081,3082,321.0,55689639,321.0,23491,316.0,23023
3084,3082,3083,321.0,55713130,316.0,23023,311.0,117142
3085,3083,3084,316.0,18149343,311.0,117142,319.0,23424
3086,3084,3085,311.0,92327407,319.0,23424,321.0,23396
3087,3085,3086,319.0,55783401,321.0,23396,317.0,23792
3088,3086,3087,321.0,55806796,317.0,23792,311.0,116988
3089,3087,3088,317.0,18830000,311.0,116988,321.0,23408
3090,3088,3089,311.0,92795658,321.0,23408,316.0,23049
3091,3089,3090,321.0,55877066,316.0,23049,317.0,23758
3092,3090,3091,316.0,18310693,317.0,23758,295.0,467693
3093,3091,3092,317.0,18925134,295.0,467693,488.0,259160
3094,3092,3093,295.0,91032333,488.0,259160,472.0,162000
3095,3093,3094,488.0,20444248,472.0,162000,475.0,100545
3096,3094,3095,472.0,85998520,475.0,100545,472.0,470367
3097,3095,3096,475.0,18486459,472.0,470367,454.0,96870
3098,3096,3097,472.0,86939087,454.0,96870,454.0,99427
3099,3097,3098,454.0,18448126,454.0,99427,396.0,249376
3100,3098,3099,454.0,18547553,396.0,249376,396.0,495592
3101,3099,3100,396.0,86085896,396.0,495592,381.0,139501
3102,3100,3101,396.0,86581488,381.0,139501,319.0,20691
3103,3101,3102,381.0,18490757,319.0,20691,365.0,23318
3104,3102,3103,319.0,55962423,365.0,23318,360.0,118576
3105,3103,3104,365.0,18394972,360.0,118576,319.0,23717
3106,3104,3105,360.0,93576871,319.0,23717,365.0,23323
3107,3105,3106,319.0,56033615,365.0,23323,360.0,118596
3108,3106,3107,365.0,18465037,360.0,118596,321.0,23718
3109,3107,3108,360.0,93932841,321.0,23718,365.0,23327
3110,3108,3109,321.0,56104806,365.0,23327,360.0,118612
3111,3109,3110,365.0,18535101,360.0,118612,319.0,23720
3112,3110,3111,360.0,94288807,319.0,23720,338.0,78576
3113,3111,3112,319.0,56175998,338.0,78576,319.0,23585
3114,3112,3113,338.0,93314796,319.0,23585,344.0,23982
3115,3113,3114,319.0,56223239,344.0,23982,321.0,23622
3116,3114,3115,344.0,19007214,321.0,23622,320.0,23571
3117,3115,3116,321.0,56270463,320.0,23571,344.0,23944
3118,3116,3117,320.0,56294034,344.0,23944,321.0,23605
3119,3117,3118,344.0,19079112,321.0,23605,343.0,23220
3120,3118,3119,321.0,56341258,343.0,23220,338.0,117986
3121,3119,3120,343.0,18529352,338.0,117986,321.0,23588
3122,3120,3121,338.0,94258886,321.0,23588,311.0,47540
3123,3121,3122,321.0,56412053,311.0,47540,319.0,23425
3124,3122,3123,311.0,93283760,319.0,23425,321.0,23396
3125,3123,3124,319.0,56459014,321.0,23396,317.0,23794
3126,3124,3125,321.0,56482409,317.0,23794,311.0,116998
3127,3125,3126,317.0,19024306,311.0,116998,321.0,23409
3128,3126,3127,311.0,93752008,321.0,23409,316.0,23052
3129,3127,3128,321.0,56552679,316.0,23052,317.0,23760
3130,3128,3129,316.0,18498928,317.0,23760,319.0,23435
3131,3129,3130,317.0,19119440,319.0,23435,321.0,23396
3132,3130,3131,319.0,56622950,321.0,23396,295.0,127620
3133,3131,3132,321.0,56646345,295.0,127620,488.0,187775
3134,3132,3133,295.0,91883900,488.0,187775,475.0,17204
3135,3133,3134,488.0,20635007,475.0,17204,472.0,470274
3136,3134,3135,475.0,18606788,472.0,470274,475.0,100545
3137,3135,3136,472.0,87501884,475.0,100545,433.0,372374
3138,3136,3137,475.0,18807867,433.0,372374,454.0,99435
3139,3137,3138,433.0,87323654,454.0,99435,417.0,40378
3140,3138,3139,454.0,18768627,417.0,40378,417.0,99126
3141,3139,3140,417.0,18629962,417.0,99126,381.0,5206
3142,3140,3141,417.0,18729088,381.0,5206,366.0,16878
3143,3141,3142,381.0,18594790,366.0,16878,360.0,118465
3144,3142,3143,366.0,19206126,360.0,118465,320.0,23706
3145,3143,3144,360.0,94648390,320.0,23706,366.0,24113
3146,3144,3145,320.0,56732274,366.0,24113,360.0,118479
3147,3145,3146,366.0,19278449,360.0,118479,321.0,23707
3148,3146,3147,360.0,95004354,321.0,23707,366.0,24116
3149,3147,3148,321.0,56803465,366.0,24116,360.0,118493
3150,3148,3149,366.0,19350772,360.0,118493,319.0,23709
3151,3149,3150,360.0,95360318,319.0,23709,366.0,24120
3152,3150,3151,319.0,56874657,366.0,24120,338.0,58026
3153,3151,3152,366.0,19423096,338.0,58026,319.0,23578
3154,3152,3153,338.0,94505106,319.0,23578,344.0,23966
3155,3153,3154,319.0,56945653,344.0,23966,321.0,23615
3156,3154,3155,344.0,19249054,321.0,23615,343.0,23247
3157,3155,3156,321.0,56992877,343.0,23247,338.0,118091
3158,3156,3157,343.0,18693989,338.0,118091,319.0,23599
3159,3157,3158,338.0,95095316,319.0,23599,343.0,23203
3160,3158,3159,319.0,57063673,343.0,23203,338.0,117919
3161,3159,3160,343.0,18763633,338.0,117919,319.0,23582
3162,3160,3161,338.0,95449204,319.0,23582,321.0,23556
3163,3161,3162,319.0,57134468,321.0,23556,317.0,23799
3164,3162,3163,321.0,57158023,317.0,23799,311.0,117020
3165,3163,3164,317.0,19218615,311.0,117020,321.0,23411
3166,3164,3165,311.0,94708370,321.0,23411,316.0,23057
3167,3165,3166,321.0,57228293,316.0,23057,317.0,23764
3168,3166,3167,316.0,18687165,317.0,23764,321.0,23436
3169,3167,3168,317.0,19313748,321.0,23436,319.0,23396
3170,3168,3169,321.0,57298563,319.0,23396,316.0,23016
3171,3169,3170,319.0,57321959,316.0,23016,311.0,117115
3172,3170,3171,316.0,18779318,311.0,117115,319.0,23421
3173,3171,3172,311.0,95528095,319.0,23421,488.0,116391
3174,3172,3173,319.0,57392229,488.0,116391,484.0,1305398
3175,3173,3174,488.0,20825767,484.0,1305398,475.0,100285
3176,3174,3175,484.0,104852278,475.0,100285,472.0,470281
3177,3175,3176,475.0,18928197,472.0,470281,454.0,62343
3178,3176,3177,472.0,89005251,454.0,62343,454.0,99427
3179,3177,3178,454.0,18890255,454.0,99427,417.0,23183
3180,3178,3179,454.0,18989682,417.0,23183,417.0,99126
3181,3179,3180,417.0,18851095,417.0,99126,417.0,99126
3182,3180,3181,417.0,18950221,417.0,99126,363.0,12269
3183,3181,3182,417.0,19049347,363.0,12269,363.0,23326
3184,3182,3183,363.0,18840181,363.0,23326,366.0,24091
3185,3183,3184,363.0,18863507,366.0,24091,319.0,23746
3186,3184,3185,366.0,19496155,319.0,23746,319.0,23703
3187,3185,3186,319.0,57478423,319.0,23703,366.0,24095
3188,3186,3187,319.0,57502126,366.0,24095,321.0,23747
3189,3187,3188,366.0,19568479,321.0,23747,321.0,23703
3190,3188,3189,321.0,57549614,321.0,23703,366.0,24098
3191,3189,3190,321.0,57573317,366.0,24098,319.0,23749
3192,3190,3191,366.0,19640802,319.0,23749,338.0,37489
3193,3191,3192,319.0,57620806,338.0,37489,319.0,23572
3194,3192,3193,338.0,95695429,319.0,23572,344.0,23953
3195,3193,3194,319.0,57668068,344.0,23953,319.0,23610
3196,3194,3195,344.0,19490897,319.0,23610,343.0,23232
3197,3195,3196,319.0,57715293,343.0,23232,338.0,118032
3198,3196,3197,343.0,18928272,338.0,118032,319.0,23593
3199,3197,3198,338.0,96285642,319.0,23593,344.0,24000
3200,3198,3199,319.0,57786088,344.0,24000,338.0,117860
3201,3199,3200,344.0,19610816,338.0,117860,321.0,23576
3202,3200,3201,338.0,96639530,321.0,23576,311.0,6796
3203,3201,3202,321.0,57856883,311.0,6796,319.0,23414
3204,3202,3203,311.0,95664736,319.0,23414,316.0,23064
3205,3203,3204,319.0,57903908,316.0,23064,317.0,23770
3206,3204,3205,316.0,18875404,317.0,23770,311.0,116889
3207,3205,3206,317.0,19508058,311.0,116889,321.0,23398
3208,3206,3207,311.0,96132984,321.0,23398,316.0,23023
3209,3207,3208,321.0,57997573,316.0,23023,311.0,117142
3210,3208,3209,316.0,18967557,311.0,117142,319.0,23424
3211,3209,3210,311.0,96484462,319.0,23424,321.0,23396
3212,3210,3211,319.0,58067844,321.0,23396,317.0,23792
3213,3211,3212,321.0,58091239,317.0,23792,488.0,45018
3214,3212,3213,317.0,19674608,488.0,45018,484.0,954307
3215,3213,3214,488.0,21016538,484.0,954307,472.0,387287
3216,3214,3215,484.0,105811907,472.0,387287,475.0,100539
3217,3215,3216,472.0,89568087,475.0,100539,433.0,210958
3218,3216,3217,475.0,19249611,433.0,210958,454.0,99448
3219,3217,3218,433.0,89391758,454.0,99448,417.0,5902
3220,3218,3219,454.0,19210762,417.0,5902,396.0,486901
3221,3219,3220,417.0,19072142,396.0,486901,396.0,495592
3222,3220,3221,396.0,89667701,396.0,495592,365.0,8242
3223,3221,3222,396.0,90163293,365.0,8242,366.0,24071
3224,3222,3223,365.0,19074482,366.0,24071,319.0,23737
3225,3223,3224,366.0,19713863,319.0,23737,319.0,23703
3226,3224,3225,319.0,58177084,319.0,23703,366.0,24075
3227,3225,3226,319.0,58200787,366.0,24075,321.0,23738
3228,3226,3227,366.0,19786187,321.0,23738,321.0,23703
3229,3227,3228,321.0,58248275,321.0,23703,366.0,24078
3230,3228,3229,321.0,58271978,366.0,24078,319.0,23740
3231,3229,3230,366.0,19858510,319.0,23740,319.0,23703
3232,3230,3231,319.0,58319467,319.0,23703,321.0,23743
3233,3231,3232,319.0,58343170,321.0,23743,320.0,23571
3234,3232,3233,321.0,58366912,320.0,23571,344.0,23940
3235,3233,3234,320.0,58390483,344.0,23940,319.0,23604
3236,3234,3235,344.0,19732740,319.0,23604,343.0,23216
3237,3235,3236,319.0,58437708,343.0,23216,338.0,117970
3238,3236,3237,343.0,19162554,338.0,117970,319.0,23587
3239,3237,3238,338.0,97475965,319.0,23587,344.0,23986
3240,3238,3239,319.0,58508503,344.0,23986,321.0,23624
3241,3239,3240,344.0,19852658,321.0,23624,320.0,23571
3242,3240,3241,321.0,58555727,320.0,23571,344.0,23949
3243,3241,3242,320.0,58579298,344.0,23949,317.0,21087
3244,3242,3243,344.0,19924557,317.0,21087,311.0,116911
3245,3243,3244,317.0,19702367,311.0,116911,319.0,23401
3246,3244,3245,311.0,97089346,319.0,23401,316.0,23029
3247,3245,3246,319.0,58673188,316.0,23029,311.0,117164
3248,3246,3247,316.0,19155795,311.0,117164,319.0,23426
3249,3247,3248,311.0,97440824,319.0,23426,321.0,23396
3250,3248,3249,319.0,58743458,321.0,23396,317.0,23797
3251,3249,3250,321.0,58766853,317.0,23797,311.0,117011
3252,3250,3251,317.0,19868917,311.0,117011,321.0,23410
3253,3251,3252,311.0,97909076,321.0,23410,295.0,1066051
3254,3252,3253,321.0,58837123,295.0,1066051,484.0,603176
3255,3253,3254,295.0,96397251,484.0,603176,475.0,65374
3256,3254,3255,484.0,106771496,475.0,65374,472.0,470245
3257,3255,3256,475.0,19369942,472.0,470245,454.0,27822
3258,3256,3257,472.0,91071465,454.0,27822,454.0,99427
3259,3257,3258,454.0,19332390,454.0,99427,433.0,466117
3260,3258,3259,454.0,19431817,433.0,466117,417.0,87880
3261,3259,3260,433.0,91356257,417.0,87880,417.0,99126
3262,3260,3261,417.0,19392448,417.0,99126,360.0,21029
3263,3261,3262,417.0,19491574,360.0,21029,321.0,23726
3264,3262,3263,360.0,98100689,321.0,23726,365.0,23348
3265,3263,3264,321.0,58875743,365.0,23348,360.0,118696
3266,3264,3265,365.0,19355444,360.0,118696,319.0,23728
3267,3265,3266,360.0,98456656,319.0,23728,365.0,23352
3268,3266,3267,319.0,58946935,365.0,23352,360.0,118712
3269,3267,3268,365.0,19425508,360.0,118712,321.0,23729
3270,3268,3269,360.0,98812622,321.0,23729,365.0,23356
3271,3269,3270,321.0,59018126,365.0,23356,360.0,118728
3272,3270,3271,365.0,19495572,360.0,118728,319.0,23731
3273,3271,3272,360.0,99168588,319.0,23731,343.0,22622
3274,3272,3273,319.0,59089318,343.0,22622,338.0,118071
3275,3273,3274,343.0,19327190,338.0,118071,319.0,23597
3276,3274,3275,338.0,98312391,319.0,23597,343.0,23198
3277,3275,3276,319.0,59160122,343.0,23198,338.0,117900
3278,3276,3277,343.0,19396834,338.0,117900,341.0,23205
3279,3277,3278,338.0,98666280,341.0,23205,344.0,23971
3280,3278,3279,341.0,19443279,344.0,23971,319.0,23618
3281,3279,3280,344.0,20094499,319.0,23618,319.0,23571
3282,3280,3281,319.0,59278142,319.0,23571,338.0,118118
3283,3281,3282,319.0,59301713,338.0,118118,319.0,23466
3284,3282,3283,338.0,99256493,319.0,23466,316.0,23035
3285,3283,3284,319.0,59348802,316.0,23035,317.0,23746
3286,3284,3285,316.0,19344033,317.0,23746,321.0,23428
3287,3285,3286,317.0,19991810,321.0,23428,319.0,23396
3288,3286,3287,321.0,59419072,319.0,23396,317.0,23802
3289,3287,3288,319.0,59442468,317.0,23802,311.0,117034
3290,3288,3289,317.0,20063226,311.0,117034,319.0,23413
3291,3289,3290,311.0,98865439,319.0,23413,316.0,23061
3292,3290,3291,319.0,59512738,316.0,23061,317.0,23768
3293,3291,3292,316.0,19505383,317.0,23768,295.0,726029
3294,3292,3293,317.0,20158360,295.0,726029,484.0,252075
3295,3293,3294,295.0,97248869,484.0,252075,472.0,223974
3296,3294,3295,484.0,107731115,472.0,223974,475.0,100533
3297,3295,3296,472.0,91634294,475.0,100533,433.0,49541
3298,3296,3297,475.0,19691355,433.0,49541,433.0,464835
3299,3297,3298,433.0,91459861,433.0,464835,454.0,99438
3300,3298,3299,433.0,91924696,454.0,99438,396.0,314700
3301,3299,3300,454.0,19752322,396.0,314700,417.0,99132
3302,3300,3301,396.0,91725020,417.0,99132,319.0,92
3303,3301,3302,417.0,19712708,319.0,92,365.0,23323
3304,3302,3303,319.0,59574404,365.0,23323,360.0,118596
3305,3303,3304,365.0,19566343,360.0,118596,321.0,23718
3306,3304,3305,360.0,99528186,321.0,23718,365.0,23327
3307,3305,3306,321.0,59645595,365.0,23327,360.0,118612
3308,3306,3307,365.0,19636407,360.0,118612,319.0,23720
3309,3307,3308,360.0,99884152,319.0,23720,365.0,23331
3310,3308,3309,319.0,59716787,365.0,23331,360.0,118628
3311,3309,3310,365.0,19706471,360.0,118628,321.0,23721
3312,3310,3311,360.0,100240118,321.0,23721,365.0,23335
3313,3311,3312,321.0,59787978,365.0,23335,343.0,18577
3314,3312,3313,365.0,19776535,343.0,18577,338.0,118013
3315,3313,3314,343.0,19561473,338.0,118013,319.0,23591
3316,3314,3315,338.0,99502718,319.0,23591,344.0,23995
3317,3315,3316,319.0,59882537,344.0,23995,338.0,117837
3318,3316,3317,344.0,20264443,338.0,117837,319.0,23574
3319,3317,3318,338.0,99856602,319.0,23574,344.0,23957
3320,3318,3319,319.0,59953332,344.0,23957,321.0,23611
3321,3319,3320,344.0,20336341,321.0,23611,343.0,23236
3322,3320,3321,321.0,60000556,343.0,23236,338.0,118048
3323,3321,3322,343.0,19747296,338.0,118048,317.0,12805
3324,3322,3323,338.0,100446808,317.0,12805,319.0,23430
3325,3323,3324,317.0,20186117,319.0,23430,321.0,23396
3326,3324,3325,319.0,60094686,321.0,23396,317.0,23806
3327,3325,3326,321.0,60118081,317.0,23806,311.0,117052
3328,3326,3327,317.0,20257534,311.0,117052,319.0,23415
3329,3327,3328,311.0,99821797,319.0,23415,321.0,23396
3330,3328,3329,319.0,60188352,321.0,23396,317.0,23772
3331,3329,3330,321.0,60211747,317.0,23772,311.0,116898
3332,3330,3331,317.0,20352668,311.0,116898,321.0,23399
3333,3331,3332,311.0,100290048,321.0,23399,295.0,385973
3334,3332,3333,321.0,60282017,295.0,385973,488.0,242006
3335,3333,3334,295.0,98100453,488.0,242006,475.0,30462
3336,3334,3335,488.0,21999958,475.0,30462,472.0,470202
3337,3335,3336,475.0,19811686,472.0,470202,475.0,100535
3338,3336,3337,472.0,93137672,475.0,100535,454.0,92727
3339,3337,3338,475.0,20012765,454.0,92727,443.0,8051
3340,3338,3339,454.0,19873951,443.0,8051,417.0,53451
3341,3339,3340,443.0,1610751,417.0,53451,396.0,495646
3342,3340,3341,417.0,19834675,396.0,495646,381.0,107231
3343,3341,3342,396.0,93249506,381.0,107231,360.0,98326
3344,3342,3343,381.0,19888455,360.0,98326,363.0,23331
3345,3343,3344,360.0,100599706,363.0,23331,366.0,24117
3346,3344,3345,363.0,19823961,366.0,24117,360.0,118498
3347,3345,3346,366.0,20487605,360.0,118498,321.0,23709
3348,3346,3347,360.0,100955668,321.0,23709,366.0,24121
3349,3347,3348,321.0,60415446,366.0,24121,360.0,118517
3350,3348,3349,366.0,20559929,360.0,118517,319.0,23711
3351,3349,3350,360.0,101311637,319.0,23711,366.0,24124
3352,3350,3351,319.0,60486638,366.0,24124,360.0,118531
3353,3351,3352,366.0,20632252,360.0,118531,343.0,14528
3354,3352,3353,360.0,101667601,343.0,14528,338.0,117939
3355,3353,3354,343.0,19795752,338.0,117939,319.0,23584
3356,3354,3355,338.0,100693029,319.0,23584,344.0,23980
3357,3355,3356,319.0,60604951,344.0,23980,319.0,23622
3358,3356,3357,344.0,20506284,319.0,23622,319.0,23571
3359,3357,3358,319.0,60652176,319.0,23571,344.0,23944
3360,3358,3359,319.0,60675747,344.0,23944,321.0,23605
3361,3359,3360,344.0,20578184,321.0,23605,343.0,23220
3362,3360,3361,321.0,60722971,343.0,23220,338.0,117986
3363,3361,3362,343.0,19981578,338.0,117986,314.0,8387
3364,3362,3363,338.0,101637131,314.0,8387,316.0,23003
3365,3363,3364,314.0,19789611,316.0,23003,311.0,117066
3366,3364,3365,316.0,19812659,311.0,117066,319.0,23416
3367,3365,3366,311.0,100778151,319.0,23416,321.0,23396
3368,3366,3367,319.0,60863965,321.0,23396,317.0,23775
3369,3367,3368,321.0,60887360,317.0,23775,311.0,116911
3370,3368,3369,317.0,20546975,311.0,116911,319.0,23401
3371,3369,3370,311.0,101246401,319.0,23401,316.0,23029
3372,3370,3371,319.0,60957631,316.0,23029,311.0,117164
3373,3371,3372,316.0,19974009,311.0,117164,295.0,45899
3374,3372,3373,311.0,101597879,295.0,45899,488.0,170620
3375,3373,3374,295.0,98952019,488.0,170620,472.0,60625
3376,3374,3375,488.0,22190716,472.0,60625,475.0,100522
3377,3375,3376,472.0,93700465,475.0,100522,472.0,470202
3378,3376,3377,475.0,20133094,472.0,470202,433.0,352922
3379,3377,3378,472.0,94641032,433.0,352922,454.0,99445
3380,3378,3379,433.0,93992762,454.0,99445,417.0,36253
3381,3379,3380,454.0,20194451,417.0,36253,417.0,99126
3382,3380,3381,417.0,20055805,417.0,99126,417.0,99247
3383,3381,3382,417.0,20154931,417.0,99247,321.0,15570
3384,3382,3383,417.0,20254178,321.0,15570,366.0,24094
3385,3383,3384,321.0,61042914,366.0,24094,319.0,23747
3386,3384,3385,366.0,20705310,319.0,23747,319.0,23703
3387,3385,3386,319.0,61090403,319.0,23703,366.0,24097
3388,3386,3387,319.0,61114106,366.0,24097,321.0,23748
3389,3387,3388,366.0,20777633,321.0,23748,321.0,23703
3390,3388,3389,321.0,61161594,321.0,23703,366.0,24101
3391,3389,3390,321.0,61185297,366.0,24101,319.0,23750
3392,3390,3391,366.0,20849957,319.0,23750,319.0,23703
3393,3391,3392,319.0,61232786,319.0,23703,343.0,10480
3394,3392,3393,319.0,61256489,343.0,10480,338.0,117869
3395,3393,3394,343.0,20030032,338.0,117869,341.0,23202
3396,3394,3395,338.0,101883344,341.0,23202,344.0,23964
3397,3395,3396,341.0,20076482,344.0,23964,321.0,23614
3398,3396,3397,344.0,20748124,321.0,23614,343.0,23244
3399,3397,3398,321.0,61374589,343.0,23244,338.0,118079
3400,3398,3399,343.0,20146212,338.0,118079,321.0,23597
3401,3399,3400,338.0,102473549,321.0,23597,343.0,23199
3402,3400,3401,321.0,61445384,343.0,23199,338.0,117904
3403,3401,3402,343.0,20215855,338.0,117904,311.0,22256
3404,3402,3403,338.0,102827434,311.0,22256,321.0,23416
3405,3403,3404,311.0,101734496,321.0,23416,319.0,23396
3406,3404,3405,321.0,61539577,319.0,23396,317.0,23776
3407,3405,3406,319.0,61562973,317.0,23776,311.0,116916
3408,3406,3407,317.0,20741280,311.0,116916,319.0,23401
3409,3407,3408,311.0,102202746,319.0,23401,316.0,23029
3410,3408,3409,319.0,61633243,316.0,23029,311.0,117164
3411,3409,3410,316.0,20162241,311.0,117164,319.0,23426
3412,3410,3411,311.0,102554219,319.0,23426,321.0,23396
3413,3411,3412,319.0,61703513,321.0,23396,317.0,23797
3414,3412,3413,321.0,61726908,317.0,23797,488.0,99229
3415,3413,3414,317.0,20907829,488.0,99229,484.0,1220977
3416,3414,3415,488.0,22381469,484.0,1220977,472.0,449211
3417,3415,3416,484.0,112632177,472.0,449211,475.0,100520
3418,3416,3417,472.0,95203811,475.0,100520,454.0,58196
3419,3417,3418,475.0,20454500,454.0,58196,454.0,99417
3420,3418,3419,454.0,20316076,454.0,99417,396.0,56574
3421,3419,3420,454.0,20415493,396.0,56574,396.0,495592
3422,3420,3421,396.0,94811174,396.0,495592,417.0,99133
3423,3421,3422,396.0,95306766,417.0,99133,366.0,11653
3424,3422,3423,417.0,20475185,366.0,11653,319.0,23736
3425,3423,3424,366.0,20923013,319.0,23736,365.0,23373
3426,3424,3425,319.0,61789062,365.0,23373,366.0,24073
3427,3425,3426,365.0,20315911,366.0,24073,321.0,23737
3428,3426,3427,366.0,20995337,321.0,23737,321.0,23703
3429,3427,3428,321.0,61860253,321.0,23703,366.0,24076
3430,3428,3429,321.0,61883956,366.0,24076,319.0,23739
3431,3429,3430,366.0,21067660,319.0,23739,319.0,23703
3432,3430,3431,319.0,61931445,319.0,23703,366.0,24080
3433,3431,3432,319.0,61955148,366.0,24080,344.0,6706
3434,3432,3433,366.0,21139984,344.0,6706,321.0,23624
3435,3433,3434,344.0,20918066,321.0,23624,320.0,23571
3436,3434,3435,321.0,62026208,320.0,23571,344.0,23949
3437,3435,3436,320.0,62049779,344.0,23949,319.0,23608
3438,3436,3437,344.0,20989965,319.0,23608,343.0,23227
3439,3437,3438,319.0,62097004,343.0,23227,338.0,118013
3440,3438,3439,343.0,20380493,338.0,118013,319.0,23591
3441,3439,3440,338.0,103663868,319.0,23591,344.0,23995
3442,3440,3441,319.0,62167799,344.0,23995,338.0,117837
3443,3441,3442,344.0,21109883,338.0,117837,319.0,23567
3444,3442,3443,338.0,104017752,319.0,23567,317.0,23780
3445,3443,3444,319.0,62238587,317.0,23780,311.0,116934
3446,3444,3445,317.0,20935588,311.0,116934,319.0,23403
3447,3445,3446,311.0,103159104,319.0,23403,316.0,23035
3448,3446,3447,319.0,62308857,316.0,23035,317.0,23746
3449,3447,3448,316.0,20350479,317.0,23746,321.0,23428
3450,3448,3449,317.0,21030722,321.0,23428,319.0,23396
3451,3449,3450,321.0,62379127,319.0,23396,317.0,23802
3452,3450,3451,319.0,62402523,317.0,23802,311.0,117034
3453,3451,3452,317.0,21102138,311.0,117034,319.0,23413
3454,3452,3453,311.0,103978834,319.0,23413,488.0,27851
3455,3453,3454,319.0,62472793,488.0,27851,484.0,869861
3456,3454,3455,488.0,22572235,484.0,869861,475.0,78624
3457,3455,3456,484.0,113591781,475.0,78624,472.0,470117
3458,3456,3457,475.0,20574832,472.0,470117,433.0,191462
3459,3457,3458,472.0,96707197,433.0,191462,433.0,464835
3460,3458,3459,433.0,96060822,433.0,464835,416.0,7703
3461,3459,3460,433.0,96525657,416.0,7703,417.0,99394
3462,3460,3461,416.0,1660623,417.0,99394,396.0,495653
3463,3461,3462,417.0,20597152,396.0,495653,319.0,7346
3464,3462,3463,396.0,96831253,319.0,7346,365.0,23347
3465,3463,3464,319.0,62487722,365.0,23347,360.0,118692
3466,3464,3465,365.0,20526809,360.0,118692,321.0,23727
3467,3465,3466,360.0,104407947,321.0,23727,365.0,23351
3468,3466,3467,321.0,62558913,365.0,23351,360.0,118708
3469,3467,3468,365.0,20596873,360.0,118708,319.0,23729
3470,3468,3469,360.0,104763913,319.0,23729,365.0,23355
3471,3469,3470,319.0,62630105,365.0,23355,360.0,118724
3472,3470,3471,365.0,20666937,360.0,118724,321.0,23730
3473,3471,3472,360.0,105119879,321.0,23730,344.0,2531
3474,3472,3473,321.0,62701296,344.0,2531,319.0,23618
3475,3473,3474,344.0,21159907,319.0,23618,319.0,23571
3476,3474,3475,319.0,62748623,319.0,23571,338.0,118118
3477,3475,3476,319.0,62772194,338.0,118118,321.0,23601
3478,3476,3477,338.0,104500298,321.0,23601,343.0,23210
3479,3477,3478,321.0,62819418,343.0,23210,338.0,117947
3480,3478,3479,343.0,20614774,338.0,117947,319.0,23585
3481,3479,3480,338.0,104854187,319.0,23585,344.0,23982
3482,3480,3481,319.0,62890214,344.0,23982,321.0,23622
3483,3481,3482,344.0,21351726,321.0,23622,320.0,23571
3484,3482,3483,321.0,62937438,320.0,23571,321.0,23463
3485,3483,3484,320.0,62961009,321.0,23463,316.0,23041
3486,3484,3485,321.0,62984471,316.0,23041,317.0,23751
3487,3485,3486,316.0,20538717,317.0,23751,321.0,23430
3488,3486,3487,317.0,21225031,321.0,23430,319.0,23396
3489,3487,3488,321.0,63054741,319.0,23396,317.0,23807
3490,3488,3489,319.0,63078137,317.0,23807,311.0,117057
3491,3489,3490,317.0,21296447,311.0,117057,314.0,23043
3492,3490,3491,311.0,104935197,314.0,23043,321.0,23396
3493,3491,3492,314.0,20676979,321.0,23396,317.0,23772
3494,3492,3493,321.0,63171802,317.0,23772,295.0,984268
3495,3493,3494,317.0,21391580,295.0,984268,484.0,518728
3496,3494,3495,295.0,103465308,484.0,518728,475.0,61188
3497,3495,3496,484.0,114551368,475.0,61188,475.0,100518
3498,3496,3497,475.0,20795724,475.0,100518,454.0,23673
3499,3497,3498,475.0,20896242,454.0,23673,454.0,99424
3500,3498,3499,454.0,20758209,454.0,99424,433.0,465846
3501,3499,3500,454.0,20857633,433.0,465846,417.0,83750
3502,3500,3501,433.0,98025326,417.0,83750,417.0,99126
3503,3501,3502,417.0,20818286,417.0,99126,365.0,3171
3504,3502,3503,417.0,20917412,365.0,3171,360.0,118588
3505,3503,3504,365.0,20737707,360.0,118588,319.0,23718
3506,3504,3505,360.0,105479473,319.0,23718,365.0,23326
3507,3505,3506,319.0,63257574,365.0,23326,360.0,118608
3508,3506,3507,365.0,20807772,360.0,118608,319.0,23720
3509,3507,3508,360.0,105835443,319.0,23720,365.0,23331
3510,3508,3509,319.0,63328766,365.0,23331,360.0,118628
3511,3509,3510,365.0,20877837,360.0,118628,321.0,23721
3512,3510,3511,360.0,106191413,321.0,23721,365.0,23335
3513,3511,3512,321.0,63399957,365.0,23335,360.0,118644
3514,3512,3513,365.0,20947901,360.0,118644,319.0,23612
3515,3513,3514,360.0,106547379,319.0,23612,343.0,23238
3516,3514,3515,319.0,63471038,343.0,23238,338.0,118056
3517,3515,3516,343.0,20779412,338.0,118056,321.0,23595
3518,3516,3517,338.0,105690621,321.0,23595,343.0,23194
3519,3517,3518,321.0,63541833,343.0,23194,338.0,117884
3520,3518,3519,343.0,20849056,338.0,117884,319.0,23579
3521,3519,3520,338.0,106044509,319.0,23579,344.0,23968
3522,3520,3521,319.0,63612629,344.0,23968,321.0,23616
3523,3521,3522,344.0,21593568,321.0,23616,343.0,23249
3524,3522,3523,321.0,63659853,343.0,23249,317.0,15948
3525,3523,3524,343.0,20965237,317.0,15948,319.0,23433
3526,3524,3525,317.0,21419340,319.0,23433,321.0,23396
3527,3525,3526,319.0,63730356,321.0,23396,316.0,23007
3528,3526,3527,321.0,63753751,316.0,23007,311.0,117081
3529,3527,3528,316.0,20819109,311.0,117081,321.0,23417
3530,3528,3529,311.0,105891561,321.0,23417,319.0,23396
3531,3529,3530,321.0,63824021,319.0,23396,317.0,23778
3532,3530,3531,319.0,63847417,317.0,23778,311.0,116925
3533,3531,3532,317.0,21585890,311.0,116925,319.0,23402
3534,3532,3533,311.0,106359810,319.0,23402,295.0,644239
3535,3533,3534,319.0,63917687,295.0,644239,484.0,167620
3536,3534,3535,295.0,104316919,484.0,167620,475.0,43711
3537,3535,3536,484.0,115510980,475.0,43711,475.0,100561
3538,3536,3537,475.0,21016575,475.0,100561,433.0,30038
3539,3537,3538,475.0,21117136,433.0,30038,433.0,464835
3540,3538,3539,433.0,98128918,433.0,464835,454.0,99442
3541,3539,3540,433.0,98593753,454.0,99442,396.0,294108
3542,3540,3541,454.0,21178140,396.0,294108,396.0,495592
3543,3541,3542,396.0,98392988,396.0,495592,381.0,209217
3544,3542,3543,396.0,98888580,381.0,209217,319.0,22826
3545,3543,3544,381.0,21182081,319.0,22826,366.0,24117
3546,3544,3545,319.0,63956234,366.0,24117,360.0,118498
3547,3545,3546,366.0,21696757,360.0,118498,321.0,23709
3548,3546,3547,360.0,106906963,321.0,23709,366.0,24121
3549,3547,3548,321.0,64027425,366.0,24121,360.0,118517
3550,3548,3549,366.0,21769081,360.0,118517,319.0,23711
3551,3549,3550,360.0,107262932,319.0,23711,366.0,24124
3552,3550,3551,319.0,64098617,366.0,24124,360.0,118531
3553,3551,3552,366.0,21841404,360.0,118531,321.0,23712
3554,3552,3553,360.0,107618896,321.0,23712,319.0,23644
3555,3553,3554,321.0,64169808,319.0,23644,343.0,23219
3556,3554,3555,319.0,64193452,343.0,23219,338.0,117982
3557,3555,3556,343.0,21013691,338.0,117982,319.0,23588
3558,3556,3557,338.0,106880932,319.0,23588,344.0,23989
3559,3557,3558,319.0,64264247,344.0,23989,322.0,375
3560,3558,3559,344.0,21763509,322.0,375,321.0,23571
3561,3559,3560,322.0,1020817,321.0,23571,344.0,23952
3562,3560,3561,321.0,64335042,344.0,23952,341.0,23234
3563,3561,3562,344.0,21835408,341.0,23234,343.0,23230
3564,3562,3563,341.0,21176270,343.0,23230,321.0,23519
3565,3563,3564,343.0,21199516,321.0,23519,316.0,23009
3566,3564,3565,321.0,64429364,316.0,23009,311.0,117089
3567,3565,3566,316.0,21007343,311.0,117089,321.0,23418
3568,3566,3567,311.0,106847909,321.0,23418,319.0,23396
3569,3567,3568,321.0,64499634,319.0,23396,317.0,23780
3570,3568,3569,319.0,64523030,317.0,23780,311.0,116934
3571,3569,3570,317.0,21780196,311.0,116934,319.0,23403
3572,3570,3571,311.0,107316159,319.0,23403,316.0,23035
3573,3571,3572,319.0,64593300,316.0,23035,317.0,23746
3574,3572,3573,316.0,21168693,317.0,23746,295.0,304163
3575,3573,3574,317.0,21875330,295.0,304163,488.0,224833
3576,3574,3575,295.0,105168483,488.0,224833,475.0,26274
3577,3575,3576,488.0,23555649,475.0,26274,475.0,100518
3578,3576,3577,475.0,21237466,475.0,100518,475.0,100561
3579,3577,3578,475.0,21337984,475.0,100561,454.0,88575
3580,3578,3579,475.0,21438545,454.0,88575,433.0,466224
3581,3579,3580,454.0,21299767,433.0,466224,417.0,49319
3582,3580,3581,433.0,100093404,417.0,49319,417.0,99126
3583,3581,3582,417.0,21260511,417.0,99126,381.0,74927
3584,3582,3583,417.0,21359637,381.0,74927,366.0,19039
3585,3583,3584,381.0,21286119,366.0,19039,321.0,23747
3586,3584,3585,366.0,21914463,321.0,23747,321.0,23703
3587,3585,3586,321.0,64702382,321.0,23703,366.0,24098
3588,3586,3587,321.0,64726085,366.0,24098,319.0,23749
3589,3587,3588,366.0,21986786,319.0,23749,319.0,23703
3590,3588,3589,319.0,64773574,319.0,23703,366.0,24102
3591,3589,3590,319.0,64797277,366.0,24102,321.0,23750
3592,3590,3591,366.0,22059110,321.0,23750,321.0,23703
3593,3591,3592,321.0,64844765,321.0,23703,366.0,24105
3594,3592,3593,321.0,64868468,366.0,24105,319.0,23662
3595,3593,3594,366.0,22131433,319.0,23662,343.0,23203
3596,3594,3595,319.0,64915867,343.0,23203,338.0,117919
3597,3595,3596,343.0,21247973,338.0,117919,319.0,23582
3598,3596,3597,338.0,108071254,319.0,23582,344.0,23975
3599,3597,3598,319.0,64986662,344.0,23975,321.0,23619
3600,3598,3599,344.0,22005351,321.0,23619,320.0,23571
3601,3599,3600,321.0,65033886,320.0,23571,344.0,23937
3602,3600,3601,320.0,65057457,344.0,23937,321.0,23602
3603,3601,3602,344.0,22077249,321.0,23602,343.0,23212
3604,3602,3603,321.0,65104681,343.0,23212,311.0,37725
3605,3603,3604,343.0,21433796,311.0,37725,319.0,23420
3606,3604,3605,311.0,107804265,319.0,23420,321.0,23396
3607,3605,3606,319.0,65175248,321.0,23396,317.0,23783
3608,3606,3607,321.0,65198643,317.0,23783,311.0,116948
3609,3607,3608,317.0,21974503,311.0,116948,321.0,23404
3610,3608,3609,311.0,108272513,321.0,23404,316.0,23038
3611,3609,3610,321.0,65268913,316.0,23038,317.0,23748
3612,3610,3611,316.0,21356928,317.0,23748,320.0,23429
3613,3611,3612,317.0,22069636,320.0,23429,321.0,23396
3614,3612,3613,320.0,65339183,321.0,23396,317.0,23803
3615,3613,3614,321.0,65362578,317.0,23803,488.0,153444
3616,3614,3615,317.0,22141051,488.0,153444,472.0,41096
3617,3615,3616,488.0,23746404,472.0,41096,475.0,100548
3618,3616,3617,472.0,100369496,475.0,100548,469.0,8109
3619,3617,3618,475.0,21558872,469.0,8109,433.0,333397
3620,3618,3619,469.0,1746724,433.0,333397,454.0,99446
3621,3619,3620,433.0,100661797,454.0,99446,396.0,121855
3622,3620,3621,454.0,21620266,396.0,121855,417.0,99129
3623,3621,3622,396.0,100450255,417.0,99129,417.0,99126
3624,3622,3623,417.0,21580765,417.0,99126,319.0,14601
3625,3623,3624,417.0,21679891,319.0,14601,365.0,23373
3626,3624,3625,319.0,65401041,365.0,23373,366.0,24073
3627,3625,3626,365.0,21487277,366.0,24073,321.0,23737
3628,3626,3627,366.0,22204489,321.0,23737,321.0,23703
3629,3627,3628,321.0,65472232,321.0,23703,366.0,24076
3630,3628,3629,321.0,65495935,366.0,24076,319.0,23739
3631,3629,3630,366.0,22276812,319.0,23739,319.0,23703
3632,3630,3631,319.0,65543424,319.0,23703,366.0,24080
3633,3631,3632,319.0,65567127,366.0,24080,319.0,23741
3634,3632,3633,366.0,22349136,319.0,23741,321.0,23665
3635,3633,3634,319.0,65614616,321.0,23665,344.0,23996
3636,3634,3635,321.0,65638280,344.0,23996,338.0,117841
3637,3635,3636,344.0,22175292,338.0,117841,321.0,23574
3638,3636,3637,338.0,109261561,321.0,23574,344.0,23958
3639,3637,3638,321.0,65709075,344.0,23958,319.0,23612
3640,3638,3639,344.0,22247190,319.0,23612,343.0,23238
3641,3639,3640,319.0,65756300,343.0,23238,338.0,118056
3642,3640,3641,343.0,21598432,338.0,118056,321.0,23595
3643,3641,3642,338.0,109851771,321.0,23595,343.0,23194
3644,3642,3643,321.0,65827095,343.0,23194,319.0,23570
3645,3643,3644,343.0,21668076,319.0,23570,317.0,23787
3646,3644,3645,319.0,65874257,317.0,23787,311.0,116966
3647,3645,3646,317.0,22168811,311.0,116966,319.0,23406
3648,3646,3647,311.0,109228871,319.0,23406,316.0,23043
3649,3647,3648,319.0,65944527,316.0,23043,317.0,23753
3650,3648,3649,316.0,21545165,317.0,23753,321.0,23431
3651,3649,3650,317.0,22263945,321.0,23431,319.0,23396
3652,3650,3651,321.0,66014797,319.0,23396,316.0,23003
3653,3651,3652,319.0,66038193,316.0,23003,311.0,117066
3654,3652,3653,316.0,21637319,311.0,117066,319.0,23416
3655,3653,3654,311.0,110048601,319.0,23416,488.0,82067
3656,3654,3655,319.0,66108463,488.0,82067,484.0,1136555
3657,3655,3656,488.0,23937171,484.0,1136555,472.0,429723
3658,3656,3657,484.0,120412075,472.0,429723,475.0,100552
3659,3657,3658,472.0,101872883,475.0,100552,454.0,54049
3660,3658,3659,475.0,21880284,454.0,54049,454.0,99407
3661,3659,3660,454.0,21741897,454.0,99407,417.0,14886
3662,3660,3661,454.0,21841304,417.0,14886,396.0,495638
3663,3661,3662,417.0,21702734,396.0,495638,396.0,495592
3664,3662,3663,396.0,101974758,396.0,495592,365.0,10327
3665,3663,3664,396.0,102470350,365.0,10327,360.0,118692
3666,3664,3665,365.0,21698175,360.0,118692,321.0,23727
3667,3665,3666,360.0,110359242,321.0,23727,365.0,23351
3668,3666,3667,321.0,66170892,365.0,23351,360.0,118708
3669,3667,3668,365.0,21768239,360.0,118708,319.0,23729
3670,3668,3669,360.0,110715208,319.0,23729,365.0,23355
3671,3669,3670,319.0,66242084,365.0,23355,360.0,118724
3672,3670,3671,365.0,21838303,360.0,118724,321.0,23730
3673,3671,3672,360.0,111071174,321.0,23730,365.0,23359
3674,3672,3673,321.0,66313275,365.0,23359,321.0,23710
3675,3673,3674,365.0,21908367,321.0,23710,344.0,23981
3676,3674,3675,321.0,66360694,344.0,23981,319.0,23622
3677,3675,3676,344.0,22417133,319.0,23622,319.0,23571
3678,3676,3677,319.0,66407919,319.0,23571,344.0,23944
3679,3677,3678,319.0,66431490,344.0,23944,321.0,23605
3680,3678,3679,344.0,22489032,321.0,23605,343.0,23220
3681,3679,3680,321.0,66478714,343.0,23220,338.0,117986
3682,3680,3681,343.0,21832712,338.0,117986,321.0,23588
3683,3681,3682,338.0,111042086,321.0,23588,344.0,23990
3684,3682,3683,321.0,66549509,344.0,23990,338.0,117814
3685,3683,3684,344.0,22608950,338.0,117814,321.0,23407
3686,3684,3685,338.0,111395974,321.0,23407,316.0,23046
3687,3685,3686,321.0,66620140,316.0,23046,317.0,23755
3688,3686,3687,316.0,21733400,317.0,23755,321.0,23432
3689,3687,3688,317.0,22458251,321.0,23432,319.0,23396
3690,3688,3689,321.0,66690410,319.0,23396,316.0,23005
3691,3689,3690,319.0,66713806,316.0,23005,311.0,117073
3692,3690,3691,316.0,21825553,311.0,117073,319.0,23417
3693,3691,3692,311.0,111004948,319.0,23417,321.0,23396
3694,3692,3693,319.0,66784076,321.0,23396,317.0,23777
3695,3693,3694,321.0,66807471,317.0,23777,488.0,10681
3696,3694,3695,317.0,22624801,488.0,10681,484.0,785400
3697,3695,3696,488.0,24127929,484.0,785400,475.0,74438
3698,3696,3697,484.0,121371640,475.0,74438,472.0,470331
3699,3697,3698,475.0,22000614,472.0,470331,433.0,171966
3700,3698,3699,472.0,103376251,433.0,171966,433.0,464835
3701,3699,3700,433.0,102729886,433.0,464835,454.0,99435
3702,3700,3701,433.0,103194721,454.0,99435,417.0,96815
3703,3701,3702,454.0,22161825,417.0,96815,417.0,99126
3704,3702,3703,417.0,22022991,417.0,99126,360.0,31646
3705,3703,3704,417.0,22122117,360.0,31646,321.0,23717
3706,3704,3705,360.0,111430766,321.0,23717,365.0,23324
3707,3705,3706,321.0,66869552,365.0,23324,360.0,118600
3708,3706,3707,365.0,21979136,360.0,118600,319.0,23719
3709,3707,3708,360.0,111786730,319.0,23719,365.0,23328
3710,3708,3709,319.0,66940744,365.0,23328,360.0,118616
3711,3709,3710,365.0,22049200,360.0,118616,321.0,23720
3712,3710,3711,360.0,112142696,321.0,23720,365.0,23332
3713,3711,3712,321.0,67011935,365.0,23332,360.0,118632
3714,3712,3713,365.0,22119264,360.0,118632,319.0,23704
3715,3713,3714,360.0,112498662,319.0,23704,344.0,23966
3716,3714,3715,319.0,67083109,344.0,23966,321.0,23615
3717,3715,3716,344.0,22658974,321.0,23615,343.0,23247
3718,3716,3717,321.0,67130333,343.0,23247,338.0,118091
3719,3717,3718,343.0,21997349,338.0,118091,319.0,23599
3720,3718,3719,338.0,111878516,319.0,23599,343.0,23203
3721,3719,3720,319.0,67201129,343.0,23203,338.0,117919
3722,3720,3721,343.0,22066993,338.0,117919,319.0,23582
3723,3721,3722,338.0,112232404,319.0,23582,344.0,23975
3724,3722,3723,319.0,67271924,344.0,23975,321.0,23619
3725,3723,3724,344.0,22850791,321.0,23619,317.0,19087
3726,3724,3725,321.0,67319148,317.0,19087,320.0,23434
3727,3725,3726,317.0,22652559,320.0,23434,321.0,23396
3728,3726,3727,320.0,67366024,321.0,23396,316.0,23009
3729,3727,3728,321.0,67389419,316.0,23009,311.0,117089
3730,3728,3729,316.0,22013789,311.0,117089,321.0,23418
3731,3729,3730,311.0,111961304,321.0,23418,319.0,23396
3732,3730,3731,321.0,67459689,319.0,23396,317.0,23780
3733,3731,3732,319.0,67483085,317.0,23780,311.0,116934
3734,3732,3733,317.0,22819108,311.0,116934,319.0,23403
3735,3733,3734,311.0,112429554,319.0,23403,295.0,902449
3736,3734,3735,319.0,67553355,295.0,902449,484.0,434243
3737,3735,3736,295.0,110533329,484.0,434243,472.0,266363
3738,3736,3737,484.0,122331203,472.0,266363,475.0,100540
3739,3737,3738,472.0,103939043,475.0,100540,454.0,19521
3740,3738,3739,475.0,22322022,454.0,19521,454.0,99407
3741,3739,3740,454.0,22184025,454.0,99407,433.0,464926
3742,3740,3741,454.0,22283432,433.0,464926,396.0,359357
3743,3741,3742,433.0,104694366,396.0,359357,417.0,99134
3744,3742,3743,396.0,104032037,417.0,99134,321.0,2223
3745,3743,3744,417.0,22343246,321.0,2223,366.0,24114
3746,3744,3745,321.0,67568211,366.0,24114,360.0,118484
3747,3745,3746,366.0,22905906,360.0,118484,319.0,23708
3748,3746,3747,360.0,112858244,319.0,23708,366.0,24117
3749,3747,3748,319.0,67639403,366.0,24117,360.0,118498
3750,3748,3749,366.0,22978229,360.0,118498,321.0,23709
3751,3749,3750,360.0,113214208,321.0,23709,366.0,24121
3752,3750,3751,321.0,67710594,366.0,24121,360.0,118517
3753,3751,3752,366.0,23050553,360.0,118517,319.0,23711
3754,3752,3753,360.0,113570177,319.0,23711,366.0,24124
3755,3753,3754,319.0,67781786,366.0,24124,344.0,21325
3756,3754,3755,366.0,23122876,344.0,21325,319.0,23608
3757,3755,3756,344.0,22900813,319.0,23608,343.0,23227
3758,3756,3757,319.0,67852747,343.0,23227,338.0,118013
3759,3757,3758,343.0,22231627,338.0,118013,319.0,23591
3760,3758,3759,338.0,113068823,319.0,23591,344.0,23995
3761,3759,3760,319.0,67923542,344.0,23995,338.0,117837
3762,3760,3761,344.0,23020731,338.0,117837,319.0,23574
3763,3761,3762,338.0,113422707,319.0,23574,344.0,23957
3764,3762,3763,319.0,67994337,344.0,23957,321.0,23611
3765,3763,3764,344.0,23092629,321.0,23611,319.0,23471
3766,3764,3765,321.0,68041561,319.0,23471,316.0,23011
3767,3765,3766,319.0,68065032,316.0,23011,311.0,117096
3768,3766,3767,316.0,22202023,311.0,117096,319.0,23419
3769,3767,3768,311.0,112917651,319.0,23419,321.0,23396
3770,3768,3769,319.0,68135302,321.0,23396,317.0,23781
3771,3769,3770,321.0,68158697,317.0,23781,311.0,116939
3772,3770,3771,317.0,23013413,311.0,116939,321.0,23403
3773,3771,3772,311.0,113385899,321.0,23403,316.0,23036
3774,3772,3773,321.0,68228967,316.0,23036,317.0,23747
3775,3773,3774,316.0,22363372,317.0,23747,295.0,562354
3776,3774,3775,317.0,23108547,295.0,562354,484.0,83067
3777,3775,3776,295.0,111384874,484.0,83067,475.0,39517
3778,3776,3777,484.0,123290747,475.0,39517,472.0,470224
3779,3777,3778,475.0,22442349,472.0,470224,433.0,10483
3780,3778,3779,472.0,105442394,433.0,10483,433.0,464835
3781,3779,3780,433.0,104797923,433.0,464835,454.0,99438
3782,3780,3781,433.0,105262758,454.0,99438,417.0,62377
3783,3781,3782,454.0,22603950,417.0,62377,396.0,495631
3784,3782,3783,417.0,22465209,396.0,495631,381.0,176881
3785,3783,3784,396.0,105556491,381.0,176881,321.0,21854
3786,3784,3785,381.0,22579713,321.0,21854,321.0,23703
3787,3785,3786,321.0,68314358,321.0,23703,366.0,24092
3788,3786,3787,321.0,68338061,366.0,24092,319.0,23746
3789,3787,3788,366.0,23195932,319.0,23746,319.0,23703
3790,3788,3789,319.0,68385550,319.0,23703,366.0,24095
3791,3789,3790,319.0,68409253,366.0,24095,321.0,23747
3792,3790,3791,366.0,23268255,321.0,23747,321.0,23703
3793,3791,3792,321.0,68456741,321.0,23703,366.0,24098
3794,3792,3793,321.0,68480444,366.0,24098,319.0,23749
3795,3793,3794,366.0,23340578,319.0,23749,338.0,84398
3796,3794,3795,319.0,68527933,338.0,84398,319.0,23600
3797,3795,3796,338.0,113905238,319.0,23600,343.0,23206
3798,3796,3797,319.0,68575160,343.0,23206,338.0,117931
3799,3797,3798,343.0,22465904,338.0,117931,320.0,23583
3800,3798,3799,338.0,114259126,320.0,23583,344.0,23978
3801,3799,3800,320.0,68645955,344.0,23978,319.0,23621
3802,3800,3801,344.0,23262570,319.0,23621,319.0,23571
3803,3801,3802,319.0,68693180,319.0,23571,344.0,23942
3804,3802,3803,319.0,68716751,344.0,23942,319.0,23605
3805,3803,3804,344.0,23334470,319.0,23605,311.0,53170
3806,3804,3805,319.0,68763976,311.0,53170,319.0,23421
3807,3805,3806,311.0,113874010,319.0,23421,321.0,23396
3808,3806,3807,319.0,68810916,321.0,23396,317.0,23786
3809,3807,3808,321.0,68834311,317.0,23786,311.0,116961
3810,3808,3809,317.0,23207722,311.0,116961,321.0,23405
3811,3809,3810,311.0,114342261,321.0,23405,316.0,23041
3812,3810,3811,321.0,68904581,316.0,23041,317.0,23751
3813,3811,3812,316.0,22551609,317.0,23751,321.0,23430
3814,3812,3813,317.0,23302855,321.0,23430,319.0,23396
3815,3813,3814,321.0,68974851,319.0,23396,295.0,222300
3816,3814,3815,319.0,68998247,295.0,222300,488.0,207649
3817,3815,3816,295.0,112236460,488.0,207649,472.0,103003
3818,3816,3817,488.0,25111329,472.0,103003,475.0,100527
3819,3817,3818,472.0,106005203,475.0,100527,472.0,470238
3820,3818,3819,475.0,22763759,472.0,470238,454.0,84400
3821,3819,3820,472.0,106945768,454.0,84400,433.0,464972
3822,3820,3821,454.0,22725560,433.0,464972,417.0,45183
3823,3821,3822,433.0,106762422,417.0,45183,417.0,99126
3824,3822,3823,417.0,22686343,417.0,99126,381.0,42600
3825,3823,3824,417.0,22785469,381.0,42600,365.0,17481
3826,3824,3825,381.0,22683760,365.0,17481,366.0,24071
3827,3825,3826,365.0,22658641,366.0,24071,319.0,23737
3828,3826,3827,366.0,23413639,319.0,23737,319.0,23703
3829,3827,3828,319.0,69084211,319.0,23703,366.0,24075
3830,3828,3829,319.0,69107914,366.0,24075,321.0,23738
3831,3829,3830,366.0,23485963,321.0,23738,321.0,23703
3832,3830,3831,321.0,69155402,321.0,23703,366.0,24078
3833,3831,3832,321.0,69179105,366.0,24078,319.0,23740
3834,3832,3833,366.0,23558286,319.0,23740,319.0,23703
3835,3833,3834,319.0,69226594,319.0,23703,338.0,63866
3836,3834,3835,319.0,69250297,338.0,63866,321.0,23594
3837,3835,3836,338.0,115095566,321.0,23594,343.0,23191
3838,3836,3837,321.0,69297575,343.0,23191,338.0,117872
3839,3837,3838,343.0,22700187,338.0,117872,321.0,23577
3840,3838,3839,338.0,115449452,321.0,23577,344.0,23965
3841,3839,3840,321.0,69368370,344.0,23965,319.0,23615
3842,3840,3841,344.0,23504413,319.0,23615,343.0,23246
3843,3841,3842,319.0,69415595,343.0,23246,338.0,118087
3844,3842,3843,343.0,22816368,338.0,118087,321.0,23598
3845,3843,3844,338.0,116039662,321.0,23598,320.0,23535
3846,3844,3845,321.0,69486390,320.0,23535,317.0,23789
3847,3845,3846,320.0,69509925,317.0,23789,311.0,116975
3848,3846,3847,317.0,23402029,311.0,116975,319.0,23407
3849,3847,3848,311.0,115298615,319.0,23407,316.0,23045
3850,3848,3849,319.0,69580195,316.0,23045,317.0,23754
3851,3849,3850,316.0,22739845,317.0,23754,319.0,23432
3852,3850,3851,317.0,23497162,319.0,23432,321.0,23396
3853,3851,3852,319.0,69650465,321.0,23396,316.0,23004
3854,3852,3853,321.0,69673860,316.0,23004,311.0,117070
3855,3853,3854,316.0,22831998,311.0,117070,321.0,23416
3856,3854,3855,311.0,116118340,321.0,23416,488.0,136265
3857,3855,3856,321.0,69744130,488.0,136265,475.0,4601
3858,3856,3857,488.0,25302089,475.0,4601,472.0,470152
3859,3857,3858,475.0,22884089,472.0,470152,475.0,100528
3860,3858,3859,472.0,107508572,475.0,100528,433.0,313873
3861,3859,3860,475.0,23085168,433.0,313873,454.0,99447
3862,3860,3861,433.0,107330833,454.0,99447,396.0,101240
3863,3861,3862,454.0,23046081,396.0,101240,396.0,495592
3864,3862,3863,396.0,107118200,396.0,495592,417.0,99136
3865,3863,3864,396.0,107613792,417.0,99136,360.0,67955
3866,3864,3865,417.0,23105724,360.0,67955,321.0,23725
3867,3865,3866,360.0,116310515,321.0,23725,365.0,23345
3868,3866,3867,321.0,69782869,365.0,23345,360.0,118684
3869,3867,3868,365.0,22939599,360.0,118684,319.0,23727
3870,3868,3869,360.0,116666479,319.0,23727,365.0,23349
3871,3869,3870,319.0,69854061,365.0,23349,360.0,118700
3872,3870,3871,365.0,23009663,360.0,118700,321.0,23728
3873,3871,3872,360.0,117022445,321.0,23728,365.0,23353
3874,3872,3873,321.0,69925252,365.0,23353,360.0,118716
3875,3873,3874,365.0,23079727,360.0,118716,338.0,43308
3876,3874,3875,360.0,117378411,338.0,43308,321.0,23586
3877,3875,3876,338.0,116285868,321.0,23586,344.0,23985
3878,3876,3877,321.0,70019988,344.0,23985,319.0,23624
3879,3877,3878,344.0,23674353,319.0,23624,319.0,23571
3880,3878,3879,319.0,70067213,319.0,23571,344.0,23948
3881,3879,3880,319.0,70090784,344.0,23948,321.0,23607
3882,3880,3881,344.0,23746252,321.0,23607,343.0,23226
3883,3881,3882,321.0,70138008,343.0,23226,338.0,118009
3884,3882,3883,343.0,23050646,338.0,118009,319.0,23591
3885,3883,3884,338.0,117229969,319.0,23591,311.0,12406
3886,3884,3885,319.0,70208804,311.0,12406,319.0,23408
3887,3885,3886,311.0,116254966,319.0,23408,316.0,23048
3888,3886,3887,319.0,70255808,316.0,23048,317.0,23757
3889,3887,3888,316.0,22928080,317.0,23757,321.0,23433
3890,3888,3889,317.0,23691469,321.0,23433,319.0,23396
3891,3889,3890,321.0,70326078,319.0,23396,316.0,23008
3892,3890,3891,319.0,70349474,316.0,23008,311.0,117085
3893,3891,3892,316.0,23020234,311.0,117085,319.0,23418
3894,3892,3893,311.0,117074695,319.0,23418,321.0,23396
3895,3893,3894,319.0,70419744,321.0,23396,317.0,23779
3896,3894,3895,321.0,70443139,317.0,23779,488.0,64882
3897,3895,3896,317.0,23858019,488.0,64882,484.0,1052020
3898,3896,3897,488.0,25492850,484.0,1052020,475.0,87682
3899,3897,3898,484.0,128191860,475.0,87682,472.0,470160
3900,3898,3899,475.0,23205498,472.0,470160,454.0,49873
3901,3899,3900,472.0,109011940,454.0,49873,454.0,99427
3902,3900,3901,454.0,23167689,454.0,99427,417.0,10749
3903,3901,3902,454.0,23267116,417.0,10749,417.0,99126
3904,3902,3903,417.0,23128565,417.0,99126,396.0,495676
3905,3903,3904,417.0,23227691,396.0,495676,319.0,9478
3906,3904,3905,396.0,109138276,319.0,9478,365.0,23320
3907,3905,3906,319.0,70481530,365.0,23320,360.0,118584
3908,3906,3907,365.0,23150498,360.0,118584,321.0,23717
3909,3907,3908,360.0,117738009,321.0,23717,365.0,23324
3910,3908,3909,321.0,70552721,365.0,23324,360.0,118600
3911,3909,3910,365.0,23220562,360.0,118600,319.0,23719
3912,3910,3911,360.0,118093975,319.0,23719,365.0,23328
3913,3911,3912,319.0,70623913,365.0,23328,360.0,118616
3914,3912,3913,365.0,23290626,360.0,118616,321.0,23720
3915,3913,3914,360.0,118449941,321.0,23720,338.0,22773
3916,3914,3915,321.0,70695104,338.0,22773,321.0,23580
3917,3915,3916,338.0,117476193,321.0,23580,344.0,23972
3918,3916,3917,321.0,70742403,344.0,23972,319.0,23618
3919,3917,3918,344.0,23916196,319.0,23618,319.0,23571
3920,3918,3919,319.0,70789628,319.0,23571,338.0,118118
3921,3919,3920,319.0,70813199,338.0,118118,321.0,23601
3922,3920,3921,338.0,118066403,321.0,23601,343.0,23210
3923,3921,3922,321.0,70860423,343.0,23210,338.0,117947
3924,3922,3923,343.0,23284928,338.0,117947,319.0,23585
3925,3923,3924,338.0,118420292,319.0,23585,344.0,23982
3926,3924,3925,319.0,70931219,344.0,23982,317.0,22227
3927,3925,3926,344.0,24108014,317.0,22227,319.0,23436
3928,3926,3927,317.0,23885779,319.0,23436,321.0,23396
3929,3927,3928,319.0,71001693,321.0,23396,316.0,23015
3930,3928,3929,321.0,71025088,316.0,23015,311.0,117111
3931,3929,3930,316.0,23208473,311.0,117111,321.0,23420
3932,3930,3931,311.0,118031061,321.0,23420,319.0,23396
3933,3931,3932,321.0,71095358,319.0,23396,317.0,23785
3934,3932,3933,319.0,71118754,317.0,23785,311.0,116957
3935,3933,3934,317.0,24052329,311.0,116957,320.0,23405
3936,3934,3935,311.0,118499312,320.0,23405,295.0,1160699
3937,3935,3936,320.0,71189024,295.0,1160699,484.0,700908
3938,3936,3937,295.0,116749779,484.0,700908,472.0,328284
3939,3937,3938,484.0,129151468,472.0,328284,475.0,100520
3940,3938,3939,472.0,109574764,475.0,100520,433.0,152442
3941,3939,3940,475.0,23526910,433.0,152442,433.0,464835
3942,3940,3941,433.0,109398922,433.0,464835,454.0,99436
3943,3941,3942,433.0,109863757,454.0,99436,417.0,92681
3944,3942,3943,454.0,23587640,417.0,92681,417.0,99126
3945,3943,3944,417.0,23448825,417.0,99126,366.0,5490
3946,3944,3945,417.0,23547951,366.0,5490,360.0,118484
3947,3945,3946,366.0,24115058,360.0,118484,319.0,23708
3948,3946,3947,360.0,118809539,319.0,23708,366.0,24117
3949,3947,3948,319.0,71251382,366.0,24117,360.0,118498
3950,3948,3949,366.0,24187381,360.0,118498,321.0,23709
3951,3949,3950,360.0,119165503,321.0,23709,366.0,24121
3952,3950,3951,321.0,71322573,366.0,24121,360.0,118517
3953,3951,3952,366.0,24259705,360.0,118517,319.0,23711
3954,3952,3953,360.0,119521472,319.0,23711,366.0,24124
3955,3953,3954,319.0,71393765,366.0,24124,338.0,2237
3956,3954,3955,366.0,24332028,338.0,2237,321.0,23574
3957,3955,3956,338.0,118666517,321.0,23574,344.0,23958
3958,3956,3957,321.0,71464818,344.0,23958,319.0,23612
3959,3957,3958,344.0,24158038,319.0,23612,343.0,23238
3960,3958,3959,319.0,71512043,343.0,23238,338.0,118056
3961,3959,3960,343.0,23449566,338.0,118056,321.0,23595
3962,3960,3961,338.0,119256726,321.0,23595,343.0,23194
3963,3961,3962,321.0,71582838,343.0,23194,338.0,117884
3964,3962,3963,343.0,23519210,338.0,117884,319.0,23579
3965,3963,3964,338.0,119610614,319.0,23579,344.0,23968
3966,3964,3965,319.0,71653634,344.0,23968,321.0,23460
3967,3965,3966,344.0,24349856,321.0,23460,316.0,23020
3968,3966,3967,321.0,71700702,316.0,23020,311.0,117130
3969,3967,3968,316.0,23396710,311.0,117130,321.0,23422
3970,3968,3969,311.0,118987420,321.0,23422,319.0,23396
3971,3969,3970,321.0,71770972,319.0,23396,317.0,23789
3972,3970,3971,319.0,71794368,317.0,23789,311.0,116975
3973,3971,3972,317.0,24246637,311.0,116975,319.0,23407
3974,3972,3973,311.0,119455670,319.0,23407,316.0,23045
3975,3973,3974,319.0,71864638,316.0,23045,317.0,23754
3976,3974,3975,316.0,23558059,317.0,23754,295.0,820642
3977,3975,3976,317.0,24341770,295.0,820642,483.0,69954
3978,3976,3977,295.0,117601362,483.0,69954,475.0,52769
3979,3977,3978,483.0,26022210,475.0,52769,472.0,470110
3980,3978,3979,475.0,23647241,472.0,470110,454.0,15354
3981,3979,3980,472.0,111078140,454.0,15354,454.0,99424
3982,3980,3981,454.0,23609826,454.0,99424,433.0,464957
3983,3981,3982,454.0,23709250,433.0,464957,396.0,338765
3984,3982,3983,433.0,111363427,396.0,338765,396.0,495592
3985,3983,3984,396.0,110700005,396.0,495592,321.0,1254
3986,3984,3985,396.0,111195597,321.0,1254,321.0,23703
3987,3985,3986,321.0,71926338,321.0,23703,366.0,24094
3988,3986,3987,321.0,71950041,366.0,24094,319.0,23747
3989,3987,3988,366.0,24405086,319.0,23747,319.0,23703
3990,3988,3989,319.0,71997530,319.0,23703,366.0,24097
3991,3989,3990,319.0,72021233,366.0,24097,321.0,23748
3992,3990,3991,366.0,24477409,321.0,23748,321.0,23703
3993,3991,3992,321.0,72068721,321.0,23703,366.0,24101
3994,3992,3993,321.0,72092424,366.0,24101,319.0,23750
3995,3993,3994,366.0,24549733,319.0,23750,319.0,23703
3996,3994,3995,319.0,72139913,319.0,23703,319.0,23617
3997,3995,3996,319.0,72163616,319.0,23617,344.0,23944
3998,3996,3997,319.0,72187233,344.0,23944,321.0,23605
3999,3997,3998,344.0,24399880,321.0,23605,343.0,23220
4000,3998,3999,321.0,72234457,343.0,23220,338.0,117986
4001,3999,4000,343.0,23683846,338.0,117986,321.0,23588
4002,4000,4001,338.0,120447041,321.0,23588,344.0,23990
4003,4001,4002,321.0,72305252,344.0,23990,338.0,117814
4004,4002,4003,344.0,24519798,338.0,117814,319.0,23572
4005,4003,4004,338.0,120800929,319.0,23572,344.0,23953
4006,4004,4005,319.0,72376048,344.0,23953,311.0,68635
4007,4005,4006,344.0,24591697,311.0,68635,319.0,23424
4008,4006,4007,311.0,119943775,319.0,23424,321.0,23396
4009,4007,4008,319.0,72446586,321.0,23396,317.0,23792
4010,4008,4009,321.0,72469981,317.0,23792,311.0,116988
4011,4009,4010,317.0,24440944,311.0,116988,321.0,23408
4012,4010,4011,311.0,120412023,321.0,23408,316.0,23049
4013,4011,4012,321.0,72540251,316.0,23049,317.0,23758
4014,4012,4013,316.0,23746295,317.0,23758,319.0,23434
4015,4013,4014,317.0,24536078,319.0,23434,321.0,23396
4016,4014,4015,319.0,72610522,321.0,23396,295.0,480598
4017,4015,4016,321.0,72633917,295.0,480598,488.0,261869
4018,4016,4017,295.0,118452958,488.0,261869,475.0,35334
4019,4017,4018,488.0,26476269,475.0,35334,475.0,100518
4020,4018,4019,475.0,23868134,475.0,100518,472.0,470131
4021,4019,4020,475.0,23968652,472.0,470131,433.0,455845
4022,4020,4021,472.0,112581521,433.0,455845,454.0,99446
4023,4021,4022,433.0,111931845,454.0,99446,417.0,58250
4024,4022,4023,454.0,24029772,417.0,58250,417.0,99126
4025,4023,4024,417.0,23891050,417.0,99126,381.0,144601
4026,4024,4025,417.0,23990176,381.0,144601,366.0,21192
4027,4025,4026,381.0,23977401,366.0,21192,319.0,23737
4028,4026,4027,366.0,24622792,319.0,23737,319.0,23703
4029,4027,4028,319.0,72696190,319.0,23703,366.0,24075
4030,4028,4029,319.0,72719893,366.0,24075,321.0,23738
4031,4029,4030,366.0,24695115,321.0,23738,321.0,23703
4032,4030,4031,321.0,72767381,321.0,23703,366.0,24078
4033,4031,4032,321.0,72791084,366.0,24078,319.0,23740
4034,4032,4033,366.0,24767438,319.0,23740,319.0,23703
4035,4033,4034,319.0,72838573,319.0,23703,366.0,24082
4036,4034,4035,319.0,72862276,366.0,24082,343.0,15683
4037,4035,4036,366.0,24839762,343.0,15683,338.0,118091
4038,4036,4037,343.0,23848483,338.0,118091,319.0,23599
4039,4037,4038,338.0,121283471,319.0,23599,343.0,23203
4040,4038,4039,319.0,72956872,343.0,23203,338.0,117919
4041,4039,4040,343.0,23918127,338.0,117919,319.0,23582
4042,4040,4041,338.0,121637359,319.0,23582,344.0,23975
4043,4041,4042,319.0,73027667,344.0,23975,321.0,23619
4044,4042,4043,344.0,24761639,321.0,23619,320.0,23571
4045,4043,4044,321.0,73074891,320.0,23571,344.0,23937
4046,4044,4045,320.0,73098462,344.0,23937,321.0,23510
4047,4045,4046,344.0,24833537,321.0,23510,317.0,23794
4048,4046,4047,321.0,73145594,317.0,23794,311.0,116998
4049,4047,4048,317.0,24635250,311.0,116998,321.0,23409
4050,4048,4049,311.0,121368373,321.0,23409,316.0,23052
4051,4049,4050,321.0,73215864,316.0,23052,317.0,23760
4052,4050,4051,316.0,23934530,317.0,23760,319.0,23435
4053,4051,4052,317.0,24730384,319.0,23435,321.0,23396
4054,4052,4053,319.0,73286135,321.0,23396,316.0,23012
4055,4053,4054,321.0,73309530,316.0,23012,311.0,117100
4056,4054,4055,316.0,24026684,311.0,117100,295.0,140510
4057,4055,4056,311.0,122188105,295.0,140510,488.0,190480
4058,4056,4057,295.0,119304510,488.0,190480,472.0,83494
4059,4057,4058,488.0,26667024,472.0,83494,475.0,100556
4060,4058,4059,472.0,112674254,475.0,100556,475.0,100518
4061,4059,4060,475.0,24189540,475.0,100518,454.0,80249
4062,4060,4061,475.0,24290058,454.0,80249,433.0,464995
4063,4061,4062,454.0,24151377,433.0,464995,396.0,166520
4064,4062,4063,433.0,113431475,396.0,166520,417.0,99132
4065,4063,4064,396.0,112757280,417.0,99132,381.0,10288
4066,4064,4065,417.0,24211304,381.0,10288,321.0,16732
4067,4065,4066,381.0,24081416,321.0,16732,365.0,23345
4068,4066,4067,321.0,73394848,365.0,23345,360.0,118684
4069,4067,4068,365.0,24110965,360.0,118684,319.0,23727
4070,4068,4069,360.0,122617774,319.0,23727,365.0,23349
4071,4069,4070,319.0,73466040,365.0,23349,360.0,118700
4072,4070,4071,365.0,24181029,360.0,118700,321.0,23728
4073,4071,4072,360.0,122973740,321.0,23728,365.0,23353
4074,4072,4073,321.0,73537231,365.0,23353,360.0,118716
4075,4073,4074,365.0,24251093,360.0,118716,319.0,23730
4076,4074,4075,360.0,123329706,319.0,23730,343.0,11632
4077,4075,4076,319.0,73608423,343.0,11632,338.0,118009
4078,4076,4077,343.0,24082760,338.0,118009,319.0,23591
4079,4077,4078,338.0,122473774,319.0,23591,344.0,23995
4080,4078,4079,319.0,73679285,344.0,23995,338.0,117837
4081,4079,4080,344.0,24931579,338.0,117837,319.0,23574
4082,4080,4081,338.0,122827662,319.0,23574,344.0,23957
4083,4081,4082,319.0,73750080,344.0,23957,321.0,23611
4084,4082,4083,344.0,25003477,321.0,23611,343.0,23236
4085,4083,4084,321.0,73797304,343.0,23236,338.0,118048
4086,4084,4085,343.0,24268584,338.0,118048,311.0,27860
4087,4085,4086,338.0,123417868,311.0,27860,319.0,23410
4088,4086,4087,311.0,122324720,319.0,23410,316.0,23053
4089,4087,4088,319.0,73891477,316.0,23053,317.0,23761
4090,4088,4089,316.0,24122763,317.0,23761,319.0,23435
4091,4089,4090,317.0,24924689,319.0,23435,321.0,23396
4092,4090,4091,319.0,73961747,321.0,23396,316.0,23012
4093,4091,4092,321.0,73985142,316.0,23012,311.0,117100
4094,4092,4093,316.0,24214916,311.0,117100,321.0,23419
4095,4093,4094,311.0,123144445,321.0,23419,319.0,23396
4096,4094,4095,321.0,74055412,319.0,23396,317.0,23782
4097,4095,4096,319.0,74078808,317.0,23782,488.0,119086
4098,4096,4097,317.0,25091238,488.0,119086,475.0,410
4099,4097,4098,488.0,26857774,475.0,410,472.0,470331
4100,4098,4099,475.0,24309866,472.0,470331,475.0,100553
4101,4099,4100,472.0,114177591,475.0,100553,433.0,294341
4102,4100,4101,475.0,24510945,433.0,294341,454.0,99447
4103,4101,4102,433.0,113999861,454.0,99447,417.0,23811
4104,4102,4103,454.0,24471895,417.0,23811,396.0,495615
4105,4103,4104,417.0,24333267,396.0,495615,396.0,495592
4106,4104,4105,396.0,114281735,396.0,495592,365.0,12403
4107,4105,4106,396.0,114777327,365.0,12403,360.0,118564
4108,4106,4107,365.0,24321859,360.0,118564,321.0,23715
4109,4107,4108,360.0,123689284,321.0,23715,365.0,23319
4110,4108,4109,321.0,74164698,365.0,23319,360.0,118580
4111,4109,4110,365.0,24391923,360.0,118580,319.0,23717
4112,4110,4111,360.0,124045250,319.0,23717,365.0,23323
4113,4111,4112,319.0,74235890,365.0,23323,360.0,118596
4114,4112,4113,365.0,24461987,360.0,118596,321.0,23718
4115,4113,4114,360.0,124401216,321.0,23718,365.0,23327
4116,4114,4115,321.0,74307081,365.0,23327,343.0,7581
4117,4115,4116,365.0,24532051,343.0,7581,338.0,117927
4118,4116,4117,343.0,24317037,338.0,117927,319.0,23583
4119,4117,4118,338.0,123664077,319.0,23583,344.0,23977
4120,4118,4119,319.0,74401698,344.0,23977,321.0,23620
4121,4119,4120,344.0,25173417,321.0,23620,320.0,23571
4122,4120,4121,321.0,74448922,320.0,23571,344.0,23940
4123,4121,4122,320.0,74472493,344.0,23940,319.0,23604
4124,4122,4123,344.0,25245316,319.0,23604,343.0,23216
4125,4123,4124,319.0,74519718,343.0,23216,338.0,117970
4126,4124,4125,343.0,24502862,338.0,117970,316.0,1542
4127,4125,4126,338.0,124608175,316.0,1542,317.0,23763
4128,4126,4127,316.0,24310998,317.0,23763,319.0,23436
4129,4127,4128,317.0,25118995,319.0,23436,321.0,23396
4130,4128,4129,319.0,74637360,321.0,23396,316.0,23015
4131,4129,4130,321.0,74660755,316.0,23015,311.0,117111
4132,4130,4131,316.0,24403151,311.0,117111,321.0,23420
4133,4131,4132,311.0,124100796,321.0,23420,319.0,23396
4134,4132,4133,321.0,74731025,319.0,23396,317.0,23785
4135,4133,4134,319.0,74754421,317.0,23785,311.0,116957
4136,4134,4135,317.0,25285545,311.0,116957,320.0,23405
4137,4135,4136,311.0,124569047,320.0,23405,488.0,47699
4138,4136,4137,320.0,74824691,488.0,47699,484.0,967495
4139,4137,4138,488.0,27048531,484.0,967495,475.0,83490
4140,4138,4139,484.0,135971655,475.0,83490,472.0,470331
4141,4139,4140,475.0,24631274,472.0,470331,454.0,45718
4142,4140,4141,472.0,115680951,454.0,45718,454.0,99427
4143,4141,4142,454.0,24593502,454.0,99427,411.0,13525
4144,4142,4143,454.0,24692929,411.0,13525,417.0,99167
4145,4143,4144,411.0,1993185,417.0,99167,417.0,99126
4146,4144,4145,417.0,24653523,417.0,99126,360.0,42225
4147,4145,4146,417.0,24752649,360.0,42225,320.0,23705
4148,4146,4147,360.0,124760805,320.0,23705,366.0,24111
4149,4147,4148,320.0,74863358,366.0,24111,360.0,118470
4150,4148,4149,366.0,25396527,360.0,118470,319.0,23707
4151,4149,4150,360.0,125116770,319.0,23707,366.0,24115
4152,4150,4151,319.0,74934550,366.0,24115,360.0,118489
4153,4151,4152,366.0,25468851,360.0,118489,321.0,23708
4154,4152,4153,360.0,125472739,321.0,23708,366.0,24118
4155,4153,4154,321.0,75005741,366.0,24118,360.0,118503
4156,4154,4155,366.0,25541174,360.0,118503,344.0,3712
4157,4155,4156,360.0,125828703,344.0,3712,338.0,117860
4158,4156,4157,344.0,25343360,338.0,117860,321.0,23576
4159,4157,4158,338.0,124854395,321.0,23576,344.0,23963
4160,4158,4159,321.0,75124112,344.0,23963,319.0,23614
4161,4159,4160,344.0,25415259,319.0,23614,343.0,23243
4162,4160,4161,319.0,75171337,343.0,23243,338.0,118075
4163,4161,4162,343.0,24667499,338.0,118075,319.0,23597
4164,4162,4163,338.0,125444605,319.0,23597,343.0,23198
4165,4163,4164,319.0,75242132,343.0,23198,338.0,117900
4166,4164,4165,343.0,24737142,338.0,117900,341.0,23205
4167,4165,4166,338.0,125798490,341.0,23205,319.0,23442
4168,4166,4167,341.0,24783587,319.0,23442,316.0,23019
4169,4167,4168,319.0,75336369,316.0,23019,311.0,117126
4170,4168,4169,316.0,24591387,311.0,117126,319.0,23422
4171,4169,4170,311.0,125057151,319.0,23422,321.0,23396
4172,4170,4171,319.0,75406639,321.0,23396,317.0,23788
4173,4171,4172,321.0,75430034,317.0,23788,311.0,116970
4174,4172,4173,317.0,25479852,311.0,116970,321.0,23406
4175,4173,4174,311.0,125525400,321.0,23406,316.0,23044
4176,4174,4175,321.0,75500304,316.0,23044,317.0,23753
4177,4175,4176,316.0,24752736,317.0,23753,295.0,1078800
4178,4176,4177,317.0,25574985,295.0,1078800,484.0,616340
4179,4177,4178,295.0,123817720,484.0,616340,472.0,308708
4180,4178,4179,484.0,136931220,472.0,308708,475.0,100540
4181,4179,4180,472.0,116243748,475.0,100540,433.0,132873
4182,4180,4181,475.0,24952682,433.0,132873,433.0,464835
4183,4181,4182,433.0,116067913,433.0,464835,454.0,99430
4184,4182,4183,433.0,116532748,454.0,99430,396.0,403962
4185,4183,4184,454.0,25013448,396.0,403962,417.0,99130
4186,4184,4185,396.0,116339002,417.0,99130,319.0,4353
4187,4185,4186,417.0,24973778,319.0,4353,366.0,24086
4188,4186,4187,319.0,75562017,366.0,24086,321.0,23743
4189,4187,4188,366.0,25614230,321.0,23743,321.0,23703
4190,4188,4189,321.0,75609505,321.0,23703,366.0,24089
4191,4189,4190,321.0,75633208,366.0,24089,319.0,23745
4192,4190,4191,366.0,25686553,319.0,23745,319.0,23703
4193,4191,4192,319.0,75680697,319.0,23703,366.0,24093
4194,4192,4193,319.0,75704400,366.0,24093,321.0,23746
4195,4193,4194,366.0,25758877,321.0,23746,321.0,23703
4196,4194,4195,321.0,75751888,321.0,23703,366.0,24096
4197,4195,4196,321.0,75775591,366.0,24096,319.0,23623
4198,4196,4197,366.0,25831200,319.0,23623,319.0,23571
4199,4197,4198,319.0,75822955,319.0,23571,344.0,23946
4200,4198,4199,319.0,75846526,344.0,23946,321.0,23606
4201,4199,4200,344.0,25657098,321.0,23606,343.0,23223
4202,4200,4201,321.0,75893750,343.0,23223,338.0,117997
4203,4201,4202,343.0,24901777,338.0,117997,321.0,23589
4204,4202,4203,338.0,126634912,321.0,23589,344.0,23992
4205,4203,4204,321.0,75964545,344.0,23992,338.0,117823
4206,4204,4205,344.0,25777016,338.0,117823,319.0,23573
4207,4205,4206,338.0,126988798,319.0,23573,311.0,84062
4208,4206,4207,319.0,76035341,311.0,84062,319.0,23423
4209,4207,4208,311.0,126013502,319.0,23423,321.0,23396
4210,4208,4209,319.0,76082252,321.0,23396,317.0,23790
4211,4209,4210,321.0,76105647,317.0,23790,311.0,116979
4212,4210,4211,317.0,25674158,311.0,116979,321.0,23407
4213,4211,4212,311.0,126481749,321.0,23407,316.0,23046
4214,4212,4213,321.0,76175917,316.0,23046,317.0,23755
4215,4213,4214,316.0,24940970,317.0,23755,321.0,23432
4216,4214,4215,317.0,25769291,321.0,23432,319.0,23396
4217,4215,4216,321.0,76246187,319.0,23396,295.0,738721
4218,4216,4217,319.0,76269583,295.0,738721,484.0,265180
4219,4217,4218,295.0,124669281,484.0,265180,475.0,48571
4220,4218,4219,484.0,137890780,475.0,48571,472.0,470238
4221,4219,4220,475.0,25073011,472.0,470238,454.0,11189
4222,4220,4221,472.0,117747108,454.0,11189,454.0,99427
4223,4221,4222,454.0,25035629,454.0,99427,433.0,464896
4224,4222,4223,454.0,25135056,433.0,464896,417.0,71303
4225,4223,4224,433.0,118032396,417.0,71303,396.0,495615
4226,4224,4225,417.0,25095743,396.0,495615,360.0,1252
4227,4225,4226,396.0,117863475,360.0,1252,319.0,23733
4228,4226,4227,360.0,127141552,319.0,23733,365.0,23365
4229,4227,4228,319.0,76308165,365.0,23365,366.0,24066
4230,4228,4229,365.0,25071427,366.0,24066,321.0,23734
4231,4229,4230,366.0,25904258,321.0,23734,365.0,23369
4232,4230,4231,321.0,76379356,365.0,23369,366.0,24070
4233,4231,4232,365.0,25141491,366.0,24070,320.0,23736
4234,4232,4233,366.0,25976582,320.0,23736,365.0,23373
4235,4233,4234,320.0,76450548,365.0,23373,366.0,24073
4236,4234,4235,365.0,25211555,366.0,24073,321.0,23737
4237,4235,4236,366.0,26048905,321.0,23737,319.0,23630
4238,4236,4237,321.0,76521739,319.0,23630,343.0,23248
4239,4237,4238,319.0,76545369,343.0,23248,338.0,118095
4240,4238,4239,343.0,25066412,338.0,118095,319.0,23599
4241,4239,4240,338.0,127471335,319.0,23599,343.0,23203
4242,4240,4241,319.0,76616164,343.0,23203,338.0,117919
4243,4241,4242,343.0,25136055,338.0,117919,319.0,23582
4244,4242,4243,338.0,127825219,319.0,23582,344.0,23975
4245,4243,4244,319.0,76686959,344.0,23975,321.0,23619
4246,4244,4245,344.0,26018855,321.0,23619,320.0,23571
4247,4245,4246,321.0,76734183,320.0,23571,319.0,23506
4248,4246,4247,320.0,76757754,319.0,23506,317.0,23791
4249,4247,4248,319.0,76781260,317.0,23791,311.0,116984
4250,4248,4249,317.0,25868463,311.0,116984,319.0,23408
4251,4249,4250,311.0,127438094,319.0,23408,316.0,23048
4252,4250,4251,319.0,76851530,316.0,23048,317.0,23757
4253,4251,4252,316.0,25129204,317.0,23757,321.0,23433
4254,4252,4253,317.0,25963597,321.0,23433,319.0,23396
4255,4253,4254,321.0,76921800,319.0,23396,316.0,23008
4256,4254,4255,319.0,76945196,316.0,23008,311.0,117085
4257,4255,4256,316.0,25221358,311.0,117085,295.0,398631
4258,4256,4257,311.0,128257825,295.0,398631,488.0,244663
4259,4257,4258,295.0,125520831,488.0,244663,472.0,145335
4260,4258,4259,488.0,28031927,472.0,145335,475.0,100526
4261,4259,4260,472.0,118309895,475.0,100526,472.0,470231
4262,4260,4261,475.0,25394418,472.0,470231,433.0,436232
4263,4261,4262,472.0,119250461,433.0,436232,454.0,99435
4264,4262,4263,433.0,118600792,454.0,99435,417.0,54105
4265,4263,4264,454.0,25455575,417.0,54105,417.0,99126
4266,4264,4265,417.0,25316873,417.0,99126,381.0,112232
4267,4265,4266,417.0,25415999,381.0,112232,365.0,19554
4268,4266,4267,381.0,25375000,365.0,19554,360.0,118648
4269,4267,4268,365.0,25282322,360.0,118648,321.0,23723
4270,4268,4269,360.0,128569033,321.0,23723,365.0,23340
4271,4269,4270,321.0,77078015,365.0,23340,360.0,118664
4272,4270,4271,365.0,25352386,360.0,118664,319.0,23725
4273,4271,4272,360.0,128924999,319.0,23725,365.0,23344
4274,4272,4273,319.0,77149207,365.0,23344,360.0,118680
4275,4273,4274,365.0,25422450,360.0,118680,321.0,23726
4276,4274,4275,360.0,129280965,321.0,23726,365.0,23348
4277,4275,4276,321.0,77220398,365.0,23348,321.0,23671
4278,4276,4277,365.0,25492514,321.0,23671,343.0,23228
4279,4277,4278,321.0,77267782,343.0,23228,338.0,118017
4280,4278,4279,343.0,25300690,338.0,118017,321.0,23591
4281,4279,4280,338.0,128661642,321.0,23591,344.0,23996
4282,4280,4281,321.0,77338577,344.0,23996,338.0,117841
4283,4281,4282,344.0,26188796,338.0,117841,321.0,23574
4284,4282,4283,338.0,129015526,321.0,23574,344.0,23958
4285,4283,4284,321.0,77409372,344.0,23958,319.0,23612
4286,4284,4285,344.0,26260694,319.0,23612,343.0,23238
4287,4285,4286,319.0,77456597,343.0,23238,311.0,43287
4288,4286,4287,343.0,25486514,311.0,43287,314.0,23037
4289,4287,4288,311.0,128394447,314.0,23037,316.0,23051
4290,4288,4289,314.0,25294361,316.0,23051,317.0,23759
4291,4289,4290,316.0,25317439,317.0,23759,320.0,23434
4292,4290,4291,317.0,26157903,320.0,23434,321.0,23396
4293,4291,4292,320.0,77597413,321.0,23396,316.0,23009
4294,4292,4293,321.0,77620808,316.0,23009,311.0,117089
4295,4293,4294,316.0,25409591,311.0,117089,321.0,23418
4296,4294,4295,311.0,129214169,321.0,23418,319.0,23396
4297,4295,4296,321.0,77691078,319.0,23396,295.0,58536
4298,4296,4297,319.0,77714474,295.0,58536,488.0,173273
4299,4297,4298,295.0,126372376,488.0,173273,475.0,13649
4300,4298,4299,488.0,28222681,475.0,13649,472.0,470124
4301,4299,4300,475.0,25514745,472.0,470124,475.0,100524
4302,4300,4301,472.0,119813244,475.0,100524,454.0,76084
4303,4301,4302,475.0,25715824,454.0,76084,433.0,464911
4304,4302,4303,454.0,25577180,433.0,464911,396.0,145813
4305,4303,4304,433.0,120100421,396.0,145813,396.0,495592
4306,4304,4305,396.0,119425133,396.0,495592,417.0,99281
4307,4305,4306,396.0,119920725,417.0,99281,360.0,78517
4308,4306,4307,417.0,25736405,360.0,78517,321.0,23711
4309,4307,4308,360.0,129640537,321.0,23711,366.0,24125
4310,4308,4309,321.0,77776673,366.0,24125,360.0,118536
4311,4309,4310,366.0,26387965,360.0,118536,319.0,23713
4312,4310,4311,360.0,129996501,319.0,23713,318.0,377
4313,4311,4312,319.0,77847865,318.0,377,360.0,118551
4314,4312,4313,318.0,1236058,360.0,118551,321.0,23714
4315,4313,4314,360.0,130352466,321.0,23714,365.0,23316
4316,4314,4315,321.0,77919056,365.0,23316,360.0,118568
4317,4315,4316,365.0,25703406,360.0,118568,319.0,23663
4318,4316,4317,360.0,130708433,319.0,23663,343.0,23206
4319,4317,4318,319.0,77990195,343.0,23206,338.0,117931
4320,4318,4319,343.0,25534966,338.0,117931,320.0,23583
4321,4319,4320,338.0,129851941,320.0,23583,344.0,23978
4322,4320,4321,320.0,78060990,344.0,23978,319.0,23621
4323,4321,4322,344.0,26430634,319.0,23621,319.0,23571
4324,4322,4323,319.0,78108215,319.0,23571,344.0,23942
4325,4323,4324,319.0,78131786,344.0,23942,319.0,23605
4326,4324,4325,344.0,26502534,319.0,23605,343.0,23219
4327,4325,4326,319.0,78179011,343.0,23219,316.0,4579
4328,4326,4327,343.0,25720793,316.0,4579,317.0,23763
4329,4327,4328,316.0,25505675,317.0,23763,319.0,23436
4330,4328,4329,317.0,26352211,319.0,23436,321.0,23396
4331,4329,4330,319.0,78273027,321.0,23396,316.0,23015
4332,4330,4331,321.0,78296422,316.0,23015,311.0,117111
4333,4331,4332,316.0,25597829,311.0,117111,321.0,23420
4334,4332,4333,311.0,130170531,321.0,23420,319.0,23396
4335,4333,4334,321.0,78366692,319.0,23396,317.0,23785
4336,4334,4335,319.0,78390088,317.0,23785,311.0,116957
4337,4335,4336,317.0,26518761,311.0,116957,320.0,23405
4338,4336,4337,311.0,130638782,320.0,23405,488.0,101894
4339,4337,4338,320.0,78460358,488.0,101894,484.0,1234086
4340,4338,4339,488.0,28413446,484.0,1234086,475.0,96732
4341,4339,4340,484.0,142791846,475.0,96732,472.0,470145
4342,4340,4341,475.0,25836156,472.0,470145,433.0,274771
4343,4341,4342,472.0,121316625,433.0,274771,454.0,99441
4344,4342,4343,433.0,120668851,454.0,99441,417.0,19670
4345,4343,4344,454.0,25897703,417.0,19670,417.0,99126
4346,4344,4345,417.0,25759094,417.0,99126,396.0,495623
4347,4345,4346,417.0,25858220,396.0,495623,321.0,11606
4348,4346,4347,396.0,121445223,321.0,11606,366.0,24105
4349,4347,4348,321.0,78475334,366.0,24105,360.0,118441
4350,4348,4349,366.0,26605673,360.0,118441,319.0,23704
4351,4349,4350,360.0,131068036,319.0,23704,366.0,24108
4352,4350,4351,319.0,78546526,366.0,24108,360.0,118455
4353,4351,4352,366.0,26677996,360.0,118455,320.0,23705
4354,4352,4353,360.0,131424000,320.0,23705,366.0,24111
4355,4353,4354,320.0,78617717,366.0,24111,360.0,118470
4356,4354,4355,366.0,26750319,360.0,118470,319.0,23707
4357,4355,4356,360.0,131779965,319.0,23707,321.0,23702
4358,4356,4357,319.0,78688909,321.0,23702,343.0,23191
4359,4357,4358,321.0,78712610,343.0,23191,338.0,117872
4360,4358,4359,343.0,25769249,338.0,117872,321.0,23577
4361,4359,4360,338.0,131042267,321.0,23577,344.0,23965
4362,4360,4361,321.0,78783405,344.0,23965,319.0,23615
4363,4361,4362,344.0,26672477,319.0,23615,343.0,23246
4364,4362,4363,319.0,78830630,343.0,23246,338.0,118087
4365,4363,4364,343.0,25885430,338.0,118087,321.0,23598
4366,4364,4365,338.0,131632477,321.0,23598,343.0,23202
4367,4365,4366,321.0,78901425,343.0,23202,311.0,2528
4368,4366,4367,343.0,25955074,311.0,2528,319.0,23397
4369,4367,4368,311.0,130775408,319.0,23397,316.0,23019
4370,4368,4369,319.0,78972036,316.0,23019,311.0,117126
4371,4369,4370,316.0,25786065,311.0,117126,319.0,23422
4372,4370,4371,311.0,131126886,319.0,23422,321.0,23396
4373,4371,4372,319.0,79042306,321.0,23396,317.0,23788
4374,4372,4373,321.0,79065701,317.0,23788,311.0,116970
4375,4373,4374,317.0,26713068,311.0,116970,321.0,23406
4376,4374,4375,311.0,131595135,321.0,23406,316.0,23044
4377,4375,4376,321.0,79135971,316.0,23044,317.0,23753
4378,4376,4377,316.0,25947414,317.0,23753,488.0,30508
4379,4377,4378,317.0,26808201,488.0,30508,484.0,882931
4380,4378,4379,488.0,28604204,484.0,882931,475.0,79295
4381,4379,4380,484.0,143751411,475.0,79295,475.0,100518
4382,4380,4381,475.0,26057047,475.0,100518,454.0,41560
4383,4381,4382,475.0,26157565,454.0,41560,433.0,464987
4384,4382,4383,454.0,26019312,433.0,464987,417.0,2233
4385,4383,4384,433.0,122168507,417.0,2233,417.0,99367
4386,4384,4385,417.0,25979985,417.0,99367,417.0,99126
4387,4385,4386,417.0,26079352,417.0,99126,366.0,7634
4388,4386,4387,417.0,26178478,366.0,7634,321.0,23741
4389,4387,4388,366.0,26823378,321.0,23741,321.0,23703
4390,4388,4389,321.0,79221482,321.0,23703,366.0,24085
4391,4389,4390,321.0,79245185,366.0,24085,319.0,23743
4392,4390,4391,366.0,26895701,319.0,23743,319.0,23703
4393,4391,4392,319.0,79292674,319.0,23703,366.0,24088
4394,4392,4393,319.0,79316377,366.0,24088,321.0,23744
4395,4393,4394,366.0,26968024,321.0,23744,321.0,23703
4396,4394,4395,321.0,79363865,321.0,23703,366.0,24092
4397,4395,4396,321.0,79387568,366.0,24092,319.0,23714
4398,4396,4397,366.0,27040348,319.0,23714,344.0,23989
4399,4397,4398,319.0,79435025,344.0,23989,322.0,375
4400,4398,4399,344.0,26842421,322.0,375,321.0,23571
4401,4399,4400,322.0,1261623,321.0,23571,344.0,23952
4402,4400,4401,321.0,79505820,344.0,23952,341.0,23234
4403,4401,4402,344.0,26914320,341.0,23234,343.0,23230
4404,4402,4403,341.0,26096466,343.0,23230,338.0,118025
4405,4403,4404,343.0,26119712,338.0,118025,321.0,23592
4406,4404,4405,338.0,132822800,321.0,23592,344.0,23998
4407,4405,4406,321.0,79623840,344.0,23998,338.0,117851
4408,4406,4407,344.0,27034238,338.0,117851,311.0,99505
4409,4407,4408,338.0,133176686,311.0,99505,319.0,23424
4410,4408,4409,311.0,132083245,319.0,23424,321.0,23396
4411,4409,4410,319.0,79717920,321.0,23396,317.0,23792
4412,4410,4411,321.0,79741315,317.0,23792,311.0,116988
4413,4411,4412,317.0,26907376,311.0,116988,321.0,23408
4414,4412,4413,311.0,132551493,321.0,23408,316.0,23049
4415,4413,4414,321.0,79811585,316.0,23049,317.0,23758
4416,4414,4415,316.0,26135651,317.0,23758,319.0,23434
4417,4415,4416,317.0,27002510,319.0,23434,321.0,23396
4418,4416,4417,319.0,79881856,321.0,23396,295.0,996947
4419,4417,4418,321.0,79905251,295.0,996947,484.0,531820
4420,4418,4419,295.0,130885707,484.0,531820,475.0,61818
4421,4419,4420,484.0,144711020,475.0,61818,473.0,8108
4422,4420,4421,475.0,26277898,473.0,8108,433.0,113340
4423,4421,4422,473.0,2127293,433.0,113340,433.0,464835
4424,4422,4423,433.0,122736940,433.0,464835,454.0,99430
4425,4423,4424,433.0,123201775,454.0,99430,396.0,383340
4426,4424,4425,454.0,26439262,396.0,383340,396.0,495592
4427,4425,4426,396.0,123006940,396.0,495592,319.0,3383
4428,4426,4427,396.0,123502532,319.0,3383,365.0,23363
4429,4427,4428,319.0,79920143,365.0,23363,366.0,24065
4430,4428,4429,365.0,26242791,366.0,24065,319.0,23734
4431,4429,4430,366.0,27113409,319.0,23734,365.0,23368
4432,4430,4431,319.0,79991335,365.0,23368,366.0,24069
4433,4431,4432,365.0,26312856,366.0,24069,319.0,23736
4434,4432,4433,366.0,27185733,319.0,23736,365.0,23373
4435,4433,4434,319.0,80062527,365.0,23373,366.0,24073
4436,4434,4435,365.0,26382921,366.0,24073,321.0,23737
4437,4435,4436,366.0,27258057,321.0,23737,321.0,23703
4438,4436,4437,321.0,80133718,321.0,23703,344.0,22504
4439,4437,4438,321.0,80157421,344.0,22504,319.0,23620
4440,4438,4439,344.0,27084264,319.0,23620,319.0,23571
4441,4439,4440,319.0,80204665,319.0,23571,344.0,23939
4442,4440,4441,319.0,80228236,344.0,23939,321.0,23603
4443,4441,4442,344.0,27156163,321.0,23603,343.0,23215
4444,4442,4443,321.0,80275460,343.0,23215,338.0,117966
4445,4443,4444,343.0,26353995,338.0,117966,321.0,23586
4446,4444,4445,338.0,134013126,321.0,23586,344.0,23985
4447,4445,4446,321.0,80346255,344.0,23985,319.0,23624
4448,4446,4447,344.0,27276081,319.0,23624,319.0,23450
4449,4447,4448,319.0,80393480,319.0,23450,317.0,23798
4450,4448,4449,319.0,80416930,317.0,23798,311.0,117016
4451,4449,4450,317.0,27101686,311.0,117016,319.0,23411
4452,4450,4451,311.0,133507861,319.0,23411,316.0,23056
4453,4451,4452,319.0,80487200,316.0,23056,317.0,23763
4454,4452,4453,316.0,26323890,317.0,23763,319.0,23436
4455,4453,4454,317.0,27196819,319.0,23436,321.0,23396
4456,4454,4455,319.0,80557470,321.0,23396,316.0,23015
4457,4455,4456,321.0,80580865,316.0,23015,311.0,117111
4458,4456,4457,316.0,26416043,311.0,117111,295.0,656898
4459,4457,4458,311.0,134327586,295.0,656898,484.0,180691
4460,4458,4459,295.0,131737298,484.0,180691,475.0,44382
4461,4459,4460,484.0,145670611,475.0,44382,475.0,100518
4462,4460,4461,475.0,26498790,475.0,100518,454.0,7037
4463,4461,4462,475.0,26599308,454.0,7037,454.0,99427
4464,4462,4463,454.0,26461445,454.0,99427,433.0,464911
4465,4463,4464,454.0,26560872,433.0,464911,417.0,67171
4466,4464,4465,433.0,124701441,417.0,67171,417.0,99126
4467,4465,4466,417.0,26521579,417.0,99126,381.0,214228
4468,4466,4467,417.0,26620705,381.0,214228,360.0,114871
4469,4467,4468,381.0,26668636,360.0,114871,319.0,23724
4470,4468,4469,360.0,134520331,319.0,23724,365.0,23341
4471,4469,4470,319.0,80689995,365.0,23341,360.0,118668
4472,4470,4471,365.0,26523753,360.0,118668,321.0,23725
4473,4471,4472,360.0,134876298,321.0,23725,365.0,23345
4474,4472,4473,321.0,80761186,365.0,23345,360.0,118684
4475,4473,4474,365.0,26593817,360.0,118684,319.0,23727
4476,4474,4475,360.0,135232264,319.0,23727,365.0,23349
4477,4475,4476,319.0,80832378,365.0,23349,360.0,118700
4478,4476,4477,365.0,26663881,360.0,118700,344.0,18329
4479,4477,4478,360.0,135588230,344.0,18329,320.0,23613
4480,4478,4479,344.0,27326105,320.0,23613,343.0,23241
4481,4479,4480,320.0,80927079,343.0,23241,338.0,118067
4482,4480,4481,343.0,26518631,338.0,118067,321.0,23596
4483,4481,4482,338.0,134849552,321.0,23596,343.0,23196
4484,4482,4483,321.0,80997874,343.0,23196,338.0,117892
4485,4483,4484,343.0,26588274,338.0,117892,321.0,23579
4486,4484,4485,338.0,135203437,321.0,23579,344.0,23969
4487,4485,4486,321.0,81068669,344.0,23969,319.0,23617
4488,4486,4487,344.0,27517921,319.0,23617,311.0,58754
4489,4487,4488,319.0,81115894,311.0,58754,321.0,23412
4490,4488,4489,311.0,134464214,321.0,23412,316.0,23060
4491,4489,4490,321.0,81162813,316.0,23060,317.0,23767
4492,4490,4491,316.0,26512126,317.0,23767,311.0,116875
4493,4491,4492,317.0,27391127,311.0,116875,319.0,23397
4494,4492,4493,311.0,134932465,319.0,23397,316.0,23019
4495,4493,4494,319.0,81256479,316.0,23019,311.0,117126
4496,4494,4495,316.0,26604279,311.0,117126,319.0,23422
4497,4495,4496,311.0,135283941,319.0,23422,321.0,23396
4498,4496,4497,319.0,81326749,321.0,23396,295.0,316833
4499,4497,4498,321.0,81350144,295.0,316833,488.0,227493
4500,4498,4499,295.0,132588873,488.0,227493,472.0,125824
4501,4499,4500,488.0,29587621,472.0,125824,475.0,100555
4502,4500,4501,472.0,124978944,475.0,100555,475.0,100518
4503,4501,4502,475.0,26820199,475.0,100518,433.0,416730
4504,4502,4503,475.0,26920717,433.0,416730,454.0,99439
4505,4503,4504,433.0,125269850,454.0,99439,396.0,211124
4506,4504,4505,454.0,26881393,396.0,211124,417.0,99127
4507,4505,4506,396.0,125064244,417.0,99127,381.0,79924
4508,4506,4507,417.0,26841835,381.0,79924,319.0,18862
4509,4507,4508,381.0,26772660,319.0,18862,318.0,377
4510,4508,4509,319.0,81388654,318.0,377,360.0,118551
4511,4509,4510,318.0,1292261,360.0,118551,321.0,23714
4512,4510,4511,360.0,135947811,321.0,23714,365.0,23316
4513,4511,4512,321.0,81459845,365.0,23316,360.0,118568
4514,4512,4513,365.0,26804712,360.0,118568,319.0,23716
4515,4513,4514,360.0,136303778,319.0,23716,365.0,23320
4516,4514,4515,319.0,81531037,365.0,23320,360.0,118584
4517,4515,4516,365.0,26874776,360.0,118584,321.0,23717
4518,4516,4517,360.0,136659744,321.0,23717,344.0,14152
4519,4517,4518,321.0,81602228,344.0,14152,321.0,23605
4520,4518,4519,344.0,27567944,321.0,23605,343.0,23220
4521,4519,4520,321.0,81649492,343.0,23220,338.0,117986
4522,4520,4521,343.0,26752908,338.0,117986,321.0,23588
4523,4521,4522,338.0,136039856,321.0,23588,344.0,23990
4524,4522,4523,321.0,81720287,344.0,23990,338.0,117814
4525,4523,4524,344.0,27687862,338.0,117814,319.0,23572
4526,4524,4525,338.0,136393744,319.0,23572,344.0,23953
4527,4525,4526,319.0,81791083,344.0,23953,319.0,23610
4528,4526,4527,344.0,27759761,319.0,23610,316.0,7626
4529,4527,4528,319.0,81838308,316.0,7626,317.0,23770
4530,4528,4529,316.0,26700362,317.0,23770,311.0,116889
4531,4529,4530,317.0,27585434,311.0,116889,321.0,23398
4532,4530,4531,311.0,135888819,321.0,23398,316.0,23023
4533,4531,4532,321.0,81932092,316.0,23023,311.0,117142
4534,4532,4533,316.0,26792515,311.0,117142,319.0,23424
4535,4533,4534,311.0,136240297,319.0,23424,321.0,23396
4536,4534,4535,319.0,82002363,321.0,23396,317.0,23792
4537,4535,4536,321.0,82025758,317.0,23792,311.0,116988
4538,4536,4537,317.0,27751984,311.0,116988,321.0,23408
4539,4537,4538,311.0,136708548,321.0,23408,488.0,156113
4540,4538,4539,321.0,82096028,488.0,156113,475.0,9467
4541,4539,4540,488.0,29778385,475.0,9467,472.0,470367
4542,4540,4541,475.0,26940531,472.0,470367,475.0,100558
4543,4541,4542,472.0,126482327,475.0,100558,454.0,71939
4544,4542,4543,475.0,27141610,454.0,71939,433.0,464979
4545,4543,4544,454.0,27003003,433.0,464979,417.0,32739
4546,4544,4545,433.0,126769519,417.0,32739,396.0,495615
4547,4545,4546,417.0,26963803,396.0,495615,406.0,1824
4548,4546,4547,396.0,126588735,406.0,1824,366.0,15019
4549,4547,4548,406.0,2173684,366.0,15019,360.0,118450
4550,4548,4549,366.0,27814827,360.0,118450,319.0,23705
4551,4549,4550,360.0,137019340,319.0,23705,366.0,24111
4552,4550,4551,319.0,82158506,366.0,24111,360.0,118470
4553,4551,4552,366.0,27887151,360.0,118470,319.0,23707
4554,4552,4553,360.0,137375310,319.0,23707,366.0,24115
4555,4553,4554,319.0,82229698,366.0,24115,360.0,118489
4556,4554,4555,366.0,27959475,360.0,118489,321.0,23708
4557,4555,4556,360.0,137731279,321.0,23708,366.0,24118
4558,4556,4557,321.0,82300889,366.0,24118,338.0,49119
4559,4557,4558,366.0,28031798,338.0,49119,319.0,23600
4560,4558,4559,338.0,136876299,319.0,23600,343.0,23206
4561,4559,4560,319.0,82371908,343.0,23206,338.0,117931
4562,4560,4561,343.0,26987192,338.0,117931,320.0,23583
4563,4561,4562,338.0,137230186,320.0,23583,344.0,23978
4564,4562,4563,320.0,82442703,344.0,23978,319.0,23621
4565,4563,4564,344.0,27929706,319.0,23621,319.0,23571
4566,4564,4565,319.0,82489928,319.0,23571,344.0,23942
4567,4565,4566,319.0,82513499,344.0,23942,319.0,23605
4568,4566,4567,344.0,28001606,319.0,23605,311.0,18011
4569,4567,4568,319.0,82560724,311.0,18011,319.0,23402
4570,4568,4569,311.0,136845191,319.0,23402,316.0,23032
4571,4569,4570,319.0,82607708,316.0,23032,311.0,117176
4572,4570,4571,316.0,26980756,311.0,117176,319.0,23427
4573,4571,4572,311.0,137196671,319.0,23427,321.0,23396
4574,4572,4573,319.0,82677978,321.0,23396,317.0,23799
4575,4573,4574,321.0,82701373,317.0,23799,311.0,117020
4576,4574,4575,317.0,27946295,311.0,117020,321.0,23411
4577,4575,4576,311.0,137664920,321.0,23411,316.0,23057
4578,4576,4577,321.0,82771643,316.0,23057,317.0,23764
4579,4577,4578,316.0,27142105,317.0,23764,488.0,84739
4580,4578,4579,317.0,28041428,488.0,84739,484.0,1149699
4581,4579,4580,488.0,29969155,484.0,1149699,475.0,92552
4582,4580,4581,484.0,150571779,475.0,92552,475.0,100518
4583,4581,4582,475.0,27261944,475.0,100518,433.0,255320
4584,4582,4583,475.0,27362462,433.0,255320,433.0,464835
4585,4583,4584,433.0,127337960,433.0,464835,417.0,15546
4586,4584,4585,433.0,127802795,417.0,15546,417.0,99126
4587,4585,4586,417.0,27184938,417.0,99126,417.0,99126
4588,4586,4587,417.0,27284064,417.0,99126,319.0,10640
4589,4587,4588,417.0,27383190,319.0,10640,319.0,23703
4590,4588,4589,319.0,82833464,319.0,23703,366.0,24091
4591,4589,4590,319.0,82857167,366.0,24091,319.0,23746
4592,4590,4591,366.0,28104859,319.0,23746,319.0,23703
4593,4591,4592,319.0,82904656,319.0,23703,366.0,24095
4594,4592,4593,319.0,82928359,366.0,24095,321.0,23747
4595,4593,4594,366.0,28177183,321.0,23747,321.0,23703
4596,4594,4595,321.0,82975847,321.0,23703,366.0,24098
4597,4595,4596,321.0,82999550,366.0,24098,319.0,23749
4598,4596,4597,366.0,28249506,319.0,23749,338.0,28590
4599,4597,4598,319.0,83047039,338.0,28590,319.0,23595
4600,4598,4599,338.0,138066630,319.0,23595,343.0,23193
4601,4599,4600,319.0,83094324,343.0,23193,338.0,117880
4602,4600,4601,343.0,27221477,338.0,117880,320.0,23578
4603,4601,4602,338.0,138420520,320.0,23578,344.0,23966
4604,4602,4603,320.0,83165119,344.0,23966,321.0,23615
4605,4603,4604,344.0,28171550,321.0,23615,343.0,23247
4606,4604,4605,321.0,83212343,343.0,23247,338.0,118091
4607,4605,4606,343.0,27337657,338.0,118091,319.0,23599
4608,4606,4607,338.0,139010726,319.0,23599,343.0,23203
4609,4607,4608,319.0,83283139,343.0,23203,317.0,23364
4610,4608,4609,343.0,27407301,317.0,23364,320.0,23429
4611,4609,4610,317.0,28069188,320.0,23429,321.0,23396
4612,4610,4611,320.0,83353592,321.0,23396,317.0,23803
4613,4611,4612,321.0,83376987,317.0,23803,311.0,117038
4614,4612,4613,317.0,28140603,311.0,117038,320.0,23413
4615,4613,4614,311.0,138621278,320.0,23413,316.0,23061
4616,4614,4615,320.0,83447257,316.0,23061,317.0,23768
4617,4615,4616,316.0,27330341,317.0,23768,311.0,116880
4618,4616,4617,317.0,28235736,311.0,116880,321.0,23397
4619,4617,4618,311.0,139089525,321.0,23397,488.0,13356
4620,4618,4619,321.0,83540922,488.0,13356,484.0,798558
4621,4619,4620,488.0,30159916,484.0,798558,472.0,351126
4622,4620,4621,484.0,151531358,472.0,351126,475.0,100551
4623,4621,4622,472.0,128548526,475.0,100551,454.0,37416
4624,4622,4623,475.0,27583353,454.0,37416,454.0,99427
4625,4623,4624,454.0,27445136,454.0,99427,433.0,464903
4626,4624,4625,454.0,27544563,433.0,464903,396.0,448657
4627,4625,4626,433.0,129302453,396.0,448657,417.0,99137
4628,4626,4627,396.0,128646057,417.0,99137,365.0,6440
4629,4627,4628,417.0,27604321,365.0,6440,366.0,24067
4630,4628,4629,365.0,27414160,366.0,24067,319.0,23735
4631,4629,4630,366.0,28322563,319.0,23735,365.0,23371
4632,4630,4631,319.0,83603315,365.0,23371,366.0,24071
4633,4631,4632,365.0,27484225,366.0,24071,319.0,23737
4634,4632,4633,366.0,28394887,319.0,23737,319.0,23703
4635,4633,4634,319.0,83674507,319.0,23703,366.0,24075
4636,4634,4635,319.0,83698210,366.0,24075,321.0,23738
4637,4635,4636,366.0,28467211,321.0,23738,321.0,23703
4638,4636,4637,321.0,83745698,321.0,23703,338.0,8042
4639,4637,4638,321.0,83769401,338.0,8042,319.0,23588
4640,4638,4639,338.0,139256942,319.0,23588,344.0,23989
4641,4639,4640,319.0,83816738,344.0,23989,322.0,375
4642,4640,4641,344.0,28341493,322.0,375,321.0,23571
4643,4641,4642,322.0,1331174,321.0,23571,344.0,23952
4644,4642,4643,321.0,83887533,344.0,23952,341.0,23234
4645,4643,4644,344.0,28413392,341.0,23234,343.0,23230
4646,4644,4645,341.0,27548692,343.0,23230,338.0,118025
4647,4645,4646,343.0,27571938,338.0,118025,321.0,23592
4648,4646,4647,338.0,140201045,321.0,23592,344.0,23998
4649,4647,4648,321.0,84005553,344.0,23998,314.0,18616
4650,4648,4649,344.0,28533310,314.0,18616,317.0,23807
4651,4649,4650,314.0,27426336,317.0,23807,311.0,117057
4652,4650,4651,317.0,28334911,311.0,117057,314.0,23043
4653,4651,4652,311.0,139577637,314.0,23043,321.0,23396
4654,4652,4653,314.0,27495491,321.0,23396,317.0,23772
4655,4653,4654,321.0,84146266,317.0,23772,311.0,116898
4656,4654,4655,317.0,28430044,311.0,116898,321.0,23399
4657,4655,4656,311.0,140045883,321.0,23399,316.0,23025
4658,4656,4657,321.0,84216536,316.0,23025,311.0,117149
4659,4657,4658,316.0,27610731,311.0,117149,295.0,915208
4660,4658,4659,311.0,140397359,295.0,915208,484.0,447418
4661,4659,4660,295.0,137953808,484.0,447418,475.0,57636
4662,4660,4661,484.0,152490938,475.0,57636,472.0,470331
4663,4661,4662,475.0,27703684,472.0,470331,433.0,93874
4664,4662,4663,472.0,130051901,433.0,93874,433.0,464835
4665,4663,4664,433.0,129406034,433.0,464835,454.0,99419
4666,4664,4665,433.0,129870869,454.0,99419,417.0,80239
4667,4665,4666,454.0,27865065,417.0,80239,396.0,495676
4668,4666,4667,417.0,27726287,396.0,495676,360.0,11873
4669,4667,4668,396.0,130170536,360.0,11873,321.0,23724
4670,4668,4669,360.0,140471633,321.0,23724,365.0,23343
4671,4669,4670,321.0,84301974,365.0,23343,360.0,118676
4672,4670,4671,365.0,27695121,360.0,118676,319.0,23726
4673,4671,4672,360.0,140827601,319.0,23726,365.0,23347
4674,4672,4673,319.0,84373166,365.0,23347,360.0,118692
4675,4673,4674,365.0,27765185,360.0,118692,321.0,23727
4676,4674,4675,360.0,141183567,321.0,23727,365.0,23351
4677,4675,4676,321.0,84444357,365.0,23351,360.0,118708
4678,4676,4677,365.0,27835249,360.0,118708,319.0,23729
4679,4677,4678,360.0,141539533,319.0,23729,321.0,23603
4680,4678,4679,319.0,84515549,321.0,23603,344.0,23972
4681,4679,4680,321.0,84539151,344.0,23972,319.0,23618
4682,4680,4681,344.0,28583332,319.0,23618,319.0,23571
4683,4681,4682,319.0,84586376,319.0,23571,338.0,118118
4684,4682,4683,319.0,84609947,338.0,118118,321.0,23601
4685,4683,4684,338.0,141037463,321.0,23601,343.0,23210
4686,4684,4685,321.0,84657171,343.0,23210,338.0,117947
4687,4685,4686,343.0,27806216,338.0,117947,319.0,23585
4688,4686,4687,338.0,141391352,319.0,23585,344.0,23982
4689,4687,4688,319.0,84727967,344.0,23982,311.0,74229
4690,4688,4689,344.0,28775150,311.0,74229,321.0,23416
4691,4689,4690,311.0,140533989,321.0,23416,319.0,23396
4692,4690,4691,321.0,84798484,319.0,23396,317.0,23776
4693,4691,4692,319.0,84821880,317.0,23776,311.0,116916
4694,4692,4693,317.0,28624352,311.0,116916,319.0,23401
4695,4693,4694,311.0,141002241,319.0,23401,316.0,23029
4696,4694,4695,319.0,84892150,316.0,23029,311.0,117164
4697,4695,4696,316.0,27798967,311.0,117164,319.0,23426
4698,4696,4697,311.0,141353714,319.0,23426,321.0,23396
4699,4697,4698,319.0,84962420,321.0,23396,295.0,575151
4700,4698,4699,321.0,84985815,295.0,575151,484.0,96281
4701,4699,4700,295.0,138805391,484.0,96281,472.0,187786
4702,4700,4701,484.0,153450521,472.0,187786,475.0,100541
4703,4701,4702,472.0,130614706,475.0,100541,454.0,2890
4704,4702,4703,475.0,28025093,454.0,2890,454.0,99427
4705,4703,4704,454.0,27887266,454.0,99427,433.0,464964
4706,4704,4705,454.0,27986693,433.0,464964,417.0,63043
4707,4705,4706,433.0,131370524,417.0,63043,417.0,99126
4708,4706,4707,417.0,27947419,417.0,99126,381.0,181939
4709,4707,4708,417.0,28046545,381.0,181939,365.0,21642
4710,4708,4709,381.0,28066315,365.0,21642,360.0,118568
4711,4709,4710,365.0,27906018,360.0,118568,319.0,23716
4712,4710,4711,360.0,141899123,319.0,23716,365.0,23320
4713,4711,4712,319.0,85071826,365.0,23320,360.0,118584
4714,4712,4713,365.0,27976082,360.0,118584,321.0,23717
4715,4713,4714,360.0,142255089,321.0,23717,365.0,23324
4716,4714,4715,321.0,85143017,365.0,23324,360.0,118600
4717,4715,4716,365.0,28046146,360.0,118600,319.0,23719
4718,4716,4717,360.0,142611055,319.0,23719,365.0,23328
4719,4717,4718,319.0,85214209,365.0,23328,319.0,23637
4720,4718,4719,365.0,28116210,319.0,23637,344.0,23957
4721,4719,4720,319.0,85261566,344.0,23957,321.0,23611
4722,4720,4721,344.0,28825173,321.0,23611,343.0,23236
4723,4721,4722,321.0,85308790,343.0,23236,338.0,118048
4724,4722,4723,343.0,27970852,338.0,118048,321.0,23594
4725,4723,4724,338.0,142227778,321.0,23594,343.0,23191
4726,4724,4725,321.0,85379585,343.0,23191,338.0,117872
4727,4725,4726,343.0,28040495,338.0,117872,321.0,23577
4728,4726,4727,338.0,142581662,321.0,23577,344.0,23965
4729,4727,4728,321.0,85450380,344.0,23965,321.0,23502
4730,4728,4729,344.0,29016989,321.0,23502,317.0,23777
4731,4729,4730,321.0,85497492,317.0,23777,311.0,116920
4732,4730,4731,317.0,28818657,311.0,116920,321.0,23401
4733,4731,4732,311.0,141958585,321.0,23401,316.0,23030
4734,4732,4733,321.0,85567762,316.0,23030,311.0,117168
4735,4733,4734,316.0,27987200,311.0,117168,320.0,23426
4736,4734,4735,311.0,142310058,320.0,23426,321.0,23396
4737,4735,4736,320.0,85638032,321.0,23396,317.0,23797
4738,4736,4737,321.0,85661427,317.0,23797,311.0,117011
4739,4737,4738,317.0,28985205,311.0,117011,295.0,235032
4740,4738,4739,311.0,142778306,295.0,235032,488.0,210322
4741,4739,4740,295.0,139656912,488.0,210322,475.0,22715
4742,4740,4741,488.0,31143314,475.0,22715,472.0,470224
4743,4741,4742,475.0,28145419,472.0,470224,475.0,100538
4744,4742,4743,472.0,132118044,475.0,100538,433.0,397227
4745,4743,4744,475.0,28346498,433.0,397227,454.0,99426
4746,4744,4745,433.0,131938907,454.0,99426,396.0,190528
4747,4745,4746,454.0,28307194,396.0,190528,396.0,495592
4748,4746,4747,396.0,131732208,396.0,495592,381.0,47621
4749,4747,4748,396.0,132227800,381.0,47621,322.0,284
4750,4748,4749,381.0,28170325,322.0,284,319.0,23704
4751,4749,4750,322.0,1361060,319.0,23704,366.0,24108
4752,4750,4751,319.0,85770484,366.0,24108,360.0,118455
4753,4751,4752,366.0,29096300,360.0,118455,320.0,23705
4754,4752,4753,360.0,143326590,320.0,23705,366.0,24111
4755,4753,4754,320.0,85841675,366.0,24111,360.0,118470
4756,4754,4755,366.0,29168623,360.0,118470,319.0,23707
4757,4755,4756,360.0,143682555,319.0,23707,366.0,24115
4758,4756,4757,319.0,85912867,366.0,24115,360.0,118489
4759,4757,4758,366.0,29240947,360.0,118489,321.0,23628
4760,4758,4759,360.0,144038524,321.0,23628,344.0,23938
4761,4759,4760,321.0,85983978,344.0,23938,319.0,23603
4762,4760,4761,344.0,29067010,319.0,23603,343.0,23214
4763,4761,4762,319.0,86031203,343.0,23214,338.0,117962
4764,4762,4763,343.0,28205128,338.0,117962,320.0,23586
4765,4763,4764,338.0,143418077,320.0,23586,344.0,23984
4766,4764,4765,320.0,86101998,344.0,23984,321.0,23623
4767,4765,4766,344.0,29186928,321.0,23623,320.0,23571
4768,4766,4767,321.0,86149222,320.0,23571,344.0,23946
4769,4767,4768,320.0,86172793,344.0,23946,311.0,33444
4770,4768,4769,344.0,29258826,311.0,33444,321.0,23401
4771,4769,4770,311.0,142914924,321.0,23401,316.0,23030
4772,4770,4771,321.0,86243374,316.0,23030,311.0,117168
4773,4771,4772,316.0,28175432,311.0,117168,320.0,23426
4774,4772,4773,311.0,143266398,320.0,23426,321.0,23396
4775,4773,4774,320.0,86313644,321.0,23396,317.0,23797
4776,4774,4775,321.0,86337039,317.0,23797,311.0,117011
4777,4775,4776,317.0,29179509,311.0,117011,321.0,23410
4778,4776,4777,311.0,143734646,321.0,23410,316.0,23054
4779,4777,4778,321.0,86407309,316.0,23054,317.0,23762
4780,4778,4779,316.0,28336780,317.0,23762,488.0,138927
4781,4779,4780,317.0,29274642,488.0,138927,472.0,24373
4782,4780,4781,488.0,31334063,472.0,24373,475.0,100521
4783,4781,4782,472.0,132680813,475.0,100521,472.0,470195
4784,4782,4783,475.0,28466823,472.0,470195,454.0,67781
4785,4783,4784,472.0,133621375,454.0,67781,433.0,464949
4786,4784,4785,454.0,28428813,433.0,464949,417.0,28600
4787,4785,4786,433.0,133438519,417.0,28600,417.0,99126
4788,4786,4787,417.0,28389632,417.0,99126,396.0,495638
4789,4787,4788,417.0,28488758,396.0,495638,319.0,13738
4790,4788,4789,396.0,133752238,319.0,13738,366.0,24082
4791,4789,4790,319.0,86469142,366.0,24082,321.0,23741
4792,4790,4791,366.0,29314002,321.0,23741,321.0,23703
4793,4791,4792,321.0,86516630,321.0,23703,366.0,24085
4794,4792,4793,321.0,86540333,366.0,24085,319.0,23743
4795,4793,4794,366.0,29386325,319.0,23743,319.0,23703
4796,4794,4795,319.0,86587822,319.0,23703,366.0,24088
4797,4795,4796,319.0,86611525,366.0,24088,321.0,23744
4798,4796,4797,366.0,29458648,321.0,23744,321.0,23703
4799,4797,4798,321.0,86659013,321.0,23703,343.0,8728
4800,4798,4799,321.0,86682716,343.0,8728,338.0,118048
4801,4799,4800,343.0,28369760,338.0,118048,321.0,23594
4802,4800,4801,338.0,144254488,321.0,23594,343.0,23191
4803,4801,4802,321.0,86753615,343.0,23191,338.0,117872
4804,4802,4803,343.0,28439403,338.0,117872,321.0,23577
4805,4803,4804,338.0,144608372,321.0,23577,344.0,23965
4806,4804,4805,321.0,86824410,344.0,23965,319.0,23615
4807,4805,4806,344.0,29428765,319.0,23615,343.0,23246
4808,4806,4807,319.0,86871635,343.0,23246,338.0,118087
4809,4807,4808,343.0,28555584,338.0,118087,316.0,2633
4810,4808,4809,338.0,145198582,316.0,2633,311.0,117172
4811,4809,4810,316.0,28363665,311.0,117172,319.0,23427
4812,4810,4811,311.0,144222742,319.0,23427,321.0,23396
4813,4811,4812,319.0,86989257,321.0,23396,317.0,23799
4814,4812,4813,321.0,87012652,317.0,23799,311.0,117020
4815,4813,4814,317.0,29373815,311.0,117020,321.0,23411
4816,4814,4815,311.0,144690995,321.0,23411,316.0,23057
4817,4815,4816,321.0,87082922,316.0,23057,317.0,23764
4818,4816,4817,316.0,28525015,317.0,23764,321.0,23436
4819,4817,4818,317.0,29468948,321.0,23436,319.0,23396
4820,4818,4819,321.0,87153192,319.0,23396,488.0,67539
4821,4819,4820,319.0,87176588,488.0,67539,484.0,1065090
4822,4820,4821,488.0,31524819,484.0,1065090,472.0,412967
4823,4821,4822,484.0,158351490,472.0,412967,475.0,100520
4824,4822,4823,472.0,134184167,475.0,100520,433.0,235722
4825,4823,4824,475.0,28788230,433.0,235722,454.0,99433
4826,4824,4825,433.0,134006922,454.0,99433,417.0,11403
4827,4825,4826,454.0,28749323,417.0,11403,417.0,99126
4828,4826,4827,417.0,28610763,417.0,99126,417.0,99126
4829,4827,4828,417.0,28709889,417.0,99126,360.0,48167
4830,4828,4829,417.0,28809015,360.0,48167,319.0,23731
4831,4829,4830,360.0,145351367,319.0,23731,365.0,23360
4832,4830,4831,319.0,87215290,365.0,23360,360.0,118744
4833,4831,4832,365.0,28655580,360.0,118744,321.0,23732
4834,4832,4833,360.0,145707334,321.0,23732,365.0,23364
4835,4833,4834,321.0,87286481,365.0,23364,366.0,24065
4836,4834,4835,365.0,28725644,366.0,24065,319.0,23734
4837,4835,4836,366.0,29676353,319.0,23734,365.0,23368
4838,4836,4837,319.0,87357673,365.0,23368,366.0,24069
4839,4837,4838,365.0,28795708,366.0,24069,343.0,4680
4840,4838,4839,366.0,29748677,343.0,4680,338.0,117978
4841,4839,4840,343.0,28604040,338.0,117978,319.0,23588
4842,4840,4841,338.0,145444803,319.0,23588,344.0,23989
4843,4841,4842,319.0,87476030,344.0,23989,322.0,375
4844,4842,4843,344.0,29598709,322.0,375,321.0,23571
4845,4843,4844,322.0,1389258,321.0,23571,344.0,23952
4846,4844,4845,321.0,87546825,344.0,23952,341.0,23234
4847,4845,4846,344.0,29670608,341.0,23234,343.0,23230
4848,4846,4847,341.0,28766620,343.0,23230,338.0,118025
4849,4847,4848,343.0,28789866,338.0,118025,321.0,23592
4850,4848,4849,338.0,146388905,321.0,23592,319.0,23422
4851,4849,4850,321.0,87664845,319.0,23422,317.0,23805
4852,4850,4851,319.0,87688267,317.0,23805,311.0,117047
4853,4851,4852,317.0,29568125,311.0,117047,314.0,23042
4854,4852,4853,311.0,145647362,314.0,23042,316.0,23064
4855,4853,4854,314.0,28690168,316.0,23064,317.0,23770
4856,4854,4855,316.0,28713254,317.0,23770,311.0,116889
4857,4855,4856,317.0,29663258,311.0,116889,321.0,23398
4858,4856,4857,311.0,146115609,321.0,23398,316.0,23023
4859,4857,4858,321.0,87852202,316.0,23023,311.0,117142
4860,4858,4859,316.0,28805407,311.0,117142,295.0,1173358
4861,4859,4860,311.0,146467087,295.0,1173358,484.0,713980
4862,4860,4861,295.0,144170158,484.0,713980,475.0,70876
4863,4861,4862,484.0,159311100,475.0,70876,472.0,470131
4864,4862,4863,475.0,28908564,472.0,470131,454.0,33257
4865,4863,4864,472.0,135687561,454.0,33257,454.0,99427
4866,4864,4865,454.0,28870945,454.0,99427,432.0,92973
4867,4865,4866,454.0,28970372,432.0,92973,396.0,427996
4868,4866,4867,432.0,27194289,396.0,427996,396.0,495592
4869,4867,4868,396.0,135313956,396.0,495592,321.0,5514
4870,4868,4869,396.0,135809548,321.0,5514,365.0,23335
4871,4869,4870,321.0,87913950,365.0,23335,360.0,118644
4872,4870,4871,365.0,28866479,360.0,118644,319.0,23723
4873,4871,4872,360.0,146778864,319.0,23723,365.0,23339
4874,4872,4873,319.0,87985142,365.0,23339,360.0,118660
4875,4873,4874,365.0,28936543,360.0,118660,321.0,23724
4876,4874,4875,360.0,147134830,321.0,23724,365.0,23343
4877,4875,4876,321.0,88056333,365.0,23343,360.0,118676
4878,4876,4877,365.0,29006607,360.0,118676,319.0,23726
4879,4877,4878,360.0,147490796,319.0,23726,343.0,634
4880,4878,4879,319.0,88127525,343.0,634,338.0,117915
4881,4879,4880,343.0,28838322,338.0,117915,319.0,23582
4882,4880,4881,338.0,146635125,319.0,23582,344.0,23975
4883,4881,4882,319.0,88198445,344.0,23975,321.0,23619
4884,4882,4883,344.0,29840551,321.0,23619,320.0,23571
4885,4883,4884,321.0,88245669,320.0,23571,344.0,23937
4886,4884,4885,320.0,88269240,344.0,23937,321.0,23602
4887,4885,4886,344.0,29912449,321.0,23602,343.0,23212
4888,4886,4887,321.0,88316464,343.0,23212,338.0,117954
4889,4887,4888,343.0,29024146,338.0,117954,321.0,23585
4890,4888,4889,338.0,147579219,321.0,23585,311.0,89651
4891,4889,4890,321.0,88387259,311.0,89651,319.0,23415
4892,4890,4891,311.0,146603711,319.0,23415,321.0,23396
4893,4891,4892,319.0,88434150,321.0,23396,317.0,23772
4894,4892,4893,321.0,88457545,317.0,23772,311.0,116898
4895,4893,4894,317.0,29857564,311.0,116898,321.0,23399
4896,4894,4895,311.0,147071958,321.0,23399,316.0,23025
4897,4895,4896,321.0,88527815,316.0,23025,311.0,117149
4898,4896,4897,316.0,28993641,311.0,117149,321.0,23424
4899,4897,4898,311.0,147423434,321.0,23424,319.0,23396
4900,4898,4899,321.0,88598085,319.0,23396,295.0,833274
4901,4899,4900,319.0,88621481,295.0,833274,484.0,362814
4902,4900,4901,295.0,145021714,484.0,362814,475.0,53437
4903,4901,4902,484.0,160270654,475.0,53437,475.0,100518
4904,4902,4903,475.0,29129453,475.0,100518,433.0,74283
4905,4903,4904,475.0,29229971,433.0,74283,448.0,7755
4906,4904,4905,433.0,136075003,448.0,7755,454.0,99411
4907,4905,4906,448.0,2354145,454.0,99411,417.0,76097
4908,4906,4907,454.0,29290871,417.0,76097,417.0,99126
4909,4907,4908,417.0,29152113,417.0,99126,366.0,1467
4910,4908,4909,417.0,29251239,366.0,1467,360.0,118527
4911,4909,4910,366.0,30015419,360.0,118527,319.0,23712
4912,4910,4911,360.0,147850377,319.0,23712,366.0,24126
4913,4911,4912,319.0,88683801,366.0,24126,360.0,118541
4914,4912,4913,366.0,30087742,360.0,118541,321.0,23713
4915,4913,4914,360.0,148206341,321.0,23713,365.0,23314
4916,4914,4915,321.0,88754992,365.0,23314,360.0,118560
4917,4915,4916,365.0,29217502,360.0,118560,319.0,23715
4918,4916,4917,360.0,148562310,319.0,23715,365.0,23318
4919,4917,4918,319.0,88826184,365.0,23318,360.0,118576
4920,4918,4919,365.0,29287566,360.0,118576,338.0,100514
4921,4919,4920,360.0,148918276,338.0,100514,321.0,23574
4922,4920,4921,338.0,147825434,321.0,23574,344.0,23958
4923,4921,4922,321.0,88920858,344.0,23958,319.0,23612
4924,4922,4923,344.0,30082390,319.0,23612,343.0,23238
4925,4923,4924,319.0,88968083,343.0,23238,338.0,118056
4926,4924,4925,343.0,29188782,338.0,118056,321.0,23595
4927,4925,4926,338.0,148415646,321.0,23595,343.0,23194
4928,4926,4927,321.0,89038878,343.0,23194,338.0,117884
4929,4927,4928,343.0,29258426,338.0,117884,319.0,23579
4930,4928,4929,338.0,148769534,319.0,23579,321.0,23486
4931,4929,4930,319.0,89109674,321.0,23486,317.0,23777
4932,4930,4931,321.0,89133159,317.0,23777,311.0,116920
4933,4931,4932,317.0,30051873,311.0,116920,321.0,23401
4934,4932,4933,311.0,148028320,321.0,23401,316.0,23030
4935,4933,4934,321.0,89203429,316.0,23030,311.0,117168
4936,4934,4935,316.0,29181878,311.0,117168,320.0,23426
4937,4935,4936,311.0,148379793,320.0,23426,321.0,23396
4938,4936,4937,320.0,89273699,321.0,23396,317.0,23797
4939,4937,4938,321.0,89297094,317.0,23797,311.0,117011
4940,4938,4939,317.0,30218421,311.0,117011,295.0,493207
4941,4939,4940,311.0,148848041,295.0,493207,484.0,11666
4942,4940,4941,295.0,145873287,484.0,11666,472.0,168182
4943,4941,4942,484.0,161230226,472.0,168182,475.0,100558
4944,4942,4943,472.0,137283662,475.0,100558,475.0,100518
4945,4943,4944,475.0,29450862,475.0,100518,454.0,98155
4946,4944,4945,475.0,29551380,454.0,98155,433.0,464903
4947,4945,4946,454.0,29412499,433.0,464903,396.0,255751
4948,4946,4947,433.0,138039493,396.0,255751,417.0,99126
4949,4947,4948,396.0,137371231,417.0,99126,381.0,149579
4950,4948,4949,417.0,29472370,381.0,149579,321.0,20992
4951,4949,4950,381.0,29463923,321.0,20992,366.0,24103
4952,4950,4951,321.0,89382460,366.0,24103,319.0,23751
4953,4951,4952,366.0,30305447,319.0,23751,319.0,23703
4954,4952,4953,319.0,89429949,319.0,23703,366.0,24106
4955,4953,4954,319.0,89453652,366.0,24106,360.0,118446
4956,4954,4955,366.0,30377770,360.0,118446,321.0,23704
4957,4955,4956,360.0,149633826,321.0,23704,366.0,24109
4958,4956,4957,321.0,89524843,366.0,24109,360.0,118460
4959,4957,4958,366.0,30450093,360.0,118460,319.0,23706
4960,4958,4959,360.0,149989790,319.0,23706,321.0,23667
4961,4959,4960,319.0,89596035,321.0,23667,320.0,23571
4962,4960,4961,321.0,89619701,320.0,23571,344.0,23942
4963,4961,4962,320.0,89643272,344.0,23942,319.0,23605
4964,4962,4963,344.0,30324230,319.0,23605,343.0,23219
4965,4963,4964,319.0,89690497,343.0,23219,338.0,117982
4966,4964,4965,343.0,29423061,338.0,117982,319.0,23588
4967,4965,4966,338.0,149605957,319.0,23588,344.0,23989
4968,4966,4967,319.0,89761292,344.0,23989,322.0,375
4969,4967,4968,344.0,30444149,322.0,375,321.0,23571
4970,4968,4969,322.0,1425532,321.0,23571,311.0,48887
4971,4969,4970,321.0,89832087,311.0,48887,320.0,23402
4972,4970,4971,311.0,148984667,320.0,23402,316.0,23032
4973,4971,4972,320.0,89879042,316.0,23032,311.0,117176
4974,4972,4973,316.0,29370112,311.0,117176,319.0,23427
4975,4973,4974,311.0,149336141,319.0,23427,321.0,23396
4976,4974,4975,319.0,89949312,321.0,23396,317.0,23799
4977,4975,4976,321.0,89972707,317.0,23799,311.0,117020
4978,4976,4977,317.0,30412727,311.0,117020,321.0,23411
4979,4977,4978,311.0,149804390,321.0,23411,316.0,23057
4980,4978,4979,321.0,90042977,316.0,23057,295.0,153118
4981,4979,4980,316.0,29531461,295.0,153118,488.0,193127
4982,4980,4981,295.0,146724838,488.0,193127,475.0,18518
4983,4981,4982,488.0,32698983,475.0,18518,472.0,470359
4984,4982,4983,475.0,29571190,472.0,470359,475.0,100557
4985,4983,4984,472.0,138787019,475.0,100557,433.0,377650
4986,4984,4985,475.0,29772269,433.0,377650,454.0,99417
4987,4985,4986,433.0,138607890,454.0,99417,396.0,169860
4988,4986,4987,454.0,29732999,396.0,169860,396.0,495592
4989,4987,4988,396.0,138400100,396.0,495592,381.0,15273
4990,4988,4989,396.0,138895692,381.0,15273,366.0,17166
4991,4989,4990,381.0,29567945,366.0,17166,319.0,23740
4992,4990,4991,366.0,30523150,319.0,23740,319.0,23703
4993,4991,4992,319.0,90128608,319.0,23703,366.0,24082
4994,4992,4993,319.0,90152311,366.0,24082,321.0,23741
4995,4993,4994,366.0,30595474,321.0,23741,321.0,23703
4996,4994,4995,321.0,90199799,321.0,23703,366.0,24085
4997,4995,4996,321.0,90223502,366.0,24085,319.0,23743
4998,4996,4997,366.0,30667797,319.0,23743,319.0,23703
4999,4997,4998,319.0,90270991,319.0,23703,366.0,24088
5000,4998,4999,319.0,90294694,366.0,24088,319.0,23677
5001,4999,5000,366.0,30740120,319.0,23677,343.0,23243
5002,5000,5001,319.0,90342115,343.0,23243,338.0,118075
5003,5001,5002,343.0,29587695,338.0,118075,319.0,23597
5004,5002,5003,338.0,150442375,319.0,23597,343.0,23198
5005,5003,5004,319.0,90412910,343.0,23198,338.0,117900
5006,5004,5005,343.0,29657338,338.0,117900,341.0,23205
5007,5005,5006,338.0,150796260,341.0,23205,344.0,23971
5008,5006,5007,341.0,29703783,344.0,23971,319.0,23618
5009,5007,5008,344.0,30685987,319.0,23618,319.0,23571
5010,5008,5009,319.0,90530930,319.0,23571,316.0,5675
5011,5009,5010,319.0,90554501,316.0,5675,317.0,23746
5012,5010,5011,316.0,29558347,317.0,23746,321.0,23428
5013,5011,5012,317.0,30535618,321.0,23428,319.0,23396
5014,5012,5013,321.0,90624925,319.0,23396,317.0,23802
5015,5013,5014,319.0,90648321,317.0,23802,311.0,117034
5016,5014,5015,317.0,30607034,311.0,117034,319.0,23413
5017,5015,5016,311.0,150760744,319.0,23413,316.0,23061
5018,5016,5017,319.0,90718591,316.0,23061,317.0,23768
5019,5017,5018,316.0,29719697,317.0,23768,311.0,116880
5020,5018,5019,317.0,30702168,311.0,116880,321.0,23397
5021,5019,5020,311.0,151228995,321.0,23397,488.0,121744
5022,5020,5021,321.0,90812256,488.0,121744,472.0,4823
5023,5021,5022,488.0,32889744,472.0,4823,475.0,100545
5024,5022,5023,472.0,139349823,475.0,100545,472.0,470367
5025,5023,5024,475.0,29892599,472.0,470367,454.0,63626
5026,5024,5025,472.0,140290387,454.0,63626,433.0,464941
5027,5025,5026,454.0,29854626,433.0,464941,417.0,24465
5028,5026,5027,433.0,140107541,417.0,24465,417.0,99126
5029,5027,5028,417.0,29815465,417.0,99126,417.0,99126
5030,5028,5029,417.0,29914591,417.0,99126,319.0,12768
5031,5029,5030,417.0,30013717,319.0,12768,365.0,23357
5032,5030,5031,319.0,90827268,365.0,23357,360.0,118732
5033,5031,5032,365.0,29826943,360.0,118732,321.0,23731
5034,5032,5033,360.0,151658617,321.0,23731,365.0,23361
5035,5033,5034,321.0,90898459,365.0,23361,360.0,118748
5036,5034,5035,365.0,29897007,360.0,118748,319.0,23733
5037,5035,5036,360.0,152014583,319.0,23733,365.0,23365
5038,5036,5037,319.0,90969651,365.0,23365,366.0,24066
5039,5037,5038,365.0,29967071,366.0,24066,321.0,23734
5040,5038,5039,366.0,30957826,321.0,23734,319.0,23688
5041,5039,5040,321.0,91040842,319.0,23688,343.0,23227
5042,5040,5041,319.0,91064530,343.0,23227,338.0,118013
5043,5041,5042,343.0,29821977,338.0,118013,319.0,23591
5044,5042,5043,338.0,151632698,319.0,23591,344.0,23995
5045,5043,5044,319.0,91135325,344.0,23995,338.0,117837
5046,5044,5045,344.0,30855931,338.0,117837,319.0,23574
5047,5045,5046,338.0,151986582,319.0,23574,344.0,23957
5048,5046,5047,319.0,91206120,344.0,23957,321.0,23611
5049,5047,5048,344.0,30927829,321.0,23611,343.0,23236
5050,5048,5049,321.0,91253344,343.0,23236,319.0,23619
5051,5049,5050,343.0,30007800,319.0,23619,321.0,23396
5052,5050,5051,319.0,91300539,321.0,23396,317.0,23806
5053,5051,5052,321.0,91323934,317.0,23806,311.0,117052
5054,5052,5053,317.0,30801342,311.0,117052,319.0,23415
5055,5053,5054,311.0,151717102,319.0,23415,321.0,23396
5056,5054,5055,319.0,91394205,321.0,23396,317.0,23772
5057,5055,5056,321.0,91417600,317.0,23772,311.0,116898
5058,5056,5057,317.0,30896476,311.0,116898,321.0,23399
5059,5057,5058,311.0,152185353,321.0,23399,316.0,23025
5060,5058,5059,321.0,91487870,316.0,23025,311.0,117149
5061,5059,5060,316.0,30000087,311.0,117149,488.0,50362
5062,5060,5061,311.0,152536829,488.0,50362,484.0,980595
5063,5061,5062,488.0,33080506,484.0,980595,472.0,393436
5064,5062,5063,484.0,166131315,472.0,393436,475.0,100547
5065,5063,5064,472.0,140853196,475.0,100547,433.0,216204
5066,5064,5065,475.0,30214009,433.0,216204,454.0,99425
5067,5065,5066,433.0,140675964,454.0,99425,417.0,7245
5068,5066,5067,454.0,30175129,417.0,7245,396.0,493231
5069,5067,5068,417.0,30036573,396.0,493231,417.0,99128
5070,5068,5069,396.0,140952991,417.0,99128,365.0,8511
5071,5069,5070,417.0,30234848,365.0,8511,360.0,118620
5072,5070,5071,365.0,30037839,360.0,118620,319.0,23721
5073,5071,5072,360.0,152730135,319.0,23721,365.0,23333
5074,5072,5073,319.0,91597119,365.0,23333,360.0,118636
5075,5073,5074,365.0,30107903,360.0,118636,321.0,23722
5076,5074,5075,360.0,153086101,321.0,23722,365.0,23337
5077,5075,5076,321.0,91668310,365.0,23337,360.0,118652
5078,5076,5077,365.0,30177967,360.0,118652,319.0,23724
5079,5077,5078,360.0,153442067,319.0,23724,365.0,23341
5080,5078,5079,319.0,91739502,365.0,23341,319.0,23727
5081,5079,5080,365.0,30248031,319.0,23727,343.0,23208
5082,5080,5081,319.0,91786944,343.0,23208,338.0,117939
5083,5081,5082,343.0,30056256,338.0,117939,319.0,23584
5084,5082,5083,338.0,152823009,319.0,23584,344.0,23980
5085,5083,5084,319.0,91857739,344.0,23980,319.0,23622
5086,5084,5085,344.0,31097772,319.0,23622,319.0,23571
5087,5085,5086,319.0,91904964,319.0,23571,344.0,23944
5088,5086,5087,319.0,91928535,344.0,23944,321.0,23605
5089,5087,5088,344.0,31169672,321.0,23605,343.0,23220
5090,5088,5089,321.0,91975759,343.0,23220,338.0,117986
5091,5089,5090,343.0,30242082,338.0,117986,311.0,105100
5092,5090,5091,338.0,153767111,311.0,105100,321.0,23416
5093,5091,5092,311.0,152673460,321.0,23416,319.0,23396
5094,5092,5093,321.0,92069818,319.0,23396,317.0,23776
5095,5093,5094,319.0,92093214,317.0,23776,311.0,116916
5096,5094,5095,317.0,31090784,311.0,116916,319.0,23401
5097,5095,5096,311.0,153141711,319.0,23401,316.0,23029
5098,5096,5097,319.0,92163484,316.0,23029,311.0,117164
5099,5097,5098,316.0,30188323,311.0,117164,319.0,23426
5100,5098,5099,311.0,153493184,319.0,23426,321.0,23396
5101,5099,5100,319.0,92233754,321.0,23396,295.0,1091500
5102,5100,5101,321.0,92257149,295.0,1091500,484.0,629454
5103,5101,5102,295.0,151238140,484.0,629454,475.0,66683
5104,5102,5103,484.0,167090894,475.0,66683,472.0,470295
5105,5103,5104,475.0,30334339,472.0,470295,454.0,29101
5106,5104,5105,472.0,142356565,454.0,29101,454.0,99427
5107,5105,5106,454.0,30296757,454.0,99427,433.0,464850
5108,5106,5107,454.0,30396184,433.0,464850,417.0,89159
5109,5107,5108,433.0,142640460,417.0,89159,396.0,495615
5110,5108,5109,417.0,30356815,396.0,495615,360.0,22438
5111,5109,5110,396.0,142477475,360.0,22438,319.0,23711
5112,5110,5111,360.0,153801658,319.0,23711,366.0,24124
5113,5111,5112,319.0,92295779,366.0,24124,360.0,118531
5114,5112,5113,366.0,31296892,360.0,118531,321.0,23712
5115,5113,5114,360.0,154157626,321.0,23712,366.0,24127
5116,5114,5115,321.0,92366970,366.0,24127,360.0,118546
5117,5115,5116,366.0,31369215,360.0,118546,319.0,23714
5118,5116,5117,360.0,154513591,319.0,23714,365.0,23315
5119,5117,5118,319.0,92438162,365.0,23315,360.0,118564
5120,5118,5119,365.0,30458929,360.0,118564,321.0,23715
5121,5119,5120,360.0,154869559,321.0,23715,343.0,22881
5122,5120,5121,321.0,92509353,343.0,22881,338.0,117872
5123,5121,5122,343.0,30290537,338.0,117872,321.0,23577
5124,5122,5123,338.0,154013327,321.0,23577,344.0,23965
5125,5123,5124,321.0,92580153,344.0,23965,319.0,23615
5126,5124,5125,344.0,31339613,319.0,23615,343.0,23246
5127,5125,5126,319.0,92627378,343.0,23246,338.0,118087
5128,5126,5127,343.0,30406718,338.0,118087,321.0,23598
5129,5127,5128,338.0,154603537,321.0,23598,343.0,23202
5130,5128,5129,321.0,92698173,343.0,23202,338.0,117915
5131,5129,5130,343.0,30476362,338.0,117915,321.0,23440
5132,5130,5131,338.0,154957425,321.0,23440,317.0,23779
5133,5131,5132,321.0,92768827,317.0,23779,311.0,116929
5134,5132,5133,317.0,31285091,311.0,116929,321.0,23402
5135,5133,5134,311.0,154098064,321.0,23402,316.0,23033
5136,5134,5135,321.0,92839097,316.0,23033,311.0,117180
5137,5135,5136,316.0,30376559,311.0,117180,321.0,23427
5138,5136,5137,311.0,154449540,321.0,23427,319.0,23396
5139,5137,5138,321.0,92909367,319.0,23396,317.0,23800
5140,5138,5139,319.0,92932763,317.0,23800,311.0,117025
5141,5139,5140,317.0,31451640,311.0,117025,295.0,751431
5142,5140,5141,311.0,154917790,295.0,751431,484.0,278304
5143,5141,5142,295.0,152089711,484.0,278304,472.0,230087
5144,5142,5143,484.0,168050464,472.0,230087,475.0,100536
5145,5143,5144,472.0,142919367,475.0,100536,433.0,54751
5146,5144,5145,475.0,30655748,433.0,54751,454.0,99432
5147,5145,5146,433.0,142744031,454.0,99432,454.0,99427
5148,5146,5147,454.0,30617258,454.0,99427,417.0,71962
5149,5147,5148,454.0,30716685,417.0,71962,417.0,99126
5150,5148,5149,417.0,30577946,417.0,99126,321.0,390
5151,5149,5150,417.0,30677072,321.0,390,366.0,24101
5152,5150,5151,321.0,92994438,366.0,24101,319.0,23750
5153,5151,5152,366.0,31514597,319.0,23750,319.0,23703
5154,5152,5153,319.0,93041927,319.0,23703,366.0,24104
5155,5153,5154,319.0,93065630,366.0,24104,321.0,23751
5156,5154,5155,366.0,31586920,321.0,23751,321.0,23703
5157,5155,5156,321.0,93113118,321.0,23703,366.0,24107
5158,5156,5157,321.0,93136821,366.0,24107,360.0,118450
5159,5157,5158,366.0,31659243,360.0,118450,319.0,23705
5160,5158,5159,360.0,155941075,319.0,23705,366.0,24111
5161,5159,5160,319.0,93208013,366.0,24111,344.0,19508
5162,5160,5161,366.0,31731567,344.0,19508,321.0,23625
5163,5161,5162,344.0,31509556,321.0,23625,320.0,23571
5164,5162,5163,321.0,93278997,320.0,23571,344.0,23951
5165,5163,5164,320.0,93302568,344.0,23951,319.0,23609
5166,5164,5165,344.0,31581455,319.0,23609,343.0,23230
5167,5165,5166,319.0,93349793,343.0,23230,338.0,118025
5168,5166,5167,343.0,30641000,338.0,118025,321.0,23592
5169,5167,5168,338.0,155793860,321.0,23592,344.0,23998
5170,5168,5169,321.0,93420588,344.0,23998,338.0,117851
5171,5169,5170,344.0,31701374,338.0,117851,311.0,64346
5172,5170,5171,338.0,156147746,311.0,64346,321.0,23404
5173,5171,5172,311.0,155054426,321.0,23404,316.0,23038
5174,5172,5173,321.0,93514711,316.0,23038,317.0,23748
5175,5173,5174,316.0,30564796,317.0,23748,320.0,23429
5176,5174,5175,317.0,31574532,320.0,23429,321.0,23396
5177,5175,5176,320.0,93584981,321.0,23396,317.0,23803
5178,5176,5177,321.0,93608376,317.0,23803,311.0,117038
5179,5177,5178,317.0,31645947,311.0,117038,320.0,23413
5180,5178,5179,311.0,155874143,320.0,23413,316.0,23061
5181,5179,5180,320.0,93678646,316.0,23061,295.0,411347
5182,5180,5181,316.0,30726143,295.0,411347,488.0,247333
5183,5181,5182,295.0,152941267,488.0,247333,475.0,31765
5184,5182,5183,488.0,34063909,475.0,31765,472.0,470209
5185,5183,5184,475.0,30776077,472.0,470209,475.0,100536
5186,5184,5185,472.0,144422729,475.0,100536,454.0,94000
5187,5185,5186,475.0,30977156,454.0,94000,433.0,464896
5188,5186,5187,454.0,30838312,433.0,464896,396.0,235121
5189,5187,5188,433.0,144708516,396.0,235121,396.0,495592
5190,5188,5189,396.0,144039161,396.0,495592,381.0,117251
5191,5189,5190,396.0,144534753,381.0,117251,319.0,20022
5192,5190,5191,381.0,30861563,319.0,20022,319.0,23703
5193,5191,5192,319.0,93740586,319.0,23703,366.0,24080
5194,5192,5193,319.0,93764289,366.0,24080,319.0,23741
5195,5193,5194,366.0,31804624,319.0,23741,319.0,23703
5196,5194,5195,319.0,93811778,319.0,23703,366.0,24084
5197,5195,5196,319.0,93835481,366.0,24084,321.0,23742
5198,5196,5197,366.0,31876948,321.0,23742,321.0,23703
5199,5197,5198,321.0,93882969,321.0,23703,366.0,24087
5200,5198,5199,321.0,93906672,366.0,24087,319.0,23744
5201,5199,5200,366.0,31949271,319.0,23744,344.0,15332
5202,5200,5201,319.0,93954161,344.0,15332,319.0,23618
5203,5201,5202,344.0,31751396,319.0,23618,319.0,23571
5204,5202,5203,319.0,94001411,319.0,23571,338.0,118118
5205,5203,5204,319.0,94024982,338.0,118118,321.0,23601
5206,5204,5205,338.0,156630278,321.0,23601,343.0,23210
5207,5205,5206,321.0,94072206,343.0,23210,338.0,117947
5208,5206,5207,343.0,30875278,338.0,117947,319.0,23585
5209,5207,5208,338.0,156984167,319.0,23585,344.0,23982
5210,5208,5209,319.0,94143002,344.0,23982,321.0,23622
5211,5209,5210,344.0,31943214,321.0,23622,316.0,8720
5212,5210,5211,321.0,94190226,316.0,8720,317.0,23752
5213,5211,5212,316.0,30753032,317.0,23752,319.0,23431
5214,5212,5213,317.0,31768840,319.0,23431,321.0,23396
5215,5213,5214,319.0,94260595,321.0,23396,317.0,23808
5216,5214,5215,321.0,94283990,317.0,23808,311.0,117061
5217,5215,5216,317.0,31840256,311.0,117061,321.0,23415
5218,5216,5217,311.0,156830506,321.0,23415,319.0,23396
5219,5217,5218,321.0,94354260,319.0,23396,317.0,23774
5220,5218,5219,319.0,94377656,317.0,23774,311.0,116907
5221,5219,5220,317.0,31935390,311.0,116907,295.0,71326
5222,5220,5221,311.0,157298757,295.0,71326,488.0,175958
5223,5221,5222,295.0,153792886,488.0,175958,472.0,66756
5224,5222,5223,488.0,34254678,472.0,66756,475.0,100527
5225,5223,5224,472.0,144985556,475.0,100527,472.0,470238
5226,5224,5225,475.0,31097489,472.0,470238,454.0,76750
5227,5225,5226,472.0,145926118,454.0,76750,454.0,99427
5228,5226,5227,454.0,31059390,454.0,99427,417.0,37531
5229,5227,5228,454.0,31158817,417.0,37531,417.0,99126
5230,5228,5229,417.0,31020171,417.0,99126,417.0,99352
5231,5229,5230,417.0,31119297,417.0,99352,365.0,15669
5232,5230,5231,417.0,31218649,365.0,15669,360.0,118732
5233,5231,5232,365.0,30998309,360.0,118732,321.0,23731
5234,5232,5233,360.0,157609912,321.0,23731,365.0,23361
5235,5233,5234,321.0,94510438,365.0,23361,360.0,118748
5236,5234,5235,365.0,31068373,360.0,118748,319.0,23733
5237,5235,5236,360.0,157965878,319.0,23733,365.0,23365
5238,5236,5237,319.0,94581630,365.0,23365,366.0,24066
5239,5237,5238,365.0,31138437,366.0,24066,321.0,23734
5240,5238,5239,366.0,32166978,321.0,23734,365.0,23369
5241,5239,5240,321.0,94652821,365.0,23369,344.0,11158
5242,5240,5241,365.0,31208501,344.0,11158,319.0,23612
5243,5241,5242,344.0,31993238,319.0,23612,343.0,23238
5244,5242,5243,319.0,94723826,343.0,23238,338.0,118056
5245,5243,5244,343.0,31039916,338.0,118056,321.0,23595
5246,5244,5245,338.0,157820601,321.0,23595,343.0,23194
5247,5245,5246,321.0,94794621,343.0,23194,338.0,117884
5248,5246,5247,343.0,31109560,338.0,117884,319.0,23579
5249,5247,5248,338.0,158174489,319.0,23579,344.0,23968
5250,5248,5249,319.0,94865417,344.0,23968,321.0,23616
5251,5249,5250,344.0,32185056,321.0,23616,321.0,23568
5252,5250,5251,321.0,94912641,321.0,23568,319.0,23396
5253,5251,5252,321.0,94936209,319.0,23396,316.0,23008
5254,5252,5253,319.0,94959605,316.0,23008,311.0,117085
5255,5253,5254,316.0,31033424,311.0,117085,319.0,23418
5256,5254,5255,311.0,157786870,319.0,23418,321.0,23396
5257,5255,5256,319.0,95029875,321.0,23396,317.0,23779
5258,5256,5257,321.0,95053270,317.0,23779,311.0,116929
5259,5257,5258,317.0,32129699,311.0,116929,321.0,23402
5260,5258,5259,311.0,158255119,321.0,23402,316.0,23033
5261,5259,5260,321.0,95123540,316.0,23033,311.0,117180
5262,5260,5261,316.0,31194773,311.0,117180,488.0,104579
5263,5261,5262,311.0,158606595,488.0,104579,484.0,1247294
5264,5262,5263,488.0,34445443,484.0,1247294,472.0,455377
5265,5263,5264,484.0,172951614,472.0,455377,475.0,100530
5266,5264,5265,472.0,146488937,475.0,100530,454.0,59478
5267,5265,5266,475.0,31418900,454.0,59478,433.0,464987
5268,5266,5267,454.0,31280446,433.0,464987,417.0,20336
5269,5267,5268,433.0,146776617,417.0,20336,417.0,99126
5270,5268,5269,417.0,31241304,417.0,99126,417.0,99126
5271,5269,5270,417.0,31340430,417.0,99126,360.0,58778
5272,5270,5271,417.0,31439556,360.0,58778,321.0,23721
5273,5271,5272,360.0,158681438,321.0,23721,365.0,23335
5274,5272,5273,321.0,95209098,365.0,23335,360.0,118644
5275,5273,5274,365.0,31279271,360.0,118644,319.0,23723
5276,5274,5275,360.0,159037404,319.0,23723,365.0,23339
5277,5275,5276,319.0,95280290,365.0,23339,360.0,118660
5278,5276,5277,365.0,31349335,360.0,118660,321.0,23724
5279,5277,5278,360.0,159393370,321.0,23724,365.0,23343
5280,5278,5279,321.0,95351481,365.0,23343,360.0,118676
5281,5279,5280,365.0,31419399,360.0,118676,344.0,6984
5282,5280,5281,360.0,159749336,344.0,6984,321.0,23605
5283,5281,5282,344.0,32235080,321.0,23605,343.0,23220
5284,5282,5283,321.0,95446240,343.0,23220,338.0,117986
5285,5283,5284,343.0,31274196,338.0,117986,321.0,23588
5286,5284,5285,338.0,159010916,321.0,23588,344.0,23990
5287,5285,5286,321.0,95517035,344.0,23990,338.0,117814
5288,5286,5287,344.0,32354998,338.0,117814,319.0,23572
5289,5287,5288,338.0,159364804,319.0,23572,344.0,23953
5290,5288,5289,319.0,95587831,344.0,23953,319.0,23610
5291,5289,5290,344.0,32426897,319.0,23610,316.0,692
5292,5290,5291,319.0,95635056,316.0,692,311.0,117100
5293,5291,5292,316.0,31221660,311.0,117100,321.0,23419
5294,5292,5293,311.0,158743225,321.0,23419,319.0,23396
5295,5293,5294,321.0,95705488,319.0,23396,317.0,23782
5296,5294,5295,319.0,95728884,317.0,23782,311.0,116943
5297,5295,5296,317.0,32324006,311.0,116943,319.0,23404
5298,5296,5297,311.0,159211473,319.0,23404,316.0,23037
5299,5297,5298,319.0,95799154,316.0,23037,317.0,23748
5300,5298,5299,316.0,31383009,317.0,23748,320.0,23429
5301,5299,5300,317.0,32419140,320.0,23429,321.0,23396
5302,5300,5301,320.0,95869424,321.0,23396,488.0,33196
5303,5301,5302,321.0,95892819,488.0,33196,484.0,896153
5304,5302,5303,488.0,34636204,484.0,896153,475.0,79935
5305,5303,5304,484.0,173911193,475.0,79935,472.0,470181
5306,5304,5305,475.0,31539231,472.0,470181,443.0,3130
5307,5305,5306,472.0,147992311,443.0,3130,454.0,99430
5308,5306,5307,443.0,2540170,454.0,99430,417.0,2931
5309,5307,5308,454.0,31600948,417.0,2931,396.0,472648
5310,5308,5309,417.0,31462227,396.0,472648,396.0,495592
5311,5309,5310,396.0,147620968,396.0,495592,319.0,7646
5312,5310,5311,396.0,148116560,319.0,7646,366.0,24124
5313,5311,5312,319.0,95907758,366.0,24124,360.0,118531
5314,5312,5313,366.0,32506044,360.0,118531,321.0,23712
5315,5313,5314,360.0,160108921,321.0,23712,366.0,24127
5316,5314,5315,321.0,95978949,366.0,24127,360.0,118546
5317,5315,5316,366.0,32578367,360.0,118546,319.0,23714
5318,5316,5317,360.0,160464886,319.0,23714,365.0,23315
5319,5317,5318,319.0,96050141,365.0,23315,360.0,118564
5320,5318,5319,365.0,31630295,360.0,118564,321.0,23715
5321,5319,5320,360.0,160820854,321.0,23715,338.0,13823
5322,5320,5321,321.0,96121332,338.0,13823,321.0,23598
5323,5321,5322,338.0,159847343,321.0,23598,343.0,23202
5324,5322,5323,321.0,96168654,343.0,23202,338.0,117915
5325,5323,5324,343.0,31508476,338.0,117915,319.0,23582
5326,5324,5325,338.0,160201230,319.0,23582,344.0,23975
5327,5325,5326,319.0,96239450,344.0,23975,321.0,23619
5328,5326,5327,344.0,32596839,321.0,23619,320.0,23571
5329,5327,5328,321.0,96286674,320.0,23571,344.0,23937
5330,5328,5329,320.0,96310245,344.0,23937,321.0,23602
5331,5329,5330,344.0,32668737,321.0,23602,343.0,23212
5332,5330,5331,321.0,96357469,343.0,23212,319.0,23443
5333,5331,5332,343.0,31694300,319.0,23443,317.0,23785
5334,5332,5333,319.0,96404497,317.0,23785,311.0,116957
5335,5333,5334,317.0,32518313,311.0,116957,320.0,23405
5336,5334,5335,311.0,160167827,320.0,23405,316.0,23040
5337,5335,5336,320.0,96474767,316.0,23040,317.0,23750
5338,5336,5337,316.0,31571244,317.0,23750,319.0,23430
5339,5337,5338,317.0,32613446,319.0,23430,321.0,23396
5340,5338,5339,319.0,96545037,321.0,23396,317.0,23806
5341,5339,5340,321.0,96568432,317.0,23806,311.0,117052
5342,5340,5341,317.0,32684862,311.0,117052,295.0,1009702
5343,5341,5342,311.0,160987552,295.0,1009702,484.0,544991
5344,5342,5343,295.0,158306182,484.0,544991,475.0,62496
5345,5343,5344,484.0,174870751,475.0,62496,475.0,100518
5346,5344,5345,475.0,31760120,475.0,100518,454.0,24950
5347,5345,5346,475.0,31860638,454.0,24950,454.0,99427
5348,5346,5347,454.0,31722574,454.0,99427,433.0,464873
5349,5347,5348,454.0,31822001,433.0,464873,417.0,85027
5350,5348,5349,433.0,149309513,417.0,85027,417.0,99126
5351,5349,5350,417.0,31782651,417.0,99126,366.0,3620
5352,5350,5351,417.0,31881777,366.0,3620,319.0,23750
5353,5351,5352,366.0,32723748,319.0,23750,319.0,23703
5354,5352,5353,319.0,96653906,319.0,23703,366.0,24104
5355,5353,5354,319.0,96677609,366.0,24104,321.0,23751
5356,5354,5355,366.0,32796072,321.0,23751,321.0,23703
5357,5355,5356,321.0,96725097,321.0,23703,366.0,24107
5358,5356,5357,321.0,96748800,366.0,24107,360.0,118450
5359,5357,5358,366.0,32868395,360.0,118450,319.0,23705
5360,5358,5359,360.0,161892370,319.0,23705,366.0,24111
5361,5359,5360,319.0,96819992,366.0,24111,360.0,118470
5362,5360,5361,366.0,32940719,360.0,118470,319.0,23592
5363,5361,5362,360.0,162248340,319.0,23592,344.0,23997
5364,5362,5363,319.0,96891069,344.0,23997,338.0,117846
5365,5363,5364,344.0,32766781,338.0,117846,319.0,23575
5366,5364,5365,338.0,161391546,319.0,23575,344.0,23960
5367,5365,5366,319.0,96961864,344.0,23960,319.0,23613
5368,5366,5367,344.0,32838680,319.0,23613,343.0,23240
5369,5367,5368,319.0,97009089,343.0,23240,338.0,118064
5370,5368,5369,343.0,31858938,338.0,118064,319.0,23596
5371,5369,5370,338.0,161981759,319.0,23596,343.0,23195
5372,5370,5371,319.0,97079884,343.0,23195,311.0,79801
5373,5371,5372,343.0,31928581,311.0,79801,321.0,23406
5374,5372,5373,311.0,161124181,321.0,23406,316.0,23044
5375,5373,5374,321.0,97150380,316.0,23044,317.0,23753
5376,5374,5375,316.0,31759480,317.0,23753,321.0,23431
5377,5375,5376,317.0,32807753,321.0,23431,319.0,23396
5378,5376,5377,321.0,97220650,319.0,23396,316.0,23003
5379,5377,5378,319.0,97244046,316.0,23003,311.0,117066
5380,5378,5379,316.0,31851633,311.0,117066,319.0,23416
5381,5379,5380,311.0,161943906,319.0,23416,321.0,23396
5382,5380,5381,319.0,97314316,321.0,23396,295.0,669632
5383,5381,5382,321.0,97337711,295.0,669632,484.0,193840
5384,5382,5383,295.0,159157752,484.0,193840,475.0,45016
5385,5383,5384,484.0,175830320,475.0,45016,473.0,8108
5386,5384,5385,475.0,31980968,473.0,8108,438.0,421
5387,5385,5386,473.0,2587218,438.0,421,454.0,99436
5388,5386,5387,438.0,2575901,454.0,99436,454.0,99427
5389,5387,5388,454.0,32043076,454.0,99427,396.0,300413
5390,5388,5389,454.0,32142503,396.0,300413,417.0,99129
5391,5389,5390,396.0,149678253,417.0,99129,381.0,219253
5392,5390,5391,417.0,32102909,381.0,219253,321.0,23124
5393,5391,5392,381.0,32155205,321.0,23124,366.0,24081
5394,5392,5393,321.0,97376268,366.0,24081,319.0,23741
5395,5393,5394,366.0,33013777,319.0,23741,319.0,23703
5396,5394,5395,319.0,97423757,319.0,23703,366.0,24084
5397,5395,5396,319.0,97447460,366.0,24084,321.0,23742
5398,5396,5397,366.0,33086100,321.0,23742,321.0,23703
5399,5397,5398,321.0,97494948,321.0,23703,366.0,24087
5400,5398,5399,321.0,97518651,366.0,24087,319.0,23744
5401,5399,5400,366.0,33158423,319.0,23744,319.0,23703
5402,5400,5401,319.0,97566140,319.0,23703,319.0,23640
5403,5401,5402,319.0,97589843,319.0,23640,344.0,23982
5404,5402,5403,319.0,97613483,344.0,23982,321.0,23622
5405,5403,5404,344.0,33008622,321.0,23622,320.0,23571
5406,5404,5405,321.0,97660707,320.0,23571,344.0,23944
5407,5405,5406,320.0,97684278,344.0,23944,321.0,23605
5408,5406,5407,344.0,33080520,321.0,23605,343.0,23220
5409,5407,5408,321.0,97731502,343.0,23220,338.0,117986
5410,5408,5409,343.0,32093216,338.0,117986,321.0,23588
5411,5409,5410,338.0,163172066,321.0,23588,344.0,23990
5412,5410,5411,321.0,97802297,344.0,23990,316.0,11764
5413,5411,5412,344.0,33200438,316.0,11764,317.0,23757
5414,5412,5413,316.0,31947716,317.0,23757,321.0,23433
5415,5413,5414,317.0,33002061,321.0,23433,319.0,23396
5416,5414,5415,321.0,97896264,319.0,23396,316.0,23008
5417,5415,5416,319.0,97919660,316.0,23008,311.0,117085
5418,5416,5417,316.0,32039870,311.0,117085,319.0,23418
5419,5417,5418,311.0,162900265,319.0,23418,321.0,23396
5420,5418,5419,319.0,97989930,321.0,23396,317.0,23779
5421,5419,5420,321.0,98013325,317.0,23779,311.0,116929
5422,5420,5421,317.0,33168611,311.0,116929,295.0,329579
5423,5421,5422,311.0,163368514,295.0,329579,488.0,230168
5424,5422,5423,295.0,160009339,488.0,230168,475.0,27580
5425,5423,5424,488.0,35619608,475.0,27580,475.0,100518
5426,5424,5425,475.0,32201860,475.0,100518,472.0,470102
5427,5425,5426,475.0,32302378,472.0,470102,454.0,89851
5428,5426,5427,472.0,151561842,454.0,89851,433.0,464934
5429,5427,5428,454.0,32264131,433.0,464934,417.0,50595
5430,5428,5429,433.0,151377584,417.0,50595,396.0,495615
5431,5429,5430,417.0,32224875,396.0,495615,381.0,84959
5432,5430,5431,396.0,151202735,381.0,84959,360.0,95098
5433,5431,5432,381.0,32259239,360.0,95098,321.0,23730
5434,5432,5433,360.0,163561198,321.0,23730,365.0,23359
5435,5433,5434,321.0,98122416,365.0,23359,360.0,118740
5436,5434,5435,365.0,32239737,360.0,118740,319.0,23732
5437,5435,5436,360.0,163917165,319.0,23732,365.0,23363
5438,5436,5437,319.0,98193608,365.0,23363,366.0,24065
5439,5437,5438,365.0,32309801,366.0,24065,319.0,23734
5440,5438,5439,366.0,33376129,319.0,23734,365.0,23368
5441,5439,5440,319.0,98264800,365.0,23368,366.0,24069
5442,5440,5441,365.0,32379866,366.0,24069,321.0,23641
5443,5441,5442,366.0,33448453,321.0,23641,344.0,23967
5444,5442,5443,321.0,98335897,344.0,23967,319.0,23616
5445,5443,5444,344.0,33250463,319.0,23616,343.0,23248
5446,5444,5445,319.0,98383122,343.0,23248,338.0,118095
5447,5445,5446,343.0,32257854,338.0,118095,319.0,23599
5448,5446,5447,338.0,164008500,319.0,23599,343.0,23203
5449,5447,5448,319.0,98453917,343.0,23203,338.0,117919
5450,5448,5449,343.0,32327497,338.0,117919,319.0,23582
5451,5449,5450,338.0,164362384,319.0,23582,344.0,23975
5452,5450,5451,319.0,98524712,344.0,23975,319.0,23561
5453,5451,5452,344.0,33442279,319.0,23561,321.0,23396
5454,5452,5453,319.0,98571878,321.0,23396,316.0,23012
5455,5453,5454,321.0,98595273,316.0,23012,311.0,117100
5456,5454,5455,316.0,32228106,311.0,117100,321.0,23419
5457,5455,5456,311.0,163856620,321.0,23419,319.0,23396
5458,5456,5457,321.0,98665543,319.0,23396,317.0,23782
5459,5457,5458,319.0,98688939,317.0,23782,311.0,116943
5460,5458,5459,317.0,33362918,311.0,116943,319.0,23404
5461,5459,5460,311.0,164324868,319.0,23404,316.0,23037
5462,5460,5461,319.0,98759209,316.0,23037,317.0,23748
5463,5461,5462,316.0,32389455,317.0,23748,488.0,158787
5464,5462,5463,317.0,33458052,488.0,158787,472.0,47242
5465,5463,5464,488.0,35810371,472.0,47242,475.0,100556
5466,5464,5465,472.0,151654602,475.0,100556,475.0,100518
5467,5465,5466,475.0,32523270,475.0,100518,454.0,72599
5468,5466,5467,475.0,32623788,454.0,72599,454.0,99427
5469,5467,5468,454.0,32485207,454.0,99427,417.0,33400
5470,5468,5469,454.0,32584634,417.0,33400,417.0,99126
5471,5469,5470,417.0,32446008,417.0,99126,406.0,5011
5472,5470,5471,417.0,32545134,406.0,5011,319.0,14901
5473,5471,5472,406.0,2618931,319.0,14901,365.0,23333
5474,5472,5473,319.0,98821077,365.0,23333,360.0,118636
5475,5473,5474,365.0,32450635,360.0,118636,321.0,23722
5476,5474,5475,360.0,164988691,321.0,23722,365.0,23337
5477,5475,5476,321.0,98892268,365.0,23337,360.0,118652
5478,5476,5477,365.0,32520699,360.0,118652,319.0,23724
5479,5477,5478,360.0,165344657,319.0,23724,365.0,23341
5480,5478,5479,319.0,98963460,365.0,23341,360.0,118668
5481,5479,5480,365.0,32590763,360.0,118668,321.0,23725
5482,5480,5481,360.0,165700623,321.0,23725,319.0,23661
5483,5481,5482,321.0,99034651,319.0,23661,344.0,23953
5484,5482,5483,319.0,99058312,344.0,23953,319.0,23610
5485,5483,5484,344.0,33492305,319.0,23610,343.0,23232
5486,5484,5485,319.0,99105537,343.0,23232,338.0,118032
5487,5485,5486,343.0,32492136,338.0,118032,319.0,23593
5488,5486,5487,338.0,165198822,319.0,23593,344.0,24000
5489,5487,5488,319.0,99176332,344.0,24000,338.0,117860
5490,5488,5489,344.0,33612224,338.0,117860,321.0,23576
5491,5489,5490,338.0,165552710,321.0,23576,344.0,23963
5492,5490,5491,321.0,99247127,344.0,23963,316.0,3737
5493,5491,5492,344.0,33684123,316.0,3737,311.0,117126
5494,5492,5493,316.0,32416345,311.0,117126,319.0,23422
5495,5493,5494,311.0,164812986,319.0,23422,321.0,23396
5496,5494,5495,319.0,99341158,321.0,23396,317.0,23788
5497,5495,5496,321.0,99364553,317.0,23788,311.0,116970
5498,5496,5497,317.0,33557228,311.0,116970,321.0,23406
5499,5497,5498,311.0,165281235,321.0,23406,316.0,23044
5500,5498,5499,321.0,99434823,316.0,23044,317.0,23753
5501,5499,5500,316.0,32577694,317.0,23753,321.0,23431
5502,5500,5501,317.0,33652361,321.0,23431,319.0,23396
5503,5501,5502,321.0,99505093,319.0,23396,488.0,87409
5504,5502,5503,319.0,99528489,488.0,87409,484.0,1162833
5505,5503,5504,488.0,36001137,484.0,1162833,472.0,435866
5506,5504,5505,484.0,180731473,472.0,435866,475.0,100560
5507,5505,5506,472.0,153157986,475.0,100560,454.0,55328
5508,5506,5507,475.0,32844682,454.0,55328,454.0,99427
5509,5507,5508,454.0,32706264,454.0,99427,396.0,42342
5510,5508,5509,454.0,32805691,396.0,42342,396.0,495592
5511,5509,5510,396.0,152764462,396.0,495592,417.0,99137
5512,5510,5511,396.0,153260054,417.0,99137,366.0,11005
5513,5511,5512,417.0,32865393,366.0,11005,360.0,118536
5514,5512,5513,366.0,33715197,360.0,118536,319.0,23713
5515,5513,5514,360.0,166060221,319.0,23713,318.0,377
5516,5514,5515,319.0,99590929,318.0,377,360.0,118551
5517,5515,5516,318.0,1581186,360.0,118551,321.0,23714
5518,5516,5517,360.0,166416186,321.0,23714,365.0,23316
5519,5517,5518,321.0,99662120,365.0,23316,360.0,118568
5520,5518,5519,365.0,32801662,360.0,118568,319.0,23716
5521,5519,5520,360.0,166772153,319.0,23716,365.0,23320
5522,5520,5521,319.0,99733312,365.0,23320,319.0,23692
5523,5521,5522,365.0,32871726,319.0,23692,344.0,23939
5524,5522,5523,319.0,99780727,344.0,23939,321.0,23603
5525,5523,5524,344.0,33734147,321.0,23603,343.0,23215
5526,5524,5525,321.0,99827951,343.0,23215,338.0,117966
5527,5525,5526,343.0,32726417,338.0,117966,321.0,23586
5528,5526,5527,338.0,166389141,321.0,23586,344.0,23985
5529,5527,5528,321.0,99898746,344.0,23985,319.0,23624
5530,5528,5529,344.0,33854065,319.0,23624,319.0,23571
5531,5529,5530,319.0,99945971,319.0,23571,344.0,23948
5532,5530,5531,319.0,99969542,344.0,23948,321.0,23607
5533,5531,5532,344.0,33925964,321.0,23607,314.0,22763
5534,5532,5533,321.0,100016766,314.0,22763,317.0,23791
5535,5533,5534,314.0,32673699,317.0,23791,311.0,116984
5536,5534,5535,317.0,33751535,311.0,116984,319.0,23408
5537,5535,5536,311.0,166237589,319.0,23408,316.0,23048
5538,5536,5537,319.0,100110437,316.0,23048,317.0,23757
5539,5537,5538,316.0,32765930,317.0,23757,321.0,23433
5540,5538,5539,317.0,33846669,321.0,23433,319.0,23396
5541,5539,5540,321.0,100180707,319.0,23396,316.0,23008
5542,5540,5541,319.0,100204103,316.0,23008,311.0,117085
5543,5541,5542,316.0,32858084,311.0,117085,488.0,16028
5544,5542,5543,311.0,167057320,488.0,16028,484.0,811702
5545,5543,5544,488.0,36191900,484.0,811702,475.0,75749
5546,5544,5545,484.0,181691062,475.0,75749,475.0,100518
5547,5545,5546,475.0,32965013,475.0,100518,433.0,178313
5548,5546,5547,475.0,33065531,433.0,178313,454.0,99435
5549,5547,5548,433.0,154015193,454.0,99435,454.0,99427
5550,5548,5549,454.0,33026767,454.0,99427,417.0,98096
5551,5549,5550,454.0,33126194,417.0,98096,396.0,495684
5552,5550,5551,417.0,32987360,396.0,495684,319.0,6678
5553,5551,5552,396.0,154784544,319.0,6678,319.0,23703
5554,5552,5553,319.0,100265886,319.0,23703,366.0,24106
5555,5553,5554,319.0,100289589,366.0,24106,360.0,118446
5556,5554,5555,366.0,34005226,360.0,118446,321.0,23704
5557,5555,5556,360.0,167487711,321.0,23704,366.0,24109
5558,5556,5557,321.0,100360780,366.0,24109,360.0,118460
5559,5557,5558,366.0,34077549,360.0,118460,319.0,23706
5560,5558,5559,360.0,167843675,319.0,23706,366.0,24113
5561,5559,5560,319.0,100431972,366.0,24113,360.0,118479
5562,5560,5561,366.0,34149873,360.0,118479,343.0,1790
5563,5561,5562,360.0,168199644,343.0,1790,338.0,118071
5564,5562,5563,343.0,32891054,338.0,118071,319.0,23597
5565,5563,5564,338.0,167225571,319.0,23597,343.0,23198
5566,5564,5565,319.0,100550366,343.0,23198,338.0,117900
5567,5565,5566,343.0,32960698,338.0,117900,341.0,23205
5568,5566,5567,338.0,167579460,341.0,23205,344.0,23971
5569,5567,5568,341.0,33007143,344.0,23971,319.0,23618
5570,5568,5569,344.0,34095907,319.0,23618,319.0,23571
5571,5569,5570,319.0,100668386,319.0,23571,338.0,118118
5572,5570,5571,319.0,100691957,338.0,118118,321.0,23601
5573,5571,5572,338.0,168169673,321.0,23601,311.0,95275
5574,5572,5573,321.0,100739181,311.0,95275,321.0,23410
5575,5573,5574,311.0,167193955,321.0,23410,316.0,23054
5576,5574,5575,321.0,100786051,316.0,23054,317.0,23762
5577,5575,5576,316.0,32954168,317.0,23762,321.0,23435
5578,5576,5577,317.0,34040978,321.0,23435,319.0,23396
5579,5577,5578,321.0,100856321,319.0,23396,316.0,23013
5580,5578,5579,319.0,100879717,316.0,23013,311.0,117104
5581,5579,5580,316.0,33046321,311.0,117104,319.0,23420
5582,5580,5581,311.0,168013679,319.0,23420,321.0,23396
5583,5581,5582,319.0,100949987,321.0,23396,295.0,927950
5584,5582,5583,321.0,100973382,295.0,927950,484.0,460575
5585,5583,5584,295.0,165374270,484.0,460575,472.0,272537
5586,5584,5585,484.0,182650655,472.0,272537,475.0,100551
5587,5585,5586,472.0,155224177,475.0,100551,454.0,20804
5588,5586,5587,475.0,33286423,454.0,20804,454.0,99427
5589,5587,5588,454.0,33148396,454.0,99427,433.0,464934
5590,5588,5589,454.0,33247823,433.0,464934,417.0,80901
5591,5589,5590,433.0,155978604,417.0,80901,417.0,99126
5592,5590,5591,417.0,33208493,417.0,99126,319.0,2525
5593,5591,5592,417.0,33307619,319.0,2525,366.0,24084
5594,5592,5593,319.0,100988249,366.0,24084,321.0,23742
5595,5593,5594,366.0,34222932,321.0,23742,321.0,23703
5596,5594,5595,321.0,101035737,321.0,23703,366.0,24087
5597,5595,5596,321.0,101059440,366.0,24087,319.0,23744
5598,5596,5597,366.0,34295255,319.0,23744,319.0,23703
5599,5597,5598,319.0,101106929,319.0,23703,366.0,24091
5600,5598,5599,319.0,101130632,366.0,24091,319.0,23746
5601,5599,5600,366.0,34367579,319.0,23746,319.0,23703
5602,5600,5601,319.0,101178121,319.0,23703,366.0,24095
5603,5601,5602,319.0,101201824,366.0,24095,338.0,106355
5604,5602,5603,366.0,34439903,338.0,106355,319.0,23591
5605,5603,5604,338.0,168415895,319.0,23591,344.0,23995
5606,5604,5605,319.0,101272781,344.0,23995,338.0,117837
5607,5605,5606,344.0,34265851,338.0,117837,319.0,23574
5608,5606,5607,338.0,168769782,319.0,23574,344.0,23957
5609,5607,5608,319.0,101343576,344.0,23957,321.0,23611
5610,5608,5609,344.0,34337749,321.0,23611,343.0,23236
5611,5609,5610,321.0,101390800,343.0,23236,338.0,118048
5612,5610,5611,343.0,33311160,338.0,118048,321.0,23594
5613,5611,5612,338.0,169359988,321.0,23594,316.0,14812
5614,5612,5613,321.0,101461595,316.0,14812,317.0,23765
5615,5613,5614,316.0,33142404,317.0,23765,311.0,116866
5616,5614,5615,317.0,34235285,311.0,116866,319.0,23396
5617,5615,5616,311.0,168618556,319.0,23396,316.0,23016
5618,5616,5617,319.0,101555330,316.0,23016,311.0,117115
5619,5617,5618,316.0,33234556,311.0,117115,319.0,23421
5620,5618,5619,311.0,168970030,319.0,23421,321.0,23396
5621,5619,5620,319.0,101625600,321.0,23396,317.0,23786
5622,5620,5621,321.0,101648995,317.0,23786,311.0,116961
5623,5621,5622,317.0,34401834,311.0,116961,295.0,587868
5624,5622,5623,311.0,169438281,295.0,587868,484.0,109412
5625,5623,5624,295.0,166225828,484.0,109412,475.0,40832
5626,5624,5625,484.0,183610212,475.0,40832,472.0,470317
5627,5625,5626,475.0,33406752,472.0,470317,433.0,16859
5628,5626,5627,472.0,156727537,433.0,16859,454.0,99442
5629,5627,5628,433.0,156083259,454.0,99442,454.0,99427
5630,5628,5629,454.0,33468896,454.0,99427,396.0,279836
5631,5629,5630,454.0,33568323,396.0,279836,396.0,495592
5632,5630,5631,396.0,156346236,396.0,495592,381.0,186958
5633,5631,5632,396.0,156841828,381.0,186958,319.0,22156
5634,5632,5633,381.0,33552878,319.0,22156,365.0,23360
5635,5633,5634,319.0,101734396,365.0,23360,360.0,118744
5636,5634,5635,365.0,33411104,360.0,118744,321.0,23732
5637,5635,5636,360.0,169868464,321.0,23732,365.0,23364
5638,5636,5637,321.0,101805587,365.0,23364,366.0,24065
5639,5637,5638,365.0,33481168,366.0,24065,319.0,23734
5640,5638,5639,366.0,34585281,319.0,23734,365.0,23368
5641,5639,5640,319.0,101876779,365.0,23368,366.0,24069
5642,5640,5641,365.0,33551232,366.0,24069,319.0,23736
5643,5641,5642,366.0,34657605,319.0,23736,338.0,85798
5644,5642,5643,319.0,101947971,338.0,85798,319.0,23583
5645,5643,5644,338.0,169606198,319.0,23583,344.0,23977
5646,5644,5645,319.0,101995194,344.0,23977,321.0,23620
5647,5645,5646,344.0,34507689,321.0,23620,320.0,23571
5648,5646,5647,321.0,102042418,320.0,23571,344.0,23940
5649,5647,5648,320.0,102065989,344.0,23940,319.0,23604
5650,5648,5649,344.0,34579588,319.0,23604,343.0,23216
5651,5649,5650,319.0,102113214,343.0,23216,338.0,117970
5652,5650,5651,343.0,33545438,338.0,117970,319.0,23587
5653,5651,5652,338.0,170550295,319.0,23587,311.0,54507
5654,5652,5653,319.0,102184009,311.0,54507,320.0,23397
5655,5653,5654,311.0,169574907,320.0,23397,316.0,23019
5656,5654,5655,320.0,102230943,316.0,23019,311.0,117126
5657,5655,5656,316.0,33422791,311.0,117126,319.0,23422
5658,5656,5657,311.0,169926381,319.0,23422,321.0,23396
5659,5657,5658,319.0,102301213,321.0,23396,317.0,23788
5660,5658,5659,321.0,102324608,317.0,23788,311.0,116970
5661,5659,5660,317.0,34596140,311.0,116970,321.0,23406
5662,5660,5661,311.0,170394630,321.0,23406,316.0,23044
5663,5661,5662,321.0,102394878,316.0,23044,295.0,247782
5664,5662,5663,316.0,33584140,295.0,247782,488.0,212998
5665,5663,5664,295.0,167077382,488.0,212998,472.0,109166
5666,5664,5665,488.0,37175302,472.0,109166,475.0,100537
5667,5665,5666,472.0,157290326,475.0,100537,472.0,470309
5668,5666,5667,475.0,33728159,472.0,470309,454.0,85700
5669,5667,5668,472.0,158230889,454.0,85700,433.0,464957
5670,5668,5669,454.0,33689948,433.0,464957,417.0,46463
5671,5669,5670,433.0,158046637,417.0,46463,417.0,99126
5672,5670,5671,417.0,33650711,417.0,99126,381.0,52656
5673,5671,5672,417.0,33749837,381.0,52656,365.0,17751
5674,5672,5673,381.0,33656904,365.0,17751,360.0,118628
5675,5673,5674,365.0,33621999,360.0,118628,321.0,23721
5676,5674,5675,360.0,170939978,321.0,23721,365.0,23335
5677,5675,5676,321.0,102504246,365.0,23335,360.0,118644
5678,5676,5677,365.0,33692063,360.0,118644,319.0,23723
5679,5677,5678,360.0,171295944,319.0,23723,365.0,23339
5680,5678,5679,319.0,102575438,365.0,23339,360.0,118660
5681,5679,5680,365.0,33762127,360.0,118660,321.0,23724
5682,5680,5681,360.0,171651910,321.0,23724,365.0,23343
5683,5681,5682,321.0,102646629,365.0,23343,338.0,65243
5684,5682,5683,365.0,33832191,338.0,65243,319.0,23575
5685,5683,5684,338.0,170796503,319.0,23575,344.0,23960
5686,5684,5685,319.0,102717607,344.0,23960,319.0,23613
5687,5685,5686,344.0,34749528,319.0,23613,343.0,23240
5688,5686,5687,319.0,102764832,343.0,23240,338.0,118064
5689,5687,5688,343.0,33710072,338.0,118064,319.0,23596
5690,5688,5689,338.0,171386714,319.0,23596,343.0,23195
5691,5689,5690,319.0,102835627,343.0,23195,338.0,117888
5692,5690,5691,343.0,33779715,338.0,117888,319.0,23579
5693,5691,5692,338.0,171740598,319.0,23579,316.0,6777
5694,5692,5693,319.0,102906422,316.0,6777,311.0,117134
5695,5693,5694,316.0,33611025,311.0,117134,319.0,23423
5696,5694,5695,311.0,170882729,319.0,23423,321.0,23396
5697,5695,5696,319.0,102976826,321.0,23396,317.0,23790
5698,5696,5697,321.0,103000221,317.0,23790,311.0,116979
5699,5697,5698,317.0,34790446,311.0,116979,321.0,23407
5700,5698,5699,311.0,171350979,321.0,23407,316.0,23046
5701,5699,5700,321.0,103070491,316.0,23046,317.0,23755
5702,5700,5701,316.0,33772374,317.0,23755,321.0,23432
5703,5701,5702,317.0,34885579,321.0,23432,319.0,23396
5704,5702,5703,321.0,103140761,319.0,23396,488.0,141611
5705,5703,5704,319.0,103164157,488.0,141611,475.0,5912
5706,5704,5705,488.0,37366059,475.0,5912,472.0,470217
5707,5705,5706,475.0,33848488,472.0,470217,475.0,100537
5708,5706,5707,472.0,158793687,475.0,100537,454.0,68447
5709,5707,5708,475.0,34049567,454.0,68447,454.0,99427
5710,5708,5709,454.0,33911023,454.0,99427,396.0,107590
5711,5709,5710,454.0,34010450,396.0,107590,417.0,99128
5712,5710,5711,396.0,158403510,417.0,99128,417.0,99126
5713,5711,5712,417.0,33970968,417.0,99126,360.0,69378
5714,5712,5713,417.0,34070094,360.0,69378,363.0,23334
5715,5713,5714,360.0,172011498,363.0,23334,366.0,24124
5716,5714,5715,363.0,33879612,366.0,24124,360.0,118531
5717,5715,5716,366.0,34996668,360.0,118531,321.0,23712
5718,5716,5717,360.0,172367461,321.0,23712,366.0,24127
5719,5717,5718,321.0,103274097,366.0,24127,360.0,118546
5720,5718,5719,366.0,35068991,360.0,118546,319.0,23714
5721,5719,5720,360.0,172723426,319.0,23714,365.0,23315
5722,5720,5721,319.0,103345289,365.0,23315,360.0,118564
5723,5721,5722,365.0,34043087,360.0,118564,321.0,23685
5724,5722,5723,360.0,173079394,321.0,23685,320.0,23571
5725,5723,5724,321.0,103416450,320.0,23571,344.0,23944
5726,5724,5725,320.0,103440021,344.0,23944,321.0,23605
5727,5725,5726,344.0,34991368,321.0,23605,343.0,23220
5728,5726,5727,321.0,103487245,343.0,23220,338.0,117986
5729,5727,5728,343.0,33944350,338.0,117986,321.0,23588
5730,5728,5729,338.0,172577021,321.0,23588,344.0,23990
5731,5729,5730,321.0,103558040,344.0,23990,338.0,117814
5732,5730,5731,344.0,35111286,338.0,117814,319.0,23572
5733,5731,5732,338.0,172930909,319.0,23572,320.0,23604
5734,5732,5733,319.0,103628836,320.0,23604,321.0,23396
5735,5733,5734,320.0,103652439,321.0,23396,317.0,23792
5736,5734,5735,321.0,103675834,317.0,23792,311.0,116988
5737,5735,5736,317.0,34984752,311.0,116988,321.0,23408
5738,5736,5737,311.0,172307328,321.0,23408,316.0,23049
5739,5737,5738,321.0,103746104,316.0,23049,317.0,23758
5740,5738,5739,316.0,33960609,317.0,23758,319.0,23434
5741,5739,5740,317.0,35079886,319.0,23434,321.0,23396
5742,5740,5741,319.0,103816375,321.0,23396,316.0,23009
5743,5741,5742,321.0,103839770,316.0,23009,311.0,117089
5744,5742,5743,316.0,34052763,311.0,117089,488.0,70225
5745,5743,5744,311.0,173127059,488.0,70225,484.0,1078303
5746,5744,5745,488.0,37556817,484.0,1078303,475.0,88992
5747,5745,5746,484.0,188511263,475.0,88992,472.0,470217
5748,5746,5747,475.0,34169896,472.0,470217,454.0,51172
5749,5747,5748,472.0,160297047,454.0,51172,454.0,99427
5750,5748,5749,454.0,34132076,454.0,99427,417.0,12029
5751,5749,5750,454.0,34231503,417.0,12029,396.0,495600
5752,5750,5751,417.0,34092933,396.0,495600,396.0,495592
5753,5751,5752,396.0,159927980,396.0,495592,321.0,9777
5754,5752,5753,396.0,160423572,321.0,9777,366.0,24101
5755,5753,5754,321.0,103901565,366.0,24101,319.0,23750
5756,5754,5755,366.0,35214373,319.0,23750,319.0,23703
5757,5755,5756,319.0,103949054,319.0,23703,366.0,24104
5758,5756,5757,319.0,103972757,366.0,24104,321.0,23751
5759,5757,5758,366.0,35286696,321.0,23751,321.0,23703
5760,5758,5759,321.0,104020245,321.0,23703,366.0,24107
5761,5759,5760,321.0,104043948,366.0,24107,360.0,118450
5762,5760,5761,366.0,35359019,360.0,118450,319.0,23705
5763,5761,5762,360.0,174150910,319.0,23705,321.0,23725
5764,5762,5763,319.0,104115140,321.0,23725,343.0,23247
5765,5763,5764,321.0,104138864,343.0,23247,338.0,118091
5766,5764,5765,343.0,34108987,338.0,118091,319.0,23599
5767,5765,5766,338.0,173413451,319.0,23599,343.0,23203
5768,5766,5767,319.0,104209660,343.0,23203,338.0,117919
5769,5767,5768,343.0,34178631,338.0,117919,319.0,23582
5770,5768,5769,338.0,173767339,319.0,23582,344.0,23975
5771,5769,5770,319.0,104280455,344.0,23975,321.0,23619
5772,5770,5771,344.0,35353127,321.0,23619,320.0,23571
5773,5771,5772,321.0,104327679,320.0,23571,344.0,23937
5774,5772,5773,320.0,104351250,344.0,23937,311.0,110704
5775,5773,5774,344.0,35425025,311.0,110704,319.0,23410
5776,5774,5775,311.0,173263684,319.0,23410,316.0,23053
5777,5775,5776,319.0,104421718,316.0,23053,317.0,23761
5778,5776,5777,316.0,34148845,317.0,23761,319.0,23435
5779,5777,5778,317.0,35274193,319.0,23435,321.0,23396
5780,5778,5779,319.0,104491988,321.0,23396,316.0,23012
5781,5779,5780,321.0,104515383,316.0,23012,311.0,117100
5782,5780,5781,316.0,34240998,311.0,117100,321.0,23419
5783,5781,5782,311.0,174083410,321.0,23419,319.0,23396
5784,5782,5783,321.0,104585653,319.0,23396,295.0,1186108
5785,5783,5784,319.0,104609049,295.0,1186108,484.0,727145
5786,5784,5785,295.0,171590628,484.0,727145,472.0,334401
5787,5785,5786,484.0,189470825,472.0,334401,475.0,100524
5788,5786,5787,472.0,160859841,475.0,100524,433.0,158751
5789,5787,5788,475.0,34491304,433.0,158751,454.0,99431
5790,5788,5789,433.0,160684191,454.0,99431,454.0,99427
5791,5789,5790,454.0,34452577,454.0,99427,417.0,93957
5792,5790,5791,454.0,34552004,417.0,93957,417.0,99126
5793,5791,5792,417.0,34413189,417.0,99126,366.0,5773
5794,5792,5793,417.0,34512315,366.0,5773,321.0,23739
5795,5793,5794,366.0,35432077,321.0,23739,321.0,23703
5796,5794,5795,321.0,104647713,321.0,23703,366.0,24081
5797,5795,5796,321.0,104671416,366.0,24081,319.0,23741
5798,5796,5797,366.0,35504401,319.0,23741,319.0,23703
5799,5797,5798,319.0,104718905,319.0,23703,366.0,24084
5800,5798,5799,319.0,104742608,366.0,24084,321.0,23742
5801,5799,5800,366.0,35576724,321.0,23742,321.0,23703
5802,5800,5801,321.0,104790096,321.0,23703,366.0,24087
5803,5801,5802,321.0,104813799,366.0,24087,321.0,23734
5804,5802,5803,366.0,35649047,321.0,23734,343.0,23228
5805,5803,5804,321.0,104861278,343.0,23228,338.0,118017
5806,5804,5805,343.0,34343266,338.0,118017,321.0,23591
5807,5805,5806,338.0,174603762,321.0,23591,344.0,23996
5808,5806,5807,321.0,104932073,344.0,23996,338.0,117841
5809,5807,5808,344.0,35523068,338.0,117841,321.0,23574
5810,5808,5809,338.0,174957646,321.0,23574,344.0,23958
5811,5809,5810,321.0,105002868,344.0,23958,319.0,23612
5812,5810,5811,344.0,35594966,319.0,23612,343.0,23238
5813,5811,5812,319.0,105050093,343.0,23238,338.0,118056
5814,5812,5813,343.0,34529090,338.0,118056,316.0,17848
5815,5813,5814,338.0,175547856,316.0,17848,317.0,23763
5816,5814,5815,316.0,34337080,317.0,23763,319.0,23436
5817,5815,5816,317.0,35468499,319.0,23436,321.0,23396
5818,5816,5817,319.0,105167601,321.0,23396,316.0,23015
5819,5817,5818,321.0,105190996,316.0,23015,311.0,117111
5820,5818,5819,316.0,34429233,311.0,117111,321.0,23420
5821,5819,5820,311.0,175039761,321.0,23420,319.0,23396
5822,5820,5821,321.0,105261266,319.0,23396,317.0,23785
5823,5821,5822,319.0,105284662,317.0,23785,311.0,116957
5824,5822,5823,317.0,35635049,311.0,116957,295.0,846028
5825,5823,5824,311.0,175508012,295.0,846028,484.0,375984
5826,5824,5825,295.0,172442188,484.0,375984,475.0,54073
5827,5825,5826,484.0,190430384,475.0,54073,472.0,470124
5828,5826,5827,475.0,34611633,472.0,470124,454.0,16644
5829,5827,5828,472.0,162363204,454.0,16644,454.0,99427
5830,5828,5829,454.0,34574204,454.0,99427,433.0,464888
5831,5829,5830,454.0,34673631,433.0,464888,396.0,345059
5832,5830,5831,433.0,162647588,396.0,345059,417.0,99129
5833,5831,5832,396.0,161985259,417.0,99129,321.0,1552
5834,5832,5833,417.0,34733445,321.0,1552,365.0,23353
5835,5833,5834,321.0,105346372,365.0,23353,360.0,118716
5836,5834,5835,365.0,34582463,360.0,118716,319.0,23730
5837,5835,5836,360.0,175819731,319.0,23730,365.0,23357
5838,5836,5837,319.0,105417564,365.0,23357,360.0,118732
5839,5837,5838,365.0,34652527,360.0,118732,321.0,23731
5840,5838,5839,360.0,176175697,321.0,23731,365.0,23361
5841,5839,5840,321.0,105488755,365.0,23361,360.0,118748
5842,5840,5841,365.0,34722591,360.0,118748,319.0,23733
5843,5841,5842,360.0,176531663,319.0,23733,365.0,23365
5844,5842,5843,319.0,105559947,365.0,23365,343.0,19985
5845,5843,5844,365.0,34792655,343.0,19985,338.0,117943
5846,5844,5845,343.0,34577545,338.0,117943,321.0,23584
5847,5845,5846,338.0,175794073,321.0,23584,344.0,23981
5848,5846,5847,321.0,105654487,344.0,23981,319.0,23622
5849,5847,5848,344.0,35764909,319.0,23622,319.0,23571
5850,5848,5849,319.0,105701712,319.0,23571,344.0,23944
5851,5849,5850,319.0,105725283,344.0,23944,321.0,23605
5852,5850,5851,344.0,35836808,321.0,23605,343.0,23220
5853,5851,5852,321.0,105772507,343.0,23220,338.0,117986
5854,5852,5853,343.0,34763370,338.0,117986,311.0,69941
5855,5853,5854,338.0,176738171,311.0,69941,319.0,23397
5856,5854,5855,311.0,175644641,319.0,23397,316.0,23019
5857,5855,5856,319.0,105866610,316.0,23019,311.0,117126
5858,5856,5857,316.0,34617469,311.0,117126,319.0,23422
5859,5857,5858,311.0,175996116,319.0,23422,321.0,23396
5860,5858,5859,319.0,105936880,321.0,23396,317.0,23788
5861,5859,5860,321.0,105960275,317.0,23788,311.0,116970
5862,5860,5861,317.0,35829356,311.0,116970,321.0,23406
5863,5861,5862,311.0,176464365,321.0,23406,316.0,23044
5864,5862,5863,321.0,106030545,316.0,23044,295.0,505956
5865,5863,5864,316.0,34778818,295.0,505956,484.0,24831
5866,5864,5865,295.0,173293756,484.0,24831,475.0,36635
5867,5865,5866,484.0,191389951,475.0,36635,475.0,100518
5868,5866,5867,475.0,34832523,475.0,100518,472.0,470124
5869,5867,5868,475.0,34933041,472.0,470124,454.0,98816
5870,5868,5869,472.0,163866564,454.0,98816,454.0,99427
5871,5869,5870,454.0,34894704,454.0,99427,417.0,59521
5872,5870,5871,454.0,34994131,417.0,59521,396.0,495600
5873,5871,5872,417.0,34855409,396.0,495600,381.0,154610
5874,5872,5873,396.0,163509720,381.0,154610,360.0,105684
5875,5873,5874,381.0,34950498,360.0,105684,319.0,23719
5876,5874,5875,360.0,176891244,319.0,23719,365.0,23328
5877,5875,5876,319.0,106116223,365.0,23328,360.0,118616
5878,5876,5877,365.0,34863422,360.0,118616,321.0,23720
5879,5877,5878,360.0,177247211,321.0,23720,365.0,23332
5880,5878,5879,321.0,106187414,365.0,23332,360.0,118632
5881,5879,5880,365.0,34933486,360.0,118632,319.0,23722
5882,5880,5881,360.0,177603177,319.0,23722,365.0,23336
5883,5881,5882,319.0,106258606,365.0,23336,360.0,118648
5884,5882,5883,365.0,35003550,360.0,118648,343.0,15935
5885,5883,5884,360.0,177959143,343.0,15935,338.0,117865
5886,5884,5885,343.0,34811823,338.0,117865,319.0,23577
5887,5885,5886,338.0,176984380,319.0,23577,344.0,23964
5888,5886,5887,319.0,106376901,344.0,23964,321.0,23614
5889,5887,5888,344.0,36006748,321.0,23614,343.0,23244
5890,5888,5889,321.0,106424125,343.0,23244,338.0,118079
5891,5889,5890,343.0,34928004,338.0,118079,321.0,23597
5892,5890,5891,338.0,177574589,321.0,23597,343.0,23199
5893,5891,5892,321.0,106494920,343.0,23199,338.0,117904
5894,5892,5893,343.0,34997647,338.0,117904,316.0,9815
5895,5893,5894,338.0,177928474,316.0,9815,311.0,117134
5896,5894,5895,316.0,34805703,311.0,117134,319.0,23423
5897,5895,5896,311.0,176952464,319.0,23423,321.0,23396
5898,5896,5897,319.0,106612493,321.0,23396,317.0,23790
5899,5897,5898,321.0,106635888,317.0,23790,311.0,116979
5900,5898,5899,317.0,36023662,311.0,116979,321.0,23407
5901,5899,5900,311.0,177420714,321.0,23407,316.0,23046
5902,5900,5901,321.0,106706158,316.0,23046,317.0,23755
5903,5901,5902,316.0,34967052,317.0,23755,321.0,23432
5904,5902,5903,317.0,36118795,321.0,23432,295.0,165863
5905,5903,5904,321.0,106776428,295.0,165863,488.0,195802
5906,5904,5905,295.0,174145303,488.0,195802,472.0,89578
5907,5905,5906,488.0,38730970,472.0,89578,475.0,100556
5908,5906,5907,472.0,163959298,475.0,100556,475.0,100518
5909,5907,5908,475.0,35153930,475.0,100518,454.0,81541
5910,5908,5909,475.0,35254448,454.0,81541,433.0,464919
5911,5909,5910,454.0,35115757,433.0,464919,417.0,42324
5912,5910,5911,433.0,164715629,417.0,42324,417.0,99126
5913,5911,5912,417.0,35076540,417.0,99126,381.0,20315
5914,5912,5913,417.0,35175666,381.0,20315,321.0,17030
5915,5913,5914,381.0,35054531,321.0,17030,366.0,24118
5916,5914,5915,321.0,106814882,366.0,24118,360.0,118503
5917,5915,5916,366.0,36205814,360.0,118503,319.0,23710
5918,5916,5917,360.0,178318728,319.0,23710,366.0,24122
5919,5917,5918,319.0,106886074,366.0,24122,360.0,118522
5920,5918,5919,366.0,36278138,360.0,118522,321.0,23711
5921,5919,5920,360.0,178674697,321.0,23711,366.0,24125
5922,5920,5921,321.0,106957265,366.0,24125,360.0,118536
5923,5921,5922,366.0,36350461,360.0,118536,319.0,23713
5924,5922,5923,360.0,179030661,319.0,23713,344.0,12338
5925,5923,5924,319.0,107028457,344.0,12338,321.0,23624
5926,5924,5925,344.0,36176690,321.0,23624,320.0,23571
5927,5925,5926,321.0,107075744,320.0,23571,344.0,23949
5928,5926,5927,320.0,107099315,344.0,23949,319.0,23608
5929,5927,5928,344.0,36248589,319.0,23608,343.0,23227
5930,5928,5929,319.0,107146540,343.0,23227,338.0,118013
5931,5929,5930,343.0,35162285,338.0,118013,319.0,23591
5932,5930,5931,338.0,178764908,319.0,23591,344.0,23995
5933,5931,5932,319.0,107217335,344.0,23995,338.0,117837
5934,5932,5933,344.0,36368507,338.0,117837,319.0,23551
5935,5933,5934,338.0,179118792,319.0,23551,321.0,23396
5936,5934,5935,319.0,107288107,321.0,23396,317.0,23794
5937,5935,5936,321.0,107311502,317.0,23794,311.0,116998
5938,5936,5937,317.0,36217970,311.0,116998,321.0,23409
5939,5937,5938,311.0,178377073,321.0,23409,316.0,23052
5940,5938,5939,321.0,107381772,316.0,23052,317.0,23760
5941,5939,5940,316.0,35155290,317.0,23760,319.0,23435
5942,5940,5941,317.0,36313104,319.0,23435,321.0,23396
5943,5941,5942,319.0,107452043,321.0,23396,316.0,23012
5944,5942,5943,321.0,107475438,316.0,23012,311.0,117100
5945,5943,5944,316.0,35247444,311.0,117100,488.0,124427
5946,5944,5945,311.0,179196805,488.0,124427,475.0,1719
5947,5945,5946,488.0,38921739,475.0,1719,470.0,8106
5948,5946,5947,475.0,35274263,470.0,8106,475.0,100560
5949,5947,5948,470.0,2852801,475.0,100560,454.0,64291
5950,5948,5949,475.0,35475342,454.0,64291,454.0,99427
5951,5949,5950,454.0,35336835,454.0,99427,396.0,86953
5952,5950,5951,454.0,35436262,396.0,86953,396.0,495592
5953,5951,5952,396.0,165071433,396.0,495592,417.0,99133
5954,5952,5953,396.0,165567025,417.0,99133,366.0,13153
5955,5953,5954,417.0,35495925,366.0,13153,321.0,23748
5956,5954,5955,366.0,36423521,321.0,23748,321.0,23703
5957,5955,5956,321.0,107561031,321.0,23703,366.0,24101
5958,5956,5957,321.0,107584734,366.0,24101,319.0,23750
5959,5957,5958,366.0,36495845,319.0,23750,319.0,23703
5960,5958,5959,319.0,107632223,319.0,23703,366.0,24104
5961,5959,5960,319.0,107655926,366.0,24104,321.0,23751
5962,5960,5961,366.0,36568168,321.0,23751,321.0,23703
5963,5961,5962,321.0,107703414,321.0,23703,366.0,24107
5964,5962,5963,321.0,107727117,366.0,24107,344.0,8164
5965,5963,5964,366.0,36640491,344.0,8164,319.0,23618
5966,5964,5965,344.0,36418532,319.0,23618,319.0,23571
5967,5965,5966,319.0,107798159,319.0,23571,338.0,118118
5968,5966,5967,319.0,107821730,338.0,118118,321.0,23601
5969,5967,5968,338.0,179601338,321.0,23601,343.0,23210
5970,5968,5969,321.0,107868954,343.0,23210,338.0,117947
5971,5969,5970,343.0,35396566,338.0,117947,319.0,23585
5972,5970,5971,338.0,179955227,319.0,23585,344.0,23982
5973,5971,5972,319.0,107939750,344.0,23982,321.0,23622
5974,5972,5973,344.0,36610350,321.0,23622,317.0,1911
5975,5973,5974,321.0,107986974,317.0,1911,311.0,117020
5976,5974,5975,317.0,36412279,311.0,117020,321.0,23411
5977,5975,5976,311.0,179333435,321.0,23411,316.0,23057
5978,5976,5977,321.0,108057386,316.0,23057,317.0,23764
5979,5977,5978,316.0,35343527,317.0,23764,321.0,23436
5980,5978,5979,317.0,36507412,321.0,23436,319.0,23396
5981,5979,5980,321.0,108127656,319.0,23396,316.0,23016
5982,5980,5981,319.0,108151052,316.0,23016,311.0,117115
5983,5981,5982,316.0,35435680,311.0,117115,319.0,23421
5984,5982,5983,311.0,180153160,319.0,23421,321.0,23396
5985,5983,5984,319.0,108221322,321.0,23396,488.0,53044
5986,5984,5985,321.0,108244717,488.0,53044,484.0,993788
5987,5985,5986,488.0,39112500,484.0,993788,475.0,84801
5988,5986,5987,484.0,196291068,475.0,84801,475.0,100518
5989,5987,5988,475.0,35595673,475.0,100518,454.0,47018
5990,5988,5989,475.0,35696191,454.0,47018,454.0,99427
5991,5989,5990,454.0,35557890,454.0,99427,417.0,7894
5992,5990,5991,454.0,35657317,417.0,7894,417.0,99126
5993,5991,5992,417.0,35518766,417.0,99126,396.0,495653
5994,5992,5993,417.0,35617892,396.0,495653,321.0,8807
5995,5993,5994,396.0,167091513,321.0,8807,321.0,23703
5996,5994,5995,321.0,108259691,321.0,23703,366.0,24078
5997,5995,5996,321.0,108283394,366.0,24078,319.0,23740
5998,5996,5997,366.0,36713550,319.0,23740,319.0,23703
5999,5997,5998,319.0,108330883,319.0,23703,366.0,24082
6000,5998,5999,319.0,108354586,366.0,24082,321.0,23741
6001,5999,6000,366.0,36785874,321.0,23741,321.0,23703
6002,6000,6001,321.0,108402074,321.0,23703,366.0,24085
6003,6001,6002,321.0,108425777,366.0,24085,319.0,23743
6004,6002,6003,366.0,36858197,319.0,23743,344.0,3990
6005,6003,6004,319.0,108473266,344.0,3990,319.0,23612
6006,6004,6005,344.0,36660374,319.0,23612,343.0,23238
6007,6005,6006,319.0,108520574,343.0,23238,338.0,118056
6008,6006,6007,343.0,35561204,338.0,118056,321.0,23595
6009,6007,6008,338.0,180791661,321.0,23595,343.0,23194
6010,6008,6009,321.0,108591369,343.0,23194,338.0,117884
6011,6009,6010,343.0,35630848,338.0,117884,319.0,23579
6012,6010,6011,338.0,181145549,319.0,23579,344.0,23968
6013,6011,6012,319.0,108662165,344.0,23968,321.0,23616
6014,6012,6013,344.0,36852192,321.0,23616,343.0,23249
6015,6013,6014,321.0,108709389,343.0,23249,316.0,20893
6016,6014,6015,343.0,35747029,316.0,20893,317.0,23769
6017,6015,6016,316.0,35531765,317.0,23769,311.0,116884
6018,6016,6017,317.0,36701721,311.0,116884,319.0,23398
6019,6017,6018,311.0,180758044,319.0,23398,316.0,23021
6020,6018,6019,319.0,108826666,316.0,23021,311.0,117134
6021,6019,6020,316.0,35623917,311.0,117134,319.0,23423
6022,6020,6021,311.0,181109519,319.0,23423,321.0,23396
6023,6021,6022,319.0,108896936,321.0,23396,317.0,23790
6024,6022,6023,321.0,108920331,317.0,23790,311.0,116979
6025,6023,6024,317.0,36868270,311.0,116979,295.0,1104281
6026,6024,6025,311.0,181577769,295.0,1104281,484.0,642652
6027,6025,6026,295.0,178658641,484.0,642652,472.0,314871
6028,6026,6027,484.0,197250652,472.0,314871,475.0,100550
6029,6027,6028,472.0,167528871,475.0,100550,433.0,139226
6030,6028,6029,475.0,35917082,433.0,139226,454.0,99431
6031,6029,6030,433.0,167353226,454.0,99431,454.0,99427
6032,6030,6031,454.0,35878391,454.0,99427,417.0,89823
6033,6031,6032,454.0,35977818,417.0,89823,417.0,99126
6034,6032,6033,417.0,35839023,417.0,99126,365.0,4628
6035,6033,6034,417.0,35938149,365.0,4628,360.0,118712
6036,6034,6035,365.0,35753828,360.0,118712,321.0,23729
6037,6035,6036,360.0,181771022,321.0,23729,365.0,23356
6038,6036,6037,321.0,109029542,365.0,23356,360.0,118728
6039,6037,6038,365.0,35823892,360.0,118728,319.0,23731
6040,6038,6039,360.0,182126988,319.0,23731,365.0,23360
6041,6039,6040,319.0,109100734,365.0,23360,360.0,118744
6042,6040,6041,365.0,35893956,360.0,118744,321.0,23732
6043,6041,6042,360.0,182482954,321.0,23732,365.0,23364
6044,6042,6043,321.0,109171925,365.0,23364,366.0,24065
6045,6043,6044,365.0,35964020,366.0,24065,319.0,23605
6046,6044,6045,366.0,37148225,319.0,23605,343.0,23219
6047,6045,6046,319.0,109242988,343.0,23219,338.0,117982
6048,6046,6047,343.0,35795483,338.0,117982,319.0,23588
6049,6047,6048,338.0,181981972,319.0,23588,344.0,23989
6050,6048,6049,319.0,109313783,344.0,23989,322.0,375
6051,6049,6050,344.0,37022133,322.0,375,321.0,23571
6052,6050,6051,322.0,1735889,321.0,23571,344.0,23952
6053,6051,6052,321.0,109384578,344.0,23952,341.0,23234
6054,6052,6053,344.0,37094032,341.0,23234,343.0,23230
6055,6053,6054,341.0,35958062,343.0,23230,311.0,85398
6056,6054,6055,343.0,35981308,311.0,85398,321.0,23399
6057,6055,6056,311.0,181714398,321.0,23399,316.0,23025
6058,6056,6057,321.0,109502279,316.0,23025,311.0,117149
6059,6057,6058,316.0,35812153,311.0,117149,321.0,23424
6060,6058,6059,311.0,182065874,321.0,23424,319.0,23396
6061,6059,6060,321.0,109572549,319.0,23396,317.0,23793
6062,6060,6061,319.0,109595945,317.0,23793,311.0,116993
6063,6061,6062,317.0,37062577,311.0,116993,319.0,23409
6064,6062,6063,311.0,182534123,319.0,23409,316.0,23050
6065,6063,6064,319.0,109666215,316.0,23050,295.0,764211
6066,6064,6065,316.0,35973502,295.0,764211,484.0,291501
6067,6065,6066,295.0,179510211,484.0,291501,475.0,49884
6068,6066,6067,484.0,198210221,475.0,49884,472.0,470317
6069,6067,6068,475.0,36037412,472.0,470317,454.0,12491
6070,6068,6069,472.0,169032237,454.0,12491,454.0,99427
6071,6069,6070,454.0,36000019,454.0,99427,443.0,7813
6072,6070,6071,454.0,36099446,443.0,7813,396.0,324444
6073,6071,6072,443.0,2919023,396.0,324444,396.0,495592
6074,6072,6073,396.0,168653204,396.0,495592,360.0,2676
6075,6073,6074,396.0,169148796,360.0,2676,321.0,23718
6076,6074,6075,360.0,182842536,321.0,23718,365.0,23327
6077,6075,6076,321.0,109728201,365.0,23327,360.0,118612
6078,6076,6077,365.0,36034787,360.0,118612,319.0,23720
6079,6077,6078,360.0,183198502,319.0,23720,365.0,23331
6080,6078,6079,319.0,109799393,365.0,23331,360.0,118628
6081,6079,6080,365.0,36104851,360.0,118628,321.0,23721
6082,6080,6081,360.0,183554468,321.0,23721,365.0,23335
6083,6081,6082,321.0,109870584,365.0,23335,360.0,118644
6084,6082,6083,365.0,36174915,360.0,118644,319.0,23723
6085,6083,6084,360.0,183910434,319.0,23723,321.0,23626
6086,6084,6085,319.0,109941776,321.0,23626,343.0,23199
6087,6085,6086,321.0,109965401,343.0,23199,338.0,117904
6088,6086,6087,343.0,36029761,338.0,117904,321.0,23580
6089,6087,6088,338.0,183172279,321.0,23580,344.0,23972
6090,6088,6089,321.0,110036196,344.0,23972,319.0,23618
6091,6089,6090,344.0,37263972,319.0,23618,319.0,23571
6092,6090,6091,319.0,110083421,319.0,23571,338.0,118118
6093,6091,6092,319.0,110106992,338.0,118118,321.0,23601
6094,6092,6093,338.0,183762488,321.0,23601,343.0,23210
6095,6093,6094,321.0,110154216,343.0,23210,316.0,12859
6096,6094,6095,343.0,36215586,316.0,12859,311.0,117157
6097,6095,6096,316.0,36000387,311.0,117157,319.0,23425
6098,6096,6097,311.0,183022222,319.0,23425,321.0,23396
6099,6097,6098,319.0,110248162,321.0,23396,317.0,23794
6100,6098,6099,321.0,110271557,317.0,23794,311.0,116998
6101,6099,6100,317.0,37256882,311.0,116998,321.0,23409
6102,6100,6101,311.0,183490468,321.0,23409,316.0,23052
6103,6101,6102,321.0,110341827,316.0,23052,317.0,23760
6104,6102,6103,316.0,36161736,317.0,23760,319.0,23435
6105,6103,6104,317.0,37352016,319.0,23435,295.0,424129
6106,6104,6105,319.0,110412098,295.0,424129,488.0,250016
6107,6105,6106,295.0,180361769,488.0,250016,472.0,151510
6108,6106,6107,488.0,40095904,472.0,151510,475.0,100538
6109,6107,6108,472.0,169595030,475.0,100538,472.0,470317
6110,6108,6109,475.0,36358820,472.0,470317,454.0,94664
6111,6109,6110,472.0,170535597,454.0,94664,454.0,99427
6112,6110,6111,454.0,36320520,454.0,99427,417.0,55389
6113,6111,6112,454.0,36419947,417.0,55389,417.0,99126
6114,6112,6113,417.0,36281245,417.0,99126,381.0,122306
6115,6113,6114,417.0,36380371,381.0,122306,366.0,20534
6116,6114,6115,381.0,36348162,366.0,20534,360.0,118503
6117,6115,6116,366.0,37414966,360.0,118503,319.0,23710
6118,6116,6117,360.0,184270023,319.0,23710,366.0,24122
6119,6117,6118,319.0,110498053,366.0,24122,360.0,118522
6120,6118,6119,366.0,37487290,360.0,118522,321.0,23711
6121,6119,6120,360.0,184625992,321.0,23711,366.0,24125
6122,6120,6121,321.0,110569244,366.0,24125,360.0,118536
6123,6121,6122,366.0,37559613,360.0,118536,319.0,23713
6124,6122,6123,360.0,184981956,319.0,23713,318.0,377
6125,6123,6124,319.0,110640436,318.0,377,319.0,23654
6126,6124,6125,318.0,1756575,319.0,23654,344.0,23995
6127,6125,6126,319.0,110687816,344.0,23995,338.0,117837
6128,6126,6127,344.0,37433915,338.0,117837,319.0,23574
6129,6127,6128,338.0,184362597,319.0,23574,344.0,23957
6130,6128,6129,319.0,110758611,344.0,23957,321.0,23611
6131,6129,6130,344.0,37505813,321.0,23611,343.0,23236
6132,6130,6131,321.0,110805835,343.0,23236,338.0,118048
6133,6131,6132,343.0,36380222,338.0,118048,321.0,23594
6134,6132,6133,338.0,184952803,321.0,23594,343.0,23191
6135,6133,6134,321.0,110876630,343.0,23191,321.0,23552
6136,6134,6135,343.0,36449865,321.0,23552,319.0,23396
6137,6135,6136,321.0,110923775,319.0,23396,317.0,23798
6138,6136,6137,319.0,110947171,317.0,23798,311.0,117016
6139,6137,6138,317.0,37451190,311.0,117016,319.0,23411
6140,6138,6139,311.0,184446826,319.0,23411,316.0,23056
6141,6139,6140,319.0,111017441,316.0,23056,317.0,23763
6142,6140,6141,316.0,36349972,317.0,23763,319.0,23436
6143,6141,6142,317.0,37546323,319.0,23436,321.0,23396
6144,6142,6143,319.0,111087711,321.0,23396,316.0,23015
6145,6143,6144,321.0,111111106,316.0,23015,295.0,84054
6146,6144,6145,316.0,36442125,295.0,84054,488.0,178630
6147,6145,6146,295.0,181213334,488.0,178630,475.0,14965
6148,6146,6147,488.0,40286662,475.0,14965,472.0,470224
6149,6147,6148,475.0,36479149,472.0,470224,475.0,100538
6150,6148,6149,472.0,171098394,475.0,100538,454.0,77389
6151,6149,6150,475.0,36680228,454.0,77389,438.0,7893
6152,6150,6151,454.0,36541573,438.0,7893,417.0,38191
6153,6151,6152,438.0,2954753,417.0,38191,417.0,99126
6154,6152,6153,417.0,36502375,417.0,99126,417.0,99385
6155,6153,6154,417.0,36601501,417.0,99385,363.0,15806
6156,6154,6155,417.0,36700886,363.0,15806,363.0,23326
6157,6155,6156,363.0,36479990,363.0,23326,366.0,24097
6158,6156,6157,363.0,36503316,366.0,24097,321.0,23748
6159,6157,6158,366.0,37704993,321.0,23748,321.0,23703
6160,6158,6159,321.0,111244200,321.0,23703,366.0,24101
6161,6159,6160,321.0,111267903,366.0,24101,319.0,23750
6162,6160,6161,366.0,37777317,319.0,23750,319.0,23703
6163,6161,6162,319.0,111315392,319.0,23703,366.0,24104
6164,6162,6163,319.0,111339095,366.0,24104,321.0,23751
6165,6163,6164,366.0,37849640,321.0,23751,321.0,23646
6166,6164,6165,321.0,111386583,321.0,23646,344.0,23978
6167,6165,6166,321.0,111410229,344.0,23978,319.0,23621
6168,6166,6167,344.0,37675754,319.0,23621,319.0,23571
6169,6167,6168,319.0,111457454,319.0,23571,344.0,23942
6170,6168,6169,319.0,111481025,344.0,23942,319.0,23605
6171,6169,6170,344.0,37747654,319.0,23605,343.0,23219
6172,6170,6171,319.0,111528250,343.0,23219,338.0,117982
6173,6171,6172,343.0,36614503,338.0,117982,319.0,23588
6174,6172,6173,338.0,186143122,319.0,23588,344.0,23989
6175,6173,6174,319.0,111599045,344.0,23989,317.0,5051
6176,6174,6175,344.0,37867573,317.0,5051,311.0,117038
6177,6175,6176,317.0,37645499,311.0,117038,320.0,23413
6178,6176,6177,311.0,185403188,320.0,23413,316.0,23061
6179,6177,6178,320.0,111693055,316.0,23061,317.0,23768
6180,6178,6179,316.0,36538209,317.0,23768,311.0,116880
6181,6179,6180,317.0,37740632,311.0,116880,321.0,23397
6182,6180,6181,311.0,185871435,321.0,23397,316.0,23020
6183,6181,6182,321.0,111786720,316.0,23020,311.0,117130
6184,6182,6183,316.0,36630362,311.0,117130,321.0,23422
6185,6183,6184,311.0,186222910,321.0,23422,319.0,23396
6186,6184,6185,321.0,111856990,319.0,23396,488.0,107250
6187,6185,6186,319.0,111880386,488.0,107250,484.0,1260433
6188,6186,6187,488.0,40477426,484.0,1260433,475.0,98048
6189,6187,6188,484.0,203111313,475.0,98048,472.0,470245
6190,6188,6189,475.0,36800560,472.0,470245,454.0,60138
6191,6189,6190,472.0,172601775,454.0,60138,454.0,99427
6192,6190,6191,454.0,36762650,454.0,99427,396.0,66338
6193,6191,6192,454.0,36862077,396.0,66338,396.0,495592
6194,6192,6193,396.0,171739378,396.0,495592,396.0,495592
6195,6193,6194,396.0,172234970,396.0,495592,319.0,11908
6196,6194,6195,396.0,172730562,319.0,11908,366.0,24075
6197,6195,6196,319.0,111895372,366.0,24075,321.0,23738
6198,6196,6197,366.0,37922699,321.0,23738,321.0,23703
6199,6197,6198,321.0,111942860,321.0,23703,366.0,24078
6200,6198,6199,321.0,111966563,366.0,24078,319.0,23740
6201,6199,6200,366.0,37995022,319.0,23740,319.0,23703
6202,6200,6201,319.0,112014052,319.0,23703,366.0,24082
6203,6201,6202,319.0,112037755,366.0,24082,321.0,23741
6204,6202,6203,366.0,38067346,321.0,23741,321.0,23703
6205,6203,6204,321.0,112085243,321.0,23703,319.0,23698
6206,6204,6205,321.0,112108946,319.0,23698,344.0,23964
6207,6205,6206,319.0,112132644,344.0,23964,321.0,23614
6208,6206,6207,344.0,37917596,321.0,23614,343.0,23244
6209,6207,6208,321.0,112179868,343.0,23244,338.0,118079
6210,6208,6209,343.0,36779138,338.0,118079,321.0,23597
6211,6209,6210,338.0,186979544,321.0,23597,343.0,23199
6212,6210,6211,321.0,112250663,343.0,23199,338.0,117904
6213,6211,6212,343.0,36848781,338.0,117904,321.0,23580
6214,6212,6213,338.0,187333429,321.0,23580,344.0,23972
6215,6213,6214,321.0,112321458,344.0,23972,319.0,23603
6216,6214,6215,344.0,38109412,319.0,23603,316.0,23064
6217,6215,6216,319.0,112368668,316.0,23064,317.0,23770
6218,6216,6217,316.0,36726444,317.0,23770,311.0,116889
6219,6217,6218,317.0,37934938,311.0,116889,321.0,23398
6220,6218,6219,311.0,186827784,321.0,23398,316.0,23023
6221,6219,6220,321.0,112462333,316.0,23023,311.0,117142
6222,6220,6221,316.0,36818597,311.0,117142,319.0,23424
6223,6221,6222,311.0,187179262,319.0,23424,321.0,23396
6224,6222,6223,319.0,112532604,321.0,23396,317.0,23792
6225,6223,6224,321.0,112555999,317.0,23792,311.0,116988
6226,6224,6225,317.0,38101488,311.0,116988,488.0,35863
6227,6225,6226,311.0,187647513,488.0,35863,484.0,909273
6228,6226,6227,488.0,40668183,484.0,909273,472.0,376766
6229,6227,6228,484.0,204070873,472.0,376766,475.0,100527
6230,6228,6229,472.0,173164566,475.0,100527,454.0,42863
6231,6229,6230,475.0,37121967,454.0,42863,453.0,8026
6232,6230,6231,454.0,36983703,453.0,8026,417.0,3622
6233,6231,6232,453.0,2990846,417.0,3622,417.0,99262
6234,6232,6233,417.0,36944462,417.0,99262,417.0,99126
6235,6233,6234,417.0,37043724,417.0,99126,360.0,39001
6236,6234,6235,417.0,37142850,360.0,39001,319.0,23728
6237,6235,6236,360.0,187722301,319.0,23728,365.0,23352
6238,6236,6237,319.0,112641520,365.0,23352,360.0,118712
6239,6237,6238,365.0,36995254,360.0,118712,321.0,23729
6240,6238,6239,360.0,188078267,321.0,23729,365.0,23356
6241,6239,6240,321.0,112712711,365.0,23356,360.0,118728
6242,6240,6241,365.0,37065318,360.0,118728,319.0,23731
6243,6241,6242,360.0,188434233,319.0,23731,365.0,23360
6244,6242,6243,319.0,112783903,365.0,23360,360.0,118744
6245,6243,6244,365.0,37135382,360.0,118744,319.0,23696
6246,6244,6245,360.0,188790199,319.0,23696,344.0,23948
6247,6245,6246,319.0,112855058,344.0,23948,321.0,23607
6248,6246,6247,344.0,38159436,321.0,23607,343.0,23226
6249,6247,6248,321.0,112902282,343.0,23226,338.0,118009
6250,6248,6249,343.0,37013418,338.0,118009,319.0,23591
6251,6249,6250,338.0,188169859,319.0,23591,344.0,23995
6252,6250,6251,319.0,112973078,344.0,23995,338.0,117837
6253,6251,6252,344.0,38279355,338.0,117837,319.0,23574
6254,6252,6253,338.0,188523747,319.0,23574,344.0,23957
6255,6253,6254,319.0,113043873,344.0,23957,321.0,23611
6256,6254,6255,344.0,38351253,321.0,23611,311.0,100840
6257,6255,6256,321.0,113091097,311.0,100840,319.0,23400
6258,6256,6257,311.0,187784140,319.0,23400,316.0,23027
6259,6257,6258,319.0,113137947,316.0,23027,311.0,117157
6260,6258,6259,316.0,37006833,311.0,117157,319.0,23425
6261,6259,6260,311.0,188135617,319.0,23425,321.0,23396
6262,6260,6261,319.0,113208217,321.0,23396,317.0,23794
6263,6261,6262,321.0,113231612,317.0,23794,311.0,116998
6264,6262,6263,317.0,38295794,311.0,116998,321.0,23409
6265,6263,6264,311.0,188603863,321.0,23409,316.0,23052
6266,6264,6265,321.0,113301882,316.0,23052,295.0,1022413
6267,6265,6266,316.0,37168182,295.0,1022413,484.0,558116
6268,6266,6267,295.0,185726613,484.0,558116,475.0,63128
6269,6267,6268,484.0,205030436,475.0,63128,472.0,470145
6270,6268,6269,475.0,37242296,472.0,470145,433.0,119678
6271,6269,6270,472.0,174667925,433.0,119678,454.0,99429
6272,6270,6271,433.0,174022238,454.0,99429,454.0,99427
6273,6271,6272,454.0,37304203,454.0,99427,396.0,389683
6274,6272,6273,454.0,37403630,396.0,389683,417.0,99127
6275,6273,6274,396.0,174292243,417.0,99127,319.0,3683
6276,6274,6275,417.0,37363979,319.0,3683,365.0,23323
6277,6275,6276,319.0,113340179,365.0,23323,360.0,118596
6278,6276,6277,365.0,37206149,360.0,118596,321.0,23718
6279,6277,6278,360.0,189149781,321.0,23718,365.0,23327
6280,6278,6279,321.0,113411370,365.0,23327,360.0,118612
6281,6279,6280,365.0,37276213,360.0,118612,319.0,23720
6282,6280,6281,360.0,189505747,319.0,23720,365.0,23331
6283,6281,6282,319.0,113482562,365.0,23331,360.0,118628
6284,6282,6283,365.0,37346277,360.0,118628,321.0,23721
6285,6283,6284,360.0,189861713,321.0,23721,365.0,23335
6286,6284,6285,321.0,113553753,365.0,23335,338.0,112121
6287,6285,6286,365.0,37416341,338.0,112121,319.0,23600
6288,6286,6287,338.0,189006281,319.0,23600,343.0,23206
6289,6287,6288,319.0,113624696,343.0,23206,338.0,117931
6290,6288,6289,343.0,37247696,338.0,117931,320.0,23583
6291,6289,6290,338.0,189360166,320.0,23583,344.0,23978
6292,6290,6291,320.0,113695491,344.0,23978,319.0,23621
6293,6291,6292,344.0,38521194,319.0,23621,319.0,23571
6294,6292,6293,319.0,113742716,319.0,23571,344.0,23942
6295,6293,6294,319.0,113766287,344.0,23942,319.0,23605
6296,6294,6295,344.0,38593094,319.0,23605,316.0,15902
6297,6295,6296,319.0,113813512,316.0,15902,311.0,117176
6298,6296,6297,316.0,37195070,311.0,117176,319.0,23427
6299,6297,6298,311.0,189091976,319.0,23427,321.0,23396
6300,6298,6299,319.0,113883831,321.0,23396,317.0,23799
6301,6299,6300,321.0,113907226,317.0,23799,311.0,117020
6302,6300,6301,317.0,38490103,311.0,117020,321.0,23411
6303,6301,6302,311.0,189560225,321.0,23411,316.0,23057
6304,6302,6303,321.0,113977496,316.0,23057,317.0,23764
6305,6303,6304,316.0,37356419,317.0,23764,321.0,23436
6306,6304,6305,317.0,38585236,321.0,23436,295.0,682355
6307,6305,6306,321.0,114047766,295.0,682355,484.0,206978
6308,6306,6307,295.0,186578195,484.0,206978,475.0,45692
6309,6307,6308,484.0,205990018,475.0,45692,475.0,100518
6310,6308,6309,475.0,37463188,475.0,100518,454.0,8336
6311,6309,6310,475.0,37563706,454.0,8336,454.0,99427
6312,6310,6311,454.0,37425832,454.0,99427,430.0,93197
6313,6311,6312,454.0,37525259,430.0,93197,417.0,68450
6314,6312,6313,430.0,35197349,417.0,68450,396.0,495608
6315,6313,6314,417.0,37485946,396.0,495608,381.0,224274
6316,6314,6315,396.0,175816728,381.0,224274,360.0,116280
6317,6315,6316,381.0,37641770,360.0,116280,319.0,23708
6318,6316,6317,360.0,190221300,319.0,23708,366.0,24117
6319,6317,6318,319.0,114110030,366.0,24117,360.0,118498
6320,6318,6319,366.0,38696437,360.0,118498,321.0,23709
6321,6319,6320,360.0,190577263,321.0,23709,366.0,24121
6322,6320,6321,321.0,114181221,366.0,24121,360.0,118517
6323,6321,6322,366.0,38768761,360.0,118517,319.0,23711
6324,6322,6323,360.0,190933232,319.0,23711,366.0,24124
6325,6323,6324,319.0,114252413,366.0,24124,360.0,118531
6326,6324,6325,366.0,38841084,360.0,118531,338.0,91572
6327,6325,6326,360.0,191289196,338.0,91572,319.0,23593
6328,6326,6327,338.0,190196592,319.0,23593,344.0,24000
6329,6327,6328,319.0,114347110,344.0,24000,338.0,117860
6330,6328,6329,344.0,38691136,338.0,117860,321.0,23576
6331,6329,6330,338.0,190550480,321.0,23576,344.0,23963
6332,6330,6331,321.0,114417905,344.0,23963,319.0,23614
6333,6331,6332,344.0,38763035,319.0,23614,343.0,23243
6334,6332,6333,319.0,114465130,343.0,23243,338.0,118075
6335,6333,6334,343.0,37598157,338.0,118075,319.0,23597
6336,6334,6335,338.0,191140690,319.0,23597,321.0,23519
6337,6335,6336,319.0,114535925,321.0,23519,319.0,23396
6338,6336,6337,321.0,114559443,319.0,23396,317.0,23800
6339,6337,6338,319.0,114582839,317.0,23800,311.0,117025
6340,6338,6339,317.0,38684408,311.0,117025,319.0,23412
6341,6339,6340,311.0,190516570,319.0,23412,316.0,23058
6342,6340,6341,319.0,114653109,316.0,23058,317.0,23765
6343,6341,6342,316.0,37544652,317.0,23765,311.0,116866
6344,6342,6343,317.0,38779541,311.0,116866,319.0,23396
6345,6343,6344,311.0,190984816,319.0,23396,316.0,23016
6346,6344,6345,319.0,114746774,316.0,23016,295.0,342242
6347,6345,6346,316.0,37636804,295.0,342242,488.0,232827
6348,6346,6347,295.0,187429722,488.0,232827,472.0,131943
6349,6347,6348,488.0,41651579,472.0,131943,475.0,100559
6350,6348,6349,472.0,176264023,475.0,100559,475.0,100518
6351,6349,6350,475.0,37784593,475.0,100518,454.0,90506
6352,6350,6351,475.0,37885111,454.0,90506,454.0,99427
6353,6351,6352,454.0,37746330,454.0,99427,417.0,51250
6354,6352,6353,454.0,37845757,417.0,51250,417.0,99126
6355,6353,6354,417.0,37707074,417.0,99126,381.0,89965
6356,6354,6355,417.0,37806200,381.0,89965,319.0,19161
6357,6355,6356,381.0,37745789,319.0,19161,366.0,24093
6358,6356,6357,319.0,114808689,366.0,24093,321.0,23746
6359,6357,6358,366.0,38914141,321.0,23746,321.0,23703
6360,6358,6359,321.0,114856177,321.0,23703,366.0,24096
6361,6359,6360,321.0,114879880,366.0,24096,319.0,23748
6362,6360,6361,366.0,38986464,319.0,23748,319.0,23703
6363,6361,6362,319.0,114927369,319.0,23703,366.0,24100
6364,6362,6363,319.0,114951072,366.0,24100,319.0,23750
6365,6363,6364,366.0,39058788,319.0,23750,319.0,23703
6366,6364,6365,319.0,114998561,319.0,23703,338.0,71026
6367,6365,6366,319.0,115022264,338.0,71026,319.0,23586
6368,6366,6367,338.0,191386906,319.0,23586,344.0,23984
6369,6367,6368,319.0,115069524,344.0,23984,321.0,23623
6370,6368,6369,344.0,38932976,321.0,23623,320.0,23571
6371,6369,6370,321.0,115116748,320.0,23571,344.0,23946
6372,6370,6371,320.0,115140319,344.0,23946,321.0,23606
6373,6371,6372,344.0,39004874,321.0,23606,343.0,23223
6374,6372,6373,321.0,115187543,343.0,23223,338.0,117997
6375,6373,6374,343.0,37832435,338.0,117997,321.0,23589
6376,6374,6375,338.0,192330997,321.0,23589,317.0,8186
6377,6375,6376,321.0,115258338,317.0,8186,311.0,117034
6378,6376,6377,317.0,38878714,311.0,117034,319.0,23413
6379,6377,6378,311.0,191472919,319.0,23413,316.0,23061
6380,6378,6379,319.0,115328722,316.0,23061,317.0,23768
6381,6379,6380,316.0,37732887,317.0,23768,311.0,116880
6382,6380,6381,317.0,38973848,311.0,116880,321.0,23397
6383,6381,6382,311.0,191941170,321.0,23397,316.0,23020
6384,6382,6383,321.0,115422387,316.0,23020,311.0,117130
6385,6383,6384,316.0,37825040,311.0,117130,321.0,23422
6386,6384,6385,311.0,192292645,321.0,23422,290.0,8
6387,6385,6386,321.0,115492657,290.0,8,488.0,161441
6388,6386,6387,290.0,607360,488.0,161441,475.0,10770
6389,6387,6388,488.0,41842337,475.0,10770,472.0,470374
6390,6388,6389,475.0,37904922,472.0,470374,475.0,100559
6391,6389,6390,472.0,177767384,475.0,100559,454.0,73231
6392,6390,6391,475.0,38106001,454.0,73231,433.0,465996
6393,6391,6392,454.0,37967383,433.0,465996,396.0,131546
6394,6392,6393,433.0,178054766,396.0,131546,396.0,495592
6395,6393,6394,396.0,177378386,396.0,495592,417.0,99169
6396,6394,6395,396.0,177873978,417.0,99169,366.0,15300
6397,6395,6396,417.0,38126497,366.0,15300,321.0,23735
6398,6396,6397,366.0,39131844,321.0,23735,365.0,23372
6399,6397,6398,321.0,115554836,365.0,23372,366.0,24072
6400,6398,6399,365.0,37955716,366.0,24072,319.0,23737
6401,6399,6400,366.0,39204168,319.0,23737,319.0,23703
6402,6400,6401,319.0,115626028,319.0,23703,366.0,24075
6403,6401,6402,319.0,115649731,366.0,24075,321.0,23738
6404,6402,6403,366.0,39276491,321.0,23738,321.0,23703
6405,6403,6404,321.0,115697219,321.0,23703,366.0,24078
6406,6404,6405,321.0,115720922,366.0,24078,338.0,50468
6407,6405,6406,366.0,39348814,338.0,50468,319.0,23578
6408,6406,6407,338.0,192577208,319.0,23578,344.0,23966
6409,6407,6408,319.0,115791937,344.0,23966,321.0,23615
6410,6408,6409,344.0,39174814,321.0,23615,343.0,23247
6411,6409,6410,321.0,115839161,343.0,23247,338.0,118091
6412,6410,6411,343.0,37997069,338.0,118091,319.0,23599
6413,6411,6412,338.0,193167416,319.0,23599,343.0,23203
6414,6412,6413,319.0,115909957,343.0,23203,338.0,117919
6415,6413,6414,343.0,38066713,338.0,117919,319.0,23582
6416,6414,6415,338.0,193521304,319.0,23582,319.0,23583
6417,6415,6416,319.0,115980752,319.0,23583,316.0,23064
6418,6416,6417,319.0,116004335,316.0,23064,317.0,23770
6419,6417,6418,316.0,37921122,317.0,23770,311.0,116889
6420,6418,6419,317.0,39168154,311.0,116889,321.0,23398
6421,6419,6420,311.0,192897519,321.0,23398,316.0,23023
6422,6420,6421,321.0,116098000,316.0,23023,311.0,117142
6423,6421,6422,316.0,38013275,311.0,117142,319.0,23424
6424,6422,6423,311.0,193248997,319.0,23424,321.0,23396
6425,6423,6424,319.0,116168271,321.0,23396,317.0,23792
6426,6424,6425,321.0,116191666,317.0,23792,311.0,116988
6427,6425,6426,317.0,39334704,311.0,116988,488.0,90057
6428,6426,6427,311.0,193717248,488.0,90057,484.0,1175859
6429,6427,6428,488.0,42033097,484.0,1175859,475.0,93851
6430,6428,6429,484.0,210891059,475.0,93851,470.0,8106
6431,6429,6430,475.0,38226331,470.0,8106,454.0,55978
6432,6430,6431,470.0,3090871,454.0,55978,454.0,99427
6433,6431,6432,454.0,38188458,454.0,99427,417.0,16816
6434,6432,6433,454.0,38287885,417.0,16816,417.0,99126
6435,6433,6434,417.0,38149296,417.0,99126,396.0,495608
6436,6434,6435,417.0,38248422,396.0,495608,321.0,10936
6437,6435,6436,396.0,179398468,321.0,10936,365.0,23345
6438,6436,6437,321.0,116253496,365.0,23345,360.0,118684
6439,6437,6438,365.0,38166613,360.0,118684,319.0,23727
6440,6438,6439,360.0,194029534,319.0,23727,365.0,23349
6441,6439,6440,319.0,116324688,365.0,23349,360.0,118700
6442,6440,6441,365.0,38236677,360.0,118700,321.0,23728
6443,6441,6442,360.0,194385500,321.0,23728,365.0,23353
6444,6442,6443,321.0,116395879,365.0,23353,360.0,118716
6445,6443,6444,365.0,38306741,360.0,118716,319.0,23730
6446,6444,6445,360.0,194741466,319.0,23730,338.0,29929
6447,6445,6446,319.0,116467071,338.0,29929,319.0,23572
6448,6446,6447,338.0,193767529,319.0,23572,344.0,23953
6449,6447,6448,319.0,116514352,344.0,23953,319.0,23610
6450,6448,6449,344.0,39416657,319.0,23610,343.0,23232
6451,6449,6450,319.0,116561577,343.0,23232,338.0,118032
6452,6450,6451,343.0,38231352,338.0,118032,319.0,23593
6453,6451,6452,338.0,194357742,319.0,23593,344.0,24000
6454,6452,6453,319.0,116632372,344.0,24000,338.0,117860
6455,6453,6454,344.0,39536576,338.0,117860,321.0,23576
6456,6454,6455,338.0,194711630,321.0,23576,344.0,23963
6457,6455,6456,321.0,116703167,344.0,23963,311.0,116285
6458,6456,6457,344.0,39608475,311.0,116285,319.0,23401
6459,6457,6458,311.0,193853885,319.0,23401,316.0,23029
6460,6458,6459,319.0,116773615,316.0,23029,311.0,117164
6461,6459,6460,316.0,38201513,311.0,117164,319.0,23426
6462,6460,6461,311.0,194205359,319.0,23426,321.0,23396
6463,6461,6462,319.0,116843885,321.0,23396,317.0,23797
6464,6462,6463,321.0,116867280,317.0,23797,311.0,117011
6465,6463,6464,317.0,39529013,311.0,117011,321.0,23410
6466,6464,6465,311.0,194673611,321.0,23410,316.0,23054
6467,6465,6466,321.0,116937550,316.0,23054,488.0,18677
6468,6466,6467,316.0,38362862,488.0,18677,484.0,824733
6469,6467,6468,488.0,42223861,484.0,824733,472.0,357207
6470,6468,6469,484.0,211850653,472.0,357207,475.0,100550
6471,6469,6470,472.0,179833567,475.0,100550,454.0,38706
6472,6470,6471,475.0,38547742,454.0,38706,433.0,466064
6473,6471,6472,454.0,38409514,433.0,466064,454.0,99444
6474,6472,6473,433.0,180122844,454.0,99444,417.0,98746
6475,6473,6474,454.0,38608388,417.0,98746,417.0,99126
6476,6474,6475,417.0,38469554,417.0,99126,365.0,6702
6477,6475,6476,417.0,38568680,365.0,6702,360.0,118576
6478,6476,6477,365.0,38377510,360.0,118576,319.0,23717
6479,6477,6478,360.0,195101056,319.0,23717,365.0,23323
6480,6478,6479,319.0,117023348,365.0,23323,360.0,118596
6481,6479,6480,365.0,38447575,360.0,118596,321.0,23718
6482,6480,6481,360.0,195457026,321.0,23718,365.0,23327
6483,6481,6482,321.0,117094539,365.0,23327,360.0,118612
6484,6482,6483,365.0,38517639,360.0,118612,319.0,23720
6485,6483,6484,360.0,195812992,319.0,23720,365.0,23331
6486,6484,6485,319.0,117165731,365.0,23331,319.0,23746
6487,6485,6486,365.0,38587703,319.0,23746,319.0,23571
6488,6486,6487,319.0,117213196,319.0,23571,344.0,23939
6489,6487,6488,319.0,117236767,344.0,23939,321.0,23603
6490,6488,6489,344.0,39658499,321.0,23603,343.0,23215
6491,6489,6490,321.0,117283991,343.0,23215,338.0,117966
6492,6490,6491,343.0,38465633,338.0,117966,321.0,23586
6493,6491,6492,338.0,195548061,321.0,23586,344.0,23985
6494,6492,6493,321.0,117354786,344.0,23985,319.0,23624
6495,6493,6494,344.0,39778417,319.0,23624,319.0,23571
6496,6494,6495,319.0,117402011,319.0,23571,344.0,23948
6497,6495,6496,319.0,117425582,344.0,23948,316.0,18942
6498,6496,6497,344.0,39850316,316.0,18942,317.0,23745
6499,6497,6498,316.0,38389750,317.0,23745,319.0,23428
6500,6498,6499,317.0,39651905,319.0,23428,321.0,23396
6501,6499,6500,319.0,117519499,321.0,23396,317.0,23801
6502,6500,6501,321.0,117542894,317.0,23801,311.0,117029
6503,6501,6502,317.0,39723321,311.0,117029,321.0,23412
6504,6502,6503,311.0,195629969,321.0,23412,316.0,23060
6505,6503,6504,321.0,117613164,316.0,23060,317.0,23767
6506,6504,6505,316.0,38551100,317.0,23767,311.0,116875
6507,6505,6506,317.0,39818455,311.0,116875,295.0,940575
6508,6506,6507,311.0,196098220,295.0,940575,484.0,473611
6509,6507,6508,295.0,192794615,484.0,473611,475.0,58938
6510,6508,6509,484.0,212810251,475.0,58938,472.0,470331
6511,6509,6510,475.0,38668074,472.0,470331,433.0,100154
6512,6510,6511,472.0,181336951,433.0,100154,454.0,99430
6513,6511,6512,433.0,180691274,454.0,99430,454.0,99427
6514,6512,6513,454.0,38730018,454.0,99427,396.0,369068
6515,6513,6514,454.0,38829445,396.0,369068,396.0,495592
6516,6514,6515,396.0,180960188,396.0,495592,360.0,13262
6517,6515,6516,396.0,181455780,360.0,13262,319.0,23707
6518,6516,6517,360.0,196172582,319.0,23707,366.0,24115
6519,6517,6518,319.0,117722008,366.0,24115,360.0,118489
6520,6518,6519,366.0,39905587,360.0,118489,321.0,23708
6521,6519,6520,360.0,196528549,321.0,23708,366.0,24118
6522,6520,6521,321.0,117793199,366.0,24118,360.0,118503
6523,6521,6522,366.0,39977910,360.0,118503,319.0,23710
6524,6522,6523,360.0,196884513,319.0,23710,366.0,24122
6525,6523,6524,319.0,117864391,366.0,24122,360.0,118522
6526,6524,6525,366.0,40050234,360.0,118522,321.0,23711
6527,6525,6526,360.0,197240482,321.0,23711,343.0,21133
6528,6526,6527,321.0,117935582,343.0,21133,338.0,118067
6529,6527,6528,343.0,38630269,338.0,118067,321.0,23596
6530,6528,6529,338.0,196384487,321.0,23596,343.0,23196
6531,6529,6530,321.0,118006405,343.0,23196,338.0,117892
6532,6530,6531,343.0,38699912,338.0,117892,321.0,23579
6533,6531,6532,338.0,196738372,321.0,23579,344.0,23969
6534,6532,6533,321.0,118077200,344.0,23969,319.0,23617
6535,6533,6534,344.0,40020257,319.0,23617,319.0,23571
6536,6534,6535,319.0,118124425,319.0,23571,338.0,118108
6537,6535,6536,319.0,118147996,338.0,118108,320.0,23492
6538,6536,6537,338.0,197328583,320.0,23492,321.0,23396
6539,6537,6538,320.0,118195112,321.0,23396,317.0,23803
6540,6538,6539,321.0,118218507,317.0,23803,311.0,117038
6541,6539,6540,317.0,39917627,311.0,117038,320.0,23413
6542,6540,6541,311.0,196586318,320.0,23413,316.0,23061
6543,6541,6542,320.0,118288777,316.0,23061,317.0,23768
6544,6542,6543,316.0,38739333,317.0,23768,311.0,116880
6545,6543,6544,317.0,40012760,311.0,116880,321.0,23397
6546,6544,6545,311.0,197054565,321.0,23397,316.0,23020
6547,6545,6546,321.0,118382442,316.0,23020,295.0,600471
6548,6546,6547,316.0,38831486,295.0,600471,484.0,122426
6549,6547,6548,295.0,193646151,484.0,122426,472.0,193849
6550,6548,6549,484.0,213769786,472.0,193849,475.0,100538
6551,6549,6550,472.0,181899729,475.0,100538,454.0,4179
6552,6550,6551,475.0,38989480,454.0,4179,433.0,466117
6553,6551,6552,454.0,38851643,433.0,466117,433.0,464835
6554,6552,6553,433.0,182190907,433.0,464835,417.0,64312
6555,6553,6554,433.0,182655742,417.0,64312,417.0,99126
6556,6554,6555,417.0,38911776,417.0,99126,381.0,191942
6557,6555,6556,417.0,39010902,381.0,191942,366.0,22682
6558,6556,6557,381.0,39039406,366.0,22682,363.0,23368
6559,6557,6558,366.0,40123290,363.0,23368,363.0,23326
6560,6558,6559,363.0,38892780,363.0,23326,366.0,24093
6561,6559,6560,363.0,38916106,366.0,24093,321.0,23746
6562,6560,6561,366.0,40195613,321.0,23746,321.0,23703
6563,6561,6562,321.0,118539346,321.0,23703,366.0,24096
6564,6562,6563,321.0,118563049,366.0,24096,319.0,23748
6565,6563,6564,366.0,40267936,319.0,23748,319.0,23703
6566,6564,6565,319.0,118610538,319.0,23703,366.0,24100
6567,6565,6566,319.0,118634241,366.0,24100,343.0,17083
6568,6566,6567,366.0,40340260,343.0,17083,338.0,117989
6569,6567,6568,343.0,38864547,338.0,117989,319.0,23589
6570,6568,6569,338.0,197574794,319.0,23589,344.0,23991
6571,6569,6570,319.0,118728819,344.0,23991,338.0,117818
6572,6570,6571,344.0,40190199,338.0,117818,320.0,23572
6573,6571,6572,338.0,197928683,320.0,23572,344.0,23953
6574,6572,6573,320.0,118799614,344.0,23953,319.0,23610
6575,6573,6574,344.0,40262097,319.0,23610,343.0,23232
6576,6574,6575,319.0,118846839,343.0,23232,338.0,118032
6577,6575,6576,343.0,39050372,338.0,118032,317.0,11326
6578,6576,6577,338.0,198518892,317.0,11326,311.0,117052
6579,6577,6578,317.0,40111934,311.0,117052,319.0,23415
6580,6578,6579,311.0,197542672,319.0,23415,321.0,23396
6581,6579,6580,319.0,118964391,321.0,23396,317.0,23772
6582,6580,6581,321.0,118987786,317.0,23772,311.0,116898
6583,6581,6582,317.0,40207068,311.0,116898,321.0,23399
6584,6582,6583,311.0,198010923,321.0,23399,316.0,23025
6585,6583,6584,321.0,119058056,316.0,23025,311.0,117149
6586,6584,6585,316.0,39019723,311.0,117149,321.0,23424
6587,6585,6586,311.0,198362399,321.0,23424,295.0,260416
6588,6586,6587,321.0,119128326,295.0,260416,488.0,215650
6589,6587,6588,295.0,194497736,488.0,215650,475.0,24019
6590,6588,6589,488.0,43207266,475.0,24019,472.0,470238
6591,6589,6590,475.0,39109811,472.0,470238,475.0,100540
6592,6590,6591,472.0,183403108,475.0,100540,454.0,86354
6593,6591,6592,475.0,39310890,454.0,86354,454.0,99427
6594,6592,6593,454.0,39172146,454.0,99427,417.0,47118
6595,6593,6594,454.0,39271573,417.0,47118,417.0,99126
6596,6594,6595,417.0,39132910,417.0,99126,381.0,57658
6597,6595,6596,417.0,39232036,381.0,57658,321.0,18191
6598,6596,6597,381.0,39143450,321.0,18191,365.0,23372
6599,6597,6598,321.0,119166815,365.0,23372,366.0,24072
6600,6598,6599,365.0,39127082,366.0,24072,319.0,23737
6601,6599,6600,366.0,40413320,319.0,23737,319.0,23703
6602,6600,6601,319.0,119238007,319.0,23703,366.0,24075
6603,6601,6602,319.0,119261710,366.0,24075,321.0,23738
6604,6602,6603,366.0,40485643,321.0,23738,321.0,23703
6605,6603,6604,321.0,119309198,321.0,23703,366.0,24078
6606,6604,6605,321.0,119332901,366.0,24078,319.0,23740
6607,6605,6606,366.0,40557966,319.0,23740,343.0,13036
6608,6606,6607,319.0,119380390,343.0,13036,338.0,117923
6609,6607,6608,343.0,39098828,338.0,117923,321.0,23582
6610,6608,6609,338.0,198765113,321.0,23582,344.0,23976
6611,6609,6610,321.0,119451233,344.0,23976,319.0,23620
6612,6610,6611,344.0,40432040,319.0,23620,319.0,23571
6613,6611,6612,319.0,119498458,319.0,23571,344.0,23939
6614,6612,6613,319.0,119522029,344.0,23939,321.0,23603
6615,6613,6614,344.0,40503939,321.0,23603,343.0,23215
6616,6614,6615,321.0,119569253,343.0,23215,338.0,117966
6617,6615,6616,343.0,39284653,338.0,117966,319.0,23543
6618,6616,6617,338.0,199709211,319.0,23543,321.0,23396
6619,6617,6618,319.0,119640005,321.0,23396,317.0,23777
6620,6618,6619,321.0,119663400,317.0,23777,311.0,116920
6621,6619,6620,317.0,40401377,311.0,116920,321.0,23401
6622,6620,6621,311.0,198967285,321.0,23401,316.0,23030
6623,6621,6622,321.0,119733670,316.0,23030,311.0,117168
6624,6622,6623,316.0,39207960,311.0,117168,320.0,23426
6625,6623,6624,311.0,199318758,320.0,23426,321.0,23396
6626,6624,6625,320.0,119803940,321.0,23396,317.0,23797
6627,6625,6626,321.0,119827335,317.0,23797,311.0,117011
6628,6626,6627,317.0,40567925,311.0,117011,488.0,144269
6629,6627,6628,311.0,199787006,488.0,144269,464.0,6104
6630,6628,6629,488.0,43398029,464.0,6104,475.0,100529
6631,6629,6630,464.0,36793184,475.0,100529,472.0,470252
6632,6630,6631,475.0,39431221,472.0,470252,433.0,323583
6633,6631,6632,472.0,184906482,433.0,323583,433.0,464835
6634,6632,6633,433.0,184258983,433.0,464835,396.0,110946
6635,6633,6634,433.0,184723818,396.0,110946,396.0,495592
6636,6634,6635,396.0,184046346,396.0,495592,396.0,495592
6637,6635,6636,396.0,184541938,396.0,495592,365.0,13856
6638,6636,6637,396.0,185037530,365.0,13856,360.0,118672
6639,6637,6638,365.0,39337976,360.0,118672,319.0,23726
6640,6638,6639,360.0,199980817,319.0,23726,365.0,23347
6641,6639,6640,319.0,119936666,365.0,23347,360.0,118692
6642,6640,6641,365.0,39408041,360.0,118692,321.0,23727
6643,6641,6642,360.0,200336787,321.0,23727,365.0,23351
6644,6642,6643,321.0,120007857,365.0,23351,360.0,118708
6645,6643,6644,365.0,39478105,360.0,118708,319.0,23729
6646,6644,6645,360.0,200692753,319.0,23729,365.0,23355
6647,6645,6646,319.0,120079049,365.0,23355,344.0,9342
6648,6646,6647,365.0,39548169,344.0,9342,338.0,117851
6649,6647,6648,344.0,40601982,338.0,117851,321.0,23575
6650,6648,6649,338.0,199955426,321.0,23575,344.0,23961
6651,6649,6650,321.0,120173647,344.0,23961,320.0,23613
6652,6650,6651,344.0,40673881,320.0,23613,343.0,23241
6653,6651,6652,320.0,120220872,343.0,23241,338.0,118067
6654,6652,6653,343.0,39449289,338.0,118067,321.0,23596
6655,6653,6654,338.0,200545637,321.0,23596,343.0,23196
6656,6654,6655,321.0,120291667,343.0,23196,338.0,117892
6657,6655,6656,343.0,39518932,338.0,117892,317.0,3042
6658,6656,6657,338.0,200899522,317.0,3042,311.0,116925
6659,6657,6658,317.0,40595682,311.0,116925,319.0,23402
6660,6658,6659,311.0,199923630,319.0,23402,316.0,23032
6661,6659,6660,319.0,120409283,316.0,23032,311.0,117176
6662,6660,6661,316.0,39396194,311.0,117176,319.0,23427
6663,6661,6662,311.0,200275106,319.0,23427,321.0,23396
6664,6662,6663,319.0,120479553,321.0,23396,317.0,23799
6665,6663,6664,321.0,120502948,317.0,23799,311.0,117020
6666,6664,6665,317.0,40762231,311.0,117020,321.0,23411
6667,6665,6666,311.0,200743355,321.0,23411,316.0,23057
6668,6666,6667,321.0,120573218,316.0,23057,488.0,72880
6669,6667,6668,316.0,39557543,488.0,72880,484.0,1091363
6670,6668,6669,488.0,43588784,484.0,1091363,472.0,419107
6671,6669,6670,484.0,218670883,472.0,419107,475.0,100527
6672,6670,6671,472.0,185469267,475.0,100527,454.0,51825
6673,6671,6672,475.0,39752627,454.0,51825,454.0,99427
6674,6672,6673,454.0,39614273,454.0,99427,417.0,12682
6675,6673,6674,454.0,39713700,417.0,12682,417.0,99126
6676,6674,6675,417.0,39575130,417.0,99126,417.0,99126
6677,6675,6676,417.0,39674256,417.0,99126,360.0,49580
6678,6676,6677,417.0,39773382,360.0,49580,319.0,23716
6679,6677,6678,360.0,201052340,319.0,23716,365.0,23320
6680,6678,6679,319.0,120635326,365.0,23320,360.0,118584
6681,6679,6680,365.0,39618938,360.0,118584,321.0,23717
6682,6680,6681,360.0,201408309,321.0,23717,365.0,23324
6683,6681,6682,321.0,120706517,365.0,23324,360.0,118600
6684,6682,6683,365.0,39689002,360.0,118600,319.0,23719
6685,6683,6684,360.0,201764275,319.0,23719,365.0,23328
6686,6684,6685,319.0,120777709,365.0,23328,360.0,118616
6687,6685,6686,365.0,39759066,360.0,118616,344.0,5167
6688,6686,6687,360.0,202120241,344.0,5167,319.0,23623
6689,6687,6688,344.0,40843823,319.0,23623,319.0,23571
6690,6688,6689,319.0,120872491,319.0,23571,344.0,23946
6691,6689,6690,319.0,120896062,344.0,23946,321.0,23606
6692,6690,6691,344.0,40915722,321.0,23606,343.0,23223
6693,6691,6692,321.0,120943286,343.0,23223,338.0,117997
6694,6692,6693,343.0,39683569,338.0,117997,321.0,23589
6695,6693,6694,338.0,201735952,321.0,23589,344.0,23992
6696,6694,6695,321.0,121014081,344.0,23992,338.0,117823
6697,6695,6696,344.0,41035640,338.0,117823,319.0,23573
6698,6696,6697,338.0,202089838,319.0,23573,316.0,21984
6699,6697,6698,319.0,121084877,316.0,21984,317.0,23748
6700,6698,6699,316.0,39584432,317.0,23748,320.0,23429
6701,6699,6700,317.0,40885124,320.0,23429,321.0,23396
6702,6700,6701,320.0,121155167,321.0,23396,317.0,23803
6703,6701,6702,321.0,121178562,317.0,23803,311.0,117038
6704,6702,6703,317.0,40956539,311.0,117038,320.0,23413
6705,6703,6704,311.0,201699713,320.0,23413,316.0,23061
6706,6704,6705,320.0,121248832,316.0,23061,317.0,23768
6707,6705,6706,316.0,39745779,317.0,23768,311.0,116880
6708,6706,6707,317.0,41051672,311.0,116880,488.0,1496
6709,6707,6708,311.0,202167960,488.0,1496,484.0,740218
6710,6708,6709,488.0,43779544,484.0,740218,475.0,72182
6711,6709,6710,484.0,219630458,475.0,72182,472.0,470160
6712,6710,6711,475.0,39872958,472.0,470160,454.0,34536
6713,6711,6712,472.0,186972640,454.0,34536,433.0,465137
6714,6712,6713,454.0,39835312,433.0,465137,454.0,99445
6715,6713,6714,433.0,186791877,454.0,99445,417.0,94612
6716,6714,6715,454.0,40034203,417.0,94612,417.0,99126
6717,6715,6716,417.0,39895388,417.0,99126,321.0,5813
6718,6716,6717,417.0,39994514,321.0,5813,366.0,24112
6719,6717,6718,321.0,121333985,366.0,24112,360.0,118474
6720,6718,6719,366.0,41114736,360.0,118474,319.0,23707
6721,6719,6720,360.0,202479829,319.0,23707,366.0,24115
6722,6720,6721,319.0,121405177,366.0,24115,360.0,118489
6723,6721,6722,366.0,41187059,360.0,118489,321.0,23708
6724,6722,6723,360.0,202835794,321.0,23708,366.0,24118
6725,6723,6724,321.0,121476368,366.0,24118,360.0,118503
6726,6724,6725,366.0,41259382,360.0,118503,319.0,23710
6727,6725,6726,360.0,203191758,319.0,23710,344.0,991
6728,6726,6727,319.0,121547560,344.0,991,319.0,23616
6729,6727,6728,344.0,41085663,319.0,23616,343.0,23248
6730,6728,6729,319.0,121594905,343.0,23248,338.0,118095
6731,6729,6730,343.0,39848204,338.0,118095,319.0,23599
6732,6730,6731,338.0,202572375,319.0,23599,343.0,23203
6733,6731,6732,319.0,121665700,343.0,23203,338.0,117919
6734,6732,6733,343.0,39917847,338.0,117919,319.0,23582
6735,6733,6734,338.0,202926259,319.0,23582,344.0,23975
6736,6734,6735,319.0,121736495,344.0,23975,321.0,23619
6737,6735,6736,344.0,41277479,321.0,23619,320.0,23571
6738,6736,6737,321.0,121783719,320.0,23571,319.0,23490
6739,6737,6738,320.0,121807290,319.0,23490,321.0,23396
6740,6738,6739,319.0,121830780,321.0,23396,317.0,23806
6741,6739,6740,321.0,121854175,317.0,23806,311.0,117052
6742,6740,6741,317.0,41150846,311.0,117052,319.0,23415
6743,6741,6742,311.0,202656067,319.0,23415,321.0,23396
6744,6742,6743,319.0,121924446,321.0,23396,317.0,23772
6745,6743,6744,321.0,121947841,317.0,23772,311.0,116898
6746,6744,6745,317.0,41245980,311.0,116898,321.0,23399
6747,6745,6746,311.0,203124318,321.0,23399,316.0,23025
6748,6746,6747,321.0,122018111,316.0,23025,295.0,858713
6749,6747,6748,316.0,40026169,295.0,858713,484.0,389082
6750,6748,6749,295.0,199862593,484.0,389082,475.0,54745
6751,6749,6750,484.0,220590042,475.0,54745,475.0,100518
6752,6750,6751,475.0,40093849,475.0,100518,433.0,80608
6753,6751,6752,475.0,40194367,433.0,80608,454.0,99428
6754,6752,6753,433.0,187360288,454.0,99428,454.0,99427
6755,6753,6754,454.0,40155830,454.0,99427,395.0,69686
6756,6754,6755,454.0,40255257,395.0,69686,396.0,495592
6757,6755,6756,395.0,37525622,396.0,495592,366.0,1752
6758,6756,6757,396.0,188123702,366.0,1752,321.0,23744
6759,6757,6758,366.0,41332440,321.0,23744,321.0,23703
6760,6758,6759,321.0,122080133,321.0,23703,366.0,24092
6761,6759,6760,321.0,122103836,366.0,24092,319.0,23746
6762,6760,6761,366.0,41404764,319.0,23746,319.0,23703
6763,6761,6762,319.0,122151325,319.0,23703,366.0,24095
6764,6762,6763,319.0,122175028,366.0,24095,321.0,23747
6765,6763,6764,366.0,41477087,321.0,23747,321.0,23703
6766,6764,6765,321.0,122222516,321.0,23703,366.0,24098
6767,6765,6766,321.0,122246219,366.0,24098,319.0,23749
6768,6766,6767,366.0,41549410,319.0,23749,319.0,23611
6769,6767,6768,319.0,122293708,319.0,23611,343.0,23230
6770,6768,6769,319.0,122317319,343.0,23230,338.0,118025
6771,6769,6770,343.0,40082484,338.0,118025,321.0,23592
6772,6770,6771,338.0,203762690,321.0,23592,344.0,23998
6773,6771,6772,321.0,122388114,344.0,23998,338.0,117851
6774,6772,6773,344.0,41447422,338.0,117851,321.0,23575
6775,6773,6774,338.0,204116576,321.0,23575,344.0,23961
6776,6774,6775,321.0,122458909,344.0,23961,320.0,23613
6777,6775,6776,344.0,41519321,320.0,23613,343.0,23241
6778,6776,6777,320.0,122506134,343.0,23241,316.0,13952
6779,6777,6778,343.0,40268309,316.0,13952,311.0,117070
6780,6778,6779,316.0,40053056,311.0,117070,321.0,23416
6781,6779,6780,311.0,203612425,321.0,23416,319.0,23396
6782,6780,6781,321.0,122600059,319.0,23396,317.0,23776
6783,6781,6782,319.0,122623455,317.0,23776,311.0,116916
6784,6782,6783,317.0,41440288,311.0,116916,319.0,23401
6785,6783,6784,311.0,204080676,319.0,23401,316.0,23029
6786,6784,6785,319.0,122693725,316.0,23029,311.0,117164
6787,6785,6786,316.0,40214405,311.0,117164,319.0,23426
6788,6786,6787,311.0,204432149,319.0,23426,295.0,518646
6789,6787,6788,319.0,122763995,295.0,518646,484.0,37934
6790,6788,6789,295.0,200714166,484.0,37934,475.0,37265
6791,6789,6790,484.0,221549614,475.0,37265,475.0,100561
6792,6790,6791,475.0,40314697,475.0,100561,454.0,16
6793,6791,6792,475.0,40415258,454.0,16,433.0,465503
6794,6792,6793,454.0,40277448,433.0,465503,433.0,464835
6795,6793,6794,433.0,188859943,433.0,464835,417.0,60178
6796,6794,6795,433.0,189324778,417.0,60178,417.0,99126
6797,6795,6796,417.0,40337610,417.0,99126,381.0,159625
6798,6796,6797,417.0,40436736,381.0,159625,365.0,21011
6799,6797,6798,381.0,40437057,365.0,21011,366.0,24068
6800,6798,6799,365.0,40298443,366.0,24068,321.0,23735
6801,6799,6800,366.0,41622468,321.0,23735,365.0,23372
6802,6800,6801,321.0,122849984,365.0,23372,366.0,24072
6803,6801,6802,365.0,40368508,366.0,24072,319.0,23737
6804,6802,6803,366.0,41694792,319.0,23737,319.0,23703
6805,6803,6804,319.0,122921176,319.0,23703,366.0,24075
6806,6804,6805,319.0,122944879,366.0,24075,321.0,23738
6807,6805,6806,366.0,41767115,321.0,23738,321.0,23703
6808,6806,6807,321.0,122992367,321.0,23703,319.0,23663
6809,6807,6808,321.0,123016070,319.0,23663,343.0,23211
6810,6808,6809,319.0,123039733,343.0,23211,339.0,23590
6811,6809,6810,343.0,40316763,339.0,23590,319.0,23585
6812,6810,6811,339.0,40990600,319.0,23585,344.0,23982
6813,6811,6812,319.0,123110528,344.0,23982,321.0,23622
6814,6812,6813,344.0,41689262,321.0,23622,320.0,23571
6815,6813,6814,321.0,123157752,320.0,23571,344.0,23944
6816,6814,6815,320.0,123181323,344.0,23944,321.0,23605
6817,6815,6816,344.0,41761160,321.0,23605,343.0,23220
6818,6816,6817,321.0,123228547,343.0,23220,319.0,23543
6819,6817,6818,343.0,40502586,319.0,23543,321.0,23396
6820,6818,6819,319.0,123275672,321.0,23396,317.0,23777
6821,6819,6820,321.0,123299067,317.0,23777,311.0,116920
6822,6820,6821,317.0,41634593,311.0,116920,321.0,23401
6823,6821,6822,311.0,205037020,321.0,23401,316.0,23030
6824,6822,6823,321.0,123369337,316.0,23030,311.0,117168
6825,6823,6824,316.0,40402638,311.0,117168,320.0,23426
6826,6824,6825,311.0,205388493,320.0,23426,321.0,23396
6827,6825,6826,320.0,123439607,321.0,23396,317.0,23797
6828,6826,6827,321.0,123463002,317.0,23797,295.0,178537
6829,6827,6828,317.0,41801141,295.0,178537,488.0,198463
6830,6828,6829,295.0,201565697,488.0,198463,475.0,19825
6831,6829,6830,488.0,44762943,475.0,19825,475.0,100518
6832,6830,6831,475.0,40535585,475.0,100518,475.0,100561
6833,6831,6832,475.0,40636103,475.0,100561,454.0,82196
6834,6832,6833,475.0,40736664,454.0,82196,454.0,99427
6835,6833,6834,454.0,40597956,454.0,99427,396.0,176177
6836,6834,6835,454.0,40697383,396.0,176177,417.0,99138
6837,6835,6836,396.0,189685377,417.0,99138,381.0,25312
6838,6836,6837,417.0,40657864,381.0,25312,360.0,85889
6839,6837,6838,381.0,40541072,360.0,85889,321.0,23723
6840,6838,6839,360.0,205932089,321.0,23723,365.0,23340
6841,6839,6840,321.0,123548642,365.0,23340,360.0,118664
6842,6840,6841,365.0,40579400,360.0,118664,319.0,23725
6843,6841,6842,360.0,206288054,319.0,23725,365.0,23344
6844,6842,6843,319.0,123619834,365.0,23344,360.0,118680
6845,6843,6844,365.0,40649464,360.0,118680,321.0,23726
6846,6844,6845,360.0,206644020,321.0,23726,365.0,23348
6847,6845,6846,321.0,123691025,365.0,23348,360.0,118696
6848,6846,6847,365.0,40719528,360.0,118696,319.0,23657
6849,6847,6848,360.0,206999986,319.0,23657,343.0,23190
6850,6848,6849,319.0,123762146,343.0,23190,338.0,117869
6851,6849,6850,343.0,40551040,338.0,117869,341.0,23202
6852,6850,6851,338.0,206143304,341.0,23202,344.0,23964
6853,6851,6852,341.0,40597490,344.0,23964,321.0,23614
6854,6852,6853,344.0,41931100,321.0,23614,343.0,23244
6855,6853,6854,321.0,123880165,343.0,23244,338.0,118079
6856,6854,6855,343.0,40667220,338.0,118079,321.0,23597
6857,6855,6856,338.0,206733509,321.0,23597,343.0,23199
6858,6856,6857,321.0,123950960,343.0,23199,317.0,6178
6859,6857,6858,343.0,40736863,317.0,6178,311.0,116925
6860,6858,6859,317.0,41828898,311.0,116925,319.0,23402
6861,6859,6860,311.0,205993365,319.0,23402,316.0,23032
6862,6860,6861,319.0,124044950,316.0,23032,311.0,117176
6863,6861,6862,316.0,40590872,311.0,117176,319.0,23427
6864,6862,6863,311.0,206344841,319.0,23427,321.0,23396
6865,6863,6864,319.0,124115220,321.0,23396,317.0,23799
6866,6864,6865,321.0,124138615,317.0,23799,311.0,117020
6867,6865,6866,317.0,41995447,311.0,117020,321.0,23411
6868,6866,6867,311.0,206813090,321.0,23411,316.0,23057
6869,6867,6868,321.0,124208885,316.0,23057,488.0,127074
6870,6868,6869,316.0,40752221,488.0,127074,472.0,10930
6871,6869,6870,488.0,44953698,472.0,10930,475.0,100548
6872,6870,6871,472.0,190634890,475.0,100548,469.0,8109
6873,6871,6872,475.0,40856992,469.0,8109,433.0,304007
6874,6872,6873,469.0,3303024,433.0,304007,433.0,464835
6875,6873,6874,433.0,190927967,433.0,464835,417.0,25739
6876,6874,6875,433.0,191392802,417.0,25739,396.0,495661
6877,6875,6876,417.0,40779827,396.0,495661,396.0,495592
6878,6876,6877,396.0,191209831,396.0,495592,321.0,13065
6879,6877,6878,396.0,191705423,321.0,13065,366.0,24127
6880,6878,6879,321.0,124247301,366.0,24127,360.0,118546
6881,6879,6880,366.0,42106175,360.0,118546,319.0,23714
6882,6880,6881,360.0,207359566,319.0,23714,365.0,23315
6883,6881,6882,319.0,124318493,365.0,23315,360.0,118564
6884,6882,6883,365.0,40860359,360.0,118564,321.0,23715
6885,6883,6884,360.0,207715534,321.0,23715,365.0,23319
6886,6884,6885,321.0,124389684,365.0,23319,360.0,118580
6887,6885,6886,365.0,40930423,360.0,118580,319.0,23717
6888,6886,6887,360.0,208071500,319.0,23717,320.0,23684
6889,6887,6888,319.0,124460876,320.0,23684,344.0,23984
6890,6888,6889,320.0,124484559,344.0,23984,321.0,23623
6891,6889,6890,344.0,42101040,321.0,23623,320.0,23571
6892,6890,6891,321.0,124531783,320.0,23571,344.0,23946
6893,6891,6892,320.0,124555354,344.0,23946,321.0,23606
6894,6892,6893,344.0,42172938,321.0,23606,343.0,23223
6895,6893,6894,321.0,124602578,343.0,23223,338.0,117997
6896,6894,6895,343.0,40901497,338.0,117997,321.0,23589
6897,6895,6896,338.0,207923812,321.0,23589,344.0,23992
6898,6896,6897,321.0,124673373,344.0,23992,321.0,23591
6899,6897,6898,344.0,42292856,321.0,23591,316.0,23033
6900,6898,6899,321.0,124720562,316.0,23033,311.0,117180
6901,6899,6900,316.0,40779105,311.0,117180,321.0,23427
6902,6900,6901,311.0,207301185,321.0,23427,319.0,23396
6903,6901,6902,321.0,124790832,319.0,23396,317.0,23800
6904,6902,6903,319.0,124814228,317.0,23800,311.0,117025
6905,6903,6904,317.0,42189752,311.0,117025,319.0,23412
6906,6904,6905,311.0,207769435,319.0,23412,316.0,23058
6907,6905,6906,319.0,124884498,316.0,23058,317.0,23765
6908,6906,6907,316.0,40940454,317.0,23765,311.0,116866
6909,6907,6908,317.0,42284885,311.0,116866,488.0,55680
6910,6908,6909,311.0,208237681,488.0,55680,484.0,1006754
6911,6909,6910,488.0,45144448,484.0,1006754,472.0,399507
6912,6910,6911,484.0,226450594,472.0,399507,475.0,100544
6913,6911,6912,472.0,192138227,475.0,100544,454.0,47663
6914,6912,6913,475.0,41178396,454.0,47663,454.0,99427
6915,6913,6914,454.0,41040079,454.0,99427,417.0,8539
6916,6914,6915,454.0,41139506,417.0,8539,417.0,99126
6917,6915,6916,417.0,41000955,417.0,99126,417.0,99126
6918,6916,6917,417.0,41100081,417.0,99126,366.0,9126
6919,6917,6918,417.0,41199207,366.0,9126,321.0,23750
6920,6918,6919,366.0,42323878,321.0,23750,321.0,23703
6921,6919,6920,321.0,124993448,321.0,23703,366.0,24105
6922,6920,6921,321.0,125017151,366.0,24105,360.0,118441
6923,6921,6922,366.0,42396201,360.0,118441,319.0,23704
6924,6922,6923,360.0,208787041,319.0,23704,366.0,24108
6925,6923,6924,319.0,125088343,366.0,24108,360.0,118455
6926,6924,6925,366.0,42468524,360.0,118455,320.0,23705
6927,6925,6926,360.0,209143005,320.0,23705,366.0,24111
6928,6926,6927,320.0,125159534,366.0,24111,319.0,23704
6929,6927,6928,366.0,42540847,319.0,23704,344.0,23966
6930,6928,6929,319.0,125206972,344.0,23966,321.0,23615
6931,6929,6930,344.0,42342878,321.0,23615,343.0,23247
6932,6930,6931,321.0,125254196,343.0,23247,338.0,118091
6933,6931,6932,343.0,41066131,338.0,118091,319.0,23599
6934,6932,6933,338.0,208760231,319.0,23599,343.0,23203
6935,6933,6934,319.0,125324992,343.0,23203,338.0,117919
6936,6934,6935,343.0,41135775,338.0,117919,319.0,23582
6937,6935,6936,338.0,209114119,319.0,23582,344.0,23975
6938,6936,6937,319.0,125395787,344.0,23975,321.0,23619
6939,6937,6938,344.0,42534695,321.0,23619,320.0,23434
6940,6938,6939,321.0,125443011,320.0,23434,321.0,23396
6941,6939,6940,320.0,125466445,321.0,23396,317.0,23801
6942,6940,6941,321.0,125489840,317.0,23801,311.0,117029
6943,6941,6942,317.0,42384057,311.0,117029,321.0,23412
6944,6942,6943,311.0,208725779,321.0,23412,316.0,23060
6945,6943,6944,321.0,125560110,316.0,23060,317.0,23767
6946,6944,6945,316.0,41128688,317.0,23767,311.0,116875
6947,6945,6946,317.0,42479191,311.0,116875,319.0,23397
6948,6946,6947,311.0,209194030,319.0,23397,316.0,23019
6949,6947,6948,319.0,125653776,316.0,23019,295.0,1116806
6950,6948,6949,316.0,41220841,295.0,1116806,484.0,655585
6951,6949,6950,295.0,206078886,484.0,655585,475.0,67980
6952,6950,6951,484.0,227410145,475.0,67980,472.0,470259
6953,6951,6952,475.0,41298724,472.0,470259,433.0,142502
6954,6952,6953,472.0,193641579,433.0,142502,433.0,464835
6955,6953,6954,433.0,192995982,433.0,464835,454.0,99433
6956,6954,6955,433.0,193460817,454.0,99433,396.0,413595
6957,6955,6956,454.0,41460005,396.0,413595,417.0,99133
6958,6956,6957,396.0,193267075,417.0,99133,319.0,4839
6959,6957,6958,417.0,41420335,319.0,4839,319.0,23703
6960,6958,6959,319.0,125692107,319.0,23703,366.0,24080
6961,6959,6960,319.0,125715810,366.0,24080,319.0,23741
6962,6960,6961,366.0,42613904,319.0,23741,319.0,23703
6963,6961,6962,319.0,125763299,319.0,23703,366.0,24084
6964,6962,6963,319.0,125787002,366.0,24084,321.0,23742
6965,6963,6964,366.0,42686228,321.0,23742,321.0,23703
6966,6964,6965,321.0,125834490,321.0,23703,366.0,24087
6967,6965,6966,321.0,125858193,366.0,24087,319.0,23744
6968,6966,6967,366.0,42758551,319.0,23744,319.0,23703
6969,6967,6968,319.0,125905682,319.0,23703,344.0,23950
6970,6968,6969,319.0,125929385,344.0,23950,320.0,23608
6971,6969,6970,344.0,42584718,320.0,23608,343.0,23227
6972,6970,6971,320.0,125976610,343.0,23227,338.0,118013
6973,6971,6972,343.0,41300409,338.0,118013,319.0,23591
6974,6972,6973,338.0,209950538,319.0,23591,344.0,23995
6975,6973,6974,319.0,126047405,344.0,23995,338.0,117837
6976,6974,6975,344.0,42704635,338.0,117837,319.0,23574
6977,6975,6976,338.0,210304422,319.0,23574,344.0,23957
6978,6976,6977,319.0,126118200,344.0,23957,321.0,23611
6979,6977,6978,344.0,42776533,321.0,23611,317.0,17594
6980,6978,6979,321.0,126165424,317.0,17594,311.0,117034
6981,6979,6980,317.0,42578362,311.0,117034,319.0,23413
6982,6980,6981,311.0,209682124,319.0,23413,316.0,23061
6983,6981,6982,319.0,126235723,316.0,23061,317.0,23768
6984,6982,6983,316.0,41316921,317.0,23768,311.0,116880
6985,6983,6984,317.0,42673496,311.0,116880,321.0,23397
6986,6984,6985,311.0,210150375,321.0,23397,316.0,23020
6987,6985,6986,321.0,126329388,316.0,23020,311.0,117130
6988,6986,6987,316.0,41409074,311.0,117130,321.0,23422
6989,6987,6988,311.0,210501850,321.0,23422,295.0,776693
6990,6988,6989,321.0,126399658,295.0,776693,484.0,304389
6991,6989,6990,295.0,206930413,484.0,304389,472.0,236114
6992,6990,6991,484.0,228369669,472.0,236114,475.0,100527
6993,6991,6992,472.0,194204354,475.0,100527,454.0,13131
6994,6992,6993,475.0,41620129,454.0,13131,454.0,99427
6995,6993,6994,454.0,41482203,454.0,99427,454.0,99427
6996,6994,6995,454.0,41581630,454.0,99427,417.0,73227
6997,6995,6996,454.0,41681057,417.0,73227,396.0,495631
6998,6996,6997,417.0,41542299,396.0,495631,365.0,722
6999,6997,6998,396.0,194791541,365.0,722,360.0,118712
7000,6998,6999,365.0,41469794,360.0,118712,321.0,23729
7001,6999,7000,360.0,210811817,321.0,23729,365.0,23356
7002,7000,7001,321.0,126461957,365.0,23356,360.0,118728
7003,7001,7002,365.0,41539858,360.0,118728,319.0,23731
7004,7002,7003,360.0,211167783,319.0,23731,365.0,23360
7005,7003,7004,319.0,126533149,365.0,23360,360.0,118744
7006,7004,7005,365.0,41609922,360.0,118744,321.0,23732
7007,7005,7006,360.0,211523749,321.0,23732,365.0,23364
7008,7006,7007,321.0,126604340,365.0,23364,366.0,24065
7009,7007,7008,365.0,41679986,366.0,24065,338.0,97317
7010,7008,7009,366.0,43048577,338.0,97317,320.0,23600
7011,7009,7010,338.0,210786957,320.0,23600,343.0,23206
7012,7010,7011,320.0,126699023,343.0,23206,338.0,117931
7013,7011,7012,343.0,41534686,338.0,117931,320.0,23583
7014,7012,7013,338.0,211140841,320.0,23583,344.0,23978
7015,7013,7014,320.0,126769818,344.0,23978,319.0,23621
7016,7014,7015,344.0,42946474,319.0,23621,319.0,23571
7017,7015,7016,319.0,126817043,319.0,23571,344.0,23942
7018,7016,7017,319.0,126840614,344.0,23942,319.0,23605
7019,7017,7018,344.0,43018374,319.0,23605,319.0,23498
7020,7018,7019,319.0,126887839,319.0,23498,321.0,23396
7021,7019,7020,319.0,126911337,321.0,23396,317.0,23772
7022,7020,7021,321.0,126934732,317.0,23772,311.0,116898
7023,7021,7022,317.0,42867804,311.0,116898,321.0,23399
7024,7022,7023,311.0,211106733,321.0,23399,316.0,23025
7025,7023,7024,321.0,127005002,316.0,23025,311.0,117149
7026,7024,7025,316.0,41597311,311.0,117149,321.0,23424
7027,7025,7026,311.0,211458209,321.0,23424,319.0,23396
7028,7026,7027,321.0,127075272,319.0,23396,317.0,23793
7029,7027,7028,319.0,127098668,317.0,23793,295.0,436646
7030,7028,7029,317.0,43034353,295.0,436646,488.0,252643
7031,7029,7030,295.0,207782006,488.0,252643,475.0,33061
7032,7030,7031,488.0,46127843,475.0,33061,472.0,470167
7033,7031,7032,475.0,41740461,472.0,470167,475.0,100530
7034,7032,7033,472.0,195707737,475.0,100530,433.0,445871
7035,7033,7034,475.0,41941540,433.0,445871,454.0,99439
7036,7034,7035,433.0,195528871,454.0,99439,417.0,56031
7037,7035,7036,454.0,41902133,417.0,56031,417.0,99126
7038,7036,7037,417.0,41763431,417.0,99126,381.0,127247
7039,7037,7038,417.0,41862557,381.0,127247,321.0,20317
7040,7038,7039,381.0,41834647,321.0,20317,365.0,23329
7041,7039,7040,321.0,127160617,365.0,23329,360.0,118620
7042,7040,7041,365.0,41750755,360.0,118620,319.0,23721
7043,7041,7042,360.0,212239305,319.0,23721,365.0,23333
7044,7042,7043,319.0,127231809,365.0,23333,360.0,118636
7045,7043,7044,365.0,41820819,360.0,118636,321.0,23722
7046,7044,7045,360.0,212595271,321.0,23722,365.0,23337
7047,7045,7046,321.0,127303000,365.0,23337,360.0,118652
7048,7046,7047,365.0,41890883,360.0,118652,319.0,23724
7049,7047,7048,360.0,212951237,319.0,23724,338.0,76776
7050,7048,7049,319.0,127374192,338.0,76776,319.0,23594
7051,7049,7050,338.0,211977276,319.0,23594,343.0,23190
7052,7050,7051,319.0,127421438,343.0,23190,338.0,117869
7053,7051,7052,343.0,41768968,338.0,117869,341.0,23202
7054,7052,7053,338.0,212331164,341.0,23202,344.0,23964
7055,7053,7054,341.0,41815418,344.0,23964,321.0,23614
7056,7054,7055,344.0,43188316,321.0,23614,343.0,23244
7057,7055,7056,321.0,127539457,343.0,23244,338.0,118079
7058,7056,7057,343.0,41885148,338.0,118079,321.0,23597
7059,7057,7058,338.0,212921369,321.0,23597,317.0,9310
7060,7058,7059,321.0,127610252,317.0,9310,311.0,116907
7061,7059,7060,317.0,43062110,311.0,116907,320.0,23400
7062,7060,7061,311.0,212063082,320.0,23400,316.0,23027
7063,7061,7062,320.0,127680615,316.0,23027,311.0,117157
7064,7062,7063,316.0,41785545,311.0,117157,319.0,23425
7065,7063,7064,311.0,212414557,319.0,23425,321.0,23396
7066,7064,7065,319.0,127750885,321.0,23396,317.0,23794
7067,7065,7066,321.0,127774280,317.0,23794,311.0,116998
7068,7066,7067,317.0,43228658,311.0,116998,321.0,23409
7069,7067,7068,311.0,212882803,321.0,23409,295.0,96544
7070,7068,7069,321.0,127844550,295.0,96544,488.0,181251
7071,7069,7070,295.0,208633544,488.0,181251,475.0,15621
7072,7070,7071,488.0,46318595,475.0,15621,475.0,100518
7073,7071,7072,475.0,41961349,475.0,100518,472.0,470152
7074,7072,7073,475.0,42061867,472.0,470152,454.0,78029
7075,7073,7074,472.0,197211082,454.0,78029,454.0,99427
7076,7074,7075,454.0,42023757,454.0,99427,396.0,155456
7077,7075,7076,454.0,42123184,396.0,155456,396.0,495592
7078,7076,7077,396.0,196353216,396.0,495592,417.0,99423
7079,7077,7078,396.0,196848808,417.0,99423,366.0,16501
7080,7078,7079,417.0,42183101,366.0,16501,360.0,118498
7081,7079,7080,366.0,43315317,360.0,118498,321.0,23709
7082,7080,7081,360.0,213310813,321.0,23709,366.0,24121
7083,7081,7082,321.0,127930467,366.0,24121,360.0,118517
7084,7082,7083,366.0,43387641,360.0,118517,319.0,23711
7085,7083,7084,360.0,213666782,319.0,23711,366.0,24124
7086,7084,7085,319.0,128001659,366.0,24124,360.0,118531
7087,7085,7086,366.0,43459964,360.0,118531,321.0,23712
7088,7086,7087,360.0,214022746,321.0,23712,366.0,24127
7089,7087,7088,321.0,128072850,366.0,24127,338.0,56218
7090,7088,7089,366.0,43532287,338.0,56218,319.0,23586
7091,7089,7090,338.0,213167578,319.0,23586,344.0,23984
7092,7090,7091,319.0,128143851,344.0,23984,321.0,23623
7093,7091,7092,344.0,43358256,321.0,23623,320.0,23571
7094,7092,7093,321.0,128191075,320.0,23571,344.0,23946
7095,7093,7094,320.0,128214646,344.0,23946,321.0,23606
7096,7094,7095,344.0,43430154,321.0,23606,343.0,23223
7097,7095,7096,321.0,128261870,343.0,23223,338.0,117997
7098,7096,7097,343.0,42119425,338.0,117997,321.0,23589
7099,7097,7098,338.0,214111672,321.0,23589,321.0,23562
7100,7098,7099,321.0,128332665,321.0,23562,316.0,23028
7101,7099,7100,321.0,128356227,316.0,23028,311.0,117161
7102,7100,7101,316.0,41973778,311.0,117161,321.0,23425
7103,7101,7102,311.0,213370901,321.0,23425,319.0,23396
7104,7102,7103,321.0,128426497,319.0,23396,317.0,23796
7105,7103,7104,319.0,128449893,317.0,23796,311.0,117007
7106,7104,7105,317.0,43422964,311.0,117007,314.0,23038
7107,7105,7106,311.0,213839152,314.0,23038,316.0,23053
7108,7106,7107,314.0,42112048,316.0,23053,317.0,23761
7109,7107,7108,316.0,42135127,317.0,23761,319.0,23435
7110,7108,7109,317.0,43518097,319.0,23435,488.0,109860
7111,7109,7110,319.0,128590433,488.0,109860,484.0,1273272
7112,7110,7111,488.0,46509348,484.0,1273272,475.0,98699
7113,7111,7112,484.0,233270712,475.0,98699,475.0,100518
7114,7112,7113,475.0,42282755,475.0,100518,433.0,284373
7115,7113,7114,475.0,42383273,433.0,284373,454.0,99440
7116,7114,7115,433.0,197596893,454.0,99440,417.0,21591
7117,7115,7116,454.0,42344256,417.0,21591,417.0,99126
7118,7116,7117,417.0,42205647,417.0,99126,396.0,495615
7119,7117,7118,417.0,42304773,396.0,495615,319.0,12091
7120,7118,7119,396.0,198373265,319.0,12091,319.0,23703
7121,7119,7120,319.0,128605423,319.0,23703,366.0,24095
7122,7120,7121,319.0,128629126,366.0,24095,321.0,23747
7123,7121,7122,366.0,43605343,321.0,23747,321.0,23703
7124,7122,7123,321.0,128676614,321.0,23703,366.0,24098
7125,7123,7124,321.0,128700317,366.0,24098,319.0,23749
7126,7124,7125,366.0,43677666,319.0,23749,319.0,23703
7127,7125,7126,319.0,128747806,319.0,23703,366.0,24102
7128,7126,7127,319.0,128771509,366.0,24102,321.0,23750
7129,7127,7128,366.0,43749990,321.0,23750,338.0,35663
7130,7128,7129,321.0,128818997,338.0,35663,319.0,23578
7131,7129,7130,338.0,214357883,319.0,23578,344.0,23966
7132,7130,7131,319.0,128866264,344.0,23966,321.0,23615
7133,7131,7132,344.0,43600094,321.0,23615,343.0,23247
7134,7132,7133,321.0,128913488,343.0,23247,338.0,118091
7135,7133,7134,343.0,42284059,338.0,118091,319.0,23599
7136,7134,7135,338.0,214948091,319.0,23599,343.0,23203
7137,7135,7136,319.0,128984284,343.0,23203,338.0,117919
7138,7136,7137,343.0,42353703,338.0,117919,319.0,23582
7139,7137,7138,338.0,215301979,319.0,23582,311.0,5031
7140,7138,7139,319.0,129055079,311.0,5031,321.0,23426
7141,7139,7140,311.0,214327251,321.0,23426,319.0,23396
7142,7140,7141,321.0,129102110,319.0,23396,317.0,23798
7143,7141,7142,319.0,129125506,317.0,23798,311.0,117016
7144,7142,7143,317.0,43617270,311.0,117016,319.0,23411
7145,7143,7144,311.0,214795501,319.0,23411,316.0,23056
7146,7144,7145,319.0,129195776,316.0,23056,317.0,23763
7147,7145,7146,316.0,42323362,317.0,23763,319.0,23436
7148,7146,7147,317.0,43712403,319.0,23436,321.0,23396
7149,7147,7148,319.0,129266046,321.0,23396,316.0,23015
7150,7148,7149,321.0,129289441,316.0,23015,488.0,38474
7151,7149,7150,316.0,42415515,488.0,38474,484.0,922116
7152,7150,7151,488.0,46700106,484.0,922116,472.0,379889
7153,7151,7152,484.0,234230276,472.0,379889,475.0,100559
7154,7152,7153,472.0,198807169,475.0,100559,454.0,43499
7155,7153,7154,475.0,42604163,454.0,43499,454.0,99427
7156,7154,7155,454.0,42465883,454.0,99427,411.0,2070
7157,7155,7156,454.0,42565310,411.0,2070,417.0,99242
7158,7156,7157,411.0,3423230,417.0,99242,417.0,99126
7159,7157,7158,417.0,42525904,417.0,99126,365.0,7872
7160,7158,7159,417.0,42625030,365.0,7872,366.0,24072
7161,7159,7160,365.0,42430256,366.0,24072,319.0,23737
7162,7160,7161,366.0,43823048,319.0,23737,319.0,23703
7163,7161,7162,319.0,129375274,319.0,23703,366.0,24075
7164,7162,7163,319.0,129398977,366.0,24075,321.0,23738
7165,7163,7164,366.0,43895371,321.0,23738,321.0,23703
7166,7164,7165,321.0,129446465,321.0,23703,366.0,24078
7167,7165,7166,321.0,129470168,366.0,24078,319.0,23740
7168,7166,7167,366.0,43967694,319.0,23740,319.0,23703
7169,7167,7168,319.0,129517657,319.0,23703,321.0,23748
7170,7168,7169,319.0,129541360,321.0,23748,320.0,23571
7171,7169,7170,321.0,129565107,320.0,23571,344.0,23951
7172,7170,7171,320.0,129588678,344.0,23951,319.0,23609
7173,7171,7172,344.0,43841935,319.0,23609,343.0,23230
7174,7172,7173,319.0,129635903,343.0,23230,338.0,118025
7175,7173,7174,343.0,42518340,338.0,118025,321.0,23592
7176,7174,7175,338.0,216138410,321.0,23592,344.0,23998
7177,7175,7176,321.0,129706698,344.0,23998,338.0,117851
7178,7176,7177,344.0,43961854,338.0,117851,321.0,23575
7179,7177,7178,338.0,216492296,321.0,23575,344.0,23961
7180,7178,7179,321.0,129777493,344.0,23961,317.0,20730
7181,7179,7180,344.0,44033753,317.0,20730,311.0,117034
7182,7180,7181,317.0,43811578,311.0,117034,319.0,23413
7183,7181,7182,311.0,215751859,319.0,23413,316.0,23061
7184,7182,7183,319.0,129871390,316.0,23061,317.0,23768
7185,7183,7184,316.0,42511599,317.0,23768,311.0,116880
7186,7184,7185,317.0,43906712,311.0,116880,321.0,23397
7187,7185,7186,311.0,216220110,321.0,23397,316.0,23020
7188,7186,7187,321.0,129965055,316.0,23020,311.0,117130
7189,7187,7188,316.0,42603752,311.0,117130,321.0,23422
7190,7188,7189,311.0,216571585,321.0,23422,295.0,1034868
7191,7189,7190,321.0,130035325,295.0,1034868,484.0,570977
7192,7190,7191,295.0,213146788,484.0,570977,475.0,63781
7193,7191,7192,484.0,235189857,475.0,63781,470.0,8106
7194,7192,7193,475.0,42724493,470.0,8106,433.0,122912
7195,7193,7194,470.0,3453626,433.0,122912,454.0,99447
7196,7194,7195,433.0,199664952,454.0,99447,454.0,99427
7197,7195,7196,454.0,42786385,454.0,99427,396.0,392919
7198,7196,7197,454.0,42885812,396.0,392919,396.0,495592
7199,7197,7198,396.0,199934959,396.0,495592,360.0,19139
7200,7198,7199,396.0,200430551,360.0,19139,321.0,23726
7201,7199,7200,360.0,216763079,321.0,23726,365.0,23348
7202,7200,7201,321.0,130073933,365.0,23348,360.0,118696
7203,7201,7202,365.0,42711216,360.0,118696,319.0,23728
7204,7202,7203,360.0,217119046,319.0,23728,365.0,23352
7205,7203,7204,319.0,130145125,365.0,23352,360.0,118712
7206,7204,7205,365.0,42781280,360.0,118712,321.0,23729
7207,7205,7206,360.0,217475012,321.0,23729,365.0,23356
7208,7206,7207,321.0,130216316,365.0,23356,360.0,118728
7209,7207,7208,365.0,42851344,360.0,118728,319.0,23731
7210,7208,7209,360.0,217830978,319.0,23731,320.0,23585
7211,7209,7210,319.0,130287508,320.0,23585,338.0,118120
7212,7210,7211,320.0,130311092,338.0,118120,321.0,23601
7213,7211,7212,338.0,216974830,321.0,23601,343.0,23210
7214,7212,7213,321.0,130358316,343.0,23210,338.0,117947
7215,7213,7214,343.0,42752618,338.0,117947,319.0,23585
7216,7214,7215,338.0,217328717,319.0,23585,344.0,23982
7217,7215,7216,319.0,130429112,344.0,23982,321.0,23622
7218,7216,7217,344.0,44203694,321.0,23622,320.0,23571
7219,7217,7218,321.0,130476336,320.0,23571,344.0,23944
7220,7218,7219,320.0,130499907,344.0,23944,319.0,23477
7221,7219,7220,344.0,44275592,319.0,23477,316.0,23064
7222,7220,7221,319.0,130547003,316.0,23064,317.0,23770
7223,7221,7222,316.0,42699834,317.0,23770,311.0,116889
7224,7222,7223,317.0,44101018,311.0,116889,321.0,23398
7225,7223,7224,311.0,217176459,321.0,23398,316.0,23023
7226,7224,7225,321.0,130640668,316.0,23023,311.0,117142
7227,7225,7226,316.0,42791987,311.0,117142,319.0,23424
7228,7226,7227,311.0,217527937,319.0,23424,321.0,23396
7229,7227,7228,319.0,130710939,321.0,23396,317.0,23792
7230,7228,7229,321.0,130734334,317.0,23792,295.0,694804
7231,7229,7230,317.0,44267568,295.0,694804,484.0,219832
7232,7230,7231,295.0,213998364,484.0,219832,472.0,216545
7233,7231,7232,484.0,236149432,472.0,216545,475.0,100548
7234,7232,7233,472.0,200873345,475.0,100548,454.0,8973
7235,7233,7234,475.0,43045902,454.0,8973,454.0,99427
7236,7234,7235,454.0,42908013,454.0,99427,454.0,99427
7237,7235,7236,454.0,43007440,454.0,99427,417.0,69088
7238,7236,7237,454.0,43106867,417.0,69088,417.0,99126
7239,7237,7238,417.0,42968128,417.0,99126,381.0,229200
7240,7238,7239,417.0,43067254,381.0,229200,365.0,23074
7241,7239,7240,381.0,43128240,365.0,23074,360.0,118592
7242,7240,7241,365.0,42922114,360.0,118592,319.0,23718
7243,7241,7242,360.0,218190572,319.0,23718,365.0,23326
7244,7242,7243,319.0,130843785,365.0,23326,360.0,118608
7245,7243,7244,365.0,42992178,360.0,118608,319.0,23720
7246,7244,7245,360.0,218546538,319.0,23720,365.0,23331
7247,7245,7246,319.0,130914977,365.0,23331,360.0,118628
7248,7246,7247,365.0,43062243,360.0,118628,321.0,23721
7249,7247,7248,360.0,218902508,321.0,23721,365.0,23335
7250,7248,7249,321.0,130986168,365.0,23335,343.0,18217
7251,7249,7250,365.0,43132307,343.0,18217,338.0,118060
7252,7250,7251,343.0,42917257,338.0,118060,319.0,23596
7253,7251,7252,338.0,218165155,319.0,23596,343.0,23195
7254,7252,7253,319.0,131080732,343.0,23195,338.0,117888
7255,7253,7254,343.0,42986901,338.0,117888,319.0,23579
7256,7254,7255,338.0,218519043,319.0,23579,344.0,23968
7257,7255,7256,319.0,131151527,344.0,23968,321.0,23616
7258,7256,7257,344.0,44445536,321.0,23616,343.0,23249
7259,7257,7258,321.0,131198751,343.0,23249,338.0,118099
7260,7258,7259,343.0,43103081,338.0,118099,317.0,12447
7261,7259,7260,338.0,219109249,317.0,12447,311.0,116911
7262,7260,7261,317.0,44295327,311.0,116911,319.0,23401
7263,7261,7262,311.0,218132821,319.0,23401,316.0,23029
7264,7262,7263,319.0,131316283,316.0,23029,311.0,117164
7265,7263,7264,316.0,42980225,311.0,117164,319.0,23426
7266,7264,7265,311.0,218484299,319.0,23426,321.0,23396
7267,7265,7266,319.0,131386553,321.0,23396,317.0,23797
7268,7266,7267,321.0,131409948,317.0,23797,311.0,117011
7269,7267,7268,317.0,44461877,311.0,117011,321.0,23410
7270,7268,7269,311.0,218952551,321.0,23410,295.0,354754
7271,7269,7270,321.0,131480218,295.0,354754,488.0,235453
7272,7270,7271,295.0,214849954,488.0,235453,475.0,28866
7273,7271,7272,488.0,47683517,475.0,28866,472.0,470317
7274,7272,7273,475.0,43166234,472.0,470317,475.0,100551
7275,7273,7274,472.0,202376727,475.0,100551,433.0,426309
7276,7274,7275,475.0,43367313,433.0,426309,454.0,99435
7277,7275,7276,433.0,202197869,454.0,99435,417.0,51892
7278,7276,7277,454.0,43327943,417.0,51892,417.0,99126
7279,7277,7278,417.0,43189260,417.0,99126,381.0,94906
7280,7278,7279,417.0,43288386,381.0,94906,360.0,96432
7281,7279,7280,381.0,43232274,360.0,96432,319.0,23708
7282,7280,7281,360.0,219262092,319.0,23708,366.0,24117
7283,7281,7282,319.0,131542445,366.0,24117,360.0,118498
7284,7282,7283,366.0,44596789,360.0,118498,321.0,23709
7285,7283,7284,360.0,219618058,321.0,23709,366.0,24121
7286,7284,7285,321.0,131613636,366.0,24121,360.0,118517
7287,7285,7286,366.0,44669113,360.0,118517,319.0,23711
7288,7286,7287,360.0,219974027,319.0,23711,366.0,24124
7289,7287,7288,319.0,131684828,366.0,24124,360.0,118531
7290,7288,7289,366.0,44741436,360.0,118531,343.0,14168
7291,7289,7290,360.0,220329991,343.0,14168,338.0,117986
7292,7290,7291,343.0,43151536,338.0,117986,321.0,23588
7293,7291,7292,338.0,219355466,321.0,23588,344.0,23990
7294,7292,7293,321.0,131803145,344.0,23990,338.0,117814
7295,7293,7294,344.0,44615478,338.0,117814,319.0,23572
7296,7294,7295,338.0,219709354,319.0,23572,344.0,23953
7297,7295,7296,319.0,131873941,344.0,23953,319.0,23610
7298,7296,7297,344.0,44687377,319.0,23610,343.0,23232
7299,7297,7298,319.0,131921166,343.0,23232,338.0,118032
7300,7298,7299,343.0,43337362,338.0,118032,321.0,23528
7301,7299,7300,338.0,220299567,321.0,23528,316.0,23033
7302,7300,7301,321.0,131991896,316.0,23033,311.0,117180
7303,7301,7302,316.0,43168461,311.0,117180,321.0,23427
7304,7302,7303,311.0,219440655,321.0,23427,319.0,23396
7305,7303,7304,321.0,132062166,319.0,23396,317.0,23800
7306,7304,7305,319.0,132085562,317.0,23800,311.0,117025
7307,7305,7306,317.0,44656184,311.0,117025,319.0,23412
7308,7306,7307,311.0,219908905,319.0,23412,316.0,23058
7309,7307,7308,319.0,132155832,316.0,23058,317.0,23765
7310,7308,7309,316.0,43329810,317.0,23765,295.0,14684
7311,7309,7310,317.0,44751317,295.0,14684,488.0,164068
7312,7310,7311,295.0,215701524,488.0,164068,472.0,53204
7313,7311,7312,488.0,47874276,472.0,53204,475.0,100538
7314,7312,7313,472.0,202939524,475.0,100538,472.0,470317
7315,7313,7314,475.0,43487642,472.0,470317,454.0,73873
7316,7314,7315,472.0,203880087,454.0,73873,454.0,99427
7317,7315,7316,454.0,43449569,454.0,99427,396.0,134819
7318,7316,7317,454.0,43548996,396.0,134819,396.0,495592
7319,7317,7318,396.0,203021139,396.0,495592,406.0,11647
7320,7318,7319,396.0,203516731,406.0,11647,319.0,15192
7321,7319,7320,406.0,3509687,319.0,15192,366.0,24093
7322,7320,7321,319.0,132241104,366.0,24093,321.0,23746
7323,7321,7322,366.0,44814493,321.0,23746,321.0,23703
7324,7322,7323,321.0,132288592,321.0,23703,366.0,24096
7325,7323,7324,321.0,132312295,366.0,24096,319.0,23748
7326,7324,7325,366.0,44886816,319.0,23748,319.0,23703
7327,7325,7326,319.0,132359784,319.0,23703,366.0,24100
7328,7326,7327,319.0,132383487,366.0,24100,319.0,23750
7329,7327,7328,366.0,44959140,319.0,23750,319.0,23703
7330,7328,7329,319.0,132430976,319.0,23703,343.0,10120
7331,7329,7330,319.0,132454679,343.0,10120,338.0,117915
7332,7330,7331,343.0,43385816,338.0,117915,319.0,23582
7333,7331,7332,338.0,220545780,319.0,23582,344.0,23975
7334,7332,7333,319.0,132525560,344.0,23975,321.0,23619
7335,7333,7334,344.0,44857319,321.0,23619,320.0,23571
7336,7334,7335,321.0,132572784,320.0,23571,344.0,23937
7337,7335,7336,320.0,132596355,344.0,23937,321.0,23602
7338,7336,7337,344.0,44929217,321.0,23602,343.0,23212
7339,7337,7338,321.0,132643579,343.0,23212,338.0,117954
7340,7338,7339,343.0,43571640,338.0,117954,317.0,4162
7341,7339,7340,338.0,221489874,317.0,4162,321.0,23428
7342,7340,7341,317.0,44779074,321.0,23428,319.0,23396
7343,7341,7342,321.0,132737779,319.0,23396,317.0,23802
7344,7342,7343,319.0,132761175,317.0,23802,311.0,117034
7345,7343,7344,317.0,44850490,311.0,117034,319.0,23413
7346,7344,7345,311.0,220865254,319.0,23413,316.0,23061
7347,7345,7346,319.0,132831445,316.0,23061,317.0,23768
7348,7346,7347,316.0,43518045,317.0,23768,311.0,116880
7349,7347,7348,317.0,44945624,311.0,116880,321.0,23397
7350,7348,7349,311.0,221333505,321.0,23397,316.0,23020
7351,7349,7350,321.0,132925110,316.0,23020,488.0,92683
7352,7350,7351,316.0,43610198,488.0,92683,484.0,1188776
7353,7351,7352,488.0,48065035,484.0,1188776,472.0,441807
7354,7352,7353,484.0,241050536,472.0,441807,475.0,100539
7355,7353,7354,472.0,204442887,475.0,100539,433.0,264848
7356,7354,7355,475.0,43809051,433.0,264848,454.0,99441
7357,7355,7356,433.0,204265928,454.0,99441,417.0,17458
7358,7356,7357,454.0,43770071,417.0,17458,417.0,99126
7359,7357,7358,417.0,43631482,417.0,99126,417.0,99126
7360,7358,7359,417.0,43730608,417.0,99126,366.0,11271
7361,7359,7360,417.0,43829734,366.0,11271,319.0,23737
7362,7360,7361,366.0,45032199,319.0,23737,319.0,23703
7363,7361,7362,319.0,132987253,319.0,23703,366.0,24075
7364,7362,7363,319.0,133010956,366.0,24075,321.0,23738
7365,7363,7364,366.0,45104523,321.0,23738,321.0,23703
7366,7364,7365,321.0,133058444,321.0,23703,366.0,24078
7367,7365,7366,321.0,133082147,366.0,24078,319.0,23740
7368,7366,7367,366.0,45176846,319.0,23740,319.0,23703
7369,7367,7368,319.0,133129636,319.0,23703,366.0,24082
7370,7368,7369,319.0,133153339,366.0,24082,344.0,6334
7371,7369,7370,366.0,45249170,344.0,6334,338.0,117851
7372,7370,7371,344.0,45027262,338.0,117851,321.0,23575
7373,7371,7372,338.0,221736101,321.0,23575,344.0,23961
7374,7372,7373,321.0,133247974,344.0,23961,320.0,23613
7375,7373,7374,344.0,45099161,320.0,23613,343.0,23241
7376,7374,7375,320.0,133295199,343.0,23241,338.0,118067
7377,7375,7376,343.0,43736279,338.0,118067,321.0,23596
7378,7376,7377,338.0,222326312,321.0,23596,343.0,23196
7379,7377,7378,321.0,133365994,343.0,23196,338.0,117892
7380,7378,7379,343.0,43805922,338.0,117892,319.0,23579
7381,7379,7380,338.0,222680197,319.0,23579,317.0,23807
7382,7380,7381,319.0,133436789,317.0,23807,311.0,117057
7383,7381,7382,317.0,45044799,311.0,117057,314.0,23043
7384,7382,7383,311.0,221821617,314.0,23043,321.0,23396
7385,7383,7384,314.0,43683195,321.0,23396,317.0,23772
7386,7384,7385,321.0,133530454,317.0,23772,311.0,116898
7387,7385,7386,317.0,45139932,311.0,116898,321.0,23399
7388,7386,7387,311.0,222289863,321.0,23399,316.0,23025
7389,7387,7388,321.0,133600724,316.0,23025,311.0,117149
7390,7388,7389,316.0,43798435,311.0,117149,321.0,23424
7391,7389,7390,311.0,222641339,321.0,23424,488.0,21301
7392,7390,7391,321.0,133670994,488.0,21301,483.0,167528
7393,7391,7392,488.0,48255797,483.0,167528,475.0,77030
7394,7392,7393,483.0,48402024,475.0,77030,472.0,470245
7395,7393,7394,475.0,43929382,472.0,470245,454.0,39348
7396,7394,7395,472.0,205946265,454.0,39348,454.0,99427
7397,7395,7396,454.0,43891700,454.0,99427,433.0,466072
7398,7396,7397,454.0,43991127,433.0,466072,396.0,458196
7399,7397,7398,433.0,206230432,396.0,458196,417.0,99128
7400,7398,7399,396.0,205574036,417.0,99128,321.0,6968
7401,7399,7400,417.0,44050866,321.0,6968,365.0,23348
7402,7400,7401,321.0,133685912,365.0,23348,360.0,118696
7403,7401,7402,365.0,43882582,360.0,118696,319.0,23728
7404,7402,7403,360.0,223070341,319.0,23728,365.0,23352
7405,7403,7404,319.0,133757104,365.0,23352,360.0,118712
7406,7404,7405,365.0,43952646,360.0,118712,321.0,23729
7407,7405,7406,360.0,223426307,321.0,23729,365.0,23356
7408,7406,7407,321.0,133828295,365.0,23356,360.0,118728
7409,7407,7408,365.0,44022710,360.0,118728,319.0,23731
7410,7408,7409,360.0,223782273,319.0,23731,344.0,2159
7411,7409,7410,319.0,133899487,344.0,2159,319.0,23623
7412,7410,7411,344.0,45269103,319.0,23623,319.0,23571
7413,7411,7412,319.0,133946818,319.0,23571,344.0,23946
7414,7412,7413,319.0,133970389,344.0,23946,321.0,23606
7415,7413,7414,344.0,45341002,321.0,23606,343.0,23223
7416,7414,7415,321.0,134017613,343.0,23223,338.0,117997
7417,7415,7416,343.0,43970559,338.0,117997,321.0,23589
7418,7416,7417,338.0,223516627,321.0,23589,344.0,23992
7419,7417,7418,321.0,134088408,344.0,23992,338.0,117823
7420,7418,7419,344.0,45460920,338.0,117823,319.0,23573
7421,7419,7420,338.0,223870513,319.0,23573,319.0,23469
7422,7420,7421,319.0,134159204,319.0,23469,321.0,23396
7423,7421,7422,319.0,134182673,321.0,23396,317.0,23777
7424,7422,7423,321.0,134206068,317.0,23777,311.0,116920
7425,7423,7424,317.0,45334241,311.0,116920,321.0,23401
7426,7424,7425,311.0,223246225,321.0,23401,316.0,23030
7427,7425,7426,321.0,134276338,316.0,23030,311.0,117168
7428,7426,7427,316.0,43986672,311.0,117168,320.0,23426
7429,7427,7428,311.0,223597698,320.0,23426,321.0,23396
7430,7428,7429,320.0,134346608,321.0,23396,317.0,23797
7431,7429,7430,321.0,134370003,317.0,23797,295.0,953060
7432,7430,7431,317.0,45500789,295.0,953060,484.0,486503
7433,7431,7432,295.0,220214820,484.0,486503,472.0,278470
7434,7432,7433,484.0,242969703,472.0,278470,475.0,100529
7435,7433,7434,472.0,206509070,475.0,100529,433.0,103402
7436,7434,7435,475.0,44250791,433.0,103402,433.0,464835
7437,7435,7436,433.0,206334002,433.0,464835,454.0,99428
7438,7436,7437,433.0,206798837,454.0,99428,417.0,82151
7439,7437,7438,454.0,44311628,417.0,82151,396.0,495600
7440,7438,7439,417.0,44172831,396.0,495600,365.0,2798
7441,7439,7440,396.0,207098510,365.0,2798,360.0,118584
7442,7440,7441,365.0,44093478,360.0,118584,321.0,23717
7443,7441,7442,360.0,224141859,321.0,23717,365.0,23324
7444,7442,7443,321.0,134455763,365.0,23324,360.0,118600
7445,7443,7444,365.0,44163542,360.0,118600,319.0,23719
7446,7444,7445,360.0,224497825,319.0,23719,365.0,23328
7447,7445,7446,319.0,134526955,365.0,23328,360.0,118616
7448,7446,7447,365.0,44233606,360.0,118616,321.0,23720
7449,7447,7448,360.0,224853791,321.0,23720,365.0,23332
7450,7448,7449,321.0,134598146,365.0,23332,360.0,118632
7451,7449,7450,365.0,44303670,360.0,118632,319.0,23616
7452,7450,7451,360.0,225209757,319.0,23616,343.0,23248
7453,7451,7452,319.0,134669232,343.0,23248,338.0,118095
7454,7452,7453,343.0,44135194,338.0,118095,319.0,23599
7455,7453,7454,338.0,224353050,319.0,23599,343.0,23203
7456,7454,7455,319.0,134740027,343.0,23203,338.0,117919
7457,7455,7456,343.0,44204837,338.0,117919,319.0,23582
7458,7456,7457,338.0,224706934,319.0,23582,344.0,23975
7459,7457,7458,319.0,134810822,344.0,23975,321.0,23619
7460,7458,7459,344.0,45702759,321.0,23619,320.0,23571
7461,7459,7460,321.0,134858046,320.0,23571,317.0,15586
7462,7460,7461,320.0,134881617,317.0,15586,311.0,116925
7463,7461,7462,317.0,45528546,311.0,116925,319.0,23402
7464,7462,7463,311.0,224202570,319.0,23402,316.0,23032
7465,7463,7464,319.0,134951951,316.0,23032,311.0,117176
7466,7464,7465,316.0,44174906,311.0,117176,319.0,23427
7467,7465,7466,311.0,224554046,319.0,23427,321.0,23396
7468,7466,7467,319.0,135022221,321.0,23396,317.0,23799
7469,7467,7468,321.0,135045616,317.0,23799,311.0,117020
7470,7468,7469,317.0,45695095,311.0,117020,321.0,23411
7471,7469,7470,311.0,225022295,321.0,23411,295.0,612965
7472,7470,7471,321.0,135115886,295.0,612965,484.0,135327
7473,7471,7472,295.0,221066365,484.0,135327,475.0,42111
7474,7472,7473,484.0,243929247,475.0,42111,472.0,470152
7475,7473,7474,475.0,44371119,472.0,470152,454.0,4819
7476,7474,7475,472.0,208012422,454.0,4819,454.0,99427
7477,7475,7476,454.0,44333827,454.0,99427,443.0,7944
7478,7476,7477,454.0,44433254,443.0,7944,417.0,64953
7479,7477,7478,443.0,3591234,417.0,64953,417.0,99126
7480,7478,7479,417.0,44393961,417.0,99126,381.0,196879
7481,7479,7480,417.0,44493087,381.0,196879,321.0,22446
7482,7480,7481,381.0,44525887,321.0,22446,366.0,24114
7483,7481,7482,321.0,135154422,366.0,24114,360.0,118484
7484,7482,7483,366.0,45805938,360.0,118484,319.0,23708
7485,7483,7484,360.0,225569339,319.0,23708,366.0,24117
7486,7484,7485,319.0,135225614,366.0,24117,360.0,118498
7487,7485,7486,366.0,45878261,360.0,118498,321.0,23709
7488,7486,7487,360.0,225925303,321.0,23709,366.0,24121
7489,7487,7488,321.0,135296805,366.0,24121,360.0,118517
7490,7488,7489,366.0,45950585,360.0,118517,319.0,23711
7491,7489,7490,360.0,226281272,319.0,23711,321.0,23649
7492,7490,7491,319.0,135367997,321.0,23649,343.0,23228
7493,7491,7492,321.0,135391645,343.0,23228,338.0,118017
7494,7492,7493,343.0,44369472,338.0,118017,321.0,23591
7495,7493,7494,338.0,225543357,321.0,23591,344.0,23996
7496,7494,7495,321.0,135462440,344.0,23996,338.0,117841
7497,7495,7496,344.0,45872700,338.0,117841,321.0,23574
7498,7496,7497,338.0,225897241,321.0,23574,344.0,23958
7499,7497,7498,321.0,135533235,344.0,23958,319.0,23612
7500,7498,7499,344.0,45944598,319.0,23612,343.0,23238
7501,7499,7500,319.0,135580460,343.0,23238,320.0,23529
7502,7500,7501,343.0,44555296,320.0,23529,316.0,23035
7503,7501,7502,320.0,135627564,316.0,23035,317.0,23746
7504,7502,7503,316.0,44363141,317.0,23746,321.0,23428
7505,7503,7504,317.0,45817986,321.0,23428,319.0,23396
7506,7504,7505,321.0,135697834,319.0,23396,317.0,23802
7507,7505,7506,319.0,135721230,317.0,23802,311.0,117034
7508,7506,7507,317.0,45889402,311.0,117034,319.0,23413
7509,7507,7508,311.0,225978649,319.0,23413,316.0,23061
7510,7508,7509,319.0,135791500,316.0,23061,317.0,23768
7511,7509,7510,316.0,44524491,317.0,23768,295.0,272906
7512,7510,7511,317.0,45984536,295.0,272906,488.0,218272
7513,7511,7512,295.0,221917946,488.0,218272,475.0,24674
7514,7512,7513,488.0,49239200,475.0,24674,475.0,100518
7515,7513,7514,475.0,44592010,475.0,100518,472.0,470160
7516,7514,7515,475.0,44692528,472.0,470160,433.0,406769
7517,7515,7516,472.0,209515790,433.0,406769,454.0,99433
7518,7516,7517,433.0,208866889,454.0,99433,396.0,200066
7519,7517,7518,454.0,44753755,396.0,200066,396.0,495592
7520,7518,7519,396.0,208660186,396.0,495592,381.0,62572
7521,7519,7520,396.0,209155778,381.0,62572,366.0,18649
7522,7520,7521,381.0,44629908,366.0,18649,319.0,23745
7523,7521,7522,366.0,46023641,319.0,23745,319.0,23703
7524,7522,7523,319.0,135900570,319.0,23703,366.0,24093
7525,7523,7524,319.0,135924273,366.0,24093,321.0,23746
7526,7524,7525,366.0,46095965,321.0,23746,321.0,23703
7527,7525,7526,321.0,135971761,321.0,23703,366.0,24096
7528,7526,7527,321.0,135995464,366.0,24096,319.0,23748
7529,7527,7528,366.0,46168288,319.0,23748,319.0,23703
7530,7528,7529,319.0,136042953,319.0,23703,366.0,24100
7531,7529,7530,319.0,136066656,366.0,24100,319.0,23664
7532,7530,7531,366.0,46240612,319.0,23664,343.0,23208
7533,7531,7532,319.0,136114059,343.0,23208,338.0,117939
7534,7532,7533,343.0,44603750,338.0,117939,319.0,23584
7535,7533,7534,338.0,226733664,319.0,23584,344.0,23980
7536,7534,7535,319.0,136184854,344.0,23980,319.0,23622
7537,7535,7536,344.0,46114540,319.0,23622,319.0,23571
7538,7536,7537,319.0,136232079,319.0,23571,344.0,23944
7539,7537,7538,319.0,136255650,344.0,23944,321.0,23605
7540,7538,7539,344.0,46186440,321.0,23605,343.0,23220
7541,7539,7540,321.0,136302874,343.0,23220,317.0,7302
7542,7540,7541,343.0,44789576,317.0,7302,319.0,23430
7543,7541,7542,317.0,46012294,319.0,23430,321.0,23396
7544,7542,7543,319.0,136373448,321.0,23396,317.0,23806
7545,7543,7544,321.0,136396843,317.0,23806,311.0,117052
7546,7544,7545,317.0,46083710,311.0,117052,319.0,23415
7547,7545,7546,311.0,226935007,319.0,23415,321.0,23396
7548,7546,7547,319.0,136467114,321.0,23396,317.0,23772
7549,7547,7548,321.0,136490509,317.0,23772,311.0,116898
7550,7548,7549,317.0,46178844,311.0,116898,321.0,23399
7551,7549,7550,311.0,227403258,321.0,23399,316.0,23025
7552,7550,7551,321.0,136560779,316.0,23025,488.0,146891
7553,7551,7552,316.0,44804881,488.0,146891,475.0,7196
7554,7552,7553,488.0,49429963,475.0,7196,473.0,8108
7555,7553,7554,475.0,44812860,473.0,8108,475.0,100519
7556,7554,7555,473.0,3622048,475.0,100519,454.0,69721
7557,7555,7556,475.0,45013939,454.0,69721,454.0,99417
7558,7556,7557,454.0,44875385,454.0,99417,417.0,30521
7559,7557,7558,454.0,44974802,417.0,30521,417.0,99126
7560,7558,7559,417.0,44836185,417.0,99126,396.0,495631
7561,7559,7560,417.0,44935311,396.0,495631,319.0,14223
7562,7560,7561,396.0,210680281,319.0,14223,365.0,23373
7563,7561,7562,319.0,136599231,365.0,23373,366.0,24073
7564,7562,7563,365.0,44843049,366.0,24073,321.0,23737
7565,7563,7564,366.0,46313673,321.0,23737,321.0,23703
7566,7564,7565,321.0,136670422,321.0,23703,366.0,24076
7567,7565,7566,321.0,136694125,366.0,24076,319.0,23739
7568,7566,7567,366.0,46385996,319.0,23739,319.0,23703
7569,7567,7568,319.0,136741614,319.0,23703,366.0,24080
7570,7568,7569,319.0,136765317,366.0,24080,319.0,23741
7571,7569,7570,366.0,46458320,319.0,23741,319.0,23669
7572,7570,7571,319.0,136812806,319.0,23669,343.0,23195
7573,7571,7572,319.0,136836475,343.0,23195,338.0,117888
7574,7572,7573,343.0,44838035,338.0,117888,319.0,23579
7575,7573,7574,338.0,227923998,319.0,23579,344.0,23968
7576,7574,7575,319.0,136907270,344.0,23968,321.0,23616
7577,7575,7576,344.0,46356384,321.0,23616,343.0,23249
7578,7576,7577,321.0,136954494,343.0,23249,338.0,118099
7579,7577,7578,343.0,44954215,338.0,118099,321.0,23599
7580,7578,7579,338.0,228514204,321.0,23599,343.0,23204
7581,7579,7580,321.0,137025289,343.0,23204,321.0,23580
7582,7580,7581,343.0,45023858,321.0,23580,316.0,23004
7583,7581,7582,321.0,137072457,316.0,23004,311.0,117070
7584,7582,7583,316.0,44831768,311.0,117070,321.0,23416
7585,7583,7584,311.0,227891365,321.0,23416,319.0,23396
7586,7584,7585,321.0,137142727,319.0,23396,317.0,23776
7587,7585,7586,319.0,137166123,317.0,23776,311.0,116916
7588,7586,7587,317.0,46373152,311.0,116916,319.0,23401
7589,7587,7588,311.0,228359616,319.0,23401,316.0,23029
7590,7588,7589,319.0,137236393,316.0,23029,311.0,117164
7591,7589,7590,316.0,44993117,311.0,117164,319.0,23426
7592,7590,7591,311.0,228711089,319.0,23426,488.0,75507
7593,7591,7592,319.0,137306663,488.0,75507,484.0,1104286
7594,7592,7593,488.0,49620723,484.0,1104286,475.0,90277
7595,7593,7594,484.0,248830366,475.0,90277,472.0,470095
7596,7594,7595,475.0,45134269,472.0,470095,433.0,245330
7597,7595,7596,472.0,211581975,433.0,245330,454.0,99443
7598,7596,7597,433.0,210934970,454.0,99443,417.0,13325
7599,7597,7598,454.0,45195887,417.0,13325,417.0,99126
7600,7598,7599,417.0,45057317,417.0,99126,417.0,99126
7601,7599,7600,417.0,45156443,417.0,99126,365.0,9954
7602,7600,7601,417.0,45255569,365.0,9954,360.0,118688
7603,7601,7602,365.0,45053946,360.0,118688,320.0,23727
7604,7602,7603,360.0,229021628,320.0,23727,365.0,23350
7605,7603,7604,320.0,137369082,365.0,23350,360.0,118704
7606,7604,7605,365.0,45124010,360.0,118704,319.0,23729
7607,7605,7606,360.0,229377594,319.0,23729,365.0,23355
7608,7606,7607,319.0,137440274,365.0,23355,360.0,118724
7609,7607,7608,365.0,45194075,360.0,118724,321.0,23730
7610,7608,7609,360.0,229733564,321.0,23730,365.0,23359
7611,7609,7610,321.0,137511465,365.0,23359,320.0,23715
7612,7610,7611,365.0,45264139,320.0,23715,344.0,23991
7613,7611,7612,320.0,137558889,344.0,23991,338.0,117818
7614,7612,7613,344.0,46526327,338.0,117818,320.0,23572
7615,7613,7614,338.0,229114313,320.0,23572,344.0,23953
7616,7614,7615,320.0,137629684,344.0,23953,319.0,23610
7617,7615,7616,344.0,46598225,319.0,23610,343.0,23232
7618,7616,7617,319.0,137676909,343.0,23232,338.0,118032
7619,7617,7618,343.0,45188496,338.0,118032,319.0,23593
7620,7618,7619,338.0,229704522,319.0,23593,344.0,24000
7621,7619,7620,319.0,137747704,344.0,24000,338.0,117860
7622,7620,7621,344.0,46718144,338.0,117860,319.0,23419
7623,7621,7622,338.0,230058410,319.0,23419,321.0,23396
7624,7622,7623,319.0,137818342,321.0,23396,317.0,23781
7625,7623,7624,321.0,137841737,317.0,23781,311.0,116939
7626,7624,7625,317.0,46567461,311.0,116939,321.0,23403
7627,7625,7626,311.0,229315979,321.0,23403,316.0,23036
7628,7626,7627,321.0,137912007,316.0,23036,317.0,23747
7629,7627,7628,316.0,45181356,317.0,23747,319.0,23429
7630,7628,7629,317.0,46662595,319.0,23429,321.0,23396
7631,7629,7630,319.0,137982278,321.0,23396,317.0,23803
7632,7630,7631,321.0,138005673,317.0,23803,488.0,4134
7633,7631,7632,317.0,46734011,488.0,4134,484.0,753194
7634,7632,7633,488.0,49811494,484.0,753194,475.0,72844
7635,7633,7634,484.0,249789994,475.0,72844,475.0,100518
7636,7634,7635,475.0,45355164,475.0,100518,454.0,35198
7637,7635,7636,475.0,45455682,454.0,35198,454.0,99424
7638,7636,7637,454.0,45317518,454.0,99424,433.0,465793
7639,7637,7638,454.0,45416942,433.0,465793,396.0,437604
7640,7638,7639,433.0,212899493,396.0,437604,396.0,495592
7641,7639,7640,396.0,212242004,396.0,495592,360.0,29753
7642,7640,7641,396.0,212737596,360.0,29753,321.0,23717
7643,7641,7642,360.0,230093153,321.0,23717,365.0,23324
7644,7642,7643,321.0,138067742,365.0,23324,360.0,118600
7645,7643,7644,365.0,45334908,360.0,118600,319.0,23719
7646,7644,7645,360.0,230449120,319.0,23719,365.0,23328
7647,7645,7646,319.0,138138934,365.0,23328,360.0,118616
7648,7646,7647,365.0,45404972,360.0,118616,321.0,23720
7649,7647,7648,360.0,230805086,321.0,23720,365.0,23332
7650,7648,7649,321.0,138210125,365.0,23332,360.0,118632
7651,7649,7650,365.0,45475036,360.0,118632,321.0,23708
7652,7650,7651,360.0,231161052,321.0,23708,344.0,23976
7653,7651,7652,321.0,138281303,344.0,23976,319.0,23620
7654,7652,7653,344.0,46768168,319.0,23620,319.0,23571
7655,7653,7654,319.0,138328528,319.0,23571,344.0,23939
7656,7654,7655,319.0,138352099,344.0,23939,321.0,23603
7657,7655,7656,344.0,46840067,321.0,23603,343.0,23215
7658,7656,7657,321.0,138399323,343.0,23215,338.0,117966
7659,7657,7658,343.0,45422777,338.0,117966,321.0,23586
7660,7658,7659,338.0,230894841,321.0,23586,344.0,23985
7661,7659,7660,321.0,138470118,344.0,23985,319.0,23624
7662,7660,7661,344.0,46959985,319.0,23624,317.0,18729
7663,7661,7662,319.0,138517343,317.0,18729,311.0,116957
7664,7662,7663,317.0,46761769,311.0,116957,320.0,23405
7665,7663,7664,311.0,230272337,320.0,23405,316.0,23040
7666,7664,7665,320.0,138587621,316.0,23040,317.0,23750
7667,7665,7666,316.0,45369592,317.0,23750,319.0,23430
7668,7666,7667,317.0,46856902,319.0,23430,321.0,23396
7669,7667,7668,319.0,138657891,321.0,23396,317.0,23806
7670,7668,7669,321.0,138681286,317.0,23806,311.0,117052
7671,7669,7670,317.0,46928318,311.0,117052,319.0,23415
7672,7670,7671,311.0,231092062,319.0,23415,295.0,871266
7673,7671,7672,319.0,138751557,295.0,871266,484.0,402044
7674,7672,7673,295.0,227282866,484.0,402044,472.0,258959
7675,7673,7674,484.0,250749564,472.0,258959,475.0,100559
7676,7674,7675,472.0,213178119,475.0,100559,433.0,83906
7677,7675,7676,475.0,45676573,433.0,83906,433.0,464835
7678,7676,7677,433.0,213003066,433.0,464835,454.0,99432
7679,7677,7678,433.0,213467901,454.0,99432,417.0,78020
7680,7678,7679,454.0,45737446,417.0,78020,417.0,99126
7681,7679,7680,417.0,45598668,417.0,99126,363.0,1816
7682,7680,7681,417.0,45697794,363.0,1816,366.0,24115
7683,7681,7682,363.0,45522464,366.0,24115,360.0,118489
7684,7682,7683,366.0,47015091,360.0,118489,321.0,23708
7685,7683,7684,360.0,231520639,321.0,23708,366.0,24118
7686,7684,7685,321.0,138837593,366.0,24118,360.0,118503
7687,7685,7686,366.0,47087414,360.0,118503,319.0,23710
7688,7686,7687,360.0,231876603,319.0,23710,366.0,24122
7689,7687,7688,319.0,138908785,366.0,24122,360.0,118522
7690,7688,7689,366.0,47159738,360.0,118522,321.0,23711
7691,7689,7690,360.0,232232572,321.0,23711,366.0,24125
7692,7690,7691,321.0,138979976,366.0,24125,344.0,20953
7693,7691,7692,366.0,47232061,344.0,20953,320.0,23613
7694,7692,7693,344.0,47010009,320.0,23613,343.0,23241
7695,7693,7694,320.0,139050942,343.0,23241,338.0,118067
7696,7694,7695,343.0,45587413,338.0,118067,321.0,23596
7697,7695,7696,338.0,231731267,321.0,23596,343.0,23196
7698,7696,7697,321.0,139121737,343.0,23196,338.0,117892
7699,7697,7698,343.0,45657056,338.0,117892,321.0,23579
7700,7698,7699,338.0,232085152,321.0,23579,344.0,23969
7701,7699,7700,321.0,139192532,344.0,23969,319.0,23617
7702,7700,7701,344.0,47201825,319.0,23617,321.0,23478
7703,7701,7702,319.0,139239757,321.0,23478,316.0,23044
7704,7702,7703,321.0,139263234,316.0,23044,317.0,23753
7705,7703,7704,316.0,45557828,317.0,23753,321.0,23431
7706,7704,7705,317.0,47051209,321.0,23431,319.0,23396
7707,7705,7706,321.0,139333504,319.0,23396,316.0,23003
7708,7706,7707,319.0,139356900,316.0,23003,311.0,117066
7709,7707,7708,316.0,45649981,311.0,117066,319.0,23416
7710,7708,7709,311.0,232048416,319.0,23416,321.0,23396
7711,7709,7710,319.0,139427170,321.0,23396,317.0,23775
7712,7710,7711,321.0,139450565,317.0,23775,295.0,531194
7713,7711,7712,317.0,47217759,295.0,531194,484.0,50891
7714,7712,7713,295.0,228134434,484.0,50891,475.0,37926
7715,7713,7714,484.0,251709131,475.0,37926,472.0,470374
7716,7714,7715,475.0,45796902,472.0,470374,454.0,671
7717,7715,7716,472.0,214681484,454.0,671,454.0,99427
7718,7716,7717,454.0,45759647,454.0,99427,433.0,466155
7719,7717,7718,454.0,45859074,433.0,466155,396.0,265373
7720,7718,7719,433.0,214967555,396.0,265373,417.0,99127
7721,7719,7720,396.0,214299293,417.0,99127,381.0,164580
7722,7720,7721,417.0,45918925,381.0,164580,319.0,21478
7723,7721,7722,381.0,45923556,319.0,21478,319.0,23703
7724,7722,7723,319.0,139512550,319.0,23703,366.0,24095
7725,7723,7724,319.0,139536253,366.0,24095,321.0,23747
7726,7724,7725,366.0,47305119,321.0,23747,321.0,23703
7727,7725,7726,321.0,139583741,321.0,23703,366.0,24098
7728,7726,7727,321.0,139607444,366.0,24098,319.0,23749
7729,7727,7728,366.0,47377442,319.0,23749,319.0,23703
7730,7728,7729,319.0,139654933,319.0,23703,366.0,24102
7731,7729,7730,319.0,139678636,366.0,24102,321.0,23750
7732,7730,7731,366.0,47449766,321.0,23750,344.0,16778
7733,7731,7732,321.0,139726124,344.0,16778,321.0,23606
7734,7732,7733,344.0,47251850,321.0,23606,343.0,23223
7735,7733,7734,321.0,139773356,343.0,23223,338.0,117997
7736,7734,7735,343.0,45821693,338.0,117997,321.0,23589
7737,7735,7736,338.0,232921582,321.0,23589,344.0,23992
7738,7736,7737,321.0,139844151,344.0,23992,338.0,117823
7739,7737,7738,344.0,47371768,338.0,117823,319.0,23573
7740,7738,7739,338.0,233275468,319.0,23573,344.0,23955
7741,7739,7740,319.0,139914947,344.0,23955,321.0,23610
7742,7740,7741,344.0,47443667,321.0,23610,317.0,10445
7743,7741,7742,321.0,139962171,317.0,10445,321.0,23433
7744,7742,7743,317.0,47245517,321.0,23433,319.0,23396
7745,7743,7744,321.0,140009118,319.0,23396,316.0,23008
7746,7744,7745,319.0,140032514,316.0,23008,311.0,117085
7747,7745,7746,316.0,45838218,311.0,117085,319.0,23418
7748,7746,7747,311.0,233004775,319.0,23418,321.0,23396
7749,7747,7748,319.0,140102784,321.0,23396,317.0,23779
7750,7748,7749,321.0,140126179,317.0,23779,311.0,116929
7751,7749,7750,317.0,47412067,311.0,116929,321.0,23402
7752,7750,7751,311.0,233473024,321.0,23402,295.0,191133
7753,7751,7752,321.0,140196449,295.0,191133,488.0,201107
7754,7752,7753,295.0,228986013,488.0,201107,464.0,19123
7755,7753,7754,488.0,50794899,464.0,19123,475.0,100548
7756,7754,7755,464.0,43048859,475.0,100548,469.0,8109
7757,7755,7756,475.0,46118312,469.0,8109,433.0,387288
7758,7756,7757,469.0,3727324,433.0,387288,454.0,99440
7759,7757,7758,433.0,215535968,454.0,99440,417.0,43587
7760,7758,7759,454.0,46179576,417.0,43587,396.0,495600
7761,7759,7760,417.0,46040891,396.0,495600,381.0,30286
7762,7760,7761,396.0,215823770,381.0,30286,365.0,17110
7763,7761,7762,381.0,46027590,365.0,17110,366.0,24072
7764,7762,7763,365.0,46014414,366.0,24072,319.0,23737
7765,7763,7764,366.0,47522824,319.0,23737,319.0,23703
7766,7764,7765,319.0,140282401,319.0,23703,366.0,24075
7767,7765,7766,319.0,140306104,366.0,24075,321.0,23738
7768,7766,7767,366.0,47595147,321.0,23738,321.0,23703
7769,7767,7768,321.0,140353592,321.0,23703,366.0,24078
7770,7768,7769,321.0,140377295,366.0,24078,319.0,23740
7771,7769,7770,366.0,47667470,319.0,23740,319.0,23703
7772,7770,7771,319.0,140424784,319.0,23703,338.0,62025
7773,7771,7772,319.0,140448487,338.0,62025,319.0,23599
7774,7772,7773,338.0,233758005,319.0,23599,343.0,23203
7775,7773,7774,319.0,140495770,343.0,23203,338.0,117919
7776,7774,7775,343.0,46055971,338.0,117919,319.0,23582
7777,7775,7776,338.0,234111889,319.0,23582,344.0,23975
7778,7776,7777,319.0,140566565,344.0,23975,321.0,23619
7779,7777,7778,344.0,47613607,321.0,23619,320.0,23571
7780,7778,7779,321.0,140613789,320.0,23571,344.0,23937
7781,7779,7780,320.0,140637360,344.0,23937,321.0,23602
7782,7780,7781,344.0,47685505,321.0,23602,319.0,23542
7783,7781,7782,321.0,140684584,319.0,23542,316.0,23008
7784,7782,7783,319.0,140708126,316.0,23008,311.0,117085
7785,7783,7784,316.0,46026450,311.0,117085,319.0,23418
7786,7784,7785,311.0,233961115,319.0,23418,321.0,23396
7787,7785,7786,319.0,140778396,321.0,23396,317.0,23779
7788,7786,7787,321.0,140801791,317.0,23779,311.0,116929
7789,7787,7788,317.0,47606371,311.0,116929,321.0,23402
7790,7788,7789,311.0,234429364,321.0,23402,316.0,23033
7791,7789,7790,321.0,140872061,316.0,23033,311.0,117180
7792,7790,7791,316.0,46187799,311.0,117180,321.0,23427
7793,7791,7792,311.0,234780840,321.0,23427,488.0,129712
7794,7792,7793,321.0,140942331,488.0,129712,475.0,3005
7795,7793,7794,488.0,50985648,475.0,3005,472.0,470267
7796,7794,7795,475.0,46238637,472.0,470267,475.0,100544
7797,7795,7796,472.0,216747627,475.0,100544,454.0,65567
7798,7796,7797,475.0,46439716,454.0,65567,433.0,466178
7799,7797,7798,454.0,46301199,433.0,466178,417.0,26386
7800,7798,7799,433.0,217035588,417.0,26386,417.0,99126
7801,7799,7800,417.0,46262018,417.0,99126,417.0,99126
7802,7800,7801,417.0,46361144,417.0,99126,360.0,66066
7803,7801,7802,417.0,46460270,360.0,66066,321.0,23725
7804,7802,7803,360.0,234972906,321.0,23725,365.0,23345
7805,7803,7804,321.0,140981059,365.0,23345,360.0,118684
7806,7804,7805,365.0,46295371,360.0,118684,319.0,23727
7807,7805,7806,360.0,235328869,319.0,23727,365.0,23349
7808,7806,7807,319.0,141052251,365.0,23349,360.0,118700
7809,7807,7808,365.0,46365435,360.0,118700,321.0,23728
7810,7808,7809,360.0,235684835,321.0,23728,365.0,23353
7811,7809,7810,321.0,141123442,365.0,23353,360.0,118716
7812,7810,7811,365.0,46435499,360.0,118716,338.0,41467
7813,7811,7812,360.0,236040801,338.0,41467,319.0,23591
7814,7812,7813,338.0,234948307,319.0,23591,344.0,23995
7815,7813,7814,319.0,141218183,344.0,23995,338.0,117837
7816,7814,7815,344.0,47783547,338.0,117837,319.0,23574
7817,7815,7816,338.0,235302192,319.0,23574,344.0,23957
7818,7816,7817,319.0,141288978,344.0,23957,321.0,23611
7819,7817,7818,344.0,47855445,321.0,23611,343.0,23236
7820,7818,7819,321.0,141336202,343.0,23236,338.0,118048
7821,7819,7820,343.0,46406428,338.0,118048,321.0,23594
7822,7820,7821,338.0,235892398,321.0,23594,311.0,10620
7823,7821,7822,321.0,141406997,311.0,10620,321.0,23418
7824,7822,7823,311.0,234917460,321.0,23418,319.0,23396
7825,7823,7824,321.0,141454008,319.0,23396,317.0,23780
7826,7824,7825,319.0,141477404,317.0,23780,311.0,116934
7827,7825,7826,317.0,47800676,311.0,116934,319.0,23403
7828,7826,7827,311.0,235385709,319.0,23403,316.0,23035
7829,7827,7828,319.0,141547674,316.0,23035,317.0,23746
7830,7828,7829,316.0,46376033,317.0,23746,321.0,23428
7831,7829,7830,317.0,47895810,321.0,23428,319.0,23396
7832,7830,7831,321.0,141617944,319.0,23396,317.0,23802
7833,7831,7832,319.0,141641340,317.0,23802,488.0,58324
7834,7832,7833,317.0,47967226,488.0,58324,484.0,1019761
7835,7833,7834,488.0,51176404,484.0,1019761,475.0,86084
7836,7834,7835,484.0,256610161,475.0,86084,472.0,470259
7837,7835,7836,475.0,46560044,472.0,470259,433.0,225782
7838,7836,7837,472.0,218250979,433.0,225782,454.0,99440
7839,7837,7838,433.0,217603982,454.0,99440,396.0,7214
7840,7838,7839,454.0,46621698,396.0,7214,417.0,99137
7841,7839,7840,396.0,217385414,417.0,99137,417.0,99126
7842,7840,7841,417.0,46582273,417.0,99126,321.0,9098
7843,7841,7842,417.0,46681399,321.0,9098,365.0,23316
7844,7842,7843,321.0,141679718,365.0,23316,360.0,118568
7845,7843,7844,365.0,46506266,360.0,118568,319.0,23716
7846,7844,7845,360.0,236400383,319.0,23716,365.0,23320
7847,7845,7846,319.0,141750910,365.0,23320,360.0,118584
7848,7846,7847,365.0,46576330,360.0,118584,321.0,23717
7849,7847,7848,360.0,236756349,321.0,23717,365.0,23324
7850,7848,7849,321.0,141822101,365.0,23324,360.0,118600
7851,7849,7850,365.0,46646394,360.0,118600,319.0,23719
7852,7850,7851,360.0,237112315,319.0,23719,338.0,20917
7853,7851,7852,319.0,141893293,338.0,20917,319.0,23584
7854,7852,7853,338.0,236138617,319.0,23584,344.0,23980
7855,7853,7854,319.0,141940597,344.0,23980,319.0,23622
7856,7854,7855,344.0,48025388,319.0,23622,319.0,23571
7857,7855,7856,319.0,141987822,319.0,23571,344.0,23944
7858,7856,7857,319.0,142011393,344.0,23944,321.0,23605
7859,7857,7858,344.0,48097288,321.0,23605,343.0,23220
7860,7858,7859,321.0,142058617,343.0,23220,338.0,117986
7861,7859,7860,343.0,46640710,338.0,117986,321.0,23588
7862,7860,7861,338.0,237082721,321.0,23588,344.0,23990
7863,7861,7862,321.0,142129412,344.0,23990,317.0,21866
7864,7862,7863,344.0,48217206,317.0,21866,311.0,116961
7865,7863,7864,317.0,47994986,311.0,116961,321.0,23405
7866,7864,7865,311.0,236342076,321.0,23405,316.0,23041
7867,7865,7866,321.0,142223288,316.0,23041,317.0,23751
7868,7866,7867,316.0,46564271,317.0,23751,321.0,23430
7869,7867,7868,317.0,48090119,321.0,23430,319.0,23396
7870,7868,7869,321.0,142293558,319.0,23396,317.0,23807
7871,7869,7870,319.0,142316954,317.0,23807,311.0,117057
7872,7870,7871,317.0,48161535,311.0,117057,314.0,23043
7873,7871,7872,311.0,237161802,314.0,23043,295.0,1129442
7874,7872,7873,314.0,46702533,295.0,1129442,484.0,668633
7875,7873,7874,295.0,233499242,484.0,668633,472.0,320835
7876,7874,7875,484.0,257569753,472.0,320835,475.0,100533
7877,7875,7876,472.0,218813795,475.0,100533,454.0,31040
7878,7876,7877,475.0,46881455,454.0,31040,433.0,466231
7879,7877,7878,454.0,46743328,433.0,466231,433.0,464835
7880,7878,7879,433.0,219103651,433.0,464835,396.0,416945
7881,7879,7880,433.0,219568486,396.0,416945,396.0,495592
7882,7880,7881,396.0,218909905,396.0,495592,366.0,5101
7883,7881,7882,396.0,219405497,366.0,5101,360.0,118460
7884,7882,7883,366.0,48224237,360.0,118460,319.0,23706
7885,7883,7884,360.0,237471905,319.0,23706,366.0,24113
7886,7884,7885,319.0,142449570,366.0,24113,360.0,118479
7887,7885,7886,366.0,48296561,360.0,118479,321.0,23707
7888,7886,7887,360.0,237827874,321.0,23707,366.0,24116
7889,7887,7888,321.0,142520761,366.0,24116,360.0,118493
7890,7888,7889,366.0,48368884,360.0,118493,319.0,23709
7891,7889,7890,360.0,238183838,319.0,23709,366.0,24120
7892,7890,7891,319.0,142591953,366.0,24120,338.0,378
7893,7891,7892,366.0,48441208,338.0,378,321.0,23577
7894,7892,7893,338.0,237328938,321.0,23577,344.0,23965
7895,7893,7894,321.0,142663011,344.0,23965,319.0,23615
7896,7894,7895,344.0,48267229,319.0,23615,343.0,23246
7897,7895,7896,319.0,142710236,343.0,23246,338.0,118087
7898,7896,7897,343.0,46805346,338.0,118087,321.0,23598
7899,7897,7898,338.0,237919147,321.0,23598,343.0,23202
7900,7898,7899,321.0,142781031,343.0,23202,338.0,117915
7901,7899,7900,343.0,46874990,338.0,117915,319.0,23582
7902,7900,7901,338.0,238273035,319.0,23582,344.0,23975
7903,7901,7902,319.0,142851827,344.0,23975,320.0,23470
7904,7902,7903,344.0,48459047,320.0,23470,316.0,23045
7905,7903,7904,320.0,142898902,316.0,23045,317.0,23754
7906,7904,7905,316.0,46752507,317.0,23754,319.0,23432
7907,7905,7906,317.0,48284426,319.0,23432,321.0,23396
7908,7906,7907,319.0,142969172,321.0,23396,316.0,23004
7909,7907,7908,321.0,142992567,316.0,23004,311.0,117070
7910,7908,7909,316.0,46844660,311.0,117070,321.0,23416
7911,7909,7910,311.0,238118155,321.0,23416,319.0,23396
7912,7910,7911,321.0,143062837,319.0,23396,317.0,23776
7913,7911,7912,319.0,143086233,317.0,23776,295.0,789385
7914,7912,7913,317.0,48450976,295.0,789385,484.0,317495
7915,7913,7914,295.0,234350825,484.0,317495,475.0,51170
7916,7914,7915,484.0,258529335,475.0,51170,472.0,470202
7917,7915,7916,475.0,47001786,472.0,470202,433.0,64351
7918,7916,7917,472.0,220317172,433.0,64351,433.0,464835
7919,7917,7918,433.0,219672071,433.0,464835,454.0,99429
7920,7918,7919,433.0,220136906,454.0,99429,417.0,73883
7921,7919,7920,454.0,47163257,417.0,73883,417.0,99126
7922,7920,7921,417.0,47024499,417.0,99126,319.0,875
7923,7921,7922,417.0,47123625,319.0,875,319.0,23703
7924,7922,7923,319.0,143124527,319.0,23703,366.0,24091
7925,7923,7924,319.0,143148230,366.0,24091,319.0,23746
7926,7924,7925,366.0,48514267,319.0,23746,319.0,23703
7927,7925,7926,319.0,143195719,319.0,23703,366.0,24095
7928,7926,7927,319.0,143219422,366.0,24095,321.0,23747
7929,7927,7928,366.0,48586591,321.0,23747,321.0,23703
7930,7928,7929,321.0,143266910,321.0,23703,366.0,24098
7931,7929,7930,321.0,143290613,366.0,24098,319.0,23749
7932,7930,7931,366.0,48658914,319.0,23749,319.0,23703
7933,7931,7932,319.0,143338102,319.0,23703,321.0,23622
7934,7932,7933,319.0,143361805,321.0,23622,344.0,23952
7935,7933,7934,321.0,143385426,344.0,23952,341.0,23234
7936,7934,7935,344.0,48509072,341.0,23234,343.0,23230
7937,7935,7936,341.0,47016382,343.0,23230,338.0,118025
7938,7936,7937,343.0,47039628,338.0,118025,321.0,23592
7939,7937,7938,338.0,239109470,321.0,23592,344.0,23998
7940,7938,7939,321.0,143503446,344.0,23998,338.0,117851
7941,7939,7940,344.0,48628990,338.0,117851,321.0,23575
7942,7940,7941,338.0,239463356,321.0,23575,344.0,23961
7943,7941,7942,321.0,143574241,344.0,23961,317.0,13584
7944,7942,7943,344.0,48700889,317.0,13584,319.0,23435
7945,7943,7944,317.0,48478736,319.0,23435,321.0,23396
7946,7944,7945,319.0,143644787,321.0,23396,316.0,23012
7947,7945,7946,321.0,143668182,316.0,23012,311.0,117100
7948,7946,7947,316.0,47032900,311.0,117100,321.0,23419
7949,7947,7948,311.0,239074525,321.0,23419,319.0,23396
7950,7948,7949,321.0,143738452,319.0,23396,317.0,23782
7951,7949,7950,319.0,143761848,317.0,23782,311.0,116943
7952,7950,7951,317.0,48645286,311.0,116943,319.0,23404
7953,7951,7952,311.0,239542773,319.0,23404,295.0,449363
7954,7952,7953,319.0,143832118,295.0,449363,488.0,255313
7955,7953,7954,295.0,235202443,488.0,255313,472.0,157520
7956,7954,7955,488.0,52159825,472.0,157520,475.0,100526
7957,7955,7956,472.0,220880000,475.0,100526,472.0,470231
7958,7956,7957,475.0,47323198,472.0,470231,454.0,95924
7959,7957,7958,472.0,221820561,454.0,95924,433.0,464911
7960,7958,7959,454.0,47284868,433.0,464911,396.0,244746
7961,7959,7960,433.0,221636581,396.0,244746,396.0,495592
7962,7960,7961,396.0,220967226,396.0,495592,381.0,132257
7963,7961,7962,396.0,221462818,381.0,132257,366.0,20805
7964,7962,7963,381.0,47321201,366.0,20805,319.0,23736
7965,7963,7964,366.0,48731973,319.0,23736,365.0,23373
7966,7964,7965,319.0,143894379,365.0,23373,366.0,24073
7967,7965,7966,365.0,47255841,366.0,24073,321.0,23737
7968,7966,7967,366.0,48804297,321.0,23737,321.0,23703
7969,7967,7968,321.0,143965570,321.0,23703,366.0,24076
7970,7968,7969,321.0,143989273,366.0,24076,319.0,23739
7971,7969,7970,366.0,48876620,319.0,23739,319.0,23703
7972,7970,7971,319.0,144036762,319.0,23703,366.0,24080
7973,7971,7972,319.0,144060465,366.0,24080,320.0,23628
7974,7972,7973,366.0,48948944,320.0,23628,344.0,23937
7975,7973,7974,320.0,144107841,344.0,23937,321.0,23602
7976,7974,7975,344.0,48750913,321.0,23602,343.0,23212
7977,7975,7976,321.0,144155065,343.0,23212,338.0,117954
7978,7976,7977,343.0,47273908,338.0,117954,321.0,23585
7979,7977,7978,338.0,240299784,321.0,23585,344.0,23983
7980,7978,7979,321.0,144225860,344.0,23983,319.0,23623
7981,7979,7980,344.0,48870831,319.0,23623,319.0,23571
7982,7980,7981,319.0,144273085,319.0,23571,344.0,23946
7983,7981,7982,319.0,144296656,344.0,23946,321.0,23521
7984,7982,7983,344.0,48942730,321.0,23521,316.0,23015
7985,7983,7984,321.0,144343795,316.0,23015,311.0,117111
7986,7984,7985,316.0,47221135,311.0,117111,321.0,23420
7987,7985,7986,311.0,240030876,321.0,23420,319.0,23396
7988,7986,7987,321.0,144414065,319.0,23396,317.0,23785
7989,7987,7988,319.0,144437461,317.0,23785,311.0,116957
7990,7988,7989,317.0,48839593,311.0,116957,320.0,23405
7991,7989,7990,311.0,240499127,320.0,23405,316.0,23040
7992,7990,7991,320.0,144507731,316.0,23040,317.0,23750
7993,7991,7992,316.0,47382484,317.0,23750,295.0,109280
7994,7992,7993,317.0,48934726,295.0,109280,488.0,183925
7995,7993,7994,295.0,236054000,488.0,183925,475.0,16255
7996,7994,7995,488.0,52350581,475.0,16255,472.0,470138
7997,7995,7996,475.0,47443527,472.0,470138,475.0,100526
7998,7996,7997,472.0,222383358,475.0,100526,433.0,367749
7999,7997,7998,475.0,47644606,433.0,367749,454.0,99438
8000,7998,7999,433.0,222204989,454.0,99438,417.0,39451
8001,7999,8000,454.0,47605388,417.0,39451,417.0,99126
8002,8000,8001,417.0,47466723,417.0,99126,417.0,99490
8003,8001,8002,417.0,47565849,417.0,99490,321.0,16354
8004,8002,8003,417.0,47665339,321.0,16354,365.0,23345
8005,8003,8004,321.0,144593038,365.0,23345,360.0,118684
8006,8004,8005,365.0,47466737,360.0,118684,319.0,23727
8007,8005,8006,360.0,241280164,319.0,23727,365.0,23349
8008,8006,8007,319.0,144664230,365.0,23349,360.0,118700
8009,8007,8008,365.0,47536801,360.0,118700,321.0,23728
8010,8008,8009,360.0,241636130,321.0,23728,365.0,23353
8011,8009,8010,321.0,144735421,365.0,23353,360.0,118716
8012,8010,8011,365.0,47606865,360.0,118716,319.0,23730
8013,8011,8012,360.0,241992096,319.0,23730,343.0,11273
8014,8012,8013,319.0,144806613,343.0,11273,338.0,118060
8015,8013,8014,343.0,47438545,338.0,118060,319.0,23596
8016,8014,8015,338.0,241136215,319.0,23596,343.0,23195
8017,8015,8016,319.0,144877480,343.0,23195,338.0,117888
8018,8016,8017,343.0,47508189,338.0,117888,319.0,23579
8019,8017,8018,338.0,241490103,319.0,23579,344.0,23968
8020,8018,8019,319.0,144948275,344.0,23968,321.0,23616
8021,8019,8020,344.0,49112672,321.0,23616,343.0,23249
8022,8020,8021,321.0,144995499,343.0,23249,338.0,118099
8023,8021,8022,343.0,47624369,338.0,118099,311.0,26089
8024,8022,8023,338.0,242080309,311.0,26089,319.0,23422
8025,8023,8024,311.0,240987229,319.0,23422,321.0,23396
8026,8024,8025,319.0,145089679,321.0,23396,317.0,23788
8027,8025,8026,321.0,145113074,317.0,23788,311.0,116970
8028,8026,8027,317.0,49033900,311.0,116970,321.0,23406
8029,8027,8028,311.0,241455480,321.0,23406,316.0,23044
8030,8028,8029,321.0,145183344,316.0,23044,317.0,23753
8031,8029,8030,316.0,47570720,317.0,23753,321.0,23431
8032,8030,8031,317.0,49129033,321.0,23431,319.0,23396
8033,8031,8032,321.0,145253614,319.0,23396,316.0,23003
8034,8032,8033,319.0,145277010,316.0,23003,38.0,1
