region,warmup_rid,start_rid,warmup_bid,warmup_count,start_bid,start_count,end_bid,end_count
0,-1,-1,33.0,0,33.0,0,482.0,2290
1,-1,0,33.0,0,482.0,2290,460.0,1158
2,0,1,482.0,2290,460.0,1158,459.0,1621
3,1,2,460.0,1158,459.0,1621,428.0,517
4,2,3,465.0,2779,428.0,517,428.0,1500
5,3,4,428.0,517,428.0,1500,428.0,1500
6,4,5,428.0,2017,428.0,1500,389.0,1396
7,5,6,428.0,3517,389.0,1396,385.0,1599
8,6,7,389.0,1396,385.0,1599,318.0,91
9,7,8,389.0,2995,318.0,91,322.0,376
10,8,9,318.0,91,322.0,376,318.0,377
11,9,10,322.0,467,318.0,377,318.0,376
12,10,11,322.0,844,318.0,376,322.0,376
13,11,12,318.0,1221,322.0,376,318.0,377
14,12,13,322.0,1597,318.0,377,318.0,376
15,13,14,322.0,1974,318.0,376,322.0,376
16,14,15,318.0,2351,322.0,376,354.0,376
17,15,16,322.0,2727,354.0,376,318.0,376
18,16,17,322.0,3104,318.0,376,332.0,13
19,17,18,318.0,3481,332.0,13,330.0,374
20,18,19,332.0,13,330.0,374,318.0,374
21,19,20,330.0,388,318.0,374,322.0,374
22,20,21,337.0,762,322.0,374,330.0,374
23,21,22,332.0,1137,330.0,374,318.0,374
24,22,23,330.0,1512,318.0,374,322.0,374
25,23,24,337.0,1886,322.0,374,318.0,374
26,24,25,332.0,2261,318.0,374,322.0,374
27,25,26,328.0,2636,322.0,374,318.0,375
28,26,27,332.0,3010,318.0,375,318.0,374
29,27,28,332.0,3385,318.0,374,305.0,288
30,28,29,328.0,3760,305.0,288,318.0,371
31,29,30,305.0,288,318.0,371,299.0,371
32,30,31,301.0,660,299.0,371,322.0,371
33,31,32,310.0,1031,322.0,371,303.0,371
34,32,33,305.0,1403,303.0,371,318.0,371
35,33,34,303.0,1775,318.0,371,322.0,371
36,34,35,310.0,2146,322.0,371,318.0,372
37,35,36,305.0,2518,318.0,372,318.0,371
38,36,37,305.0,2890,318.0,371,299.0,371
39,37,38,301.0,3262,299.0,371,293.0,2746
40,38,39,310.0,3633,293.0,2746,482.0,1192
41,39,40,293.0,2746,482.0,1192,465.0,876
42,40,41,482.0,5288,465.0,876,460.0,1621
43,41,42,465.0,4720,460.0,1621,428.0,255
44,42,43,460.0,6342,428.0,255,444.0,26
45,43,44,428.0,3851,444.0,26,434.0,26
46,44,45,444.0,93,434.0,26,389.0,1118
47,45,46,434.0,118,389.0,1118,385.0,1599
48,46,47,391.0,4714,385.0,1599,322.0,25
49,47,48,391.0,6313,322.0,25,318.0,377
50,48,49,354.0,3869,318.0,377,318.0,376
51,49,50,354.0,4246,318.0,376,322.0,376
52,50,51,350.0,4623,322.0,376,318.0,377
53,51,52,354.0,4999,318.0,377,318.0,376
54,52,53,354.0,5376,318.0,376,322.0,376
55,53,54,350.0,5753,322.0,376,318.0,377
56,54,55,354.0,6129,318.0,377,318.0,376
57,55,56,354.0,6506,318.0,376,322.0,376
58,56,57,350.0,6883,322.0,376,318.0,377
59,57,58,354.0,7259,318.0,377,330.0,323
60,58,59,354.0,7636,330.0,323,318.0,374
61,59,60,330.0,4167,318.0,374,322.0,374
62,60,61,337.0,4541,322.0,374,318.0,374
63,61,62,332.0,4916,318.0,374,326.0,374
64,62,63,328.0,5291,326.0,374,322.0,374
65,63,64,337.0,5665,322.0,374,318.0,374
66,64,65,332.0,6040,318.0,374,322.0,374
67,65,66,328.0,6415,322.0,374,330.0,374
68,66,67,332.0,6789,330.0,374,318.0,374
69,67,68,330.0,7164,318.0,374,310.0,223
70,68,69,337.0,7538,310.0,223,322.0,371
71,69,70,310.0,4067,322.0,371,303.0,371
72,70,71,305.0,4439,303.0,371,318.0,371
73,71,72,303.0,4811,318.0,371,322.0,371
74,72,73,301.0,5183,322.0,371,318.0,372
75,73,74,305.0,5554,318.0,372,318.0,371
76,74,75,305.0,5926,318.0,371,299.0,371
77,75,76,301.0,6298,299.0,371,322.0,371
78,76,77,310.0,6669,322.0,371,303.0,371
79,77,78,305.0,7041,303.0,371,293.0,1649
80,78,79,303.0,7413,293.0,1649,482.0,95
81,79,80,293.0,5493,482.0,95,460.0,595
82,80,81,482.0,8287,460.0,595,459.0,1621
83,81,82,460.0,8283,459.0,1621,460.0,1621
84,82,83,465.0,9904,460.0,1621,428.0,1496
85,83,84,460.0,11526,428.0,1496,428.0,1500
86,84,85,428.0,8688,428.0,1500,389.0,840
87,85,86,428.0,10188,389.0,840,385.0,1599
88,86,87,391.0,8032,385.0,1599,380.0,2528
89,87,88,391.0,9631,380.0,2528,359.0,336
90,88,89,380.0,10216,359.0,336,322.0,376
91,89,90,359.0,8024,322.0,376,352.0,376
92,90,91,354.0,8401,352.0,376,318.0,376
93,91,92,352.0,8778,318.0,376,322.0,376
94,92,93,359.0,9154,322.0,376,352.0,376
95,93,94,354.0,9531,352.0,376,318.0,376
96,94,95,352.0,9908,318.0,376,322.0,376
97,95,96,359.0,10284,322.0,376,352.0,376
98,96,97,354.0,10661,352.0,376,318.0,376
99,97,98,352.0,11038,318.0,376,330.0,258
100,98,99,359.0,11414,330.0,258,318.0,374
101,99,100,330.0,7946,318.0,374,322.0,374
102,100,101,337.0,8320,322.0,374,318.0,374
103,101,102,332.0,8695,318.0,374,322.0,374
104,102,103,328.0,9070,322.0,374,318.0,375
105,103,104,332.0,9444,318.0,375,318.0,374
106,104,105,332.0,9819,318.0,374,322.0,374
107,105,106,328.0,10194,322.0,374,330.0,374
108,106,107,332.0,10568,330.0,374,318.0,374
109,107,108,330.0,10943,318.0,374,303.0,159
110,108,109,337.0,11317,303.0,159,318.0,371
111,109,110,303.0,7847,318.0,371,322.0,371
112,110,111,301.0,8219,322.0,371,318.0,372
113,111,112,305.0,8590,318.0,372,318.0,371
114,112,113,305.0,8962,318.0,371,299.0,371
115,113,114,301.0,9334,299.0,371,322.0,371
116,114,115,310.0,9705,322.0,371,318.0,372
117,115,116,305.0,10077,318.0,372,318.0,371
118,116,117,305.0,10449,318.0,371,299.0,371
119,117,118,301.0,10821,299.0,371,293.0,552
120,118,119,310.0,11192,293.0,552,487.0,3077
121,119,120,293.0,8240,487.0,3077,460.0,313
122,120,121,487.0,15365,460.0,313,459.0,1622
123,121,122,460.0,11845,459.0,1622,459.0,1621
124,122,123,460.0,13467,459.0,1621,444.0,22
125,123,124,465.0,15088,444.0,22,434.0,26
126,124,125,444.0,208,434.0,26,389.0,563
127,125,126,434.0,233,389.0,563,385.0,1599
128,126,127,391.0,11351,385.0,1599,380.0,362
129,127,128,391.0,12950,380.0,362,322.0,271
130,128,129,380.0,11894,322.0,271,352.0,376
131,129,130,354.0,11803,352.0,376,318.0,376
132,130,131,352.0,12180,318.0,376,322.0,376
133,131,132,359.0,12556,322.0,376,352.0,376
134,132,133,354.0,12933,352.0,376,318.0,376
135,133,134,352.0,13310,318.0,376,322.0,376
136,134,135,359.0,13686,322.0,376,352.0,376
137,135,136,354.0,14063,352.0,376,318.0,376
138,136,137,352.0,14440,318.0,376,322.0,376
139,137,138,359.0,14816,322.0,376,330.0,193
140,138,139,354.0,15193,330.0,193,318.0,374
141,139,140,330.0,11725,318.0,374,322.0,374
142,140,141,337.0,12099,322.0,374,318.0,374
143,141,142,332.0,12474,318.0,374,322.0,374
144,142,143,328.0,12849,322.0,374,330.0,374
145,143,144,332.0,13223,330.0,374,318.0,374
146,144,145,330.0,13598,318.0,374,322.0,374
147,145,146,337.0,13972,322.0,374,330.0,374
148,146,147,332.0,14347,330.0,374,318.0,374
149,147,148,330.0,14722,318.0,374,305.0,94
150,148,149,337.0,15096,305.0,94,318.0,372
151,149,150,305.0,11626,318.0,372,318.0,371
152,150,151,305.0,11998,318.0,371,299.0,371
153,151,152,301.0,12370,299.0,371,322.0,371
154,152,153,310.0,12741,322.0,371,318.0,372
155,153,154,305.0,13113,318.0,372,318.0,371
156,154,155,305.0,13485,318.0,371,299.0,371
157,155,156,301.0,13857,299.0,371,322.0,371
158,156,157,310.0,14228,322.0,371,303.0,371
159,157,158,305.0,14600,303.0,371,318.0,371
160,158,159,303.0,14972,318.0,371,487.0,1962
161,159,160,310.0,15343,487.0,1962,465.0,31
162,160,161,487.0,18346,465.0,31,460.0,1621
163,161,162,465.0,15407,460.0,1621,459.0,1622
164,162,163,460.0,17029,459.0,1622,428.0,975
165,163,164,460.0,18651,428.0,975,428.0,1500
166,164,165,428.0,15359,428.0,1500,389.0,285
167,165,166,428.0,16859,389.0,285,385.0,1599
168,166,167,391.0,14669,385.0,1599,385.0,1599
169,167,168,391.0,16268,385.0,1599,318.0,206
170,168,169,391.0,17867,318.0,206,348.0,376
171,169,170,350.0,15582,348.0,376,322.0,376
172,170,171,359.0,15958,322.0,376,318.0,376
173,171,172,354.0,16335,318.0,376,348.0,376
174,172,173,350.0,16712,348.0,376,322.0,376
175,173,174,359.0,17088,322.0,376,318.0,376
176,174,175,354.0,17465,318.0,376,348.0,376
177,175,176,350.0,17842,348.0,376,322.0,376
178,176,177,359.0,18218,322.0,376,318.0,376
179,177,178,354.0,18595,318.0,376,328.0,128
180,178,179,350.0,18972,328.0,128,322.0,374
181,179,180,328.0,15504,322.0,374,332.0,374
182,180,181,333.0,15878,332.0,374,318.0,374
183,181,182,332.0,16253,318.0,374,322.0,374
184,182,183,328.0,16628,322.0,374,330.0,374
185,183,184,332.0,17002,330.0,374,318.0,374
186,184,185,330.0,17377,318.0,374,322.0,374
187,185,186,337.0,17751,322.0,374,318.0,374
188,186,187,332.0,18126,318.0,374,326.0,374
189,187,188,328.0,18501,326.0,374,303.0,30
190,188,189,337.0,18875,303.0,30,318.0,371
191,189,190,303.0,15406,318.0,371,322.0,371
192,190,191,310.0,15777,322.0,371,318.0,372
193,191,192,305.0,16149,318.0,372,318.0,371
194,192,193,305.0,16521,318.0,371,299.0,371
195,193,194,301.0,16893,299.0,371,322.0,371
196,194,195,310.0,17264,322.0,371,303.0,371
197,195,196,305.0,17636,303.0,371,318.0,371
198,196,197,303.0,18008,318.0,371,322.0,371
199,197,198,310.0,18379,322.0,371,318.0,372
200,198,199,305.0,18751,318.0,372,487.0,846
201,199,200,305.0,19123,487.0,846,482.0,3123
202,200,201,487.0,21326,482.0,3123,465.0,1371
203,201,202,482.0,23603,465.0,1371,460.0,1621
204,202,203,465.0,20591,460.0,1621,428.0,713
205,203,204,460.0,22213,428.0,713,434.0,26
206,204,205,428.0,18693,434.0,26,389.0,8
207,205,206,434.0,348,389.0,8,387.0,1598
208,206,207,407.0,372,387.0,1598,385.0,1599
209,207,208,391.0,19586,385.0,1599,322.0,140
210,208,209,391.0,21185,322.0,140,318.0,377
211,209,210,354.0,19360,318.0,377,318.0,376
212,210,211,354.0,19737,318.0,376,322.0,376
213,211,212,350.0,20114,322.0,376,318.0,377
214,212,213,354.0,20490,318.0,377,318.0,376
215,213,214,354.0,20867,318.0,376,322.0,376
216,214,215,350.0,21244,322.0,376,318.0,377
217,215,216,354.0,21620,318.0,377,318.0,376
218,216,217,354.0,21997,318.0,376,322.0,376
219,217,218,350.0,22374,322.0,376,328.0,63
220,218,219,354.0,22750,328.0,63,322.0,374
221,219,220,328.0,19283,322.0,374,318.0,375
222,220,221,332.0,19657,318.0,375,318.0,374
223,221,222,332.0,20032,318.0,374,322.0,374
224,222,223,337.0,20406,322.0,374,330.0,374
225,223,224,332.0,20781,330.0,374,318.0,374
226,224,225,330.0,21156,318.0,374,322.0,374
227,225,226,337.0,21530,322.0,374,318.0,374
228,226,227,332.0,21905,318.0,374,322.0,374
229,227,228,328.0,22280,322.0,374,318.0,375
230,228,229,332.0,22654,318.0,375,305.0,337
231,229,230,332.0,23029,305.0,337,318.0,371
232,230,231,305.0,19557,318.0,371,299.0,371
233,231,232,301.0,19929,299.0,371,322.0,371
234,232,233,310.0,20300,322.0,371,303.0,371
235,233,234,305.0,20672,303.0,371,318.0,371
236,234,235,303.0,21044,318.0,371,322.0,371
237,235,236,301.0,21416,322.0,371,318.0,372
238,236,237,305.0,21787,318.0,372,318.0,371
239,237,238,305.0,22159,318.0,371,299.0,371
240,238,239,301.0,22531,299.0,371,293.0,3579
241,239,240,310.0,22902,293.0,3579,482.0,2025
242,240,241,293.0,22799,482.0,2025,460.0,1090
243,241,242,482.0,26601,460.0,1090,459.0,1621
244,242,243,460.0,24154,459.0,1621,428.0,454
245,243,244,467.0,25775,428.0,454,428.0,1500
246,244,245,428.0,22030,428.0,1500,428.0,1500
247,245,246,428.0,23530,428.0,1500,389.0,1329
248,246,247,428.0,25030,389.0,1329,385.0,1599
249,247,248,391.0,22905,385.0,1599,322.0,75
250,248,249,391.0,24504,322.0,75,318.0,376
251,249,250,352.0,23139,318.0,376,322.0,376
252,250,251,350.0,23516,322.0,376,353.0,376
253,251,252,354.0,23892,353.0,376,318.0,376
254,252,253,353.0,24269,318.0,376,322.0,376
255,253,254,350.0,24646,322.0,376,318.0,377
256,254,255,354.0,25022,318.0,377,318.0,376
257,255,256,354.0,25399,318.0,376,322.0,376
258,256,257,350.0,25776,322.0,376,318.0,377
259,257,258,354.0,26152,318.0,377,318.0,376
260,258,259,354.0,26529,318.0,376,332.0,372
261,259,260,350.0,26906,332.0,372,330.0,374
262,260,261,332.0,23436,330.0,374,318.0,374
263,261,262,330.0,23811,318.0,374,322.0,374
264,262,263,337.0,24185,322.0,374,330.0,374
265,263,264,332.0,24560,330.0,374,318.0,374
266,264,265,330.0,24935,318.0,374,322.0,374
267,265,266,337.0,25309,322.0,374,318.0,374
268,266,267,332.0,25684,318.0,374,322.0,374
269,267,268,328.0,26059,322.0,374,330.0,374
270,268,269,332.0,26433,330.0,374,310.0,272
271,269,270,330.0,26808,310.0,272,322.0,371
272,270,271,310.0,23336,322.0,371,303.0,371
273,271,272,305.0,23708,303.0,371,318.0,371
274,272,273,303.0,24080,318.0,371,322.0,371
275,273,274,301.0,24452,322.0,371,318.0,372
276,274,275,305.0,24823,318.0,372,318.0,371
277,275,276,305.0,25195,318.0,371,299.0,371
278,276,277,301.0,25567,299.0,371,322.0,371
279,277,278,310.0,25938,322.0,371,318.0,372
280,278,279,305.0,26310,318.0,372,293.0,2482
281,279,280,305.0,26682,293.0,2482,482.0,928
282,280,281,293.0,25546,482.0,928,465.0,808
283,281,282,482.0,29600,465.0,808,460.0,1621
284,282,283,465.0,27716,460.0,1621,428.0,192
285,283,284,460.0,29338,428.0,192,434.0,26
286,284,285,428.0,25364,434.0,26,434.0,26
287,285,286,434.0,463,434.0,26,389.0,1051
288,286,287,434.0,489,389.0,1051,385.0,1599
289,287,288,391.0,26223,385.0,1599,359.0,9
290,288,289,391.0,27822,359.0,9,322.0,376
291,289,290,359.0,26917,322.0,376,352.0,376
292,290,291,354.0,27294,352.0,376,318.0,376
293,291,292,352.0,27671,318.0,376,322.0,376
294,292,293,359.0,28047,322.0,376,352.0,376
295,293,294,354.0,28424,352.0,376,318.0,376
296,294,295,352.0,28801,318.0,376,322.0,376
297,295,296,359.0,29177,322.0,376,352.0,376
298,296,297,354.0,29554,352.0,376,318.0,376
299,297,298,352.0,29931,318.0,376,322.0,376
300,298,299,359.0,30307,322.0,376,332.0,307
301,299,300,354.0,30684,332.0,307,330.0,374
302,300,301,332.0,27215,330.0,374,318.0,374
303,301,302,330.0,27590,318.0,374,322.0,374
304,302,303,337.0,27964,322.0,374,318.0,374
305,303,304,332.0,28339,318.0,374,326.0,374
306,304,305,328.0,28714,326.0,374,322.0,374
307,305,306,337.0,29088,322.0,374,318.0,374
308,306,307,332.0,29463,318.0,374,322.0,374
309,307,308,328.0,29838,322.0,374,330.0,374
310,308,309,332.0,30212,330.0,374,303.0,208
311,309,310,330.0,30587,303.0,208,318.0,371
312,310,311,303.0,27116,318.0,371,322.0,371
313,311,312,301.0,27488,322.0,371,318.0,372
314,312,313,305.0,27859,318.0,372,303.0,371
315,313,314,305.0,28231,303.0,371,318.0,371
316,314,315,303.0,28603,318.0,371,322.0,371
317,315,316,310.0,28974,322.0,371,318.0,372
318,316,317,305.0,29346,318.0,372,318.0,371
319,317,318,305.0,29718,318.0,371,299.0,371
320,318,319,301.0,30090,299.0,371,293.0,1385
321,319,320,310.0,30461,293.0,1385,487.0,3924
322,320,321,293.0,28293,487.0,3924,460.0,527
323,321,322,487.0,36692,460.0,527,459.0,1621
324,322,323,460.0,31279,459.0,1621,460.0,1621
325,323,324,465.0,32900,460.0,1621,428.0,1433
326,324,325,460.0,34522,428.0,1433,428.0,1500
327,325,326,428.0,30201,428.0,1500,389.0,774
328,326,327,428.0,31701,389.0,774,387.0,1598
329,327,328,391.0,29542,387.0,1598,380.0,2007
330,328,329,391.0,31140,380.0,2007,322.0,321
331,329,330,380.0,32759,322.0,321,318.0,376
332,330,331,352.0,31073,318.0,376,322.0,376
333,331,332,359.0,31449,322.0,376,352.0,376
334,332,333,354.0,31826,352.0,376,318.0,376
335,333,334,352.0,32203,318.0,376,322.0,376
336,334,335,359.0,32579,322.0,376,352.0,376
337,335,336,354.0,32956,352.0,376,318.0,376
338,336,337,352.0,33333,318.0,376,322.0,376
339,337,338,359.0,33709,322.0,376,352.0,376
340,338,339,354.0,34086,352.0,376,332.0,242
341,339,340,352.0,34463,332.0,242,330.0,374
342,340,341,332.0,30994,330.0,374,318.0,374
343,341,342,330.0,31369,318.0,374,322.0,374
344,342,343,337.0,31743,322.0,374,318.0,374
345,343,344,332.0,32118,318.0,374,322.0,374
346,344,345,328.0,32493,322.0,374,318.0,375
347,345,346,332.0,32867,318.0,375,318.0,374
348,346,347,332.0,33242,318.0,374,322.0,374
349,347,348,328.0,33617,322.0,374,330.0,374
350,348,349,332.0,33991,330.0,374,305.0,143
351,349,350,330.0,34366,305.0,143,318.0,372
352,350,351,305.0,30895,318.0,372,303.0,371
353,351,352,305.0,31267,303.0,371,318.0,371
354,352,353,303.0,31639,318.0,371,322.0,371
355,353,354,310.0,32010,322.0,371,318.0,372
356,354,355,305.0,32382,318.0,372,318.0,371
357,355,356,305.0,32754,318.0,371,299.0,371
358,356,357,301.0,33126,299.0,371,322.0,371
359,357,358,310.0,33497,322.0,371,303.0,371
360,358,359,305.0,33869,303.0,371,293.0,288
361,359,360,303.0,34241,293.0,288,487.0,2809
362,360,361,293.0,31040,487.0,2809,465.0,245
363,361,362,487.0,39673,465.0,245,460.0,1621
364,362,363,465.0,34841,460.0,1621,459.0,1621
365,363,364,460.0,36463,459.0,1621,434.0,20
366,364,365,465.0,38084,434.0,20,434.0,26
367,365,366,434.0,578,434.0,26,389.0,496
368,366,367,434.0,604,389.0,496,385.0,1598
369,367,368,391.0,32860,385.0,1598,397.0,40
370,368,369,391.0,34459,397.0,40,359.0,255
371,369,370,397.0,598,359.0,255,322.0,376
372,370,371,359.0,34851,322.0,376,318.0,376
373,371,372,354.0,35228,318.0,376,348.0,376
374,372,373,350.0,35605,348.0,376,322.0,376
375,373,374,359.0,35981,322.0,376,318.0,376
376,374,375,354.0,36358,318.0,376,348.0,376
377,375,376,350.0,36735,348.0,376,322.0,376
378,376,377,359.0,37111,322.0,376,318.0,376
379,377,378,354.0,37488,318.0,376,348.0,376
380,378,379,350.0,37865,348.0,376,332.0,177
381,379,380,359.0,38241,332.0,177,318.0,374
382,380,381,332.0,34773,318.0,374,326.0,374
383,381,382,328.0,35148,326.0,374,322.0,374
384,382,383,337.0,35522,322.0,374,318.0,374
385,383,384,332.0,35897,318.0,374,322.0,374
386,384,385,328.0,36272,322.0,374,330.0,374
387,385,386,332.0,36646,330.0,374,318.0,374
388,386,387,330.0,37021,318.0,374,322.0,374
389,387,388,337.0,37395,322.0,374,330.0,374
390,388,389,332.0,37770,330.0,374,303.0,79
391,389,390,330.0,38145,303.0,79,318.0,371
392,390,391,303.0,34675,318.0,371,322.0,371
393,391,392,310.0,35046,322.0,371,318.0,372
394,392,393,305.0,35418,318.0,372,318.0,371
395,393,394,305.0,35790,318.0,371,299.0,371
396,394,395,301.0,36162,299.0,371,322.0,371
397,395,396,310.0,36533,322.0,371,303.0,371
398,396,397,305.0,36905,303.0,371,318.0,371
399,397,398,303.0,37277,318.0,371,322.0,371
400,398,399,301.0,37649,322.0,371,318.0,372
401,399,400,305.0,38020,318.0,372,487.0,1693
402,400,401,305.0,38392,487.0,1693,482.0,3956
403,401,402,487.0,42653,482.0,3956,465.0,1585
404,402,403,482.0,44916,465.0,1585,460.0,1621
405,403,404,465.0,40025,460.0,1621,428.0,912
406,404,405,460.0,41647,428.0,912,428.0,1500
407,405,406,428.0,36872,428.0,1500,389.0,218
408,406,407,428.0,38372,389.0,218,385.0,1599
409,407,408,391.0,36178,385.0,1599,385.0,1599
410,408,409,391.0,37777,385.0,1599,322.0,190
411,409,410,391.0,39376,322.0,190,318.0,376
412,410,411,354.0,38630,318.0,376,322.0,376
413,411,412,350.0,39007,322.0,376,318.0,377
414,412,413,354.0,39383,318.0,377,318.0,376
415,413,414,354.0,39760,318.0,376,322.0,376
416,414,415,350.0,40137,322.0,376,318.0,377
417,415,416,354.0,40513,318.0,377,318.0,376
418,416,417,354.0,40890,318.0,376,322.0,376
419,417,418,350.0,41267,322.0,376,318.0,377
420,418,419,354.0,41643,318.0,377,332.0,112
421,419,420,354.0,42020,332.0,112,318.0,374
422,420,421,332.0,38552,318.0,374,322.0,374
423,421,422,328.0,38927,322.0,374,318.0,375
424,422,423,332.0,39301,318.0,375,318.0,374
425,423,424,332.0,39676,318.0,374,322.0,374
426,424,425,328.0,40051,322.0,374,330.0,374
427,425,426,332.0,40425,330.0,374,318.0,374
428,426,427,330.0,40800,318.0,374,322.0,374
429,427,428,337.0,41174,322.0,374,318.0,374
430,428,429,332.0,41549,318.0,374,305.0,14
431,429,430,328.0,41924,305.0,14,318.0,372
432,430,431,305.0,38454,318.0,372,318.0,371
433,431,432,305.0,38826,318.0,371,299.0,371
434,432,433,301.0,39198,299.0,371,322.0,371
435,433,434,310.0,39569,322.0,371,303.0,371
436,434,435,305.0,39941,303.0,371,318.0,371
437,435,436,303.0,40313,318.0,371,322.0,371
438,436,437,301.0,40685,322.0,371,318.0,372
439,437,438,305.0,41056,318.0,372,318.0,371
440,438,439,305.0,41428,318.0,371,299.0,371
441,439,440,301.0,41800,299.0,371,487.0,578
442,440,441,310.0,42171,487.0,578,482.0,2859
443,441,442,487.0,45634,482.0,2859,460.0,1304
444,442,443,482.0,47915,460.0,1304,459.0,1621
445,443,444,460.0,43588,459.0,1621,434.0,11
446,444,445,465.0,45209,434.0,11,434.0,26
447,445,446,434.0,693,434.0,26,388.0,1
448,446,447,434.0,719,388.0,1,389.0,1540
449,447,448,407.0,683,389.0,1540,385.0,1599
450,448,449,391.0,41096,385.0,1599,318.0,125
451,449,450,391.0,42695,318.0,125,322.0,376
452,450,451,350.0,42409,322.0,376,353.0,376
453,451,452,354.0,42785,353.0,376,318.0,376
454,452,453,353.0,43162,318.0,376,322.0,376
455,453,454,350.0,43539,322.0,376,318.0,377
456,454,455,354.0,43915,318.0,377,318.0,376
457,455,456,354.0,44292,318.0,376,322.0,376
458,456,457,350.0,44669,322.0,376,318.0,377
459,457,458,354.0,45045,318.0,377,318.0,376
460,458,459,354.0,45422,318.0,376,332.0,47
461,459,460,350.0,45799,332.0,47,318.0,374
462,460,461,332.0,42331,318.0,374,322.0,374
463,461,462,328.0,42706,322.0,374,330.0,374
464,462,463,332.0,43080,330.0,374,318.0,374
465,463,464,330.0,43455,318.0,374,322.0,374
466,464,465,337.0,43829,322.0,374,330.0,374
467,465,466,332.0,44204,330.0,374,318.0,374
468,466,467,330.0,44579,318.0,374,322.0,374
469,467,468,337.0,44953,322.0,374,318.0,374
470,468,469,332.0,45328,318.0,374,322.0,374
471,469,470,328.0,45703,322.0,374,310.0,321
472,470,471,332.0,46077,310.0,321,322.0,371
473,471,472,310.0,42605,322.0,371,303.0,371
474,472,473,305.0,42977,303.0,371,318.0,371
475,473,474,303.0,43349,318.0,371,322.0,371
476,474,475,301.0,43721,322.0,371,318.0,372
477,475,476,305.0,44092,318.0,372,303.0,371
478,476,477,305.0,44464,303.0,371,318.0,371
479,477,478,303.0,44836,318.0,371,322.0,371
480,478,479,310.0,45207,322.0,371,318.0,372
481,479,480,305.0,45579,318.0,372,293.0,3315
482,480,481,305.0,45951,293.0,3315,482.0,1761
483,481,482,293.0,45599,482.0,1761,465.0,1022
484,482,483,482.0,50913,465.0,1022,460.0,1621
485,483,484,465.0,47150,460.0,1621,428.0,391
486,484,485,460.0,48772,428.0,391,428.0,1500
487,485,486,428.0,43543,428.0,1500,428.0,1500
488,486,487,428.0,45043,428.0,1500,389.0,1262
489,487,488,428.0,46543,389.0,1262,385.0,1599
490,488,489,391.0,44414,385.0,1599,322.0,59
491,489,490,391.0,46013,322.0,59,352.0,376
492,490,491,354.0,46187,352.0,376,318.0,376
493,491,492,352.0,46564,318.0,376,322.0,376
494,492,493,359.0,46940,322.0,376,352.0,376
495,493,494,354.0,47317,352.0,376,318.0,376
496,494,495,352.0,47694,318.0,376,322.0,376
497,495,496,359.0,48070,322.0,376,352.0,376
498,496,497,354.0,48447,352.0,376,318.0,376
499,497,498,352.0,48824,318.0,376,322.0,376
500,498,499,359.0,49200,322.0,376,352.0,376
501,499,500,354.0,49577,352.0,376,328.0,357
502,500,501,352.0,49954,328.0,357,322.0,374
503,501,502,328.0,46485,322.0,374,330.0,374
504,502,503,332.0,46859,330.0,374,318.0,374
505,503,504,330.0,47234,318.0,374,322.0,374
506,504,505,337.0,47608,322.0,374,318.0,374
507,505,506,332.0,47983,318.0,374,326.0,374
508,506,507,328.0,48358,326.0,374,322.0,374
509,507,508,337.0,48732,322.0,374,318.0,374
510,508,509,332.0,49107,318.0,374,322.0,374
511,509,510,328.0,49482,322.0,374,303.0,257
512,510,511,332.0,49856,303.0,257,318.0,371
513,511,512,303.0,46385,318.0,371,322.0,371
514,512,513,301.0,46757,322.0,371,318.0,372
515,513,514,305.0,47128,318.0,372,303.0,371
516,514,515,305.0,47500,303.0,371,318.0,371
517,515,516,303.0,47872,318.0,371,322.0,371
518,516,517,310.0,48243,322.0,371,318.0,372
519,517,518,305.0,48615,318.0,372,318.0,371
520,518,519,305.0,48987,318.0,371,299.0,371
521,519,520,301.0,49359,299.0,371,293.0,2218
522,520,521,310.0,49730,293.0,2218,482.0,664
523,521,522,293.0,48346,482.0,664,460.0,741
524,522,523,482.0,53912,460.0,741,459.0,1621
525,523,524,460.0,50713,459.0,1621,434.0,2
526,524,525,465.0,52334,434.0,2,434.0,26
527,525,526,434.0,808,434.0,26,428.0,1504
528,526,527,434.0,834,428.0,1504,389.0,984
529,527,528,428.0,49880,389.0,984,385.0,1599
530,528,529,391.0,47732,385.0,1599,380.0,3652
531,529,530,391.0,49331,380.0,3652,359.0,370
532,530,531,380.0,53624,359.0,370,322.0,376
533,531,532,359.0,50342,322.0,376,352.0,376
534,532,533,354.0,50719,352.0,376,318.0,376
535,533,534,352.0,51096,318.0,376,322.0,376
536,534,535,359.0,51472,322.0,376,352.0,376
537,535,536,354.0,51849,352.0,376,318.0,376
538,536,537,352.0,52226,318.0,376,322.0,376
539,537,538,359.0,52602,322.0,376,352.0,376
540,538,539,354.0,52979,352.0,376,318.0,376
541,539,540,352.0,53356,318.0,376,337.0,291
542,540,541,359.0,53732,337.0,291,322.0,374
543,541,542,337.0,50263,322.0,374,330.0,374
544,542,543,332.0,50638,330.0,374,318.0,374
545,543,544,330.0,51013,318.0,374,322.0,374
546,544,545,337.0,51387,322.0,374,318.0,374
547,545,546,332.0,51762,318.0,374,322.0,374
548,546,547,328.0,52137,322.0,374,318.0,375
549,547,548,332.0,52511,318.0,375,318.0,374
550,548,549,332.0,52886,318.0,374,322.0,374
551,549,550,328.0,53261,322.0,374,305.0,192
552,550,551,332.0,53635,305.0,192,318.0,372
553,551,552,305.0,50164,318.0,372,303.0,371
554,552,553,305.0,50536,303.0,371,318.0,371
555,553,554,303.0,50908,318.0,371,322.0,371
556,554,555,310.0,51279,322.0,371,318.0,372
557,555,556,305.0,51651,318.0,372,318.0,371
558,556,557,305.0,52023,318.0,371,299.0,371
559,557,558,301.0,52395,299.0,371,322.0,371
560,558,559,310.0,52766,322.0,371,303.0,371
561,559,560,305.0,53138,303.0,371,293.0,1121
562,560,561,303.0,53510,293.0,1121,487.0,3656
563,561,562,293.0,51093,487.0,3656,460.0,459
564,562,563,487.0,61000,460.0,459,459.0,1622
565,563,564,460.0,54275,459.0,1622,459.0,1621
566,564,565,460.0,55897,459.0,1621,428.0,1370
567,565,566,465.0,57518,428.0,1370,428.0,1500
568,566,567,428.0,51714,428.0,1500,389.0,707
569,567,568,428.0,53214,389.0,707,385.0,1599
570,568,569,391.0,51051,385.0,1599,380.0,1486
571,569,570,391.0,52650,380.0,1486,322.0,305
572,570,571,380.0,55302,322.0,305,318.0,376
573,571,572,354.0,54121,318.0,376,348.0,376
574,572,573,350.0,54498,348.0,376,322.0,376
575,573,574,359.0,54874,322.0,376,318.0,376
576,574,575,354.0,55251,318.0,376,348.0,376
577,575,576,350.0,55628,348.0,376,322.0,376
578,576,577,359.0,56004,322.0,376,318.0,376
579,577,578,354.0,56381,318.0,376,348.0,376
580,578,579,350.0,56758,348.0,376,322.0,376
581,579,580,359.0,57134,322.0,376,337.0,226
582,580,581,354.0,57511,337.0,226,322.0,374
583,581,582,337.0,54042,322.0,374,330.0,374
584,582,583,332.0,54417,330.0,374,318.0,374
585,583,584,330.0,54792,318.0,374,322.0,374
586,584,585,337.0,55166,322.0,374,318.0,374
587,585,586,332.0,55541,318.0,374,322.0,374
588,586,587,328.0,55916,322.0,374,330.0,374
589,587,588,332.0,56290,330.0,374,318.0,374
590,588,589,330.0,56665,318.0,374,322.0,374
591,589,590,337.0,57039,322.0,374,303.0,128
592,590,591,332.0,57414,303.0,128,318.0,371
593,591,592,303.0,53944,318.0,371,322.0,371
594,592,593,310.0,54315,322.0,371,318.0,372
595,593,594,305.0,54687,318.0,372,318.0,371
596,594,595,305.0,55059,318.0,371,299.0,371
597,595,596,301.0,55431,299.0,371,322.0,371
598,596,597,310.0,55802,322.0,371,303.0,371
599,597,598,305.0,56174,303.0,371,318.0,371
600,598,599,303.0,56546,318.0,371,322.0,371
601,599,600,301.0,56918,322.0,371,178.0,1
602,600,601,305.0,57289,178.0,1,487.0,2540
603,601,602,178.0,15,487.0,2540,460.0,178
604,602,603,487.0,63980,460.0,178,459.0,1621
605,603,604,460.0,57838,459.0,1621,459.0,1622
606,604,605,460.0,59459,459.0,1622,434.0,19
607,605,606,460.0,61081,434.0,19,439.0,26
608,606,607,434.0,949,439.0,26,389.0,429
609,607,608,439.0,975,389.0,429,385.0,1599
610,608,609,391.0,54369,385.0,1599,402.0,32
611,609,610,391.0,55968,402.0,32,318.0,240
612,610,611,402.0,962,318.0,240,322.0,376
613,611,612,350.0,57900,322.0,376,318.0,377
614,612,613,354.0,58276,318.0,377,318.0,376
615,613,614,354.0,58653,318.0,376,322.0,376
616,614,615,350.0,59030,322.0,376,318.0,377
617,615,616,354.0,59406,318.0,377,318.0,376
618,616,617,354.0,59783,318.0,376,322.0,376
619,617,618,350.0,60160,322.0,376,318.0,377
620,618,619,354.0,60536,318.0,377,318.0,376
621,619,620,354.0,60913,318.0,376,337.0,161
622,620,621,350.0,61290,337.0,161,322.0,374
623,621,622,337.0,57821,322.0,374,318.0,374
624,622,623,332.0,58196,318.0,374,322.0,374
625,623,624,328.0,58571,322.0,374,318.0,375
626,624,625,332.0,58945,318.0,375,318.0,374
627,625,626,332.0,59320,318.0,374,322.0,374
628,626,627,328.0,59695,322.0,374,330.0,374
629,627,628,332.0,60069,330.0,374,318.0,374
630,628,629,330.0,60444,318.0,374,322.0,374
631,629,630,337.0,60818,322.0,374,305.0,63
632,630,631,332.0,61193,305.0,63,318.0,372
633,631,632,305.0,57723,318.0,372,318.0,371
634,632,633,305.0,58095,318.0,371,299.0,371
635,633,634,301.0,58467,299.0,371,322.0,371
636,634,635,310.0,58838,322.0,371,303.0,371
637,635,636,305.0,59210,303.0,371,318.0,371
638,636,637,303.0,59582,318.0,371,322.0,371
639,637,638,301.0,59954,322.0,371,318.0,372
640,638,639,305.0,60325,318.0,372,303.0,371
641,639,640,305.0,60697,303.0,371,318.0,371
642,640,641,303.0,61069,318.0,371,487.0,1425
643,641,642,310.0,61440,487.0,1425,482.0,3692
644,642,643,487.0,66961,482.0,3692,460.0,1518
645,643,644,482.0,69228,460.0,1518,459.0,1621
646,644,645,460.0,63022,459.0,1621,428.0,849
647,645,646,460.0,64643,428.0,849,428.0,1500
648,646,647,428.0,58385,428.0,1500,389.0,152
649,647,648,428.0,59885,389.0,152,387.0,1598
650,648,649,391.0,57688,387.0,1598,385.0,1599
651,649,650,391.0,59286,385.0,1599,322.0,174
652,650,651,391.0,60885,322.0,174,352.0,376
653,651,652,354.0,61678,352.0,376,318.0,376
654,652,653,352.0,62055,318.0,376,322.0,376
655,653,654,350.0,62432,322.0,376,353.0,376
656,654,655,354.0,62808,353.0,376,318.0,376
657,655,656,353.0,63185,318.0,376,322.0,376
658,656,657,350.0,63562,322.0,376,318.0,377
659,657,658,354.0,63938,318.0,377,318.0,376
660,658,659,354.0,64315,318.0,376,322.0,376
661,659,660,350.0,64692,322.0,376,337.0,96
662,660,661,354.0,65068,337.0,96,322.0,374
663,661,662,337.0,61600,322.0,374,318.0,374
664,662,663,332.0,61975,318.0,374,322.0,374
665,663,664,328.0,62350,322.0,374,318.0,375
666,664,665,332.0,62724,318.0,375,318.0,374
667,665,666,332.0,63099,318.0,374,322.0,374
668,666,667,337.0,63473,322.0,374,330.0,374
669,667,668,332.0,63848,330.0,374,318.0,374
670,668,669,330.0,64223,318.0,374,322.0,374
671,669,670,337.0,64597,322.0,374,318.0,374
672,670,671,332.0,64972,318.0,374,310.0,370
673,671,672,328.0,65347,310.0,370,322.0,371
674,672,673,310.0,61874,322.0,371,303.0,371
675,673,674,305.0,62246,303.0,371,318.0,371
676,674,675,303.0,62618,318.0,371,322.0,371
677,675,676,301.0,62990,322.0,371,318.0,372
678,676,677,305.0,63361,318.0,372,303.0,371
679,677,678,305.0,63733,303.0,371,318.0,371
680,678,679,303.0,64105,318.0,371,322.0,371
681,679,680,310.0,64476,322.0,371,318.0,372
682,680,681,305.0,64848,318.0,372,487.0,310
683,681,682,305.0,65220,487.0,310,482.0,2595
684,682,683,487.0,69942,482.0,2595,460.0,1236
685,683,684,482.0,72227,460.0,1236,459.0,1622
686,684,685,460.0,66584,459.0,1622,434.0,10
687,685,686,460.0,68206,434.0,10,434.0,26
688,686,687,434.0,1064,434.0,26,428.0,1502
689,687,688,434.0,1090,428.0,1502,389.0,1473
690,688,689,428.0,64722,389.0,1473,385.0,1599
691,689,690,391.0,62605,385.0,1599,322.0,109
692,690,691,391.0,64204,322.0,109,318.0,376
693,691,692,352.0,65457,318.0,376,322.0,376
694,692,693,359.0,65833,322.0,376,352.0,376
695,693,694,354.0,66210,352.0,376,318.0,376
696,694,695,352.0,66587,318.0,376,322.0,376
697,695,696,359.0,66963,322.0,376,352.0,376
698,696,697,354.0,67340,352.0,376,318.0,376
699,697,698,352.0,67717,318.0,376,322.0,376
700,698,699,359.0,68093,322.0,376,352.0,376
701,699,700,354.0,68470,352.0,376,337.0,31
702,700,701,352.0,68847,337.0,31,322.0,374
703,701,702,337.0,65379,322.0,374,318.0,374
704,702,703,332.0,65754,318.0,374,322.0,374
705,703,704,328.0,66129,322.0,374,330.0,374
706,704,705,332.0,66503,330.0,374,318.0,374
707,705,706,330.0,66878,318.0,374,322.0,374
708,706,707,337.0,67252,322.0,374,330.0,374
709,707,708,332.0,67627,330.0,374,318.0,374
710,708,709,330.0,68002,318.0,374,322.0,374
711,709,710,337.0,68376,322.0,374,318.0,374
712,710,711,332.0,68751,318.0,374,303.0,306
713,711,712,328.0,69126,303.0,306,318.0,371
714,712,713,303.0,65654,318.0,371,322.0,371
715,713,714,301.0,66026,322.0,371,318.0,372
716,714,715,305.0,66397,318.0,372,303.0,371
717,715,716,305.0,66769,303.0,371,318.0,371
718,716,717,303.0,67141,318.0,371,322.0,371
719,717,718,310.0,67512,322.0,371,318.0,372
720,718,719,305.0,67884,318.0,372,318.0,371
721,719,720,305.0,68256,318.0,371,299.0,371
722,720,721,301.0,68628,299.0,371,293.0,3052
723,721,722,310.0,68999,293.0,3052,482.0,1497
724,722,723,293.0,68400,482.0,1497,465.0,954
725,723,724,482.0,75225,465.0,954,460.0,1621
726,724,725,465.0,70146,460.0,1621,428.0,328
727,725,726,460.0,71768,428.0,328,428.0,1500
728,726,727,428.0,65056,428.0,1500,428.0,1500
729,727,728,428.0,66556,428.0,1500,389.0,1195
730,728,729,428.0,68056,389.0,1195,385.0,1599
731,729,730,391.0,65923,385.0,1599,359.0,43
732,730,731,391.0,67522,359.0,43,322.0,376
733,731,732,359.0,69235,322.0,376,352.0,376
734,732,733,354.0,69612,352.0,376,318.0,376
735,733,734,352.0,69989,318.0,376,322.0,376
736,734,735,359.0,70365,322.0,376,352.0,376
737,735,736,354.0,70742,352.0,376,318.0,376
738,736,737,352.0,71119,318.0,376,322.0,376
739,737,738,359.0,71495,322.0,376,352.0,376
740,738,739,354.0,71872,352.0,376,318.0,376
741,739,740,352.0,72249,318.0,376,322.0,376
742,740,741,359.0,72625,322.0,376,332.0,341
743,741,742,354.0,73002,332.0,341,318.0,374
744,742,743,332.0,69533,318.0,374,322.0,374
745,743,744,328.0,69908,322.0,374,330.0,374
746,744,745,332.0,70282,330.0,374,318.0,374
747,745,746,330.0,70657,318.0,374,322.0,374
748,746,747,337.0,71031,322.0,374,318.0,374
749,747,748,332.0,71406,318.0,374,326.0,374
750,748,749,328.0,71781,326.0,374,322.0,374
751,749,750,337.0,72155,322.0,374,318.0,374
752,750,751,332.0,72530,318.0,374,310.0,241
753,751,752,328.0,72905,310.0,241,322.0,371
754,752,753,310.0,69433,322.0,371,303.0,371
755,753,754,305.0,69805,303.0,371,318.0,371
756,754,755,303.0,70177,318.0,371,322.0,371
757,755,756,310.0,70548,322.0,371,318.0,372
758,756,757,305.0,70920,318.0,372,318.0,371
759,757,758,305.0,71292,318.0,371,299.0,371
760,758,759,301.0,71664,299.0,371,322.0,371
761,759,760,310.0,72035,322.0,371,303.0,371
762,760,761,305.0,72407,303.0,371,293.0,1955
763,761,762,303.0,72779,293.0,1955,482.0,400
764,762,763,293.0,71147,482.0,400,460.0,673
765,763,764,482.0,78224,460.0,673,459.0,1621
766,764,765,460.0,73709,459.0,1621,434.0,1
767,765,766,465.0,75330,434.0,1,434.0,26
768,766,767,434.0,1179,434.0,26,428.0,1503
769,767,768,434.0,1205,428.0,1503,389.0,918
770,768,769,428.0,71393,389.0,918,387.0,1598
771,769,770,391.0,69242,387.0,1598,380.0,3131
772,770,771,391.0,70840,380.0,3131,318.0,355
773,771,772,380.0,76167,318.0,355,348.0,376
774,772,773,350.0,73391,348.0,376,322.0,376
775,773,774,359.0,73767,322.0,376,318.0,376
776,774,775,354.0,74144,318.0,376,348.0,376
777,775,776,350.0,74521,348.0,376,322.0,376
778,776,777,359.0,74897,322.0,376,318.0,376
779,777,778,354.0,75274,318.0,376,348.0,376
780,778,779,350.0,75651,348.0,376,322.0,376
781,779,780,359.0,76027,322.0,376,318.0,376
782,780,781,354.0,76404,318.0,376,330.0,276
783,781,782,350.0,76781,330.0,276,318.0,374
784,782,783,330.0,73312,318.0,374,322.0,374
785,783,784,337.0,73686,322.0,374,330.0,374
786,784,785,332.0,74061,330.0,374,318.0,374
787,785,786,330.0,74436,318.0,374,322.0,374
788,786,787,337.0,74810,322.0,374,318.0,374
789,787,788,332.0,75185,318.0,374,322.0,374
790,788,789,328.0,75560,322.0,374,318.0,375
791,789,790,332.0,75934,318.0,375,318.0,374
792,790,791,332.0,76309,318.0,374,303.0,177
793,791,792,328.0,76684,303.0,177,318.0,371
794,792,793,303.0,73213,318.0,371,322.0,371
795,793,794,310.0,73584,322.0,371,318.0,372
796,794,795,305.0,73956,318.0,372,318.0,371
797,795,796,305.0,74328,318.0,371,299.0,371
798,796,797,301.0,74700,299.0,371,322.0,371
799,797,798,310.0,75071,322.0,371,303.0,371
800,798,799,305.0,75443,303.0,371,318.0,371
801,799,800,303.0,75815,318.0,371,322.0,371
802,800,801,301.0,76187,322.0,371,293.0,857
803,801,802,305.0,76558,293.0,857,487.0,3387
804,802,803,293.0,73893,487.0,3387,465.0,391
805,803,804,487.0,85307,465.0,391,460.0,1621
806,804,805,465.0,77271,460.0,1621,459.0,1621
807,805,806,460.0,78893,459.0,1621,428.0,1307
808,806,807,465.0,80514,428.0,1307,428.0,1500
809,807,808,428.0,73227,428.0,1500,389.0,640
810,808,809,428.0,74727,389.0,640,385.0,1598
811,809,810,391.0,72560,385.0,1598,380.0,965
812,810,811,391.0,74159,380.0,965,322.0,289
813,811,812,380.0,77845,322.0,289,318.0,377
814,812,813,354.0,77169,318.0,377,318.0,376
815,813,814,354.0,77546,318.0,376,322.0,376
816,814,815,350.0,77923,322.0,376,318.0,377
817,815,816,354.0,78299,318.0,377,318.0,376
818,816,817,354.0,78676,318.0,376,322.0,376
819,817,818,350.0,79053,322.0,376,318.0,377
820,818,819,354.0,79429,318.0,377,318.0,376
821,819,820,354.0,79806,318.0,376,322.0,376
822,820,821,350.0,80183,322.0,376,330.0,211
823,821,822,354.0,80559,330.0,211,318.0,374
824,822,823,330.0,77091,318.0,374,322.0,374
825,823,824,337.0,77465,322.0,374,318.0,374
826,824,825,332.0,77840,318.0,374,326.0,374
827,825,826,328.0,78215,326.0,374,322.0,374
828,826,827,337.0,78589,322.0,374,318.0,374
829,827,828,332.0,78964,318.0,374,322.0,374
830,828,829,328.0,79339,322.0,374,330.0,374
831,829,830,332.0,79713,330.0,374,318.0,374
832,830,831,330.0,80088,318.0,374,305.0,112
833,831,832,337.0,80462,305.0,112,318.0,372
834,832,833,305.0,76992,318.0,372,318.0,371
835,833,834,305.0,77364,318.0,371,299.0,371
836,834,835,301.0,77736,299.0,371,322.0,371
837,835,836,310.0,78107,322.0,371,303.0,371
838,836,837,305.0,78479,303.0,371,318.0,371
839,837,838,303.0,78851,318.0,371,322.0,371
840,838,839,301.0,79223,322.0,371,318.0,372
841,839,840,305.0,79594,318.0,372,303.0,371
842,840,841,305.0,79966,303.0,371,318.0,371
843,841,842,303.0,80338,318.0,371,487.0,2272
844,842,843,310.0,80709,487.0,2272,460.0,110
845,843,844,487.0,88288,460.0,110,459.0,1621
846,844,845,460.0,80834,459.0,1621,460.0,1621
847,845,846,465.0,82455,460.0,1621,434.0,18
848,846,847,460.0,84077,434.0,18,428.0,1503
849,847,848,434.0,1320,428.0,1503,389.0,362
850,848,849,428.0,78064,389.0,362,385.0,1599
851,849,850,391.0,75878,385.0,1599,385.0,1599
852,850,851,391.0,77477,385.0,1599,322.0,224
853,851,852,391.0,79076,322.0,224,318.0,376
854,852,853,352.0,80948,318.0,376,322.0,376
855,853,854,350.0,81325,322.0,376,353.0,376
856,854,855,354.0,81701,353.0,376,318.0,376
857,855,856,353.0,82078,318.0,376,322.0,376
858,856,857,350.0,82455,322.0,376,318.0,377
859,857,858,354.0,82831,318.0,377,318.0,376
860,858,859,354.0,83208,318.0,376,322.0,376
861,859,860,350.0,83585,322.0,376,318.0,377
862,860,861,354.0,83961,318.0,377,330.0,146
863,861,862,354.0,84338,330.0,146,318.0,374
864,862,863,330.0,80870,318.0,374,322.0,374
865,863,864,337.0,81244,322.0,374,318.0,374
866,864,865,332.0,81619,318.0,374,322.0,374
867,865,866,328.0,81994,322.0,374,318.0,375
868,866,867,332.0,82368,318.0,375,318.0,374
869,867,868,332.0,82743,318.0,374,322.0,374
870,868,869,328.0,83118,322.0,374,330.0,374
871,869,870,332.0,83492,330.0,374,318.0,374
872,870,871,330.0,83867,318.0,374,301.0,48
873,871,872,337.0,84241,301.0,48,299.0,371
874,872,873,301.0,80772,299.0,371,322.0,371
875,873,874,310.0,81143,322.0,371,303.0,371
876,874,875,305.0,81515,303.0,371,318.0,371
877,875,876,303.0,81887,318.0,371,322.0,371
878,876,877,301.0,82259,322.0,371,318.0,372
879,877,878,305.0,82630,318.0,372,303.0,371
880,878,879,305.0,83002,303.0,371,318.0,371
881,879,880,303.0,83374,318.0,371,322.0,371
882,880,881,310.0,83745,322.0,371,318.0,372
883,881,882,305.0,84117,318.0,372,487.0,1156
884,882,883,305.0,84489,487.0,1156,482.0,3428
885,883,884,487.0,91268,482.0,3428,460.0,1450
886,884,885,482.0,93540,460.0,1450,459.0,1621
887,885,886,460.0,86018,459.0,1621,428.0,786
888,886,887,465.0,87639,428.0,786,428.0,1500
889,887,888,428.0,79898,428.0,1500,389.0,85
890,888,889,428.0,81398,389.0,85,385.0,1599
891,889,890,391.0,79197,385.0,1599,385.0,1599
892,890,891,391.0,80796,385.0,1599,359.0,158
893,891,892,391.0,82395,359.0,158,322.0,376
894,892,893,359.0,84726,322.0,376,352.0,376
895,893,894,354.0,85103,352.0,376,318.0,376
896,894,895,352.0,85480,318.0,376,322.0,376
897,895,896,359.0,85856,322.0,376,352.0,376
898,896,897,354.0,86233,352.0,376,318.0,376
899,897,898,352.0,86610,318.0,376,322.0,376
900,898,899,359.0,86986,322.0,376,352.0,376
901,899,900,354.0,87363,352.0,376,318.0,376
902,900,901,352.0,87740,318.0,376,330.0,81
903,901,902,359.0,88116,330.0,81,318.0,374
904,902,903,330.0,84649,318.0,374,322.0,374
905,903,904,337.0,85023,322.0,374,318.0,374
906,904,905,332.0,85398,318.0,374,322.0,374
907,905,906,328.0,85773,322.0,374,330.0,374
908,906,907,332.0,86147,330.0,374,318.0,374
909,907,908,330.0,86522,318.0,374,322.0,374
910,908,909,337.0,86896,322.0,374,330.0,374
911,909,910,332.0,87271,330.0,374,318.0,374
912,910,911,330.0,87646,318.0,374,322.0,374
913,911,912,337.0,88020,322.0,374,303.0,355
914,912,913,332.0,88395,303.0,355,318.0,371
915,913,914,303.0,84923,318.0,371,322.0,371
916,914,915,301.0,85295,322.0,371,318.0,372
917,915,916,305.0,85666,318.0,372,303.0,371
918,916,917,305.0,86038,303.0,371,318.0,371
919,917,918,303.0,86410,318.0,371,322.0,371
920,918,919,310.0,86781,322.0,371,318.0,372
921,919,920,305.0,87153,318.0,372,318.0,371
922,920,921,305.0,87525,318.0,371,299.0,371
923,921,922,301.0,87897,299.0,371,161.0,1
924,922,923,310.0,88268,161.0,1,482.0,2331
925,923,924,38.0,22,482.0,2331,465.0,1168
926,924,925,482.0,96539,465.0,1168,460.0,1621
927,925,926,465.0,89580,460.0,1621,434.0,9
928,926,927,460.0,91202,434.0,9,428.0,1503
929,927,928,434.0,1435,428.0,1503,428.0,1500
930,928,929,428.0,84735,428.0,1500,389.0,1406
931,929,930,428.0,86235,389.0,1406,385.0,1599
932,930,931,391.0,84114,385.0,1599,322.0,93
933,931,932,391.0,85713,322.0,93,352.0,376
934,932,933,354.0,88505,352.0,376,318.0,376
935,933,934,352.0,88882,318.0,376,322.0,376
936,934,935,359.0,89258,322.0,376,352.0,376
937,935,936,354.0,89635,352.0,376,318.0,376
938,936,937,352.0,90012,318.0,376,322.0,376
939,937,938,359.0,90388,322.0,376,352.0,376
940,938,939,354.0,90765,352.0,376,318.0,376
941,939,940,352.0,91142,318.0,376,322.0,376
942,940,941,359.0,91518,322.0,376,328.0,16
943,941,942,354.0,91895,328.0,16,322.0,374
944,942,943,328.0,88428,322.0,374,332.0,374
945,943,944,333.0,88802,332.0,374,318.0,374
946,944,945,332.0,89177,318.0,374,322.0,374
947,945,946,328.0,89552,322.0,374,330.0,374
948,946,947,332.0,89926,330.0,374,318.0,374
949,947,948,330.0,90301,318.0,374,322.0,374
950,948,949,337.0,90675,322.0,374,318.0,374
951,949,950,332.0,91050,318.0,374,326.0,374
952,950,951,328.0,91425,326.0,374,322.0,374
953,951,952,337.0,91799,322.0,374,310.0,290
954,952,953,332.0,92174,310.0,290,322.0,371
955,953,954,310.0,88702,322.0,371,303.0,371
956,954,955,305.0,89074,303.0,371,318.0,371
957,955,956,303.0,89446,318.0,371,322.0,371
958,956,957,310.0,89817,322.0,371,318.0,372
959,957,958,305.0,90189,318.0,372,318.0,371
960,958,959,305.0,90561,318.0,371,299.0,371
961,959,960,301.0,90933,299.0,371,322.0,371
962,960,961,310.0,91304,322.0,371,303.0,371
963,961,962,305.0,91676,303.0,371,293.0,2787
964,962,963,303.0,92048,293.0,2787,482.0,1233
965,963,964,293.0,91199,482.0,1233,460.0,887
966,964,965,482.0,99537,460.0,887,459.0,1621
967,965,966,460.0,93143,459.0,1621,428.0,265
968,966,967,465.0,94764,428.0,265,428.0,1500
969,967,968,428.0,86569,428.0,1500,428.0,1500
970,968,969,428.0,88069,428.0,1500,389.0,1128
971,969,970,428.0,89569,389.0,1128,385.0,1599
972,970,971,391.0,87432,385.0,1599,318.0,28
973,971,972,391.0,89031,318.0,28,348.0,376
974,972,973,350.0,92284,348.0,376,322.0,376
975,973,974,359.0,92660,322.0,376,318.0,376
976,974,975,354.0,93037,318.0,376,348.0,376
977,975,976,350.0,93414,348.0,376,322.0,376
978,976,977,359.0,93790,322.0,376,318.0,376
979,977,978,354.0,94167,318.0,376,348.0,376
980,978,979,350.0,94544,348.0,376,322.0,376
981,979,980,359.0,94920,322.0,376,318.0,376
982,980,981,354.0,95297,318.0,376,348.0,376
983,981,982,350.0,95674,348.0,376,332.0,325
984,982,983,359.0,96050,332.0,325,318.0,375
985,983,984,332.0,92581,318.0,375,318.0,374
986,984,985,332.0,92956,318.0,374,322.0,374
987,985,986,328.0,93331,322.0,374,330.0,374
988,986,987,332.0,93705,330.0,374,318.0,374
989,987,988,330.0,94080,318.0,374,322.0,374
990,988,989,337.0,94454,322.0,374,318.0,374
991,989,990,332.0,94829,318.0,374,322.0,374
992,990,991,328.0,95204,322.0,374,318.0,375
993,991,992,332.0,95578,318.0,375,303.0,226
994,992,993,332.0,95953,303.0,226,318.0,371
995,993,994,303.0,92482,318.0,371,322.0,371
996,994,995,310.0,92853,322.0,371,318.0,372
997,995,996,305.0,93225,318.0,372,318.0,371
998,996,997,305.0,93597,318.0,371,299.0,371
999,997,998,301.0,93969,299.0,371,322.0,371
1000,998,999,310.0,94340,322.0,371,303.0,371
1001,999,1000,305.0,94712,303.0,371,318.0,371
1002,1000,1001,303.0,95084,318.0,371,322.0,371
1003,1001,1002,301.0,95456,322.0,371,293.0,1691
1004,1002,1003,305.0,95827,293.0,1691,482.0,136
1005,1003,1004,293.0,93947,482.0,136,465.0,605
1006,1004,1005,482.0,102536,465.0,605,460.0,1621
1007,1005,1006,465.0,96705,460.0,1621,371.0,1
1008,1006,1007,460.0,98327,371.0,1,428.0,1503
1009,1007,1008,371.0,26,428.0,1503,428.0,1500
1010,1008,1009,428.0,91406,428.0,1500,389.0,851
1011,1009,1010,428.0,92906,389.0,851,385.0,1599
1012,1010,1011,391.0,90751,385.0,1599,380.0,2610
1013,1011,1012,391.0,92350,380.0,2610,322.0,339
1014,1012,1013,380.0,98710,322.0,339,318.0,376
1015,1013,1014,354.0,96439,318.0,376,322.0,376
1016,1014,1015,350.0,96816,322.0,376,318.0,377
1017,1015,1016,354.0,97192,318.0,377,318.0,376
1018,1016,1017,354.0,97569,318.0,376,322.0,376
1019,1017,1018,350.0,97946,322.0,376,318.0,377
1020,1018,1019,354.0,98322,318.0,377,318.0,376
1021,1019,1020,354.0,98699,318.0,376,322.0,376
1022,1020,1021,350.0,99076,322.0,376,318.0,377
1023,1021,1022,354.0,99452,318.0,377,332.0,260
1024,1022,1023,354.0,99829,332.0,260,330.0,374
1025,1023,1024,332.0,96360,330.0,374,318.0,374
1026,1024,1025,330.0,96735,318.0,374,322.0,374
1027,1025,1026,337.0,97109,322.0,374,330.0,374
1028,1026,1027,332.0,97484,330.0,374,318.0,374
1029,1027,1028,330.0,97859,318.0,374,322.0,374
1030,1028,1029,337.0,98233,322.0,374,318.0,374
1031,1029,1030,332.0,98608,318.0,374,322.0,374
1032,1030,1031,328.0,98983,322.0,374,330.0,374
1033,1031,1032,332.0,99357,330.0,374,305.0,161
1034,1032,1033,330.0,99732,305.0,161,318.0,372
1035,1033,1034,305.0,96261,318.0,372,318.0,371
1036,1034,1035,305.0,96633,318.0,371,299.0,371
1037,1035,1036,301.0,97005,299.0,371,322.0,371
1038,1036,1037,310.0,97376,322.0,371,303.0,371
1039,1037,1038,305.0,97748,303.0,371,318.0,371
1040,1038,1039,303.0,98120,318.0,371,322.0,371
1041,1039,1040,301.0,98492,322.0,371,305.0,371
1042,1040,1041,306.0,98863,305.0,371,303.0,371
1043,1041,1042,305.0,99235,303.0,371,293.0,594
1044,1042,1043,303.0,99607,293.0,594,487.0,3119
1045,1043,1044,293.0,96694,487.0,3119,460.0,324
1046,1044,1045,487.0,109615,460.0,324,459.0,1621
1047,1045,1046,460.0,100268,459.0,1621,460.0,1621
1048,1046,1047,465.0,101889,460.0,1621,428.0,1244
1049,1047,1048,460.0,103511,428.0,1244,428.0,1500
1050,1048,1049,428.0,94740,428.0,1500,389.0,573
1051,1049,1050,428.0,96240,389.0,573,385.0,1599
1052,1050,1051,391.0,94069,385.0,1599,380.0,444
1053,1051,1052,391.0,95668,380.0,444,318.0,274
1054,1052,1053,380.0,100388,318.0,274,322.0,376
1055,1053,1054,350.0,100218,322.0,376,352.0,376
1056,1054,1055,354.0,100594,352.0,376,318.0,376
1057,1055,1056,352.0,100971,318.0,376,322.0,376
1058,1056,1057,350.0,101348,322.0,376,318.0,377
1059,1057,1058,354.0,101724,318.0,377,318.0,376
1060,1058,1059,354.0,102101,318.0,376,322.0,376
1061,1059,1060,350.0,102478,322.0,376,318.0,377
1062,1060,1061,354.0,102854,318.0,377,318.0,376
1063,1061,1062,354.0,103231,318.0,376,332.0,195
1064,1062,1063,350.0,103608,332.0,195,330.0,374
1065,1063,1064,332.0,100139,330.0,374,318.0,374
1066,1064,1065,330.0,100514,318.0,374,322.0,374
1067,1065,1066,337.0,100888,322.0,374,318.0,374
1068,1066,1067,332.0,101263,318.0,374,326.0,374
1069,1067,1068,328.0,101638,326.0,374,322.0,374
1070,1068,1069,337.0,102012,322.0,374,318.0,374
1071,1069,1070,332.0,102387,318.0,374,322.0,374
1072,1070,1071,328.0,102762,322.0,374,330.0,374
1073,1071,1072,332.0,103136,330.0,374,301.0,97
1074,1072,1073,330.0,103511,301.0,97,299.0,371
1075,1073,1074,301.0,100041,299.0,371,322.0,371
1076,1074,1075,310.0,100412,322.0,371,303.0,371
1077,1075,1076,305.0,100784,303.0,371,318.0,371
1078,1076,1077,303.0,101156,318.0,371,299.0,371
1079,1077,1078,301.0,101528,299.0,371,322.0,371
1080,1078,1079,310.0,101899,322.0,371,303.0,371
1081,1079,1080,305.0,102271,303.0,371,318.0,371
1082,1080,1081,303.0,102643,318.0,371,322.0,371
1083,1081,1082,310.0,103014,322.0,371,318.0,372
1084,1082,1083,305.0,103386,318.0,372,487.0,2004
1085,1083,1084,305.0,103758,487.0,2004,460.0,42
1086,1084,1085,487.0,112596,460.0,42,459.0,1622
1087,1085,1086,460.0,103830,459.0,1622,459.0,1621
1088,1086,1087,460.0,105452,459.0,1621,428.0,985
1089,1087,1088,465.0,107073,428.0,985,428.0,1500
1090,1088,1089,428.0,98077,428.0,1500,389.0,296
1091,1089,1090,428.0,99577,389.0,296,387.0,1598
1092,1090,1091,391.0,97388,387.0,1598,385.0,1599
1093,1091,1092,391.0,98986,385.0,1599,322.0,208
1094,1092,1093,391.0,100585,322.0,208,352.0,376
1095,1093,1094,354.0,103996,352.0,376,318.0,376
1096,1094,1095,352.0,104373,318.0,376,322.0,376
1097,1095,1096,359.0,104749,322.0,376,352.0,376
1098,1096,1097,354.0,105126,352.0,376,318.0,376
1099,1097,1098,352.0,105503,318.0,376,322.0,376
1100,1098,1099,359.0,105879,322.0,376,352.0,376
1101,1099,1100,354.0,106256,352.0,376,318.0,376
1102,1100,1101,352.0,106633,318.0,376,322.0,376
1103,1101,1102,359.0,107009,322.0,376,332.0,130
1104,1102,1103,354.0,107386,332.0,130,330.0,374
1105,1103,1104,332.0,103918,330.0,374,318.0,374
1106,1104,1105,330.0,104293,318.0,374,322.0,374
1107,1105,1106,337.0,104667,322.0,374,318.0,374
1108,1106,1107,332.0,105042,318.0,374,322.0,374
1109,1107,1108,328.0,105417,322.0,374,318.0,375
1110,1108,1109,332.0,105791,318.0,375,318.0,374
1111,1109,1110,332.0,106166,318.0,374,322.0,374
1112,1110,1111,328.0,106541,322.0,374,330.0,374
1113,1111,1112,332.0,106915,330.0,374,305.0,32
1114,1112,1113,330.0,107290,305.0,32,303.0,371
1115,1113,1114,305.0,103820,303.0,371,318.0,371
1116,1114,1115,303.0,104192,318.0,371,299.0,371
1117,1115,1116,301.0,104564,299.0,371,322.0,371
1118,1116,1117,310.0,104935,322.0,371,303.0,371
1119,1117,1118,305.0,105307,303.0,371,318.0,371
1120,1118,1119,303.0,105679,318.0,371,322.0,371
1121,1119,1120,310.0,106050,322.0,371,318.0,372
1122,1120,1121,305.0,106422,318.0,372,318.0,371
1123,1121,1122,305.0,106794,318.0,371,299.0,371
1124,1122,1123,301.0,107166,299.0,371,487.0,888
1125,1123,1124,310.0,107537,487.0,888,482.0,3164
1126,1124,1125,487.0,115576,482.0,3164,460.0,1382
1127,1125,1126,482.0,117852,460.0,1382,459.0,1622
1128,1126,1127,460.0,109014,459.0,1622,428.0,723
1129,1127,1128,460.0,110636,428.0,723,428.0,1500
1130,1128,1129,428.0,101411,428.0,1500,389.0,18
1131,1129,1130,428.0,102911,389.0,18,385.0,1598
1132,1130,1131,391.0,100706,385.0,1598,385.0,1599
1133,1131,1132,391.0,102305,385.0,1599,322.0,143
1134,1132,1133,391.0,103904,322.0,143,318.0,376
1135,1133,1134,352.0,107775,318.0,376,322.0,376
1136,1134,1135,359.0,108151,322.0,376,352.0,376
1137,1135,1136,354.0,108528,352.0,376,318.0,376
1138,1136,1137,352.0,108905,318.0,376,322.0,376
1139,1137,1138,359.0,109281,322.0,376,352.0,376
1140,1138,1139,354.0,109658,352.0,376,318.0,376
1141,1139,1140,352.0,110035,318.0,376,322.0,376
1142,1140,1141,359.0,110411,322.0,376,352.0,376
1143,1141,1142,354.0,110788,352.0,376,332.0,65
1144,1142,1143,352.0,111165,332.0,65,318.0,374
1145,1143,1144,332.0,107697,318.0,374,326.0,374
1146,1144,1145,328.0,108072,326.0,374,322.0,374
1147,1145,1146,337.0,108446,322.0,374,318.0,374
1148,1146,1147,332.0,108821,318.0,374,322.0,374
1149,1147,1148,328.0,109196,322.0,374,330.0,374
1150,1148,1149,332.0,109570,330.0,374,318.0,374
1151,1149,1150,330.0,109945,318.0,374,322.0,374
1152,1150,1151,337.0,110319,322.0,374,330.0,374
1153,1151,1152,332.0,110694,330.0,374,318.0,374
1154,1152,1153,330.0,111069,318.0,374,310.0,339
1155,1153,1154,337.0,111443,310.0,339,322.0,371
1156,1154,1155,310.0,107971,322.0,371,303.0,371
1157,1155,1156,305.0,108343,303.0,371,318.0,371
1158,1156,1157,303.0,108715,318.0,371,322.0,371
1159,1157,1158,310.0,109086,322.0,371,318.0,372
1160,1158,1159,305.0,109458,318.0,372,318.0,371
1161,1159,1160,305.0,109830,318.0,371,299.0,371
1162,1160,1161,301.0,110202,299.0,371,322.0,371
1163,1161,1162,310.0,110573,322.0,371,303.0,371
1164,1162,1163,305.0,110945,303.0,371,293.0,3621
1165,1163,1164,303.0,111317,293.0,3621,482.0,2067
1166,1164,1165,293.0,111253,482.0,2067,468.0,1100
1167,1165,1166,482.0,120851,468.0,1100,460.0,1621
1168,1166,1167,468.0,112576,460.0,1621,428.0,464
1169,1167,1168,460.0,114198,428.0,464,428.0,1500
1170,1168,1169,428.0,104748,428.0,1500,428.0,1500
1171,1169,1170,428.0,106248,428.0,1500,389.0,1339
1172,1170,1171,428.0,107748,389.0,1339,385.0,1599
1173,1171,1172,391.0,105623,385.0,1599,359.0,77
1174,1172,1173,391.0,107222,359.0,77,322.0,376
1175,1173,1174,359.0,111553,322.0,376,318.0,376
1176,1174,1175,354.0,111930,318.0,376,348.0,376
1177,1175,1176,350.0,112307,348.0,376,322.0,376
1178,1176,1177,359.0,112683,322.0,376,318.0,376
1179,1177,1178,354.0,113060,318.0,376,348.0,376
1180,1178,1179,350.0,113437,348.0,376,322.0,376
1181,1179,1180,359.0,113813,322.0,376,318.0,376
1182,1180,1181,354.0,114190,318.0,376,348.0,376
1183,1181,1182,350.0,114567,348.0,376,168.0,1
1184,1182,1183,359.0,114943,168.0,1,318.0,374
1185,1183,1184,168.0,30,318.0,374,322.0,374
1186,1184,1185,328.0,111851,322.0,374,318.0,375
1187,1185,1186,332.0,112225,318.0,375,318.0,374
1188,1186,1187,332.0,112600,318.0,374,322.0,374
1189,1187,1188,328.0,112975,322.0,374,330.0,374
1190,1188,1189,332.0,113349,330.0,374,318.0,374
1191,1189,1190,330.0,113724,318.0,374,322.0,374
1192,1190,1191,337.0,114098,322.0,374,318.0,374
1193,1191,1192,332.0,114473,318.0,374,326.0,374
1194,1192,1193,328.0,114848,326.0,374,303.0,275
1195,1193,1194,337.0,115222,303.0,275,318.0,371
1196,1194,1195,303.0,111751,318.0,371,322.0,371
1197,1195,1196,310.0,112122,322.0,371,318.0,372
1198,1196,1197,305.0,112494,318.0,372,318.0,371
1199,1197,1198,305.0,112866,318.0,371,299.0,371
1200,1198,1199,301.0,113238,299.0,371,322.0,371
1201,1199,1200,310.0,113609,322.0,371,303.0,371
1202,1200,1201,305.0,113981,303.0,371,318.0,371
1203,1201,1202,303.0,114353,318.0,371,322.0,371
1204,1202,1203,301.0,114725,322.0,371,293.0,2524
1205,1203,1204,306.0,115096,293.0,2524,482.0,969
1206,1204,1205,293.0,114000,482.0,969,460.0,819
1207,1205,1206,482.0,123849,460.0,819,459.0,1622
1208,1206,1207,460.0,116139,459.0,1622,428.0,202
1209,1207,1208,460.0,117761,428.0,202,428.0,1500
1210,1208,1209,428.0,108082,428.0,1500,434.0,26
1211,1209,1210,428.0,109582,434.0,26,389.0,1062
1212,1210,1211,434.0,1915,389.0,1062,385.0,1599
1213,1211,1212,391.0,108942,385.0,1599,322.0,12
1214,1212,1213,391.0,110541,322.0,12,318.0,376
1215,1213,1214,354.0,115332,318.0,376,322.0,376
1216,1214,1215,350.0,115709,322.0,376,318.0,377
1217,1215,1216,354.0,116085,318.0,377,318.0,376
1218,1216,1217,354.0,116462,318.0,376,322.0,376
1219,1217,1218,350.0,116839,322.0,376,318.0,377
1220,1218,1219,354.0,117215,318.0,377,318.0,376
1221,1219,1220,354.0,117592,318.0,376,322.0,376
1222,1220,1221,350.0,117969,322.0,376,318.0,377
1223,1221,1222,354.0,118345,318.0,377,318.0,376
1224,1222,1223,354.0,118722,318.0,376,328.0,310
1225,1223,1224,350.0,119099,328.0,310,322.0,374
1226,1224,1225,328.0,115630,322.0,374,330.0,374
1227,1225,1226,332.0,116004,330.0,374,318.0,374
1228,1226,1227,330.0,116379,318.0,374,322.0,374
1229,1227,1228,337.0,116753,322.0,374,330.0,374
1230,1228,1229,332.0,117128,330.0,374,318.0,374
1231,1229,1230,330.0,117503,318.0,374,322.0,374
1232,1230,1231,337.0,117877,322.0,374,318.0,374
1233,1231,1232,332.0,118252,318.0,374,322.0,374
1234,1232,1233,328.0,118627,322.0,374,305.0,210
1235,1233,1234,332.0,119001,305.0,210,318.0,372
1236,1234,1235,305.0,115530,318.0,372,318.0,371
1237,1235,1236,305.0,115902,318.0,371,299.0,371
1238,1236,1237,301.0,116274,299.0,371,322.0,371
1239,1237,1238,310.0,116645,322.0,371,303.0,371
1240,1238,1239,305.0,117017,303.0,371,318.0,371
1241,1239,1240,303.0,117389,318.0,371,299.0,371
1242,1240,1241,301.0,117761,299.0,371,322.0,371
1243,1241,1242,310.0,118132,322.0,371,303.0,371
1244,1242,1243,305.0,118504,303.0,371,293.0,1427
1245,1243,1244,303.0,118876,293.0,1427,487.0,3966
1246,1244,1245,293.0,116747,487.0,3966,465.0,537
1247,1245,1246,487.0,130942,465.0,537,460.0,1621
1248,1246,1247,465.0,119701,460.0,1621,459.0,1622
1249,1247,1248,460.0,121323,459.0,1622,428.0,1443
1250,1248,1249,460.0,122945,428.0,1443,428.0,1500
1251,1249,1250,428.0,112919,428.0,1500,389.0,784
1252,1250,1251,428.0,114419,389.0,784,385.0,1599
1253,1251,1252,391.0,112260,385.0,1599,380.0,2089
1254,1252,1253,391.0,113859,380.0,2089,322.0,323
1255,1253,1254,380.0,121253,322.0,323,352.0,376
1256,1254,1255,354.0,119487,352.0,376,318.0,376
1257,1255,1256,352.0,119864,318.0,376,322.0,376
1258,1256,1257,350.0,120241,322.0,376,353.0,376
1259,1257,1258,354.0,120617,353.0,376,318.0,376
1260,1258,1259,353.0,120994,318.0,376,322.0,376
1261,1259,1260,350.0,121371,322.0,376,318.0,377
1262,1260,1261,354.0,121747,318.0,377,318.0,376
1263,1261,1262,354.0,122124,318.0,376,322.0,376
1264,1262,1263,350.0,122501,322.0,376,328.0,245
1265,1263,1264,354.0,122877,328.0,245,322.0,374
1266,1264,1265,328.0,119409,322.0,374,330.0,374
1267,1265,1266,332.0,119783,330.0,374,318.0,374
1268,1266,1267,330.0,120158,318.0,374,322.0,374
1269,1267,1268,337.0,120532,322.0,374,318.0,374
1270,1268,1269,332.0,120907,318.0,374,326.0,374
1271,1269,1270,328.0,121282,326.0,374,322.0,374
1272,1270,1271,337.0,121656,322.0,374,318.0,374
1273,1271,1272,332.0,122031,318.0,374,322.0,374
1274,1272,1273,328.0,122406,322.0,374,301.0,146
1275,1273,1274,332.0,122780,301.0,146,299.0,371
1276,1274,1275,301.0,119310,299.0,371,322.0,371
1277,1275,1276,310.0,119681,322.0,371,318.0,372
1278,1276,1277,305.0,120053,318.0,372,318.0,371
1279,1277,1278,305.0,120425,318.0,371,299.0,371
1280,1278,1279,301.0,120797,299.0,371,322.0,371
1281,1279,1280,310.0,121168,322.0,371,303.0,371
1282,1280,1281,305.0,121540,303.0,371,318.0,371
1283,1281,1282,303.0,121912,318.0,371,322.0,371
1284,1282,1283,310.0,122283,322.0,371,293.0,330
1285,1283,1284,305.0,122655,293.0,330,487.0,2851
1286,1284,1285,293.0,119494,487.0,2851,460.0,256
1287,1285,1286,487.0,133923,460.0,256,459.0,1621
1288,1286,1287,460.0,123264,459.0,1621,460.0,1621
1289,1287,1288,465.0,124885,460.0,1621,428.0,1181
1290,1288,1289,460.0,126507,428.0,1181,434.0,26
1291,1289,1290,428.0,116253,434.0,26,389.0,506
1292,1290,1291,434.0,2030,389.0,506,385.0,1599
1293,1291,1292,391.0,115578,385.0,1599,397.0,51
1294,1292,1293,391.0,117177,397.0,51,322.0,258
1295,1293,1294,397.0,2035,322.0,258,318.0,376
1296,1294,1295,352.0,123266,318.0,376,322.0,376
1297,1295,1296,359.0,123642,322.0,376,352.0,376
1298,1296,1297,354.0,124019,352.0,376,318.0,376
1299,1297,1298,352.0,124396,318.0,376,322.0,376
1300,1298,1299,359.0,124772,322.0,376,352.0,376
1301,1299,1300,354.0,125149,352.0,376,318.0,376
1302,1300,1301,352.0,125526,318.0,376,322.0,376
1303,1301,1302,359.0,125902,322.0,376,352.0,376
1304,1302,1303,354.0,126279,352.0,376,328.0,180
1305,1303,1304,352.0,126656,328.0,180,322.0,374
1306,1304,1305,328.0,123188,322.0,374,330.0,374
1307,1305,1306,332.0,123562,330.0,374,318.0,374
1308,1306,1307,330.0,123937,318.0,374,322.0,374
1309,1307,1308,337.0,124311,322.0,374,318.0,374
1310,1308,1309,332.0,124686,318.0,374,322.0,374
1311,1309,1310,328.0,125061,322.0,374,318.0,375
1312,1310,1311,332.0,125435,318.0,375,318.0,374
1313,1311,1312,332.0,125810,318.0,374,322.0,374
1314,1312,1313,328.0,126185,322.0,374,305.0,81
1315,1313,1314,332.0,126559,305.0,81,318.0,372
1316,1314,1315,305.0,123089,318.0,372,318.0,371
1317,1315,1316,305.0,123461,318.0,371,299.0,371
1318,1316,1317,301.0,123833,299.0,371,322.0,371
1319,1317,1318,310.0,124204,322.0,371,303.0,371
1320,1318,1319,305.0,124576,303.0,371,318.0,371
1321,1319,1320,303.0,124948,318.0,371,322.0,371
1322,1320,1321,310.0,125319,322.0,371,318.0,372
1323,1321,1322,305.0,125691,318.0,372,318.0,371
1324,1322,1323,305.0,126063,318.0,371,299.0,371
1325,1323,1324,301.0,126435,299.0,371,487.0,1735
1326,1324,1325,310.0,126806,487.0,1735,482.0,3997
1327,1325,1326,487.0,136903,482.0,3997,460.0,1596
1328,1326,1327,482.0,139165,460.0,1596,459.0,1621
1329,1327,1328,460.0,128448,459.0,1621,428.0,922
1330,1328,1329,465.0,130069,428.0,922,428.0,1500
1331,1329,1330,428.0,119590,428.0,1500,389.0,229
1332,1330,1331,428.0,121090,389.0,229,385.0,1599
1333,1331,1332,391.0,118897,385.0,1599,385.0,1599
1334,1332,1333,391.0,120496,385.0,1599,359.0,192
1335,1333,1334,391.0,122095,359.0,192,322.0,376
1336,1334,1335,359.0,127044,322.0,376,352.0,376
1337,1335,1336,354.0,127421,352.0,376,318.0,376
1338,1336,1337,352.0,127798,318.0,376,322.0,376
1339,1337,1338,359.0,128174,322.0,376,352.0,376
1340,1338,1339,354.0,128551,352.0,376,318.0,376
1341,1339,1340,352.0,128928,318.0,376,322.0,376
1342,1340,1341,359.0,129304,322.0,376,352.0,376
1343,1341,1342,354.0,129681,352.0,376,318.0,376
1344,1342,1343,352.0,130058,318.0,376,337.0,114
1345,1343,1344,359.0,130434,337.0,114,322.0,374
1346,1344,1345,337.0,126966,322.0,374,330.0,374
1347,1345,1346,332.0,127341,330.0,374,318.0,374
1348,1346,1347,330.0,127716,318.0,374,322.0,374
1349,1347,1348,337.0,128090,322.0,374,318.0,374
1350,1348,1349,332.0,128465,318.0,374,322.0,374
1351,1349,1350,328.0,128840,322.0,374,330.0,374
1352,1350,1351,332.0,129214,330.0,374,318.0,374
1353,1351,1352,330.0,129589,318.0,374,322.0,374
1354,1352,1353,337.0,129963,322.0,374,301.0,17
1355,1353,1354,332.0,130338,301.0,17,299.0,371
1356,1354,1355,301.0,126869,299.0,371,322.0,371
1357,1355,1356,310.0,127240,322.0,371,303.0,371
1358,1356,1357,305.0,127612,303.0,371,318.0,371
1359,1357,1358,303.0,127984,318.0,371,322.0,371
1360,1358,1359,310.0,128355,322.0,371,318.0,372
1361,1359,1360,305.0,128727,318.0,372,318.0,371
1362,1360,1361,305.0,129099,318.0,371,299.0,371
1363,1361,1362,301.0,129471,299.0,371,322.0,371
1364,1362,1363,310.0,129842,322.0,371,303.0,371
1365,1363,1364,305.0,130214,303.0,371,487.0,620
1366,1364,1365,303.0,130586,487.0,620,482.0,2900
1367,1365,1366,487.0,139884,482.0,2900,465.0,1314
1368,1366,1367,482.0,142164,465.0,1314,460.0,1621
1369,1367,1368,465.0,132010,460.0,1621,428.0,660
1370,1368,1369,460.0,133632,428.0,660,444.0,26
1371,1369,1370,428.0,122924,444.0,26,388.0,12
1372,1370,1371,444.0,2146,388.0,12,389.0,1550
1373,1371,1372,407.0,2120,389.0,1550,385.0,1599
1374,1372,1373,391.0,123814,385.0,1599,322.0,127
1375,1373,1374,391.0,125413,322.0,127,318.0,376
1376,1374,1375,354.0,130823,318.0,376,348.0,376
1377,1375,1376,350.0,131200,348.0,376,322.0,376
1378,1376,1377,359.0,131576,322.0,376,318.0,376
1379,1377,1378,354.0,131953,318.0,376,348.0,376
1380,1378,1379,350.0,132330,348.0,376,322.0,376
1381,1379,1380,359.0,132706,322.0,376,318.0,376
1382,1380,1381,354.0,133083,318.0,376,348.0,376
1383,1381,1382,350.0,133460,348.0,376,322.0,376
1384,1382,1383,359.0,133836,322.0,376,337.0,49
1385,1383,1384,354.0,134213,337.0,49,322.0,374
1386,1384,1385,337.0,130745,322.0,374,318.0,374
1387,1385,1386,332.0,131120,318.0,374,322.0,374
1388,1386,1387,328.0,131495,322.0,374,318.0,375
1389,1387,1388,332.0,131869,318.0,375,318.0,374
1390,1388,1389,332.0,132244,318.0,374,322.0,374
1391,1389,1390,328.0,132619,322.0,374,330.0,374
1392,1390,1391,332.0,132993,330.0,374,318.0,374
1393,1391,1392,330.0,133368,318.0,374,322.0,374
1394,1392,1393,337.0,133742,322.0,374,318.0,374
1395,1393,1394,332.0,134117,318.0,374,303.0,324
1396,1394,1395,328.0,134492,303.0,324,318.0,371
1397,1395,1396,303.0,131020,318.0,371,322.0,371
1398,1396,1397,310.0,131391,322.0,371,318.0,372
1399,1397,1398,305.0,131763,318.0,372,318.0,371
1400,1398,1399,305.0,132135,318.0,371,299.0,371
1401,1399,1400,301.0,132507,299.0,371,322.0,371
1402,1400,1401,310.0,132878,322.0,371,303.0,371
1403,1401,1402,305.0,133250,303.0,371,318.0,371
1404,1402,1403,303.0,133622,318.0,371,322.0,371
1405,1403,1404,301.0,133994,322.0,371,293.0,3356
1406,1404,1405,306.0,134365,293.0,3356,482.0,1802
1407,1405,1406,293.0,134052,482.0,1802,460.0,1033
1408,1406,1407,482.0,145162,460.0,1033,459.0,1621
1409,1407,1408,460.0,135573,459.0,1621,428.0,401
1410,1408,1409,465.0,137194,428.0,401,428.0,1500
1411,1409,1410,428.0,126261,428.0,1500,428.0,1500
1412,1410,1411,428.0,127761,428.0,1500,389.0,1272
1413,1411,1412,428.0,129261,389.0,1272,385.0,1599
1414,1412,1413,391.0,127132,385.0,1599,318.0,62
1415,1413,1414,391.0,128731,318.0,62,322.0,376
1416,1414,1415,350.0,134602,322.0,376,318.0,377
1417,1415,1416,354.0,134978,318.0,377,318.0,376
1418,1416,1417,354.0,135355,318.0,376,322.0,376
1419,1417,1418,350.0,135732,322.0,376,318.0,377
1420,1418,1419,354.0,136108,318.0,377,318.0,376
1421,1419,1420,354.0,136485,318.0,376,322.0,376
1422,1420,1421,350.0,136862,322.0,376,318.0,377
1423,1421,1422,354.0,137238,318.0,377,318.0,376
1424,1422,1423,354.0,137615,318.0,376,322.0,376
1425,1423,1424,350.0,137992,322.0,376,332.0,359
1426,1424,1425,354.0,138368,332.0,359,318.0,374
1427,1425,1426,332.0,134899,318.0,374,322.0,374
1428,1426,1427,328.0,135274,322.0,374,318.0,375
1429,1427,1428,332.0,135648,318.0,375,318.0,374
1430,1428,1429,332.0,136023,318.0,374,322.0,374
1431,1429,1430,337.0,136397,322.0,374,330.0,374
1432,1430,1431,332.0,136772,330.0,374,318.0,374
1433,1431,1432,330.0,137147,318.0,374,322.0,374
1434,1432,1433,337.0,137521,322.0,374,318.0,374
1435,1433,1434,332.0,137896,318.0,374,305.0,259
1436,1434,1435,328.0,138271,305.0,259,318.0,372
1437,1435,1436,305.0,134799,318.0,372,318.0,371
1438,1436,1437,305.0,135171,318.0,371,299.0,371
1439,1437,1438,301.0,135543,299.0,371,322.0,371
1440,1438,1439,310.0,135914,322.0,371,318.0,372
1441,1439,1440,305.0,136286,318.0,372,318.0,371
1442,1440,1441,305.0,136658,318.0,371,299.0,371
1443,1441,1442,301.0,137030,299.0,371,322.0,371
1444,1442,1443,310.0,137401,322.0,371,303.0,371
1445,1443,1444,305.0,137773,303.0,371,293.0,2260
1446,1444,1445,303.0,138145,293.0,2260,482.0,705
1447,1445,1446,293.0,136800,482.0,705,465.0,751
1448,1446,1447,482.0,148161,465.0,751,460.0,1621
1449,1447,1448,465.0,139135,460.0,1621,428.0,139
1450,1448,1449,460.0,140757,428.0,139,444.0,26
1451,1449,1450,428.0,129595,444.0,26,434.0,26
1452,1450,1451,444.0,2261,434.0,26,389.0,995
1453,1451,1452,434.0,2286,389.0,995,385.0,1599
1454,1452,1453,391.0,130451,385.0,1599,380.0,3733
1455,1453,1454,391.0,132050,380.0,3733,322.0,373
1456,1454,1455,380.0,142117,322.0,373,318.0,376
1457,1455,1456,352.0,138757,318.0,376,322.0,376
1458,1456,1457,350.0,139134,322.0,376,352.0,376
1459,1457,1458,354.0,139510,352.0,376,318.0,376
1460,1458,1459,352.0,139887,318.0,376,322.0,376
1461,1459,1460,350.0,140264,322.0,376,353.0,376
1462,1460,1461,354.0,140640,353.0,376,318.0,376
1463,1461,1462,353.0,141017,318.0,376,322.0,376
1464,1462,1463,350.0,141394,322.0,376,318.0,377
1465,1463,1464,354.0,141770,318.0,377,332.0,294
1466,1464,1465,354.0,142147,332.0,294,318.0,374
1467,1465,1466,332.0,138678,318.0,374,322.0,374
1468,1466,1467,328.0,139053,322.0,374,330.0,374
1469,1467,1468,332.0,139427,330.0,374,318.0,374
1470,1468,1469,330.0,139802,318.0,374,322.0,374
1471,1469,1470,337.0,140176,322.0,374,330.0,374
1472,1470,1471,332.0,140551,330.0,374,318.0,374
1473,1471,1472,330.0,140926,318.0,374,322.0,374
1474,1472,1473,337.0,141300,322.0,374,318.0,374
1475,1473,1474,332.0,141675,318.0,374,303.0,195
1476,1474,1475,328.0,142050,303.0,195,318.0,371
1477,1475,1476,303.0,138579,318.0,371,322.0,371
1478,1476,1477,310.0,138950,322.0,371,318.0,372
1479,1477,1478,305.0,139322,318.0,372,318.0,371
1480,1478,1479,305.0,139694,318.0,371,299.0,371
1481,1479,1480,301.0,140066,299.0,371,322.0,371
1482,1480,1481,310.0,140437,322.0,371,303.0,371
1483,1481,1482,305.0,140809,303.0,371,318.0,371
1484,1482,1483,303.0,141181,318.0,371,322.0,371
1485,1483,1484,310.0,141552,322.0,371,293.0,1163
1486,1484,1485,305.0,141924,293.0,1163,487.0,3698
1487,1485,1486,293.0,139547,487.0,3698,460.0,470
1488,1486,1487,487.0,155250,460.0,470,459.0,1621
1489,1487,1488,460.0,142698,459.0,1621,460.0,1621
1490,1488,1489,465.0,144319,460.0,1621,428.0,1380
1491,1489,1490,460.0,145941,428.0,1380,428.0,1500
1492,1490,1491,428.0,134432,428.0,1500,389.0,717
1493,1491,1492,428.0,135932,389.0,717,385.0,1599
1494,1492,1493,391.0,133769,385.0,1599,380.0,1567
1495,1493,1494,391.0,135368,380.0,1567,359.0,307
1496,1494,1495,380.0,143795,359.0,307,322.0,376
1497,1495,1496,359.0,142535,322.0,376,352.0,376
1498,1496,1497,354.0,142912,352.0,376,318.0,376
1499,1497,1498,352.0,143289,318.0,376,322.0,376
1500,1498,1499,359.0,143665,322.0,376,352.0,376
1501,1499,1500,354.0,144042,352.0,376,318.0,376
1502,1500,1501,352.0,144419,318.0,376,322.0,376
1503,1501,1502,359.0,144795,322.0,376,352.0,376
1504,1502,1503,354.0,145172,352.0,376,318.0,376
1505,1503,1504,352.0,145549,318.0,376,332.0,229
1506,1504,1505,359.0,145925,332.0,229,318.0,374
1507,1505,1506,332.0,142457,318.0,374,322.0,374
1508,1506,1507,328.0,142832,322.0,374,330.0,374
1509,1507,1508,332.0,143206,330.0,374,318.0,374
1510,1508,1509,330.0,143581,318.0,374,322.0,374
1511,1509,1510,337.0,143955,322.0,374,318.0,374
1512,1510,1511,332.0,144330,318.0,374,326.0,374
1513,1511,1512,328.0,144705,326.0,374,322.0,374
1514,1512,1513,337.0,145079,322.0,374,318.0,374
1515,1513,1514,332.0,145454,318.0,374,305.0,130
1516,1514,1515,328.0,145829,305.0,130,318.0,372
1517,1515,1516,305.0,142358,318.0,372,318.0,371
1518,1516,1517,305.0,142730,318.0,371,299.0,371
1519,1517,1518,301.0,143102,299.0,371,322.0,371
1520,1518,1519,310.0,143473,322.0,371,303.0,371
1521,1519,1520,305.0,143845,303.0,371,318.0,371
1522,1520,1521,303.0,144217,318.0,371,322.0,371
1523,1521,1522,310.0,144588,322.0,371,318.0,372
1524,1522,1523,305.0,144960,318.0,372,318.0,371
1525,1523,1524,305.0,145332,318.0,371,293.0,66
1526,1524,1525,301.0,145704,293.0,66,487.0,2582
1527,1525,1526,293.0,142294,487.0,2582,465.0,188
1528,1526,1527,487.0,158230,465.0,188,460.0,1621
1529,1527,1528,465.0,146260,460.0,1621,459.0,1621
1530,1528,1529,460.0,147882,459.0,1621,428.0,1118
1531,1529,1530,465.0,149503,428.0,1118,434.0,26
1532,1530,1531,428.0,137766,434.0,26,389.0,440
1533,1531,1532,434.0,2401,389.0,440,387.0,1598
1534,1532,1533,391.0,137088,387.0,1598,402.0,43
1535,1533,1534,391.0,138686,402.0,43,322.0,242
1536,1534,1535,402.0,2399,322.0,242,352.0,376
1537,1535,1536,354.0,146314,352.0,376,318.0,376
1538,1536,1537,352.0,146691,318.0,376,322.0,376
1539,1537,1538,359.0,147067,322.0,376,352.0,376
1540,1538,1539,354.0,147444,352.0,376,318.0,376
1541,1539,1540,352.0,147821,318.0,376,322.0,376
1542,1540,1541,359.0,148197,322.0,376,352.0,376
1543,1541,1542,354.0,148574,352.0,376,318.0,376
1544,1542,1543,352.0,148951,318.0,376,322.0,376
1545,1543,1544,359.0,149327,322.0,376,330.0,164
1546,1544,1545,354.0,149704,330.0,164,318.0,374
1547,1545,1546,330.0,146236,318.0,374,322.0,374
1548,1546,1547,337.0,146610,322.0,374,330.0,374
1549,1547,1548,332.0,146985,330.0,374,318.0,374
1550,1548,1549,330.0,147360,318.0,374,322.0,374
1551,1549,1550,337.0,147734,322.0,374,318.0,374
1552,1550,1551,332.0,148109,318.0,374,322.0,374
1553,1551,1552,328.0,148484,322.0,374,318.0,375
1554,1552,1553,332.0,148858,318.0,375,318.0,374
1555,1553,1554,332.0,149233,318.0,374,301.0,66
1556,1554,1555,337.0,149607,301.0,66,299.0,371
1557,1555,1556,301.0,146138,299.0,371,322.0,371
1558,1556,1557,310.0,146509,322.0,371,303.0,371
1559,1557,1558,305.0,146881,303.0,371,318.0,371
1560,1558,1559,303.0,147253,318.0,371,322.0,371
1561,1559,1560,310.0,147624,322.0,371,318.0,372
1562,1560,1561,305.0,147996,318.0,372,318.0,371
1563,1561,1562,305.0,148368,318.0,371,299.0,371
1564,1562,1563,301.0,148740,299.0,371,322.0,371
1565,1563,1564,310.0,149111,322.0,371,303.0,371
1566,1564,1565,305.0,149483,303.0,371,487.0,1467
1567,1565,1566,303.0,149855,487.0,1467,482.0,3733
1568,1566,1567,487.0,161211,482.0,3733,460.0,1528
1569,1567,1568,482.0,163477,460.0,1528,459.0,1622
1570,1568,1569,460.0,151444,459.0,1622,428.0,859
1571,1569,1570,460.0,153066,428.0,859,428.0,1500
1572,1570,1571,428.0,141103,428.0,1500,389.0,162
1573,1571,1572,428.0,142603,389.0,162,385.0,1598
1574,1572,1573,391.0,140406,385.0,1598,385.0,1599
1575,1573,1574,391.0,142005,385.0,1599,318.0,177
1576,1574,1575,391.0,143604,318.0,177,348.0,376
1577,1575,1576,350.0,150093,348.0,376,322.0,376
1578,1576,1577,359.0,150469,322.0,376,318.0,376
1579,1577,1578,354.0,150846,318.0,376,348.0,376
1580,1578,1579,350.0,151223,348.0,376,322.0,376
1581,1579,1580,359.0,151599,322.0,376,318.0,376
1582,1580,1581,354.0,151976,318.0,376,348.0,376
1583,1581,1582,350.0,152353,348.0,376,322.0,376
1584,1582,1583,359.0,152729,322.0,376,318.0,376
1585,1583,1584,354.0,153106,318.0,376,330.0,99
1586,1584,1585,350.0,153483,330.0,99,318.0,374
1587,1585,1586,330.0,150015,318.0,374,322.0,374
1588,1586,1587,337.0,150389,322.0,374,318.0,374
1589,1587,1588,332.0,150764,318.0,374,326.0,374
1590,1588,1589,328.0,151139,326.0,374,322.0,374
1591,1589,1590,337.0,151513,322.0,374,318.0,374
1592,1590,1591,332.0,151888,318.0,374,322.0,374
1593,1591,1592,328.0,152263,322.0,374,330.0,374
1594,1592,1593,332.0,152637,330.0,374,318.0,374
1595,1593,1594,330.0,153012,318.0,374,173.0,1
1596,1594,1595,337.0,153386,173.0,1,303.0,371
1597,1595,1596,173.0,40,303.0,371,318.0,371
1598,1596,1597,303.0,150289,318.0,371,322.0,371
1599,1597,1598,301.0,150661,322.0,371,318.0,372
1600,1598,1599,305.0,151032,318.0,372,318.0,371
1601,1599,1600,305.0,151404,318.0,371,299.0,371
1602,1600,1601,301.0,151776,299.0,371,322.0,371
1603,1601,1602,310.0,152147,322.0,371,303.0,371
1604,1602,1603,305.0,152519,303.0,371,318.0,371
1605,1603,1604,303.0,152891,318.0,371,299.0,371
1606,1604,1605,301.0,153263,299.0,371,487.0,351
1607,1605,1606,310.0,153634,487.0,351,482.0,2636
1608,1606,1607,487.0,164191,482.0,2636,460.0,1247
1609,1607,1608,482.0,166476,460.0,1247,459.0,1621
1610,1608,1609,460.0,155007,459.0,1621,428.0,597
1611,1609,1610,460.0,156628,428.0,597,434.0,26
1612,1610,1611,428.0,144437,434.0,26,373.0,1
1613,1611,1612,434.0,2516,373.0,1,389.0,1483
1614,1612,1613,373.0,41,389.0,1483,385.0,1599
1615,1613,1614,391.0,145323,385.0,1599,322.0,111
1616,1614,1615,391.0,146922,322.0,111,318.0,377
1617,1615,1616,354.0,153871,318.0,377,318.0,376
1618,1616,1617,354.0,154248,318.0,376,322.0,376
1619,1617,1618,350.0,154625,322.0,376,318.0,377
1620,1618,1619,354.0,155001,318.0,377,318.0,376
1621,1619,1620,354.0,155378,318.0,376,322.0,376
1622,1620,1621,350.0,155755,322.0,376,318.0,377
1623,1621,1622,354.0,156131,318.0,377,318.0,376
1624,1622,1623,354.0,156508,318.0,376,322.0,376
1625,1623,1624,350.0,156885,322.0,376,330.0,34
1626,1624,1625,354.0,157261,330.0,34,318.0,374
1627,1625,1626,330.0,153794,318.0,374,322.0,374
1628,1626,1627,337.0,154168,322.0,374,318.0,374
1629,1627,1628,332.0,154543,318.0,374,322.0,374
1630,1628,1629,328.0,154918,322.0,374,318.0,375
1631,1629,1630,332.0,155292,318.0,375,318.0,374
1632,1630,1631,332.0,155667,318.0,374,322.0,374
1633,1631,1632,328.0,156042,322.0,374,330.0,374
1634,1632,1633,332.0,156416,330.0,374,318.0,374
1635,1633,1634,330.0,156791,318.0,374,322.0,374
1636,1634,1635,337.0,157165,322.0,374,305.0,308
1637,1635,1636,332.0,157540,305.0,308,318.0,372
1638,1636,1637,305.0,154068,318.0,372,318.0,371
1639,1637,1638,305.0,154440,318.0,371,299.0,371
1640,1638,1639,301.0,154812,299.0,371,322.0,371
1641,1639,1640,310.0,155183,322.0,371,318.0,372
1642,1640,1641,305.0,155555,318.0,372,318.0,371
1643,1641,1642,305.0,155927,318.0,371,299.0,371
1644,1642,1643,301.0,156299,299.0,371,322.0,371
1645,1643,1644,310.0,156670,322.0,371,303.0,371
1646,1644,1645,305.0,157042,303.0,371,293.0,3092
1647,1645,1646,303.0,157414,293.0,3092,482.0,1538
1648,1646,1647,293.0,156852,482.0,1538,460.0,965
1649,1647,1648,482.0,169474,460.0,965,459.0,1622
1650,1648,1649,460.0,158569,459.0,1622,428.0,338
1651,1649,1650,460.0,160191,428.0,338,428.0,1500
1652,1650,1651,428.0,147774,428.0,1500,428.0,1500
1653,1651,1652,428.0,149274,428.0,1500,389.0,1206
1654,1652,1653,428.0,150774,389.0,1206,387.0,1598
1655,1653,1654,391.0,148642,387.0,1598,322.0,46
1656,1654,1655,391.0,150240,322.0,46,318.0,376
1657,1655,1656,352.0,157650,318.0,376,322.0,376
1658,1656,1657,359.0,158026,322.0,376,352.0,376
1659,1657,1658,354.0,158403,352.0,376,318.0,376
1660,1658,1659,352.0,158780,318.0,376,322.0,376
1661,1659,1660,350.0,159157,322.0,376,352.0,376
1662,1660,1661,354.0,159533,352.0,376,318.0,376
1663,1661,1662,352.0,159910,318.0,376,322.0,376
1664,1662,1663,350.0,160287,322.0,376,353.0,376
1665,1663,1664,354.0,160663,353.0,376,318.0,376
1666,1664,1665,353.0,161040,318.0,376,337.0,343
1667,1665,1666,350.0,161417,337.0,343,322.0,374
1668,1666,1667,337.0,157947,322.0,374,318.0,374
1669,1667,1668,332.0,158322,318.0,374,322.0,374
1670,1668,1669,328.0,158697,322.0,374,330.0,374
1671,1669,1670,332.0,159071,330.0,374,318.0,374
1672,1670,1671,330.0,159446,318.0,374,322.0,374
1673,1671,1672,337.0,159820,322.0,374,330.0,374
1674,1672,1673,332.0,160195,330.0,374,318.0,374
1675,1673,1674,330.0,160570,318.0,374,322.0,374
1676,1674,1675,337.0,160944,322.0,374,303.0,244
1677,1675,1676,332.0,161319,303.0,244,318.0,371
1678,1676,1677,303.0,157848,318.0,371,322.0,371
1679,1677,1678,310.0,158219,322.0,371,318.0,372
1680,1678,1679,305.0,158591,318.0,372,318.0,371
1681,1679,1680,305.0,158963,318.0,371,299.0,371
1682,1680,1681,301.0,159335,299.0,371,322.0,371
1683,1681,1682,310.0,159706,322.0,371,303.0,371
1684,1682,1683,305.0,160078,303.0,371,318.0,371
1685,1683,1684,303.0,160450,318.0,371,322.0,371
1686,1684,1685,310.0,160821,322.0,371,293.0,1995
1687,1685,1686,305.0,161193,293.0,1995,482.0,441
1688,1686,1687,293.0,159599,482.0,441,465.0,683
1689,1687,1688,482.0,172473,465.0,683,460.0,1621
1690,1688,1689,465.0,162131,460.0,1621,428.0,76
1691,1689,1690,460.0,163753,428.0,76,434.0,26
1692,1690,1691,428.0,151108,434.0,26,434.0,26
1693,1691,1692,434.0,2631,434.0,26,389.0,928
1694,1692,1693,434.0,2657,389.0,928,385.0,1598
1695,1693,1694,391.0,151960,385.0,1598,380.0,3212
1696,1694,1695,391.0,153559,380.0,3212,322.0,357
1697,1695,1696,380.0,164660,322.0,357,352.0,376
1698,1696,1697,354.0,161805,352.0,376,318.0,376
1699,1697,1698,352.0,162182,318.0,376,322.0,376
1700,1698,1699,359.0,162558,322.0,376,352.0,376
1701,1699,1700,354.0,162935,352.0,376,318.0,376
1702,1700,1701,352.0,163312,318.0,376,322.0,376
1703,1701,1702,359.0,163688,322.0,376,352.0,376
1704,1702,1703,354.0,164065,352.0,376,318.0,376
1705,1703,1704,352.0,164442,318.0,376,322.0,376
1706,1704,1705,359.0,164818,322.0,376,332.0,278
1707,1705,1706,354.0,165195,332.0,278,318.0,375
1708,1706,1707,332.0,161726,318.0,375,318.0,374
1709,1707,1708,332.0,162101,318.0,374,322.0,374
1710,1708,1709,328.0,162476,322.0,374,330.0,374
1711,1709,1710,332.0,162850,330.0,374,318.0,374
1712,1710,1711,330.0,163225,318.0,374,322.0,374
1713,1711,1712,337.0,163599,322.0,374,318.0,374
1714,1712,1713,332.0,163974,318.0,374,326.0,374
1715,1713,1714,328.0,164349,326.0,374,322.0,374
1716,1714,1715,337.0,164723,322.0,374,305.0,179
1717,1715,1716,332.0,165098,305.0,179,318.0,372
1718,1716,1717,305.0,161627,318.0,372,318.0,371
1719,1717,1718,305.0,161999,318.0,371,299.0,371
1720,1718,1719,301.0,162371,299.0,371,322.0,371
1721,1719,1720,310.0,162742,322.0,371,303.0,371
1722,1720,1721,305.0,163114,303.0,371,318.0,371
1723,1721,1722,303.0,163486,318.0,371,322.0,371
1724,1722,1723,310.0,163857,322.0,371,318.0,372
1725,1723,1724,305.0,164229,318.0,372,318.0,371
1726,1724,1725,305.0,164601,318.0,371,293.0,898
1727,1725,1726,301.0,164973,293.0,898,487.0,3429
1728,1726,1727,293.0,162346,487.0,3429,460.0,402
1729,1727,1728,487.0,179557,460.0,402,459.0,1621
1730,1728,1729,460.0,165694,459.0,1621,460.0,1621
1731,1729,1730,465.0,167315,460.0,1621,428.0,1317
1732,1730,1731,460.0,168937,428.0,1317,428.0,1500
1733,1731,1732,428.0,155945,428.0,1500,389.0,650
1734,1732,1733,428.0,157445,389.0,650,385.0,1599
1735,1733,1734,391.0,155278,385.0,1599,380.0,1046
1736,1734,1735,391.0,156877,380.0,1046,318.0,292
1737,1735,1736,380.0,166338,318.0,292,348.0,376
1738,1736,1737,350.0,165584,348.0,376,322.0,376
1739,1737,1738,359.0,165960,322.0,376,350.0,376
1740,1738,1739,354.0,166337,350.0,376,318.0,376
1741,1739,1740,350.0,166714,318.0,376,322.0,376
1742,1740,1741,359.0,167090,322.0,376,352.0,376
1743,1741,1742,354.0,167467,352.0,376,318.0,376
1744,1742,1743,352.0,167844,318.0,376,322.0,376
1745,1743,1744,359.0,168220,322.0,376,352.0,376
1746,1744,1745,354.0,168597,352.0,376,332.0,213
1747,1745,1746,352.0,168974,332.0,213,330.0,374
1748,1746,1747,332.0,165505,330.0,374,318.0,374
1749,1747,1748,330.0,165880,318.0,374,322.0,374
1750,1748,1749,337.0,166254,322.0,374,330.0,374
1751,1749,1750,332.0,166629,330.0,374,318.0,374
1752,1750,1751,330.0,167004,318.0,374,322.0,374
1753,1751,1752,337.0,167378,322.0,374,318.0,374
1754,1752,1753,332.0,167753,318.0,374,322.0,374
1755,1753,1754,328.0,168128,322.0,374,318.0,375
1756,1754,1755,332.0,168502,318.0,375,301.0,115
1757,1755,1756,332.0,168877,301.0,115,299.0,371
1758,1756,1757,301.0,165407,299.0,371,322.0,371
1759,1757,1758,310.0,165778,322.0,371,303.0,371
1760,1758,1759,305.0,166150,303.0,371,318.0,371
1761,1759,1760,303.0,166522,318.0,371,322.0,371
1762,1760,1761,310.0,166893,322.0,371,318.0,372
1763,1761,1762,305.0,167265,318.0,372,318.0,371
1764,1762,1763,305.0,167637,318.0,371,299.0,371
1765,1763,1764,301.0,168009,299.0,371,322.0,371
1766,1764,1765,310.0,168380,322.0,371,303.0,371
1767,1765,1766,305.0,168752,303.0,371,487.0,2313
1768,1766,1767,303.0,169124,487.0,2313,465.0,120
1769,1767,1768,487.0,182537,465.0,120,460.0,1621
1770,1768,1769,465.0,169256,460.0,1621,459.0,1621
1771,1769,1770,460.0,170878,459.0,1621,434.0,18
1772,1770,1771,465.0,172499,434.0,18,434.0,26
1773,1771,1772,434.0,2746,434.0,26,389.0,373
1774,1772,1773,434.0,2772,389.0,373,385.0,1599
1775,1773,1774,391.0,158597,385.0,1599,387.0,1598
1776,1774,1775,391.0,160196,387.0,1598,322.0,226
1777,1775,1776,391.0,161794,322.0,226,318.0,377
1778,1776,1777,354.0,169362,318.0,377,318.0,376
1779,1777,1778,354.0,169739,318.0,376,322.0,376
1780,1778,1779,350.0,170116,322.0,376,318.0,377
1781,1779,1780,354.0,170492,318.0,377,318.0,376
1782,1780,1781,354.0,170869,318.0,376,348.0,376
1783,1781,1782,350.0,171246,348.0,376,322.0,376
1784,1782,1783,359.0,171622,322.0,376,318.0,376
1785,1783,1784,354.0,171999,318.0,376,348.0,376
1786,1784,1785,350.0,172376,348.0,376,332.0,148
1787,1785,1786,359.0,172752,332.0,148,330.0,374
1788,1786,1787,332.0,169284,330.0,374,318.0,374
1789,1787,1788,330.0,169659,318.0,374,322.0,374
1790,1788,1789,337.0,170033,322.0,374,318.0,374
1791,1789,1790,332.0,170408,318.0,374,326.0,374
1792,1790,1791,328.0,170783,326.0,374,322.0,374
1793,1791,1792,337.0,171157,322.0,374,318.0,374
1794,1792,1793,332.0,171532,318.0,374,322.0,374
1795,1793,1794,328.0,171907,322.0,374,330.0,374
1796,1794,1795,332.0,172281,330.0,374,305.0,50
1797,1795,1796,330.0,172656,305.0,50,303.0,371
1798,1796,1797,305.0,169186,303.0,371,318.0,371
1799,1797,1798,303.0,169558,318.0,371,322.0,371
1800,1798,1799,310.0,169929,322.0,371,318.0,372
1801,1799,1800,305.0,170301,318.0,372,318.0,371
1802,1800,1801,305.0,170673,318.0,371,299.0,371
1803,1801,1802,301.0,171045,299.0,371,322.0,371
1804,1802,1803,310.0,171416,322.0,371,303.0,371
1805,1803,1804,305.0,171788,303.0,371,318.0,371
1806,1804,1805,303.0,172160,318.0,371,299.0,371
1807,1805,1806,301.0,172532,299.0,371,487.0,1198
1808,1806,1807,310.0,172903,487.0,1198,482.0,3469
1809,1807,1808,487.0,185518,482.0,3469,465.0,1460
1810,1808,1809,482.0,187789,465.0,1460,460.0,1621
1811,1809,1810,465.0,174440,460.0,1621,428.0,796
1812,1810,1811,460.0,176062,428.0,796,428.0,1500
1813,1811,1812,428.0,162616,428.0,1500,389.0,95
1814,1812,1813,428.0,164116,389.0,95,385.0,1599
1815,1813,1814,391.0,161915,385.0,1599,385.0,1598
1816,1814,1815,391.0,163514,385.0,1598,322.0,161
1817,1815,1816,391.0,165113,322.0,161,318.0,376
1818,1816,1817,354.0,173141,318.0,376,322.0,376
1819,1817,1818,350.0,173518,322.0,376,318.0,377
1820,1818,1819,354.0,173894,318.0,377,318.0,376
1821,1819,1820,354.0,174271,318.0,376,322.0,376
1822,1820,1821,350.0,174648,322.0,376,318.0,377
1823,1821,1822,354.0,175024,318.0,377,318.0,376
1824,1822,1823,354.0,175401,318.0,376,322.0,376
1825,1823,1824,350.0,175778,322.0,376,318.0,377
1826,1824,1825,354.0,176154,318.0,377,332.0,83
1827,1825,1826,354.0,176531,332.0,83,330.0,374
1828,1826,1827,332.0,173063,330.0,374,318.0,374
1829,1827,1828,330.0,173438,318.0,374,322.0,374
1830,1828,1829,337.0,173812,322.0,374,318.0,374
1831,1829,1830,332.0,174187,318.0,374,322.0,374
1832,1830,1831,328.0,174562,322.0,374,318.0,375
1833,1831,1832,332.0,174936,318.0,375,318.0,374
1834,1832,1833,332.0,175311,318.0,374,322.0,374
1835,1833,1834,328.0,175686,322.0,374,330.0,374
1836,1834,1835,332.0,176060,330.0,374,318.0,374
1837,1835,1836,330.0,176435,318.0,374,305.0,357
1838,1836,1837,337.0,176809,305.0,357,318.0,372
1839,1837,1838,305.0,173337,318.0,372,318.0,371
1840,1838,1839,305.0,173709,318.0,371,299.0,371
1841,1839,1840,301.0,174081,299.0,371,322.0,371
1842,1840,1841,310.0,174452,322.0,371,303.0,371
1843,1841,1842,305.0,174824,303.0,371,318.0,371
1844,1842,1843,303.0,175196,318.0,371,299.0,371
1845,1843,1844,301.0,175568,299.0,371,322.0,371
1846,1844,1845,310.0,175939,322.0,371,303.0,371
1847,1845,1846,305.0,176311,303.0,371,487.0,83
1848,1846,1847,303.0,176683,487.0,83,482.0,2371
1849,1847,1848,487.0,188499,482.0,2371,460.0,1179
1850,1848,1849,482.0,190787,460.0,1179,459.0,1621
1851,1849,1850,460.0,178003,459.0,1621,434.0,9
1852,1850,1851,465.0,179624,434.0,9,434.0,26
1853,1851,1852,434.0,2861,434.0,26,428.0,1503
1854,1852,1853,434.0,2887,428.0,1503,389.0,1416
1855,1853,1854,428.0,168953,389.0,1416,385.0,1599
1856,1854,1855,391.0,166832,385.0,1599,359.0,95
1857,1855,1856,391.0,168431,359.0,95,322.0,376
1858,1856,1857,359.0,176919,322.0,376,352.0,376
1859,1857,1858,354.0,177296,352.0,376,318.0,376
1860,1858,1859,352.0,177673,318.0,376,322.0,376
1861,1859,1860,359.0,178049,322.0,376,352.0,376
1862,1860,1861,354.0,178426,352.0,376,318.0,376
1863,1861,1862,352.0,178803,318.0,376,322.0,376
1864,1862,1863,359.0,179179,322.0,376,352.0,376
1865,1863,1864,354.0,179556,352.0,376,318.0,376
1866,1864,1865,352.0,179933,318.0,376,332.0,18
1867,1865,1866,350.0,180310,332.0,18,330.0,374
1868,1866,1867,332.0,176842,330.0,374,318.0,374
1869,1867,1868,330.0,177217,318.0,374,322.0,374
1870,1868,1869,337.0,177591,322.0,374,318.0,374
1871,1869,1870,332.0,177966,318.0,374,322.0,374
1872,1870,1871,328.0,178341,322.0,374,330.0,374
1873,1871,1872,332.0,178715,330.0,374,318.0,374
1874,1872,1873,330.0,179090,318.0,374,322.0,374
1875,1873,1874,337.0,179464,322.0,374,330.0,374
1876,1874,1875,332.0,179839,330.0,374,318.0,374
1877,1875,1876,330.0,180214,318.0,374,301.0,293
1878,1876,1877,337.0,180588,301.0,293,299.0,371
1879,1877,1878,301.0,177117,299.0,371,322.0,371
1880,1878,1879,310.0,177488,322.0,371,318.0,372
1881,1879,1880,305.0,177860,318.0,372,318.0,371
1882,1880,1881,305.0,178232,318.0,371,299.0,371
1883,1881,1882,301.0,178604,299.0,371,322.0,371
1884,1882,1883,310.0,178975,322.0,371,303.0,371
1885,1883,1884,305.0,179347,303.0,371,318.0,371
1886,1884,1885,303.0,179719,318.0,371,322.0,371
1887,1885,1886,310.0,180090,322.0,371,293.0,2828
1888,1886,1887,305.0,180462,293.0,2828,482.0,1274
1889,1887,1888,293.0,179652,482.0,1274,465.0,897
1890,1888,1889,482.0,193786,465.0,897,460.0,1621
1891,1889,1890,465.0,181565,460.0,1621,428.0,275
1892,1890,1891,460.0,183187,428.0,275,428.0,1500
1893,1891,1892,428.0,169287,428.0,1500,428.0,1500
1894,1892,1893,428.0,170787,428.0,1500,389.0,1139
1895,1893,1894,428.0,172287,389.0,1139,385.0,1599
1896,1894,1895,391.0,170151,385.0,1599,322.0,30
1897,1895,1896,391.0,171750,322.0,30,352.0,376
1898,1896,1897,354.0,180698,352.0,376,318.0,376
1899,1897,1898,352.0,181075,318.0,376,322.0,376
1900,1898,1899,359.0,181451,322.0,376,352.0,376
1901,1899,1900,354.0,181828,352.0,376,318.0,376
1902,1900,1901,352.0,182205,318.0,376,322.0,376
1903,1901,1902,359.0,182581,322.0,376,352.0,376
1904,1902,1903,354.0,182958,352.0,376,318.0,376
1905,1903,1904,352.0,183335,318.0,376,322.0,376
1906,1904,1905,359.0,183711,322.0,376,352.0,376
1907,1905,1906,354.0,184088,352.0,376,328.0,328
1908,1906,1907,352.0,184465,328.0,328,322.0,374
1909,1907,1908,328.0,180996,322.0,374,318.0,375
1910,1908,1909,332.0,181370,318.0,375,318.0,374
1911,1909,1910,332.0,181745,318.0,374,322.0,374
1912,1910,1911,328.0,182120,322.0,374,330.0,374
1913,1911,1912,332.0,182494,330.0,374,318.0,374
1914,1912,1913,330.0,182869,318.0,374,322.0,374
1915,1913,1914,337.0,183243,322.0,374,318.0,374
1916,1914,1915,332.0,183618,318.0,374,326.0,374
1917,1915,1916,328.0,183993,326.0,374,305.0,228
1918,1916,1917,337.0,184367,305.0,228,318.0,372
1919,1917,1918,305.0,180896,318.0,372,318.0,371
1920,1918,1919,305.0,181268,318.0,371,299.0,371
1921,1919,1920,301.0,181640,299.0,371,322.0,371
1922,1920,1921,310.0,182011,322.0,371,303.0,371
1923,1921,1922,305.0,182383,303.0,371,318.0,371
1924,1922,1923,303.0,182755,318.0,371,322.0,371
1925,1923,1924,310.0,183126,322.0,371,318.0,372
1926,1924,1925,305.0,183498,318.0,372,318.0,371
1927,1925,1926,305.0,183870,318.0,371,293.0,1731
1928,1926,1927,301.0,184242,293.0,1731,482.0,177
1929,1927,1928,293.0,182399,482.0,177,460.0,616
1930,1928,1929,482.0,196785,460.0,616,459.0,1621
1931,1929,1930,460.0,185128,459.0,1621,371.0,1
1932,1930,1931,465.0,186749,371.0,1,434.0,26
1933,1931,1932,371.0,49,434.0,26,428.0,1503
1934,1932,1933,434.0,3002,428.0,1503,389.0,861
1935,1933,1934,428.0,175624,389.0,861,385.0,1599
1936,1934,1935,391.0,173469,385.0,1599,380.0,2690
1937,1935,1936,391.0,175068,380.0,2690,359.0,341
1938,1936,1937,380.0,187202,359.0,341,322.0,376
1939,1937,1938,359.0,184853,322.0,376,318.0,376
1940,1938,1939,354.0,185230,318.0,376,348.0,376
1941,1939,1940,350.0,185607,348.0,376,322.0,376
1942,1940,1941,359.0,185983,322.0,376,318.0,376
1943,1941,1942,354.0,186360,318.0,376,348.0,376
1944,1942,1943,350.0,186737,348.0,376,322.0,376
1945,1943,1944,359.0,187113,322.0,376,350.0,376
1946,1944,1945,354.0,187490,350.0,376,318.0,376
1947,1945,1946,350.0,187867,318.0,376,328.0,263
1948,1946,1947,359.0,188243,328.0,263,322.0,374
1949,1947,1948,328.0,184775,322.0,374,331.0,374
1950,1948,1949,332.0,185149,331.0,374,318.0,374
1951,1949,1950,331.0,185524,318.0,374,322.0,374
1952,1950,1951,337.0,185898,322.0,374,330.0,374
1953,1951,1952,332.0,186273,330.0,374,318.0,374
1954,1952,1953,330.0,186648,318.0,374,322.0,374
1955,1953,1954,337.0,187022,322.0,374,318.0,374
1956,1954,1955,332.0,187397,318.0,374,322.0,374
1957,1955,1956,328.0,187772,322.0,374,301.0,164
1958,1956,1957,332.0,188146,301.0,164,299.0,371
1959,1957,1958,301.0,184676,299.0,371,322.0,371
1960,1958,1959,310.0,185047,322.0,371,303.0,371
1961,1959,1960,305.0,185419,303.0,371,318.0,371
1962,1960,1961,303.0,185791,318.0,371,322.0,371
1963,1961,1962,310.0,186162,322.0,371,318.0,372
1964,1962,1963,305.0,186534,318.0,372,318.0,371
1965,1963,1964,305.0,186906,318.0,371,299.0,371
1966,1964,1965,301.0,187278,299.0,371,322.0,371
1967,1965,1966,310.0,187649,322.0,371,293.0,634
1968,1966,1967,305.0,188021,293.0,634,487.0,3160
1969,1967,1968,293.0,185146,487.0,3160,460.0,334
1970,1968,1969,487.0,203864,460.0,334,459.0,1622
1971,1969,1970,460.0,188690,459.0,1622,459.0,1621
1972,1970,1971,460.0,190312,459.0,1621,428.0,1254
1973,1971,1972,465.0,191933,428.0,1254,428.0,1500
1974,1972,1973,428.0,177458,428.0,1500,389.0,583
1975,1973,1974,428.0,178958,389.0,583,385.0,1599
1976,1974,1975,391.0,176787,385.0,1599,380.0,524
1977,1975,1976,391.0,178386,380.0,524,322.0,276
1978,1976,1977,380.0,188880,322.0,276,318.0,376
1979,1977,1978,354.0,188632,318.0,376,322.0,376
1980,1978,1979,350.0,189009,322.0,376,318.0,377
1981,1979,1980,354.0,189385,318.0,377,318.0,376
1982,1980,1981,354.0,189762,318.0,376,322.0,376
1983,1981,1982,350.0,190139,322.0,376,318.0,377
1984,1982,1983,354.0,190515,318.0,377,318.0,376
1985,1983,1984,354.0,190892,318.0,376,322.0,376
1986,1984,1985,350.0,191269,322.0,376,354.0,376
1987,1985,1986,355.0,191645,354.0,376,328.0,198
1988,1986,1987,354.0,192022,328.0,198,322.0,374
1989,1987,1988,328.0,188554,322.0,374,330.0,374
1990,1988,1989,332.0,188928,330.0,374,318.0,374
1991,1989,1990,330.0,189303,318.0,374,322.0,374
1992,1990,1991,337.0,189677,322.0,374,318.0,374
1993,1991,1992,332.0,190052,318.0,374,326.0,374
1994,1992,1993,328.0,190427,326.0,374,322.0,374
1995,1993,1994,337.0,190801,322.0,374,318.0,374
1996,1994,1995,332.0,191176,318.0,374,322.0,374
1997,1995,1996,328.0,191551,322.0,374,305.0,99
1998,1996,1997,332.0,191925,305.0,99,303.0,371
1999,1997,1998,305.0,188455,303.0,371,318.0,371
2000,1998,1999,303.0,188827,318.0,371,322.0,371
2001,1999,2000,301.0,189199,322.0,371,318.0,372
2002,2000,2001,305.0,189570,318.0,372,318.0,371
2003,2001,2002,305.0,189942,318.0,371,299.0,371
2004,2002,2003,301.0,190314,299.0,371,322.0,371
2005,2003,2004,310.0,190685,322.0,371,303.0,371
2006,2004,2005,305.0,191057,303.0,371,318.0,371
2007,2005,2006,303.0,191429,318.0,371,299.0,371
2008,2006,2007,301.0,191801,299.0,371,487.0,2045
2009,2007,2008,310.0,192172,487.0,2045,465.0,52
2010,2008,2009,487.0,206845,465.0,52,460.0,1621
2011,2009,2010,465.0,192252,460.0,1621,459.0,1622
2012,2010,2011,460.0,193874,459.0,1622,434.0,17
2013,2011,2012,460.0,195496,434.0,17,439.0,26
2014,2012,2013,434.0,3117,439.0,26,389.0,306
2015,2013,2014,439.0,3143,389.0,306,385.0,1599
2016,2014,2015,391.0,180106,385.0,1599,385.0,1599
2017,2015,2016,391.0,181705,385.0,1599,318.0,211
2018,2016,2017,391.0,183304,318.0,211,322.0,376
2019,2017,2018,350.0,192411,322.0,376,318.0,377
2020,2018,2019,354.0,192787,318.0,377,318.0,376
2021,2019,2020,354.0,193164,318.0,376,322.0,376
2022,2020,2021,350.0,193541,322.0,376,318.0,377
2023,2021,2022,354.0,193917,318.0,377,318.0,376
2024,2022,2023,354.0,194294,318.0,376,322.0,376
2025,2023,2024,350.0,194671,322.0,376,318.0,377
2026,2024,2025,354.0,195047,318.0,377,318.0,376
2027,2025,2026,354.0,195424,318.0,376,328.0,133
2028,2026,2027,350.0,195801,328.0,133,322.0,374
2029,2027,2028,328.0,192333,322.0,374,330.0,374
2030,2028,2029,332.0,192707,330.0,374,318.0,374
2031,2029,2030,330.0,193082,318.0,374,322.0,374
2032,2030,2031,337.0,193456,322.0,374,318.0,374
2033,2031,2032,332.0,193831,318.0,374,322.0,374
2034,2032,2033,328.0,194206,322.0,374,318.0,375
2035,2033,2034,332.0,194580,318.0,375,318.0,374
2036,2034,2035,332.0,194955,318.0,374,322.0,374
2037,2035,2036,328.0,195330,322.0,374,301.0,35
2038,2036,2037,332.0,195704,301.0,35,322.0,371
2039,2037,2038,301.0,192235,322.0,371,318.0,372
2040,2038,2039,305.0,192606,318.0,372,318.0,371
2041,2039,2040,305.0,192978,318.0,371,299.0,371
2042,2040,2041,301.0,193350,299.0,371,322.0,371
2043,2041,2042,310.0,193721,322.0,371,303.0,371
2044,2042,2043,305.0,194093,303.0,371,318.0,371
2045,2043,2044,303.0,194465,318.0,371,299.0,371
2046,2044,2045,301.0,194837,299.0,371,322.0,371
2047,2045,2046,310.0,195208,322.0,371,303.0,371
2048,2046,2047,305.0,195580,303.0,371,487.0,929
2049,2047,2048,303.0,195952,487.0,929,482.0,3204
2050,2048,2049,487.0,209825,482.0,3204,465.0,1392
2051,2049,2050,482.0,212100,465.0,1392,460.0,1621
2052,2050,2051,465.0,197436,460.0,1621,428.0,733
2053,2051,2052,460.0,199058,428.0,733,428.0,1500
2054,2052,2053,428.0,184129,428.0,1500,389.0,28
2055,2053,2054,428.0,185629,389.0,28,385.0,1599
2056,2054,2055,391.0,183424,385.0,1599,385.0,1599
2057,2055,2056,391.0,185023,385.0,1599,322.0,145
2058,2056,2057,391.0,186622,322.0,145,352.0,376
2059,2057,2058,354.0,196189,352.0,376,318.0,376
2060,2058,2059,352.0,196566,318.0,376,322.0,376
2061,2059,2060,359.0,196942,322.0,376,352.0,376
2062,2060,2061,354.0,197319,352.0,376,318.0,376
2063,2061,2062,352.0,197696,318.0,376,322.0,376
2064,2062,2063,359.0,198072,322.0,376,352.0,376
2065,2063,2064,354.0,198449,352.0,376,318.0,376
2066,2064,2065,352.0,198826,318.0,376,322.0,376
2067,2065,2066,359.0,199202,322.0,376,337.0,67
2068,2066,2067,354.0,199579,337.0,67,322.0,374
2069,2067,2068,337.0,196111,322.0,374,330.0,374
2070,2068,2069,332.0,196486,330.0,374,318.0,374
2071,2069,2070,330.0,196861,318.0,374,322.0,374
2072,2070,2071,337.0,197235,322.0,374,318.0,374
2073,2071,2072,332.0,197610,318.0,374,322.0,374
2074,2072,2073,328.0,197985,322.0,374,330.0,374
2075,2073,2074,332.0,198359,330.0,374,318.0,374
2076,2074,2075,330.0,198734,318.0,374,322.0,374
2077,2075,2076,337.0,199108,322.0,374,330.0,374
2078,2076,2077,332.0,199483,330.0,374,301.0,342
2079,2077,2078,330.0,199858,301.0,342,299.0,371
2080,2078,2079,301.0,196386,299.0,371,322.0,371
2081,2079,2080,310.0,196757,322.0,371,318.0,372
2082,2080,2081,305.0,197129,318.0,372,318.0,371
2083,2081,2082,305.0,197501,318.0,371,299.0,371
2084,2082,2083,301.0,197873,299.0,371,322.0,371
2085,2083,2084,310.0,198244,322.0,371,303.0,371
2086,2084,2085,305.0,198616,303.0,371,318.0,371
2087,2085,2086,303.0,198988,318.0,371,322.0,371
2088,2086,2087,310.0,199359,322.0,371,293.0,3661
2089,2087,2088,305.0,199731,293.0,3661,482.0,2107
2090,2088,2089,293.0,199705,482.0,2107,460.0,1111
2091,2089,2090,482.0,215099,460.0,1111,459.0,1621
2092,2090,2091,460.0,200999,459.0,1621,434.0,8
2093,2091,2092,465.0,202620,434.0,8,434.0,26
2094,2092,2093,434.0,3232,434.0,26,428.0,1502
2095,2093,2094,434.0,3258,428.0,1502,389.0,1349
2096,2094,2095,428.0,190466,389.0,1349,385.0,1599
2097,2095,2096,391.0,188341,385.0,1599,322.0,80
2098,2096,2097,391.0,189940,322.0,80,318.0,376
2099,2097,2098,352.0,199968,318.0,376,322.0,376
2100,2098,2099,359.0,200344,322.0,376,352.0,376
2101,2099,2100,354.0,200721,352.0,376,318.0,376
2102,2100,2101,352.0,201098,318.0,376,322.0,376
2103,2101,2102,359.0,201474,322.0,376,352.0,376
2104,2102,2103,354.0,201851,352.0,376,318.0,376
2105,2103,2104,352.0,202228,318.0,376,322.0,376
2106,2104,2105,359.0,202604,322.0,376,352.0,376
2107,2105,2106,354.0,202981,352.0,376,168.0,1
2108,2106,2107,352.0,203358,168.0,1,322.0,374
2109,2107,2108,168.0,53,322.0,374,318.0,374
2110,2108,2109,332.0,200265,318.0,374,326.0,374
2111,2109,2110,328.0,200640,326.0,374,322.0,374
2112,2110,2111,333.0,201014,322.0,374,318.0,374
2113,2111,2112,332.0,201389,318.0,374,322.0,374
2114,2112,2113,328.0,201764,322.0,374,330.0,374
2115,2113,2114,332.0,202138,330.0,374,318.0,374
2116,2114,2115,330.0,202513,318.0,374,322.0,374
2117,2115,2116,337.0,202887,322.0,374,318.0,374
2118,2116,2117,332.0,203262,318.0,374,305.0,277
2119,2117,2118,328.0,203637,305.0,277,318.0,372
2120,2118,2119,305.0,200165,318.0,372,318.0,371
2121,2119,2120,305.0,200537,318.0,371,299.0,371
2122,2120,2121,301.0,200909,299.0,371,322.0,371
2123,2121,2122,310.0,201280,322.0,371,303.0,371
2124,2122,2123,305.0,201652,303.0,371,318.0,371
2125,2123,2124,303.0,202024,318.0,371,322.0,371
2126,2124,2125,310.0,202395,322.0,371,318.0,372
2127,2125,2126,305.0,202767,318.0,372,318.0,371
2128,2126,2127,305.0,203139,318.0,371,293.0,2564
2129,2127,2128,301.0,203511,293.0,2564,482.0,1010
2130,2128,2129,293.0,202452,482.0,1010,465.0,829
2131,2129,2130,482.0,218098,465.0,829,460.0,1621
2132,2130,2131,465.0,204561,460.0,1621,428.0,212
2133,2131,2132,460.0,206183,428.0,212,428.0,1500
2134,2132,2133,428.0,190800,428.0,1500,428.0,1500
2135,2133,2134,428.0,192300,428.0,1500,389.0,1072
2136,2134,2135,428.0,193800,389.0,1072,385.0,1599
2137,2135,2136,391.0,191660,385.0,1599,359.0,14
2138,2136,2137,391.0,193259,359.0,14,322.0,376
2139,2137,2138,359.0,203746,322.0,376,318.0,376
2140,2138,2139,354.0,204123,318.0,376,348.0,376
2141,2139,2140,350.0,204500,348.0,376,322.0,376
2142,2140,2141,359.0,204876,322.0,376,318.0,376
2143,2141,2142,354.0,205253,318.0,376,348.0,376
2144,2142,2143,350.0,205630,348.0,376,322.0,376
2145,2143,2144,359.0,206006,322.0,376,318.0,376
2146,2144,2145,354.0,206383,318.0,376,348.0,376
2147,2145,2146,350.0,206760,348.0,376,322.0,376
2148,2146,2147,359.0,207136,322.0,376,332.0,312
2149,2147,2148,354.0,207513,332.0,312,318.0,374
2150,2148,2149,332.0,204044,318.0,374,322.0,374
2151,2149,2150,328.0,204419,322.0,374,318.0,375
2152,2150,2151,332.0,204793,318.0,375,318.0,374
2153,2151,2152,332.0,205168,318.0,374,322.0,374
2154,2152,2153,328.0,205543,322.0,374,330.0,374
2155,2153,2154,332.0,205917,330.0,374,318.0,374
2156,2154,2155,330.0,206292,318.0,374,322.0,374
2157,2155,2156,337.0,206666,322.0,374,318.0,374
2158,2156,2157,332.0,207041,318.0,374,301.0,213
2159,2157,2158,328.0,207416,301.0,213,299.0,371
2160,2158,2159,301.0,203945,299.0,371,322.0,371
2161,2159,2160,310.0,204316,322.0,371,303.0,371
2162,2160,2161,305.0,204688,303.0,371,318.0,371
2163,2161,2162,303.0,205060,318.0,371,322.0,371
2164,2162,2163,310.0,205431,322.0,371,318.0,372
2165,2163,2164,305.0,205803,318.0,372,318.0,371
2166,2164,2165,305.0,206175,318.0,371,299.0,371
2167,2165,2166,301.0,206547,299.0,371,322.0,371
2168,2166,2167,310.0,206918,322.0,371,293.0,1467
2169,2167,2168,305.0,207290,293.0,1467,487.0,4007
2170,2168,2169,293.0,205199,487.0,4007,460.0,548
2171,2169,2170,487.0,225191,460.0,548,459.0,1621
2172,2170,2171,460.0,208124,459.0,1621,460.0,1621
2173,2171,2172,465.0,209745,460.0,1621,434.0,25
2174,2172,2173,460.0,211367,434.0,25,428.0,1503
2175,2173,2174,434.0,3373,428.0,1503,389.0,794
2176,2174,2175,428.0,197137,389.0,794,385.0,1599
2177,2175,2176,391.0,194978,385.0,1599,380.0,2168
2178,2176,2177,391.0,196577,380.0,2168,318.0,326
2179,2177,2178,380.0,209744,318.0,326,322.0,376
2180,2178,2179,350.0,207902,322.0,376,318.0,377
2181,2179,2180,354.0,208278,318.0,377,318.0,376
2182,2180,2181,354.0,208655,318.0,376,322.0,376
2183,2181,2182,350.0,209032,322.0,376,318.0,377
2184,2182,2183,354.0,209408,318.0,377,318.0,376
2185,2183,2184,354.0,209785,318.0,376,322.0,376
2186,2184,2185,350.0,210162,322.0,376,318.0,377
2187,2185,2186,354.0,210538,318.0,377,318.0,376
2188,2186,2187,354.0,210915,318.0,376,332.0,247
2189,2187,2188,350.0,211292,332.0,247,318.0,374
2190,2188,2189,332.0,207823,318.0,374,322.0,374
2191,2189,2190,328.0,208198,322.0,374,330.0,374
2192,2190,2191,332.0,208572,330.0,374,318.0,374
2193,2191,2192,330.0,208947,318.0,374,322.0,374
2194,2192,2193,337.0,209321,322.0,374,330.0,374
2195,2193,2194,332.0,209696,330.0,374,318.0,374
2196,2194,2195,330.0,210071,318.0,374,322.0,374
2197,2195,2196,337.0,210445,322.0,374,318.0,374
2198,2196,2197,332.0,210820,318.0,374,305.0,148
2199,2197,2198,328.0,211195,305.0,148,303.0,371
2200,2198,2199,305.0,207724,303.0,371,318.0,371
2201,2199,2200,303.0,208096,318.0,371,322.0,371
2202,2200,2201,301.0,208468,322.0,371,318.0,372
2203,2201,2202,305.0,208839,318.0,372,318.0,371
2204,2202,2203,305.0,209211,318.0,371,299.0,371
2205,2203,2204,301.0,209583,299.0,371,322.0,371
2206,2204,2205,310.0,209954,322.0,371,303.0,371
2207,2205,2206,305.0,210326,303.0,371,318.0,371
2208,2206,2207,303.0,210698,318.0,371,293.0,370
2209,2207,2208,301.0,211070,293.0,370,487.0,2892
2210,2208,2209,293.0,207946,487.0,2892,465.0,266
2211,2209,2210,487.0,228172,465.0,266,460.0,1621
2212,2210,2211,465.0,211686,460.0,1621,459.0,1621
2213,2211,2212,460.0,213308,459.0,1621,428.0,1191
2214,2212,2213,465.0,214929,428.0,1191,428.0,1500
2215,2213,2214,428.0,198971,428.0,1500,389.0,517
2216,2214,2215,428.0,200471,389.0,517,387.0,1598
2217,2215,2216,391.0,198297,387.0,1598,375.0,1
2218,2216,2217,391.0,199895,375.0,1,322.0,260
2219,2217,2218,375.0,56,322.0,260,352.0,376
2220,2218,2219,354.0,211680,352.0,376,318.0,376
2221,2219,2220,352.0,212057,318.0,376,322.0,376
2222,2220,2221,350.0,212434,322.0,376,353.0,376
2223,2221,2222,354.0,212810,353.0,376,318.0,376
2224,2222,2223,353.0,213187,318.0,376,322.0,376
2225,2223,2224,350.0,213564,322.0,376,318.0,377
2226,2224,2225,354.0,213940,318.0,377,318.0,376
2227,2225,2226,354.0,214317,318.0,376,322.0,376
2228,2226,2227,350.0,214694,322.0,376,332.0,182
2229,2227,2228,354.0,215070,332.0,182,318.0,374
2230,2228,2229,332.0,211602,318.0,374,322.0,374
2231,2229,2230,328.0,211977,322.0,374,330.0,374
2232,2230,2231,332.0,212351,330.0,374,318.0,374
2233,2231,2232,330.0,212726,318.0,374,322.0,374
2234,2232,2233,337.0,213100,322.0,374,318.0,374
2235,2233,2234,332.0,213475,318.0,374,326.0,374
2236,2234,2235,328.0,213850,326.0,374,322.0,374
2237,2235,2236,333.0,214224,322.0,374,318.0,374
2238,2236,2237,332.0,214599,318.0,374,301.0,84
2239,2237,2238,328.0,214974,301.0,84,322.0,371
2240,2238,2239,301.0,211504,322.0,371,318.0,372
2241,2239,2240,305.0,211875,318.0,372,318.0,371
2242,2240,2241,305.0,212247,318.0,371,299.0,371
2243,2241,2242,301.0,212619,299.0,371,322.0,371
2244,2242,2243,310.0,212990,322.0,371,318.0,372
2245,2243,2244,305.0,213362,318.0,372,318.0,371
2246,2244,2245,305.0,213734,318.0,371,299.0,371
2247,2245,2246,301.0,214106,299.0,371,322.0,371
2248,2246,2247,310.0,214477,322.0,371,303.0,371
2249,2247,2248,305.0,214849,303.0,371,487.0,1776
2250,2248,2249,303.0,215221,487.0,1776,482.0,4038
2251,2249,2250,487.0,231152,482.0,4038,465.0,1606
2252,2250,2251,482.0,233414,465.0,1606,460.0,1621
2253,2251,2252,465.0,216870,460.0,1621,434.0,16
2254,2252,2253,460.0,218492,434.0,16,428.0,1503
2255,2253,2254,434.0,3488,428.0,1503,389.0,239
2256,2254,2255,428.0,203808,389.0,239,385.0,1598
2257,2255,2256,391.0,201615,385.0,1598,385.0,1599
2258,2256,2257,391.0,203214,385.0,1599,322.0,195
2259,2257,2258,391.0,204813,322.0,195,318.0,376
2260,2258,2259,352.0,215459,318.0,376,322.0,376
2261,2259,2260,359.0,215835,322.0,376,352.0,376
2262,2260,2261,354.0,216212,352.0,376,318.0,376
2263,2261,2262,352.0,216589,318.0,376,322.0,376
2264,2262,2263,359.0,216965,322.0,376,352.0,376
2265,2263,2264,354.0,217342,352.0,376,318.0,376
2266,2264,2265,352.0,217719,318.0,376,322.0,376
2267,2265,2266,359.0,218095,322.0,376,352.0,376
2268,2266,2267,354.0,218472,352.0,376,330.0,117
2269,2267,2268,352.0,218849,330.0,117,318.0,374
2270,2268,2269,330.0,215381,318.0,374,322.0,374
2271,2269,2270,337.0,215755,322.0,374,330.0,374
2272,2270,2271,332.0,216130,330.0,374,318.0,374
2273,2271,2272,330.0,216505,318.0,374,322.0,374
2274,2272,2273,337.0,216879,322.0,374,318.0,374
2275,2273,2274,332.0,217254,318.0,374,322.0,374
2276,2274,2275,328.0,217629,322.0,374,318.0,375
2277,2275,2276,332.0,218003,318.0,375,318.0,374
2278,2276,2277,332.0,218378,318.0,374,305.0,19
2279,2277,2278,337.0,218752,305.0,19,318.0,371
2280,2278,2279,305.0,215283,318.0,371,299.0,371
2281,2279,2280,301.0,215655,299.0,371,322.0,371
2282,2280,2281,310.0,216026,322.0,371,318.0,372
2283,2281,2282,305.0,216398,318.0,372,318.0,371
2284,2282,2283,305.0,216770,318.0,371,299.0,371
2285,2283,2284,301.0,217142,299.0,371,322.0,371
2286,2284,2285,310.0,217513,322.0,371,303.0,371
2287,2285,2286,305.0,217885,303.0,371,318.0,371
2288,2286,2287,303.0,218257,318.0,371,322.0,371
2289,2287,2288,310.0,218628,322.0,371,487.0,661
2290,2288,2289,305.0,219000,487.0,661,482.0,2940
2291,2289,2290,487.0,234133,482.0,2940,460.0,1325
2292,2290,2291,482.0,236412,460.0,1325,459.0,1621
2293,2291,2292,460.0,220433,459.0,1621,428.0,670
2294,2292,2293,465.0,222054,428.0,670,428.0,1500
2295,2293,2294,428.0,205642,428.0,1500,388.0,22
2296,2294,2295,428.0,207142,388.0,22,389.0,1560
2297,2295,2296,407.0,3556,389.0,1560,385.0,1599
2298,2296,2297,391.0,206532,385.0,1599,359.0,129
2299,2297,2298,391.0,208131,359.0,129,322.0,376
2300,2298,2299,359.0,219237,322.0,376,352.0,376
2301,2299,2300,354.0,219614,352.0,376,318.0,376
2302,2300,2301,352.0,219991,318.0,376,322.0,376
2303,2301,2302,359.0,220367,322.0,376,352.0,376
2304,2302,2303,354.0,220744,352.0,376,318.0,376
2305,2303,2304,352.0,221121,318.0,376,322.0,376
2306,2304,2305,359.0,221497,322.0,376,352.0,376
2307,2305,2306,354.0,221874,352.0,376,318.0,376
2308,2306,2307,352.0,222251,318.0,376,330.0,52
2309,2307,2308,359.0,222627,330.0,52,318.0,374
2310,2308,2309,330.0,219160,318.0,374,322.0,374
2311,2309,2310,337.0,219534,322.0,374,318.0,374
2312,2310,2311,332.0,219909,318.0,374,326.0,374
2313,2311,2312,328.0,220284,326.0,374,322.0,374
2314,2312,2313,337.0,220658,322.0,374,318.0,374
2315,2313,2314,332.0,221033,318.0,374,322.0,374
2316,2314,2315,328.0,221408,322.0,374,330.0,374
2317,2315,2316,332.0,221782,330.0,374,318.0,374
2318,2316,2317,330.0,222157,318.0,374,322.0,374
2319,2317,2318,337.0,222531,322.0,374,305.0,326
2320,2318,2319,332.0,222906,305.0,326,318.0,372
2321,2319,2320,305.0,219434,318.0,372,318.0,371
2322,2320,2321,305.0,219806,318.0,371,299.0,371
2323,2321,2322,301.0,220178,299.0,371,322.0,371
2324,2322,2323,310.0,220549,322.0,371,303.0,371
2325,2323,2324,305.0,220921,303.0,371,318.0,371
2326,2324,2325,303.0,221293,318.0,371,322.0,371
2327,2325,2326,310.0,221664,322.0,371,318.0,372
2328,2326,2327,305.0,222036,318.0,372,318.0,371
2329,2327,2328,305.0,222408,318.0,371,293.0,3397
2330,2328,2329,301.0,222780,293.0,3397,482.0,1843
2331,2329,2330,293.0,222505,482.0,1843,460.0,1043
2332,2330,2331,482.0,239411,460.0,1043,459.0,1622
2333,2331,2332,460.0,223995,459.0,1622,434.0,7
2334,2332,2333,460.0,225617,434.0,7,428.0,1503
2335,2333,2334,434.0,3603,428.0,1503,428.0,1500
2336,2334,2335,428.0,210479,428.0,1500,389.0,1283
2337,2335,2336,428.0,211979,389.0,1283,385.0,1599
2338,2336,2337,391.0,209851,385.0,1599,322.0,64
2339,2337,2338,391.0,211450,322.0,64,318.0,376
2340,2338,2339,354.0,223016,318.0,376,348.0,376
2341,2339,2340,350.0,223393,348.0,376,322.0,376
2342,2340,2341,359.0,223769,322.0,376,318.0,376
2343,2341,2342,354.0,224146,318.0,376,348.0,376
2344,2342,2343,350.0,224523,348.0,376,322.0,376
2345,2343,2344,359.0,224899,322.0,376,318.0,376
2346,2344,2345,354.0,225276,318.0,376,348.0,376
2347,2345,2346,350.0,225653,348.0,376,322.0,376
2348,2346,2347,359.0,226029,322.0,376,318.0,376
2349,2347,2348,354.0,226406,318.0,376,337.0,361
2350,2348,2349,350.0,226783,337.0,361,322.0,374
2351,2349,2350,337.0,223313,322.0,374,318.0,374
2352,2350,2351,332.0,223688,318.0,374,322.0,374
2353,2351,2352,328.0,224063,322.0,374,318.0,375
2354,2352,2353,332.0,224437,318.0,375,318.0,374
2355,2353,2354,332.0,224812,318.0,374,322.0,374
2356,2354,2355,328.0,225187,322.0,374,330.0,374
2357,2355,2356,332.0,225561,330.0,374,318.0,374
2358,2356,2357,330.0,225936,318.0,374,322.0,374
2359,2357,2358,337.0,226310,322.0,374,301.0,262
2360,2358,2359,332.0,226685,301.0,262,299.0,371
2361,2359,2360,301.0,223214,299.0,371,322.0,371
2362,2360,2361,310.0,223585,322.0,371,303.0,371
2363,2361,2362,305.0,223957,303.0,371,318.0,371
2364,2362,2363,303.0,224329,318.0,371,322.0,371
2365,2363,2364,301.0,224701,322.0,371,318.0,372
2366,2364,2365,305.0,225072,318.0,372,318.0,371
2367,2365,2366,305.0,225444,318.0,371,299.0,371
2368,2366,2367,301.0,225816,299.0,371,322.0,371
2369,2367,2368,310.0,226187,322.0,371,293.0,2300
2370,2368,2369,305.0,226559,293.0,2300,482.0,746
2371,2369,2370,293.0,225252,482.0,746,460.0,762
2372,2370,2371,482.0,242410,460.0,762,459.0,1621
2373,2371,2372,460.0,227558,459.0,1621,428.0,149
2374,2372,2373,465.0,229179,428.0,149,428.0,1500
2375,2373,2374,428.0,212313,428.0,1500,428.0,1500
2376,2374,2375,428.0,213813,428.0,1500,389.0,1005
2377,2375,2376,428.0,215313,389.0,1005,385.0,1599
2378,2376,2377,391.0,213169,385.0,1599,380.0,3813
2379,2377,2378,391.0,214768,380.0,3813,322.0,375
2380,2378,2379,380.0,230609,322.0,375,318.0,377
2381,2379,2380,354.0,227171,318.0,377,318.0,376
2382,2380,2381,354.0,227548,318.0,376,322.0,376
2383,2381,2382,350.0,227925,322.0,376,318.0,377
2384,2382,2383,354.0,228301,318.0,377,318.0,376
2385,2383,2384,354.0,228678,318.0,376,322.0,376
2386,2384,2385,350.0,229055,322.0,376,318.0,377
2387,2385,2386,354.0,229431,318.0,377,318.0,376
2388,2386,2387,354.0,229808,318.0,376,322.0,376
2389,2387,2388,350.0,230185,322.0,376,337.0,296
2390,2388,2389,354.0,230561,337.0,296,322.0,374
2391,2389,2390,337.0,227092,322.0,374,318.0,374
2392,2390,2391,332.0,227467,318.0,374,322.0,374
2393,2391,2392,328.0,227842,322.0,374,330.0,374
2394,2392,2393,332.0,228216,330.0,374,318.0,374
2395,2393,2394,330.0,228591,318.0,374,322.0,374
2396,2394,2395,337.0,228965,322.0,374,330.0,374
2397,2395,2396,332.0,229340,330.0,374,318.0,374
2398,2396,2397,330.0,229715,318.0,374,322.0,374
2399,2397,2398,337.0,230089,322.0,374,305.0,197
2400,2398,2399,332.0,230464,305.0,197,303.0,371
2401,2399,2400,305.0,226993,303.0,371,318.0,371
2402,2400,2401,303.0,227365,318.0,371,322.0,371
2403,2401,2402,301.0,227737,322.0,371,318.0,372
2404,2402,2403,305.0,228108,318.0,372,303.0,371
2405,2403,2404,305.0,228480,303.0,371,318.0,371
2406,2404,2405,303.0,228852,318.0,371,322.0,371
2407,2405,2406,310.0,229223,322.0,371,318.0,372
2408,2406,2407,305.0,229595,318.0,372,318.0,371
2409,2407,2408,305.0,229967,318.0,371,293.0,1203
2410,2408,2409,301.0,230339,293.0,1203,487.0,3739
2411,2409,2410,293.0,227999,487.0,3739,460.0,480
2412,2410,2411,487.0,249499,460.0,480,459.0,1622
2413,2411,2412,460.0,231120,459.0,1622,459.0,1621
2414,2412,2413,460.0,232742,459.0,1621,428.0,1391
2415,2413,2414,465.0,234363,428.0,1391,428.0,1499
2416,2414,2415,428.0,217151,428.0,1499,389.0,727
2417,2415,2416,428.0,218650,389.0,727,385.0,1599
2418,2416,2417,391.0,216487,385.0,1599,380.0,1647
2419,2417,2418,391.0,218086,380.0,1647,322.0,310
2420,2418,2419,380.0,232287,322.0,310,318.0,376
2421,2419,2420,352.0,230950,318.0,376,322.0,376
2422,2420,2421,350.0,231327,322.0,376,353.0,376
2423,2421,2422,354.0,231703,353.0,376,318.0,376
2424,2422,2423,353.0,232080,318.0,376,322.0,376
2425,2423,2424,350.0,232457,322.0,376,318.0,377
2426,2424,2425,354.0,232833,318.0,377,318.0,376
2427,2425,2426,354.0,233210,318.0,376,322.0,376
2428,2426,2427,350.0,233587,322.0,376,318.0,377
2429,2427,2428,354.0,233963,318.0,377,333.0,231
2430,2428,2429,354.0,234340,333.0,231,322.0,374
2431,2429,2430,333.0,230871,322.0,374,318.0,374
2432,2430,2431,332.0,231246,318.0,374,322.0,374
2433,2431,2432,328.0,231621,322.0,374,330.0,374
2434,2432,2433,332.0,231995,330.0,374,318.0,374
2435,2433,2434,330.0,232370,318.0,374,322.0,374
2436,2434,2435,337.0,232744,322.0,374,318.0,374
2437,2435,2436,332.0,233119,318.0,374,326.0,374
2438,2436,2437,328.0,233494,326.0,374,322.0,374
2439,2437,2438,337.0,233868,322.0,374,301.0,133
2440,2438,2439,332.0,234243,301.0,133,322.0,371
2441,2439,2440,301.0,230773,322.0,371,318.0,372
2442,2440,2441,305.0,231144,318.0,372,303.0,371
2443,2441,2442,305.0,231516,303.0,371,318.0,371
2444,2442,2443,303.0,231888,318.0,371,322.0,371
2445,2443,2444,310.0,232259,322.0,371,318.0,372
2446,2444,2445,305.0,232631,318.0,372,318.0,371
2447,2445,2446,305.0,233003,318.0,371,299.0,371
2448,2446,2447,301.0,233375,299.0,371,322.0,371
2449,2447,2448,310.0,233746,322.0,371,293.0,106
2450,2448,2449,305.0,234118,293.0,106,487.0,2623
2451,2449,2450,293.0,230746,487.0,2623,465.0,198
2452,2450,2451,487.0,252479,465.0,198,460.0,1621
2453,2451,2452,465.0,234682,460.0,1621,459.0,1622
2454,2452,2453,460.0,236304,459.0,1622,428.0,1128
2455,2453,2454,460.0,237926,428.0,1128,428.0,1500
2456,2454,2455,428.0,220484,428.0,1500,389.0,450
2457,2455,2456,428.0,221984,389.0,450,385.0,1599
2458,2456,2457,391.0,219806,385.0,1599,402.0,53
2459,2457,2458,391.0,221405,402.0,53,359.0,244
2460,2458,2459,402.0,3835,359.0,244,322.0,376
2461,2459,2460,359.0,234728,322.0,376,352.0,376
2462,2460,2461,354.0,235105,352.0,376,318.0,376
2463,2461,2462,352.0,235482,318.0,376,322.0,376
2464,2462,2463,359.0,235858,322.0,376,352.0,376
2465,2463,2464,354.0,236235,352.0,376,318.0,376
2466,2464,2465,352.0,236612,318.0,376,322.0,376
2467,2465,2466,359.0,236988,322.0,376,352.0,376
2468,2466,2467,354.0,237365,352.0,376,318.0,376
2469,2467,2468,352.0,237742,318.0,376,332.0,166
2470,2468,2469,359.0,238118,332.0,166,318.0,375
2471,2469,2470,332.0,234650,318.0,375,318.0,374
2472,2470,2471,332.0,235025,318.0,374,322.0,374
2473,2471,2472,328.0,235400,322.0,374,330.0,374
2474,2472,2473,332.0,235774,330.0,374,318.0,374
2475,2473,2474,330.0,236149,318.0,374,322.0,374
2476,2474,2475,337.0,236523,322.0,374,318.0,374
2477,2475,2476,332.0,236898,318.0,374,322.0,374
2478,2476,2477,328.0,237273,322.0,374,318.0,375
2479,2477,2478,332.0,237647,318.0,375,305.0,68
2480,2478,2479,332.0,238022,305.0,68,303.0,371
2481,2479,2480,305.0,234552,303.0,371,318.0,371
2482,2480,2481,303.0,234924,318.0,371,322.0,371
2483,2481,2482,310.0,235295,322.0,371,318.0,372
2484,2482,2483,305.0,235667,318.0,372,318.0,371
2485,2483,2484,305.0,236039,318.0,371,299.0,371
2486,2484,2485,301.0,236411,299.0,371,322.0,371
2487,2485,2486,310.0,236782,322.0,371,303.0,371
2488,2486,2487,305.0,237154,303.0,371,318.0,371
2489,2487,2488,303.0,237526,318.0,371,322.0,371
2490,2488,2489,301.0,237898,322.0,371,487.0,1508
2491,2489,2490,305.0,238269,487.0,1508,482.0,3774
2492,2490,2491,487.0,255460,482.0,3774,460.0,1539
2493,2491,2492,482.0,257726,460.0,1539,459.0,1621
2494,2492,2493,460.0,239867,459.0,1621,428.0,870
2495,2493,2494,460.0,241488,428.0,870,428.0,1499
2496,2494,2495,428.0,223822,428.0,1499,389.0,172
2497,2495,2496,428.0,225321,389.0,172,385.0,1599
2498,2496,2497,391.0,223124,385.0,1599,385.0,1599
2499,2497,2498,391.0,224723,385.0,1599,322.0,179
2500,2498,2499,391.0,226322,322.0,179,352.0,376
2501,2499,2500,354.0,238507,352.0,376,318.0,376
2502,2500,2501,352.0,238884,318.0,376,322.0,376
2503,2501,2502,359.0,239260,322.0,376,352.0,376
2504,2502,2503,354.0,239637,352.0,376,318.0,376
2505,2503,2504,352.0,240014,318.0,376,322.0,376
2506,2504,2505,359.0,240390,322.0,376,352.0,376
2507,2505,2506,354.0,240767,352.0,376,318.0,376
2508,2506,2507,352.0,241144,318.0,376,322.0,376
2509,2507,2508,359.0,241520,322.0,376,332.0,101
2510,2508,2509,354.0,241897,332.0,101,330.0,374
2511,2509,2510,332.0,238429,330.0,374,318.0,374
2512,2510,2511,330.0,238804,318.0,374,322.0,374
2513,2511,2512,337.0,239178,322.0,374,330.0,374
2514,2512,2513,332.0,239553,330.0,374,318.0,374
2515,2513,2514,330.0,239928,318.0,374,322.0,374
2516,2514,2515,337.0,240302,322.0,374,318.0,374
2517,2515,2516,332.0,240677,318.0,374,322.0,374
2518,2516,2517,328.0,241052,322.0,374,330.0,374
2519,2517,2518,332.0,241426,330.0,374,310.0,3
2520,2518,2519,330.0,241801,310.0,3,322.0,371
2521,2519,2520,310.0,238331,322.0,371,318.0,372
2522,2520,2521,305.0,238703,318.0,372,318.0,371
2523,2521,2522,305.0,239075,318.0,371,299.0,371
2524,2522,2523,301.0,239447,299.0,371,322.0,371
2525,2523,2524,310.0,239818,322.0,371,303.0,371
2526,2524,2525,305.0,240190,303.0,371,318.0,371
2527,2525,2526,303.0,240562,318.0,371,322.0,371
2528,2526,2527,301.0,240934,322.0,371,318.0,372
2529,2527,2528,305.0,241305,318.0,372,318.0,371
2530,2528,2529,305.0,241677,318.0,371,487.0,392
2531,2529,2530,301.0,242049,487.0,392,482.0,2676
2532,2530,2531,487.0,258440,482.0,2676,460.0,1257
2533,2531,2532,482.0,260724,460.0,1257,459.0,1621
2534,2532,2533,460.0,243429,459.0,1621,428.0,607
2535,2533,2534,465.0,245050,428.0,607,428.0,1500
2536,2534,2535,428.0,227155,428.0,1500,373.0,1
2537,2535,2536,428.0,228655,373.0,1,389.0,1493
2538,2536,2537,373.0,64,389.0,1493,385.0,1599
2539,2537,2538,391.0,228041,385.0,1599,318.0,114
2540,2538,2539,391.0,229640,318.0,114,348.0,376
2541,2539,2540,350.0,242286,348.0,376,322.0,376
2542,2540,2541,359.0,242662,322.0,376,318.0,376
2543,2541,2542,354.0,243039,318.0,376,348.0,376
2544,2542,2543,350.0,243416,348.0,376,322.0,376
2545,2543,2544,359.0,243792,322.0,376,318.0,376
2546,2544,2545,354.0,244169,318.0,376,348.0,376
2547,2545,2546,350.0,244546,348.0,376,322.0,376
2548,2546,2547,359.0,244922,322.0,376,318.0,376
2549,2547,2548,354.0,245299,318.0,376,332.0,36
2550,2548,2549,350.0,245676,332.0,36,330.0,374
2551,2549,2550,332.0,242208,330.0,374,318.0,374
2552,2550,2551,330.0,242583,318.0,374,322.0,374
2553,2551,2552,337.0,242957,322.0,374,318.0,374
2554,2552,2553,332.0,243332,318.0,374,326.0,374
2555,2553,2554,328.0,243707,326.0,374,322.0,374
2556,2554,2555,333.0,244081,322.0,374,318.0,374
2557,2555,2556,332.0,244456,318.0,374,322.0,374
2558,2556,2557,328.0,244831,322.0,374,330.0,374
2559,2557,2558,332.0,245205,330.0,374,318.0,374
2560,2558,2559,330.0,245580,318.0,374,301.0,311
2561,2559,2560,337.0,245954,301.0,311,299.0,371
2562,2560,2561,301.0,242483,299.0,371,322.0,371
2563,2561,2562,310.0,242854,322.0,371,303.0,371
2564,2562,2563,305.0,243226,303.0,371,318.0,371
2565,2563,2564,303.0,243598,318.0,371,322.0,371
2566,2564,2565,301.0,243970,322.0,371,318.0,372
2567,2565,2566,305.0,244341,318.0,372,303.0,371
2568,2566,2567,305.0,244713,303.0,371,318.0,371
2569,2567,2568,303.0,245085,318.0,371,322.0,371
2570,2568,2569,310.0,245456,322.0,371,293.0,3133
2571,2569,2570,305.0,245828,293.0,3133,482.0,1579
2572,2570,2571,293.0,245305,482.0,1579,465.0,975
2573,2571,2572,482.0,263723,465.0,975,460.0,1621
2574,2572,2573,465.0,246991,460.0,1621,439.0,6
2575,2573,2574,460.0,248613,439.0,6,428.0,1500
2576,2574,2575,439.0,3974,428.0,1500,428.0,1500
2577,2575,2576,428.0,231992,428.0,1500,389.0,1216
2578,2576,2577,428.0,233492,389.0,1216,385.0,1599
2579,2577,2578,391.0,231360,385.0,1599,322.0,48
2580,2578,2579,391.0,232959,322.0,48,318.0,377
2581,2579,2580,354.0,246064,318.0,377,318.0,376
2582,2580,2581,354.0,246441,318.0,376,322.0,376
2583,2581,2582,350.0,246818,322.0,376,318.0,377
2584,2582,2583,354.0,247194,318.0,377,318.0,376
2585,2583,2584,354.0,247571,318.0,376,322.0,376
2586,2584,2585,350.0,247948,322.0,376,318.0,377
2587,2585,2586,354.0,248324,318.0,377,318.0,376
2588,2586,2587,354.0,248701,318.0,376,322.0,376
2589,2587,2588,350.0,249078,322.0,376,318.0,377
2590,2588,2589,354.0,249454,318.0,377,330.0,346
2591,2589,2590,354.0,249831,330.0,346,318.0,374
2592,2590,2591,330.0,246362,318.0,374,322.0,374
2593,2591,2592,337.0,246736,322.0,374,318.0,374
2594,2592,2593,332.0,247111,318.0,374,322.0,374
2595,2593,2594,328.0,247486,322.0,374,318.0,375
2596,2594,2595,332.0,247860,318.0,375,318.0,374
2597,2595,2596,332.0,248235,318.0,374,322.0,374
2598,2596,2597,337.0,248609,322.0,374,330.0,374
2599,2597,2598,332.0,248984,330.0,374,318.0,374
2600,2598,2599,330.0,249359,318.0,374,305.0,246
2601,2599,2600,337.0,249733,305.0,246,303.0,371
2602,2600,2601,305.0,246262,303.0,371,318.0,371
2603,2601,2602,303.0,246634,318.0,371,322.0,371
2604,2602,2603,301.0,247006,322.0,371,318.0,372
2605,2603,2604,305.0,247377,318.0,372,303.0,371
2606,2604,2605,305.0,247749,303.0,371,318.0,371
2607,2605,2606,303.0,248121,318.0,371,322.0,371
2608,2606,2607,310.0,248492,322.0,371,318.0,372
2609,2607,2608,305.0,248864,318.0,372,318.0,371
2610,2608,2609,305.0,249236,318.0,371,293.0,2036
2611,2609,2610,301.0,249608,293.0,2036,482.0,482
2612,2610,2611,293.0,248052,482.0,482,460.0,694
2613,2611,2612,482.0,266722,460.0,694,459.0,1621
2614,2612,2613,460.0,250554,459.0,1621,428.0,86
2615,2613,2614,465.0,252175,428.0,86,428.0,1500
2616,2614,2615,428.0,233826,428.0,1500,434.0,26
2617,2615,2616,428.0,235326,434.0,26,389.0,938
2618,2616,2617,434.0,4083,389.0,938,385.0,1599
2619,2617,2618,391.0,234678,385.0,1599,380.0,3292
2620,2618,2619,391.0,236277,380.0,3292,318.0,360
2621,2619,2620,380.0,253152,318.0,360,322.0,376
2622,2620,2621,350.0,250220,322.0,376,352.0,376
2623,2621,2622,354.0,250596,352.0,376,318.0,376
2624,2622,2623,352.0,250973,318.0,376,322.0,376
2625,2623,2624,350.0,251350,322.0,376,353.0,376
2626,2624,2625,354.0,251726,353.0,376,318.0,376
2627,2625,2626,353.0,252103,318.0,376,322.0,376
2628,2626,2627,350.0,252480,322.0,376,318.0,377
2629,2627,2628,354.0,252856,318.0,377,318.0,376
2630,2628,2629,354.0,253233,318.0,376,328.0,281
2631,2629,2630,350.0,253610,328.0,281,326.0,374
2632,2630,2631,328.0,250141,326.0,374,322.0,374
2633,2631,2632,337.0,250515,322.0,374,318.0,374
2634,2632,2633,332.0,250890,318.0,374,322.0,374
2635,2633,2634,328.0,251265,322.0,374,330.0,374
2636,2634,2635,332.0,251639,330.0,374,318.0,374
2637,2635,2636,330.0,252014,318.0,374,322.0,374
2638,2636,2637,337.0,252388,322.0,374,330.0,374
2639,2637,2638,332.0,252763,330.0,374,318.0,374
2640,2638,2639,330.0,253138,318.0,374,301.0,182
2641,2639,2640,337.0,253512,301.0,182,322.0,371
2642,2640,2641,301.0,250042,322.0,371,318.0,372
2643,2641,2642,305.0,250413,318.0,372,303.0,371
2644,2642,2643,305.0,250785,303.0,371,318.0,371
2645,2643,2644,303.0,251157,318.0,371,322.0,371
2646,2644,2645,310.0,251528,322.0,371,318.0,372
2647,2645,2646,305.0,251900,318.0,372,318.0,371
2648,2646,2647,305.0,252272,318.0,371,299.0,371
2649,2647,2648,301.0,252644,299.0,371,322.0,371
2650,2648,2649,310.0,253015,322.0,371,293.0,939
2651,2649,2650,305.0,253387,293.0,939,487.0,3470
2652,2650,2651,293.0,250799,487.0,3470,465.0,412
2653,2651,2652,487.0,273806,465.0,412,460.0,1621
2654,2652,2653,465.0,254116,460.0,1621,459.0,1621
2655,2653,2654,460.0,255738,459.0,1621,428.0,1328
2656,2654,2655,465.0,257359,428.0,1328,428.0,1499
2657,2655,2656,428.0,238664,428.0,1499,389.0,661
2658,2656,2657,428.0,240163,389.0,661,387.0,1598
2659,2657,2658,391.0,237997,387.0,1598,380.0,1126
2660,2658,2659,391.0,239595,380.0,1126,322.0,294
2661,2659,2660,380.0,254830,322.0,294,352.0,376
2662,2660,2661,354.0,253998,352.0,376,318.0,376
2663,2661,2662,352.0,254375,318.0,376,322.0,376
2664,2662,2663,359.0,254751,322.0,376,352.0,376
2665,2663,2664,354.0,255128,352.0,376,318.0,376
2666,2664,2665,352.0,255505,318.0,376,322.0,376
2667,2665,2666,359.0,255881,322.0,376,352.0,376
2668,2666,2667,354.0,256258,352.0,376,318.0,376
2669,2667,2668,352.0,256635,318.0,376,322.0,376
2670,2668,2669,359.0,257011,322.0,376,328.0,216
2671,2669,2670,354.0,257388,328.0,216,322.0,374
2672,2670,2671,328.0,253920,322.0,374,318.0,375
2673,2671,2672,332.0,254294,318.0,375,318.0,374
2674,2672,2673,332.0,254669,318.0,374,322.0,374
2675,2673,2674,328.0,255044,322.0,374,330.0,374
2676,2674,2675,332.0,255418,330.0,374,318.0,374
2677,2675,2676,330.0,255793,318.0,374,322.0,374
2678,2676,2677,337.0,256167,322.0,374,318.0,374
2679,2677,2678,332.0,256542,318.0,374,326.0,374
2680,2678,2679,328.0,256917,326.0,374,305.0,117
2681,2679,2680,333.0,257291,305.0,117,303.0,371
2682,2680,2681,305.0,253821,303.0,371,318.0,371
2683,2681,2682,303.0,254193,318.0,371,322.0,371
2684,2682,2683,310.0,254564,322.0,371,318.0,372
2685,2683,2684,305.0,254936,318.0,372,318.0,371
2686,2684,2685,305.0,255308,318.0,371,299.0,371
2687,2685,2686,301.0,255680,299.0,371,322.0,371
2688,2686,2687,310.0,256051,322.0,371,303.0,371
2689,2687,2688,305.0,256423,303.0,371,318.0,371
2690,2688,2689,303.0,256795,318.0,371,322.0,371
2691,2689,2690,301.0,257167,322.0,371,487.0,2355
2692,2690,2691,305.0,257538,487.0,2355,460.0,131
2693,2691,2692,487.0,276787,460.0,131,459.0,1621
2694,2692,2693,460.0,257679,459.0,1621,460.0,1621
2695,2693,2694,465.0,259300,460.0,1621,428.0,1065
2696,2694,2695,460.0,260922,428.0,1065,434.0,26
2697,2695,2696,428.0,241997,434.0,26,389.0,383
2698,2696,2697,434.0,4198,389.0,383,385.0,1599
2699,2697,2698,391.0,241315,385.0,1599,385.0,1598
2700,2698,2699,391.0,242914,385.0,1598,322.0,229
2701,2699,2700,391.0,244513,322.0,229,318.0,376
2702,2700,2701,352.0,257777,318.0,376,322.0,376
2703,2701,2702,359.0,258153,322.0,376,352.0,376
2704,2702,2703,354.0,258530,352.0,376,318.0,376
2705,2703,2704,352.0,258907,318.0,376,322.0,376
2706,2704,2705,359.0,259283,322.0,376,352.0,376
2707,2705,2706,354.0,259660,352.0,376,318.0,376
2708,2706,2707,352.0,260037,318.0,376,322.0,376
2709,2707,2708,359.0,260413,322.0,376,352.0,376
2710,2708,2709,354.0,260790,352.0,376,328.0,151
2711,2709,2710,352.0,261167,328.0,151,322.0,374
2712,2710,2711,328.0,257699,322.0,374,330.0,374
2713,2711,2712,332.0,258073,330.0,374,318.0,374
2714,2712,2713,330.0,258448,318.0,374,322.0,374
2715,2713,2714,337.0,258822,322.0,374,330.0,374
2716,2714,2715,332.0,259197,330.0,374,318.0,374
2717,2715,2716,330.0,259572,318.0,374,322.0,374
2718,2716,2717,337.0,259946,322.0,374,318.0,374
2719,2717,2718,332.0,260321,318.0,374,322.0,374
2720,2718,2719,328.0,260696,322.0,374,310.0,52
2721,2719,2720,332.0,261070,310.0,52,322.0,371
2722,2720,2721,310.0,257600,322.0,371,318.0,372
2723,2721,2722,305.0,257972,318.0,372,318.0,371
2724,2722,2723,305.0,258344,318.0,371,299.0,371
2725,2723,2724,301.0,258716,299.0,371,322.0,371
2726,2724,2725,310.0,259087,322.0,371,303.0,371
2727,2725,2726,305.0,259459,303.0,371,318.0,371
2728,2726,2727,303.0,259831,318.0,371,322.0,371
2729,2727,2728,301.0,260203,322.0,371,318.0,372
2730,2728,2729,305.0,260574,318.0,372,303.0,371
2731,2729,2730,305.0,260946,303.0,371,487.0,1240
2732,2730,2731,303.0,261318,487.0,1240,482.0,3510
2733,2731,2732,487.0,279768,482.0,3510,460.0,1471
2734,2732,2733,482.0,282038,460.0,1471,459.0,1621
2735,2733,2734,460.0,262863,459.0,1621,428.0,807
2736,2734,2735,465.0,264484,428.0,807,428.0,1499
2737,2735,2736,428.0,245335,428.0,1499,389.0,105
2738,2736,2737,428.0,246834,389.0,105,385.0,1599
2739,2737,2738,391.0,244633,385.0,1599,385.0,1599
2740,2738,2739,391.0,246232,385.0,1599,359.0,163
2741,2739,2740,391.0,247831,359.0,163,322.0,376
2742,2740,2741,359.0,261555,322.0,376,318.0,376
2743,2741,2742,354.0,261932,318.0,376,348.0,376
2744,2742,2743,350.0,262309,348.0,376,322.0,376
2745,2743,2744,359.0,262685,322.0,376,318.0,376
2746,2744,2745,354.0,263062,318.0,376,348.0,376
2747,2745,2746,350.0,263439,348.0,376,322.0,376
2748,2746,2747,359.0,263815,322.0,376,318.0,376
2749,2747,2748,354.0,264192,318.0,376,348.0,376
2750,2748,2749,350.0,264569,348.0,376,328.0,86
2751,2749,2750,359.0,264945,328.0,86,322.0,374
2752,2750,2751,328.0,261478,322.0,374,330.0,374
2753,2751,2752,332.0,261852,330.0,374,318.0,374
2754,2752,2753,330.0,262227,318.0,374,322.0,374
2755,2753,2754,337.0,262601,322.0,374,318.0,374
2756,2754,2755,332.0,262976,318.0,374,326.0,374
2757,2755,2756,328.0,263351,326.0,374,322.0,374
2758,2756,2757,337.0,263725,322.0,374,318.0,374
2759,2757,2758,332.0,264100,318.0,374,322.0,374
2760,2758,2759,328.0,264475,322.0,374,330.0,374
2761,2759,2760,332.0,264849,330.0,374,301.0,360
2762,2760,2761,330.0,265224,301.0,360,299.0,371
2763,2761,2762,301.0,261752,299.0,371,322.0,371
2764,2762,2763,310.0,262123,322.0,371,303.0,371
2765,2763,2764,305.0,262495,303.0,371,318.0,371
2766,2764,2765,303.0,262867,318.0,371,322.0,371
2767,2765,2766,301.0,263239,322.0,371,318.0,372
2768,2766,2767,305.0,263610,318.0,372,303.0,371
2769,2767,2768,305.0,263982,303.0,371,318.0,371
2770,2768,2769,303.0,264354,318.0,371,322.0,371
2771,2769,2770,310.0,264725,322.0,371,487.0,124
2772,2770,2771,305.0,265097,487.0,124,482.0,2412
2773,2771,2772,487.0,282748,482.0,2412,465.0,1189
2774,2772,2773,482.0,285036,465.0,1189,460.0,1621
2775,2773,2774,465.0,266425,460.0,1621,428.0,544
2776,2774,2775,460.0,268047,428.0,544,444.0,26
2777,2775,2776,428.0,248668,444.0,26,434.0,26
2778,2776,2777,444.0,4314,434.0,26,389.0,1427
2779,2777,2778,434.0,4339,389.0,1427,385.0,1599
2780,2778,2779,391.0,249551,385.0,1599,322.0,98
2781,2779,2780,391.0,251150,322.0,98,318.0,376
2782,2780,2781,354.0,265334,318.0,376,322.0,376
2783,2781,2782,350.0,265711,322.0,376,318.0,377
2784,2782,2783,354.0,266087,318.0,377,318.0,376
2785,2783,2784,354.0,266464,318.0,376,322.0,376
2786,2784,2785,350.0,266841,322.0,376,318.0,377
2787,2785,2786,354.0,267217,318.0,377,318.0,376
2788,2786,2787,354.0,267594,318.0,376,322.0,376
2789,2787,2788,350.0,267971,322.0,376,318.0,377
2790,2788,2789,354.0,268347,318.0,377,328.0,21
2791,2789,2790,354.0,268724,328.0,21,322.0,374
2792,2790,2791,328.0,265257,322.0,374,330.0,374
2793,2791,2792,332.0,265631,330.0,374,318.0,374
2794,2792,2793,330.0,266006,318.0,374,322.0,374
2795,2793,2794,337.0,266380,322.0,374,318.0,374
2796,2794,2795,332.0,266755,318.0,374,322.0,374
2797,2795,2796,328.0,267130,322.0,374,318.0,375
2798,2796,2797,332.0,267504,318.0,375,318.0,374
2799,2797,2798,332.0,267879,318.0,374,322.0,374
2800,2798,2799,328.0,268254,322.0,374,330.0,374
2801,2799,2800,332.0,268628,330.0,374,305.0,295
2802,2800,2801,330.0,269003,305.0,295,303.0,371
2803,2801,2802,305.0,265531,303.0,371,318.0,371
2804,2802,2803,303.0,265903,318.0,371,322.0,371
2805,2803,2804,301.0,266275,322.0,371,318.0,372
2806,2804,2805,305.0,266646,318.0,372,303.0,371
2807,2805,2806,305.0,267018,303.0,371,318.0,371
2808,2806,2807,303.0,267390,318.0,371,322.0,371
2809,2807,2808,310.0,267761,322.0,371,318.0,372
2810,2808,2809,305.0,268133,318.0,372,318.0,371
2811,2809,2810,305.0,268505,318.0,371,293.0,2869
2812,2810,2811,301.0,268877,293.0,2869,482.0,1315
2813,2811,2812,293.0,268105,482.0,1315,460.0,908
2814,2812,2813,482.0,288035,460.0,908,459.0,1621
2815,2813,2814,460.0,269988,459.0,1621,428.0,286
2816,2814,2815,465.0,271609,428.0,286,428.0,1500
2817,2815,2816,428.0,252006,428.0,1500,428.0,1499
2818,2816,2817,428.0,253506,428.0,1499,389.0,1149
2819,2817,2818,428.0,255005,389.0,1149,385.0,1599
2820,2818,2819,391.0,252869,385.0,1599,318.0,33
2821,2819,2820,391.0,254468,318.0,33,322.0,376
2822,2820,2821,350.0,269113,322.0,376,352.0,376
2823,2821,2822,354.0,269489,352.0,376,318.0,376
2824,2822,2823,352.0,269866,318.0,376,322.0,376
2825,2823,2824,350.0,270243,322.0,376,353.0,376
2826,2824,2825,354.0,270619,353.0,376,318.0,376
2827,2825,2826,353.0,270996,318.0,376,322.0,376
2828,2826,2827,350.0,271373,322.0,376,318.0,377
2829,2827,2828,354.0,271749,318.0,377,318.0,376
2830,2828,2829,354.0,272126,318.0,376,322.0,376
2831,2829,2830,350.0,272503,322.0,376,332.0,330
2832,2830,2831,354.0,272879,332.0,330,330.0,374
2833,2831,2832,332.0,269410,330.0,374,318.0,374
2834,2832,2833,330.0,269785,318.0,374,322.0,374
2835,2833,2834,337.0,270159,322.0,374,318.0,374
2836,2834,2835,332.0,270534,318.0,374,322.0,374
2837,2835,2836,328.0,270909,322.0,374,330.0,374
2838,2836,2837,332.0,271283,330.0,374,318.0,374
2839,2837,2838,330.0,271658,318.0,374,322.0,374
2840,2838,2839,337.0,272032,322.0,374,330.0,374
2841,2839,2840,332.0,272407,330.0,374,301.0,231
2842,2840,2841,330.0,272782,301.0,231,322.0,371
2843,2841,2842,301.0,269311,322.0,371,305.0,371
2844,2842,2843,306.0,269682,305.0,371,303.0,371
2845,2843,2844,305.0,270054,303.0,371,318.0,371
2846,2844,2845,303.0,270426,318.0,371,322.0,371
2847,2845,2846,310.0,270797,322.0,371,318.0,372
2848,2846,2847,305.0,271169,318.0,372,318.0,371
2849,2847,2848,305.0,271541,318.0,371,299.0,371
2850,2848,2849,301.0,271913,299.0,371,322.0,371
2851,2849,2850,310.0,272284,322.0,371,293.0,1772
2852,2850,2851,305.0,272656,293.0,1772,482.0,218
2853,2851,2852,293.0,270852,482.0,218,462.0,626
2854,2852,2853,482.0,291034,462.0,626,460.0,1621
2855,2853,2854,462.0,273550,460.0,1621,426.0,23
2856,2854,2855,460.0,275172,426.0,23,444.0,26
2857,2855,2856,428.0,255339,444.0,26,434.0,26
2858,2856,2857,444.0,4429,434.0,26,389.0,871
2859,2857,2858,434.0,4454,389.0,871,385.0,1599
2860,2858,2859,391.0,256187,385.0,1599,380.0,2771
2861,2859,2860,391.0,257786,380.0,2771,322.0,344
2862,2860,2861,380.0,275695,322.0,344,318.0,376
2863,2861,2862,352.0,273268,318.0,376,322.0,376
2864,2862,2863,359.0,273644,322.0,376,352.0,376
2865,2863,2864,354.0,274021,352.0,376,318.0,376
2866,2864,2865,352.0,274398,318.0,376,322.0,376
2867,2865,2866,359.0,274774,322.0,376,352.0,376
2868,2866,2867,354.0,275151,352.0,376,318.0,376
2869,2867,2868,352.0,275528,318.0,376,322.0,376
2870,2868,2869,359.0,275904,322.0,376,352.0,376
2871,2869,2870,354.0,276281,352.0,376,332.0,265
2872,2870,2871,352.0,276658,332.0,265,318.0,374
2873,2871,2872,332.0,273189,318.0,374,326.0,374
2874,2872,2873,328.0,273564,326.0,374,322.0,374
2875,2873,2874,337.0,273938,322.0,374,318.0,374
2876,2874,2875,332.0,274313,318.0,374,322.0,374
2877,2875,2876,328.0,274688,322.0,374,330.0,374
2878,2876,2877,332.0,275062,330.0,374,318.0,374
2879,2877,2878,330.0,275437,318.0,374,322.0,374
2880,2878,2879,337.0,275811,322.0,374,318.0,374
2881,2879,2880,332.0,276186,318.0,374,305.0,166
2882,2880,2881,328.0,276561,305.0,166,303.0,371
2883,2881,2882,305.0,273090,303.0,371,318.0,371
2884,2882,2883,303.0,273462,318.0,371,322.0,371
2885,2883,2884,310.0,273833,322.0,371,318.0,372
2886,2884,2885,305.0,274205,318.0,372,318.0,371
2887,2885,2886,305.0,274577,318.0,371,299.0,371
2888,2886,2887,301.0,274949,299.0,371,322.0,371
2889,2887,2888,310.0,275320,322.0,371,303.0,371
2890,2888,2889,305.0,275692,303.0,371,318.0,371
2891,2889,2890,303.0,276064,318.0,371,293.0,675
2892,2890,2891,301.0,276436,293.0,675,487.0,3202
2893,2891,2892,293.0,273599,487.0,3202,460.0,345
2894,2892,2893,487.0,298114,460.0,345,459.0,1621
2895,2893,2894,460.0,277113,459.0,1621,460.0,1621
2896,2894,2895,465.0,278734,460.0,1621,428.0,1265
2897,2895,2896,460.0,280356,428.0,1265,428.0,1499
2898,2896,2897,428.0,260177,428.0,1499,389.0,594
2899,2897,2898,428.0,261676,389.0,594,385.0,1599
2900,2898,2899,391.0,259506,385.0,1599,380.0,605
2901,2899,2900,391.0,261105,380.0,605,359.0,278
2902,2900,2901,380.0,277373,359.0,278,322.0,376
2903,2901,2902,359.0,277046,322.0,376,352.0,376
2904,2902,2903,354.0,277423,352.0,376,318.0,376
2905,2903,2904,352.0,277800,318.0,376,322.0,376
2906,2904,2905,359.0,278176,322.0,376,352.0,376
2907,2905,2906,354.0,278553,352.0,376,318.0,376
2908,2906,2907,352.0,278930,318.0,376,322.0,376
2909,2907,2908,359.0,279306,322.0,376,352.0,376
2910,2908,2909,354.0,279683,352.0,376,318.0,376
2911,2909,2910,352.0,280060,318.0,376,332.0,200
2912,2910,2911,359.0,280436,332.0,200,318.0,374
2913,2911,2912,332.0,276968,318.0,374,322.0,374
2914,2912,2913,328.0,277343,322.0,374,318.0,375
2915,2913,2914,332.0,277717,318.0,375,318.0,374
2916,2914,2915,332.0,278092,318.0,374,322.0,374
2917,2915,2916,328.0,278467,322.0,374,330.0,374
2918,2916,2917,332.0,278841,330.0,374,318.0,374
2919,2917,2918,330.0,279216,318.0,374,322.0,374
2920,2918,2919,337.0,279590,322.0,374,318.0,374
2921,2919,2920,332.0,279965,318.0,374,310.0,101
2922,2920,2921,328.0,280340,310.0,101,322.0,371
2923,2921,2922,310.0,276869,322.0,371,318.0,372
2924,2922,2923,305.0,277241,318.0,372,318.0,371
2925,2923,2924,305.0,277613,318.0,371,299.0,371
2926,2924,2925,301.0,277985,299.0,371,322.0,371
2927,2925,2926,310.0,278356,322.0,371,303.0,371
2928,2926,2927,305.0,278728,303.0,371,318.0,371
2929,2927,2928,303.0,279100,318.0,371,322.0,371
2930,2928,2929,301.0,279472,322.0,371,318.0,372
2931,2929,2930,305.0,279843,318.0,372,303.0,371
2932,2930,2931,305.0,280215,303.0,371,487.0,2087
2933,2931,2932,303.0,280587,487.0,2087,460.0,63
2934,2932,2933,487.0,301095,460.0,63,459.0,1622
2935,2933,2934,460.0,280675,459.0,1622,459.0,1621
2936,2934,2935,460.0,282297,459.0,1621,428.0,1002
2937,2935,2936,465.0,283918,428.0,1002,434.0,26
2938,2936,2937,428.0,263510,434.0,26,389.0,316
2939,2937,2938,434.0,4569,389.0,316,385.0,1599
2940,2938,2939,391.0,262824,385.0,1599,385.0,1599
2941,2939,2940,391.0,264423,385.0,1599,322.0,213
2942,2940,2941,391.0,266022,322.0,213,318.0,376
2943,2941,2942,354.0,280825,318.0,376,348.0,376
2944,2942,2943,350.0,281202,348.0,376,322.0,376
2945,2943,2944,359.0,281578,322.0,376,318.0,376
2946,2944,2945,354.0,281955,318.0,376,348.0,376
2947,2945,2946,350.0,282332,348.0,376,322.0,376
2948,2946,2947,359.0,282708,322.0,376,318.0,376
2949,2947,2948,354.0,283085,318.0,376,348.0,376
2950,2948,2949,350.0,283462,348.0,376,322.0,376
2951,2949,2950,359.0,283838,322.0,376,332.0,135
2952,2950,2951,354.0,284215,332.0,135,318.0,374
2953,2951,2952,332.0,280747,318.0,374,322.0,374
2954,2952,2953,328.0,281122,322.0,374,330.0,374
2955,2953,2954,332.0,281496,330.0,374,318.0,374
2956,2954,2955,330.0,281871,318.0,374,322.0,374
2957,2955,2956,337.0,282245,322.0,374,330.0,374
2958,2956,2957,332.0,282620,330.0,374,318.0,374
2959,2957,2958,330.0,282995,318.0,374,322.0,374
2960,2958,2959,337.0,283369,322.0,374,318.0,374
2961,2959,2960,332.0,283744,318.0,374,305.0,37
2962,2960,2961,328.0,284119,305.0,37,318.0,371
2963,2961,2962,305.0,280649,318.0,371,299.0,371
2964,2962,2963,301.0,281021,299.0,371,322.0,371
2965,2963,2964,310.0,281392,322.0,371,303.0,371
2966,2964,2965,305.0,281764,303.0,371,318.0,371
2967,2965,2966,303.0,282136,318.0,371,322.0,371
2968,2966,2967,301.0,282508,322.0,371,318.0,372
2969,2967,2968,305.0,282879,318.0,372,303.0,371
2970,2968,2969,305.0,283251,303.0,371,318.0,371
2971,2969,2970,303.0,283623,318.0,371,322.0,371
2972,2970,2971,310.0,283994,322.0,371,487.0,971
2973,2971,2972,305.0,284366,487.0,971,482.0,3246
2974,2972,2973,487.0,304075,482.0,3246,460.0,1403
2975,2973,2974,482.0,306350,460.0,1403,459.0,1622
2976,2974,2975,460.0,285859,459.0,1622,428.0,744
2977,2975,2976,460.0,287481,428.0,744,428.0,1499
2978,2976,2977,428.0,266848,428.0,1499,389.0,39
2979,2977,2978,428.0,268347,389.0,39,385.0,1599
2980,2978,2979,391.0,266143,385.0,1599,387.0,1598
2981,2979,2980,391.0,267742,387.0,1598,318.0,148
2982,2980,2981,391.0,269340,318.0,148,322.0,376
2983,2981,2982,350.0,284604,322.0,376,318.0,377
2984,2982,2983,354.0,284980,318.0,377,318.0,376
2985,2983,2984,354.0,285357,318.0,376,322.0,376
2986,2984,2985,350.0,285734,322.0,376,318.0,377
2987,2985,2986,354.0,286110,318.0,377,318.0,376
2988,2986,2987,354.0,286487,318.0,376,322.0,376
2989,2987,2988,350.0,286864,322.0,376,318.0,377
2990,2988,2989,354.0,287240,318.0,377,318.0,376
2991,2989,2990,354.0,287617,318.0,376,332.0,70
2992,2990,2991,350.0,287994,332.0,70,318.0,374
2993,2991,2992,332.0,284526,318.0,374,322.0,374
2994,2992,2993,328.0,284901,322.0,374,330.0,374
2995,2993,2994,332.0,285275,330.0,374,318.0,374
2996,2994,2995,330.0,285650,318.0,374,322.0,374
2997,2995,2996,337.0,286024,322.0,374,318.0,374
2998,2996,2997,332.0,286399,318.0,374,326.0,374
2999,2997,2998,328.0,286774,326.0,374,322.0,374
3000,2998,2999,333.0,287148,322.0,374,318.0,374
3001,2999,3000,332.0,287523,318.0,374,322.0,374
3002,3000,3001,328.0,287898,322.0,374,305.0,344
3003,3001,3002,332.0,288272,305.0,344,303.0,371
3004,3002,3003,305.0,284800,303.0,371,318.0,371
3005,3003,3004,303.0,285172,318.0,371,322.0,371
3006,3004,3005,301.0,285544,322.0,371,318.0,372
3007,3005,3006,305.0,285915,318.0,372,303.0,371
3008,3006,3007,305.0,286287,303.0,371,318.0,371
3009,3007,3008,303.0,286659,318.0,371,322.0,371
3010,3008,3009,310.0,287030,322.0,371,318.0,372
3011,3009,3010,305.0,287402,318.0,372,318.0,371
3012,3010,3011,305.0,287774,318.0,371,293.0,3702
3013,3011,3012,301.0,288146,293.0,3702,482.0,2148
3014,3012,3013,293.0,288158,482.0,2148,465.0,1121
3015,3013,3014,482.0,309348,465.0,1121,460.0,1621
3016,3014,3015,465.0,289421,460.0,1621,428.0,481
3017,3015,3016,460.0,291043,428.0,481,434.0,26
3018,3016,3017,428.0,270181,434.0,26,434.0,26
3019,3017,3018,434.0,4684,434.0,26,389.0,1360
3020,3018,3019,434.0,4710,389.0,1360,385.0,1599
3021,3019,3020,391.0,271060,385.0,1599,322.0,82
3022,3020,3021,391.0,272659,322.0,82,352.0,376
3023,3021,3022,354.0,288382,352.0,376,318.0,376
3024,3022,3023,352.0,288759,318.0,376,322.0,376
3025,3023,3024,350.0,289136,322.0,376,352.0,376
3026,3024,3025,354.0,289512,352.0,376,318.0,376
3027,3025,3026,352.0,289889,318.0,376,322.0,376
3028,3026,3027,350.0,290266,322.0,376,318.0,377
3029,3027,3028,354.0,290642,318.0,377,318.0,376
3030,3028,3029,354.0,291019,318.0,376,322.0,376
3031,3029,3030,350.0,291396,322.0,376,330.0,5
3032,3030,3031,354.0,291772,330.0,5,318.0,374
3033,3031,3032,330.0,288305,318.0,374,322.0,374
3034,3032,3033,337.0,288679,322.0,374,330.0,374
3035,3033,3034,332.0,289054,330.0,374,318.0,374
3036,3034,3035,330.0,289429,318.0,374,322.0,374
3037,3035,3036,337.0,289803,322.0,374,318.0,374
3038,3036,3037,332.0,290178,318.0,374,322.0,374
3039,3037,3038,328.0,290553,322.0,374,318.0,375
3040,3038,3039,332.0,290927,318.0,375,318.0,374
3041,3039,3040,332.0,291302,318.0,374,322.0,374
3042,3040,3041,328.0,291677,322.0,374,301.0,280
3043,3041,3042,332.0,292051,301.0,280,299.0,371
3044,3042,3043,301.0,288580,299.0,371,322.0,371
3045,3043,3044,310.0,288951,322.0,371,303.0,371
3046,3044,3045,305.0,289323,303.0,371,318.0,371
3047,3045,3046,303.0,289695,318.0,371,322.0,371
3048,3046,3047,310.0,290066,322.0,371,318.0,372
3049,3047,3048,305.0,290438,318.0,372,318.0,371
3050,3048,3049,305.0,290810,318.0,371,299.0,371
3051,3049,3050,301.0,291182,299.0,371,322.0,371
3052,3050,3051,310.0,291553,322.0,371,293.0,2605
3053,3051,3052,305.0,291925,293.0,2605,482.0,1051
3054,3052,3053,293.0,290905,482.0,1051,460.0,840
3055,3053,3054,482.0,312347,460.0,840,459.0,1621
3056,3054,3055,460.0,292984,459.0,1621,428.0,223
3057,3055,3056,465.0,294605,428.0,223,428.0,1499
3058,3056,3057,428.0,273519,428.0,1499,428.0,1500
3059,3057,3058,428.0,275018,428.0,1500,389.0,1082
3060,3058,3059,428.0,276518,389.0,1082,385.0,1599
3061,3059,3060,391.0,274378,385.0,1599,322.0,17
3062,3060,3061,391.0,275977,322.0,17,318.0,376
3063,3061,3062,352.0,292161,318.0,376,322.0,376
3064,3062,3063,359.0,292537,322.0,376,352.0,376
3065,3063,3064,354.0,292914,352.0,376,318.0,376
3066,3064,3065,352.0,293291,318.0,376,322.0,376
3067,3065,3066,359.0,293667,322.0,376,352.0,376
3068,3066,3067,354.0,294044,352.0,376,318.0,376
3069,3067,3068,352.0,294421,318.0,376,322.0,376
3070,3068,3069,359.0,294797,322.0,376,352.0,376
3071,3069,3070,354.0,295174,352.0,376,318.0,376
3072,3070,3071,352.0,295551,318.0,376,337.0,314
3073,3071,3072,359.0,295927,337.0,314,322.0,374
3074,3072,3073,337.0,292458,322.0,374,318.0,374
3075,3073,3074,332.0,292833,318.0,374,326.0,374
3076,3074,3075,328.0,293208,326.0,374,322.0,374
3077,3075,3076,337.0,293582,322.0,374,318.0,374
3078,3076,3077,332.0,293957,318.0,374,322.0,374
3079,3077,3078,328.0,294332,322.0,374,330.0,374
3080,3078,3079,332.0,294706,330.0,374,318.0,374
3081,3079,3080,330.0,295081,318.0,374,322.0,374
3082,3080,3081,337.0,295455,322.0,374,305.0,215
3083,3081,3082,332.0,295830,305.0,215,303.0,371
3084,3082,3083,305.0,292359,303.0,371,318.0,371
3085,3083,3084,303.0,292731,318.0,371,322.0,371
3086,3084,3085,310.0,293102,322.0,371,318.0,372
3087,3085,3086,305.0,293474,318.0,372,318.0,371
3088,3086,3087,305.0,293846,318.0,371,299.0,371
3089,3087,3088,301.0,294218,299.0,371,322.0,371
3090,3088,3089,310.0,294589,322.0,371,303.0,371
3091,3089,3090,305.0,294961,303.0,371,318.0,371
3092,3090,3091,303.0,295333,318.0,371,293.0,1508
3093,3091,3092,301.0,295705,293.0,1508,487.0,4049
3094,3092,3093,293.0,293652,487.0,4049,465.0,558
3095,3093,3094,487.0,319441,465.0,558,460.0,1621
3096,3094,3095,465.0,296546,460.0,1621,459.0,1621
3097,3095,3096,460.0,298168,459.0,1621,434.0,25
3098,3096,3097,465.0,299789,434.0,25,434.0,26
3099,3097,3098,434.0,4799,434.0,26,389.0,805
3100,3098,3099,434.0,4825,389.0,805,385.0,1599
3101,3099,3100,391.0,277697,385.0,1599,380.0,2250
3102,3100,3101,391.0,279296,380.0,2250,322.0,328
3103,3101,3102,380.0,298238,322.0,328,352.0,376
3104,3102,3103,354.0,296316,352.0,376,318.0,376
3105,3103,3104,352.0,296693,318.0,376,322.0,376
3106,3104,3105,359.0,297069,322.0,376,352.0,376
3107,3105,3106,354.0,297446,352.0,376,318.0,376
3108,3106,3107,352.0,297823,318.0,376,322.0,376
3109,3107,3108,359.0,298199,322.0,376,352.0,376
3110,3108,3109,354.0,298576,352.0,376,318.0,376
3111,3109,3110,352.0,298953,318.0,376,322.0,376
3112,3110,3111,359.0,299329,322.0,376,337.0,249
3113,3111,3112,354.0,299706,337.0,249,322.0,374
3114,3112,3113,337.0,296237,322.0,374,318.0,374
3115,3113,3114,332.0,296612,318.0,374,322.0,374
3116,3114,3115,328.0,296987,322.0,374,318.0,375
3117,3115,3116,332.0,297361,318.0,375,318.0,374
3118,3116,3117,332.0,297736,318.0,374,322.0,374
3119,3117,3118,328.0,298111,322.0,374,330.0,374
3120,3118,3119,332.0,298485,330.0,374,318.0,374
3121,3119,3120,330.0,298860,318.0,374,322.0,374
3122,3120,3121,337.0,299234,322.0,374,310.0,150
3123,3121,3122,332.0,299609,310.0,150,322.0,371
3124,3122,3123,310.0,296138,322.0,371,318.0,372
3125,3123,3124,305.0,296510,318.0,372,318.0,371
3126,3124,3125,305.0,296882,318.0,371,299.0,371
3127,3125,3126,301.0,297254,299.0,371,322.0,371
3128,3126,3127,310.0,297625,322.0,371,303.0,371
3129,3127,3128,305.0,297997,303.0,371,318.0,371
3130,3128,3129,303.0,298369,318.0,371,322.0,371
3131,3129,3130,301.0,298741,322.0,371,318.0,372
3132,3130,3131,305.0,299112,318.0,372,293.0,411
3133,3131,3132,305.0,299484,293.0,411,487.0,2933
3134,3132,3133,293.0,296399,487.0,2933,460.0,277
3135,3133,3134,487.0,322421,460.0,277,459.0,1621
3136,3134,3135,460.0,300109,459.0,1621,460.0,1621
3137,3135,3136,465.0,301730,460.0,1621,428.0,1202
3138,3136,3137,460.0,303352,428.0,1202,428.0,1499
3139,3137,3138,428.0,281690,428.0,1499,389.0,527
3140,3138,3139,428.0,283189,389.0,527,385.0,1599
3141,3139,3140,391.0,281015,385.0,1599,375.0,1
3142,3140,3141,391.0,282614,375.0,1,318.0,263
3143,3141,3142,375.0,79,318.0,263,348.0,376
3144,3142,3143,350.0,300095,348.0,376,322.0,376
3145,3143,3144,359.0,300471,322.0,376,318.0,376
3146,3144,3145,354.0,300848,318.0,376,348.0,376
3147,3145,3146,350.0,301225,348.0,376,322.0,376
3148,3146,3147,359.0,301601,322.0,376,318.0,376
3149,3147,3148,354.0,301978,318.0,376,348.0,376
3150,3148,3149,350.0,302355,348.0,376,322.0,376
3151,3149,3150,359.0,302731,322.0,376,318.0,376
3152,3150,3151,354.0,303108,318.0,376,337.0,184
3153,3151,3152,350.0,303485,337.0,184,322.0,374
3154,3152,3153,337.0,300016,322.0,374,318.0,374
3155,3153,3154,332.0,300391,318.0,374,322.0,374
3156,3154,3155,328.0,300766,322.0,374,330.0,374
3157,3155,3156,332.0,301140,330.0,374,318.0,374
3158,3156,3157,330.0,301515,318.0,374,322.0,374
3159,3157,3158,337.0,301889,322.0,374,330.0,374
3160,3158,3159,332.0,302264,330.0,374,318.0,374
3161,3159,3160,330.0,302639,318.0,374,322.0,374
3162,3160,3161,337.0,303013,322.0,374,305.0,86
3163,3161,3162,332.0,303388,305.0,86,318.0,371
3164,3162,3163,305.0,299918,318.0,371,299.0,371
3165,3163,3164,301.0,300290,299.0,371,322.0,371
3166,3164,3165,310.0,300661,322.0,371,303.0,371
3167,3165,3166,305.0,301033,303.0,371,318.0,371
3168,3166,3167,303.0,301405,318.0,371,322.0,371
3169,3167,3168,301.0,301777,322.0,371,305.0,371
3170,3168,3169,306.0,302148,305.0,371,303.0,371
3171,3169,3170,305.0,302520,303.0,371,318.0,371
3172,3170,3171,303.0,302892,318.0,371,322.0,371
3173,3171,3172,310.0,303263,322.0,371,487.0,1818
3174,3172,3173,305.0,303635,487.0,1818,482.0,4079
3175,3173,3174,487.0,325402,482.0,4079,460.0,1617
3176,3174,3175,482.0,327663,460.0,1617,459.0,1621
3177,3175,3176,460.0,305293,459.0,1621,434.0,16
3178,3176,3177,465.0,306914,434.0,16,434.0,26
3179,3177,3178,434.0,4914,434.0,26,389.0,249
3180,3178,3179,434.0,4940,389.0,249,385.0,1599
3181,3179,3180,391.0,284333,385.0,1599,385.0,1599
3182,3180,3181,391.0,285932,385.0,1599,322.0,197
3183,3181,3182,391.0,287531,322.0,197,318.0,377
3184,3182,3183,354.0,303873,318.0,377,318.0,376
3185,3183,3184,354.0,304250,318.0,376,322.0,376
3186,3184,3185,350.0,304627,322.0,376,318.0,377
3187,3185,3186,354.0,305003,318.0,377,318.0,376
3188,3186,3187,354.0,305380,318.0,376,322.0,376
3189,3187,3188,350.0,305757,322.0,376,318.0,377
3190,3188,3189,354.0,306133,318.0,377,318.0,376
3191,3189,3190,354.0,306510,318.0,376,322.0,376
3192,3190,3191,350.0,306887,322.0,376,337.0,119
3193,3191,3192,354.0,307263,337.0,119,322.0,374
3194,3192,3193,337.0,303795,322.0,374,318.0,374
3195,3193,3194,332.0,304170,318.0,374,322.0,374
3196,3194,3195,328.0,304545,322.0,374,330.0,374
3197,3195,3196,332.0,304919,330.0,374,318.0,374
3198,3196,3197,330.0,305294,318.0,374,322.0,374
3199,3197,3198,337.0,305668,322.0,374,318.0,374
3200,3198,3199,332.0,306043,318.0,374,326.0,374
3201,3199,3200,328.0,306418,326.0,374,322.0,374
3202,3200,3201,337.0,306792,322.0,374,310.0,21
3203,3201,3202,332.0,307167,310.0,21,322.0,371
3204,3202,3203,310.0,303697,322.0,371,303.0,371
3205,3203,3204,305.0,304069,303.0,371,318.0,371
3206,3204,3205,303.0,304441,318.0,371,299.0,371
3207,3205,3206,301.0,304813,299.0,371,322.0,371
3208,3206,3207,310.0,305184,322.0,371,303.0,371
3209,3207,3208,305.0,305556,303.0,371,318.0,371
3210,3208,3209,303.0,305928,318.0,371,322.0,371
3211,3209,3210,310.0,306299,322.0,371,318.0,372
3212,3210,3211,305.0,306671,318.0,372,318.0,371
3213,3211,3212,305.0,307043,318.0,371,487.0,703
3214,3212,3213,301.0,307415,487.0,703,482.0,2982
3215,3213,3214,487.0,328383,482.0,2982,465.0,1335
3216,3214,3215,482.0,330662,465.0,1335,460.0,1621
3217,3215,3216,465.0,308855,460.0,1621,428.0,681
3218,3216,3217,460.0,310477,428.0,681,428.0,1499
3219,3217,3218,428.0,288361,428.0,1499,388.0,33
3220,3218,3219,428.0,289860,388.0,33,389.0,1571
3221,3219,3220,407.0,4993,389.0,1571,385.0,1599
3222,3220,3221,391.0,289251,385.0,1599,322.0,132
3223,3221,3222,391.0,290850,322.0,132,318.0,376
3224,3222,3223,352.0,307652,318.0,376,322.0,376
3225,3223,3224,350.0,308029,322.0,376,353.0,376
3226,3224,3225,354.0,308405,353.0,376,318.0,376
3227,3225,3226,353.0,308782,318.0,376,322.0,376
3228,3226,3227,350.0,309159,322.0,376,318.0,377
3229,3227,3228,354.0,309535,318.0,377,318.0,376
3230,3228,3229,354.0,309912,318.0,376,322.0,376
3231,3229,3230,350.0,310289,322.0,376,318.0,377
3232,3230,3231,354.0,310665,318.0,377,332.0,54
3233,3231,3232,354.0,311042,332.0,54,318.0,375
3234,3232,3233,332.0,307574,318.0,375,318.0,374
3235,3233,3234,332.0,307949,318.0,374,322.0,374
3236,3234,3235,328.0,308324,322.0,374,330.0,374
3237,3235,3236,332.0,308698,330.0,374,318.0,374
3238,3236,3237,330.0,309073,318.0,374,322.0,374
3239,3237,3238,337.0,309447,322.0,374,318.0,374
3240,3238,3239,332.0,309822,318.0,374,322.0,374
3241,3239,3240,328.0,310197,322.0,374,318.0,375
3242,3240,3241,332.0,310571,318.0,375,318.0,374
3243,3241,3242,332.0,310946,318.0,374,301.0,329
3244,3242,3243,328.0,311321,301.0,329,299.0,371
3245,3243,3244,301.0,307849,299.0,371,322.0,371
3246,3244,3245,310.0,308220,322.0,371,303.0,371
3247,3245,3246,305.0,308592,303.0,371,318.0,371
3248,3246,3247,303.0,308964,318.0,371,322.0,371
3249,3247,3248,310.0,309335,322.0,371,318.0,372
3250,3248,3249,305.0,309707,318.0,372,318.0,371
3251,3249,3250,305.0,310079,318.0,371,299.0,371
3252,3250,3251,301.0,310451,299.0,371,322.0,371
3253,3251,3252,310.0,310822,322.0,371,293.0,3438
3254,3252,3253,305.0,311194,293.0,3438,482.0,1884
3255,3253,3254,293.0,310958,482.0,1884,460.0,1054
3256,3254,3255,482.0,333660,460.0,1054,459.0,1621
3257,3255,3256,460.0,312418,459.0,1621,434.0,7
3258,3256,3257,465.0,314039,434.0,7,434.0,26
3259,3257,3258,434.0,5029,434.0,26,428.0,1504
3260,3258,3259,434.0,5055,428.0,1504,389.0,1293
3261,3259,3260,428.0,294698,389.0,1293,385.0,1599
3262,3260,3261,391.0,292569,385.0,1599,359.0,66
3263,3261,3262,391.0,294168,359.0,66,322.0,376
3264,3262,3263,359.0,311430,322.0,376,352.0,376
3265,3263,3264,354.0,311807,352.0,376,318.0,376
3266,3264,3265,352.0,312184,318.0,376,322.0,376
3267,3265,3266,359.0,312560,322.0,376,352.0,376
3268,3266,3267,354.0,312937,352.0,376,318.0,376
3269,3267,3268,352.0,313314,318.0,376,322.0,376
3270,3268,3269,359.0,313690,322.0,376,352.0,376
3271,3269,3270,354.0,314067,352.0,376,318.0,376
3272,3270,3271,352.0,314444,318.0,376,322.0,376
3273,3271,3272,359.0,314820,322.0,376,330.0,364
3274,3272,3273,354.0,315197,330.0,364,318.0,374
3275,3273,3274,330.0,311728,318.0,374,322.0,374
3276,3274,3275,337.0,312102,322.0,374,330.0,374
3277,3275,3276,332.0,312477,330.0,374,318.0,374
3278,3276,3277,330.0,312852,318.0,374,322.0,374
3279,3277,3278,337.0,313226,322.0,374,318.0,374
3280,3278,3279,332.0,313601,318.0,374,322.0,374
3281,3279,3280,328.0,313976,322.0,374,318.0,375
3282,3280,3281,332.0,314350,318.0,375,318.0,374
3283,3281,3282,332.0,314725,318.0,374,305.0,264
3284,3282,3283,337.0,315099,305.0,264,303.0,371
3285,3283,3284,305.0,311628,303.0,371,318.0,371
3286,3284,3285,303.0,312000,318.0,371,322.0,371
3287,3285,3286,301.0,312372,322.0,371,318.0,372
3288,3286,3287,305.0,312743,318.0,372,318.0,371
3289,3287,3288,305.0,313115,318.0,371,299.0,371
3290,3288,3289,301.0,313487,299.0,371,322.0,371
3291,3289,3290,310.0,313858,322.0,371,303.0,371
3292,3290,3291,305.0,314230,303.0,371,318.0,371
3293,3291,3292,303.0,314602,318.0,371,293.0,2342
3294,3292,3293,301.0,314974,293.0,2342,482.0,787
3295,3293,3294,293.0,313706,482.0,787,465.0,772
3296,3294,3295,482.0,336659,465.0,772,460.0,1621
3297,3295,3296,465.0,315980,460.0,1621,428.0,160
3298,3296,3297,460.0,317602,428.0,160,428.0,1500
3299,3297,3298,428.0,295032,428.0,1500,428.0,1499
3300,3298,3299,428.0,296532,428.0,1499,389.0,1016
3301,3299,3300,428.0,298031,389.0,1016,387.0,1598
3302,3300,3301,391.0,295888,387.0,1598,163.0,1
3303,3301,3302,391.0,297486,163.0,1,352.0,376
3304,3302,3303,163.0,83,352.0,376,318.0,376
3305,3303,3304,352.0,315586,318.0,376,322.0,376
3306,3304,3305,359.0,315962,322.0,376,352.0,376
3307,3305,3306,354.0,316339,352.0,376,318.0,376
3308,3306,3307,352.0,316716,318.0,376,322.0,376
3309,3307,3308,359.0,317092,322.0,376,352.0,376
3310,3308,3309,354.0,317469,352.0,376,318.0,376
3311,3309,3310,352.0,317846,318.0,376,322.0,376
3312,3310,3311,359.0,318222,322.0,376,352.0,376
3313,3311,3312,354.0,318599,352.0,376,330.0,299
3314,3312,3313,352.0,318976,330.0,299,318.0,374
3315,3313,3314,330.0,315507,318.0,374,322.0,374
3316,3314,3315,337.0,315881,322.0,374,318.0,374
3317,3315,3316,332.0,316256,318.0,374,326.0,374
3318,3316,3317,328.0,316631,326.0,374,322.0,374
3319,3317,3318,337.0,317005,322.0,374,318.0,374
3320,3318,3319,332.0,317380,318.0,374,322.0,374
3321,3319,3320,328.0,317755,322.0,374,330.0,374
3322,3320,3321,332.0,318129,330.0,374,318.0,374
3323,3321,3322,330.0,318504,318.0,374,301.0,200
3324,3322,3323,337.0,318878,301.0,200,322.0,371
3325,3323,3324,301.0,315408,322.0,371,318.0,372
3326,3324,3325,305.0,315779,318.0,372,318.0,371
3327,3325,3326,305.0,316151,318.0,371,299.0,371
3328,3326,3327,301.0,316523,299.0,371,322.0,371
3329,3327,3328,310.0,316894,322.0,371,318.0,372
3330,3328,3329,305.0,317266,318.0,372,318.0,371
3331,3329,3330,305.0,317638,318.0,371,299.0,371
3332,3330,3331,301.0,318010,299.0,371,322.0,371
3333,3331,3332,310.0,318381,322.0,371,293.0,1245
3334,3332,3333,305.0,318753,293.0,1245,487.0,3781
3335,3333,3334,293.0,316453,487.0,3781,460.0,491
3336,3334,3335,487.0,343749,460.0,491,459.0,1621
3337,3335,3336,460.0,319543,459.0,1621,460.0,1621
3338,3336,3337,465.0,321164,460.0,1621,434.0,24
3339,3337,3338,460.0,322786,434.0,24,439.0,26
3340,3338,3339,434.0,5170,439.0,26,389.0,738
3341,3339,3340,439.0,5196,389.0,738,385.0,1598
3342,3340,3341,391.0,299206,385.0,1598,380.0,1729
3343,3341,3342,391.0,300805,380.0,1729,359.0,312
3344,3342,3343,380.0,320781,359.0,312,322.0,376
3345,3343,3344,359.0,319364,322.0,376,318.0,376
3346,3344,3345,354.0,319741,318.0,376,348.0,376
3347,3345,3346,350.0,320118,348.0,376,322.0,376
3348,3346,3347,359.0,320494,322.0,376,318.0,376
3349,3347,3348,354.0,320871,318.0,376,348.0,376
3350,3348,3349,350.0,321248,348.0,376,322.0,376
3351,3349,3350,359.0,321624,322.0,376,318.0,376
3352,3350,3351,354.0,322001,318.0,376,348.0,376
3353,3351,3352,350.0,322378,348.0,376,330.0,234
3354,3352,3353,359.0,322754,330.0,234,318.0,374
3355,3353,3354,330.0,319286,318.0,374,322.0,374
3356,3354,3355,337.0,319660,322.0,374,318.0,374
3357,3355,3356,332.0,320035,318.0,374,322.0,374
3358,3356,3357,328.0,320410,322.0,374,318.0,375
3359,3357,3358,332.0,320784,318.0,375,318.0,374
3360,3358,3359,332.0,321159,318.0,374,322.0,374
3361,3359,3360,328.0,321534,322.0,374,330.0,374
3362,3360,3361,332.0,321908,330.0,374,318.0,374
3363,3361,3362,330.0,322283,318.0,374,305.0,135
3364,3362,3363,337.0,322657,305.0,135,303.0,371
3365,3363,3364,305.0,319187,303.0,371,318.0,371
3366,3364,3365,303.0,319559,318.0,371,322.0,371
3367,3365,3366,310.0,319930,322.0,371,318.0,372
3368,3366,3367,305.0,320302,318.0,372,318.0,371
3369,3367,3368,305.0,320674,318.0,371,299.0,371
3370,3368,3369,301.0,321046,299.0,371,322.0,371
3371,3369,3370,310.0,321417,322.0,371,303.0,371
3372,3370,3371,305.0,321789,303.0,371,318.0,371
3373,3371,3372,303.0,322161,318.0,371,293.0,148
3374,3372,3373,310.0,322532,293.0,148,487.0,2665
3375,3373,3374,293.0,319200,487.0,2665,465.0,209
3376,3374,3375,487.0,346729,465.0,209,460.0,1621
3377,3375,3376,465.0,323105,460.0,1621,459.0,1621
3378,3376,3377,460.0,324727,459.0,1621,428.0,1139
3379,3377,3378,465.0,326348,428.0,1139,428.0,1499
3380,3378,3379,428.0,303203,428.0,1499,389.0,460
3381,3379,3380,428.0,304702,389.0,460,385.0,1599
3382,3380,3381,391.0,302524,385.0,1599,397.0,2
3383,3381,3382,391.0,304123,397.0,2,322.0,247
3384,3382,3383,397.0,5210,322.0,247,318.0,376
3385,3383,3384,354.0,323143,318.0,376,322.0,376
3386,3384,3385,350.0,323520,322.0,376,318.0,377
3387,3385,3386,354.0,323896,318.0,377,318.0,376
3388,3386,3387,354.0,324273,318.0,376,322.0,376
3389,3387,3388,350.0,324650,322.0,376,318.0,377
3390,3388,3389,354.0,325026,318.0,377,318.0,376
3391,3389,3390,354.0,325403,318.0,376,322.0,376
3392,3390,3391,350.0,325780,322.0,376,318.0,377
3393,3391,3392,354.0,326156,318.0,377,330.0,169
3394,3392,3393,354.0,326533,330.0,169,318.0,374
3395,3393,3394,330.0,323065,318.0,374,322.0,374
3396,3394,3395,337.0,323439,322.0,374,318.0,374
3397,3395,3396,332.0,323814,318.0,374,322.0,374
3398,3396,3397,328.0,324189,322.0,374,330.0,374
3399,3397,3398,332.0,324563,330.0,374,318.0,374
3400,3398,3399,330.0,324938,318.0,374,322.0,374
3401,3399,3400,337.0,325312,322.0,374,330.0,374
3402,3400,3401,332.0,325687,330.0,374,318.0,374
3403,3401,3402,330.0,326062,318.0,374,310.0,70
3404,3402,3403,337.0,326436,310.0,70,322.0,371
3405,3403,3404,310.0,322966,322.0,371,318.0,372
3406,3404,3405,305.0,323338,318.0,372,318.0,371
3407,3405,3406,305.0,323710,318.0,371,299.0,371
3408,3406,3407,301.0,324082,299.0,371,322.0,371
3409,3407,3408,310.0,324453,322.0,371,303.0,371
3410,3408,3409,305.0,324825,303.0,371,318.0,371
3411,3409,3410,303.0,325197,318.0,371,322.0,371
3412,3410,3411,310.0,325568,322.0,371,318.0,372
3413,3411,3412,305.0,325940,318.0,372,318.0,371
3414,3412,3413,305.0,326312,318.0,371,487.0,1550
3415,3413,3414,301.0,326684,487.0,1550,482.0,3815
3416,3414,3415,487.0,349710,482.0,3815,465.0,1549
3417,3415,3416,482.0,351975,465.0,1549,460.0,1621
3418,3416,3417,465.0,328289,460.0,1621,434.0,15
3419,3417,3418,460.0,329911,434.0,15,434.0,26
3420,3418,3419,434.0,5285,434.0,26,389.0,183
3421,3419,3420,434.0,5311,389.0,183,385.0,1599
3422,3420,3421,391.0,305843,385.0,1599,387.0,1598
3423,3421,3422,391.0,307442,387.0,1598,318.0,182
3424,3422,3423,391.0,309040,318.0,182,322.0,376
3425,3423,3424,350.0,326922,322.0,376,352.0,376
3426,3424,3425,354.0,327298,352.0,376,318.0,376
3427,3425,3426,352.0,327675,318.0,376,322.0,376
3428,3426,3427,350.0,328052,322.0,376,318.0,377
3429,3427,3428,354.0,328428,318.0,377,318.0,376
3430,3428,3429,354.0,328805,318.0,376,322.0,376
3431,3429,3430,350.0,329182,322.0,376,318.0,377
3432,3430,3431,354.0,329558,318.0,377,318.0,376
3433,3431,3432,354.0,329935,318.0,376,328.0,104
3434,3432,3433,350.0,330312,328.0,104,322.0,374
3435,3433,3434,328.0,326844,322.0,374,318.0,375
3436,3434,3435,332.0,327218,318.0,375,318.0,374
3437,3435,3436,332.0,327593,318.0,374,322.0,374
3438,3436,3437,328.0,327968,322.0,374,330.0,374
3439,3437,3438,332.0,328342,330.0,374,318.0,374
3440,3438,3439,330.0,328717,318.0,374,322.0,374
3441,3439,3440,337.0,329091,322.0,374,318.0,374
3442,3440,3441,332.0,329466,318.0,374,326.0,374
3443,3441,3442,328.0,329841,326.0,374,305.0,6
3444,3442,3443,337.0,330215,305.0,6,318.0,371
3445,3443,3444,305.0,326746,318.0,371,299.0,371
3446,3444,3445,301.0,327118,299.0,371,322.0,371
3447,3445,3446,310.0,327489,322.0,371,303.0,371
3448,3446,3447,305.0,327861,303.0,371,318.0,371
3449,3447,3448,303.0,328233,318.0,371,322.0,371
3450,3448,3449,301.0,328605,322.0,371,318.0,372
3451,3449,3450,305.0,328976,318.0,372,318.0,371
3452,3450,3451,305.0,329348,318.0,371,299.0,371
3453,3451,3452,301.0,329720,299.0,371,322.0,371
3454,3452,3453,310.0,330091,322.0,371,487.0,435
3455,3453,3454,305.0,330463,487.0,435,482.0,2718
3456,3454,3455,487.0,352691,482.0,2718,460.0,1268
3457,3455,3456,482.0,354974,460.0,1268,459.0,1621
3458,3456,3457,460.0,331852,459.0,1621,428.0,618
3459,3457,3458,465.0,333473,428.0,618,428.0,1500
3460,3458,3459,428.0,309874,428.0,1500,394.0,24
3461,3459,3460,428.0,311374,394.0,24,389.0,1504
3462,3460,3461,412.0,5357,389.0,1504,385.0,1598
3463,3461,3462,391.0,310760,385.0,1598,322.0,116
3464,3462,3463,391.0,312359,322.0,116,352.0,376
3465,3463,3464,354.0,330700,352.0,376,318.0,376
3466,3464,3465,352.0,331077,318.0,376,322.0,376
3467,3465,3466,359.0,331453,322.0,376,352.0,376
3468,3466,3467,354.0,331830,352.0,376,318.0,376
3469,3467,3468,352.0,332207,318.0,376,322.0,376
3470,3468,3469,359.0,332583,322.0,376,352.0,376
3471,3469,3470,354.0,332960,352.0,376,318.0,376
3472,3470,3471,352.0,333337,318.0,376,322.0,376
3473,3471,3472,359.0,333713,322.0,376,328.0,39
3474,3472,3473,354.0,334090,328.0,39,322.0,374
3475,3473,3474,328.0,330623,322.0,374,318.0,375
3476,3474,3475,332.0,330997,318.0,375,318.0,374
3477,3475,3476,332.0,331372,318.0,374,322.0,374
3478,3476,3477,337.0,331746,322.0,374,330.0,374
3479,3477,3478,332.0,332121,330.0,374,318.0,374
3480,3478,3479,330.0,332496,318.0,374,322.0,374
3481,3479,3480,337.0,332870,322.0,374,318.0,374
3482,3480,3481,332.0,333245,318.0,374,322.0,374
3483,3481,3482,328.0,333620,322.0,374,318.0,375
3484,3482,3483,332.0,333994,318.0,375,305.0,313
3485,3483,3484,332.0,334369,305.0,313,303.0,371
3486,3484,3485,305.0,330897,303.0,371,318.0,371
3487,3485,3486,303.0,331269,318.0,371,322.0,371
3488,3486,3487,301.0,331641,322.0,371,318.0,372
3489,3487,3488,305.0,332012,318.0,372,318.0,371
3490,3488,3489,305.0,332384,318.0,371,299.0,371
3491,3489,3490,301.0,332756,299.0,371,322.0,371
3492,3490,3491,310.0,333127,322.0,371,318.0,372
3493,3491,3492,305.0,333499,318.0,372,318.0,371
3494,3492,3493,305.0,333871,318.0,371,293.0,3175
3495,3493,3494,301.0,334243,293.0,3175,482.0,1621
3496,3494,3495,293.0,333759,482.0,1621,460.0,986
3497,3495,3496,482.0,357973,460.0,986,459.0,1622
3498,3496,3497,460.0,335414,459.0,1622,434.0,6
3499,3497,3498,460.0,337036,434.0,6,434.0,26
3500,3498,3499,434.0,5400,434.0,26,428.0,1503
3501,3499,3500,434.0,5426,428.0,1503,389.0,1226
3502,3500,3501,428.0,316211,389.0,1226,385.0,1599
3503,3501,3502,391.0,314078,385.0,1599,322.0,51
3504,3502,3503,391.0,315677,322.0,51,318.0,376
3505,3503,3504,352.0,334479,318.0,376,322.0,376
3506,3504,3505,359.0,334855,322.0,376,352.0,376
3507,3505,3506,354.0,335232,352.0,376,318.0,376
3508,3506,3507,352.0,335609,318.0,376,322.0,376
3509,3507,3508,359.0,335985,322.0,376,352.0,376
3510,3508,3509,354.0,336362,352.0,376,318.0,376
3511,3509,3510,352.0,336739,318.0,376,322.0,376
3512,3510,3511,359.0,337115,322.0,376,352.0,376
3513,3511,3512,354.0,337492,352.0,376,318.0,376
3514,3512,3513,352.0,337869,318.0,376,332.0,348
3515,3513,3514,359.0,338245,332.0,348,330.0,374
3516,3514,3515,332.0,334776,330.0,374,318.0,374
3517,3515,3516,330.0,335151,318.0,374,322.0,374
3518,3516,3517,337.0,335525,322.0,374,330.0,374
3519,3517,3518,332.0,335900,330.0,374,318.0,374
3520,3518,3519,330.0,336275,318.0,374,322.0,374
3521,3519,3520,337.0,336649,322.0,374,318.0,374
3522,3520,3521,332.0,337024,318.0,374,322.0,374
3523,3521,3522,328.0,337399,322.0,374,330.0,374
3524,3522,3523,332.0,337773,330.0,374,301.0,249
3525,3523,3524,330.0,338148,301.0,249,322.0,371
3526,3524,3525,301.0,334677,322.0,371,318.0,372
3527,3525,3526,305.0,335048,318.0,372,303.0,371
3528,3526,3527,305.0,335420,303.0,371,318.0,371
3529,3527,3528,303.0,335792,318.0,371,322.0,371
3530,3528,3529,310.0,336163,322.0,371,318.0,372
3531,3529,3530,305.0,336535,318.0,372,318.0,371
3532,3530,3531,305.0,336907,318.0,371,299.0,371
3533,3531,3532,301.0,337279,299.0,371,322.0,371
3534,3532,3533,310.0,337650,322.0,371,293.0,2078
3535,3533,3534,305.0,338022,293.0,2078,482.0,523
3536,3534,3535,293.0,336506,482.0,523,460.0,705
3537,3535,3536,482.0,360971,460.0,705,459.0,1621
3538,3536,3537,460.0,338977,459.0,1621,428.0,97
3539,3537,3538,460.0,340598,428.0,97,428.0,1500
3540,3538,3539,428.0,316545,428.0,1500,428.0,1499
3541,3539,3540,428.0,318045,428.0,1499,389.0,949
3542,3540,3541,428.0,319544,389.0,949,385.0,1599
3543,3541,3542,391.0,317397,385.0,1599,380.0,3374
3544,3542,3543,391.0,318996,380.0,3374,322.0,362
3545,3543,3544,380.0,341646,322.0,362,318.0,376
3546,3544,3545,354.0,338634,318.0,376,348.0,376
3547,3545,3546,350.0,339011,348.0,376,322.0,376
3548,3546,3547,359.0,339387,322.0,376,318.0,376
3549,3547,3548,354.0,339764,318.0,376,348.0,376
3550,3548,3549,350.0,340141,348.0,376,322.0,376
3551,3549,3550,359.0,340517,322.0,376,318.0,376
3552,3550,3551,354.0,340894,318.0,376,348.0,376
3553,3551,3552,350.0,341271,348.0,376,322.0,376
3554,3552,3553,359.0,341647,322.0,376,332.0,283
3555,3553,3554,354.0,342024,332.0,283,330.0,374
3556,3554,3555,332.0,338555,330.0,374,318.0,374
3557,3555,3556,330.0,338930,318.0,374,322.0,374
3558,3556,3557,337.0,339304,322.0,374,318.0,374
3559,3557,3558,332.0,339679,318.0,374,326.0,374
3560,3558,3559,328.0,340054,326.0,374,322.0,374
3561,3559,3560,333.0,340428,322.0,374,318.0,374
3562,3560,3561,332.0,340803,318.0,374,322.0,374
3563,3561,3562,328.0,341178,322.0,374,330.0,374
3564,3562,3563,332.0,341552,330.0,374,305.0,184
3565,3563,3564,330.0,341927,305.0,184,303.0,371
3566,3564,3565,305.0,338456,303.0,371,318.0,371
3567,3565,3566,303.0,338828,318.0,371,322.0,371
3568,3566,3567,310.0,339199,322.0,371,318.0,372
3569,3567,3568,305.0,339571,318.0,372,318.0,371
3570,3568,3569,305.0,339943,318.0,371,299.0,371
3571,3569,3570,301.0,340315,299.0,371,322.0,371
3572,3570,3571,310.0,340686,322.0,371,303.0,371
3573,3571,3572,305.0,341058,303.0,371,318.0,371
3574,3572,3573,303.0,341430,318.0,371,293.0,981
3575,3573,3574,301.0,341802,293.0,981,487.0,3513
3576,3574,3575,293.0,339253,487.0,3513,460.0,423
3577,3575,3576,487.0,368057,460.0,423,459.0,1622
3578,3576,3577,460.0,342539,459.0,1622,459.0,1621
3579,3577,3578,460.0,344161,459.0,1621,434.0,23
3580,3578,3579,460.0,345782,434.0,23,428.0,1504
3581,3579,3580,434.0,5541,428.0,1504,389.0,671
3582,3580,3581,428.0,322882,389.0,671,385.0,1599
3583,3581,3582,391.0,320715,385.0,1599,380.0,1208
3584,3582,3583,391.0,322314,380.0,1208,318.0,297
3585,3583,3584,380.0,343324,318.0,297,322.0,376
3586,3584,3585,350.0,342413,322.0,376,318.0,377
3587,3585,3586,354.0,342789,318.0,377,318.0,376
3588,3586,3587,354.0,343166,318.0,376,322.0,376
3589,3587,3588,350.0,343543,322.0,376,318.0,377
3590,3588,3589,354.0,343919,318.0,377,318.0,376
3591,3589,3590,354.0,344296,318.0,376,322.0,376
3592,3590,3591,350.0,344673,322.0,376,318.0,377
3593,3591,3592,354.0,345049,318.0,377,318.0,376
3594,3592,3593,354.0,345426,318.0,376,332.0,218
3595,3593,3594,350.0,345803,332.0,218,330.0,374
3596,3594,3595,332.0,342334,330.0,374,318.0,374
3597,3595,3596,330.0,342709,318.0,374,322.0,374
3598,3596,3597,337.0,343083,322.0,374,318.0,374
3599,3597,3598,332.0,343458,318.0,374,322.0,374
3600,3598,3599,328.0,343833,322.0,374,318.0,375
3601,3599,3600,332.0,344207,318.0,375,318.0,374
3602,3600,3601,332.0,344582,318.0,374,322.0,374
3603,3601,3602,328.0,344957,322.0,374,330.0,374
3604,3602,3603,332.0,345331,330.0,374,310.0,119
3605,3603,3604,330.0,345706,310.0,119,322.0,371
3606,3604,3605,310.0,342235,322.0,371,318.0,372
3607,3605,3606,305.0,342607,318.0,372,318.0,371
3608,3606,3607,305.0,342979,318.0,371,299.0,371
3609,3607,3608,301.0,343351,299.0,371,322.0,371
3610,3608,3609,310.0,343722,322.0,371,303.0,371
3611,3609,3610,305.0,344094,303.0,371,318.0,371
3612,3610,3611,303.0,344466,318.0,371,322.0,371
3613,3611,3612,301.0,344838,322.0,371,318.0,372
3614,3612,3613,305.0,345209,318.0,372,318.0,371
3615,3613,3614,305.0,345581,318.0,371,487.0,2397
3616,3614,3615,301.0,345953,487.0,2397,465.0,141
3617,3615,3616,487.0,371037,465.0,141,460.0,1621
3618,3616,3617,465.0,346101,460.0,1621,459.0,1621
3619,3617,3618,460.0,347723,459.0,1621,428.0,1076
3620,3618,3619,468.0,349344,428.0,1076,428.0,1499
3621,3619,3620,428.0,324716,428.0,1499,389.0,394
3622,3620,3621,428.0,326215,389.0,394,387.0,1598
3623,3621,3622,391.0,324034,387.0,1598,385.0,1599
3624,3622,3623,391.0,325632,385.0,1599,322.0,231
3625,3623,3624,391.0,327231,322.0,231,352.0,376
3626,3624,3625,354.0,346191,352.0,376,318.0,376
3627,3625,3626,352.0,346568,318.0,376,322.0,376
3628,3626,3627,350.0,346945,322.0,376,318.0,377
3629,3627,3628,354.0,347321,318.0,377,318.0,376
3630,3628,3629,354.0,347698,318.0,376,322.0,376
3631,3629,3630,350.0,348075,322.0,376,318.0,377
3632,3630,3631,354.0,348451,318.0,377,318.0,376
3633,3631,3632,354.0,348828,318.0,376,322.0,376
3634,3632,3633,350.0,349205,322.0,376,332.0,153
3635,3633,3634,354.0,349581,332.0,153,318.0,374
3636,3634,3635,332.0,346113,318.0,374,326.0,374
3637,3635,3636,328.0,346488,326.0,374,322.0,374
3638,3636,3637,337.0,346862,322.0,374,318.0,374
3639,3637,3638,332.0,347237,318.0,374,322.0,374
3640,3638,3639,328.0,347612,322.0,374,330.0,374
3641,3639,3640,332.0,347986,330.0,374,318.0,374
3642,3640,3641,330.0,348361,318.0,374,322.0,374
3643,3641,3642,337.0,348735,322.0,374,330.0,374
3644,3642,3643,332.0,349110,330.0,374,305.0,55
3645,3643,3644,330.0,349485,305.0,55,318.0,371
3646,3644,3645,305.0,346015,318.0,371,299.0,371
3647,3645,3646,301.0,346387,299.0,371,322.0,371
3648,3646,3647,310.0,346758,322.0,371,303.0,371
3649,3647,3648,305.0,347130,303.0,371,318.0,371
3650,3648,3649,303.0,347502,318.0,371,322.0,371
3651,3649,3650,301.0,347874,322.0,371,318.0,372
3652,3650,3651,305.0,348245,318.0,372,303.0,371
3653,3651,3652,305.0,348617,303.0,371,318.0,371
3654,3652,3653,303.0,348989,318.0,371,322.0,371
3655,3653,3654,310.0,349360,322.0,371,487.0,1282
3656,3654,3655,305.0,349732,487.0,1282,482.0,3551
3657,3655,3656,487.0,374018,482.0,3551,465.0,1481
3658,3656,3657,482.0,376287,465.0,1481,460.0,1621
3659,3657,3658,465.0,351285,460.0,1621,434.0,14
3660,3658,3659,460.0,352907,434.0,14,428.0,1504
3661,3659,3660,434.0,5656,428.0,1504,389.0,116
3662,3660,3661,428.0,329553,389.0,116,385.0,1598
3663,3661,3662,391.0,327352,385.0,1598,385.0,1599
3664,3662,3663,391.0,328951,385.0,1599,322.0,166
3665,3663,3664,391.0,330550,322.0,166,318.0,376
3666,3664,3665,352.0,349970,318.0,376,322.0,376
3667,3665,3666,359.0,350346,322.0,376,352.0,376
3668,3666,3667,354.0,350723,352.0,376,318.0,376
3669,3667,3668,352.0,351100,318.0,376,322.0,376
3670,3668,3669,359.0,351476,322.0,376,352.0,376
3671,3669,3670,354.0,351853,352.0,376,318.0,376
3672,3670,3671,352.0,352230,318.0,376,322.0,376
3673,3671,3672,359.0,352606,322.0,376,352.0,376
3674,3672,3673,354.0,352983,352.0,376,332.0,88
3675,3673,3674,352.0,353360,332.0,88,318.0,374
3676,3674,3675,332.0,349892,318.0,374,322.0,374
3677,3675,3676,328.0,350267,322.0,374,318.0,375
3678,3676,3677,332.0,350641,318.0,375,318.0,374
3679,3677,3678,332.0,351016,318.0,374,322.0,374
3680,3678,3679,328.0,351391,322.0,374,330.0,374
3681,3679,3680,332.0,351765,330.0,374,318.0,374
3682,3680,3681,330.0,352140,318.0,374,322.0,374
3683,3681,3682,337.0,352514,322.0,374,318.0,374
3684,3682,3683,332.0,352889,318.0,374,326.0,374
3685,3683,3684,328.0,353264,326.0,374,305.0,362
3686,3684,3685,337.0,353638,305.0,362,303.0,371
3687,3685,3686,305.0,350166,303.0,371,318.0,371
3688,3686,3687,303.0,350538,318.0,371,322.0,371
3689,3687,3688,301.0,350910,322.0,371,318.0,372
3690,3688,3689,305.0,351281,318.0,372,303.0,371
3691,3689,3690,305.0,351653,303.0,371,318.0,371
3692,3690,3691,303.0,352025,318.0,371,322.0,371
3693,3691,3692,310.0,352396,322.0,371,318.0,372
3694,3692,3693,305.0,352768,318.0,372,318.0,371
3695,3693,3694,305.0,353140,318.0,371,487.0,166
3696,3694,3695,301.0,353512,487.0,166,482.0,2454
3697,3695,3696,487.0,376998,482.0,2454,460.0,1200
3698,3696,3697,482.0,379286,460.0,1200,459.0,1621
3699,3697,3698,460.0,354848,459.0,1621,428.0,555
3700,3698,3699,465.0,356469,428.0,555,428.0,1500
3701,3699,3700,428.0,331387,428.0,1500,428.0,1499
3702,3700,3701,428.0,332887,428.0,1499,389.0,1437
3703,3701,3702,428.0,334386,389.0,1437,385.0,1599
3704,3702,3703,391.0,332269,385.0,1599,359.0,100
3705,3703,3704,391.0,333868,359.0,100,322.0,376
3706,3704,3705,359.0,353748,322.0,376,352.0,376
3707,3705,3706,354.0,354125,352.0,376,318.0,376
3708,3706,3707,352.0,354502,318.0,376,322.0,376
3709,3707,3708,359.0,354878,322.0,376,352.0,376
3710,3708,3709,354.0,355255,352.0,376,318.0,376
3711,3709,3710,352.0,355632,318.0,376,322.0,376
3712,3710,3711,359.0,356008,322.0,376,352.0,376
3713,3711,3712,354.0,356385,352.0,376,318.0,376
3714,3712,3713,352.0,356762,318.0,376,332.0,23
3715,3713,3714,359.0,357138,332.0,23,318.0,374
3716,3714,3715,332.0,353671,318.0,374,322.0,374
3717,3715,3716,328.0,354046,322.0,374,330.0,374
3718,3716,3717,332.0,354420,330.0,374,318.0,374
3719,3717,3718,330.0,354795,318.0,374,322.0,374
3720,3718,3719,337.0,355169,322.0,374,330.0,374
3721,3719,3720,332.0,355544,330.0,374,318.0,374
3722,3720,3721,330.0,355919,318.0,374,322.0,374
3723,3721,3722,337.0,356293,322.0,374,318.0,374
3724,3722,3723,332.0,356668,318.0,374,322.0,374
3725,3723,3724,328.0,357043,322.0,374,301.0,298
3726,3724,3725,332.0,357417,301.0,298,322.0,371
3727,3725,3726,301.0,353946,322.0,371,318.0,372
3728,3726,3727,305.0,354317,318.0,372,303.0,371
3729,3727,3728,305.0,354689,303.0,371,318.0,371
3730,3728,3729,303.0,355061,318.0,371,322.0,371
3731,3729,3730,310.0,355432,322.0,371,318.0,372
3732,3730,3731,305.0,355804,318.0,372,318.0,371
3733,3731,3732,305.0,356176,318.0,371,299.0,371
3734,3732,3733,301.0,356548,299.0,371,322.0,371
3735,3733,3734,310.0,356919,322.0,371,293.0,2911
3736,3734,3735,305.0,357291,293.0,2911,482.0,1357
3737,3735,3736,293.0,356559,482.0,1357,465.0,918
3738,3736,3737,482.0,382285,465.0,918,460.0,1621
3739,3737,3738,465.0,358410,460.0,1621,434.0,5
3740,3738,3739,460.0,360032,434.0,5,428.0,1504
3741,3739,3740,434.0,5771,428.0,1504,428.0,1500
3742,3740,3741,428.0,336224,428.0,1500,389.0,1160
3743,3741,3742,428.0,337724,389.0,1160,387.0,1598
3744,3742,3743,391.0,335588,387.0,1598,322.0,35
3745,3743,3744,391.0,337186,322.0,35,318.0,376
3746,3744,3745,354.0,357527,318.0,376,348.0,376
3747,3745,3746,350.0,357904,348.0,376,322.0,376
3748,3746,3747,359.0,358280,322.0,376,318.0,376
3749,3747,3748,354.0,358657,318.0,376,348.0,376
3750,3748,3749,350.0,359034,348.0,376,322.0,376
3751,3749,3750,359.0,359410,322.0,376,318.0,376
3752,3750,3751,354.0,359787,318.0,376,348.0,376
3753,3751,3752,350.0,360164,348.0,376,322.0,376
3754,3752,3753,359.0,360540,322.0,376,318.0,376
3755,3753,3754,354.0,360917,318.0,376,328.0,333
3756,3754,3755,350.0,361294,328.0,333,322.0,374
3757,3755,3756,328.0,357825,322.0,374,330.0,374
3758,3756,3757,332.0,358199,330.0,374,318.0,374
3759,3757,3758,330.0,358574,318.0,374,322.0,374
3760,3758,3759,337.0,358948,322.0,374,318.0,374
3761,3759,3760,332.0,359323,318.0,374,326.0,374
3762,3760,3761,328.0,359698,326.0,374,322.0,374
3763,3761,3762,337.0,360072,322.0,374,318.0,374
3764,3762,3763,332.0,360447,318.0,374,322.0,374
3765,3763,3764,328.0,360822,322.0,374,305.0,233
3766,3764,3765,332.0,361196,305.0,233,303.0,371
3767,3765,3766,305.0,357725,303.0,371,318.0,371
3768,3766,3767,303.0,358097,318.0,371,322.0,371
3769,3767,3768,310.0,358468,322.0,371,318.0,372
3770,3768,3769,305.0,358840,318.0,372,318.0,371
3771,3769,3770,305.0,359212,318.0,371,299.0,371
3772,3770,3771,301.0,359584,299.0,371,322.0,371
3773,3771,3772,310.0,359955,322.0,371,303.0,371
3774,3772,3773,305.0,360327,303.0,371,318.0,371
3775,3773,3774,303.0,360699,318.0,371,293.0,1814
3776,3774,3775,301.0,361071,293.0,1814,482.0,259
3777,3775,3776,293.0,359306,482.0,259,460.0,637
3778,3776,3777,482.0,385283,460.0,637,459.0,1621
3779,3777,3778,460.0,361973,459.0,1621,426.0,34
3780,3778,3779,465.0,363594,426.0,34,428.0,1500
3781,3779,3780,428.0,338058,428.0,1500,428.0,1499
3782,3780,3781,428.0,339558,428.0,1499,389.0,882
3783,3781,3782,428.0,341057,389.0,882,385.0,1598
3784,3782,3783,391.0,338906,385.0,1598,380.0,2852
3785,3783,3784,391.0,340505,380.0,2852,322.0,346
3786,3784,3785,380.0,364188,322.0,346,318.0,377
3787,3785,3786,354.0,361682,318.0,377,318.0,376
3788,3786,3787,354.0,362059,318.0,376,322.0,376
3789,3787,3788,350.0,362436,322.0,376,318.0,377
3790,3788,3789,354.0,362812,318.0,377,318.0,376
3791,3789,3790,354.0,363189,318.0,376,322.0,376
3792,3790,3791,350.0,363566,322.0,376,318.0,377
3793,3791,3792,354.0,363942,318.0,377,318.0,376
3794,3792,3793,354.0,364319,318.0,376,322.0,376
3795,3793,3794,350.0,364696,322.0,376,337.0,267
3796,3794,3795,354.0,365072,337.0,267,322.0,374
3797,3795,3796,337.0,361603,322.0,374,330.0,374
3798,3796,3797,332.0,361978,330.0,374,318.0,374
3799,3797,3798,330.0,362353,318.0,374,322.0,374
3800,3798,3799,337.0,362727,322.0,374,318.0,374
3801,3799,3800,332.0,363102,318.0,374,322.0,374
3802,3800,3801,328.0,363477,322.0,374,318.0,375
3803,3801,3802,332.0,363851,318.0,375,318.0,374
3804,3802,3803,332.0,364226,318.0,374,322.0,374
3805,3803,3804,328.0,364601,322.0,374,310.0,168
3806,3804,3805,332.0,364975,310.0,168,322.0,371
3807,3805,3806,310.0,361504,322.0,371,318.0,372
3808,3806,3807,305.0,361876,318.0,372,318.0,371
3809,3807,3808,305.0,362248,318.0,371,299.0,371
3810,3808,3809,301.0,362620,299.0,371,322.0,371
3811,3809,3810,310.0,362991,322.0,371,303.0,371
3812,3810,3811,305.0,363363,303.0,371,318.0,371
3813,3811,3812,303.0,363735,318.0,371,322.0,371
3814,3812,3813,301.0,364107,322.0,371,318.0,372
3815,3813,3814,305.0,364478,318.0,372,293.0,717
3816,3814,3815,305.0,364850,293.0,717,487.0,3244
3817,3815,3816,293.0,362053,487.0,3244,465.0,355
3818,3816,3817,487.0,392364,465.0,355,460.0,1621
3819,3817,3818,465.0,365535,460.0,1621,459.0,1621
3820,3818,3819,460.0,367157,459.0,1621,428.0,1275
3821,3819,3820,465.0,368778,428.0,1275,428.0,1500
3822,3820,3821,428.0,342895,428.0,1500,389.0,604
3823,3821,3822,428.0,344395,389.0,604,385.0,1599
3824,3822,3823,391.0,342224,385.0,1599,380.0,687
3825,3823,3824,391.0,343823,380.0,687,322.0,281
3826,3824,3825,380.0,365867,322.0,281,318.0,376
3827,3825,3826,352.0,365461,318.0,376,322.0,376
3828,3826,3827,350.0,365838,322.0,376,353.0,376
3829,3827,3828,354.0,366214,353.0,376,318.0,376
3830,3828,3829,353.0,366591,318.0,376,322.0,376
3831,3829,3830,350.0,366968,322.0,376,318.0,377
3832,3830,3831,354.0,367344,318.0,377,318.0,376
3833,3831,3832,354.0,367721,318.0,376,322.0,376
3834,3832,3833,350.0,368098,322.0,376,318.0,377
3835,3833,3834,354.0,368474,318.0,377,337.0,202
3836,3834,3835,354.0,368851,337.0,202,322.0,374
3837,3835,3836,337.0,365382,322.0,374,330.0,374
3838,3836,3837,332.0,365757,330.0,374,318.0,374
3839,3837,3838,330.0,366132,318.0,374,322.0,374
3840,3838,3839,337.0,366506,322.0,374,318.0,374
3841,3839,3840,332.0,366881,318.0,374,322.0,374
3842,3840,3841,328.0,367256,322.0,374,330.0,374
3843,3841,3842,332.0,367630,330.0,374,318.0,374
3844,3842,3843,330.0,368005,318.0,374,322.0,374
3845,3843,3844,337.0,368379,322.0,374,305.0,104
3846,3844,3845,332.0,368754,305.0,104,318.0,371
3847,3845,3846,305.0,365284,318.0,371,299.0,371
3848,3846,3847,301.0,365656,299.0,371,322.0,371
3849,3847,3848,310.0,366027,322.0,371,303.0,371
3850,3848,3849,305.0,366399,303.0,371,318.0,371
3851,3849,3850,303.0,366771,318.0,371,322.0,371
3852,3850,3851,301.0,367143,322.0,371,318.0,372
3853,3851,3852,305.0,367514,318.0,372,303.0,371
3854,3852,3853,305.0,367886,303.0,371,318.0,371
3855,3853,3854,303.0,368258,318.0,371,322.0,371
3856,3854,3855,310.0,368629,322.0,371,487.0,2129
3857,3855,3856,305.0,369001,487.0,2129,460.0,74
3858,3856,3857,487.0,395345,460.0,74,459.0,1621
3859,3857,3858,460.0,369098,459.0,1621,460.0,1621
3860,3858,3859,465.0,370719,460.0,1621,428.0,1013
3861,3859,3860,460.0,372341,428.0,1013,428.0,1499
3862,3860,3861,428.0,346229,428.0,1499,389.0,327
3863,3861,3862,428.0,347728,389.0,327,385.0,1599
3864,3862,3863,391.0,345543,385.0,1599,387.0,1598
3865,3863,3864,391.0,347142,387.0,1598,359.0,215
3866,3864,3865,391.0,348740,359.0,215,322.0,376
3867,3865,3866,359.0,369239,322.0,376,352.0,376
3868,3866,3867,354.0,369616,352.0,376,318.0,376
3869,3867,3868,352.0,369993,318.0,376,322.0,376
3870,3868,3869,359.0,370369,322.0,376,352.0,376
3871,3869,3870,354.0,370746,352.0,376,318.0,376
3872,3870,3871,352.0,371123,318.0,376,322.0,376
3873,3871,3872,359.0,371499,322.0,376,352.0,376
3874,3872,3873,354.0,371876,352.0,376,318.0,376
3875,3873,3874,352.0,372253,318.0,376,337.0,137
3876,3874,3875,359.0,372629,337.0,137,322.0,374
3877,3875,3876,337.0,369161,322.0,374,318.0,374
3878,3876,3877,332.0,369536,318.0,374,322.0,374
3879,3877,3878,328.0,369911,322.0,374,318.0,375
3880,3878,3879,332.0,370285,318.0,375,318.0,374
3881,3879,3880,332.0,370660,318.0,374,322.0,374
3882,3880,3881,328.0,371035,322.0,374,330.0,374
3883,3881,3882,332.0,371409,330.0,374,318.0,374
3884,3882,3883,330.0,371784,318.0,374,322.0,374
3885,3883,3884,337.0,372158,322.0,374,310.0,39
3886,3884,3885,332.0,372533,310.0,39,322.0,371
3887,3885,3886,310.0,369063,322.0,371,303.0,371
3888,3886,3887,305.0,369435,303.0,371,318.0,371
3889,3887,3888,303.0,369807,318.0,371,322.0,371
3890,3888,3889,301.0,370179,322.0,371,318.0,372
3891,3889,3890,305.0,370550,318.0,372,303.0,371
3892,3890,3891,305.0,370922,303.0,371,318.0,371
3893,3891,3892,303.0,371294,318.0,371,322.0,371
3894,3892,3893,310.0,371665,322.0,371,318.0,372
3895,3893,3894,305.0,372037,318.0,372,318.0,371
3896,3894,3895,305.0,372409,318.0,371,487.0,1013
3897,3895,3896,301.0,372781,487.0,1013,482.0,3287
3898,3896,3897,487.0,398325,482.0,3287,460.0,1414
3899,3897,3898,482.0,400599,460.0,1414,459.0,1621
3900,3898,3899,460.0,374282,459.0,1621,428.0,754
3901,3899,3900,465.0,375903,428.0,754,428.0,1500
3902,3900,3901,428.0,349566,428.0,1500,389.0,49
3903,3901,3902,428.0,351066,389.0,49,385.0,1599
3904,3902,3903,391.0,348861,385.0,1599,385.0,1598
3905,3903,3904,391.0,350460,385.0,1598,322.0,150
3906,3904,3905,391.0,352059,322.0,150,352.0,376
3907,3905,3906,354.0,373018,352.0,376,318.0,376
3908,3906,3907,352.0,373395,318.0,376,322.0,376
3909,3907,3908,359.0,373771,322.0,376,352.0,376
3910,3908,3909,354.0,374148,352.0,376,318.0,376
3911,3909,3910,352.0,374525,318.0,376,322.0,376
3912,3910,3911,359.0,374901,322.0,376,352.0,376
3913,3911,3912,354.0,375278,352.0,376,318.0,376
3914,3912,3913,352.0,375655,318.0,376,322.0,376
3915,3913,3914,359.0,376031,322.0,376,337.0,72
3916,3914,3915,354.0,376408,337.0,72,322.0,374
3917,3915,3916,337.0,372940,322.0,374,318.0,374
3918,3916,3917,332.0,373315,318.0,374,322.0,374
3919,3917,3918,328.0,373690,322.0,374,318.0,375
3920,3918,3919,332.0,374064,318.0,375,318.0,374
3921,3919,3920,332.0,374439,318.0,374,322.0,374
3922,3920,3921,337.0,374813,322.0,374,330.0,374
3923,3921,3922,332.0,375188,330.0,374,318.0,374
3924,3922,3923,330.0,375563,318.0,374,322.0,374
3925,3923,3924,337.0,375937,322.0,374,318.0,374
3926,3924,3925,332.0,376312,318.0,374,301.0,347
3927,3925,3926,328.0,376687,301.0,347,322.0,371
3928,3926,3927,301.0,373215,322.0,371,318.0,372
3929,3927,3928,305.0,373586,318.0,372,303.0,371
3930,3928,3929,305.0,373958,303.0,371,318.0,371
3931,3929,3930,303.0,374330,318.0,371,322.0,371
3932,3930,3931,310.0,374701,322.0,371,318.0,372
3933,3931,3932,305.0,375073,318.0,372,318.0,371
3934,3932,3933,305.0,375445,318.0,371,299.0,371
3935,3933,3934,301.0,375817,299.0,371,322.0,371
3936,3934,3935,310.0,376188,322.0,371,293.0,3744
3937,3935,3936,305.0,376560,293.0,3744,482.0,2190
3938,3936,3937,293.0,376612,482.0,2190,465.0,1132
3939,3937,3938,482.0,403598,465.0,1132,460.0,1621
3940,3938,3939,465.0,377844,460.0,1621,428.0,492
3941,3939,3940,460.0,379466,428.0,492,428.0,1500
3942,3940,3941,428.0,352900,428.0,1500,434.0,26
3943,3941,3942,428.0,354400,434.0,26,389.0,1370
3944,3942,3943,434.0,6136,389.0,1370,385.0,1599
3945,3943,3944,391.0,353778,385.0,1599,318.0,85
3946,3944,3945,391.0,355377,318.0,85,348.0,376
3947,3945,3946,350.0,376797,348.0,376,322.0,376
3948,3946,3947,359.0,377173,322.0,376,318.0,376
3949,3947,3948,354.0,377550,318.0,376,348.0,376
3950,3948,3949,350.0,377927,348.0,376,322.0,376
3951,3949,3950,359.0,378303,322.0,376,318.0,376
3952,3950,3951,354.0,378680,318.0,376,348.0,376
3953,3951,3952,350.0,379057,348.0,376,322.0,376
3954,3952,3953,359.0,379433,322.0,376,318.0,376
3955,3953,3954,354.0,379810,318.0,376,337.0,7
3956,3954,3955,350.0,380187,337.0,7,322.0,374
3957,3955,3956,337.0,376719,322.0,374,318.0,374
3958,3956,3957,332.0,377094,318.0,374,322.0,374
3959,3957,3958,328.0,377469,322.0,374,330.0,374
3960,3958,3959,332.0,377843,330.0,374,318.0,374
3961,3959,3960,330.0,378218,318.0,374,322.0,374
3962,3960,3961,337.0,378592,322.0,374,330.0,374
3963,3961,3962,332.0,378967,330.0,374,318.0,374
3964,3962,3963,330.0,379342,318.0,374,322.0,374
3965,3963,3964,337.0,379716,322.0,374,318.0,374
3966,3964,3965,332.0,380091,318.0,374,305.0,282
3967,3965,3966,328.0,380466,305.0,282,303.0,371
3968,3966,3967,305.0,376994,303.0,371,318.0,371
3969,3967,3968,303.0,377366,318.0,371,322.0,371
3970,3968,3969,310.0,377737,322.0,371,318.0,372
3971,3969,3970,305.0,378109,318.0,372,318.0,371
3972,3970,3971,305.0,378481,318.0,371,299.0,371
3973,3971,3972,301.0,378853,299.0,371,322.0,371
3974,3972,3973,310.0,379224,322.0,371,303.0,371
3975,3973,3974,305.0,379596,303.0,371,318.0,371
3976,3974,3975,303.0,379968,318.0,371,293.0,2647
3977,3975,3976,301.0,380340,293.0,2647,482.0,1093
3978,3976,3977,293.0,379359,482.0,1093,460.0,851
3979,3977,3978,482.0,406597,460.0,851,459.0,1621
3980,3978,3979,460.0,381407,459.0,1621,439.0,4
3981,3979,3980,465.0,383028,439.0,4,428.0,1501
3982,3980,3981,439.0,6142,428.0,1501,428.0,1500
3983,3981,3982,428.0,357737,428.0,1500,389.0,1093
3984,3982,3983,428.0,359237,389.0,1093,385.0,1599
3985,3983,3984,391.0,357097,385.0,1599,322.0,19
3986,3984,3985,391.0,358696,322.0,19,318.0,377
3987,3985,3986,354.0,380575,318.0,377,318.0,376
3988,3986,3987,354.0,380952,318.0,376,322.0,376
3989,3987,3988,350.0,381329,322.0,376,318.0,377
3990,3988,3989,354.0,381705,318.0,377,318.0,376
3991,3989,3990,354.0,382082,318.0,376,322.0,376
3992,3990,3991,350.0,382459,322.0,376,318.0,377
3993,3991,3992,354.0,382835,318.0,377,318.0,376
3994,3992,3993,354.0,383212,318.0,376,322.0,376
3995,3993,3994,350.0,383589,322.0,376,318.0,377
3996,3994,3995,354.0,383965,318.0,377,332.0,317
3997,3995,3996,354.0,384342,332.0,317,318.0,374
3998,3996,3997,332.0,380873,318.0,374,322.0,374
3999,3997,3998,328.0,381248,322.0,374,330.0,374
4000,3998,3999,332.0,381622,330.0,374,318.0,374
4001,3999,4000,330.0,381997,318.0,374,322.0,374
4002,4000,4001,337.0,382371,322.0,374,318.0,374
4003,4001,4002,332.0,382746,318.0,374,326.0,374
4004,4002,4003,328.0,383121,326.0,374,322.0,374
4005,4003,4004,337.0,383495,322.0,374,318.0,374
4006,4004,4005,332.0,383870,318.0,374,310.0,217
4007,4005,4006,328.0,384245,310.0,217,322.0,371
4008,4006,4007,310.0,380773,322.0,371,318.0,372
4009,4007,4008,305.0,381145,318.0,372,318.0,371
4010,4008,4009,305.0,381517,318.0,371,299.0,371
4011,4009,4010,301.0,381889,299.0,371,322.0,371
4012,4010,4011,310.0,382260,322.0,371,303.0,371
4013,4011,4012,305.0,382632,303.0,371,318.0,371
4014,4012,4013,303.0,383004,318.0,371,322.0,371
4015,4013,4014,301.0,383376,322.0,371,318.0,372
4016,4014,4015,305.0,383747,318.0,372,293.0,1550
4017,4015,4016,305.0,384119,293.0,1550,487.0,4091
4018,4016,4017,293.0,382106,487.0,4091,460.0,569
4019,4017,4018,487.0,413691,460.0,569,459.0,1622
4020,4018,4019,460.0,384969,459.0,1622,459.0,1621
4021,4019,4020,460.0,386591,459.0,1621,428.0,1471
4022,4020,4021,465.0,388212,428.0,1471,434.0,26
4023,4021,4022,428.0,361071,434.0,26,389.0,815
4024,4022,4023,434.0,6251,389.0,815,385.0,1599
4025,4023,4024,391.0,360415,385.0,1599,380.0,2332
4026,4024,4025,391.0,362014,380.0,2332,318.0,331
4027,4025,4026,380.0,386732,318.0,331,322.0,376
4028,4026,4027,350.0,384731,322.0,376,353.0,376
4029,4027,4028,354.0,385107,353.0,376,318.0,376
4030,4028,4029,353.0,385484,318.0,376,322.0,376
4031,4029,4030,350.0,385861,322.0,376,318.0,377
4032,4030,4031,354.0,386237,318.0,377,318.0,376
4033,4031,4032,354.0,386614,318.0,376,322.0,376
4034,4032,4033,350.0,386991,322.0,376,318.0,377
4035,4033,4034,354.0,387367,318.0,377,318.0,376
4036,4034,4035,354.0,387744,318.0,376,330.0,252
4037,4035,4036,350.0,388121,330.0,252,318.0,374
4038,4036,4037,330.0,384652,318.0,374,322.0,374
4039,4037,4038,337.0,385026,322.0,374,330.0,374
4040,4038,4039,332.0,385401,330.0,374,318.0,374
4041,4039,4040,330.0,385776,318.0,374,322.0,374
4042,4040,4041,337.0,386150,322.0,374,318.0,374
4043,4041,4042,332.0,386525,318.0,374,322.0,374
4044,4042,4043,328.0,386900,322.0,374,318.0,375
4045,4043,4044,332.0,387274,318.0,375,318.0,374
4046,4044,4045,332.0,387649,318.0,374,305.0,153
4047,4045,4046,328.0,388024,305.0,153,318.0,371
4048,4046,4047,305.0,384553,318.0,371,299.0,371
4049,4047,4048,301.0,384925,299.0,371,322.0,371
4050,4048,4049,310.0,385296,322.0,371,303.0,371
4051,4049,4050,305.0,385668,303.0,371,318.0,371
4052,4050,4051,303.0,386040,318.0,371,322.0,371
4053,4051,4052,301.0,386412,322.0,371,318.0,372
4054,4052,4053,305.0,386783,318.0,372,303.0,371
4055,4053,4054,305.0,387155,303.0,371,318.0,371
4056,4054,4055,303.0,387527,318.0,371,293.0,453
4057,4055,4056,310.0,387898,293.0,453,487.0,2976
4058,4056,4057,293.0,384853,487.0,2976,465.0,287
4059,4057,4058,487.0,416672,465.0,287,460.0,1621
4060,4058,4059,465.0,388531,460.0,1621,459.0,1622
4061,4059,4060,460.0,390153,459.0,1622,428.0,1212
4062,4060,4061,460.0,391775,428.0,1212,428.0,1500
4063,4061,4062,428.0,364408,428.0,1500,389.0,538
4064,4062,4063,428.0,365908,389.0,538,387.0,1598
4065,4063,4064,391.0,363734,387.0,1598,380.0,165
4066,4064,4065,391.0,365332,380.0,165,322.0,265
4067,4065,4066,380.0,388409,322.0,265,352.0,376
4068,4066,4067,354.0,388509,352.0,376,318.0,376
4069,4067,4068,352.0,388886,318.0,376,322.0,376
4070,4068,4069,359.0,389262,322.0,376,352.0,376
4071,4069,4070,354.0,389639,352.0,376,318.0,376
4072,4070,4071,352.0,390016,318.0,376,322.0,376
4073,4071,4072,359.0,390392,322.0,376,352.0,376
4074,4072,4073,354.0,390769,352.0,376,318.0,376
4075,4073,4074,352.0,391146,318.0,376,322.0,376
4076,4074,4075,359.0,391522,322.0,376,330.0,187
4077,4075,4076,354.0,391899,330.0,187,318.0,374
4078,4076,4077,330.0,388431,318.0,374,322.0,374
4079,4077,4078,337.0,388805,322.0,374,318.0,374
4080,4078,4079,332.0,389180,318.0,374,326.0,374
4081,4079,4080,328.0,389555,326.0,374,322.0,374
4082,4080,4081,337.0,389929,322.0,374,318.0,374
4083,4081,4082,332.0,390304,318.0,374,322.0,374
4084,4082,4083,328.0,390679,322.0,374,330.0,374
4085,4083,4084,332.0,391053,330.0,374,318.0,374
4086,4084,4085,330.0,391428,318.0,374,310.0,88
4087,4085,4086,337.0,391802,310.0,88,322.0,371
4088,4086,4087,310.0,388332,322.0,371,303.0,371
4089,4087,4088,305.0,388704,303.0,371,318.0,371
4090,4088,4089,303.0,389076,318.0,371,322.0,371
4091,4089,4090,301.0,389448,322.0,371,318.0,372
4092,4090,4091,305.0,389819,318.0,372,303.0,371
4093,4091,4092,305.0,390191,303.0,371,318.0,371
4094,4092,4093,303.0,390563,318.0,371,322.0,371
4095,4093,4094,310.0,390934,322.0,371,318.0,372
4096,4094,4095,305.0,391306,318.0,372,318.0,371
4097,4095,4096,305.0,391678,318.0,371,487.0,1860
4098,4096,4097,301.0,392050,487.0,1860,369.0,1
4099,4097,4098,487.0,419652,369.0,1,459.0,1621
4100,4098,4099,369.0,103,459.0,1621,460.0,1621
4101,4099,4100,465.0,393715,460.0,1621,428.0,950
4102,4100,4101,460.0,395337,428.0,950,434.0,26
4103,4101,4102,428.0,367742,434.0,26,389.0,260
4104,4102,4103,434.0,6366,389.0,260,385.0,1598
4105,4103,4104,391.0,367052,385.0,1598,385.0,1599
4106,4104,4105,391.0,368651,385.0,1599,322.0,200
4107,4105,4106,391.0,370250,322.0,200,318.0,376
4108,4106,4107,352.0,392288,318.0,376,322.0,376
4109,4107,4108,359.0,392664,322.0,376,352.0,376
4110,4108,4109,354.0,393041,352.0,376,318.0,376
4111,4109,4110,352.0,393418,318.0,376,322.0,376
4112,4110,4111,359.0,393794,322.0,376,352.0,376
4113,4111,4112,354.0,394171,352.0,376,318.0,376
4114,4112,4113,352.0,394548,318.0,376,322.0,376
4115,4113,4114,359.0,394924,322.0,376,352.0,376
4116,4114,4115,354.0,395301,352.0,376,330.0,122
4117,4115,4116,352.0,395678,330.0,122,318.0,374
4118,4116,4117,330.0,392210,318.0,374,322.0,374
4119,4117,4118,337.0,392584,322.0,374,318.0,374
4120,4118,4119,332.0,392959,318.0,374,322.0,374
4121,4119,4120,328.0,393334,322.0,374,318.0,375
4122,4120,4121,332.0,393708,318.0,375,318.0,374
4123,4121,4122,332.0,394083,318.0,374,322.0,374
4124,4122,4123,328.0,394458,322.0,374,330.0,374
4125,4123,4124,332.0,394832,330.0,374,318.0,374
4126,4124,4125,330.0,395207,318.0,374,303.0,24
4127,4125,4126,337.0,395581,303.0,24,318.0,371
4128,4126,4127,303.0,392112,318.0,371,322.0,371
4129,4127,4128,301.0,392484,322.0,371,318.0,372
4130,4128,4129,305.0,392855,318.0,372,303.0,371
4131,4129,4130,305.0,393227,303.0,371,318.0,371
4132,4130,4131,303.0,393599,318.0,371,322.0,371
4133,4131,4132,310.0,393970,322.0,371,318.0,372
4134,4132,4133,305.0,394342,318.0,372,318.0,371
4135,4133,4134,305.0,394714,318.0,371,299.0,371
4136,4134,4135,301.0,395086,299.0,371,322.0,371
4137,4135,4136,310.0,395457,322.0,371,487.0,745
4138,4136,4137,305.0,395829,487.0,745,482.0,3023
4139,4137,4138,487.0,422633,482.0,3023,460.0,1346
4140,4138,4139,482.0,424911,460.0,1346,459.0,1621
4141,4139,4140,460.0,397278,459.0,1621,428.0,691
4142,4140,4141,465.0,398899,428.0,691,428.0,1500
4143,4141,4142,428.0,371079,428.0,1500,388.0,44
4144,4142,4143,428.0,372579,388.0,44,389.0,1581
4145,4143,4144,407.0,6430,389.0,1581,385.0,1599
4146,4144,4145,391.0,371969,385.0,1599,359.0,134
4147,4145,4146,391.0,373568,359.0,134,322.0,376
4148,4146,4147,359.0,396066,322.0,376,318.0,376
4149,4147,4148,354.0,396443,318.0,376,348.0,376
4150,4148,4149,350.0,396820,348.0,376,322.0,376
4151,4149,4150,359.0,397196,322.0,376,318.0,376
4152,4150,4151,354.0,397573,318.0,376,348.0,376
4153,4151,4152,350.0,397950,348.0,376,322.0,376
4154,4152,4153,359.0,398326,322.0,376,318.0,376
4155,4153,4154,354.0,398703,318.0,376,348.0,376
4156,4154,4155,350.0,399080,348.0,376,328.0,57
4157,4155,4156,359.0,399456,328.0,57,326.0,374
4158,4156,4157,328.0,395989,326.0,374,322.0,374
4159,4157,4158,337.0,396363,322.0,374,318.0,374
4160,4158,4159,332.0,396738,318.0,374,322.0,374
4161,4159,4160,328.0,397113,322.0,374,330.0,374
4162,4160,4161,332.0,397487,330.0,374,318.0,374
4163,4161,4162,330.0,397862,318.0,374,322.0,374
4164,4162,4163,337.0,398236,322.0,374,330.0,374
4165,4163,4164,332.0,398611,330.0,374,318.0,374
4166,4164,4165,330.0,398986,318.0,374,322.0,374
4167,4165,4166,337.0,399360,322.0,374,305.0,331
4168,4166,4167,332.0,399735,305.0,331,303.0,371
4169,4167,4168,305.0,396263,303.0,371,318.0,371
4170,4168,4169,303.0,396635,318.0,371,322.0,371
4171,4169,4170,310.0,397006,322.0,371,318.0,372
4172,4170,4171,305.0,397378,318.0,372,318.0,371
4173,4171,4172,305.0,397750,318.0,371,299.0,371
4174,4172,4173,301.0,398122,299.0,371,322.0,371
4175,4173,4174,310.0,398493,322.0,371,303.0,371
4176,4174,4175,305.0,398865,303.0,371,318.0,371
4177,4175,4176,303.0,399237,318.0,371,293.0,3479
4178,4176,4177,301.0,399609,293.0,3479,482.0,1926
4179,4177,4178,293.0,399411,482.0,1926,465.0,1064
4180,4178,4179,482.0,427910,465.0,1064,460.0,1621
4181,4179,4180,465.0,400840,460.0,1621,428.0,429
4182,4180,4181,460.0,402462,428.0,429,444.0,26
4183,4181,4182,428.0,374413,444.0,26,434.0,26
4184,4182,4183,444.0,6482,434.0,26,389.0,1304
4185,4183,4184,434.0,6507,389.0,1304,387.0,1598
4186,4184,4185,391.0,375288,387.0,1598,322.0,69
4187,4185,4186,391.0,376886,322.0,69,318.0,376
4188,4186,4187,354.0,399845,318.0,376,322.0,376
4189,4187,4188,350.0,400222,322.0,376,318.0,377
4190,4188,4189,354.0,400598,318.0,377,318.0,376
4191,4189,4190,354.0,400975,318.0,376,322.0,376
4192,4190,4191,350.0,401352,322.0,376,318.0,377
4193,4191,4192,354.0,401728,318.0,377,318.0,376
4194,4192,4193,354.0,402105,318.0,376,322.0,376
4195,4193,4194,350.0,402482,322.0,376,318.0,377
4196,4194,4195,354.0,402858,318.0,377,318.0,376
4197,4195,4196,354.0,403235,318.0,376,332.0,366
4198,4196,4197,350.0,403612,332.0,366,318.0,375
4199,4197,4198,332.0,400142,318.0,375,318.0,374
4200,4198,4199,332.0,400517,318.0,374,322.0,374
4201,4199,4200,328.0,400892,322.0,374,330.0,374
4202,4200,4201,332.0,401266,330.0,374,318.0,374
4203,4201,4202,330.0,401641,318.0,374,322.0,374
4204,4202,4203,337.0,402015,322.0,374,318.0,374
4205,4203,4204,332.0,402390,318.0,374,326.0,374
4206,4204,4205,328.0,402765,326.0,374,322.0,374
4207,4205,4206,337.0,403139,322.0,374,310.0,266
4208,4206,4207,332.0,403514,310.0,266,322.0,371
4209,4207,4208,310.0,400042,322.0,371,318.0,372
4210,4208,4209,305.0,400414,318.0,372,318.0,371
4211,4209,4210,305.0,400786,318.0,371,299.0,371
4212,4210,4211,301.0,401158,299.0,371,322.0,371
4213,4211,4212,310.0,401529,322.0,371,303.0,371
4214,4212,4213,305.0,401901,303.0,371,318.0,371
4215,4213,4214,303.0,402273,318.0,371,322.0,371
4216,4214,4215,301.0,402645,322.0,371,318.0,372
4217,4215,4216,305.0,403016,318.0,372,293.0,2382
4218,4216,4217,305.0,403388,293.0,2382,482.0,828
4219,4217,4218,293.0,402158,482.0,828,460.0,783
4220,4218,4219,482.0,430908,460.0,783,459.0,1621
4221,4219,4220,460.0,404403,459.0,1621,428.0,170
4222,4220,4221,465.0,406024,428.0,170,428.0,1500
4223,4221,4222,428.0,377750,428.0,1500,428.0,1500
4224,4222,4223,428.0,379250,428.0,1500,389.0,1026
4225,4223,4224,428.0,380750,389.0,1026,385.0,1598
4226,4224,4225,391.0,378606,385.0,1598,359.0,3
4227,4225,4226,391.0,380205,359.0,3,322.0,376
4228,4226,4227,359.0,403623,322.0,376,352.0,376
4229,4227,4228,354.0,404000,352.0,376,318.0,376
4230,4228,4229,352.0,404377,318.0,376,322.0,376
4231,4229,4230,350.0,404754,322.0,376,352.0,376
4232,4230,4231,354.0,405130,352.0,376,318.0,376
4233,4231,4232,352.0,405507,318.0,376,322.0,376
4234,4232,4233,350.0,405884,322.0,376,352.0,376
4235,4233,4234,354.0,406260,352.0,376,318.0,376
4236,4234,4235,352.0,406637,318.0,376,322.0,376
4237,4235,4236,350.0,407014,322.0,376,332.0,301
4238,4236,4237,354.0,407390,332.0,301,330.0,374
4239,4237,4238,332.0,403921,330.0,374,318.0,374
4240,4238,4239,330.0,404296,318.0,374,322.0,374
4241,4239,4240,337.0,404670,322.0,374,330.0,374
4242,4240,4241,332.0,405045,330.0,374,318.0,374
4243,4241,4242,330.0,405420,318.0,374,322.0,374
4244,4242,4243,337.0,405794,322.0,374,318.0,374
4245,4243,4244,332.0,406169,318.0,374,322.0,374
4246,4244,4245,328.0,406544,322.0,374,318.0,375
4247,4245,4246,332.0,406918,318.0,375,305.0,202
4248,4246,4247,332.0,407293,305.0,202,318.0,371
4249,4247,4248,305.0,403822,318.0,371,299.0,371
4250,4248,4249,301.0,404194,299.0,371,322.0,371
4251,4249,4250,310.0,404565,322.0,371,303.0,371
4252,4250,4251,305.0,404937,303.0,371,318.0,371
4253,4251,4252,303.0,405309,318.0,371,322.0,371
4254,4252,4253,301.0,405681,322.0,371,318.0,372
4255,4253,4254,305.0,406052,318.0,372,303.0,371
4256,4254,4255,305.0,406424,303.0,371,318.0,371
4257,4255,4256,303.0,406796,318.0,371,293.0,1285
4258,4256,4257,310.0,407167,293.0,1285,487.0,3822
4259,4257,4258,293.0,404905,487.0,3822,465.0,501
4260,4258,4259,487.0,437998,465.0,501,460.0,1621
4261,4259,4260,465.0,407965,460.0,1621,459.0,1621
4262,4260,4261,460.0,409587,459.0,1621,428.0,1408
4263,4261,4262,465.0,411208,428.0,1408,434.0,26
4264,4262,4263,428.0,382584,434.0,26,389.0,748
4265,4263,4264,434.0,6622,389.0,748,385.0,1599
4266,4264,4265,391.0,381924,385.0,1599,380.0,1810
4267,4265,4266,391.0,383523,380.0,1810,322.0,315
4268,4266,4267,380.0,409274,322.0,315,318.0,376
4269,4267,4268,352.0,407779,318.0,376,322.0,376
4270,4268,4269,359.0,408155,322.0,376,352.0,376
4271,4269,4270,354.0,408532,352.0,376,318.0,376
4272,4270,4271,352.0,408909,318.0,376,322.0,376
4273,4271,4272,359.0,409285,322.0,376,352.0,376
4274,4272,4273,354.0,409662,352.0,376,318.0,376
4275,4273,4274,352.0,410039,318.0,376,322.0,376
4276,4274,4275,359.0,410415,322.0,376,352.0,376
4277,4275,4276,354.0,410792,352.0,376,332.0,236
4278,4276,4277,352.0,411169,332.0,236,330.0,374
4279,4277,4278,332.0,407700,330.0,374,318.0,374
4280,4278,4279,330.0,408075,318.0,374,322.0,374
4281,4279,4280,337.0,408449,322.0,374,318.0,374
4282,4280,4281,332.0,408824,318.0,374,326.0,374
4283,4281,4282,328.0,409199,326.0,374,322.0,374
4284,4282,4283,337.0,409573,322.0,374,318.0,374
4285,4283,4284,332.0,409948,318.0,374,322.0,374
4286,4284,4285,328.0,410323,322.0,374,330.0,374
4287,4285,4286,332.0,410697,330.0,374,310.0,137
4288,4286,4287,330.0,411072,310.0,137,322.0,371
4289,4287,4288,310.0,407601,322.0,371,303.0,371
4290,4288,4289,305.0,407973,303.0,371,318.0,371
4291,4289,4290,303.0,408345,318.0,371,322.0,371
4292,4290,4291,301.0,408717,322.0,371,318.0,372
4293,4291,4292,305.0,409088,318.0,372,303.0,371
4294,4292,4293,305.0,409460,303.0,371,318.0,371
4295,4293,4294,303.0,409832,318.0,371,322.0,371
4296,4294,4295,310.0,410203,322.0,371,318.0,372
4297,4295,4296,305.0,410575,318.0,372,293.0,188
4298,4296,4297,305.0,410947,293.0,188,487.0,2707
4299,4297,4298,293.0,407652,487.0,2707,460.0,220
4300,4298,4299,487.0,440979,460.0,220,459.0,1621
4301,4299,4300,460.0,411528,459.0,1621,460.0,1621
4302,4300,4301,465.0,413149,460.0,1621,428.0,1149
4303,4301,4302,460.0,414771,428.0,1149,428.0,1500
4304,4302,4303,428.0,385921,428.0,1500,389.0,471
4305,4303,4304,428.0,387421,389.0,471,385.0,1599
4306,4304,4305,391.0,385243,385.0,1599,397.0,13
4307,4305,4306,391.0,386842,397.0,13,359.0,249
4308,4306,4307,397.0,6647,359.0,249,322.0,376
4309,4307,4308,359.0,411557,322.0,376,318.0,376
4310,4308,4309,354.0,411934,318.0,376,348.0,376
4311,4309,4310,350.0,412311,348.0,376,322.0,376
4312,4310,4311,359.0,412687,322.0,376,350.0,376
4313,4311,4312,354.0,413064,350.0,376,318.0,376
4314,4312,4313,350.0,413441,318.0,376,322.0,376
4315,4313,4314,359.0,413817,322.0,376,352.0,376
4316,4314,4315,354.0,414194,352.0,376,318.0,376
4317,4315,4316,352.0,414571,318.0,376,332.0,171
4318,4316,4317,359.0,414947,332.0,171,330.0,374
4319,4317,4318,332.0,411479,330.0,374,318.0,374
4320,4318,4319,330.0,411854,318.0,374,322.0,374
4321,4319,4320,337.0,412228,322.0,374,318.0,374
4322,4320,4321,332.0,412603,318.0,374,322.0,374
4323,4321,4322,328.0,412978,322.0,374,318.0,375
4324,4322,4323,332.0,413352,318.0,375,318.0,374
4325,4323,4324,332.0,413727,318.0,374,322.0,374
4326,4324,4325,328.0,414102,322.0,374,330.0,374
4327,4325,4326,332.0,414476,330.0,374,303.0,73
4328,4326,4327,330.0,414851,303.0,73,318.0,371
4329,4327,4328,303.0,411381,318.0,371,322.0,371
4330,4328,4329,301.0,411753,322.0,371,318.0,372
4331,4329,4330,305.0,412124,318.0,372,303.0,371
4332,4330,4331,305.0,412496,303.0,371,318.0,371
4333,4331,4332,303.0,412868,318.0,371,322.0,371
4334,4332,4333,310.0,413239,322.0,371,318.0,372
4335,4333,4334,305.0,413611,318.0,372,318.0,371
4336,4334,4335,305.0,413983,318.0,371,299.0,371
4337,4335,4336,301.0,414355,299.0,371,322.0,371
4338,4336,4337,310.0,414726,322.0,371,487.0,1592
4339,4337,4338,305.0,415098,487.0,1592,482.0,3856
4340,4338,4339,487.0,443960,482.0,3856,460.0,1560
4341,4339,4340,482.0,446224,460.0,1560,459.0,1621
4342,4340,4341,460.0,416712,459.0,1621,428.0,887
4343,4341,4342,465.0,418333,428.0,887,434.0,26
4344,4342,4343,428.0,389255,434.0,26,389.0,193
4345,4343,4344,434.0,6737,389.0,193,385.0,1599
4346,4344,4345,391.0,388561,385.0,1599,385.0,1598
4347,4345,4346,391.0,390160,385.0,1598,322.0,184
4348,4346,4347,391.0,391759,322.0,184,318.0,376
4349,4347,4348,354.0,415336,318.0,376,348.0,376
4350,4348,4349,350.0,415713,348.0,376,322.0,376
4351,4349,4350,359.0,416089,322.0,376,318.0,376
4352,4350,4351,354.0,416466,318.0,376,348.0,376
4353,4351,4352,350.0,416843,348.0,376,322.0,376
4354,4352,4353,359.0,417219,322.0,376,318.0,376
4355,4353,4354,354.0,417596,318.0,376,348.0,376
4356,4354,4355,350.0,417973,348.0,376,322.0,376
4357,4355,4356,359.0,418349,322.0,376,332.0,106
4358,4356,4357,354.0,418726,332.0,106,330.0,374
4359,4357,4358,332.0,415258,330.0,374,318.0,374
4360,4358,4359,330.0,415633,318.0,374,322.0,374
4361,4359,4360,337.0,416007,322.0,374,318.0,374
4362,4360,4361,332.0,416382,318.0,374,322.0,374
4363,4361,4362,328.0,416757,322.0,374,330.0,374
4364,4362,4363,332.0,417131,330.0,374,318.0,374
4365,4363,4364,330.0,417506,318.0,374,322.0,374
4366,4364,4365,337.0,417880,322.0,374,330.0,374
4367,4365,4366,332.0,418255,330.0,374,310.0,8
4368,4366,4367,330.0,418630,310.0,8,322.0,371
4369,4367,4368,310.0,415160,322.0,371,303.0,371
4370,4368,4369,305.0,415532,303.0,371,318.0,371
4371,4369,4370,303.0,415904,318.0,371,322.0,371
4372,4370,4371,310.0,416275,322.0,371,318.0,372
4373,4371,4372,305.0,416647,318.0,372,318.0,371
4374,4372,4373,305.0,417019,318.0,371,299.0,371
4375,4373,4374,301.0,417391,299.0,371,322.0,371
4376,4374,4375,310.0,417762,322.0,371,303.0,371
4377,4375,4376,305.0,418134,303.0,371,318.0,371
4378,4376,4377,303.0,418506,318.0,371,487.0,476
4379,4377,4378,301.0,418878,487.0,476,482.0,2759
4380,4378,4379,487.0,446940,482.0,2759,460.0,1278
4381,4379,4380,482.0,449223,460.0,1278,459.0,1622
4382,4380,4381,460.0,420274,459.0,1622,428.0,628
4383,4381,4382,460.0,421896,428.0,628,428.0,1500
4384,4382,4383,428.0,392592,428.0,1500,387.0,36
4385,4383,4384,428.0,394092,387.0,36,389.0,1514
4386,4384,4385,412.0,6794,389.0,1514,385.0,1599
4387,4385,4386,391.0,393478,385.0,1599,318.0,119
4388,4386,4387,391.0,395077,318.0,119,322.0,376
4389,4387,4388,350.0,419115,322.0,376,318.0,377
4390,4388,4389,354.0,419491,318.0,377,318.0,376
4391,4389,4390,354.0,419868,318.0,376,322.0,376
4392,4390,4391,350.0,420245,322.0,376,318.0,377
4393,4391,4392,354.0,420621,318.0,377,318.0,376
4394,4392,4393,354.0,420998,318.0,376,322.0,376
4395,4393,4394,350.0,421375,322.0,376,318.0,377
4396,4394,4395,354.0,421751,318.0,377,318.0,376
4397,4395,4396,354.0,422128,318.0,376,332.0,41
4398,4396,4397,350.0,422505,332.0,41,318.0,374
4399,4397,4398,332.0,419037,318.0,374,326.0,374
4400,4398,4399,328.0,419412,326.0,374,322.0,374
4401,4399,4400,333.0,419786,322.0,374,318.0,374
4402,4400,4401,332.0,420161,318.0,374,322.0,374
4403,4401,4402,328.0,420536,322.0,374,330.0,374
4404,4402,4403,332.0,420910,330.0,374,318.0,374
4405,4403,4404,330.0,421285,318.0,374,322.0,374
4406,4404,4405,337.0,421659,322.0,374,318.0,374
4407,4405,4406,332.0,422034,318.0,374,326.0,374
4408,4406,4407,328.0,422409,326.0,374,310.0,315
4409,4407,4408,337.0,422783,310.0,315,322.0,371
4410,4408,4409,310.0,419311,322.0,371,318.0,372
4411,4409,4410,305.0,419683,318.0,372,318.0,371
4412,4410,4411,305.0,420055,318.0,371,299.0,371
4413,4411,4412,301.0,420427,299.0,371,322.0,371
4414,4412,4413,310.0,420798,322.0,371,303.0,371
4415,4413,4414,305.0,421170,303.0,371,318.0,371
4416,4414,4415,303.0,421542,318.0,371,322.0,371
4417,4415,4416,301.0,421914,322.0,371,318.0,372
4418,4416,4417,305.0,422285,318.0,372,293.0,3215
4419,4417,4418,305.0,422657,293.0,3215,482.0,1661
4420,4418,4419,293.0,422211,482.0,1661,460.0,997
4421,4419,4420,482.0,452221,460.0,997,459.0,1621
4422,4420,4421,460.0,423837,459.0,1621,428.0,366
4423,4421,4422,462.0,425458,428.0,366,434.0,26
4424,4422,4423,428.0,395926,434.0,26,434.0,26
4425,4423,4424,434.0,6852,434.0,26,389.0,1237
4426,4424,4425,434.0,6878,389.0,1237,385.0,1599
4427,4425,4426,391.0,396797,385.0,1599,322.0,53
4428,4426,4427,391.0,398396,322.0,53,352.0,376
4429,4427,4428,354.0,422893,352.0,376,318.0,376
4430,4428,4429,352.0,423270,318.0,376,322.0,376
4431,4429,4430,350.0,423647,322.0,376,352.0,376
4432,4430,4431,354.0,424023,352.0,376,318.0,376
4433,4431,4432,352.0,424400,318.0,376,322.0,376
4434,4432,4433,350.0,424777,322.0,376,352.0,376
4435,4433,4434,354.0,425153,352.0,376,318.0,376
4436,4434,4435,352.0,425530,318.0,376,322.0,376
4437,4435,4436,350.0,425907,322.0,376,318.0,377
4438,4436,4437,354.0,426283,318.0,377,328.0,351
4439,4437,4438,354.0,426660,328.0,351,322.0,374
4440,4438,4439,328.0,423191,322.0,374,318.0,375
4441,4439,4440,332.0,423565,318.0,375,318.0,374
4442,4440,4441,332.0,423940,318.0,374,322.0,374
4443,4441,4442,328.0,424315,322.0,374,330.0,374
4444,4442,4443,332.0,424689,330.0,374,318.0,374
4445,4443,4444,330.0,425064,318.0,374,322.0,374
4446,4444,4445,337.0,425438,322.0,374,318.0,374
4447,4445,4446,332.0,425813,318.0,374,322.0,374
4448,4446,4447,328.0,426188,322.0,374,305.0,251
4449,4447,4448,332.0,426562,305.0,251,318.0,371
4450,4448,4449,305.0,423091,318.0,371,299.0,371
4451,4449,4450,301.0,423463,299.0,371,322.0,371
4452,4450,4451,310.0,423834,322.0,371,303.0,371
4453,4451,4452,305.0,424206,303.0,371,318.0,371
4454,4452,4453,303.0,424578,318.0,371,322.0,371
4455,4453,4454,301.0,424950,322.0,371,318.0,372
4456,4454,4455,305.0,425321,318.0,372,303.0,371
4457,4455,4456,305.0,425693,303.0,371,318.0,371
4458,4456,4457,303.0,426065,318.0,371,293.0,2119
4459,4457,4458,310.0,426436,293.0,2119,482.0,564
4460,4458,4459,293.0,424959,482.0,564,460.0,715
4461,4459,4460,482.0,455220,460.0,715,459.0,1622
4462,4460,4461,460.0,427399,459.0,1622,428.0,107
4463,4461,4462,460.0,429021,428.0,107,428.0,1500
4464,4462,4463,428.0,399263,428.0,1500,428.0,1500
4465,4463,4464,428.0,400763,428.0,1500,389.0,959
4466,4464,4465,428.0,402263,389.0,959,385.0,1599
4467,4465,4466,391.0,400115,385.0,1599,380.0,3455
4468,4466,4467,391.0,401714,380.0,3455,359.0,364
4469,4467,4468,380.0,430139,359.0,364,322.0,376
4470,4468,4469,359.0,427048,322.0,376,352.0,376
4471,4469,4470,354.0,427425,352.0,376,318.0,376
4472,4470,4471,352.0,427802,318.0,376,322.0,376
4473,4471,4472,359.0,428178,322.0,376,352.0,376
4474,4472,4473,354.0,428555,352.0,376,318.0,376
4475,4473,4474,352.0,428932,318.0,376,322.0,376
4476,4474,4475,359.0,429308,322.0,376,352.0,376
4477,4475,4476,354.0,429685,352.0,376,318.0,376
4478,4476,4477,352.0,430062,318.0,376,328.0,286
4479,4477,4478,359.0,430438,328.0,286,322.0,374
4480,4478,4479,328.0,426970,322.0,374,330.0,374
4481,4479,4480,332.0,427344,330.0,374,318.0,374
4482,4480,4481,330.0,427719,318.0,374,322.0,374
4483,4481,4482,337.0,428093,322.0,374,330.0,374
4484,4482,4483,332.0,428468,330.0,374,318.0,374
4485,4483,4484,330.0,428843,318.0,374,322.0,374
4486,4484,4485,337.0,429217,322.0,374,318.0,374
4487,4485,4486,332.0,429592,318.0,374,322.0,374
4488,4486,4487,328.0,429967,322.0,374,310.0,186
4489,4487,4488,332.0,430341,310.0,186,322.0,371
4490,4488,4489,310.0,426870,322.0,371,303.0,371
4491,4489,4490,305.0,427242,303.0,371,318.0,371
4492,4490,4491,303.0,427614,318.0,371,299.0,371
4493,4491,4492,301.0,427986,299.0,371,322.0,371
4494,4492,4493,310.0,428357,322.0,371,303.0,371
4495,4493,4494,305.0,428729,303.0,371,318.0,371
4496,4494,4495,303.0,429101,318.0,371,322.0,371
4497,4495,4496,310.0,429472,322.0,371,318.0,372
4498,4496,4497,305.0,429844,318.0,372,293.0,1022
4499,4497,4498,305.0,430216,293.0,1022,487.0,3554
4500,4498,4499,293.0,427706,487.0,3554,465.0,433
4501,4499,4500,487.0,462306,465.0,433,460.0,1621
4502,4500,4501,465.0,430961,460.0,1621,459.0,1622
4503,4501,4502,460.0,432583,459.0,1622,434.0,23
4504,4502,4503,460.0,434205,434.0,23,434.0,26
4505,4503,4504,434.0,6967,434.0,26,389.0,682
4506,4504,4505,434.0,6993,389.0,682,387.0,1598
4507,4505,4506,391.0,403434,387.0,1598,380.0,1289
4508,4506,4507,391.0,405032,380.0,1289,322.0,299
4509,4507,4508,380.0,431817,322.0,299,350.0,376
4510,4508,4509,354.0,430827,350.0,376,318.0,376
4511,4509,4510,350.0,431204,318.0,376,322.0,376
4512,4510,4511,359.0,431580,322.0,376,352.0,376
4513,4511,4512,354.0,431957,352.0,376,318.0,376
4514,4512,4513,352.0,432334,318.0,376,322.0,376
4515,4513,4514,359.0,432710,322.0,376,352.0,376
4516,4514,4515,354.0,433087,352.0,376,318.0,376
4517,4515,4516,352.0,433464,318.0,376,322.0,376
4518,4516,4517,359.0,433840,322.0,376,328.0,221
4519,4517,4518,354.0,434217,328.0,221,322.0,374
4520,4518,4519,328.0,430749,322.0,374,330.0,374
4521,4519,4520,332.0,431123,330.0,374,318.0,374
4522,4520,4521,330.0,431498,318.0,374,322.0,374
4523,4521,4522,337.0,431872,322.0,374,318.0,374
4524,4522,4523,332.0,432247,318.0,374,326.0,374
4525,4523,4524,328.0,432622,326.0,374,322.0,374
4526,4524,4525,337.0,432996,322.0,374,318.0,374
4527,4525,4526,332.0,433371,318.0,374,322.0,374
4528,4526,4527,328.0,433746,322.0,374,303.0,122
4529,4527,4528,332.0,434120,303.0,122,318.0,371
4530,4528,4529,303.0,430650,318.0,371,299.0,371
4531,4529,4530,301.0,431022,299.0,371,322.0,371
4532,4530,4531,310.0,431393,322.0,371,303.0,371
4533,4531,4532,305.0,431765,303.0,371,318.0,371
4534,4532,4533,303.0,432137,318.0,371,322.0,371
4535,4533,4534,310.0,432508,322.0,371,318.0,372
4536,4534,4535,305.0,432880,318.0,372,318.0,371
4537,4535,4536,305.0,433252,318.0,371,299.0,371
4538,4536,4537,301.0,433624,299.0,371,322.0,371
4539,4537,4538,310.0,433995,322.0,371,487.0,2439
4540,4538,4539,305.0,434367,487.0,2439,460.0,152
4541,4539,4540,487.0,465287,460.0,152,459.0,1621
4542,4540,4541,460.0,434524,459.0,1621,460.0,1621
4543,4541,4542,465.0,436145,460.0,1621,428.0,1086
4544,4542,4543,460.0,437767,428.0,1086,428.0,1500
4545,4543,4544,428.0,407434,428.0,1500,389.0,404
4546,4544,4545,428.0,408934,389.0,404,385.0,1598
4547,4545,4546,391.0,406752,385.0,1598,402.0,6
4548,4546,4547,391.0,408351,402.0,6,318.0,234
4549,4547,4548,402.0,7012,318.0,234,348.0,376
4550,4548,4549,350.0,434606,348.0,376,322.0,376
4551,4549,4550,359.0,434982,322.0,376,318.0,376
4552,4550,4551,354.0,435359,318.0,376,348.0,376
4553,4551,4552,350.0,435736,348.0,376,322.0,376
4554,4552,4553,359.0,436112,322.0,376,318.0,376
4555,4553,4554,354.0,436489,318.0,376,348.0,376
4556,4554,4555,350.0,436866,348.0,376,322.0,376
4557,4555,4556,359.0,437242,322.0,376,318.0,376
4558,4556,4557,354.0,437619,318.0,376,337.0,155
4559,4557,4558,350.0,437996,337.0,155,322.0,374
4560,4558,4559,337.0,434527,322.0,374,330.0,374
4561,4559,4560,332.0,434902,330.0,374,318.0,374
4562,4560,4561,330.0,435277,318.0,374,322.0,374
4563,4561,4562,337.0,435651,322.0,374,318.0,374
4564,4562,4563,332.0,436026,318.0,374,322.0,374
4565,4563,4564,328.0,436401,322.0,374,318.0,375
4566,4564,4565,332.0,436775,318.0,375,318.0,374
4567,4565,4566,332.0,437150,318.0,374,322.0,374
4568,4566,4567,328.0,437525,322.0,374,310.0,57
4569,4567,4568,332.0,437899,310.0,57,322.0,371
4570,4568,4569,310.0,434429,322.0,371,303.0,371
4571,4569,4570,305.0,434801,303.0,371,318.0,371
4572,4570,4571,303.0,435173,318.0,371,322.0,371
4573,4571,4572,310.0,435544,322.0,371,318.0,372
4574,4572,4573,305.0,435916,318.0,372,318.0,371
4575,4573,4574,305.0,436288,318.0,371,299.0,371
4576,4574,4575,301.0,436660,299.0,371,322.0,371
4577,4575,4576,310.0,437031,322.0,371,303.0,371
4578,4576,4577,305.0,437403,303.0,371,318.0,371
4579,4577,4578,303.0,437775,318.0,371,487.0,1324
4580,4578,4579,301.0,438147,487.0,1324,482.0,3592
4581,4579,4580,487.0,468268,482.0,3592,460.0,1492
4582,4580,4581,482.0,470536,460.0,1492,459.0,1622
4583,4581,4582,460.0,439708,459.0,1622,434.0,14
4584,4582,4583,460.0,441330,434.0,14,434.0,26
4585,4583,4584,434.0,7082,434.0,26,389.0,126
4586,4584,4585,434.0,7108,389.0,126,385.0,1599
4587,4585,4586,391.0,410070,385.0,1599,385.0,1599
4588,4586,4587,391.0,411669,385.0,1599,322.0,168
4589,4587,4588,391.0,413268,322.0,168,318.0,377
4590,4588,4589,354.0,438384,318.0,377,318.0,376
4591,4589,4590,354.0,438761,318.0,376,322.0,376
4592,4590,4591,350.0,439138,322.0,376,318.0,377
4593,4591,4592,354.0,439514,318.0,377,318.0,376
4594,4592,4593,354.0,439891,318.0,376,322.0,376
4595,4593,4594,350.0,440268,322.0,376,318.0,377
4596,4594,4595,354.0,440644,318.0,377,318.0,376
4597,4595,4596,354.0,441021,318.0,376,322.0,376
4598,4596,4597,350.0,441398,322.0,376,337.0,90
4599,4597,4598,354.0,441774,337.0,90,322.0,374
4600,4598,4599,337.0,438306,322.0,374,330.0,374
4601,4599,4600,332.0,438681,330.0,374,318.0,374
4602,4600,4601,330.0,439056,318.0,374,322.0,374
4603,4601,4602,337.0,439430,322.0,374,318.0,374
4604,4602,4603,332.0,439805,318.0,374,322.0,374
4605,4603,4604,328.0,440180,322.0,374,330.0,374
4606,4604,4605,332.0,440554,330.0,374,318.0,374
4607,4605,4606,330.0,440929,318.0,374,322.0,374
4608,4606,4607,337.0,441303,322.0,374,330.0,374
4609,4607,4608,332.0,441678,330.0,374,301.0,365
4610,4608,4609,330.0,442053,301.0,365,322.0,371
4611,4609,4610,301.0,438581,322.0,371,318.0,372
4612,4610,4611,305.0,438952,318.0,372,318.0,371
4613,4611,4612,305.0,439324,318.0,371,299.0,371
4614,4612,4613,301.0,439696,299.0,371,322.0,371
4615,4613,4614,310.0,440067,322.0,371,303.0,371
4616,4614,4615,305.0,440439,303.0,371,318.0,371
4617,4615,4616,303.0,440811,318.0,371,299.0,371
4618,4616,4617,301.0,441183,299.0,371,322.0,371
4619,4617,4618,310.0,441554,322.0,371,487.0,208
4620,4618,4619,305.0,441926,487.0,208,482.0,2495
4621,4619,4620,487.0,471248,482.0,2495,465.0,1210
4622,4620,4621,482.0,473535,465.0,1210,460.0,1621
4623,4621,4622,465.0,443270,460.0,1621,428.0,565
4624,4622,4623,460.0,444892,428.0,565,428.0,1500
4625,4623,4624,428.0,414105,428.0,1500,428.0,1500
4626,4624,4625,428.0,415605,428.0,1500,389.0,1448
4627,4625,4626,428.0,417105,389.0,1448,387.0,1598
4628,4626,4627,391.0,414988,387.0,1598,322.0,103
4629,4627,4628,391.0,416586,322.0,103,318.0,376
4630,4628,4629,352.0,442163,318.0,376,322.0,376
4631,4629,4630,350.0,442540,322.0,376,352.0,376
4632,4630,4631,354.0,442916,352.0,376,318.0,376
4633,4631,4632,352.0,443293,318.0,376,322.0,376
4634,4632,4633,350.0,443670,322.0,376,353.0,376
4635,4633,4634,354.0,444046,353.0,376,318.0,376
4636,4634,4635,353.0,444423,318.0,376,322.0,376
4637,4635,4636,350.0,444800,322.0,376,318.0,377
4638,4636,4637,354.0,445176,318.0,377,337.0,25
4639,4637,4638,354.0,445553,337.0,25,322.0,374
4640,4638,4639,337.0,442085,322.0,374,318.0,374
4641,4639,4640,332.0,442460,318.0,374,326.0,374
4642,4640,4641,328.0,442835,326.0,374,322.0,374
4643,4641,4642,333.0,443209,322.0,374,318.0,374
4644,4642,4643,332.0,443584,318.0,374,322.0,374
4645,4643,4644,328.0,443959,322.0,374,330.0,374
4646,4644,4645,332.0,444333,330.0,374,318.0,374
4647,4645,4646,330.0,444708,318.0,374,322.0,374
4648,4646,4647,337.0,445082,322.0,374,318.0,374
4649,4647,4648,332.0,445457,318.0,374,305.0,300
4650,4648,4649,328.0,445832,305.0,300,318.0,371
4651,4649,4650,305.0,442360,318.0,371,299.0,371
4652,4650,4651,301.0,442732,299.0,371,322.0,371
4653,4651,4652,310.0,443103,322.0,371,318.0,372
4654,4652,4653,305.0,443475,318.0,372,318.0,371
4655,4653,4654,305.0,443847,318.0,371,299.0,371
4656,4654,4655,301.0,444219,299.0,371,322.0,371
4657,4655,4656,310.0,444590,322.0,371,303.0,371
4658,4656,4657,305.0,444962,303.0,371,318.0,371
4659,4657,4658,303.0,445334,318.0,371,293.0,2952
4660,4658,4659,310.0,445705,293.0,2952,482.0,1398
4661,4659,4660,293.0,445012,482.0,1398,460.0,929
4662,4660,4661,482.0,476534,460.0,929,459.0,1621
4663,4661,4662,460.0,446833,459.0,1621,434.0,5
4664,4662,4663,465.0,448454,434.0,5,434.0,26
4665,4663,4664,434.0,7197,434.0,26,428.0,1503
4666,4664,4665,434.0,7223,428.0,1503,389.0,1170
4667,4665,4666,428.0,420442,389.0,1170,385.0,1598
4668,4666,4667,391.0,418306,385.0,1598,359.0,37
4669,4667,4668,391.0,419905,359.0,37,322.0,376
4670,4668,4669,359.0,445941,322.0,376,352.0,376
4671,4669,4670,354.0,446318,352.0,376,318.0,376
4672,4670,4671,352.0,446695,318.0,376,322.0,376
4673,4671,4672,359.0,447071,322.0,376,352.0,376
4674,4672,4673,354.0,447448,352.0,376,318.0,376
4675,4673,4674,352.0,447825,318.0,376,322.0,376
4676,4674,4675,359.0,448201,322.0,376,352.0,376
4677,4675,4676,354.0,448578,352.0,376,318.0,376
4678,4676,4677,352.0,448955,318.0,376,322.0,376
4679,4677,4678,359.0,449331,322.0,376,332.0,335
4680,4678,4679,354.0,449708,332.0,335,318.0,374
4681,4679,4680,332.0,446239,318.0,374,322.0,374
4682,4680,4681,328.0,446614,322.0,374,318.0,375
4683,4681,4682,332.0,446988,318.0,375,318.0,374
4684,4682,4683,332.0,447363,318.0,374,322.0,374
4685,4683,4684,337.0,447737,322.0,374,330.0,374
4686,4684,4685,332.0,448112,330.0,374,318.0,374
4687,4685,4686,330.0,448487,318.0,374,322.0,374
4688,4686,4687,337.0,448861,322.0,374,318.0,374
4689,4687,4688,332.0,449236,318.0,374,310.0,235
4690,4688,4689,328.0,449611,310.0,235,322.0,371
4691,4689,4690,310.0,446139,322.0,371,318.0,372
4692,4690,4691,305.0,446511,318.0,372,318.0,371
4693,4691,4692,305.0,446883,318.0,371,299.0,371
4694,4692,4693,301.0,447255,299.0,371,322.0,371
4695,4693,4694,310.0,447626,322.0,371,303.0,371
4696,4694,4695,305.0,447998,303.0,371,318.0,371
4697,4695,4696,303.0,448370,318.0,371,322.0,371
4698,4696,4697,310.0,448741,322.0,371,318.0,372
4699,4697,4698,305.0,449113,318.0,372,293.0,1855
4700,4698,4699,305.0,449485,293.0,1855,482.0,300
4701,4699,4700,293.0,447759,482.0,300,465.0,647
4702,4700,4701,482.0,479532,465.0,647,460.0,1621
4703,4701,4702,465.0,450395,460.0,1621,426.0,44
4704,4702,4703,460.0,452017,426.0,44,428.0,1500
4705,4703,4704,428.0,420776,428.0,1500,428.0,1500
4706,4704,4705,428.0,422276,428.0,1500,389.0,892
4707,4705,4706,428.0,423776,389.0,892,385.0,1599
4708,4706,4707,391.0,421624,385.0,1599,380.0,2934
4709,4707,4708,391.0,423223,380.0,2934,322.0,349
4710,4708,4709,380.0,452682,322.0,349,318.0,376
4711,4709,4710,352.0,450097,318.0,376,322.0,376
4712,4710,4711,359.0,450473,322.0,376,352.0,376
4713,4711,4712,354.0,450850,352.0,376,318.0,376
4714,4712,4713,352.0,451227,318.0,376,322.0,376
4715,4713,4714,359.0,451603,322.0,376,352.0,376
4716,4714,4715,354.0,451980,352.0,376,318.0,376
4717,4715,4716,352.0,452357,318.0,376,322.0,376
4718,4716,4717,359.0,452733,322.0,376,352.0,376
4719,4717,4718,354.0,453110,352.0,376,332.0,270
4720,4718,4719,352.0,453487,332.0,270,318.0,374
4721,4719,4720,332.0,450018,318.0,374,322.0,374
4722,4720,4721,328.0,450393,322.0,374,330.0,374
4723,4721,4722,332.0,450767,330.0,374,318.0,374
4724,4722,4723,330.0,451142,318.0,374,322.0,374
4725,4723,4724,337.0,451516,322.0,374,330.0,374
4726,4724,4725,332.0,451891,330.0,374,318.0,374
4727,4725,4726,330.0,452266,318.0,374,322.0,374
4728,4726,4727,337.0,452640,322.0,374,318.0,374
4729,4727,4728,332.0,453015,318.0,374,305.0,171
4730,4728,4729,328.0,453390,305.0,171,318.0,371
4731,4729,4730,305.0,449919,318.0,371,299.0,371
4732,4730,4731,301.0,450291,299.0,371,322.0,371
4733,4731,4732,310.0,450662,322.0,371,303.0,371
4734,4732,4733,305.0,451034,303.0,371,318.0,371
4735,4733,4734,303.0,451406,318.0,371,322.0,371
4736,4734,4735,310.0,451777,322.0,371,318.0,372
4737,4735,4736,305.0,452149,318.0,372,318.0,371
4738,4736,4737,305.0,452521,318.0,371,299.0,371
4739,4737,4738,301.0,452893,299.0,371,293.0,758
4740,4738,4739,310.0,453264,293.0,758,487.0,3286
4741,4739,4740,293.0,450506,487.0,3286,460.0,366
4742,4740,4741,487.0,486614,460.0,366,459.0,1621
4743,4741,4742,460.0,453958,459.0,1621,460.0,1621
4744,4742,4743,465.0,455579,460.0,1621,434.0,22
4745,4743,4744,460.0,457201,434.0,22,439.0,26
4746,4744,4745,434.0,7338,439.0,26,389.0,615
4747,4745,4746,439.0,7364,389.0,615,385.0,1599
4748,4746,4747,391.0,424943,385.0,1599,380.0,768
4749,4747,4748,391.0,426542,380.0,768,355.0,283
4750,4748,4749,380.0,454360,355.0,283,322.0,376
4751,4749,4750,355.0,453875,322.0,376,318.0,376
4752,4750,4751,354.0,454252,318.0,376,348.0,376
4753,4751,4752,350.0,454629,348.0,376,322.0,376
4754,4752,4753,359.0,455005,322.0,376,318.0,376
4755,4753,4754,354.0,455382,318.0,376,348.0,376
4756,4754,4755,350.0,455759,348.0,376,322.0,376
4757,4755,4756,359.0,456135,322.0,376,318.0,376
4758,4756,4757,354.0,456512,318.0,376,348.0,376
4759,4757,4758,350.0,456889,348.0,376,332.0,205
4760,4758,4759,359.0,457265,332.0,205,318.0,374
4761,4759,4760,332.0,453797,318.0,374,322.0,374
4762,4760,4761,328.0,454172,322.0,374,330.0,374
4763,4761,4762,332.0,454546,330.0,374,318.0,374
4764,4762,4763,330.0,454921,318.0,374,322.0,374
4765,4763,4764,337.0,455295,322.0,374,318.0,374
4766,4764,4765,332.0,455670,318.0,374,322.0,374
4767,4765,4766,328.0,456045,322.0,374,318.0,375
4768,4766,4767,332.0,456419,318.0,375,318.0,374
4769,4767,4768,332.0,456794,318.0,374,310.0,106
4770,4768,4769,328.0,457169,310.0,106,322.0,371
4771,4769,4770,310.0,453698,322.0,371,303.0,371
4772,4770,4771,305.0,454070,303.0,371,318.0,371
4773,4771,4772,303.0,454442,318.0,371,322.0,371
4774,4772,4773,310.0,454813,322.0,371,318.0,372
4775,4773,4774,305.0,455185,318.0,372,318.0,371
4776,4774,4775,305.0,455557,318.0,371,299.0,371
4777,4775,4776,301.0,455929,299.0,371,322.0,371
4778,4776,4777,310.0,456300,322.0,371,303.0,371
4779,4777,4778,305.0,456672,303.0,371,318.0,371
4780,4778,4779,303.0,457044,318.0,371,487.0,2170
4781,4779,4780,301.0,457416,487.0,2170,465.0,84
4782,4780,4781,487.0,489594,465.0,84,460.0,1621
4783,4781,4782,465.0,457520,460.0,1621,459.0,1621
4784,4782,4783,460.0,459142,459.0,1621,428.0,1023
4785,4783,4784,465.0,460763,428.0,1023,428.0,1500
4786,4784,4785,428.0,428947,428.0,1500,389.0,337
4787,4785,4786,428.0,430447,389.0,337,385.0,1599
4788,4786,4787,391.0,428261,385.0,1599,385.0,1598
4789,4787,4788,391.0,429860,385.0,1598,322.0,218
4790,4788,4789,391.0,431459,322.0,218,318.0,376
4791,4789,4790,354.0,457654,318.0,376,322.0,376
4792,4790,4791,350.0,458031,322.0,376,318.0,377
4793,4791,4792,354.0,458407,318.0,377,318.0,376
4794,4792,4793,354.0,458784,318.0,376,322.0,376
4795,4793,4794,350.0,459161,322.0,376,318.0,377
4796,4794,4795,354.0,459537,318.0,377,318.0,376
4797,4795,4796,354.0,459914,318.0,376,322.0,376
4798,4796,4797,350.0,460291,322.0,376,318.0,377
4799,4797,4798,354.0,460667,318.0,377,330.0,140
4800,4798,4799,354.0,461044,330.0,140,318.0,374
4801,4799,4800,330.0,457576,318.0,374,322.0,374
4802,4800,4801,337.0,457950,322.0,374,330.0,374
4803,4801,4802,332.0,458325,330.0,374,318.0,374
4804,4802,4803,330.0,458700,318.0,374,322.0,374
4805,4803,4804,337.0,459074,322.0,374,318.0,374
4806,4804,4805,332.0,459449,318.0,374,322.0,374
4807,4805,4806,328.0,459824,322.0,374,330.0,374
4808,4806,4807,332.0,460198,330.0,374,318.0,374
4809,4807,4808,330.0,460573,318.0,374,303.0,42
4810,4808,4809,337.0,460947,303.0,42,318.0,371
4811,4809,4810,303.0,457478,318.0,371,322.0,371
4812,4810,4811,310.0,457849,322.0,371,318.0,372
4813,4811,4812,305.0,458221,318.0,372,318.0,371
4814,4812,4813,305.0,458593,318.0,371,299.0,371
4815,4813,4814,301.0,458965,299.0,371,322.0,371
4816,4814,4815,310.0,459336,322.0,371,303.0,371
4817,4815,4816,305.0,459708,303.0,371,318.0,371
4818,4816,4817,303.0,460080,318.0,371,322.0,371
4819,4817,4818,301.0,460452,322.0,371,305.0,371
4820,4818,4819,306.0,460823,305.0,371,487.0,1055
4821,4819,4820,305.0,461195,487.0,1055,482.0,3328
4822,4820,4821,487.0,492575,482.0,3328,465.0,1424
4823,4821,4822,482.0,494848,465.0,1424,460.0,1621
4824,4822,4823,465.0,462704,460.0,1621,434.0,13
4825,4823,4824,460.0,464326,434.0,13,434.0,26
4826,4824,4825,434.0,7453,434.0,26,389.0,59
4827,4825,4826,434.0,7479,389.0,59,385.0,1599
4828,4826,4827,391.0,431579,385.0,1599,385.0,1599
4829,4827,4828,391.0,433178,385.0,1599,359.0,152
4830,4828,4829,391.0,434777,359.0,152,322.0,376
4831,4829,4830,359.0,461432,322.0,376,352.0,376
4832,4830,4831,354.0,461809,352.0,376,318.0,376
4833,4831,4832,352.0,462186,318.0,376,322.0,376
4834,4832,4833,359.0,462562,322.0,376,352.0,376
4835,4833,4834,354.0,462939,352.0,376,318.0,376
4836,4834,4835,352.0,463316,318.0,376,322.0,376
4837,4835,4836,350.0,463693,322.0,376,352.0,376
4838,4836,4837,354.0,464069,352.0,376,318.0,376
4839,4837,4838,352.0,464446,318.0,376,330.0,75
4840,4838,4839,350.0,464823,330.0,75,318.0,374
4841,4839,4840,330.0,461355,318.0,374,322.0,374
4842,4840,4841,337.0,461729,322.0,374,318.0,374
4843,4841,4842,332.0,462104,318.0,374,326.0,374
4844,4842,4843,328.0,462479,326.0,374,322.0,374
4845,4843,4844,333.0,462853,322.0,374,318.0,374
4846,4844,4845,332.0,463228,318.0,374,322.0,374
4847,4845,4846,328.0,463603,322.0,374,330.0,374
4848,4846,4847,332.0,463977,330.0,374,318.0,374
4849,4847,4848,330.0,464352,318.0,374,322.0,374
4850,4848,4849,337.0,464726,322.0,374,305.0,349
4851,4849,4850,332.0,465101,305.0,349,318.0,371
4852,4850,4851,305.0,461629,318.0,371,299.0,371
4853,4851,4852,301.0,462001,299.0,371,322.0,371
4854,4852,4853,310.0,462372,322.0,371,303.0,371
4855,4853,4854,305.0,462744,303.0,371,318.0,371
4856,4854,4855,303.0,463116,318.0,371,299.0,371
4857,4855,4856,301.0,463488,299.0,371,322.0,371
4858,4856,4857,310.0,463859,322.0,371,303.0,371
4859,4857,4858,305.0,464231,303.0,371,318.0,371
4860,4858,4859,303.0,464603,318.0,371,293.0,3785
4861,4859,4860,310.0,464974,293.0,3785,482.0,2231
4862,4860,4861,293.0,465065,482.0,2231,460.0,1143
4863,4861,4862,482.0,497847,460.0,1143,459.0,1621
4864,4862,4863,460.0,466267,459.0,1621,428.0,502
4865,4863,4864,465.0,467888,428.0,502,428.0,1500
4866,4864,4865,428.0,435618,428.0,1500,428.0,1500
4867,4865,4866,428.0,437118,428.0,1500,389.0,1381
4868,4866,4867,428.0,438618,389.0,1381,385.0,1599
4869,4867,4868,391.0,436497,385.0,1599,322.0,87
4870,4868,4869,391.0,438096,322.0,87,352.0,376
4871,4869,4870,354.0,465211,352.0,376,318.0,376
4872,4870,4871,352.0,465588,318.0,376,322.0,376
4873,4871,4872,359.0,465964,322.0,376,352.0,376
4874,4872,4873,354.0,466341,352.0,376,318.0,376
4875,4873,4874,352.0,466718,318.0,376,322.0,376
4876,4874,4875,359.0,467094,322.0,376,352.0,376
4877,4875,4876,354.0,467471,352.0,376,318.0,376
4878,4876,4877,352.0,467848,318.0,376,322.0,376
4879,4877,4878,359.0,468224,322.0,376,330.0,10
4880,4878,4879,354.0,468601,330.0,10,318.0,374
4881,4879,4880,330.0,465134,318.0,374,322.0,374
4882,4880,4881,337.0,465508,322.0,374,318.0,374
4883,4881,4882,332.0,465883,318.0,374,322.0,374
4884,4882,4883,328.0,466258,322.0,374,318.0,375
4885,4883,4884,332.0,466632,318.0,375,318.0,374
4886,4884,4885,332.0,467007,318.0,374,322.0,374
4887,4885,4886,328.0,467382,322.0,374,330.0,374
4888,4886,4887,332.0,467756,330.0,374,318.0,374
4889,4887,4888,330.0,468131,318.0,374,322.0,374
4890,4888,4889,337.0,468505,322.0,374,310.0,284
4891,4889,4890,332.0,468880,310.0,284,322.0,371
4892,4890,4891,310.0,465408,322.0,371,318.0,372
4893,4891,4892,305.0,465780,318.0,372,318.0,371
4894,4892,4893,305.0,466152,318.0,371,299.0,371
4895,4893,4894,301.0,466524,299.0,371,322.0,371
4896,4894,4895,310.0,466895,322.0,371,303.0,371
4897,4895,4896,305.0,467267,303.0,371,318.0,371
4898,4896,4897,303.0,467639,318.0,371,322.0,371
4899,4897,4898,310.0,468010,322.0,371,318.0,372
4900,4898,4899,305.0,468382,318.0,372,293.0,2687
4901,4899,4900,305.0,468754,293.0,2687,482.0,1133
4902,4900,4901,293.0,467811,482.0,1133,460.0,861
4903,4901,4902,482.0,500845,460.0,861,459.0,1622
4904,4902,4903,460.0,469829,459.0,1622,434.0,4
4905,4903,4904,460.0,471451,434.0,4,434.0,26
4906,4904,4905,434.0,7568,434.0,26,428.0,1503
4907,4905,4906,434.0,7594,428.0,1503,389.0,1103
4908,4906,4907,428.0,441955,389.0,1103,385.0,1599
4909,4907,4908,391.0,439815,385.0,1599,318.0,22
4910,4908,4909,391.0,441414,318.0,22,348.0,376
4911,4909,4910,350.0,468990,348.0,376,322.0,376
4912,4910,4911,359.0,469366,322.0,376,318.0,376
4913,4911,4912,354.0,469743,318.0,376,348.0,376
4914,4912,4913,350.0,470120,348.0,376,322.0,376
4915,4913,4914,359.0,470496,322.0,376,352.0,376
4916,4914,4915,354.0,470873,352.0,376,318.0,376
4917,4915,4916,352.0,471250,318.0,376,322.0,376
4918,4916,4917,359.0,471626,322.0,376,352.0,376
4919,4917,4918,354.0,472003,352.0,376,318.0,376
4920,4918,4919,352.0,472380,318.0,376,337.0,319
4921,4919,4920,359.0,472756,337.0,319,322.0,374
4922,4920,4921,337.0,469287,322.0,374,318.0,374
4923,4921,4922,332.0,469662,318.0,374,322.0,374
4924,4922,4923,328.0,470037,322.0,374,330.0,374
4925,4923,4924,332.0,470411,330.0,374,318.0,374
4926,4924,4925,330.0,470786,318.0,374,322.0,374
4927,4925,4926,337.0,471160,322.0,374,330.0,374
4928,4926,4927,332.0,471535,330.0,374,318.0,374
4929,4927,4928,330.0,471910,318.0,374,322.0,374
4930,4928,4929,337.0,472284,322.0,374,305.0,220
4931,4929,4930,332.0,472659,305.0,220,318.0,371
4932,4930,4931,305.0,469188,318.0,371,299.0,371
4933,4931,4932,301.0,469560,299.0,371,322.0,371
4934,4932,4933,310.0,469931,322.0,371,303.0,371
4935,4933,4934,305.0,470303,303.0,371,318.0,371
4936,4934,4935,303.0,470675,318.0,371,322.0,371
4937,4935,4936,310.0,471046,322.0,371,318.0,372
4938,4936,4937,305.0,471418,318.0,372,318.0,371
4939,4937,4938,305.0,471790,318.0,371,299.0,371
4940,4938,4939,301.0,472162,299.0,371,293.0,1590
4941,4939,4940,310.0,472533,293.0,1590,368.0,1
4942,4940,4941,293.0,470558,368.0,1,465.0,579
4943,4941,4942,368.0,124,465.0,579,460.0,1621
4944,4942,4943,465.0,473391,460.0,1621,459.0,1622
4945,4943,4944,460.0,475013,459.0,1622,428.0,1481
4946,4944,4945,460.0,476635,428.0,1481,428.0,1500
4947,4945,4946,428.0,443789,428.0,1500,389.0,826
4948,4946,4947,428.0,445289,389.0,826,387.0,1598
4949,4947,4948,391.0,443134,387.0,1598,380.0,2412
4950,4948,4949,391.0,444732,380.0,2412,322.0,333
4951,4949,4950,380.0,475224,322.0,333,318.0,376
4952,4950,4951,354.0,473145,318.0,376,322.0,376
4953,4951,4952,350.0,473522,322.0,376,318.0,377
4954,4952,4953,354.0,473898,318.0,377,318.0,376
4955,4953,4954,354.0,474275,318.0,376,348.0,376
4956,4954,4955,350.0,474652,348.0,376,322.0,376
4957,4955,4956,359.0,475028,322.0,376,318.0,376
4958,4956,4957,354.0,475405,318.0,376,348.0,376
4959,4957,4958,350.0,475782,348.0,376,322.0,376
4960,4958,4959,359.0,476158,322.0,376,332.0,254
4961,4959,4960,354.0,476535,332.0,254,318.0,375
4962,4960,4961,332.0,473066,318.0,375,318.0,374
4963,4961,4962,332.0,473441,318.0,374,322.0,374
4964,4962,4963,328.0,473816,322.0,374,330.0,374
4965,4963,4964,332.0,474190,330.0,374,318.0,374
4966,4964,4965,330.0,474565,318.0,374,322.0,374
4967,4965,4966,337.0,474939,322.0,374,318.0,374
4968,4966,4967,332.0,475314,318.0,374,326.0,374
4969,4967,4968,328.0,475689,326.0,374,322.0,374
4970,4968,4969,333.0,476063,322.0,374,310.0,155
4971,4969,4970,332.0,476438,310.0,155,322.0,371
4972,4970,4971,310.0,472967,322.0,371,303.0,371
4973,4971,4972,305.0,473339,303.0,371,318.0,371
4974,4972,4973,303.0,473711,318.0,371,322.0,371
4975,4973,4974,310.0,474082,322.0,371,318.0,372
4976,4974,4975,305.0,474454,318.0,372,318.0,371
4977,4975,4976,305.0,474826,318.0,371,299.0,371
4978,4976,4977,301.0,475198,299.0,371,322.0,371
4979,4977,4978,310.0,475569,322.0,371,303.0,371
4980,4978,4979,305.0,475941,303.0,371,293.0,493
4981,4979,4980,303.0,476313,293.0,493,487.0,3017
4982,4980,4981,293.0,473305,487.0,3017,460.0,298
4983,4981,4982,487.0,510921,460.0,298,459.0,1621
4984,4982,4983,460.0,476954,459.0,1621,460.0,1621
4985,4983,4984,465.0,478575,460.0,1621,434.0,21
4986,4984,4985,460.0,480197,434.0,21,428.0,1503
4987,4985,4986,434.0,7709,428.0,1503,389.0,548
4988,4986,4987,428.0,448626,389.0,548,385.0,1599
4989,4987,4988,391.0,446452,385.0,1599,380.0,246
4990,4988,4989,391.0,448051,380.0,246,318.0,268
4991,4989,4990,380.0,476902,318.0,268,322.0,376
4992,4990,4991,350.0,476924,322.0,376,318.0,377
4993,4991,4992,354.0,477300,318.0,377,318.0,376
4994,4992,4993,354.0,477677,318.0,376,322.0,376
4995,4993,4994,350.0,478054,322.0,376,318.0,377
4996,4994,4995,354.0,478430,318.0,377,318.0,376
4997,4995,4996,354.0,478807,318.0,376,322.0,376
4998,4996,4997,350.0,479184,322.0,376,318.0,377
4999,4997,4998,354.0,479560,318.0,377,318.0,376
5000,4998,4999,354.0,479937,318.0,376,332.0,189
5001,4999,5000,350.0,480314,332.0,189,330.0,374
5002,5000,5001,332.0,476845,330.0,374,318.0,374
5003,5001,5002,330.0,477220,318.0,374,322.0,374
5004,5002,5003,337.0,477594,322.0,374,330.0,374
5005,5003,5004,332.0,477969,330.0,374,318.0,374
5006,5004,5005,330.0,478344,318.0,374,322.0,374
5007,5005,5006,337.0,478718,322.0,374,318.0,374
5008,5006,5007,332.0,479093,318.0,374,322.0,374
5009,5007,5008,328.0,479468,322.0,374,318.0,375
5010,5008,5009,332.0,479842,318.0,375,303.0,91
5011,5009,5010,332.0,480217,303.0,91,318.0,371
5012,5010,5011,303.0,476747,318.0,371,322.0,371
5013,5011,5012,301.0,477119,322.0,371,318.0,372
5014,5012,5013,305.0,477490,318.0,372,318.0,371
5015,5013,5014,305.0,477862,318.0,371,299.0,371
5016,5014,5015,301.0,478234,299.0,371,322.0,371
5017,5015,5016,310.0,478605,322.0,371,303.0,371
5018,5016,5017,305.0,478977,303.0,371,318.0,371
5019,5017,5018,303.0,479349,318.0,371,299.0,371
5020,5018,5019,301.0,479721,299.0,371,322.0,371
5021,5019,5020,310.0,480092,322.0,371,487.0,1902
5022,5020,5021,305.0,480464,487.0,1902,465.0,16
5023,5021,5022,487.0,513902,465.0,16,460.0,1621
5024,5022,5023,465.0,480516,460.0,1621,459.0,1621
5025,5023,5024,460.0,482138,459.0,1621,428.0,960
5026,5024,5025,465.0,483759,428.0,960,428.0,1500
5027,5025,5026,428.0,450460,428.0,1500,389.0,270
5028,5026,5027,428.0,451960,389.0,270,385.0,1599
5029,5027,5028,391.0,449770,385.0,1599,385.0,1599
5030,5028,5029,391.0,451369,385.0,1599,322.0,202
5031,5029,5030,391.0,452968,322.0,202,352.0,376
5032,5030,5031,354.0,480702,352.0,376,318.0,376
5033,5031,5032,352.0,481079,318.0,376,322.0,376
5034,5032,5033,359.0,481455,322.0,376,352.0,376
5035,5033,5034,354.0,481832,352.0,376,318.0,376
5036,5034,5035,352.0,482209,318.0,376,322.0,376
5037,5035,5036,359.0,482585,322.0,376,352.0,376
5038,5036,5037,354.0,482962,352.0,376,318.0,376
5039,5037,5038,352.0,483339,318.0,376,322.0,376
5040,5038,5039,350.0,483716,322.0,376,332.0,124
5041,5039,5040,354.0,484092,332.0,124,330.0,374
5042,5040,5041,332.0,480624,330.0,374,318.0,374
5043,5041,5042,330.0,480999,318.0,374,322.0,374
5044,5042,5043,337.0,481373,322.0,374,318.0,374
5045,5043,5044,332.0,481748,318.0,374,326.0,374
5046,5044,5045,328.0,482123,326.0,374,322.0,374
5047,5045,5046,337.0,482497,322.0,374,318.0,374
5048,5046,5047,332.0,482872,318.0,374,322.0,374
5049,5047,5048,328.0,483247,322.0,374,330.0,374
5050,5048,5049,332.0,483621,330.0,374,305.0,26
5051,5049,5050,330.0,483996,305.0,26,318.0,372
5052,5050,5051,305.0,480526,318.0,372,318.0,371
5053,5051,5052,305.0,480898,318.0,371,299.0,371
5054,5052,5053,301.0,481270,299.0,371,322.0,371
5055,5053,5054,310.0,481641,322.0,371,318.0,372
5056,5054,5055,305.0,482013,318.0,372,318.0,371
5057,5055,5056,305.0,482385,318.0,371,299.0,371
5058,5056,5057,301.0,482757,299.0,371,322.0,371
5059,5057,5058,310.0,483128,322.0,371,303.0,371
5060,5058,5059,305.0,483500,303.0,371,318.0,371
5061,5059,5060,303.0,483872,318.0,371,487.0,786
5062,5060,5061,310.0,484243,487.0,786,482.0,3064
5063,5061,5062,487.0,516882,482.0,3064,465.0,1356
5064,5062,5063,482.0,519160,465.0,1356,460.0,1621
5065,5063,5064,465.0,485700,460.0,1621,434.0,12
5066,5064,5065,460.0,487322,434.0,12,428.0,1503
5067,5065,5066,434.0,7824,428.0,1503,388.0,54
5068,5066,5067,428.0,455297,388.0,54,389.0,1592
5069,5067,5068,407.0,7866,389.0,1592,387.0,1598
5070,5068,5069,391.0,454688,387.0,1598,322.0,137
5071,5069,5070,391.0,456286,322.0,137,318.0,376
5072,5070,5071,352.0,484481,318.0,376,322.0,376
5073,5071,5072,359.0,484857,322.0,376,352.0,376
5074,5072,5073,354.0,485234,352.0,376,318.0,376
5075,5073,5074,352.0,485611,318.0,376,322.0,376
5076,5074,5075,359.0,485987,322.0,376,352.0,376
5077,5075,5076,354.0,486364,352.0,376,318.0,376
5078,5076,5077,352.0,486741,318.0,376,322.0,376
5079,5077,5078,359.0,487117,322.0,376,352.0,376
5080,5078,5079,354.0,487494,352.0,376,332.0,59
5081,5079,5080,352.0,487871,332.0,59,330.0,374
5082,5080,5081,332.0,484403,330.0,374,318.0,374
5083,5081,5082,330.0,484778,318.0,374,322.0,374
5084,5082,5083,337.0,485152,322.0,374,318.0,374
5085,5083,5084,332.0,485527,318.0,374,322.0,374
5086,5084,5085,328.0,485902,322.0,374,318.0,375
5087,5085,5086,332.0,486276,318.0,375,318.0,374
5088,5086,5087,332.0,486651,318.0,374,322.0,374
5089,5087,5088,328.0,487026,322.0,374,330.0,374
5090,5088,5089,332.0,487400,330.0,374,318.0,374
5091,5089,5090,330.0,487775,318.0,374,310.0,333
5092,5090,5091,337.0,488149,310.0,333,322.0,371
5093,5091,5092,310.0,484677,322.0,371,318.0,372
5094,5092,5093,305.0,485049,318.0,372,318.0,371
5095,5093,5094,305.0,485421,318.0,371,299.0,371
5096,5094,5095,301.0,485793,299.0,371,322.0,371
5097,5095,5096,310.0,486164,322.0,371,303.0,371
5098,5096,5097,305.0,486536,303.0,371,318.0,371
5099,5097,5098,303.0,486908,318.0,371,322.0,371
5100,5098,5099,310.0,487279,322.0,371,318.0,372
5101,5099,5100,305.0,487651,318.0,372,293.0,3520
5102,5100,5101,305.0,488023,293.0,3520,482.0,1967
5103,5101,5102,293.0,487864,482.0,1967,460.0,1075
5104,5102,5103,482.0,522159,460.0,1075,459.0,1621
5105,5103,5104,460.0,489263,459.0,1621,428.0,439
5106,5104,5105,465.0,490884,428.0,439,428.0,1500
5107,5105,5106,428.0,457131,428.0,1500,428.0,1500
5108,5106,5107,428.0,458631,428.0,1500,389.0,1314
5109,5107,5108,428.0,460131,389.0,1314,385.0,1598
5110,5108,5109,391.0,458006,385.0,1598,359.0,71
5111,5109,5110,391.0,459605,359.0,71,322.0,376
5112,5110,5111,359.0,488259,322.0,376,318.0,376
5113,5111,5112,354.0,488636,318.0,376,348.0,376
5114,5112,5113,350.0,489013,348.0,376,322.0,376
5115,5113,5114,359.0,489389,322.0,376,318.0,376
5116,5114,5115,354.0,489766,318.0,376,348.0,376
5117,5115,5116,350.0,490143,348.0,376,322.0,376
5118,5116,5117,359.0,490519,322.0,376,352.0,376
5119,5117,5118,354.0,490896,352.0,376,318.0,376
5120,5118,5119,352.0,491273,318.0,376,322.0,376
5121,5119,5120,359.0,491649,322.0,376,330.0,369
5122,5120,5121,354.0,492026,330.0,369,318.0,374
5123,5121,5122,330.0,488557,318.0,374,322.0,374
5124,5122,5123,337.0,488931,322.0,374,318.0,374
5125,5123,5124,332.0,489306,318.0,374,322.0,374
5126,5124,5125,328.0,489681,322.0,374,330.0,374
5127,5125,5126,332.0,490055,330.0,374,318.0,374
5128,5126,5127,330.0,490430,318.0,374,322.0,374
5129,5127,5128,337.0,490804,322.0,374,330.0,374
5130,5128,5129,332.0,491179,330.0,374,318.0,374
5131,5129,5130,330.0,491554,318.0,374,305.0,269
5132,5130,5131,337.0,491928,305.0,269,318.0,371
5133,5131,5132,305.0,488457,318.0,371,299.0,371
5134,5132,5133,301.0,488829,299.0,371,322.0,371
5135,5133,5134,310.0,489200,322.0,371,303.0,371
5136,5134,5135,305.0,489572,303.0,371,318.0,371
5137,5135,5136,303.0,489944,318.0,371,322.0,371
5138,5136,5137,310.0,490315,322.0,371,318.0,372
5139,5137,5138,305.0,490687,318.0,372,318.0,371
5140,5138,5139,305.0,491059,318.0,371,299.0,371
5141,5139,5140,301.0,491431,299.0,371,293.0,2423
5142,5140,5141,310.0,491802,293.0,2423,482.0,869
5143,5141,5142,293.0,490611,482.0,869,465.0,793
5144,5142,5143,482.0,525157,465.0,793,460.0,1621
5145,5143,5144,465.0,492825,460.0,1621,434.0,3
5146,5144,5145,460.0,494447,434.0,3,428.0,1503
5147,5145,5146,434.0,7939,428.0,1503,428.0,1500
5148,5146,5147,428.0,461968,428.0,1500,389.0,1036
5149,5147,5148,428.0,463468,389.0,1036,385.0,1599
5150,5148,5149,391.0,461324,385.0,1599,322.0,6
5151,5149,5150,391.0,462923,322.0,6,318.0,376
5152,5150,5151,354.0,492038,318.0,376,322.0,376
5153,5151,5152,350.0,492415,322.0,376,318.0,377
5154,5152,5153,354.0,492791,318.0,377,318.0,376
5155,5153,5154,354.0,493168,318.0,376,322.0,376
5156,5154,5155,350.0,493545,322.0,376,354.0,376
5157,5155,5156,355.0,493921,354.0,376,318.0,376
5158,5156,5157,354.0,494298,318.0,376,348.0,376
5159,5157,5158,350.0,494675,348.0,376,322.0,376
5160,5158,5159,359.0,495051,322.0,376,318.0,376
5161,5159,5160,354.0,495428,318.0,376,328.0,304
5162,5160,5161,350.0,495805,328.0,304,322.0,374
5163,5161,5162,328.0,492336,322.0,374,332.0,374
5164,5162,5163,333.0,492710,332.0,374,318.0,374
5165,5163,5164,332.0,493085,318.0,374,322.0,374
5166,5164,5165,328.0,493460,322.0,374,330.0,374
5167,5165,5166,332.0,493834,330.0,374,318.0,374
5168,5166,5167,330.0,494209,318.0,374,322.0,374
5169,5167,5168,337.0,494583,322.0,374,318.0,374
5170,5168,5169,332.0,494958,318.0,374,326.0,374
5171,5169,5170,328.0,495333,326.0,374,310.0,204
5172,5170,5171,337.0,495707,310.0,204,322.0,371
5173,5171,5172,310.0,492236,322.0,371,303.0,371
5174,5172,5173,305.0,492608,303.0,371,318.0,371
5175,5173,5174,303.0,492980,318.0,371,322.0,371
5176,5174,5175,301.0,493352,322.0,371,318.0,372
5177,5175,5176,305.0,493723,318.0,372,318.0,371
5178,5176,5177,305.0,494095,318.0,371,299.0,371
5179,5177,5178,301.0,494467,299.0,371,322.0,371
5180,5178,5179,310.0,494838,322.0,371,303.0,371
5181,5179,5180,305.0,495210,303.0,371,293.0,1326
5182,5180,5181,303.0,495582,293.0,1326,487.0,3864
5183,5181,5182,293.0,493358,487.0,3864,460.0,512
5184,5182,5183,487.0,532248,460.0,512,459.0,1621
5185,5183,5184,460.0,496388,459.0,1621,460.0,1621
5186,5184,5185,465.0,498009,460.0,1621,428.0,1418
5187,5185,5186,460.0,499631,428.0,1418,428.0,1500
5188,5186,5187,428.0,465302,428.0,1500,389.0,759
5189,5187,5188,428.0,466802,389.0,759,385.0,1599
5190,5188,5189,391.0,464643,385.0,1599,380.0,1891
5191,5189,5190,391.0,466242,380.0,1891,322.0,317
5192,5190,5191,380.0,497767,322.0,317,318.0,377
5193,5191,5192,354.0,496193,318.0,377,318.0,376
5194,5192,5193,354.0,496570,318.0,376,322.0,376
5195,5193,5194,350.0,496947,322.0,376,318.0,377
5196,5194,5195,354.0,497323,318.0,377,318.0,376
5197,5195,5196,354.0,497700,318.0,376,322.0,376
5198,5196,5197,350.0,498077,322.0,376,318.0,377
5199,5197,5198,354.0,498453,318.0,377,318.0,376
5200,5198,5199,354.0,498830,318.0,376,322.0,376
5201,5199,5200,350.0,499207,322.0,376,328.0,239
5202,5200,5201,354.0,499583,328.0,239,322.0,374
5203,5201,5202,328.0,496115,322.0,374,318.0,375
5204,5202,5203,332.0,496489,318.0,375,318.0,374
5205,5203,5204,332.0,496864,318.0,374,322.0,374
5206,5204,5205,337.0,497238,322.0,374,330.0,374
5207,5205,5206,332.0,497613,330.0,374,318.0,374
5208,5206,5207,330.0,497988,318.0,374,322.0,374
5209,5207,5208,337.0,498362,322.0,374,318.0,374
5210,5208,5209,332.0,498737,318.0,374,322.0,374
5211,5209,5210,328.0,499112,322.0,374,303.0,140
5212,5210,5211,332.0,499486,303.0,140,318.0,371
5213,5211,5212,303.0,496016,318.0,371,322.0,371
5214,5212,5213,301.0,496388,322.0,371,318.0,372
5215,5213,5214,305.0,496759,318.0,372,318.0,371
5216,5214,5215,305.0,497131,318.0,371,299.0,371
5217,5215,5216,301.0,497503,299.0,371,322.0,371
5218,5216,5217,310.0,497874,322.0,371,318.0,372
5219,5217,5218,305.0,498246,318.0,372,318.0,371
5220,5218,5219,305.0,498618,318.0,371,299.0,371
5221,5219,5220,301.0,498990,299.0,371,293.0,230
5222,5220,5221,310.0,499361,293.0,230,487.0,2749
5223,5221,5222,293.0,496106,487.0,2749,465.0,230
5224,5222,5223,487.0,535229,465.0,230,460.0,1621
5225,5223,5224,465.0,499950,460.0,1621,459.0,1621
5226,5224,5225,460.0,501572,459.0,1621,428.0,1159
5227,5225,5226,465.0,503193,428.0,1159,428.0,1500
5228,5226,5227,428.0,468639,428.0,1500,389.0,481
5229,5227,5228,428.0,470139,389.0,481,385.0,1599
5230,5228,5229,391.0,467961,385.0,1599,397.0,24
5231,5229,5230,391.0,469560,397.0,24,322.0,252
5232,5230,5231,397.0,8084,322.0,252,318.0,376
5233,5231,5232,352.0,499972,318.0,376,322.0,376
5234,5232,5233,359.0,500348,322.0,376,352.0,376
5235,5233,5234,354.0,500725,352.0,376,318.0,376
5236,5234,5235,352.0,501102,318.0,376,322.0,376
5237,5235,5236,359.0,501478,322.0,376,352.0,376
5238,5236,5237,354.0,501855,352.0,376,318.0,376
5239,5237,5238,352.0,502232,318.0,376,322.0,376
5240,5238,5239,350.0,502609,322.0,376,352.0,376
5241,5239,5240,354.0,502985,352.0,376,328.0,174
5242,5240,5241,352.0,503362,328.0,174,322.0,374
5243,5241,5242,328.0,499894,322.0,374,330.0,374
5244,5242,5243,332.0,500268,330.0,374,318.0,374
5245,5243,5244,330.0,500643,318.0,374,322.0,374
5246,5244,5245,337.0,501017,322.0,374,330.0,374
5247,5245,5246,332.0,501392,330.0,374,318.0,374
5248,5246,5247,330.0,501767,318.0,374,322.0,374
5249,5247,5248,337.0,502141,322.0,374,318.0,374
5250,5248,5249,332.0,502516,318.0,374,322.0,374
5251,5249,5250,328.0,502891,322.0,374,305.0,75
5252,5250,5251,332.0,503265,305.0,75,318.0,372
5253,5251,5252,305.0,499795,318.0,372,303.0,371
5254,5252,5253,305.0,500167,303.0,371,318.0,371
5255,5253,5254,303.0,500539,318.0,371,322.0,371
5256,5254,5255,310.0,500910,322.0,371,318.0,372
5257,5255,5256,305.0,501282,318.0,372,318.0,371
5258,5256,5257,305.0,501654,318.0,371,299.0,371
5259,5257,5258,301.0,502026,299.0,371,322.0,371
5260,5258,5259,310.0,502397,322.0,371,303.0,371
5261,5259,5260,305.0,502769,303.0,371,318.0,371
5262,5260,5261,303.0,503141,318.0,371,487.0,1634
5263,5261,5262,310.0,503512,487.0,1634,482.0,3897
5264,5262,5263,487.0,538210,482.0,3897,465.0,1570
5265,5263,5264,482.0,540473,465.0,1570,460.0,1621
5266,5264,5265,465.0,505134,460.0,1621,428.0,897
5267,5265,5266,460.0,506756,428.0,897,428.0,1500
5268,5266,5267,428.0,471973,428.0,1500,389.0,203
5269,5267,5268,428.0,473473,389.0,203,385.0,1599
5270,5268,5269,391.0,471279,385.0,1599,385.0,1599
5271,5269,5270,391.0,472878,385.0,1599,359.0,186
5272,5270,5271,391.0,474477,359.0,186,322.0,376
5273,5271,5272,359.0,503750,322.0,376,352.0,376
5274,5272,5273,354.0,504127,352.0,376,318.0,376
5275,5273,5274,352.0,504504,318.0,376,322.0,376
5276,5274,5275,359.0,504880,322.0,376,352.0,376
5277,5275,5276,354.0,505257,352.0,376,318.0,376
5278,5276,5277,352.0,505634,318.0,376,322.0,376
5279,5277,5278,359.0,506010,322.0,376,352.0,376
5280,5278,5279,354.0,506387,352.0,376,318.0,376
5281,5279,5280,352.0,506764,318.0,376,328.0,109
5282,5280,5281,359.0,507140,328.0,109,322.0,374
5283,5281,5282,328.0,503673,322.0,374,330.0,374
5284,5282,5283,332.0,504047,330.0,374,318.0,374
5285,5283,5284,330.0,504422,318.0,374,322.0,374
5286,5284,5285,337.0,504796,322.0,374,318.0,374
5287,5285,5286,332.0,505171,318.0,374,326.0,374
5288,5286,5287,328.0,505546,326.0,374,322.0,374
5289,5287,5288,337.0,505920,322.0,374,318.0,374
5290,5288,5289,332.0,506295,318.0,374,322.0,374
5291,5289,5290,328.0,506670,322.0,374,303.0,11
5292,5290,5291,332.0,507044,303.0,11,318.0,371
5293,5291,5292,303.0,503575,318.0,371,322.0,371
5294,5292,5293,310.0,503946,322.0,371,318.0,372
5295,5293,5294,305.0,504318,318.0,372,318.0,371
5296,5294,5295,305.0,504690,318.0,371,299.0,371
5297,5295,5296,301.0,505062,299.0,371,322.0,371
5298,5296,5297,310.0,505433,322.0,371,303.0,371
5299,5297,5298,305.0,505805,303.0,371,318.0,371
5300,5298,5299,303.0,506177,318.0,371,322.0,371
5301,5299,5300,301.0,506549,322.0,371,318.0,372
5302,5300,5301,305.0,506920,318.0,372,487.0,518
5303,5301,5302,305.0,507292,487.0,518,482.0,2800
5304,5302,5303,487.0,541190,482.0,2800,460.0,1289
5305,5303,5304,482.0,543472,460.0,1289,459.0,1621
5306,5304,5305,460.0,508697,459.0,1621,439.0,11
5307,5305,5306,465.0,510318,439.0,11,428.0,1500
5308,5306,5307,439.0,8195,428.0,1500,387.0,47
5309,5307,5308,428.0,476810,387.0,47,389.0,1525
5310,5308,5309,412.0,8231,389.0,1525,385.0,1599
5311,5309,5310,391.0,476197,385.0,1599,322.0,121
5312,5310,5311,391.0,477796,322.0,121,318.0,376
5313,5311,5312,354.0,507529,318.0,376,348.0,376
5314,5312,5313,350.0,507906,348.0,376,322.0,376
5315,5313,5314,359.0,508282,322.0,376,318.0,376
5316,5314,5315,354.0,508659,318.0,376,348.0,376
5317,5315,5316,350.0,509036,348.0,376,322.0,376
5318,5316,5317,359.0,509412,322.0,376,352.0,376
5319,5317,5318,354.0,509789,352.0,376,318.0,376
5320,5318,5319,352.0,510166,318.0,376,322.0,376
5321,5319,5320,359.0,510542,322.0,376,337.0,43
5322,5320,5321,354.0,510919,337.0,43,322.0,374
5323,5321,5322,337.0,507451,322.0,374,330.0,374
5324,5322,5323,332.0,507826,330.0,374,318.0,374
5325,5323,5324,330.0,508201,318.0,374,322.0,374
5326,5324,5325,337.0,508575,322.0,374,318.0,374
5327,5325,5326,332.0,508950,318.0,374,322.0,374
5328,5326,5327,328.0,509325,322.0,374,318.0,375
5329,5327,5328,332.0,509699,318.0,375,318.0,374
5330,5328,5329,332.0,510074,318.0,374,322.0,374
5331,5329,5330,328.0,510449,322.0,374,330.0,374
5332,5330,5331,332.0,510823,330.0,374,305.0,318
5333,5331,5332,330.0,511198,305.0,318,318.0,371
5334,5332,5333,305.0,507726,318.0,371,299.0,371
5335,5333,5334,301.0,508098,299.0,371,322.0,371
5336,5334,5335,310.0,508469,322.0,371,303.0,371
5337,5335,5336,305.0,508841,303.0,371,318.0,371
5338,5336,5337,303.0,509213,318.0,371,322.0,371
5339,5337,5338,301.0,509585,322.0,371,318.0,372
5340,5338,5339,305.0,509956,318.0,372,318.0,371
5341,5339,5340,305.0,510328,318.0,371,299.0,371
5342,5340,5341,301.0,510700,299.0,371,293.0,3257
5343,5341,5342,310.0,511071,293.0,3257,482.0,1703
5344,5342,5343,293.0,510665,482.0,1703,460.0,1007
5345,5343,5344,482.0,546471,460.0,1007,459.0,1622
5346,5344,5345,460.0,512259,459.0,1622,428.0,376
5347,5345,5346,460.0,513881,428.0,376,428.0,1500
5348,5346,5347,428.0,478644,428.0,1500,434.0,26
5349,5347,5348,428.0,480144,434.0,26,389.0,1247
5350,5348,5349,434.0,8304,389.0,1247,385.0,1599
5351,5349,5350,391.0,479515,385.0,1599,318.0,56
5352,5350,5351,391.0,481114,318.0,56,322.0,376
5353,5351,5352,350.0,511308,322.0,376,318.0,377
5354,5352,5353,354.0,511684,318.0,377,318.0,376
5355,5353,5354,354.0,512061,318.0,376,322.0,376
5356,5354,5355,350.0,512438,322.0,376,354.0,376
5357,5355,5356,355.0,512814,354.0,376,318.0,376
5358,5356,5357,354.0,513191,318.0,376,348.0,376
5359,5357,5358,350.0,513568,348.0,376,322.0,376
5360,5358,5359,359.0,513944,322.0,376,318.0,376
5361,5359,5360,354.0,514321,318.0,376,348.0,376
5362,5360,5361,350.0,514698,348.0,376,332.0,353
5363,5361,5362,359.0,515074,332.0,353,318.0,374
5364,5362,5363,332.0,511605,318.0,374,326.0,374
5365,5363,5364,328.0,511980,326.0,374,322.0,374
5366,5364,5365,337.0,512354,322.0,374,318.0,374
5367,5365,5366,332.0,512729,318.0,374,322.0,374
5368,5366,5367,328.0,513104,322.0,374,330.0,374
5369,5367,5368,332.0,513478,330.0,374,318.0,374
5370,5368,5369,330.0,513853,318.0,374,322.0,374
5371,5369,5370,337.0,514227,322.0,374,330.0,374
5372,5370,5371,332.0,514602,330.0,374,310.0,253
5373,5371,5372,330.0,514977,310.0,253,322.0,371
5374,5372,5373,310.0,511505,322.0,371,303.0,371
5375,5373,5374,305.0,511877,303.0,371,318.0,371
5376,5374,5375,303.0,512249,318.0,371,322.0,371
5377,5375,5376,301.0,512621,322.0,371,318.0,372
5378,5376,5377,305.0,512992,318.0,372,303.0,371
5379,5377,5378,305.0,513364,303.0,371,318.0,371
5380,5378,5379,303.0,513736,318.0,371,322.0,371
5381,5379,5380,310.0,514107,322.0,371,318.0,372
5382,5380,5381,305.0,514479,318.0,372,293.0,2160
5383,5381,5382,305.0,514851,293.0,2160,482.0,605
5384,5382,5383,293.0,513412,482.0,605,460.0,726
5385,5383,5384,482.0,549469,460.0,726,459.0,1621
5386,5384,5385,460.0,515822,459.0,1621,434.0,2
5387,5385,5386,462.0,517443,434.0,2,428.0,1501
5388,5386,5387,434.0,8310,428.0,1501,428.0,1500
5389,5387,5388,428.0,483481,428.0,1500,389.0,970
5390,5388,5389,428.0,484981,389.0,970,387.0,1598
5391,5389,5390,391.0,482834,387.0,1598,380.0,3536
5392,5390,5391,391.0,484432,380.0,3536,322.0,367
5393,5391,5392,380.0,518632,322.0,367,318.0,376
5394,5392,5393,354.0,515463,318.0,376,322.0,376
5395,5393,5394,350.0,515840,322.0,376,318.0,377
5396,5394,5395,354.0,516216,318.0,377,318.0,376
5397,5395,5396,354.0,516593,318.0,376,322.0,376
5398,5396,5397,350.0,516970,322.0,376,318.0,377
5399,5397,5398,354.0,517346,318.0,377,318.0,376
5400,5398,5399,354.0,517723,318.0,376,322.0,376
5401,5399,5400,350.0,518100,322.0,376,318.0,377
5402,5400,5401,354.0,518476,318.0,377,332.0,288
5403,5401,5402,354.0,518853,332.0,288,318.0,374
5404,5402,5403,332.0,515384,318.0,374,322.0,374
5405,5403,5404,328.0,515759,322.0,374,318.0,375
5406,5404,5405,332.0,516133,318.0,375,318.0,374
5407,5405,5406,332.0,516508,318.0,374,322.0,374
5408,5406,5407,328.0,516883,322.0,374,330.0,374
5409,5407,5408,332.0,517257,330.0,374,318.0,374
5410,5408,5409,330.0,517632,318.0,374,322.0,374
5411,5409,5410,337.0,518006,322.0,374,318.0,374
5412,5410,5411,332.0,518381,318.0,374,303.0,189
5413,5411,5412,328.0,518756,303.0,189,318.0,371
5414,5412,5413,303.0,515285,318.0,371,322.0,371
5415,5413,5414,301.0,515657,322.0,371,318.0,372
5416,5414,5415,305.0,516028,318.0,372,303.0,371
5417,5415,5416,305.0,516400,303.0,371,318.0,371
5418,5416,5417,303.0,516772,318.0,371,322.0,371
5419,5417,5418,310.0,517143,322.0,371,318.0,372
5420,5418,5419,305.0,517515,318.0,372,318.0,371
5421,5419,5420,305.0,517887,318.0,371,299.0,371
5422,5420,5421,301.0,518259,299.0,371,293.0,1063
5423,5421,5422,310.0,518630,293.0,1063,487.0,3596
5424,5422,5423,293.0,516159,487.0,3596,460.0,444
5425,5423,5424,487.0,556556,460.0,444,459.0,1622
5426,5424,5425,460.0,519384,459.0,1622,459.0,1621
5427,5425,5426,460.0,521006,459.0,1621,428.0,1355
5428,5426,5427,465.0,522627,428.0,1355,434.0,26
5429,5427,5428,428.0,486815,434.0,26,389.0,692
5430,5428,5429,434.0,8419,389.0,692,385.0,1598
5431,5429,5430,391.0,486152,385.0,1598,380.0,1370
5432,5430,5431,391.0,487751,380.0,1370,359.0,301
5433,5431,5432,380.0,520310,359.0,301,322.0,376
5434,5432,5433,359.0,519241,322.0,376,352.0,376
5435,5433,5434,354.0,519618,352.0,376,318.0,376
5436,5434,5435,352.0,519995,318.0,376,322.0,376
5437,5435,5436,359.0,520371,322.0,376,352.0,376
5438,5436,5437,354.0,520748,352.0,376,318.0,376
5439,5437,5438,352.0,521125,318.0,376,322.0,376
5440,5438,5439,350.0,521502,322.0,376,352.0,376
5441,5439,5440,354.0,521878,352.0,376,318.0,376
5442,5440,5441,352.0,522255,318.0,376,332.0,223
5443,5441,5442,350.0,522632,332.0,223,318.0,374
5444,5442,5443,332.0,519163,318.0,374,322.0,374
5445,5443,5444,328.0,519538,322.0,374,330.0,374
5446,5444,5445,332.0,519912,330.0,374,318.0,374
5447,5445,5446,330.0,520287,318.0,374,322.0,374
5448,5446,5447,337.0,520661,322.0,374,330.0,374
5449,5447,5448,332.0,521036,330.0,374,318.0,374
5450,5448,5449,330.0,521411,318.0,374,322.0,374
5451,5449,5450,337.0,521785,322.0,374,318.0,374
5452,5450,5451,332.0,522160,318.0,374,305.0,124
5453,5451,5452,328.0,522535,305.0,124,318.0,372
5454,5452,5453,305.0,519064,318.0,372,303.0,371
5455,5453,5454,305.0,519436,303.0,371,318.0,371
5456,5454,5455,303.0,519808,318.0,371,322.0,371
5457,5455,5456,310.0,520179,322.0,371,318.0,372
5458,5456,5457,305.0,520551,318.0,372,318.0,371
5459,5457,5458,305.0,520923,318.0,371,299.0,371
5460,5458,5459,301.0,521295,299.0,371,322.0,371
5461,5459,5460,310.0,521666,322.0,371,303.0,371
5462,5460,5461,305.0,522038,303.0,371,318.0,371
5463,5461,5462,303.0,522410,318.0,371,487.0,2481
5464,5462,5463,301.0,522782,487.0,2481,465.0,162
5465,5463,5464,487.0,559537,465.0,162,460.0,1621
5466,5464,5465,465.0,522946,460.0,1621,459.0,1622
5467,5465,5466,460.0,524568,459.0,1622,428.0,1096
5468,5466,5467,460.0,526190,428.0,1096,428.0,1500
5469,5467,5468,428.0,490152,428.0,1500,389.0,414
5470,5468,5469,428.0,491652,389.0,414,385.0,1599
5471,5469,5470,391.0,489470,385.0,1599,402.0,17
5472,5470,5471,391.0,491069,402.0,17,322.0,236
5473,5471,5472,402.0,8449,322.0,236,352.0,376
5474,5472,5473,354.0,523020,352.0,376,318.0,376
5475,5473,5474,352.0,523397,318.0,376,322.0,376
5476,5474,5475,359.0,523773,322.0,376,352.0,376
5477,5475,5476,354.0,524150,352.0,376,318.0,376
5478,5476,5477,352.0,524527,318.0,376,322.0,376
5479,5477,5478,359.0,524903,322.0,376,352.0,376
5480,5478,5479,354.0,525280,352.0,376,318.0,376
5481,5479,5480,352.0,525657,318.0,376,322.0,376
5482,5480,5481,359.0,526033,322.0,376,332.0,158
5483,5481,5482,354.0,526410,332.0,158,318.0,374
5484,5482,5483,332.0,522942,318.0,374,322.0,374
5485,5483,5484,328.0,523317,322.0,374,330.0,374
5486,5484,5485,332.0,523691,330.0,374,318.0,374
5487,5485,5486,330.0,524066,318.0,374,322.0,374
5488,5486,5487,337.0,524440,322.0,374,318.0,374
5489,5487,5488,332.0,524815,318.0,374,326.0,374
5490,5488,5489,328.0,525190,326.0,374,322.0,374
5491,5489,5490,337.0,525564,322.0,374,318.0,374
5492,5490,5491,332.0,525939,318.0,374,303.0,60
5493,5491,5492,328.0,526314,303.0,60,318.0,371
5494,5492,5493,303.0,522844,318.0,371,322.0,371
5495,5493,5494,310.0,523215,322.0,371,318.0,372
5496,5494,5495,305.0,523587,318.0,372,318.0,371
5497,5495,5496,305.0,523959,318.0,371,299.0,371
5498,5496,5497,301.0,524331,299.0,371,322.0,371
5499,5497,5498,310.0,524702,322.0,371,303.0,371
5500,5498,5499,305.0,525074,303.0,371,318.0,371
5501,5499,5500,303.0,525446,318.0,371,322.0,371
5502,5500,5501,301.0,525818,322.0,371,318.0,372
5503,5501,5502,305.0,526189,318.0,372,487.0,1365
5504,5502,5503,305.0,526561,487.0,1365,482.0,3633
5505,5503,5504,487.0,562517,482.0,3633,465.0,1502
5506,5504,5505,482.0,564785,465.0,1502,460.0,1621
5507,5505,5506,465.0,528130,460.0,1621,428.0,834
5508,5506,5507,460.0,529752,428.0,834,444.0,26
5509,5507,5508,428.0,493486,444.0,26,389.0,137
5510,5508,5509,444.0,8535,389.0,137,385.0,1599
5511,5509,5510,391.0,492789,385.0,1599,387.0,1598
5512,5510,5511,391.0,494388,387.0,1598,318.0,171
5513,5511,5512,391.0,495986,318.0,171,348.0,376
5514,5512,5513,350.0,526799,348.0,376,322.0,376
5515,5513,5514,359.0,527175,322.0,376,350.0,376
5516,5514,5515,354.0,527552,350.0,376,318.0,376
5517,5515,5516,350.0,527929,318.0,376,322.0,376
5518,5516,5517,359.0,528305,322.0,376,352.0,376
5519,5517,5518,354.0,528682,352.0,376,318.0,376
5520,5518,5519,352.0,529059,318.0,376,322.0,376
5521,5519,5520,359.0,529435,322.0,376,352.0,376
5522,5520,5521,354.0,529812,352.0,376,332.0,93
5523,5521,5522,352.0,530189,332.0,93,318.0,374
5524,5522,5523,332.0,526721,318.0,374,322.0,374
5525,5523,5524,328.0,527096,322.0,374,330.0,374
5526,5524,5525,332.0,527470,330.0,374,318.0,374
5527,5525,5526,330.0,527845,318.0,374,322.0,374
5528,5526,5527,337.0,528219,322.0,374,318.0,374
5529,5527,5528,332.0,528594,318.0,374,322.0,374
5530,5528,5529,328.0,528969,322.0,374,318.0,375
5531,5529,5530,332.0,529343,318.0,375,318.0,374
5532,5530,5531,332.0,529718,318.0,374,322.0,374
5533,5531,5532,328.0,530093,322.0,374,305.0,367
5534,5532,5533,332.0,530467,305.0,367,318.0,371
5535,5533,5534,305.0,526995,318.0,371,299.0,371
5536,5534,5535,301.0,527367,299.0,371,322.0,371
5537,5535,5536,310.0,527738,322.0,371,303.0,371
5538,5536,5537,305.0,528110,303.0,371,318.0,371
5539,5537,5538,303.0,528482,318.0,371,322.0,371
5540,5538,5539,301.0,528854,322.0,371,318.0,372
5541,5539,5540,305.0,529225,318.0,372,303.0,371
5542,5540,5541,305.0,529597,303.0,371,318.0,371
5543,5541,5542,303.0,529969,318.0,371,487.0,250
5544,5542,5543,310.0,530340,487.0,250,482.0,2536
5545,5543,5544,487.0,565498,482.0,2536,460.0,1221
5546,5544,5545,482.0,567784,460.0,1221,459.0,1622
5547,5545,5546,460.0,531693,459.0,1622,428.0,576
5548,5546,5547,460.0,533315,428.0,576,428.0,1499
5549,5547,5548,428.0,496824,428.0,1499,428.0,1500
5550,5548,5549,428.0,498323,428.0,1500,389.0,1458
5551,5549,5550,428.0,499823,389.0,1458,385.0,1598
5552,5550,5551,391.0,497706,385.0,1598,322.0,105
5553,5551,5552,391.0,499305,322.0,105,318.0,377
5554,5552,5553,354.0,530577,318.0,377,318.0,376
5555,5553,5554,354.0,530954,318.0,376,348.0,376
5556,5554,5555,350.0,531331,348.0,376,322.0,376
5557,5555,5556,359.0,531707,322.0,376,318.0,376
5558,5556,5557,354.0,532084,318.0,376,348.0,376
5559,5557,5558,350.0,532461,348.0,376,322.0,376
5560,5558,5559,359.0,532837,322.0,376,318.0,376
5561,5559,5560,354.0,533214,318.0,376,348.0,376
5562,5560,5561,350.0,533591,348.0,376,330.0,28
5563,5561,5562,359.0,533967,330.0,28,318.0,374
5564,5562,5563,330.0,530500,318.0,374,322.0,374
5565,5563,5564,337.0,530874,322.0,374,330.0,374
5566,5564,5565,332.0,531249,330.0,374,318.0,374
5567,5565,5566,330.0,531624,318.0,374,322.0,374
5568,5566,5567,337.0,531998,322.0,374,318.0,374
5569,5567,5568,332.0,532373,318.0,374,322.0,374
5570,5568,5569,328.0,532748,322.0,374,318.0,375
5571,5569,5570,332.0,533122,318.0,375,318.0,374
5572,5570,5571,332.0,533497,318.0,374,322.0,374
5573,5571,5572,337.0,533871,322.0,374,310.0,302
5574,5572,5573,332.0,534246,310.0,302,322.0,371
5575,5573,5574,310.0,530774,322.0,371,303.0,371
5576,5574,5575,305.0,531146,303.0,371,318.0,371
5577,5575,5576,303.0,531518,318.0,371,322.0,371
5578,5576,5577,301.0,531890,322.0,371,318.0,372
5579,5577,5578,305.0,532261,318.0,372,303.0,371
5580,5578,5579,305.0,532633,303.0,371,318.0,371
5581,5579,5580,303.0,533005,318.0,371,322.0,371
5582,5580,5581,310.0,533376,322.0,371,318.0,372
5583,5581,5582,305.0,533748,318.0,372,293.0,2993
5584,5582,5583,305.0,534120,293.0,2993,482.0,1439
5585,5583,5584,293.0,533465,482.0,1439,465.0,939
5586,5584,5585,482.0,570783,465.0,939,460.0,1621
5587,5585,5586,465.0,535255,460.0,1621,428.0,313
5588,5586,5587,460.0,536877,428.0,313,444.0,26
5589,5587,5588,428.0,500157,444.0,26,434.0,26
5590,5588,5589,444.0,8650,434.0,26,389.0,1180
5591,5589,5590,434.0,8675,389.0,1180,385.0,1599
5592,5590,5591,391.0,501024,385.0,1599,322.0,40
5593,5591,5592,391.0,502623,322.0,40,318.0,376
5594,5592,5593,354.0,534356,318.0,376,322.0,376
5595,5593,5594,350.0,534733,322.0,376,318.0,377
5596,5594,5595,354.0,535109,318.0,377,318.0,376
5597,5595,5596,354.0,535486,318.0,376,322.0,376
5598,5596,5597,350.0,535863,322.0,376,318.0,377
5599,5597,5598,354.0,536239,318.0,377,318.0,376
5600,5598,5599,354.0,536616,318.0,376,322.0,376
5601,5599,5600,350.0,536993,322.0,376,318.0,377
5602,5600,5601,354.0,537369,318.0,377,318.0,376
5603,5601,5602,354.0,537746,318.0,376,337.0,337
5604,5602,5603,350.0,538123,337.0,337,322.0,374
5605,5603,5604,337.0,534653,322.0,374,318.0,374
5606,5604,5605,332.0,535028,318.0,374,326.0,374
5607,5605,5606,328.0,535403,326.0,374,322.0,374
5608,5606,5607,337.0,535777,322.0,374,318.0,374
5609,5607,5608,332.0,536152,318.0,374,322.0,374
5610,5608,5609,328.0,536527,322.0,374,330.0,374
5611,5609,5610,332.0,536901,330.0,374,318.0,374
5612,5610,5611,330.0,537276,318.0,374,322.0,374
5613,5611,5612,337.0,537650,322.0,374,303.0,238
5614,5612,5613,332.0,538025,303.0,238,318.0,371
5615,5613,5614,303.0,534554,318.0,371,299.0,371
5616,5614,5615,301.0,534926,299.0,371,322.0,371
5617,5615,5616,310.0,535297,322.0,371,303.0,371
5618,5616,5617,305.0,535669,303.0,371,318.0,371
5619,5617,5618,303.0,536041,318.0,371,322.0,371
5620,5618,5619,310.0,536412,322.0,371,318.0,372
5621,5619,5620,305.0,536784,318.0,372,318.0,371
5622,5620,5621,305.0,537156,318.0,371,299.0,371
5623,5621,5622,301.0,537528,299.0,371,293.0,1896
5624,5622,5623,310.0,537899,293.0,1896,482.0,341
5625,5623,5624,293.0,536212,482.0,341,460.0,658
5626,5624,5625,482.0,573781,460.0,658,459.0,1621
5627,5625,5626,460.0,538818,459.0,1621,426.0,55
5628,5626,5627,465.0,540439,426.0,55,428.0,1499
5629,5627,5628,428.0,503495,428.0,1499,428.0,1500
5630,5628,5629,428.0,504994,428.0,1500,389.0,903
5631,5629,5630,428.0,506494,389.0,903,385.0,1599
5632,5630,5631,391.0,504343,385.0,1599,380.0,3015
5633,5631,5632,391.0,505942,380.0,3015,322.0,351
5634,5632,5633,380.0,541175,322.0,351,352.0,376
5635,5633,5634,354.0,538511,352.0,376,318.0,376
5636,5634,5635,352.0,538888,318.0,376,322.0,376
5637,5635,5636,359.0,539264,322.0,376,352.0,376
5638,5636,5637,354.0,539641,352.0,376,318.0,376
5639,5637,5638,352.0,540018,318.0,376,322.0,376
5640,5638,5639,350.0,540395,322.0,376,352.0,376
5641,5639,5640,354.0,540771,352.0,376,318.0,376
5642,5640,5641,352.0,541148,318.0,376,322.0,376
5643,5641,5642,350.0,541525,322.0,376,337.0,272
5644,5642,5643,354.0,541901,337.0,272,322.0,374
5645,5643,5644,337.0,538432,322.0,374,318.0,374
5646,5644,5645,332.0,538807,318.0,374,322.0,374
5647,5645,5646,328.0,539182,322.0,374,318.0,375
5648,5646,5647,332.0,539556,318.0,375,318.0,374
5649,5647,5648,332.0,539931,318.0,374,322.0,374
5650,5648,5649,328.0,540306,322.0,374,330.0,374
5651,5649,5650,332.0,540680,330.0,374,318.0,374
5652,5650,5651,330.0,541055,318.0,374,322.0,374
5653,5651,5652,337.0,541429,322.0,374,310.0,173
5654,5652,5653,332.0,541804,310.0,173,322.0,371
5655,5653,5654,310.0,538333,322.0,371,303.0,371
5656,5654,5655,305.0,538705,303.0,371,318.0,371
5657,5655,5656,303.0,539077,318.0,371,322.0,371
5658,5656,5657,310.0,539448,322.0,371,318.0,372
5659,5657,5658,305.0,539820,318.0,372,318.0,371
5660,5658,5659,305.0,540192,318.0,371,299.0,371
5661,5659,5660,301.0,540564,299.0,371,322.0,371
5662,5660,5661,310.0,540935,322.0,371,303.0,371
5663,5661,5662,305.0,541307,303.0,371,293.0,799
5664,5662,5663,303.0,541679,293.0,799,487.0,3328
5665,5663,5664,293.0,538959,487.0,3328,465.0,376
5666,5664,5665,487.0,580864,465.0,376,460.0,1621
5667,5665,5666,465.0,542380,460.0,1621,459.0,1621
5668,5666,5667,460.0,544002,459.0,1621,428.0,1292
5669,5667,5668,465.0,545623,428.0,1292,434.0,26
5670,5668,5669,428.0,508328,434.0,26,389.0,625
5671,5669,5670,434.0,8790,389.0,625,385.0,1599
5672,5670,5671,391.0,507661,385.0,1599,380.0,849
5673,5671,5672,391.0,509260,380.0,849,322.0,286
5674,5672,5673,380.0,542853,322.0,286,318.0,376
5675,5673,5674,352.0,542290,318.0,376,322.0,376
5676,5674,5675,359.0,542666,322.0,376,352.0,376
5677,5675,5676,354.0,543043,352.0,376,318.0,376
5678,5676,5677,352.0,543420,318.0,376,322.0,376
5679,5677,5678,359.0,543796,322.0,376,352.0,376
5680,5678,5679,354.0,544173,352.0,376,318.0,376
5681,5679,5680,352.0,544550,318.0,376,322.0,376
5682,5680,5681,359.0,544926,322.0,376,352.0,376
5683,5681,5682,354.0,545303,352.0,376,337.0,207
5684,5682,5683,352.0,545680,337.0,207,322.0,374
5685,5683,5684,337.0,542211,322.0,374,318.0,374
5686,5684,5685,332.0,542586,318.0,374,322.0,374
5687,5685,5686,328.0,542961,322.0,374,330.0,374
5688,5686,5687,332.0,543335,330.0,374,318.0,374
5689,5687,5688,330.0,543710,318.0,374,322.0,374
5690,5688,5689,337.0,544084,322.0,374,330.0,374
5691,5689,5690,332.0,544459,330.0,374,318.0,374
5692,5690,5691,330.0,544834,318.0,374,322.0,374
5693,5691,5692,337.0,545208,322.0,374,303.0,109
5694,5692,5693,332.0,545583,303.0,109,318.0,371
5695,5693,5694,303.0,542113,318.0,371,322.0,371
5696,5694,5695,310.0,542484,322.0,371,318.0,372
5697,5695,5696,305.0,542856,318.0,372,318.0,371
5698,5696,5697,305.0,543228,318.0,371,299.0,371
5699,5697,5698,301.0,543600,299.0,371,322.0,371
5700,5698,5699,310.0,543971,322.0,371,303.0,371
5701,5699,5700,305.0,544343,303.0,371,318.0,371
5702,5700,5701,303.0,544715,318.0,371,322.0,371
5703,5701,5702,301.0,545087,322.0,371,318.0,372
5704,5702,5703,305.0,545458,318.0,372,487.0,2212
5705,5703,5704,305.0,545830,487.0,2212,460.0,95
5706,5704,5705,487.0,583844,460.0,95,459.0,1621
5707,5705,5706,460.0,545943,459.0,1621,460.0,1621
5708,5706,5707,465.0,547564,460.0,1621,428.0,1033
5709,5707,5708,460.0,549186,428.0,1033,428.0,1500
5710,5708,5709,428.0,511665,428.0,1500,389.0,348
5711,5709,5710,428.0,513165,389.0,348,387.0,1598
5712,5710,5711,391.0,510980,387.0,1598,385.0,1599
5713,5711,5712,391.0,512578,385.0,1599,359.0,220
5714,5712,5713,391.0,514177,359.0,220,322.0,376
5715,5713,5714,359.0,546068,322.0,376,318.0,376
5716,5714,5715,354.0,546445,318.0,376,348.0,376
5717,5715,5716,350.0,546822,348.0,376,322.0,376
5718,5716,5717,359.0,547198,322.0,376,318.0,376
5719,5717,5718,354.0,547575,318.0,376,348.0,376
5720,5718,5719,350.0,547952,348.0,376,322.0,376
5721,5719,5720,359.0,548328,322.0,376,352.0,376
5722,5720,5721,354.0,548705,352.0,376,318.0,376
5723,5721,5722,352.0,549082,318.0,376,332.0,142
5724,5722,5723,359.0,549458,332.0,142,318.0,375
5725,5723,5724,332.0,545990,318.0,375,318.0,374
5726,5724,5725,332.0,546365,318.0,374,322.0,374
5727,5725,5726,328.0,546740,322.0,374,330.0,374
5728,5726,5727,332.0,547114,330.0,374,318.0,374
5729,5727,5728,330.0,547489,318.0,374,322.0,374
5730,5728,5729,337.0,547863,322.0,374,318.0,374
5731,5729,5730,332.0,548238,318.0,374,326.0,374
5732,5730,5731,328.0,548613,326.0,374,322.0,374
5733,5731,5732,337.0,548987,322.0,374,305.0,44
5734,5732,5733,332.0,549362,305.0,44,318.0,372
5735,5733,5734,305.0,545892,318.0,372,318.0,371
5736,5734,5735,305.0,546264,318.0,371,299.0,371
5737,5735,5736,301.0,546636,299.0,371,322.0,371
5738,5736,5737,310.0,547007,322.0,371,303.0,371
5739,5737,5738,305.0,547379,303.0,371,318.0,371
5740,5738,5739,303.0,547751,318.0,371,322.0,371
5741,5739,5740,301.0,548123,322.0,371,318.0,372
5742,5740,5741,305.0,548494,318.0,372,303.0,371
5743,5741,5742,305.0,548866,303.0,371,318.0,371
5744,5742,5743,303.0,549238,318.0,371,487.0,1097
5745,5743,5744,310.0,549609,487.0,1097,482.0,3369
5746,5744,5745,487.0,586825,482.0,3369,460.0,1435
5747,5745,5746,482.0,589097,460.0,1435,459.0,1621
5748,5746,5747,460.0,551127,459.0,1621,428.0,771
5749,5747,5748,465.0,552748,428.0,771,434.0,26
5750,5748,5749,428.0,514999,434.0,26,389.0,70
5751,5749,5750,434.0,8905,389.0,70,385.0,1598
5752,5750,5751,391.0,514298,385.0,1598,385.0,1599
5753,5751,5752,391.0,515897,385.0,1599,322.0,155
5754,5752,5753,391.0,517496,322.0,155,318.0,376
5755,5753,5754,354.0,549847,318.0,376,322.0,376
5756,5754,5755,350.0,550224,322.0,376,318.0,377
5757,5755,5756,354.0,550600,318.0,377,318.0,376
5758,5756,5757,354.0,550977,318.0,376,322.0,376
5759,5757,5758,350.0,551354,322.0,376,354.0,376
5760,5758,5759,355.0,551730,354.0,376,318.0,376
5761,5759,5760,354.0,552107,318.0,376,348.0,376
5762,5760,5761,350.0,552484,348.0,376,322.0,376
5763,5761,5762,359.0,552860,322.0,376,332.0,77
5764,5762,5763,354.0,553237,332.0,77,330.0,374
5765,5763,5764,332.0,549769,330.0,374,318.0,374
5766,5764,5765,330.0,550144,318.0,374,322.0,374
5767,5765,5766,337.0,550518,322.0,374,330.0,374
5768,5766,5767,332.0,550893,330.0,374,318.0,374
5769,5767,5768,330.0,551268,318.0,374,322.0,374
5770,5768,5769,337.0,551642,322.0,374,318.0,374
5771,5769,5770,332.0,552017,318.0,374,322.0,374
5772,5770,5771,328.0,552392,322.0,374,318.0,375
5773,5771,5772,332.0,552766,318.0,375,318.0,374
5774,5772,5773,332.0,553141,318.0,374,310.0,351
5775,5773,5774,328.0,553516,310.0,351,322.0,371
5776,5774,5775,310.0,550043,322.0,371,303.0,371
5777,5775,5776,305.0,550415,303.0,371,318.0,371
5778,5776,5777,303.0,550787,318.0,371,322.0,371
5779,5777,5778,301.0,551159,322.0,371,318.0,372
5780,5778,5779,305.0,551530,318.0,372,303.0,371
5781,5779,5780,305.0,551902,303.0,371,318.0,371
5782,5780,5781,303.0,552274,318.0,371,322.0,371
5783,5781,5782,310.0,552645,322.0,371,318.0,372
5784,5782,5783,305.0,553017,318.0,372,293.0,3826
5785,5783,5784,305.0,553389,293.0,3826,482.0,2272
5786,5784,5785,293.0,553518,482.0,2272,465.0,1153
5787,5785,5786,482.0,592096,465.0,1153,460.0,1621
5788,5786,5787,465.0,554689,460.0,1621,428.0,513
5789,5787,5788,460.0,556311,428.0,513,428.0,1499
5790,5788,5789,428.0,518337,428.0,1499,428.0,1500
5791,5789,5790,428.0,519836,428.0,1500,389.0,1391
5792,5790,5791,428.0,521336,389.0,1391,385.0,1599
5793,5791,5792,391.0,519215,385.0,1599,318.0,90
5794,5792,5793,391.0,520814,318.0,90,322.0,376
5795,5793,5794,350.0,553626,322.0,376,318.0,377
5796,5794,5795,354.0,554002,318.0,377,318.0,376
5797,5795,5796,354.0,554379,318.0,376,322.0,376
5798,5796,5797,350.0,554756,322.0,376,318.0,377
5799,5797,5798,354.0,555132,318.0,377,318.0,376
5800,5798,5799,354.0,555509,318.0,376,322.0,376
5801,5799,5800,350.0,555886,322.0,376,318.0,377
5802,5800,5801,354.0,556262,318.0,377,318.0,376
5803,5801,5802,354.0,556639,318.0,376,332.0,12
5804,5802,5803,350.0,557016,332.0,12,330.0,374
5805,5803,5804,332.0,553548,330.0,374,318.0,374
5806,5804,5805,330.0,553923,318.0,374,322.0,374
5807,5805,5806,337.0,554297,322.0,374,318.0,374
5808,5806,5807,332.0,554672,318.0,374,326.0,374
5809,5807,5808,328.0,555047,326.0,374,322.0,374
5810,5808,5809,337.0,555421,322.0,374,318.0,374
5811,5809,5810,332.0,555796,318.0,374,322.0,374
5812,5810,5811,328.0,556171,322.0,374,330.0,374
5813,5811,5812,332.0,556545,330.0,374,318.0,374
5814,5812,5813,330.0,556920,318.0,374,303.0,287
5815,5813,5814,337.0,557294,303.0,287,318.0,371
5816,5814,5815,303.0,553823,318.0,371,322.0,371
5817,5815,5816,301.0,554195,322.0,371,318.0,372
5818,5816,5817,305.0,554566,318.0,372,303.0,371
5819,5817,5818,305.0,554938,303.0,371,318.0,371
5820,5818,5819,303.0,555310,318.0,371,322.0,371
5821,5819,5820,310.0,555681,322.0,371,318.0,372
5822,5820,5821,305.0,556053,318.0,372,318.0,371
5823,5821,5822,305.0,556425,318.0,371,299.0,371
5824,5822,5823,301.0,556797,299.0,371,293.0,2729
5825,5823,5824,310.0,557168,293.0,2729,482.0,1174
5826,5824,5825,293.0,556265,482.0,1174,460.0,872
5827,5825,5826,482.0,595094,460.0,872,459.0,1621
5828,5826,5827,460.0,558252,459.0,1621,428.0,250
5829,5827,5828,465.0,559873,428.0,250,434.0,26
5830,5828,5829,428.0,521670,434.0,26,434.0,26
5831,5829,5830,434.0,9020,434.0,26,389.0,1114
5832,5830,5831,434.0,9046,389.0,1114,387.0,1598
5833,5831,5832,391.0,522534,387.0,1598,322.0,24
5834,5832,5833,391.0,524132,322.0,24,352.0,376
5835,5833,5834,354.0,557404,352.0,376,318.0,376
5836,5834,5835,352.0,557781,318.0,376,322.0,376
5837,5835,5836,359.0,558157,322.0,376,352.0,376
5838,5836,5837,354.0,558534,352.0,376,318.0,376
5839,5837,5838,352.0,558911,318.0,376,322.0,376
5840,5838,5839,359.0,559287,322.0,376,352.0,376
5841,5839,5840,354.0,559664,352.0,376,318.0,376
5842,5840,5841,352.0,560041,318.0,376,322.0,376
5843,5841,5842,359.0,560417,322.0,376,352.0,376
5844,5842,5843,354.0,560794,352.0,376,330.0,322
5845,5843,5844,352.0,561171,330.0,322,318.0,374
5846,5844,5845,330.0,557702,318.0,374,322.0,374
5847,5845,5846,337.0,558076,322.0,374,318.0,374
5848,5846,5847,332.0,558451,318.0,374,322.0,374
5849,5847,5848,328.0,558826,322.0,374,318.0,375
5850,5848,5849,332.0,559200,318.0,375,318.0,374
5851,5849,5850,332.0,559575,318.0,374,322.0,374
5852,5850,5851,328.0,559950,322.0,374,330.0,374
5853,5851,5852,332.0,560324,330.0,374,318.0,374
5854,5852,5853,330.0,560699,318.0,374,310.0,222
5855,5853,5854,337.0,561073,310.0,222,322.0,371
5856,5854,5855,310.0,557602,322.0,371,303.0,371
5857,5855,5856,305.0,557974,303.0,371,318.0,371
5858,5856,5857,303.0,558346,318.0,371,322.0,371
5859,5857,5858,310.0,558717,322.0,371,318.0,372
5860,5858,5859,305.0,559089,318.0,372,318.0,371
5861,5859,5860,305.0,559461,318.0,371,299.0,371
5862,5860,5861,301.0,559833,299.0,371,322.0,371
5863,5861,5862,310.0,560204,322.0,371,303.0,371
5864,5862,5863,305.0,560576,303.0,371,293.0,1632
5865,5863,5864,303.0,560948,293.0,1632,482.0,77
5866,5864,5865,293.0,559012,482.0,77,460.0,590
5867,5865,5866,482.0,598093,460.0,590,459.0,1622
5868,5866,5867,460.0,561814,459.0,1622,459.0,1621
5869,5867,5868,460.0,563436,459.0,1621,428.0,1491
5870,5868,5869,465.0,565057,428.0,1491,428.0,1500
5871,5869,5870,428.0,526507,428.0,1500,389.0,836
5872,5870,5871,428.0,528007,389.0,836,385.0,1598
5873,5871,5872,391.0,525852,385.0,1598,380.0,2493
5874,5872,5873,391.0,527451,380.0,2493,359.0,335
5875,5873,5874,380.0,563717,359.0,335,322.0,376
5876,5874,5875,359.0,561559,322.0,376,352.0,376
5877,5875,5876,354.0,561936,352.0,376,318.0,376
5878,5876,5877,352.0,562313,318.0,376,322.0,376
5879,5877,5878,359.0,562689,322.0,376,352.0,376
5880,5878,5879,354.0,563066,352.0,376,318.0,376
5881,5879,5880,352.0,563443,318.0,376,322.0,376
5882,5880,5881,359.0,563819,322.0,376,352.0,376
5883,5881,5882,354.0,564196,352.0,376,318.0,376
5884,5882,5883,352.0,564573,318.0,376,330.0,257
5885,5883,5884,359.0,564949,330.0,257,318.0,374
5886,5884,5885,330.0,561481,318.0,374,322.0,374
5887,5885,5886,337.0,561855,322.0,374,318.0,374
5888,5886,5887,332.0,562230,318.0,374,322.0,374
5889,5887,5888,328.0,562605,322.0,374,330.0,374
5890,5888,5889,332.0,562979,330.0,374,318.0,374
5891,5889,5890,330.0,563354,318.0,374,322.0,374
5892,5890,5891,337.0,563728,322.0,374,330.0,374
5893,5891,5892,332.0,564103,330.0,374,318.0,374
5894,5892,5893,330.0,564478,318.0,374,303.0,158
5895,5893,5894,337.0,564852,303.0,158,318.0,371
5896,5894,5895,303.0,561382,318.0,371,322.0,371
5897,5895,5896,310.0,561753,322.0,371,318.0,372
5898,5896,5897,305.0,562125,318.0,372,318.0,371
5899,5897,5898,305.0,562497,318.0,371,299.0,371
5900,5898,5899,301.0,562869,299.0,371,322.0,371
5901,5899,5900,310.0,563240,322.0,371,303.0,371
5902,5900,5901,305.0,563612,303.0,371,318.0,371
5903,5901,5902,303.0,563984,318.0,371,322.0,371
5904,5902,5903,301.0,564356,322.0,371,293.0,535
5905,5903,5904,305.0,564727,293.0,535,487.0,3059
5906,5904,5905,293.0,561759,487.0,3059,465.0,308
5907,5905,5906,487.0,605171,465.0,308,460.0,1621
5908,5906,5907,465.0,565376,460.0,1621,459.0,1622
5909,5907,5908,460.0,566998,459.0,1622,434.0,21
5910,5908,5909,460.0,568620,434.0,21,434.0,26
5911,5909,5910,434.0,9135,434.0,26,389.0,558
5912,5910,5911,434.0,9161,389.0,558,385.0,1599
5913,5911,5912,391.0,529170,385.0,1599,380.0,327
5914,5912,5913,391.0,530769,380.0,327,322.0,270
5915,5913,5914,380.0,565395,322.0,270,318.0,376
5916,5914,5915,354.0,565338,318.0,376,348.0,376
5917,5915,5916,350.0,565715,348.0,376,322.0,376
5918,5916,5917,359.0,566091,322.0,376,318.0,376
5919,5917,5918,354.0,566468,318.0,376,348.0,376
5920,5918,5919,350.0,566845,348.0,376,322.0,376
5921,5919,5920,359.0,567221,322.0,376,318.0,376
5922,5920,5921,354.0,567598,318.0,376,348.0,376
5923,5921,5922,350.0,567975,348.0,376,322.0,376
5924,5922,5923,359.0,568351,322.0,376,328.0,192
5925,5923,5924,354.0,568728,328.0,192,322.0,374
5926,5924,5925,328.0,565260,322.0,374,318.0,375
5927,5925,5926,332.0,565634,318.0,375,318.0,374
5928,5926,5927,332.0,566009,318.0,374,322.0,374
5929,5927,5928,328.0,566384,322.0,374,330.0,374
5930,5928,5929,332.0,566758,330.0,374,318.0,374
5931,5929,5930,330.0,567133,318.0,374,322.0,374
5932,5930,5931,337.0,567507,322.0,374,318.0,374
5933,5931,5932,332.0,567882,318.0,374,326.0,374
5934,5932,5933,328.0,568257,326.0,374,305.0,93
5935,5933,5934,337.0,568631,305.0,93,318.0,372
5936,5934,5935,305.0,565161,318.0,372,318.0,371
5937,5935,5936,305.0,565533,318.0,371,299.0,371
5938,5936,5937,301.0,565905,299.0,371,322.0,371
5939,5937,5938,310.0,566276,322.0,371,303.0,371
5940,5938,5939,305.0,566648,303.0,371,318.0,371
5941,5939,5940,303.0,567020,318.0,371,322.0,371
5942,5940,5941,301.0,567392,322.0,371,318.0,372
5943,5941,5942,305.0,567763,318.0,372,303.0,371
5944,5942,5943,305.0,568135,303.0,371,318.0,371
5945,5943,5944,303.0,568507,318.0,371,487.0,1944
5946,5944,5945,310.0,568878,487.0,1944,460.0,27
5947,5945,5946,487.0,608152,460.0,27,459.0,1621
5948,5946,5947,460.0,568939,459.0,1621,460.0,1621
5949,5947,5948,467.0,570560,460.0,1621,428.0,970
5950,5948,5949,460.0,572182,428.0,970,428.0,1500
5951,5949,5950,428.0,533178,428.0,1500,389.0,281
5952,5950,5951,428.0,534678,389.0,281,385.0,1599
5953,5951,5952,391.0,532489,385.0,1599,387.0,1598
5954,5952,5953,391.0,534088,387.0,1598,318.0,205
5955,5953,5954,391.0,535686,318.0,205,322.0,376
5956,5954,5955,350.0,569117,322.0,376,318.0,377
5957,5955,5956,354.0,569493,318.0,377,318.0,376
5958,5956,5957,354.0,569870,318.0,376,322.0,376
5959,5957,5958,350.0,570247,322.0,376,318.0,377
5960,5958,5959,354.0,570623,318.0,377,318.0,376
5961,5959,5960,354.0,571000,318.0,376,322.0,376
5962,5960,5961,350.0,571377,322.0,376,354.0,376
5963,5961,5962,355.0,571753,354.0,376,318.0,376
5964,5962,5963,354.0,572130,318.0,376,328.0,127
5965,5963,5964,350.0,572507,328.0,127,322.0,374
5966,5964,5965,328.0,569039,322.0,374,318.0,375
5967,5965,5966,332.0,569413,318.0,375,318.0,374
5968,5966,5967,332.0,569788,318.0,374,322.0,374
5969,5967,5968,337.0,570162,322.0,374,330.0,374
5970,5968,5969,332.0,570537,330.0,374,318.0,374
5971,5969,5970,330.0,570912,318.0,374,322.0,374
5972,5970,5971,337.0,571286,322.0,374,318.0,374
5973,5971,5972,332.0,571661,318.0,374,322.0,374
5974,5972,5973,328.0,572036,322.0,374,301.0,29
5975,5973,5974,332.0,572410,301.0,29,299.0,371
5976,5974,5975,301.0,568941,299.0,371,322.0,371
5977,5975,5976,310.0,569312,322.0,371,303.0,371
5978,5976,5977,305.0,569684,303.0,371,318.0,371
5979,5977,5978,303.0,570056,318.0,371,322.0,371
5980,5978,5979,301.0,570428,322.0,371,305.0,371
5981,5979,5980,306.0,570799,305.0,371,303.0,371
5982,5980,5981,305.0,571171,303.0,371,318.0,371
5983,5981,5982,303.0,571543,318.0,371,322.0,371
5984,5982,5983,310.0,571914,322.0,371,318.0,372
5985,5983,5984,305.0,572286,318.0,372,487.0,828
5986,5984,5985,305.0,572658,487.0,828,482.0,3105
5987,5985,5986,487.0,611132,482.0,3105,460.0,1367
5988,5986,5987,482.0,613409,460.0,1367,459.0,1622
5989,5987,5988,460.0,574123,459.0,1622,434.0,12
5990,5988,5989,460.0,575745,434.0,12,434.0,26
5991,5989,5990,434.0,9250,434.0,26,389.0,3
5992,5990,5991,434.0,9276,389.0,3,385.0,1599
5993,5991,5992,407.0,9300,385.0,1599,385.0,1598
5994,5992,5993,391.0,537406,385.0,1598,322.0,139
5995,5993,5994,391.0,539005,322.0,139,318.0,377
5996,5994,5995,354.0,572895,318.0,377,318.0,376
5997,5995,5996,354.0,573272,318.0,376,322.0,376
5998,5996,5997,350.0,573649,322.0,376,318.0,377
5999,5997,5998,354.0,574025,318.0,377,318.0,376
6000,5998,5999,354.0,574402,318.0,376,322.0,376
6001,5999,6000,350.0,574779,322.0,376,318.0,377
6002,6000,6001,354.0,575155,318.0,377,318.0,376
6003,6001,6002,354.0,575532,318.0,376,322.0,376
6004,6002,6003,350.0,575909,322.0,376,328.0,62
6005,6003,6004,354.0,576285,328.0,62,322.0,374
6006,6004,6005,328.0,572818,322.0,374,330.0,374
6007,6005,6006,332.0,573192,330.0,374,318.0,374
6008,6006,6007,330.0,573567,318.0,374,322.0,374
6009,6007,6008,337.0,573941,322.0,374,330.0,374
6010,6008,6009,332.0,574316,330.0,374,318.0,374
6011,6009,6010,330.0,574691,318.0,374,322.0,374
6012,6010,6011,337.0,575065,322.0,374,318.0,374
6013,6011,6012,332.0,575440,318.0,374,322.0,374
6014,6012,6013,328.0,575815,322.0,374,330.0,374
6015,6013,6014,332.0,576189,330.0,374,303.0,336
6016,6014,6015,330.0,576564,303.0,336,318.0,371
6017,6015,6016,303.0,573092,318.0,371,299.0,371
6018,6016,6017,301.0,573464,299.0,371,322.0,371
6019,6017,6018,310.0,573835,322.0,371,303.0,371
6020,6018,6019,305.0,574207,303.0,371,318.0,371
6021,6019,6020,303.0,574579,318.0,371,322.0,371
6022,6020,6021,310.0,574950,322.0,371,318.0,372
6023,6021,6022,305.0,575322,318.0,372,318.0,371
6024,6022,6023,305.0,575694,318.0,371,299.0,371
6025,6023,6024,301.0,576066,299.0,371,293.0,3562
6026,6024,6025,310.0,576437,293.0,3562,482.0,2008
6027,6025,6026,293.0,576318,482.0,2008,465.0,1085
6028,6026,6027,482.0,616408,465.0,1085,460.0,1621
6029,6027,6028,465.0,577685,460.0,1621,428.0,450
6030,6028,6029,460.0,579307,428.0,450,428.0,1499
6031,6029,6030,428.0,539850,428.0,1499,428.0,1500
6032,6030,6031,428.0,541349,428.0,1500,389.0,1324
6033,6031,6032,428.0,542849,389.0,1324,385.0,1599
6034,6032,6033,391.0,540724,385.0,1599,322.0,74
6035,6033,6034,391.0,542323,322.0,74,318.0,376
6036,6034,6035,352.0,576674,318.0,376,322.0,376
6037,6035,6036,359.0,577050,322.0,376,352.0,376
6038,6036,6037,354.0,577427,352.0,376,318.0,376
6039,6037,6038,352.0,577804,318.0,376,322.0,376
6040,6038,6039,359.0,578180,322.0,376,352.0,376
6041,6039,6040,354.0,578557,352.0,376,318.0,376
6042,6040,6041,352.0,578934,318.0,376,322.0,376
6043,6041,6042,359.0,579310,322.0,376,352.0,376
6044,6042,6043,354.0,579687,352.0,376,318.0,376
6045,6043,6044,352.0,580064,318.0,376,332.0,371
6046,6044,6045,350.0,580441,332.0,371,330.0,374
6047,6045,6046,332.0,576971,330.0,374,318.0,374
6048,6046,6047,330.0,577346,318.0,374,322.0,374
6049,6047,6048,337.0,577720,322.0,374,318.0,374
6050,6048,6049,332.0,578095,318.0,374,326.0,374
6051,6049,6050,328.0,578470,326.0,374,322.0,374
6052,6050,6051,333.0,578844,322.0,374,318.0,374
6053,6051,6052,332.0,579219,318.0,374,322.0,374
6054,6052,6053,328.0,579594,322.0,374,330.0,374
6055,6053,6054,332.0,579968,330.0,374,310.0,271
6056,6054,6055,330.0,580343,310.0,271,322.0,371
6057,6055,6056,310.0,576871,322.0,371,303.0,371
6058,6056,6057,305.0,577243,303.0,371,318.0,371
6059,6057,6058,303.0,577615,318.0,371,322.0,371
6060,6058,6059,310.0,577986,322.0,371,318.0,372
6061,6059,6060,305.0,578358,318.0,372,318.0,371
6062,6060,6061,305.0,578730,318.0,371,299.0,371
6063,6061,6062,301.0,579102,299.0,371,322.0,371
6064,6062,6063,310.0,579473,322.0,371,303.0,371
6065,6063,6064,305.0,579845,303.0,371,293.0,2465
6066,6064,6065,303.0,580217,293.0,2465,482.0,910
6067,6065,6066,293.0,579065,482.0,910,460.0,804
6068,6066,6067,482.0,619406,460.0,804,459.0,1621
6069,6067,6068,460.0,581248,459.0,1621,434.0,3
6070,6068,6069,465.0,582869,434.0,3,434.0,26
6071,6069,6070,434.0,9365,434.0,26,439.0,26
6072,6070,6071,434.0,9391,439.0,26,389.0,1047
6073,6071,6072,439.0,9417,389.0,1047,385.0,1599
6074,6072,6073,391.0,544043,385.0,1599,359.0,8
6075,6073,6074,391.0,545642,359.0,8,322.0,376
6076,6074,6075,359.0,580452,322.0,376,352.0,376
6077,6075,6076,354.0,580829,352.0,376,318.0,376
6078,6076,6077,352.0,581206,318.0,376,322.0,376
6079,6077,6078,359.0,581582,322.0,376,352.0,376
6080,6078,6079,354.0,581959,352.0,376,318.0,376
6081,6079,6080,352.0,582336,318.0,376,322.0,376
6082,6080,6081,359.0,582712,322.0,376,352.0,376
6083,6081,6082,354.0,583089,352.0,376,318.0,376
6084,6082,6083,352.0,583466,318.0,376,322.0,376
6085,6083,6084,359.0,583842,322.0,376,332.0,306
6086,6084,6085,354.0,584219,332.0,306,330.0,374
6087,6085,6086,332.0,580750,330.0,374,318.0,374
6088,6086,6087,330.0,581125,318.0,374,322.0,374
6089,6087,6088,337.0,581499,322.0,374,318.0,374
6090,6088,6089,332.0,581874,318.0,374,322.0,374
6091,6089,6090,328.0,582249,322.0,374,318.0,375
6092,6090,6091,332.0,582623,318.0,375,318.0,374
6093,6091,6092,332.0,582998,318.0,374,322.0,374
6094,6092,6093,337.0,583372,322.0,374,330.0,374
6095,6093,6094,332.0,583747,330.0,374,303.0,207
6096,6094,6095,330.0,584122,303.0,207,318.0,371
6097,6095,6096,303.0,580651,318.0,371,322.0,371
6098,6096,6097,310.0,581022,322.0,371,318.0,372
6099,6097,6098,305.0,581394,318.0,372,318.0,371
6100,6098,6099,305.0,581766,318.0,371,299.0,371
6101,6099,6100,301.0,582138,299.0,371,322.0,371
6102,6100,6101,310.0,582509,322.0,371,303.0,371
6103,6101,6102,305.0,582881,303.0,371,318.0,371
6104,6102,6103,303.0,583253,318.0,371,322.0,371
6105,6103,6104,301.0,583625,322.0,371,293.0,1368
6106,6104,6105,305.0,583996,293.0,1368,487.0,3906
6107,6105,6106,293.0,581812,487.0,3906,465.0,522
6108,6106,6107,487.0,626498,465.0,522,460.0,1621
6109,6107,6108,465.0,584810,460.0,1621,459.0,1621
6110,6108,6109,460.0,586432,459.0,1621,428.0,1428
6111,6109,6110,465.0,588053,428.0,1428,428.0,1500
6112,6110,6111,428.0,548020,428.0,1500,389.0,769
6113,6111,6112,428.0,549520,389.0,769,385.0,1599
6114,6112,6113,391.0,547361,385.0,1599,380.0,1972
6115,6113,6114,391.0,548960,380.0,1972,318.0,320
6116,6114,6115,380.0,586260,318.0,320,348.0,376
6117,6115,6116,350.0,584608,348.0,376,322.0,376
6118,6116,6117,359.0,584984,322.0,376,318.0,376
6119,6117,6118,354.0,585361,318.0,376,348.0,376
6120,6118,6119,350.0,585738,348.0,376,322.0,376
6121,6119,6120,359.0,586114,322.0,376,318.0,376
6122,6120,6121,354.0,586491,318.0,376,348.0,376
6123,6121,6122,350.0,586868,348.0,376,322.0,376
6124,6122,6123,359.0,587244,322.0,376,350.0,376
6125,6123,6124,354.0,587621,350.0,376,332.0,241
6126,6124,6125,350.0,587998,332.0,241,318.0,374
6127,6125,6126,332.0,584529,318.0,374,326.0,374
6128,6126,6127,328.0,584904,326.0,374,322.0,374
6129,6127,6128,337.0,585278,322.0,374,318.0,374
6130,6128,6129,332.0,585653,318.0,374,322.0,374
6131,6129,6130,328.0,586028,322.0,374,330.0,374
6132,6130,6131,332.0,586402,330.0,374,318.0,374
6133,6131,6132,330.0,586777,318.0,374,322.0,374
6134,6132,6133,337.0,587151,322.0,374,330.0,374
6135,6133,6134,332.0,587526,330.0,374,305.0,142
6136,6134,6135,330.0,587901,305.0,142,318.0,372
6137,6135,6136,305.0,584430,318.0,372,318.0,371
6138,6136,6137,305.0,584802,318.0,371,299.0,371
6139,6137,6138,301.0,585174,299.0,371,322.0,371
6140,6138,6139,310.0,585545,322.0,371,303.0,371
6141,6139,6140,305.0,585917,303.0,371,318.0,371
6142,6140,6141,303.0,586289,318.0,371,322.0,371
6143,6141,6142,301.0,586661,322.0,371,318.0,372
6144,6142,6143,305.0,587032,318.0,372,303.0,371
6145,6143,6144,305.0,587404,303.0,371,293.0,271
6146,6144,6145,303.0,587776,293.0,271,487.0,2791
6147,6145,6146,293.0,584559,487.0,2791,460.0,241
6148,6146,6147,487.0,629479,460.0,241,459.0,1621
6149,6147,6148,460.0,588373,459.0,1621,460.0,1621
6150,6148,6149,465.0,589994,460.0,1621,434.0,20
6151,6149,6150,460.0,591616,434.0,20,434.0,26
6152,6150,6151,434.0,9506,434.0,26,389.0,491
6153,6151,6152,434.0,9532,389.0,491,385.0,1599
6154,6152,6153,391.0,550679,385.0,1599,397.0,35
6155,6153,6154,391.0,552278,397.0,35,322.0,254
6156,6154,6155,397.0,9521,322.0,254,318.0,377
6157,6155,6156,354.0,588386,318.0,377,318.0,376
6158,6156,6157,354.0,588763,318.0,376,322.0,376
6159,6157,6158,350.0,589140,322.0,376,318.0,377
6160,6158,6159,354.0,589516,318.0,377,318.0,376
6161,6159,6160,354.0,589893,318.0,376,322.0,376
6162,6160,6161,350.0,590270,322.0,376,318.0,377
6163,6161,6162,354.0,590646,318.0,377,318.0,376
6164,6162,6163,354.0,591023,318.0,376,322.0,376
6165,6163,6164,350.0,591400,322.0,376,332.0,176
6166,6164,6165,355.0,591776,332.0,176,318.0,374
6167,6165,6166,332.0,588308,318.0,374,322.0,374
6168,6166,6167,328.0,588683,322.0,374,318.0,375
6169,6167,6168,332.0,589057,318.0,375,318.0,374
6170,6168,6169,332.0,589432,318.0,374,322.0,374
6171,6169,6170,328.0,589807,322.0,374,330.0,374
6172,6170,6171,332.0,590181,330.0,374,318.0,374
6173,6171,6172,330.0,590556,318.0,374,322.0,374
6174,6172,6173,337.0,590930,322.0,374,318.0,374
6175,6173,6174,332.0,591305,318.0,374,301.0,78
6176,6174,6175,328.0,591680,301.0,78,299.0,371
6177,6175,6176,301.0,588210,299.0,371,322.0,371
6178,6176,6177,310.0,588581,322.0,371,303.0,371
6179,6177,6178,305.0,588953,303.0,371,318.0,371
6180,6178,6179,303.0,589325,318.0,371,299.0,371
6181,6179,6180,301.0,589697,299.0,371,322.0,371
6182,6180,6181,310.0,590068,322.0,371,303.0,371
6183,6181,6182,305.0,590440,303.0,371,318.0,371
6184,6182,6183,303.0,590812,318.0,371,322.0,371
6185,6183,6184,310.0,591183,322.0,371,318.0,372
6186,6184,6185,305.0,591555,318.0,372,487.0,1675
6187,6185,6186,305.0,591927,487.0,1675,482.0,3938
6188,6186,6187,487.0,632459,482.0,3938,460.0,1581
6189,6187,6188,482.0,634722,460.0,1581,459.0,1621
6190,6188,6189,460.0,593557,459.0,1621,428.0,907
6191,6189,6190,465.0,595178,428.0,907,428.0,1500
6192,6190,6191,428.0,554691,428.0,1500,389.0,214
6193,6191,6192,428.0,556191,389.0,214,385.0,1599
6194,6192,6193,391.0,553998,385.0,1599,385.0,1599
6195,6193,6194,391.0,555597,385.0,1599,322.0,189
6196,6194,6195,391.0,557196,322.0,189,318.0,376
6197,6195,6196,353.0,592165,318.0,376,322.0,376
6198,6196,6197,350.0,592542,322.0,376,318.0,377
6199,6197,6198,354.0,592918,318.0,377,318.0,376
6200,6198,6199,354.0,593295,318.0,376,322.0,376
6201,6199,6200,350.0,593672,322.0,376,318.0,377
6202,6200,6201,354.0,594048,318.0,377,318.0,376
6203,6201,6202,354.0,594425,318.0,376,322.0,376
6204,6202,6203,350.0,594802,322.0,376,318.0,377
6205,6203,6204,354.0,595178,318.0,377,332.0,111
6206,6204,6205,354.0,595555,332.0,111,318.0,374
6207,6205,6206,332.0,592087,318.0,374,322.0,374
6208,6206,6207,328.0,592462,322.0,374,330.0,374
6209,6207,6208,332.0,592836,330.0,374,318.0,374
6210,6208,6209,330.0,593211,318.0,374,322.0,374
6211,6209,6210,337.0,593585,322.0,374,330.0,374
6212,6210,6211,332.0,593960,330.0,374,318.0,374
6213,6211,6212,330.0,594335,318.0,374,322.0,374
6214,6212,6213,337.0,594709,322.0,374,318.0,374
6215,6213,6214,332.0,595084,318.0,374,305.0,13
6216,6214,6215,328.0,595459,305.0,13,303.0,371
6217,6215,6216,305.0,591989,303.0,371,318.0,371
6218,6216,6217,303.0,592361,318.0,371,299.0,371
6219,6217,6218,301.0,592733,299.0,371,322.0,371
6220,6218,6219,310.0,593104,322.0,371,303.0,371
6221,6219,6220,305.0,593476,303.0,371,318.0,371
6222,6220,6221,303.0,593848,318.0,371,322.0,371
6223,6221,6222,310.0,594219,322.0,371,318.0,372
6224,6222,6223,305.0,594591,318.0,372,318.0,371
6225,6223,6224,305.0,594963,318.0,371,299.0,371
6226,6224,6225,301.0,595335,299.0,371,487.0,560
6227,6225,6226,310.0,595706,487.0,560,482.0,2841
6228,6226,6227,487.0,635440,482.0,2841,465.0,1299
6229,6227,6228,482.0,637721,465.0,1299,460.0,1621
6230,6228,6229,465.0,597119,460.0,1621,434.0,11
6231,6229,6230,460.0,598741,434.0,11,434.0,26
6232,6230,6231,434.0,9621,434.0,26,387.0,58
6233,6231,6232,434.0,9647,387.0,58,389.0,1535
6234,6232,6233,412.0,9668,389.0,1535,385.0,1599
6235,6233,6234,391.0,558915,385.0,1599,359.0,123
6236,6234,6235,391.0,560514,359.0,123,322.0,376
6237,6235,6236,359.0,595943,322.0,376,352.0,376
6238,6236,6237,354.0,596320,352.0,376,318.0,376
6239,6237,6238,352.0,596697,318.0,376,322.0,376
6240,6238,6239,359.0,597073,322.0,376,352.0,376
6241,6239,6240,354.0,597450,352.0,376,318.0,376
6242,6240,6241,352.0,597827,318.0,376,322.0,376
6243,6241,6242,359.0,598203,322.0,376,352.0,376
6244,6242,6243,354.0,598580,352.0,376,318.0,376
6245,6243,6244,352.0,598957,318.0,376,332.0,46
6246,6244,6245,359.0,599333,332.0,46,318.0,374
6247,6245,6246,332.0,595866,318.0,374,322.0,374
6248,6246,6247,328.0,596241,322.0,374,330.0,374
6249,6247,6248,332.0,596615,330.0,374,318.0,374
6250,6248,6249,330.0,596990,318.0,374,322.0,374
6251,6249,6250,337.0,597364,322.0,374,318.0,374
6252,6250,6251,332.0,597739,318.0,374,326.0,374
6253,6251,6252,328.0,598114,326.0,374,322.0,374
6254,6252,6253,337.0,598488,322.0,374,318.0,374
6255,6253,6254,332.0,598863,318.0,374,322.0,374
6256,6254,6255,328.0,599238,322.0,374,310.0,320
6257,6255,6256,332.0,599612,310.0,320,322.0,371
6258,6256,6257,310.0,596140,322.0,371,303.0,371
6259,6257,6258,305.0,596512,303.0,371,318.0,371
6260,6258,6259,303.0,596884,318.0,371,322.0,371
6261,6259,6260,310.0,597255,322.0,371,318.0,372
6262,6260,6261,305.0,597627,318.0,372,318.0,371
6263,6261,6262,305.0,597999,318.0,371,299.0,371
6264,6262,6263,301.0,598371,299.0,371,322.0,371
6265,6263,6264,310.0,598742,322.0,371,303.0,371
6266,6264,6265,305.0,599114,303.0,371,293.0,3298
6267,6265,6266,303.0,599486,293.0,3298,482.0,1744
6268,6266,6267,293.0,599118,482.0,1744,460.0,1018
6269,6267,6268,482.0,640720,460.0,1018,459.0,1621
6270,6268,6269,460.0,600682,459.0,1621,428.0,387
6271,6269,6270,465.0,602303,428.0,387,428.0,1499
6272,6270,6271,428.0,561363,428.0,1499,428.0,1500
6273,6271,6272,428.0,562862,428.0,1500,389.0,1258
6274,6272,6273,428.0,564362,389.0,1258,387.0,1598
6275,6273,6274,391.0,562234,387.0,1598,322.0,58
6276,6274,6275,391.0,563832,322.0,58,352.0,376
6277,6275,6276,354.0,599722,352.0,376,318.0,376
6278,6276,6277,352.0,600099,318.0,376,322.0,376
6279,6277,6278,359.0,600475,322.0,376,352.0,376
6280,6278,6279,354.0,600852,352.0,376,318.0,376
6281,6279,6280,352.0,601229,318.0,376,322.0,376
6282,6280,6281,359.0,601605,322.0,376,352.0,376
6283,6281,6282,354.0,601982,352.0,376,318.0,376
6284,6282,6283,352.0,602359,318.0,376,322.0,376
6285,6283,6284,359.0,602735,322.0,376,352.0,376
6286,6284,6285,354.0,603112,352.0,376,337.0,355
6287,6285,6286,352.0,603489,337.0,355,322.0,374
6288,6286,6287,337.0,600019,322.0,374,330.0,374
6289,6287,6288,332.0,600394,330.0,374,318.0,374
6290,6288,6289,330.0,600769,318.0,374,322.0,374
6291,6289,6290,337.0,601143,322.0,374,318.0,374
6292,6290,6291,332.0,601518,318.0,374,322.0,374
6293,6291,6292,328.0,601893,322.0,374,318.0,375
6294,6292,6293,332.0,602267,318.0,375,318.0,374
6295,6293,6294,332.0,602642,318.0,374,322.0,374
6296,6294,6295,328.0,603017,322.0,374,303.0,256
6297,6295,6296,332.0,603391,303.0,256,318.0,371
6298,6296,6297,303.0,599920,318.0,371,322.0,371
6299,6297,6298,310.0,600291,322.0,371,318.0,372
6300,6298,6299,305.0,600663,318.0,372,318.0,371
6301,6299,6300,305.0,601035,318.0,371,299.0,371
6302,6300,6301,301.0,601407,299.0,371,322.0,371
6303,6301,6302,310.0,601778,322.0,371,303.0,371
6304,6302,6303,305.0,602150,303.0,371,318.0,371
6305,6303,6304,303.0,602522,318.0,371,322.0,371
6306,6304,6305,301.0,602894,322.0,371,293.0,2201
6307,6305,6306,306.0,603265,293.0,2201,482.0,646
6308,6306,6307,293.0,601865,482.0,646,460.0,736
6309,6307,6308,482.0,643718,460.0,736,459.0,1622
6310,6308,6309,460.0,604244,459.0,1622,434.0,2
6311,6309,6310,460.0,605866,434.0,2,434.0,26
6312,6310,6311,434.0,9736,434.0,26,428.0,1504
6313,6311,6312,434.0,9762,428.0,1504,389.0,980
6314,6312,6313,428.0,567700,389.0,980,385.0,1598
6315,6313,6314,391.0,565552,385.0,1598,380.0,3617
6316,6314,6315,391.0,567151,380.0,3617,359.0,369
6317,6315,6316,380.0,607125,359.0,369,322.0,376
6318,6316,6317,359.0,603877,322.0,376,318.0,376
6319,6317,6318,354.0,604254,318.0,376,348.0,376
6320,6318,6319,350.0,604631,348.0,376,322.0,376
6321,6319,6320,359.0,605007,322.0,376,318.0,376
6322,6320,6321,354.0,605384,318.0,376,348.0,376
6323,6321,6322,350.0,605761,348.0,376,322.0,376
6324,6322,6323,359.0,606137,322.0,376,318.0,376
6325,6323,6324,354.0,606514,318.0,376,348.0,376
6326,6324,6325,350.0,606891,348.0,376,337.0,290
6327,6325,6326,359.0,607267,337.0,290,322.0,374
6328,6326,6327,337.0,603798,322.0,374,318.0,374
6329,6327,6328,332.0,604173,318.0,374,326.0,374
6330,6328,6329,328.0,604548,326.0,374,322.0,374
6331,6329,6330,337.0,604922,322.0,374,318.0,374
6332,6330,6331,332.0,605297,318.0,374,322.0,374
6333,6331,6332,328.0,605672,322.0,374,330.0,374
6334,6332,6333,332.0,606046,330.0,374,318.0,374
6335,6333,6334,330.0,606421,318.0,374,322.0,374
6336,6334,6335,337.0,606795,322.0,374,305.0,191
6337,6335,6336,332.0,607170,305.0,191,318.0,372
6338,6336,6337,305.0,603699,318.0,372,318.0,371
6339,6337,6338,305.0,604071,318.0,371,299.0,371
6340,6338,6339,301.0,604443,299.0,371,322.0,371
6341,6339,6340,310.0,604814,322.0,371,303.0,371
6342,6340,6341,305.0,605186,303.0,371,318.0,371
6343,6341,6342,303.0,605558,318.0,371,299.0,371
6344,6342,6343,301.0,605930,299.0,371,322.0,371
6345,6343,6344,310.0,606301,322.0,371,303.0,371
6346,6344,6345,305.0,606673,303.0,371,293.0,1104
6347,6345,6346,303.0,607045,293.0,1104,487.0,3637
6348,6346,6347,293.0,604612,487.0,3637,465.0,454
6349,6347,6348,487.0,650805,465.0,454,460.0,1621
6350,6348,6349,465.0,607806,460.0,1621,459.0,1622
6351,6349,6350,460.0,609428,459.0,1622,428.0,1365
6352,6350,6351,460.0,611050,428.0,1365,428.0,1500
6353,6351,6352,428.0,569533,428.0,1500,389.0,702
6354,6352,6353,428.0,571033,389.0,702,385.0,1599
6355,6353,6354,391.0,568870,385.0,1599,380.0,1451
6356,6354,6355,391.0,570469,380.0,1451,322.0,304
6357,6355,6356,380.0,608803,322.0,304,318.0,376
6358,6356,6357,354.0,607656,318.0,376,322.0,376
6359,6357,6358,350.0,608033,322.0,376,318.0,377
6360,6358,6359,354.0,608409,318.0,377,318.0,376
6361,6359,6360,354.0,608786,318.0,376,322.0,376
6362,6360,6361,350.0,609163,322.0,376,318.0,377
6363,6361,6362,354.0,609539,318.0,377,318.0,376
6364,6362,6363,354.0,609916,318.0,376,322.0,376
6365,6363,6364,350.0,610293,322.0,376,318.0,377
6366,6364,6365,354.0,610669,318.0,377,337.0,225
6367,6365,6366,354.0,611046,337.0,225,322.0,374
6368,6366,6367,337.0,607577,322.0,374,318.0,374
6369,6367,6368,332.0,607952,318.0,374,322.0,374
6370,6368,6369,328.0,608327,322.0,374,318.0,375
6371,6369,6370,332.0,608701,318.0,375,318.0,374
6372,6370,6371,332.0,609076,318.0,374,322.0,374
6373,6371,6372,328.0,609451,322.0,374,330.0,374
6374,6372,6373,332.0,609825,330.0,374,318.0,374
6375,6373,6374,330.0,610200,318.0,374,322.0,374
6376,6374,6375,337.0,610574,322.0,374,301.0,127
6377,6375,6376,332.0,610949,301.0,127,299.0,371
6378,6376,6377,301.0,607479,299.0,371,322.0,371
6379,6377,6378,310.0,607850,322.0,371,303.0,371
6380,6378,6379,305.0,608222,303.0,371,318.0,371
6381,6379,6380,303.0,608594,318.0,371,299.0,371
6382,6380,6381,301.0,608966,299.0,371,322.0,371
6383,6381,6382,310.0,609337,322.0,371,303.0,371
6384,6382,6383,305.0,609709,303.0,371,318.0,371
6385,6383,6384,303.0,610081,318.0,371,322.0,371
6386,6384,6385,310.0,610452,322.0,371,178.0,1
6387,6385,6386,305.0,610824,178.0,1,487.0,2522
6388,6386,6387,178.0,159,487.0,2522,460.0,173
6389,6387,6388,487.0,653786,460.0,173,459.0,1621
6390,6388,6389,460.0,611369,459.0,1621,460.0,1621
6391,6389,6390,465.0,612990,460.0,1621,434.0,19
6392,6390,6391,460.0,614612,434.0,19,428.0,1504
6393,6391,6392,434.0,9877,428.0,1504,389.0,425
6394,6392,6393,428.0,574371,389.0,425,385.0,1599
6395,6393,6394,391.0,572189,385.0,1599,402.0,27
6396,6394,6395,391.0,573788,402.0,27,318.0,239
6397,6395,6396,402.0,9885,318.0,239,322.0,376
6398,6396,6397,350.0,611435,322.0,376,352.0,376
6399,6397,6398,354.0,611811,352.0,376,318.0,376
6400,6398,6399,352.0,612188,318.0,376,322.0,376
6401,6399,6400,350.0,612565,322.0,376,353.0,376
6402,6400,6401,354.0,612941,353.0,376,318.0,376
6403,6401,6402,353.0,613318,318.0,376,322.0,376
6404,6402,6403,350.0,613695,322.0,376,318.0,377
6405,6403,6404,354.0,614071,318.0,377,318.0,376
6406,6404,6405,354.0,614448,318.0,376,337.0,160
6407,6405,6406,350.0,614825,337.0,160,322.0,374
6408,6406,6407,337.0,611356,322.0,374,318.0,374
6409,6407,6408,332.0,611731,318.0,374,322.0,374
6410,6408,6409,328.0,612106,322.0,374,330.0,374
6411,6409,6410,332.0,612480,330.0,374,318.0,374
6412,6410,6411,330.0,612855,318.0,374,322.0,374
6413,6411,6412,337.0,613229,322.0,374,330.0,374
6414,6412,6413,332.0,613604,330.0,374,318.0,374
6415,6413,6414,330.0,613979,318.0,374,322.0,374
6416,6414,6415,337.0,614353,322.0,374,305.0,62
6417,6415,6416,332.0,614728,305.0,62,303.0,371
6418,6416,6417,305.0,611258,303.0,371,318.0,371
6419,6417,6418,303.0,611630,318.0,371,299.0,371
6420,6418,6419,301.0,612002,299.0,371,322.0,371
6421,6419,6420,310.0,612373,322.0,371,303.0,371
6422,6420,6421,305.0,612745,303.0,371,318.0,371
6423,6421,6422,303.0,613117,318.0,371,322.0,371
6424,6422,6423,310.0,613488,322.0,371,318.0,372
6425,6423,6424,305.0,613860,318.0,372,318.0,371
6426,6424,6425,305.0,614232,318.0,371,299.0,371
6427,6425,6426,301.0,614604,299.0,371,487.0,1407
6428,6426,6427,310.0,614975,487.0,1407,482.0,3674
6429,6427,6428,487.0,656767,482.0,3674,460.0,1513
6430,6428,6429,482.0,659034,460.0,1513,459.0,1621
6431,6429,6430,460.0,616553,459.0,1621,428.0,844
6432,6430,6431,467.0,618174,428.0,844,428.0,1500
6433,6431,6432,428.0,576204,428.0,1500,389.0,147
6434,6432,6433,428.0,577704,389.0,147,385.0,1599
6435,6433,6434,391.0,575507,385.0,1599,385.0,1598
6436,6434,6435,391.0,577106,385.0,1598,322.0,173
6437,6435,6436,391.0,578705,322.0,173,352.0,376
6438,6436,6437,354.0,615213,352.0,376,318.0,376
6439,6437,6438,352.0,615590,318.0,376,322.0,376
6440,6438,6439,359.0,615966,322.0,376,352.0,376
6441,6439,6440,354.0,616343,352.0,376,318.0,376
6442,6440,6441,352.0,616720,318.0,376,322.0,376
6443,6441,6442,359.0,617096,322.0,376,352.0,376
6444,6442,6443,354.0,617473,352.0,376,318.0,376
6445,6443,6444,352.0,617850,318.0,376,322.0,376
6446,6444,6445,359.0,618226,322.0,376,337.0,95
6447,6445,6446,354.0,618603,337.0,95,322.0,374
6448,6446,6447,337.0,615135,322.0,374,318.0,374
6449,6447,6448,332.0,615510,318.0,374,322.0,374
6450,6448,6449,328.0,615885,322.0,374,330.0,374
6451,6449,6450,332.0,616259,330.0,374,318.0,374
6452,6450,6451,330.0,616634,318.0,374,322.0,374
6453,6451,6452,337.0,617008,322.0,374,318.0,374
6454,6452,6453,332.0,617383,318.0,374,326.0,374
6455,6453,6454,328.0,617758,326.0,374,322.0,374
6456,6454,6455,337.0,618132,322.0,374,318.0,374
6457,6455,6456,332.0,618507,318.0,374,310.0,369
6458,6456,6457,328.0,618882,310.0,369,322.0,371
6459,6457,6458,310.0,615409,322.0,371,303.0,371
6460,6458,6459,305.0,615781,303.0,371,318.0,371
6461,6459,6460,303.0,616153,318.0,371,322.0,371
6462,6460,6461,310.0,616524,322.0,371,318.0,372
6463,6461,6462,305.0,616896,318.0,372,318.0,371
6464,6462,6463,305.0,617268,318.0,371,299.0,371
6465,6463,6464,301.0,617640,299.0,371,322.0,371
6466,6464,6465,310.0,618011,322.0,371,303.0,371
6467,6465,6466,305.0,618383,303.0,371,487.0,291
6468,6466,6467,303.0,618755,487.0,291,482.0,2577
6469,6467,6468,487.0,659747,482.0,2577,465.0,1231
6470,6468,6469,482.0,662033,465.0,1231,460.0,1621
6471,6469,6470,465.0,620115,460.0,1621,434.0,10
6472,6470,6471,460.0,621737,434.0,10,428.0,1504
6473,6471,6472,434.0,9992,428.0,1504,428.0,1499
6474,6472,6473,428.0,581042,428.0,1499,389.0,1468
6475,6473,6474,428.0,582541,389.0,1468,385.0,1599
6476,6474,6475,391.0,580424,385.0,1599,322.0,108
6477,6475,6476,391.0,582023,322.0,108,318.0,376
6478,6476,6477,352.0,618992,318.0,376,322.0,376
6479,6477,6478,359.0,619368,322.0,376,352.0,376
6480,6478,6479,354.0,619745,352.0,376,318.0,376
6481,6479,6480,352.0,620122,318.0,376,322.0,376
6482,6480,6481,359.0,620498,322.0,376,352.0,376
6483,6481,6482,354.0,620875,352.0,376,318.0,376
6484,6482,6483,352.0,621252,318.0,376,322.0,376
6485,6483,6484,359.0,621628,322.0,376,352.0,376
6486,6484,6485,354.0,622005,352.0,376,332.0,30
6487,6485,6486,352.0,622382,332.0,30,318.0,375
6488,6486,6487,332.0,618914,318.0,375,318.0,374
6489,6487,6488,332.0,619289,318.0,374,322.0,374
6490,6488,6489,328.0,619664,322.0,374,330.0,374
6491,6489,6490,332.0,620038,330.0,374,318.0,374
6492,6490,6491,330.0,620413,318.0,374,322.0,374
6493,6491,6492,337.0,620787,322.0,374,318.0,374
6494,6492,6493,332.0,621162,318.0,374,322.0,374
6495,6493,6494,328.0,621537,322.0,374,318.0,375
6496,6494,6495,332.0,621911,318.0,375,318.0,374
6497,6495,6496,332.0,622286,318.0,374,303.0,305
6498,6496,6497,328.0,622661,303.0,305,318.0,371
6499,6497,6498,303.0,619189,318.0,371,322.0,371
6500,6498,6499,301.0,619561,322.0,371,318.0,372
6501,6499,6500,305.0,619932,318.0,372,318.0,371
6502,6500,6501,305.0,620304,318.0,371,299.0,371
6503,6501,6502,301.0,620676,299.0,371,322.0,371
6504,6502,6503,310.0,621047,322.0,371,303.0,371
6505,6503,6504,305.0,621419,303.0,371,318.0,371
6506,6504,6505,303.0,621791,318.0,371,299.0,371
6507,6505,6506,301.0,622163,299.0,371,293.0,3034
6508,6506,6507,310.0,622534,293.0,3034,482.0,1480
6509,6507,6508,293.0,621918,482.0,1480,460.0,950
6510,6508,6509,482.0,665032,460.0,950,459.0,1621
6511,6509,6510,460.0,623678,459.0,1621,428.0,324
6512,6510,6511,465.0,625299,428.0,324,428.0,1499
6513,6511,6512,428.0,582876,428.0,1499,428.0,1500
6514,6512,6513,428.0,584375,428.0,1500,389.0,1191
6515,6513,6514,428.0,585875,389.0,1191,385.0,1599
6516,6514,6515,391.0,583743,385.0,1599,359.0,42
6517,6515,6516,391.0,585342,359.0,42,322.0,376
6518,6516,6517,359.0,622770,322.0,376,318.0,376
6519,6517,6518,354.0,623147,318.0,376,348.0,376
6520,6518,6519,350.0,623524,348.0,376,322.0,376
6521,6519,6520,359.0,623900,322.0,376,318.0,376
6522,6520,6521,354.0,624277,318.0,376,348.0,376
6523,6521,6522,350.0,624654,348.0,376,322.0,376
6524,6522,6523,359.0,625030,322.0,376,318.0,376
6525,6523,6524,354.0,625407,318.0,376,348.0,376
6526,6524,6525,350.0,625784,348.0,376,322.0,376
6527,6525,6526,359.0,626160,322.0,376,330.0,340
6528,6526,6527,354.0,626537,330.0,340,318.0,374
6529,6527,6528,330.0,623068,318.0,374,322.0,374
6530,6528,6529,337.0,623442,322.0,374,330.0,374
6531,6529,6530,332.0,623817,330.0,374,318.0,374
6532,6530,6531,330.0,624192,318.0,374,322.0,374
6533,6531,6532,337.0,624566,322.0,374,318.0,374
6534,6532,6533,332.0,624941,318.0,374,322.0,374
6535,6533,6534,328.0,625316,322.0,374,331.0,374
6536,6534,6535,332.0,625690,331.0,374,318.0,374
6537,6535,6536,331.0,626065,318.0,374,305.0,240
6538,6536,6537,337.0,626439,305.0,240,318.0,372
6539,6537,6538,305.0,622968,318.0,372,318.0,371
6540,6538,6539,305.0,623340,318.0,371,299.0,371
6541,6539,6540,301.0,623712,299.0,371,322.0,371
6542,6540,6541,310.0,624083,322.0,371,303.0,371
6543,6541,6542,305.0,624455,303.0,371,318.0,371
6544,6542,6543,303.0,624827,318.0,371,299.0,371
6545,6543,6544,301.0,625199,299.0,371,322.0,371
6546,6544,6545,310.0,625570,322.0,371,303.0,371
6547,6545,6546,305.0,625942,303.0,371,293.0,1937
6548,6546,6547,303.0,626314,293.0,1937,482.0,382
6549,6547,6548,293.0,624665,482.0,382,465.0,668
6550,6548,6549,482.0,668030,465.0,668,460.0,1621
6551,6549,6550,465.0,627240,460.0,1621,434.0,1
6552,6550,6551,460.0,628862,434.0,1,428.0,1504
6553,6551,6552,434.0,10107,428.0,1504,428.0,1500
6554,6552,6553,428.0,587713,428.0,1500,389.0,913
6555,6553,6554,428.0,589213,389.0,913,385.0,1599
6556,6554,6555,391.0,587061,385.0,1599,380.0,3095
6557,6555,6556,391.0,588660,380.0,3095,318.0,354
6558,6556,6557,380.0,629667,318.0,354,322.0,376
6559,6557,6558,350.0,626926,322.0,376,318.0,377
6560,6558,6559,354.0,627302,318.0,377,318.0,376
6561,6559,6560,354.0,627679,318.0,376,322.0,376
6562,6560,6561,350.0,628056,322.0,376,318.0,377
6563,6561,6562,354.0,628432,318.0,377,318.0,376
6564,6562,6563,354.0,628809,318.0,376,322.0,376
6565,6563,6564,350.0,629186,322.0,376,318.0,377
6566,6564,6565,354.0,629562,318.0,377,318.0,376
6567,6565,6566,354.0,629939,318.0,376,330.0,275
6568,6566,6567,350.0,630316,330.0,275,318.0,374
6569,6567,6568,330.0,626847,318.0,374,322.0,374
6570,6568,6569,337.0,627221,322.0,374,318.0,374
6571,6569,6570,332.0,627596,318.0,374,326.0,374
6572,6570,6571,328.0,627971,326.0,374,322.0,374
6573,6571,6572,337.0,628345,322.0,374,318.0,374
6574,6572,6573,332.0,628720,318.0,374,322.0,374
6575,6573,6574,328.0,629095,322.0,374,330.0,374
6576,6574,6575,332.0,629469,330.0,374,318.0,374
6577,6575,6576,330.0,629844,318.0,374,301.0,176
6578,6576,6577,337.0,630218,301.0,176,299.0,371
6579,6577,6578,301.0,626748,299.0,371,322.0,371
6580,6578,6579,310.0,627119,322.0,371,318.0,372
6581,6579,6580,305.0,627491,318.0,372,318.0,371
6582,6580,6581,305.0,627863,318.0,371,299.0,371
6583,6581,6582,301.0,628235,299.0,371,322.0,371
6584,6582,6583,310.0,628606,322.0,371,303.0,371
6585,6583,6584,305.0,628978,303.0,371,318.0,371
6586,6584,6585,303.0,629350,318.0,371,322.0,371
6587,6585,6586,310.0,629721,322.0,371,293.0,840
6588,6586,6587,305.0,630093,293.0,840,487.0,3369
6589,6587,6588,293.0,627412,487.0,3369,460.0,387
6590,6588,6589,487.0,675113,460.0,387,459.0,1621
6591,6589,6590,460.0,630803,459.0,1621,460.0,1621
6592,6590,6591,465.0,632424,460.0,1621,428.0,1302
6593,6591,6592,460.0,634046,428.0,1302,428.0,1500
6594,6592,6593,428.0,591046,428.0,1500,389.0,635
6595,6593,6594,428.0,592546,389.0,635,385.0,1599
6596,6594,6595,391.0,590379,385.0,1599,380.0,929
6597,6595,6596,391.0,591978,380.0,929,322.0,288
6598,6596,6597,380.0,631345,322.0,288,352.0,376
6599,6597,6598,354.0,630704,352.0,376,318.0,376
6600,6598,6599,352.0,631081,318.0,376,322.0,376
6601,6599,6600,350.0,631458,322.0,376,353.0,376
6602,6600,6601,354.0,631834,353.0,376,318.0,376
6603,6601,6602,353.0,632211,318.0,376,322.0,376
6604,6602,6603,350.0,632588,322.0,376,318.0,377
6605,6603,6604,354.0,632964,318.0,377,318.0,376
6606,6604,6605,354.0,633341,318.0,376,322.0,376
6607,6605,6606,350.0,633718,322.0,376,330.0,210
6608,6606,6607,354.0,634094,330.0,210,318.0,374
6609,6607,6608,330.0,630626,318.0,374,322.0,374
6610,6608,6609,337.0,631000,322.0,374,318.0,374
6611,6609,6610,332.0,631375,318.0,374,322.0,374
6612,6610,6611,328.0,631750,322.0,374,318.0,375
6613,6611,6612,332.0,632124,318.0,375,318.0,374
6614,6612,6613,332.0,632499,318.0,374,322.0,374
6615,6613,6614,328.0,632874,322.0,374,330.0,374
6616,6614,6615,332.0,633248,330.0,374,318.0,374
6617,6615,6616,330.0,633623,318.0,374,305.0,111
6618,6616,6617,337.0,633997,305.0,111,318.0,372
6619,6617,6618,305.0,630527,318.0,372,318.0,371
6620,6618,6619,305.0,630899,318.0,371,299.0,371
6621,6619,6620,301.0,631271,299.0,371,322.0,371
6622,6620,6621,310.0,631642,322.0,371,303.0,371
6623,6621,6622,305.0,632014,303.0,371,318.0,371
6624,6622,6623,303.0,632386,318.0,371,322.0,371
6625,6623,6624,310.0,632757,322.0,371,318.0,372
6626,6624,6625,305.0,633129,318.0,372,318.0,371
6627,6625,6626,305.0,633501,318.0,371,299.0,371
6628,6626,6627,301.0,633873,299.0,371,487.0,2254
6629,6627,6628,310.0,634244,487.0,2254,465.0,105
6630,6628,6629,487.0,678094,465.0,105,460.0,1621
6631,6629,6630,465.0,634365,460.0,1621,459.0,1621
6632,6630,6631,460.0,635987,459.0,1621,428.0,1044
6633,6631,6632,465.0,637608,428.0,1044,428.0,1500
6634,6632,6633,428.0,594384,428.0,1500,389.0,358
6635,6633,6634,428.0,595884,389.0,358,385.0,1599
6636,6634,6635,391.0,593698,385.0,1599,385.0,1599
6637,6635,6636,391.0,595297,385.0,1599,322.0,223
6638,6636,6637,391.0,596896,322.0,223,318.0,376
6639,6637,6638,352.0,634483,318.0,376,322.0,376
6640,6638,6639,359.0,634859,322.0,376,352.0,376
6641,6639,6640,354.0,635236,352.0,376,318.0,376
6642,6640,6641,352.0,635613,318.0,376,322.0,376
6643,6641,6642,359.0,635989,322.0,376,352.0,376
6644,6642,6643,354.0,636366,352.0,376,318.0,376
6645,6643,6644,352.0,636743,318.0,376,322.0,376
6646,6644,6645,359.0,637119,322.0,376,352.0,376
6647,6645,6646,354.0,637496,352.0,376,328.0,145
6648,6646,6647,352.0,637873,328.0,145,326.0,374
6649,6647,6648,328.0,634405,326.0,374,322.0,374
6650,6648,6649,337.0,634779,322.0,374,318.0,374
6651,6649,6650,332.0,635154,318.0,374,322.0,374
6652,6650,6651,328.0,635529,322.0,374,330.0,374
6653,6651,6652,332.0,635903,330.0,374,318.0,374
6654,6652,6653,330.0,636278,318.0,374,322.0,374
6655,6653,6654,337.0,636652,322.0,374,330.0,374
6656,6654,6655,332.0,637027,330.0,374,318.0,374
6657,6655,6656,330.0,637402,318.0,374,301.0,47
6658,6656,6657,337.0,637776,301.0,47,299.0,371
6659,6657,6658,301.0,634307,299.0,371,322.0,371
6660,6658,6659,310.0,634678,322.0,371,303.0,371
6661,6659,6660,305.0,635050,303.0,371,318.0,371
6662,6660,6661,303.0,635422,318.0,371,322.0,371
6663,6661,6662,310.0,635793,322.0,371,318.0,372
6664,6662,6663,305.0,636165,318.0,372,318.0,371
6665,6663,6664,305.0,636537,318.0,371,299.0,371
6666,6664,6665,301.0,636909,299.0,371,322.0,371
6667,6665,6666,310.0,637280,322.0,371,303.0,371
6668,6666,6667,305.0,637652,303.0,371,487.0,1138
6669,6667,6668,303.0,638024,487.0,1138,482.0,3410
6670,6668,6669,487.0,681074,482.0,3410,465.0,1445
6671,6669,6670,482.0,683346,465.0,1445,460.0,1621
6672,6670,6671,465.0,639549,460.0,1621,428.0,781
6673,6671,6672,460.0,641171,428.0,781,428.0,1500
6674,6672,6673,428.0,597717,428.0,1500,389.0,80
6675,6673,6674,428.0,599217,389.0,80,385.0,1599
6676,6674,6675,391.0,597016,385.0,1599,385.0,1599
6677,6675,6676,391.0,598615,385.0,1599,359.0,157
6678,6676,6677,391.0,600214,359.0,157,322.0,376
6679,6677,6678,359.0,638261,322.0,376,352.0,376
6680,6678,6679,354.0,638638,352.0,376,318.0,376
6681,6679,6680,352.0,639015,318.0,376,322.0,376
6682,6680,6681,359.0,639391,322.0,376,352.0,376
6683,6681,6682,354.0,639768,352.0,376,318.0,376
6684,6682,6683,352.0,640145,318.0,376,322.0,376
6685,6683,6684,359.0,640521,322.0,376,352.0,376
6686,6684,6685,354.0,640898,352.0,376,318.0,376
6687,6685,6686,352.0,641275,318.0,376,328.0,80
6688,6686,6687,359.0,641651,328.0,80,322.0,374
6689,6687,6688,328.0,638184,322.0,374,318.0,375
6690,6688,6689,332.0,638558,318.0,375,318.0,374
6691,6689,6690,332.0,638933,318.0,374,322.0,374
6692,6690,6691,328.0,639308,322.0,374,330.0,374
6693,6691,6692,332.0,639682,330.0,374,318.0,374
6694,6692,6693,330.0,640057,318.0,374,322.0,374
6695,6693,6694,337.0,640431,322.0,374,318.0,374
6696,6694,6695,332.0,640806,318.0,374,326.0,374
6697,6695,6696,328.0,641181,326.0,374,322.0,374
6698,6696,6697,337.0,641555,322.0,374,303.0,354
6699,6697,6698,332.0,641930,303.0,354,318.0,371
6700,6698,6699,303.0,638458,318.0,371,322.0,371
6701,6699,6700,301.0,638830,322.0,371,318.0,372
6702,6700,6701,305.0,639201,318.0,372,318.0,371
6703,6701,6702,305.0,639573,318.0,371,299.0,371
6704,6702,6703,301.0,639945,299.0,371,322.0,371
6705,6703,6704,310.0,640316,322.0,371,303.0,371
6706,6704,6705,305.0,640688,303.0,371,318.0,371
6707,6705,6706,303.0,641060,318.0,371,299.0,371
6708,6706,6707,301.0,641432,299.0,371,161.0,1
6709,6707,6708,310.0,641803,161.0,1,482.0,2313
6710,6708,6709,38.0,166,482.0,2313,460.0,1164
6711,6709,6710,482.0,686345,460.0,1164,459.0,1621
6712,6710,6711,460.0,643112,459.0,1621,439.0,9
6713,6711,6712,465.0,644733,439.0,9,428.0,1501
6714,6712,6713,439.0,10363,428.0,1501,428.0,1499
6715,6713,6714,428.0,602555,428.0,1499,389.0,1401
6716,6714,6715,428.0,604054,389.0,1401,385.0,1599
6717,6715,6716,391.0,601933,385.0,1599,322.0,92
6718,6716,6717,391.0,603532,322.0,92,318.0,376
6719,6717,6718,354.0,642040,318.0,376,348.0,376
6720,6718,6719,350.0,642417,348.0,376,322.0,376
6721,6719,6720,359.0,642793,322.0,376,318.0,376
6722,6720,6721,354.0,643170,318.0,376,348.0,376
6723,6721,6722,350.0,643547,348.0,376,322.0,376
6724,6722,6723,359.0,643923,322.0,376,318.0,376
6725,6723,6724,354.0,644300,318.0,376,348.0,376
6726,6724,6725,350.0,644677,348.0,376,322.0,376
6727,6725,6726,359.0,645053,322.0,376,328.0,15
6728,6726,6727,354.0,645430,328.0,15,322.0,374
6729,6727,6728,328.0,641963,322.0,374,330.0,374
6730,6728,6729,332.0,642337,330.0,374,318.0,374
6731,6729,6730,330.0,642712,318.0,374,322.0,374
6732,6730,6731,337.0,643086,322.0,374,330.0,374
6733,6731,6732,332.0,643461,330.0,374,318.0,374
6734,6732,6733,330.0,643836,318.0,374,322.0,374
6735,6733,6734,337.0,644210,322.0,374,318.0,374
6736,6734,6735,332.0,644585,318.0,374,322.0,374
6737,6735,6736,328.0,644960,322.0,374,318.0,375
6738,6736,6737,332.0,645334,318.0,375,305.0,289
6739,6737,6738,332.0,645709,305.0,289,318.0,372
6740,6738,6739,305.0,642237,318.0,372,318.0,371
6741,6739,6740,305.0,642609,318.0,371,299.0,371
6742,6740,6741,301.0,642981,299.0,371,322.0,371
6743,6741,6742,310.0,643352,322.0,371,318.0,372
6744,6742,6743,305.0,643724,318.0,372,318.0,371
6745,6743,6744,305.0,644096,318.0,371,299.0,371
6746,6744,6745,301.0,644468,299.0,371,322.0,371
6747,6745,6746,310.0,644839,322.0,371,303.0,371
6748,6746,6747,305.0,645211,303.0,371,293.0,2770
6749,6747,6748,303.0,645583,293.0,2770,482.0,1215
6750,6748,6749,293.0,644718,482.0,1215,460.0,882
6751,6749,6750,482.0,689343,460.0,882,459.0,1622
6752,6750,6751,460.0,646674,459.0,1622,428.0,261
6753,6751,6752,460.0,648296,428.0,261,428.0,1499
6754,6752,6753,428.0,604389,428.0,1499,434.0,26
6755,6753,6754,428.0,605888,434.0,26,389.0,1124
6756,6754,6755,434.0,10472,389.0,1124,385.0,1599
6757,6755,6756,391.0,605252,385.0,1599,318.0,27
6758,6756,6757,391.0,606851,318.0,27,322.0,376
6759,6757,6758,350.0,645819,322.0,376,318.0,377
6760,6758,6759,354.0,646195,318.0,377,318.0,376
6761,6759,6760,354.0,646572,318.0,376,322.0,376
6762,6760,6761,350.0,646949,322.0,376,318.0,377
6763,6761,6762,354.0,647325,318.0,377,318.0,376
6764,6762,6763,354.0,647702,318.0,376,322.0,376
6765,6763,6764,350.0,648079,322.0,376,318.0,377
6766,6764,6765,354.0,648455,318.0,377,318.0,376
6767,6765,6766,354.0,648832,318.0,376,322.0,376
6768,6766,6767,350.0,649209,322.0,376,332.0,324
6769,6767,6768,354.0,649585,332.0,324,330.0,374
6770,6768,6769,332.0,646116,330.0,374,318.0,374
6771,6769,6770,330.0,646491,318.0,374,322.0,374
6772,6770,6771,337.0,646865,322.0,374,318.0,374
6773,6771,6772,332.0,647240,318.0,374,326.0,374
6774,6772,6773,328.0,647615,326.0,374,322.0,374
6775,6773,6774,337.0,647989,322.0,374,318.0,374
6776,6774,6775,332.0,648364,318.0,374,322.0,374
6777,6775,6776,328.0,648739,322.0,374,330.0,374
6778,6776,6777,332.0,649113,330.0,374,303.0,225
6779,6777,6778,330.0,649488,303.0,225,318.0,371
6780,6778,6779,303.0,646017,318.0,371,322.0,371
6781,6779,6780,310.0,646388,322.0,371,318.0,372
6782,6780,6781,305.0,646760,318.0,372,318.0,371
6783,6781,6782,305.0,647132,318.0,371,299.0,371
6784,6782,6783,301.0,647504,299.0,371,322.0,371
6785,6783,6784,310.0,647875,322.0,371,303.0,371
6786,6784,6785,305.0,648247,303.0,371,318.0,371
6787,6785,6786,303.0,648619,318.0,371,322.0,371
6788,6786,6787,310.0,648990,322.0,371,293.0,1673
6789,6787,6788,305.0,649362,293.0,1673,482.0,118
6790,6788,6789,293.0,647465,482.0,118,460.0,601
6791,6789,6790,482.0,692342,460.0,601,459.0,1621
6792,6790,6791,460.0,650237,459.0,1621,371.0,1
6793,6791,6792,460.0,651858,371.0,1,428.0,1502
6794,6792,6793,371.0,170,428.0,1502,428.0,1500
6795,6793,6794,428.0,609226,428.0,1500,389.0,846
6796,6794,6795,428.0,610726,389.0,846,385.0,1599
6797,6795,6796,391.0,608570,385.0,1599,380.0,2574
6798,6796,6797,391.0,610169,380.0,2574,322.0,338
6799,6797,6798,380.0,652210,322.0,338,318.0,376
6800,6798,6799,352.0,649974,318.0,376,322.0,376
6801,6799,6800,350.0,650351,322.0,376,352.0,376
6802,6800,6801,354.0,650727,352.0,376,318.0,376
6803,6801,6802,352.0,651104,318.0,376,322.0,376
6804,6802,6803,350.0,651481,322.0,376,353.0,376
6805,6803,6804,354.0,651857,353.0,376,318.0,376
6806,6804,6805,353.0,652234,318.0,376,322.0,376
6807,6805,6806,350.0,652611,322.0,376,318.0,377
6808,6806,6807,354.0,652987,318.0,377,332.0,259
6809,6807,6808,354.0,653364,332.0,259,330.0,374
6810,6808,6809,332.0,649895,330.0,374,318.0,374
6811,6809,6810,330.0,650270,318.0,374,322.0,374
6812,6810,6811,337.0,650644,322.0,374,318.0,374
6813,6811,6812,332.0,651019,318.0,374,322.0,374
6814,6812,6813,328.0,651394,322.0,374,318.0,375
6815,6813,6814,332.0,651768,318.0,375,318.0,374
6816,6814,6815,332.0,652143,318.0,374,322.0,374
6817,6815,6816,328.0,652518,322.0,374,330.0,374
6818,6816,6817,332.0,652892,330.0,374,305.0,160
6819,6817,6818,330.0,653267,305.0,160,318.0,372
6820,6818,6819,305.0,649796,318.0,372,318.0,371
6821,6819,6820,305.0,650168,318.0,371,299.0,371
6822,6820,6821,301.0,650540,299.0,371,322.0,371
6823,6821,6822,310.0,650911,322.0,371,303.0,371
6824,6822,6823,305.0,651283,303.0,371,318.0,371
6825,6823,6824,303.0,651655,318.0,371,322.0,371
6826,6824,6825,310.0,652026,322.0,371,318.0,372
6827,6825,6826,305.0,652398,318.0,372,318.0,371
6828,6826,6827,305.0,652770,318.0,371,293.0,575
6829,6827,6828,301.0,653142,293.0,575,487.0,3100
6830,6828,6829,293.0,650211,487.0,3100,460.0,319
6831,6829,6830,487.0,699420,460.0,319,459.0,1622
6832,6830,6831,460.0,653799,459.0,1622,459.0,1621
6833,6831,6832,460.0,655421,459.0,1621,428.0,1239
6834,6832,6833,460.0,657042,428.0,1239,434.0,26
6835,6833,6834,428.0,612559,434.0,26,389.0,569
6836,6834,6835,434.0,10587,389.0,569,387.0,1598
6837,6835,6836,391.0,611889,387.0,1598,380.0,408
6838,6836,6837,391.0,613487,380.0,408,359.0,272
6839,6837,6838,380.0,653888,359.0,272,322.0,376
6840,6838,6839,359.0,653752,322.0,376,352.0,376
6841,6839,6840,354.0,654129,352.0,376,318.0,376
6842,6840,6841,352.0,654506,318.0,376,322.0,376
6843,6841,6842,359.0,654882,322.0,376,352.0,376
6844,6842,6843,354.0,655259,352.0,376,318.0,376
6845,6843,6844,352.0,655636,318.0,376,322.0,376
6846,6844,6845,359.0,656012,322.0,376,352.0,376
6847,6845,6846,354.0,656389,352.0,376,318.0,376
6848,6846,6847,352.0,656766,318.0,376,332.0,194
6849,6847,6848,359.0,657142,332.0,194,330.0,374
6850,6848,6849,332.0,653674,330.0,374,318.0,374
6851,6849,6850,330.0,654049,318.0,374,322.0,374
6852,6850,6851,337.0,654423,322.0,374,318.0,374
6853,6851,6852,332.0,654798,318.0,374,322.0,374
6854,6852,6853,328.0,655173,322.0,374,330.0,374
6855,6853,6854,332.0,655547,330.0,374,318.0,374
6856,6854,6855,330.0,655922,318.0,374,322.0,374
6857,6855,6856,337.0,656296,322.0,374,330.0,374
6858,6856,6857,332.0,656671,330.0,374,301.0,96
6859,6857,6858,330.0,657046,301.0,96,299.0,371
6860,6858,6859,301.0,653576,299.0,371,322.0,371
6861,6859,6860,310.0,653947,322.0,371,303.0,371
6862,6860,6861,305.0,654319,303.0,371,318.0,371
6863,6861,6862,303.0,654691,318.0,371,322.0,371
6864,6862,6863,310.0,655062,322.0,371,318.0,372
6865,6863,6864,305.0,655434,318.0,372,318.0,371
6866,6864,6865,305.0,655806,318.0,371,299.0,371
6867,6865,6866,301.0,656178,299.0,371,322.0,371
6868,6866,6867,310.0,656549,322.0,371,303.0,371
6869,6867,6868,305.0,656921,303.0,371,487.0,1985
6870,6868,6869,303.0,657293,487.0,1985,465.0,37
6871,6869,6870,487.0,702401,465.0,37,460.0,1621
6872,6870,6871,465.0,657361,460.0,1621,459.0,1621
6873,6871,6872,460.0,658983,459.0,1621,428.0,981
6874,6872,6873,468.0,660604,428.0,981,428.0,1500
6875,6873,6874,428.0,615897,428.0,1500,389.0,291
6876,6874,6875,428.0,617397,389.0,291,385.0,1598
6877,6875,6876,391.0,615207,385.0,1598,385.0,1599
6878,6876,6877,391.0,616806,385.0,1599,322.0,207
6879,6877,6878,391.0,618405,322.0,207,318.0,376
6880,6878,6879,354.0,657531,318.0,376,348.0,376
6881,6879,6880,350.0,657908,348.0,376,322.0,376
6882,6880,6881,359.0,658284,322.0,376,352.0,376
6883,6881,6882,354.0,658661,352.0,376,318.0,376
6884,6882,6883,352.0,659038,318.0,376,322.0,376
6885,6883,6884,359.0,659414,322.0,376,352.0,376
6886,6884,6885,354.0,659791,352.0,376,318.0,376
6887,6885,6886,352.0,660168,318.0,376,322.0,376
6888,6886,6887,359.0,660544,322.0,376,332.0,129
6889,6887,6888,354.0,660921,332.0,129,318.0,374
6890,6888,6889,332.0,657453,318.0,374,322.0,374
6891,6889,6890,328.0,657828,322.0,374,318.0,375
6892,6890,6891,332.0,658202,318.0,375,318.0,374
6893,6891,6892,332.0,658577,318.0,374,322.0,374
6894,6892,6893,328.0,658952,322.0,374,330.0,374
6895,6893,6894,332.0,659326,330.0,374,318.0,374
6896,6894,6895,330.0,659701,318.0,374,322.0,374
6897,6895,6896,337.0,660075,322.0,374,318.0,374
6898,6896,6897,332.0,660450,318.0,374,305.0,31
6899,6897,6898,328.0,660825,305.0,31,303.0,371
6900,6898,6899,305.0,657355,303.0,371,318.0,371
6901,6899,6900,303.0,657727,318.0,371,322.0,371
6902,6900,6901,310.0,658098,322.0,371,318.0,372
6903,6901,6902,305.0,658470,318.0,372,318.0,371
6904,6902,6903,305.0,658842,318.0,371,299.0,371
6905,6903,6904,301.0,659214,299.0,371,322.0,371
6906,6904,6905,310.0,659585,322.0,371,303.0,371
6907,6905,6906,305.0,659957,303.0,371,318.0,371
6908,6906,6907,303.0,660329,318.0,371,299.0,371
6909,6907,6908,301.0,660701,299.0,371,487.0,869
6910,6908,6909,310.0,661072,487.0,869,482.0,3146
6911,6909,6910,487.0,705381,482.0,3146,465.0,1377
6912,6910,6911,482.0,707658,465.0,1377,460.0,1621
6913,6911,6912,465.0,662545,460.0,1621,428.0,718
6914,6912,6913,460.0,664167,428.0,718,444.0,26
6915,6913,6914,428.0,619230,444.0,26,389.0,13
6916,6914,6915,444.0,10703,389.0,13,385.0,1599
6917,6915,6916,407.0,10726,385.0,1599,385.0,1599
6918,6916,6917,391.0,620124,385.0,1599,318.0,142
6919,6917,6918,391.0,621723,318.0,142,322.0,376
6920,6918,6919,350.0,661310,322.0,376,318.0,377
6921,6919,6920,354.0,661686,318.0,377,318.0,376
6922,6920,6921,354.0,662063,318.0,376,348.0,376
6923,6921,6922,350.0,662440,348.0,376,322.0,376
6924,6922,6923,359.0,662816,322.0,376,318.0,376
6925,6923,6924,354.0,663193,318.0,376,348.0,376
6926,6924,6925,350.0,663570,348.0,376,322.0,376
6927,6925,6926,359.0,663946,322.0,376,318.0,376
6928,6926,6927,354.0,664323,318.0,376,332.0,64
6929,6927,6928,350.0,664700,332.0,64,318.0,374
6930,6928,6929,332.0,661232,318.0,374,322.0,374
6931,6929,6930,328.0,661607,322.0,374,330.0,374
6932,6930,6931,332.0,661981,330.0,374,318.0,374
6933,6931,6932,330.0,662356,318.0,374,322.0,374
6934,6932,6933,337.0,662730,322.0,374,330.0,374
6935,6933,6934,332.0,663105,330.0,374,318.0,374
6936,6934,6935,330.0,663480,318.0,374,322.0,374
6937,6935,6936,337.0,663854,322.0,374,318.0,374
6938,6936,6937,332.0,664229,318.0,374,322.0,374
6939,6937,6938,328.0,664604,322.0,374,305.0,338
6940,6938,6939,332.0,664978,305.0,338,318.0,372
6941,6939,6940,305.0,661506,318.0,372,318.0,371
6942,6940,6941,305.0,661878,318.0,371,299.0,371
6943,6941,6942,301.0,662250,299.0,371,322.0,371
6944,6942,6943,310.0,662621,322.0,371,303.0,371
6945,6943,6944,305.0,662993,303.0,371,318.0,371
6946,6944,6945,303.0,663365,318.0,371,299.0,371
6947,6945,6946,301.0,663737,299.0,371,322.0,371
6948,6946,6947,310.0,664108,322.0,371,303.0,371
6949,6947,6948,305.0,664480,303.0,371,293.0,3602
6950,6948,6949,303.0,664852,293.0,3602,482.0,2048
6951,6949,6950,293.0,664770,482.0,2048,460.0,1096
6952,6950,6951,482.0,710656,460.0,1096,459.0,1621
6953,6951,6952,460.0,666108,459.0,1621,428.0,460
6954,6952,6953,465.0,667729,428.0,460,428.0,1500
6955,6953,6954,428.0,622568,428.0,1500,428.0,1499
6956,6954,6955,428.0,624068,428.0,1499,389.0,1335
6957,6955,6956,428.0,625567,389.0,1335,387.0,1598
6958,6956,6957,391.0,623443,387.0,1598,322.0,76
6959,6957,6958,391.0,625041,322.0,76,318.0,377
6960,6958,6959,354.0,665088,318.0,377,318.0,376
6961,6959,6960,354.0,665465,318.0,376,322.0,376
6962,6960,6961,350.0,665842,322.0,376,318.0,377
6963,6961,6962,354.0,666218,318.0,377,318.0,376
6964,6962,6963,354.0,666595,318.0,376,322.0,376
6965,6963,6964,350.0,666972,322.0,376,318.0,377
6966,6964,6965,354.0,667348,318.0,377,318.0,376
6967,6965,6966,354.0,667725,318.0,376,322.0,376
6968,6966,6967,350.0,668102,322.0,376,318.0,377
6969,6967,6968,354.0,668478,318.0,377,318.0,374
6970,6968,6969,354.0,668855,318.0,374,322.0,374
6971,6969,6970,328.0,665386,322.0,374,330.0,374
6972,6970,6971,332.0,665760,330.0,374,318.0,374
6973,6971,6972,330.0,666135,318.0,374,322.0,374
6974,6972,6973,337.0,666509,322.0,374,318.0,374
6975,6973,6974,332.0,666884,318.0,374,326.0,374
6976,6974,6975,328.0,667259,326.0,374,322.0,374
6977,6975,6976,337.0,667633,322.0,374,318.0,374
6978,6976,6977,332.0,668008,318.0,374,322.0,374
6979,6977,6978,328.0,668383,322.0,374,301.0,274
6980,6978,6979,332.0,668757,301.0,274,299.0,371
6981,6979,6980,301.0,665286,299.0,371,322.0,371
6982,6980,6981,310.0,665657,322.0,371,303.0,371
6983,6981,6982,305.0,666029,303.0,371,318.0,371
6984,6982,6983,303.0,666401,318.0,371,299.0,371
6985,6983,6984,301.0,666773,299.0,371,322.0,371
6986,6984,6985,310.0,667144,322.0,371,303.0,371
6987,6985,6986,305.0,667516,303.0,371,318.0,371
6988,6986,6987,303.0,667888,318.0,371,322.0,371
6989,6987,6988,310.0,668259,322.0,371,293.0,2505
6990,6988,6989,305.0,668631,293.0,2505,482.0,951
6991,6989,6990,293.0,667517,482.0,951,465.0,814
6992,6990,6991,482.0,713655,465.0,814,460.0,1621
6993,6991,6992,465.0,669670,460.0,1621,428.0,197
6994,6992,6993,460.0,671292,428.0,197,444.0,26
6995,6993,6994,428.0,625901,444.0,26,434.0,26
6996,6994,6995,444.0,10818,434.0,26,389.0,1057
6997,6995,6996,434.0,10843,389.0,1057,385.0,1598
6998,6996,6997,391.0,626761,385.0,1598,322.0,11
6999,6997,6998,391.0,628360,322.0,11,318.0,376
7000,6998,6999,352.0,668867,318.0,376,322.0,376
7001,6999,7000,359.0,669243,322.0,376,352.0,376
7002,7000,7001,354.0,669620,352.0,376,318.0,376
7003,7001,7002,352.0,669997,318.0,376,322.0,376
7004,7002,7003,359.0,670373,322.0,376,352.0,376
7005,7003,7004,354.0,670750,352.0,376,318.0,376
7006,7004,7005,352.0,671127,318.0,376,322.0,376
7007,7005,7006,359.0,671503,322.0,376,352.0,376
7008,7006,7007,354.0,671880,352.0,376,318.0,376
7009,7007,7008,352.0,672257,318.0,376,337.0,308
7010,7008,7009,350.0,672634,337.0,308,322.0,374
7011,7009,7010,337.0,669164,322.0,374,330.0,374
7012,7010,7011,332.0,669539,330.0,374,318.0,374
7013,7011,7012,330.0,669914,318.0,374,322.0,374
7014,7012,7013,337.0,670288,322.0,374,318.0,374
7015,7013,7014,332.0,670663,318.0,374,322.0,374
7016,7014,7015,328.0,671038,322.0,374,318.0,375
7017,7015,7016,332.0,671412,318.0,375,318.0,374
7018,7016,7017,332.0,671787,318.0,374,322.0,374
7019,7017,7018,328.0,672162,322.0,374,305.0,209
7020,7018,7019,332.0,672536,305.0,209,318.0,372
7021,7019,7020,305.0,669065,318.0,372,318.0,371
7022,7020,7021,305.0,669437,318.0,371,299.0,371
7023,7021,7022,301.0,669809,299.0,371,322.0,371
7024,7022,7023,310.0,670180,322.0,371,303.0,371
7025,7023,7024,305.0,670552,303.0,371,318.0,371
7026,7024,7025,303.0,670924,318.0,371,322.0,371
7027,7025,7026,310.0,671295,322.0,371,318.0,372
7028,7026,7027,305.0,671667,318.0,372,318.0,371
7029,7027,7028,305.0,672039,318.0,371,293.0,1408
7030,7028,7029,301.0,672411,293.0,1408,487.0,3947
7031,7029,7030,293.0,670264,487.0,3947,460.0,533
7032,7030,7031,487.0,720747,460.0,533,459.0,1621
7033,7031,7032,460.0,673233,459.0,1621,460.0,1621
7034,7032,7033,465.0,674854,460.0,1621,428.0,1439
7035,7033,7034,460.0,676476,428.0,1439,428.0,1499
7036,7034,7035,428.0,630739,428.0,1499,389.0,779
7037,7035,7036,428.0,632238,389.0,779,385.0,1599
7038,7036,7037,391.0,630079,385.0,1599,380.0,2052
7039,7037,7038,391.0,631678,380.0,2052,322.0,322
7040,7038,7039,380.0,674752,322.0,322,352.0,376
7041,7039,7040,354.0,673022,352.0,376,318.0,376
7042,7040,7041,352.0,673399,318.0,376,322.0,376
7043,7041,7042,359.0,673775,322.0,376,352.0,376
7044,7042,7043,354.0,674152,352.0,376,318.0,376
7045,7043,7044,352.0,674529,318.0,376,322.0,376
7046,7044,7045,359.0,674905,322.0,376,352.0,376
7047,7045,7046,354.0,675282,352.0,376,318.0,376
7048,7046,7047,352.0,675659,318.0,376,322.0,376
7049,7047,7048,359.0,676035,322.0,376,337.0,243
7050,7048,7049,354.0,676412,337.0,243,322.0,374
7051,7049,7050,337.0,672943,322.0,374,330.0,374
7052,7050,7051,332.0,673318,330.0,374,318.0,374
7053,7051,7052,330.0,673693,318.0,374,322.0,374
7054,7052,7053,337.0,674067,322.0,374,318.0,374
7055,7053,7054,332.0,674442,318.0,374,322.0,374
7056,7054,7055,328.0,674817,322.0,374,330.0,374
7057,7055,7056,332.0,675191,330.0,374,318.0,374
7058,7056,7057,330.0,675566,318.0,374,322.0,374
7059,7057,7058,337.0,675940,322.0,374,301.0,145
7060,7058,7059,332.0,676315,301.0,145,299.0,371
7061,7059,7060,301.0,672845,299.0,371,322.0,371
7062,7060,7061,310.0,673216,322.0,371,303.0,371
7063,7061,7062,305.0,673588,303.0,371,318.0,371
7064,7062,7063,303.0,673960,318.0,371,322.0,371
7065,7063,7064,310.0,674331,322.0,371,318.0,372
7066,7064,7065,305.0,674703,318.0,372,318.0,371
7067,7065,7066,305.0,675075,318.0,371,299.0,371
7068,7066,7067,301.0,675447,299.0,371,322.0,371
7069,7067,7068,310.0,675818,322.0,371,293.0,311
7070,7068,7069,305.0,676190,293.0,311,487.0,2832
7071,7069,7070,293.0,673011,487.0,2832,460.0,251
7072,7070,7071,487.0,723728,460.0,251,459.0,1622
7073,7071,7072,460.0,676795,459.0,1622,459.0,1621
7074,7072,7073,460.0,678417,459.0,1621,428.0,1176
7075,7073,7074,465.0,680038,428.0,1176,434.0,26
7076,7074,7075,428.0,634072,434.0,26,389.0,502
7077,7075,7076,434.0,10958,389.0,502,385.0,1599
7078,7076,7077,391.0,633398,385.0,1599,397.0,46
7079,7077,7078,391.0,634997,397.0,46,318.0,257
7080,7078,7079,397.0,10958,318.0,257,348.0,376
7081,7079,7080,350.0,676801,348.0,376,322.0,376
7082,7080,7081,359.0,677177,322.0,376,318.0,376
7083,7081,7082,354.0,677554,318.0,376,348.0,376
7084,7082,7083,350.0,677931,348.0,376,322.0,376
7085,7083,7084,359.0,678307,322.0,376,318.0,376
7086,7084,7085,354.0,678684,318.0,376,348.0,376
7087,7085,7086,350.0,679061,348.0,376,322.0,376
7088,7086,7087,359.0,679437,322.0,376,318.0,376
7089,7087,7088,354.0,679814,318.0,376,337.0,178
7090,7088,7089,350.0,680191,337.0,178,322.0,374
7091,7089,7090,337.0,676722,322.0,374,318.0,374
7092,7090,7091,332.0,677097,318.0,374,322.0,374
7093,7091,7092,328.0,677472,322.0,374,318.0,375
7094,7092,7093,332.0,677846,318.0,375,318.0,374
7095,7093,7094,332.0,678221,318.0,374,322.0,374
7096,7094,7095,328.0,678596,322.0,374,330.0,374
7097,7095,7096,332.0,678970,330.0,374,318.0,374
7098,7096,7097,330.0,679345,318.0,374,322.0,374
7099,7097,7098,337.0,679719,322.0,374,305.0,80
7100,7098,7099,332.0,680094,305.0,80,303.0,371
7101,7099,7100,305.0,676624,303.0,371,318.0,371
7102,7100,7101,303.0,676996,318.0,371,322.0,371
7103,7101,7102,310.0,677367,322.0,371,318.0,372
7104,7102,7103,305.0,677739,318.0,372,318.0,371
7105,7103,7104,305.0,678111,318.0,371,299.0,371
7106,7104,7105,301.0,678483,299.0,371,322.0,371
7107,7105,7106,310.0,678854,322.0,371,303.0,371
7108,7106,7107,305.0,679226,303.0,371,318.0,371
7109,7107,7108,303.0,679598,318.0,371,322.0,371
7110,7108,7109,301.0,679970,322.0,371,487.0,1716
7111,7109,7110,305.0,680341,487.0,1716,482.0,3978
7112,7110,7111,487.0,726708,482.0,3978,460.0,1591
7113,7111,7112,482.0,728970,460.0,1591,459.0,1622
7114,7112,7113,460.0,681979,459.0,1622,428.0,918
7115,7113,7114,460.0,683601,428.0,918,428.0,1499
7116,7114,7115,428.0,637410,428.0,1499,389.0,224
7117,7115,7116,428.0,638909,389.0,224,385.0,1599
7118,7116,7117,391.0,636716,385.0,1599,385.0,1598
7119,7117,7118,391.0,638315,385.0,1598,322.0,191
7120,7118,7119,391.0,639914,322.0,191,318.0,377
7121,7119,7120,354.0,680579,318.0,377,318.0,376
7122,7120,7121,354.0,680956,318.0,376,322.0,376
7123,7121,7122,350.0,681333,322.0,376,318.0,377
7124,7122,7123,354.0,681709,318.0,377,318.0,376
7125,7123,7124,354.0,682086,318.0,376,322.0,376
7126,7124,7125,350.0,682463,322.0,376,318.0,377
7127,7125,7126,354.0,682839,318.0,377,318.0,376
7128,7126,7127,354.0,683216,318.0,376,322.0,376
7129,7127,7128,350.0,683593,322.0,376,337.0,113
7130,7128,7129,354.0,683969,337.0,113,322.0,374
7131,7129,7130,337.0,680501,322.0,374,318.0,374
7132,7130,7131,332.0,680876,318.0,374,322.0,374
7133,7131,7132,328.0,681251,322.0,374,330.0,374
7134,7132,7133,332.0,681625,330.0,374,318.0,374
7135,7133,7134,330.0,682000,318.0,374,322.0,374
7136,7134,7135,337.0,682374,322.0,374,330.0,374
7137,7135,7136,332.0,682749,330.0,374,318.0,374
7138,7136,7137,330.0,683124,318.0,374,322.0,374
7139,7137,7138,337.0,683498,322.0,374,310.0,15
7140,7138,7139,332.0,683873,310.0,15,322.0,371
7141,7139,7140,310.0,680403,322.0,371,318.0,372
7142,7140,7141,305.0,680775,318.0,372,318.0,371
7143,7141,7142,305.0,681147,318.0,371,299.0,371
7144,7142,7143,301.0,681519,299.0,371,322.0,371
7145,7143,7144,310.0,681890,322.0,371,303.0,371
7146,7144,7145,305.0,682262,303.0,371,318.0,371
7147,7145,7146,303.0,682634,318.0,371,322.0,371
7148,7146,7147,301.0,683006,322.0,371,318.0,372
7149,7147,7148,305.0,683377,318.0,372,303.0,371
7150,7148,7149,305.0,683749,303.0,371,487.0,601
7151,7149,7150,303.0,684121,487.0,601,482.0,2881
7152,7150,7151,487.0,729689,482.0,2881,465.0,1309
7153,7151,7152,482.0,731969,465.0,1309,460.0,1621
7154,7152,7153,465.0,685541,460.0,1621,428.0,655
7155,7153,7154,460.0,687163,428.0,655,434.0,26
7156,7154,7155,428.0,640743,434.0,26,388.0,7
7157,7155,7156,434.0,11073,388.0,7,389.0,1545
7158,7156,7157,407.0,11043,389.0,1545,385.0,1599
7159,7157,7158,391.0,641633,385.0,1599,322.0,126
7160,7158,7159,391.0,643232,322.0,126,318.0,376
7161,7159,7160,352.0,684358,318.0,376,322.0,376
7162,7160,7161,350.0,684735,322.0,376,353.0,376
7163,7161,7162,354.0,685111,353.0,376,318.0,376
7164,7162,7163,353.0,685488,318.0,376,322.0,376
7165,7163,7164,350.0,685865,322.0,376,318.0,377
7166,7164,7165,354.0,686241,318.0,377,318.0,376
7167,7165,7166,354.0,686618,318.0,376,322.0,376
7168,7166,7167,350.0,686995,322.0,376,318.0,377
7169,7167,7168,354.0,687371,318.0,377,333.0,48
7170,7168,7169,354.0,687748,333.0,48,332.0,374
7171,7169,7170,333.0,684280,332.0,374,318.0,374
7172,7170,7171,332.0,684655,318.0,374,322.0,374
7173,7171,7172,328.0,685030,322.0,374,330.0,374
7174,7172,7173,332.0,685404,330.0,374,318.0,374
7175,7173,7174,330.0,685779,318.0,374,322.0,374
7176,7174,7175,337.0,686153,322.0,374,318.0,374
7177,7175,7176,332.0,686528,318.0,374,326.0,374
7178,7176,7177,328.0,686903,326.0,374,322.0,374
7179,7177,7178,337.0,687277,322.0,374,318.0,374
7180,7178,7179,332.0,687652,318.0,374,301.0,323
7181,7179,7180,328.0,688027,301.0,323,299.0,371
7182,7180,7181,301.0,684555,299.0,371,322.0,371
7183,7181,7182,310.0,684926,322.0,371,303.0,371
7184,7182,7183,305.0,685298,303.0,371,318.0,371
7185,7183,7184,303.0,685670,318.0,371,299.0,371
7186,7184,7185,301.0,686042,299.0,371,322.0,371
7187,7185,7186,310.0,686413,322.0,371,303.0,371
7188,7186,7187,305.0,686785,303.0,371,318.0,371
7189,7187,7188,303.0,687157,318.0,371,322.0,371
7190,7188,7189,310.0,687528,322.0,371,293.0,3338
7191,7189,7190,305.0,687900,293.0,3338,482.0,1784
7192,7190,7191,293.0,687570,482.0,1784,460.0,1028
7193,7191,7192,482.0,734968,460.0,1028,459.0,1621
7194,7192,7193,460.0,689104,459.0,1621,428.0,397
7195,7193,7194,467.0,690725,428.0,397,428.0,1499
7196,7194,7195,428.0,644081,428.0,1499,428.0,1500
7197,7195,7196,428.0,645580,428.0,1500,389.0,1268
7198,7196,7197,428.0,647080,389.0,1268,385.0,1599
7199,7197,7198,391.0,644952,385.0,1599,359.0,60
7200,7198,7199,391.0,646551,359.0,60,322.0,376
7201,7199,7200,359.0,688136,322.0,376,352.0,376
7202,7200,7201,354.0,688513,352.0,376,318.0,376
7203,7201,7202,352.0,688890,318.0,376,322.0,376
7204,7202,7203,359.0,689266,322.0,376,352.0,376
7205,7203,7204,354.0,689643,352.0,376,318.0,376
7206,7204,7205,352.0,690020,318.0,376,322.0,376
7207,7205,7206,359.0,690396,322.0,376,352.0,376
7208,7206,7207,354.0,690773,352.0,376,318.0,376
7209,7207,7208,352.0,691150,318.0,376,322.0,376
7210,7208,7209,359.0,691526,322.0,376,332.0,358
7211,7209,7210,354.0,691903,332.0,358,318.0,374
7212,7210,7211,332.0,688434,318.0,374,322.0,374
7213,7211,7212,337.0,688808,322.0,374,330.0,374
7214,7212,7213,332.0,689183,330.0,374,318.0,374
7215,7213,7214,330.0,689558,318.0,374,322.0,374
7216,7214,7215,337.0,689932,322.0,374,318.0,374
7217,7215,7216,332.0,690307,318.0,374,322.0,374
7218,7216,7217,328.0,690682,322.0,374,318.0,375
7219,7217,7218,332.0,691056,318.0,375,318.0,374
7220,7218,7219,332.0,691431,318.0,374,305.0,258
7221,7219,7220,328.0,691806,305.0,258,303.0,371
7222,7220,7221,305.0,688334,303.0,371,318.0,371
7223,7221,7222,303.0,688706,318.0,371,299.0,371
7224,7222,7223,301.0,689078,299.0,371,322.0,371
7225,7223,7224,310.0,689449,322.0,371,303.0,371
7226,7224,7225,305.0,689821,303.0,371,318.0,371
7227,7225,7226,303.0,690193,318.0,371,322.0,371
7228,7226,7227,310.0,690564,322.0,371,318.0,372
7229,7227,7228,305.0,690936,318.0,372,318.0,371
7230,7228,7229,305.0,691308,318.0,371,293.0,2241
7231,7229,7230,301.0,691680,293.0,2241,482.0,686
7232,7230,7231,293.0,690317,482.0,686,465.0,746
7233,7231,7232,482.0,737966,465.0,746,460.0,1621
7234,7232,7233,465.0,692666,460.0,1621,428.0,134
7235,7233,7234,460.0,694288,428.0,134,434.0,26
7236,7234,7235,428.0,647414,434.0,26,434.0,26
7237,7235,7236,434.0,11188,434.0,26,389.0,990
7238,7236,7237,434.0,11214,389.0,990,385.0,1599
7239,7237,7238,391.0,648270,385.0,1599,380.0,3696
7240,7238,7239,391.0,649869,380.0,3696,322.0,372
7241,7239,7240,380.0,695616,322.0,372,318.0,376
7242,7240,7241,352.0,692292,318.0,376,322.0,376
7243,7241,7242,359.0,692668,322.0,376,352.0,376
7244,7242,7243,354.0,693045,352.0,376,318.0,376
7245,7243,7244,352.0,693422,318.0,376,322.0,376
7246,7244,7245,359.0,693798,322.0,376,352.0,376
7247,7245,7246,354.0,694175,352.0,376,318.0,376
7248,7246,7247,352.0,694552,318.0,376,322.0,376
7249,7247,7248,359.0,694928,322.0,376,352.0,376
7250,7248,7249,354.0,695305,352.0,376,330.0,293
7251,7249,7250,352.0,695682,330.0,293,318.0,374
7252,7250,7251,330.0,692213,318.0,374,322.0,374
7253,7251,7252,337.0,692587,322.0,374,330.0,374
7254,7252,7253,332.0,692962,330.0,374,318.0,374
7255,7253,7254,330.0,693337,318.0,374,322.0,374
7256,7254,7255,337.0,693711,322.0,374,318.0,374
7257,7255,7256,332.0,694086,318.0,374,322.0,374
7258,7256,7257,328.0,694461,322.0,374,330.0,374
7259,7257,7258,332.0,694835,330.0,374,318.0,374
7260,7258,7259,330.0,695210,318.0,374,301.0,194
7261,7259,7260,337.0,695584,301.0,194,299.0,371
7262,7260,7261,301.0,692114,299.0,371,322.0,371
7263,7261,7262,310.0,692485,322.0,371,303.0,371
7264,7262,7263,305.0,692857,303.0,371,318.0,371
7265,7263,7264,303.0,693229,318.0,371,322.0,371
7266,7264,7265,310.0,693600,322.0,371,318.0,372
7267,7265,7266,305.0,693972,318.0,372,318.0,371
7268,7266,7267,305.0,694344,318.0,371,299.0,371
7269,7267,7268,301.0,694716,299.0,371,322.0,371
7270,7268,7269,310.0,695087,322.0,371,293.0,1144
7271,7269,7270,305.0,695459,293.0,1144,487.0,3678
7272,7270,7271,293.0,693064,487.0,3678,460.0,465
7273,7271,7272,487.0,745054,460.0,465,459.0,1621
7274,7272,7273,460.0,696229,459.0,1621,460.0,1621
7275,7273,7274,465.0,697850,460.0,1621,428.0,1376
7276,7274,7275,460.0,699472,428.0,1376,428.0,1499
7277,7275,7276,428.0,652252,428.0,1499,389.0,712
7278,7276,7277,428.0,653751,389.0,712,385.0,1599
7279,7277,7278,391.0,651588,385.0,1599,380.0,1530
7280,7278,7279,391.0,653187,380.0,1530,359.0,306
7281,7279,7280,380.0,697294,359.0,306,322.0,376
7282,7280,7281,359.0,696070,322.0,376,318.0,376
7283,7281,7282,354.0,696447,318.0,376,348.0,376
7284,7282,7283,350.0,696824,348.0,376,322.0,376
7285,7283,7284,359.0,697200,322.0,376,318.0,376
7286,7284,7285,354.0,697577,318.0,376,348.0,376
7287,7285,7286,350.0,697954,348.0,376,322.0,376
7288,7286,7287,359.0,698330,322.0,376,318.0,376
7289,7287,7288,354.0,698707,318.0,376,348.0,376
7290,7288,7289,350.0,699084,348.0,376,330.0,228
7291,7289,7290,359.0,699460,330.0,228,318.0,374
7292,7290,7291,330.0,695992,318.0,374,322.0,374
7293,7291,7292,337.0,696366,322.0,374,318.0,374
7294,7292,7293,332.0,696741,318.0,374,326.0,374
7295,7293,7294,328.0,697116,326.0,374,322.0,374
7296,7294,7295,337.0,697490,322.0,374,318.0,374
7297,7295,7296,332.0,697865,318.0,374,322.0,374
7298,7296,7297,328.0,698240,322.0,374,330.0,374
7299,7297,7298,332.0,698614,330.0,374,318.0,374
7300,7298,7299,330.0,698989,318.0,374,305.0,129
7301,7299,7300,337.0,699363,305.0,129,303.0,371
7302,7300,7301,305.0,695893,303.0,371,318.0,371
7303,7301,7302,303.0,696265,318.0,371,322.0,371
7304,7302,7303,310.0,696636,322.0,371,318.0,372
7305,7303,7304,305.0,697008,318.0,372,318.0,371
7306,7304,7305,305.0,697380,318.0,371,299.0,371
7307,7305,7306,301.0,697752,299.0,371,322.0,371
7308,7306,7307,310.0,698123,322.0,371,303.0,371
7309,7307,7308,305.0,698495,303.0,371,318.0,371
7310,7308,7309,303.0,698867,318.0,371,178.0,1
7311,7309,7310,301.0,699239,178.0,1,487.0,2563
7312,7310,7311,178.0,182,487.0,2563,465.0,183
7313,7311,7312,487.0,748035,465.0,183,460.0,1621
7314,7312,7313,465.0,699791,460.0,1621,459.0,1621
7315,7313,7314,460.0,701413,459.0,1621,434.0,19
7316,7314,7315,465.0,703034,434.0,19,434.0,26
7317,7315,7316,434.0,11303,434.0,26,389.0,435
7318,7316,7317,434.0,11329,389.0,435,385.0,1599
7319,7317,7318,391.0,654907,385.0,1599,402.0,38
7320,7318,7319,391.0,656506,402.0,38,322.0,241
7321,7319,7320,402.0,11322,322.0,241,318.0,376
7322,7320,7321,354.0,699849,318.0,376,322.0,376
7323,7321,7322,350.0,700226,322.0,376,318.0,377
7324,7322,7323,354.0,700602,318.0,377,318.0,376
7325,7323,7324,354.0,700979,318.0,376,322.0,376
7326,7324,7325,350.0,701356,322.0,376,318.0,377
7327,7325,7326,354.0,701732,318.0,377,318.0,376
7328,7326,7327,354.0,702109,318.0,376,322.0,376
7329,7327,7328,350.0,702486,322.0,376,318.0,377
7330,7328,7329,354.0,702862,318.0,377,330.0,163
7331,7329,7330,354.0,703239,330.0,163,318.0,374
7332,7330,7331,330.0,699771,318.0,374,322.0,374
7333,7331,7332,337.0,700145,322.0,374,318.0,374
7334,7332,7333,332.0,700520,318.0,374,322.0,374
7335,7333,7334,328.0,700895,322.0,374,318.0,375
7336,7334,7335,332.0,701269,318.0,375,318.0,374
7337,7335,7336,332.0,701644,318.0,374,322.0,374
7338,7336,7337,328.0,702019,322.0,374,330.0,374
7339,7337,7338,332.0,702393,330.0,374,318.0,374
7340,7338,7339,330.0,702768,318.0,374,301.0,65
7341,7339,7340,337.0,703142,301.0,65,322.0,371
7342,7340,7341,301.0,699673,322.0,371,318.0,372
7343,7341,7342,305.0,700044,318.0,372,318.0,371
7344,7342,7343,305.0,700416,318.0,371,299.0,371
7345,7343,7344,301.0,700788,299.0,371,322.0,371
7346,7344,7345,310.0,701159,322.0,371,303.0,371
7347,7345,7346,305.0,701531,303.0,371,318.0,371
7348,7346,7347,303.0,701903,318.0,371,299.0,371
7349,7347,7348,301.0,702275,299.0,371,322.0,371
7350,7348,7349,310.0,702646,322.0,371,303.0,371
7351,7349,7350,305.0,703018,303.0,371,487.0,1448
7352,7350,7351,303.0,703390,487.0,1448,482.0,3714
7353,7351,7352,487.0,751016,482.0,3714,465.0,1523
7354,7352,7353,482.0,753282,465.0,1523,460.0,1621
7355,7353,7354,465.0,704975,460.0,1621,428.0,855
7356,7354,7355,460.0,706597,428.0,855,428.0,1499
7357,7355,7356,428.0,658923,428.0,1499,389.0,157
7358,7356,7357,428.0,660422,389.0,157,385.0,1599
7359,7357,7358,391.0,658225,385.0,1599,385.0,1599
7360,7358,7359,391.0,659824,385.0,1599,318.0,176
7361,7359,7360,391.0,661423,318.0,176,322.0,376
7362,7360,7361,350.0,703628,322.0,376,353.0,376
7363,7361,7362,354.0,704004,353.0,376,318.0,376
7364,7362,7363,353.0,704381,318.0,376,322.0,376
7365,7363,7364,350.0,704758,322.0,376,318.0,377
7366,7364,7365,354.0,705134,318.0,377,318.0,376
7367,7365,7366,354.0,705511,318.0,376,322.0,376
7368,7366,7367,350.0,705888,322.0,376,318.0,377
7369,7367,7368,354.0,706264,318.0,377,318.0,376
7370,7368,7369,354.0,706641,318.0,376,328.0,98
7371,7369,7370,350.0,707018,328.0,98,326.0,374
7372,7370,7371,328.0,703550,326.0,374,322.0,374
7373,7371,7372,337.0,703924,322.0,374,318.0,374
7374,7372,7373,332.0,704299,318.0,374,322.0,374
7375,7373,7374,328.0,704674,322.0,374,330.0,374
7376,7374,7375,332.0,705048,330.0,374,318.0,374
7377,7375,7376,330.0,705423,318.0,374,322.0,374
7378,7376,7377,337.0,705797,322.0,374,330.0,374
7379,7377,7378,332.0,706172,330.0,374,318.0,374
7380,7378,7379,330.0,706547,318.0,374,173.0,1
7381,7379,7380,337.0,706921,173.0,1,318.0,371
7382,7380,7381,173.0,184,318.0,371,299.0,371
7383,7381,7382,301.0,703824,299.0,371,322.0,371
7384,7382,7383,310.0,704195,322.0,371,318.0,372
7385,7383,7384,305.0,704567,318.0,372,318.0,371
7386,7384,7385,305.0,704939,318.0,371,299.0,371
7387,7385,7386,301.0,705311,299.0,371,322.0,371
7388,7386,7387,310.0,705682,322.0,371,303.0,371
7389,7387,7388,305.0,706054,303.0,371,318.0,371
7390,7388,7389,303.0,706426,318.0,371,322.0,371
7391,7389,7390,310.0,706797,322.0,371,487.0,332
7392,7390,7391,305.0,707169,487.0,332,482.0,2617
7393,7391,7392,487.0,753996,482.0,2617,460.0,1242
7394,7392,7393,482.0,756281,460.0,1242,459.0,1621
7395,7393,7394,460.0,708538,459.0,1621,434.0,10
7396,7394,7395,465.0,710159,434.0,10,434.0,26
7397,7395,7396,434.0,11418,434.0,26,428.0,1504
7398,7396,7397,434.0,11444,428.0,1504,389.0,1479
7399,7397,7398,428.0,665260,389.0,1479,387.0,1598
7400,7398,7399,391.0,663143,387.0,1598,322.0,110
7401,7399,7400,391.0,664741,322.0,110,352.0,376
7402,7400,7401,354.0,707406,352.0,376,318.0,376
7403,7401,7402,352.0,707783,318.0,376,322.0,376
7404,7402,7403,359.0,708159,322.0,376,352.0,376
7405,7403,7404,354.0,708536,352.0,376,318.0,376
7406,7404,7405,352.0,708913,318.0,376,322.0,376
7407,7405,7406,359.0,709289,322.0,376,352.0,376
7408,7406,7407,354.0,709666,352.0,376,318.0,376
7409,7407,7408,352.0,710043,318.0,376,322.0,376
7410,7408,7409,359.0,710419,322.0,376,328.0,33
7411,7409,7410,354.0,710796,328.0,33,322.0,374
7412,7410,7411,328.0,707329,322.0,374,318.0,375
7413,7411,7412,332.0,707703,318.0,375,318.0,374
7414,7412,7413,332.0,708078,318.0,374,322.0,374
7415,7413,7414,328.0,708453,322.0,374,330.0,374
7416,7414,7415,332.0,708827,330.0,374,318.0,374
7417,7415,7416,330.0,709202,318.0,374,322.0,374
7418,7416,7417,337.0,709576,322.0,374,318.0,374
7419,7417,7418,332.0,709951,318.0,374,326.0,374
7420,7418,7419,328.0,710326,326.0,374,322.0,374
7421,7419,7420,337.0,710700,322.0,374,305.0,307
7422,7420,7421,332.0,711075,305.0,307,318.0,372
7423,7421,7422,305.0,707603,318.0,372,318.0,371
7424,7422,7423,305.0,707975,318.0,371,299.0,371
7425,7423,7424,301.0,708347,299.0,371,322.0,371
7426,7424,7425,310.0,708718,322.0,371,303.0,371
7427,7425,7426,305.0,709090,303.0,371,318.0,371
7428,7426,7427,303.0,709462,318.0,371,322.0,371
7429,7427,7428,310.0,709833,322.0,371,318.0,372
7430,7428,7429,305.0,710205,318.0,372,318.0,371
7431,7429,7430,305.0,710577,318.0,371,293.0,3074
7432,7430,7431,301.0,710949,293.0,3074,482.0,1520
7433,7431,7432,293.0,710370,482.0,1520,465.0,960
7434,7432,7433,482.0,759280,465.0,960,460.0,1621
7435,7433,7434,465.0,712100,460.0,1621,428.0,334
7436,7434,7435,460.0,713722,428.0,334,428.0,1500
7437,7435,7436,428.0,665594,428.0,1500,428.0,1499
7438,7436,7437,428.0,667094,428.0,1499,389.0,1201
7439,7437,7438,428.0,668593,389.0,1201,385.0,1598
7440,7438,7439,391.0,666461,385.0,1598,322.0,45
7441,7439,7440,391.0,668060,322.0,45,318.0,376
7442,7440,7441,352.0,711185,318.0,376,322.0,376
7443,7441,7442,359.0,711561,322.0,376,352.0,376
7444,7442,7443,354.0,711938,352.0,376,318.0,376
7445,7443,7444,352.0,712315,318.0,376,322.0,376
7446,7444,7445,359.0,712691,322.0,376,352.0,376
7447,7445,7446,354.0,713068,352.0,376,318.0,376
7448,7446,7447,352.0,713445,318.0,376,322.0,376
7449,7447,7448,359.0,713821,322.0,376,352.0,376
7450,7448,7449,354.0,714198,352.0,376,318.0,376
7451,7449,7450,352.0,714575,318.0,376,332.0,342
7452,7450,7451,359.0,714951,332.0,342,330.0,374
7453,7451,7452,332.0,711482,330.0,374,318.0,374
7454,7452,7453,330.0,711857,318.0,374,322.0,374
7455,7453,7454,337.0,712231,322.0,374,330.0,374
7456,7454,7455,332.0,712606,330.0,374,318.0,374
7457,7455,7456,330.0,712981,318.0,374,322.0,374
7458,7456,7457,337.0,713355,322.0,374,318.0,374
7459,7457,7458,332.0,713730,318.0,374,322.0,374
7460,7458,7459,328.0,714105,322.0,374,318.0,375
7461,7459,7460,332.0,714479,318.0,375,301.0,243
7462,7460,7461,332.0,714854,301.0,243,299.0,371
7463,7461,7462,301.0,711383,299.0,371,322.0,371
7464,7462,7463,310.0,711754,322.0,371,303.0,371
7465,7463,7464,305.0,712126,303.0,371,318.0,371
7466,7464,7465,303.0,712498,318.0,371,322.0,371
7467,7465,7466,310.0,712869,322.0,371,318.0,372
7468,7466,7467,305.0,713241,318.0,372,318.0,371
7469,7467,7468,305.0,713613,318.0,371,299.0,371
7470,7468,7469,301.0,713985,299.0,371,322.0,371
7471,7469,7470,310.0,714356,322.0,371,293.0,1977
7472,7470,7471,305.0,714728,293.0,1977,482.0,422
7473,7471,7472,293.0,713117,482.0,422,460.0,679
7474,7472,7473,482.0,762278,460.0,679,459.0,1621
7475,7473,7474,460.0,715663,459.0,1621,434.0,1
7476,7474,7475,465.0,717284,434.0,1,434.0,26
7477,7475,7476,434.0,11533,434.0,26,439.0,26
7478,7476,7477,434.0,11559,439.0,26,389.0,923
7479,7477,7478,439.0,11585,389.0,923,385.0,1599
7480,7478,7479,391.0,669779,385.0,1599,380.0,3175
7481,7479,7480,391.0,671378,380.0,3175,322.0,356
7482,7480,7481,380.0,718159,322.0,356,318.0,376
7483,7481,7482,354.0,715340,318.0,376,348.0,376
7484,7482,7483,350.0,715717,348.0,376,322.0,376
7485,7483,7484,359.0,716093,322.0,376,318.0,376
7486,7484,7485,354.0,716470,318.0,376,348.0,376
7487,7485,7486,350.0,716847,348.0,376,322.0,376
7488,7486,7487,359.0,717223,322.0,376,318.0,376
7489,7487,7488,354.0,717600,318.0,376,348.0,376
7490,7488,7489,350.0,717977,348.0,376,322.0,376
7491,7489,7490,359.0,718353,322.0,376,332.0,277
7492,7490,7491,354.0,718730,332.0,277,330.0,374
7493,7491,7492,332.0,715261,330.0,374,318.0,374
7494,7492,7493,330.0,715636,318.0,374,322.0,374
7495,7493,7494,337.0,716010,322.0,374,318.0,374
7496,7494,7495,332.0,716385,318.0,374,326.0,374
7497,7495,7496,328.0,716760,326.0,374,322.0,374
7498,7496,7497,337.0,717134,322.0,374,318.0,374
7499,7497,7498,332.0,717509,318.0,374,322.0,374
7500,7498,7499,328.0,717884,322.0,374,330.0,374
7501,7499,7500,332.0,718258,330.0,374,305.0,178
7502,7500,7501,330.0,718633,305.0,178,303.0,371
7503,7501,7502,305.0,715162,303.0,371,318.0,371
7504,7502,7503,303.0,715534,318.0,371,322.0,371
7505,7503,7504,301.0,715906,322.0,371,318.0,372
7506,7504,7505,305.0,716277,318.0,372,318.0,371
7507,7505,7506,305.0,716649,318.0,371,299.0,371
7508,7506,7507,301.0,717021,299.0,371,322.0,371
7509,7507,7508,310.0,717392,322.0,371,303.0,371
7510,7508,7509,305.0,717764,303.0,371,318.0,371
7511,7509,7510,303.0,718136,318.0,371,293.0,880
7512,7510,7511,301.0,718508,293.0,880,487.0,3410
7513,7511,7512,293.0,715864,487.0,3410,460.0,397
7514,7512,7513,487.0,769362,460.0,397,459.0,1622
7515,7513,7514,460.0,719225,459.0,1622,459.0,1621
7516,7514,7515,460.0,720847,459.0,1621,428.0,1313
7517,7515,7516,465.0,722468,428.0,1313,428.0,1499
7518,7516,7517,428.0,673765,428.0,1499,389.0,646
7519,7517,7518,428.0,675264,389.0,646,385.0,1599
7520,7518,7519,391.0,673098,385.0,1599,380.0,1009
7521,7519,7520,391.0,674697,380.0,1009,318.0,291
7522,7520,7521,380.0,719837,318.0,291,322.0,376
7523,7521,7522,350.0,719119,322.0,376,318.0,377
7524,7522,7523,354.0,719495,318.0,377,318.0,376
7525,7523,7524,354.0,719872,318.0,376,322.0,376
7526,7524,7525,350.0,720249,322.0,376,318.0,377
7527,7525,7526,354.0,720625,318.0,377,318.0,376
7528,7526,7527,354.0,721002,318.0,376,322.0,376
7529,7527,7528,350.0,721379,322.0,376,318.0,377
7530,7528,7529,354.0,721755,318.0,377,318.0,376
7531,7529,7530,354.0,722132,318.0,376,332.0,212
7532,7530,7531,350.0,722509,332.0,212,330.0,374
7533,7531,7532,332.0,719040,330.0,374,318.0,374
7534,7532,7533,330.0,719415,318.0,374,322.0,374
7535,7533,7534,337.0,719789,322.0,374,318.0,374
7536,7534,7535,332.0,720164,318.0,374,322.0,374
7537,7535,7536,328.0,720539,322.0,374,318.0,375
7538,7536,7537,332.0,720913,318.0,375,318.0,374
7539,7537,7538,332.0,721288,318.0,374,322.0,374
7540,7538,7539,328.0,721663,322.0,374,330.0,374
7541,7539,7540,332.0,722037,330.0,374,301.0,114
7542,7540,7541,330.0,722412,301.0,114,322.0,371
7543,7541,7542,301.0,718942,322.0,371,318.0,372
7544,7542,7543,305.0,719313,318.0,372,318.0,371
7545,7543,7544,305.0,719685,318.0,371,299.0,371
7546,7544,7545,301.0,720057,299.0,371,322.0,371
7547,7545,7546,310.0,720428,322.0,371,318.0,372
7548,7546,7547,305.0,720800,318.0,372,318.0,371
7549,7547,7548,305.0,721172,318.0,371,299.0,371
7550,7548,7549,301.0,721544,299.0,371,322.0,371
7551,7549,7550,310.0,721915,322.0,371,303.0,371
7552,7550,7551,305.0,722287,303.0,371,487.0,2295
7553,7551,7552,303.0,722659,487.0,2295,460.0,116
7554,7552,7553,487.0,772343,460.0,116,459.0,1621
7555,7553,7554,460.0,722788,459.0,1621,460.0,1621
7556,7554,7555,462.0,724409,460.0,1621,434.0,18
7557,7555,7556,460.0,726031,434.0,18,434.0,26
7558,7556,7557,434.0,11674,434.0,26,389.0,368
7559,7557,7558,434.0,11700,389.0,368,385.0,1599
7560,7558,7559,391.0,676416,385.0,1599,385.0,1598
7561,7559,7560,391.0,678015,385.0,1598,322.0,225
7562,7560,7561,391.0,679614,322.0,225,352.0,376
7563,7561,7562,354.0,722897,352.0,376,318.0,376
7564,7562,7563,352.0,723274,318.0,376,322.0,376
7565,7563,7564,350.0,723651,322.0,376,318.0,377
7566,7564,7565,354.0,724027,318.0,377,318.0,376
7567,7565,7566,354.0,724404,318.0,376,322.0,376
7568,7566,7567,350.0,724781,322.0,376,318.0,377
7569,7567,7568,354.0,725157,318.0,377,318.0,376
7570,7568,7569,354.0,725534,318.0,376,322.0,376
7571,7569,7570,350.0,725911,322.0,376,332.0,147
7572,7570,7571,354.0,726287,332.0,147,330.0,374
7573,7571,7572,332.0,722819,330.0,374,318.0,374
7574,7572,7573,330.0,723194,318.0,374,322.0,374
7575,7573,7574,337.0,723568,322.0,374,318.0,374
7576,7574,7575,332.0,723943,318.0,374,322.0,374
7577,7575,7576,328.0,724318,322.0,374,330.0,374
7578,7576,7577,332.0,724692,330.0,374,318.0,374
7579,7577,7578,330.0,725067,318.0,374,322.0,374
7580,7578,7579,337.0,725441,322.0,374,330.0,374
7581,7579,7580,332.0,725816,330.0,374,305.0,49
7582,7580,7581,330.0,726191,305.0,49,303.0,371
7583,7581,7582,305.0,722721,303.0,371,318.0,371
7584,7582,7583,303.0,723093,318.0,371,322.0,371
7585,7583,7584,310.0,723464,322.0,371,318.0,372
7586,7584,7585,305.0,723836,318.0,372,318.0,371
7587,7585,7586,305.0,724208,318.0,371,299.0,371
7588,7586,7587,301.0,724580,299.0,371,322.0,371
7589,7587,7588,310.0,724951,322.0,371,303.0,371
7590,7588,7589,305.0,725323,303.0,371,318.0,371
7591,7589,7590,303.0,725695,318.0,371,322.0,371
7592,7590,7591,310.0,726066,322.0,371,487.0,1179
7593,7591,7592,305.0,726438,487.0,1179,482.0,3450
7594,7592,7593,487.0,775323,482.0,3450,460.0,1456
7595,7593,7594,482.0,777594,460.0,1456,459.0,1621
7596,7594,7595,460.0,727972,459.0,1621,428.0,792
7597,7595,7596,465.0,729593,428.0,792,428.0,1499
7598,7596,7597,428.0,680436,428.0,1499,389.0,90
7599,7597,7598,428.0,681935,389.0,90,385.0,1599
7600,7598,7599,391.0,679734,385.0,1599,385.0,1599
7601,7599,7600,391.0,681333,385.0,1599,322.0,160
7602,7600,7601,391.0,682932,322.0,160,318.0,376
7603,7601,7602,352.0,726676,318.0,376,322.0,376
7604,7602,7603,359.0,727052,322.0,376,352.0,376
7605,7603,7604,354.0,727429,352.0,376,318.0,376
7606,7604,7605,352.0,727806,318.0,376,322.0,376
7607,7605,7606,359.0,728182,322.0,376,352.0,376
7608,7606,7607,354.0,728559,352.0,376,318.0,376
7609,7607,7608,352.0,728936,318.0,376,322.0,376
7610,7608,7609,359.0,729312,322.0,376,352.0,376
7611,7609,7610,354.0,729689,352.0,376,332.0,82
7612,7610,7611,352.0,730066,332.0,82,318.0,374
7613,7611,7612,332.0,726598,318.0,374,326.0,374
7614,7612,7613,328.0,726973,326.0,374,322.0,374
7615,7613,7614,337.0,727347,322.0,374,318.0,374
7616,7614,7615,332.0,727722,318.0,374,322.0,374
7617,7615,7616,328.0,728097,322.0,374,330.0,374
7618,7616,7617,332.0,728471,330.0,374,318.0,374
7619,7617,7618,330.0,728846,318.0,374,322.0,374
7620,7618,7619,337.0,729220,322.0,374,318.0,374
7621,7619,7620,332.0,729595,318.0,374,326.0,374
7622,7620,7621,328.0,729970,326.0,374,305.0,356
7623,7621,7622,337.0,730344,305.0,356,318.0,372
7624,7622,7623,305.0,726872,318.0,372,318.0,371
7625,7623,7624,305.0,727244,318.0,371,299.0,371
7626,7624,7625,301.0,727616,299.0,371,322.0,371
7627,7625,7626,310.0,727987,322.0,371,303.0,371
7628,7626,7627,305.0,728359,303.0,371,318.0,371
7629,7627,7628,303.0,728731,318.0,371,322.0,371
7630,7628,7629,301.0,729103,322.0,371,318.0,372
7631,7629,7630,305.0,729474,318.0,372,318.0,371
7632,7630,7631,305.0,729846,318.0,371,487.0,64
7633,7631,7632,301.0,730218,487.0,64,482.0,2353
7634,7632,7633,487.0,778304,482.0,2353,460.0,1174
7635,7633,7634,482.0,780593,460.0,1174,459.0,1622
7636,7634,7635,460.0,731534,459.0,1622,434.0,9
7637,7635,7636,460.0,733156,434.0,9,434.0,26
7638,7636,7637,434.0,11789,434.0,26,428.0,1503
7639,7637,7638,434.0,11815,428.0,1503,389.0,1412
7640,7638,7639,428.0,686773,389.0,1412,385.0,1599
7641,7639,7640,391.0,684652,385.0,1599,359.0,94
7642,7640,7641,391.0,686251,359.0,94,322.0,376
7643,7641,7642,359.0,730454,322.0,376,352.0,376
7644,7642,7643,354.0,730831,352.0,376,318.0,376
7645,7643,7644,352.0,731208,318.0,376,322.0,376
7646,7644,7645,359.0,731584,322.0,376,352.0,376
7647,7645,7646,354.0,731961,352.0,376,318.0,376
7648,7646,7647,352.0,732338,318.0,376,322.0,376
7649,7647,7648,359.0,732714,322.0,376,352.0,376
7650,7648,7649,354.0,733091,352.0,376,318.0,376
7651,7649,7650,352.0,733468,318.0,376,332.0,17
7652,7650,7651,359.0,733844,332.0,17,318.0,374
7653,7651,7652,332.0,730377,318.0,374,322.0,374
7654,7652,7653,328.0,730752,322.0,374,318.0,375
7655,7653,7654,332.0,731126,318.0,375,318.0,374
7656,7654,7655,332.0,731501,318.0,374,322.0,374
7657,7655,7656,328.0,731876,322.0,374,330.0,374
7658,7656,7657,332.0,732250,330.0,374,318.0,374
7659,7657,7658,330.0,732625,318.0,374,322.0,374
7660,7658,7659,337.0,732999,322.0,374,318.0,374
7661,7659,7660,332.0,733374,318.0,374,322.0,374
7662,7660,7661,328.0,733749,322.0,374,301.0,292
7663,7661,7662,332.0,734123,301.0,292,299.0,371
7664,7662,7663,301.0,730652,299.0,371,322.0,371
7665,7663,7664,310.0,731023,322.0,371,303.0,371
7666,7664,7665,305.0,731395,303.0,371,318.0,371
7667,7665,7666,303.0,731767,318.0,371,322.0,371
7668,7666,7667,301.0,732139,322.0,371,318.0,372
7669,7667,7668,305.0,732510,318.0,372,318.0,371
7670,7668,7669,305.0,732882,318.0,371,299.0,371
7671,7669,7670,301.0,733254,299.0,371,322.0,371
7672,7670,7671,310.0,733625,322.0,371,293.0,2810
7673,7671,7672,305.0,733997,293.0,2810,482.0,1256
7674,7672,7673,293.0,733170,482.0,1256,465.0,892
7675,7673,7674,482.0,783592,465.0,892,460.0,1621
7676,7674,7675,465.0,735096,460.0,1621,428.0,271
7677,7675,7676,460.0,736718,428.0,271,428.0,1500
7678,7676,7677,428.0,687107,428.0,1500,428.0,1499
7679,7677,7678,428.0,688607,428.0,1499,389.0,1134
7680,7678,7679,428.0,690106,389.0,1134,385.0,1599
7681,7679,7680,391.0,687970,385.0,1599,322.0,29
7682,7680,7681,391.0,689569,322.0,29,318.0,376
7683,7681,7682,354.0,734233,318.0,376,348.0,376
7684,7682,7683,350.0,734610,348.0,376,322.0,376
7685,7683,7684,359.0,734986,322.0,376,318.0,376
7686,7684,7685,354.0,735363,318.0,376,348.0,376
7687,7685,7686,350.0,735740,348.0,376,322.0,376
7688,7686,7687,359.0,736116,322.0,376,318.0,376
7689,7687,7688,354.0,736493,318.0,376,348.0,376
7690,7688,7689,350.0,736870,348.0,376,322.0,376
7691,7689,7690,359.0,737246,322.0,376,318.0,376
7692,7690,7691,354.0,737623,318.0,376,328.0,327
7693,7691,7692,350.0,738000,328.0,327,322.0,374
7694,7692,7693,328.0,734531,322.0,374,330.0,374
7695,7693,7694,332.0,734905,330.0,374,318.0,374
7696,7694,7695,330.0,735280,318.0,374,322.0,374
7697,7695,7696,337.0,735654,322.0,374,330.0,374
7698,7696,7697,332.0,736029,330.0,374,318.0,374
7699,7697,7698,330.0,736404,318.0,374,322.0,374
7700,7698,7699,337.0,736778,322.0,374,318.0,374
7701,7699,7700,332.0,737153,318.0,374,322.0,374
7702,7700,7701,328.0,737528,322.0,374,305.0,227
7703,7701,7702,332.0,737902,305.0,227,303.0,371
7704,7702,7703,305.0,734431,303.0,371,318.0,371
7705,7703,7704,303.0,734803,318.0,371,322.0,371
7706,7704,7705,301.0,735175,322.0,371,318.0,372
7707,7705,7706,305.0,735546,318.0,372,303.0,371
7708,7706,7707,305.0,735918,303.0,371,318.0,371
7709,7707,7708,303.0,736290,318.0,371,322.0,371
7710,7708,7709,310.0,736661,322.0,371,318.0,372
7711,7709,7710,305.0,737033,318.0,372,318.0,371
7712,7710,7711,305.0,737405,318.0,371,293.0,1713
7713,7711,7712,301.0,737777,293.0,1713,482.0,159
7714,7712,7713,293.0,735917,482.0,159,460.0,611
7715,7713,7714,482.0,786591,460.0,611,459.0,1621
7716,7714,7715,460.0,738659,459.0,1621,371.0,1
7717,7715,7716,465.0,740280,371.0,1,434.0,26
7718,7716,7717,371.0,193,434.0,26,428.0,1504
7719,7717,7718,434.0,11930,428.0,1504,389.0,857
7720,7718,7719,428.0,693444,389.0,857,387.0,1598
7721,7719,7720,391.0,691289,387.0,1598,380.0,2654
7722,7720,7721,391.0,692887,380.0,2654,322.0,340
7723,7721,7722,380.0,740702,322.0,340,318.0,377
7724,7722,7723,354.0,738388,318.0,377,318.0,376
7725,7723,7724,354.0,738765,318.0,376,322.0,376
7726,7724,7725,350.0,739142,322.0,376,318.0,377
7727,7725,7726,354.0,739518,318.0,377,318.0,376
7728,7726,7727,354.0,739895,318.0,376,322.0,376
7729,7727,7728,350.0,740272,322.0,376,318.0,377
7730,7728,7729,354.0,740648,318.0,377,318.0,376
7731,7729,7730,354.0,741025,318.0,376,322.0,376
7732,7730,7731,350.0,741402,322.0,376,328.0,262
7733,7731,7732,354.0,741778,328.0,262,322.0,374
7734,7732,7733,328.0,738310,322.0,374,330.0,374
7735,7733,7734,332.0,738684,330.0,374,318.0,374
7736,7734,7735,330.0,739059,318.0,374,322.0,374
7737,7735,7736,337.0,739433,322.0,374,318.0,374
7738,7736,7737,332.0,739808,318.0,374,326.0,374
7739,7737,7738,328.0,740183,326.0,374,322.0,374
7740,7738,7739,337.0,740557,322.0,374,318.0,374
7741,7739,7740,332.0,740932,318.0,374,322.0,374
7742,7740,7741,328.0,741307,322.0,374,301.0,163
7743,7741,7742,332.0,741681,301.0,163,322.0,371
7744,7742,7743,301.0,738211,322.0,371,318.0,372
7745,7743,7744,305.0,738582,318.0,372,303.0,371
7746,7744,7745,305.0,738954,303.0,371,318.0,371
7747,7745,7746,303.0,739326,318.0,371,322.0,371
7748,7746,7747,310.0,739697,322.0,371,318.0,372
7749,7747,7748,305.0,740069,318.0,372,318.0,371
7750,7748,7749,305.0,740441,318.0,371,299.0,371
7751,7749,7750,301.0,740813,299.0,371,322.0,371
7752,7750,7751,310.0,741184,322.0,371,293.0,616
7753,7751,7752,305.0,741556,293.0,616,487.0,3142
7754,7752,7753,293.0,738664,487.0,3142,465.0,329
7755,7753,7754,487.0,793670,465.0,329,460.0,1621
7756,7754,7755,465.0,742221,460.0,1621,459.0,1621
7757,7755,7756,460.0,743843,459.0,1621,428.0,1250
7758,7756,7757,468.0,745464,428.0,1250,428.0,1499
7759,7757,7758,428.0,695278,428.0,1499,389.0,579
7760,7758,7759,428.0,696777,389.0,579,385.0,1598
7761,7759,7760,391.0,694607,385.0,1598,380.0,488
7762,7760,7761,391.0,696206,380.0,488,322.0,275
7763,7761,7762,380.0,742380,322.0,275,318.0,376
7764,7762,7763,352.0,742167,318.0,376,322.0,376
7765,7763,7764,350.0,742544,322.0,376,353.0,376
7766,7764,7765,354.0,742920,353.0,376,318.0,376
7767,7765,7766,353.0,743297,318.0,376,322.0,376
7768,7766,7767,350.0,743674,322.0,376,318.0,377
7769,7767,7768,354.0,744050,318.0,377,318.0,376
7770,7768,7769,354.0,744427,318.0,376,322.0,376
7771,7769,7770,350.0,744804,322.0,376,318.0,377
7772,7770,7771,354.0,745180,318.0,377,337.0,196
7773,7771,7772,354.0,745557,337.0,196,322.0,374
7774,7772,7773,337.0,742088,322.0,374,330.0,374
7775,7773,7774,332.0,742463,330.0,374,318.0,374
7776,7774,7775,330.0,742838,318.0,374,322.0,374
7777,7775,7776,337.0,743212,322.0,374,318.0,374
7778,7776,7777,332.0,743587,318.0,374,322.0,374
7779,7777,7778,328.0,743962,322.0,374,318.0,375
7780,7778,7779,332.0,744336,318.0,375,318.0,374
7781,7779,7780,332.0,744711,318.0,374,322.0,374
7782,7780,7781,328.0,745086,322.0,374,305.0,98
7783,7781,7782,332.0,745460,305.0,98,303.0,371
7784,7782,7783,305.0,741990,303.0,371,318.0,371
7785,7783,7784,303.0,742362,318.0,371,322.0,371
7786,7784,7785,310.0,742733,322.0,371,318.0,372
7787,7785,7786,305.0,743105,318.0,372,318.0,371
7788,7786,7787,305.0,743477,318.0,371,299.0,371
7789,7787,7788,301.0,743849,299.0,371,322.0,371
7790,7788,7789,310.0,744220,322.0,371,303.0,371
7791,7789,7790,305.0,744592,303.0,371,318.0,371
7792,7790,7791,303.0,744964,318.0,371,322.0,371
7793,7791,7792,310.0,745335,322.0,371,487.0,2026
7794,7792,7793,305.0,745707,487.0,2026,460.0,48
7795,7793,7794,487.0,796650,460.0,48,459.0,1621
7796,7794,7795,460.0,745784,459.0,1621,460.0,1621
7797,7795,7796,465.0,747405,460.0,1621,434.0,17
7798,7796,7797,460.0,749027,434.0,17,428.0,1504
7799,7797,7798,434.0,12045,428.0,1504,389.0,301
7800,7798,7799,428.0,700115,389.0,301,385.0,1599
7801,7799,7800,391.0,697925,385.0,1599,385.0,1599
7802,7800,7801,391.0,699524,385.0,1599,359.0,209
7803,7801,7802,391.0,701123,359.0,209,322.0,376
7804,7802,7803,359.0,745945,322.0,376,352.0,376
7805,7803,7804,354.0,746322,352.0,376,318.0,376
7806,7804,7805,352.0,746699,318.0,376,322.0,376
7807,7805,7806,359.0,747075,322.0,376,352.0,376
7808,7806,7807,354.0,747452,352.0,376,318.0,376
7809,7807,7808,352.0,747829,318.0,376,322.0,376
7810,7808,7809,359.0,748205,322.0,376,352.0,376
7811,7809,7810,354.0,748582,352.0,376,318.0,376
7812,7810,7811,352.0,748959,318.0,376,337.0,131
7813,7811,7812,359.0,749335,337.0,131,322.0,374
7814,7812,7813,337.0,745867,322.0,374,318.0,374
7815,7813,7814,332.0,746242,318.0,374,326.0,374
7816,7814,7815,328.0,746617,326.0,374,322.0,374
7817,7815,7816,337.0,746991,322.0,374,318.0,374
7818,7816,7817,332.0,747366,318.0,374,322.0,374
7819,7817,7818,328.0,747741,322.0,374,330.0,374
7820,7818,7819,332.0,748115,330.0,374,318.0,374
7821,7819,7820,330.0,748490,318.0,374,322.0,374
7822,7820,7821,337.0,748864,322.0,374,310.0,33
7823,7821,7822,332.0,749239,310.0,33,322.0,371
7824,7822,7823,310.0,745769,322.0,371,318.0,372
7825,7823,7824,305.0,746141,318.0,372,318.0,371
7826,7824,7825,305.0,746513,318.0,371,299.0,371
7827,7825,7826,301.0,746885,299.0,371,322.0,371
7828,7826,7827,310.0,747256,322.0,371,303.0,371
7829,7827,7828,305.0,747628,303.0,371,318.0,371
7830,7828,7829,303.0,748000,318.0,371,322.0,371
7831,7829,7830,301.0,748372,322.0,371,318.0,372
7832,7830,7831,305.0,748743,318.0,372,318.0,371
7833,7831,7832,305.0,749115,318.0,371,487.0,911
7834,7832,7833,301.0,749487,487.0,911,482.0,3186
7835,7833,7834,487.0,799631,482.0,3186,460.0,1388
7836,7834,7835,482.0,801906,460.0,1388,459.0,1621
7837,7835,7836,460.0,750968,459.0,1621,428.0,729
7838,7836,7837,465.0,752589,428.0,729,428.0,1499
7839,7837,7838,428.0,701949,428.0,1499,389.0,24
7840,7838,7839,428.0,703448,389.0,24,387.0,1598
7841,7839,7840,391.0,701244,387.0,1598,385.0,1599
7842,7840,7841,391.0,702842,385.0,1599,322.0,144
7843,7841,7842,391.0,704441,322.0,144,352.0,376
7844,7842,7843,354.0,749724,352.0,376,318.0,376
7845,7843,7844,352.0,750101,318.0,376,322.0,376
7846,7844,7845,359.0,750477,322.0,376,352.0,376
7847,7845,7846,354.0,750854,352.0,376,318.0,376
7848,7846,7847,352.0,751231,318.0,376,322.0,376
7849,7847,7848,359.0,751607,322.0,376,352.0,376
7850,7848,7849,354.0,751984,352.0,376,318.0,376
7851,7849,7850,352.0,752361,318.0,376,322.0,376
7852,7850,7851,359.0,752737,322.0,376,337.0,66
7853,7851,7852,354.0,753114,337.0,66,322.0,374
7854,7852,7853,337.0,749646,322.0,374,318.0,374
7855,7853,7854,332.0,750021,318.0,374,322.0,374
7856,7854,7855,328.0,750396,322.0,374,318.0,375
7857,7855,7856,332.0,750770,318.0,375,318.0,374
7858,7856,7857,332.0,751145,318.0,374,322.0,374
7859,7857,7858,328.0,751520,322.0,374,330.0,374
7860,7858,7859,332.0,751894,330.0,374,318.0,374
7861,7859,7860,330.0,752269,318.0,374,322.0,374
7862,7860,7861,337.0,752643,322.0,374,318.0,374
7863,7861,7862,332.0,753018,318.0,374,301.0,341
7864,7862,7863,328.0,753393,301.0,341,299.0,371
7865,7863,7864,301.0,749921,299.0,371,322.0,371
7866,7864,7865,310.0,750292,322.0,371,303.0,371
7867,7865,7866,305.0,750664,303.0,371,318.0,371
7868,7866,7867,303.0,751036,318.0,371,322.0,371
7869,7867,7868,301.0,751408,322.0,371,318.0,372
7870,7868,7869,305.0,751779,318.0,372,318.0,371
7871,7869,7870,305.0,752151,318.0,371,299.0,371
7872,7870,7871,301.0,752523,299.0,371,322.0,371
7873,7871,7872,310.0,752894,322.0,371,293.0,3643
7874,7872,7873,305.0,753266,293.0,3643,482.0,2089
7875,7873,7874,293.0,753223,482.0,2089,465.0,1106
7876,7874,7875,482.0,804905,465.0,1106,460.0,1621
7877,7875,7876,465.0,754530,460.0,1621,434.0,8
7878,7876,7877,460.0,756152,434.0,8,428.0,1504
7879,7877,7878,434.0,12160,428.0,1504,428.0,1500
7880,7878,7879,428.0,706786,428.0,1500,389.0,1345
7881,7879,7880,428.0,708286,389.0,1345,385.0,1599
7882,7880,7881,391.0,706161,385.0,1599,318.0,79
7883,7881,7882,391.0,707760,318.0,79,348.0,376
7884,7882,7883,350.0,753503,348.0,376,322.0,376
7885,7883,7884,359.0,753879,322.0,376,318.0,376
7886,7884,7885,354.0,754256,318.0,376,348.0,376
7887,7885,7886,350.0,754633,348.0,376,322.0,376
7888,7886,7887,359.0,755009,322.0,376,318.0,376
7889,7887,7888,354.0,755386,318.0,376,348.0,376
7890,7888,7889,350.0,755763,348.0,376,322.0,376
7891,7889,7890,359.0,756139,322.0,376,318.0,376
7892,7890,7891,354.0,756516,318.0,376,168.0,1
7893,7891,7892,350.0,756893,168.0,1,322.0,374
7894,7892,7893,168.0,197,322.0,374,318.0,374
7895,7893,7894,332.0,753800,318.0,374,322.0,374
7896,7894,7895,328.0,754175,322.0,374,330.0,374
7897,7895,7896,332.0,754549,330.0,374,318.0,374
7898,7896,7897,330.0,754924,318.0,374,322.0,374
7899,7897,7898,337.0,755298,322.0,374,330.0,374
7900,7898,7899,332.0,755673,330.0,374,318.0,374
7901,7899,7900,330.0,756048,318.0,374,322.0,374
7902,7900,7901,337.0,756422,322.0,374,318.0,374
7903,7901,7902,332.0,756797,318.0,374,305.0,276
7904,7902,7903,328.0,757172,305.0,276,303.0,371
7905,7903,7904,305.0,753700,303.0,371,318.0,371
7906,7904,7905,303.0,754072,318.0,371,322.0,371
7907,7905,7906,301.0,754444,322.0,371,318.0,372
7908,7906,7907,305.0,754815,318.0,372,303.0,371
7909,7907,7908,305.0,755187,303.0,371,318.0,371
7910,7908,7909,303.0,755559,318.0,371,322.0,371
7911,7909,7910,310.0,755930,322.0,371,318.0,372
7912,7910,7911,305.0,756302,318.0,372,318.0,371
7913,7911,7912,305.0,756674,318.0,371,293.0,2546
7914,7912,7913,301.0,757046,293.0,2546,482.0,992
7915,7913,7914,293.0,755970,482.0,992,460.0,825
7916,7914,7915,482.0,807904,460.0,825,459.0,1621
7917,7915,7916,460.0,758093,459.0,1621,428.0,208
7918,7916,7917,465.0,759714,428.0,208,428.0,1500
7919,7917,7918,428.0,708620,428.0,1500,428.0,1499
7920,7918,7919,428.0,710120,428.0,1499,389.0,1067
7921,7919,7920,428.0,711619,389.0,1067,385.0,1599
7922,7920,7921,391.0,709479,385.0,1599,322.0,13
7923,7921,7922,391.0,711078,322.0,13,318.0,377
7924,7922,7923,354.0,757281,318.0,377,318.0,376
7925,7923,7924,354.0,757658,318.0,376,322.0,376
7926,7924,7925,350.0,758035,322.0,376,318.0,377
7927,7925,7926,354.0,758411,318.0,377,318.0,376
7928,7926,7927,354.0,758788,318.0,376,322.0,376
7929,7927,7928,350.0,759165,322.0,376,318.0,377
7930,7928,7929,354.0,759541,318.0,377,318.0,376
7931,7929,7930,354.0,759918,318.0,376,322.0,376
7932,7930,7931,350.0,760295,322.0,376,318.0,377
7933,7931,7932,354.0,760671,318.0,377,332.0,311
7934,7932,7933,354.0,761048,332.0,311,318.0,374
7935,7933,7934,332.0,757579,318.0,374,322.0,374
7936,7934,7935,328.0,757954,322.0,374,330.0,374
7937,7935,7936,332.0,758328,330.0,374,318.0,374
7938,7936,7937,330.0,758703,318.0,374,322.0,374
7939,7937,7938,337.0,759077,322.0,374,318.0,374
7940,7938,7939,332.0,759452,318.0,374,326.0,374
7941,7939,7940,328.0,759827,326.0,374,322.0,374
7942,7940,7941,337.0,760201,322.0,374,318.0,374
7943,7941,7942,332.0,760576,318.0,374,301.0,212
7944,7942,7943,328.0,760951,301.0,212,322.0,371
7945,7943,7944,301.0,757480,322.0,371,318.0,372
7946,7944,7945,305.0,757851,318.0,372,303.0,371
7947,7945,7946,305.0,758223,303.0,371,318.0,371
7948,7946,7947,303.0,758595,318.0,371,322.0,371
7949,7947,7948,310.0,758966,322.0,371,318.0,372
7950,7948,7949,305.0,759338,318.0,372,318.0,371
7951,7949,7950,305.0,759710,318.0,371,299.0,371
7952,7950,7951,301.0,760082,299.0,371,322.0,371
7953,7951,7952,310.0,760453,322.0,371,293.0,1449
7954,7952,7953,305.0,760825,293.0,1449,487.0,3989
7955,7953,7954,293.0,758717,487.0,3989,465.0,543
7956,7954,7955,487.0,814997,465.0,543,460.0,1621
7957,7955,7956,465.0,761655,460.0,1621,459.0,1621
7958,7956,7957,460.0,763277,459.0,1621,428.0,1449
7959,7957,7958,465.0,764898,428.0,1449,428.0,1500
7960,7958,7959,428.0,713457,428.0,1500,389.0,790
7961,7959,7960,428.0,714957,389.0,790,385.0,1599
7962,7960,7961,391.0,712798,385.0,1599,380.0,2133
7963,7961,7962,391.0,714397,380.0,2133,318.0,325
7964,7962,7963,380.0,763245,318.0,325,322.0,376
7965,7963,7964,350.0,761437,322.0,376,352.0,376
7966,7964,7965,354.0,761813,352.0,376,318.0,376
7967,7965,7966,352.0,762190,318.0,376,322.0,376
7968,7966,7967,350.0,762567,322.0,376,318.0,377
7969,7967,7968,354.0,762943,318.0,377,318.0,376
7970,7968,7969,354.0,763320,318.0,376,322.0,376
7971,7969,7970,350.0,763697,322.0,376,318.0,377
7972,7970,7971,354.0,764073,318.0,377,318.0,376
7973,7971,7972,354.0,764450,318.0,376,332.0,246
7974,7972,7973,350.0,764827,332.0,246,318.0,374
7975,7973,7974,332.0,761358,318.0,374,322.0,374
7976,7974,7975,328.0,761733,322.0,374,330.0,374
7977,7975,7976,332.0,762107,330.0,374,318.0,374
7978,7976,7977,330.0,762482,318.0,374,322.0,374
7979,7977,7978,337.0,762856,322.0,374,318.0,374
7980,7978,7979,332.0,763231,318.0,374,322.0,374
7981,7979,7980,328.0,763606,322.0,374,318.0,375
7982,7980,7981,332.0,763980,318.0,375,318.0,374
7983,7981,7982,332.0,764355,318.0,374,305.0,147
7984,7982,7983,328.0,764730,305.0,147,303.0,371
7985,7983,7984,305.0,761259,303.0,371,318.0,371
7986,7984,7985,303.0,761631,318.0,371,322.0,371
7987,7985,7986,310.0,762002,322.0,371,318.0,372
7988,7986,7987,305.0,762374,318.0,372,318.0,371
7989,7987,7988,305.0,762746,318.0,371,299.0,371
7990,7988,7989,301.0,763118,299.0,371,322.0,371
7991,7989,7990,310.0,763489,322.0,371,303.0,371
7992,7990,7991,305.0,763861,303.0,371,318.0,371
7993,7991,7992,303.0,764233,318.0,371,293.0,352
7994,7992,7993,301.0,764605,293.0,352,487.0,2873
7995,7993,7994,293.0,761464,487.0,2873,460.0,262
7996,7994,7995,487.0,817977,460.0,262,459.0,1621
7997,7995,7996,460.0,765218,459.0,1621,460.0,1621
7998,7996,7997,465.0,766839,460.0,1621,428.0,1187
7999,7997,7998,460.0,768461,428.0,1187,428.0,1499
8000,7998,7999,428.0,716791,428.0,1499,389.0,512
8001,7999,8000,428.0,718290,389.0,512,385.0,1599
8002,8000,8001,391.0,716116,385.0,1599,397.0,57
8003,8001,8002,391.0,717715,397.0,57,322.0,259
8004,8002,8003,397.0,12395,322.0,259,352.0,376
8005,8003,8004,354.0,765215,352.0,376,318.0,376
8006,8004,8005,352.0,765592,318.0,376,322.0,376
8007,8005,8006,359.0,765968,322.0,376,352.0,376
8008,8006,8007,354.0,766345,352.0,376,318.0,376
8009,8007,8008,352.0,766722,318.0,376,322.0,376
8010,8008,8009,359.0,767098,322.0,376,352.0,376
8011,8009,8010,354.0,767475,352.0,376,318.0,376
8012,8010,8011,352.0,767852,318.0,376,322.0,376
8013,8011,8012,359.0,768228,322.0,376,330.0,181
8014,8012,8013,354.0,768605,330.0,181,318.0,374
8015,8013,8014,330.0,765137,318.0,374,322.0,374
8016,8014,8015,337.0,765511,322.0,374,330.0,374
8017,8015,8016,332.0,765886,330.0,374,318.0,374
8018,8016,8017,330.0,766261,318.0,374,322.0,374
8019,8017,8018,337.0,766635,322.0,374,318.0,374
8020,8018,8019,332.0,767010,318.0,374,322.0,374
8021,8019,8020,328.0,767385,322.0,374,330.0,374
8022,8020,8021,332.0,767759,330.0,374,318.0,374
8023,8021,8022,330.0,768134,318.0,374,310.0,82
8024,8022,8023,337.0,768508,310.0,82,322.0,371
8025,8023,8024,310.0,765038,322.0,371,318.0,372
8026,8024,8025,305.0,765410,318.0,372,318.0,371
8027,8025,8026,305.0,765782,318.0,371,299.0,371
8028,8026,8027,301.0,766154,299.0,371,322.0,371
8029,8027,8028,310.0,766525,322.0,371,303.0,371
8030,8028,8029,305.0,766897,303.0,371,318.0,371
8031,8029,8030,303.0,767269,318.0,371,322.0,371
8032,8030,8031,301.0,767641,322.0,371,318.0,372
8033,8031,8032,305.0,768012,318.0,372,303.0,371
8034,8032,8033,305.0,768384,303.0,371,38.0,1
