region,warmup_rid,start_rid,warmup_bid,warmup_count,start_bid,start_count,end_bid,end_count
0,-1,-1,36.0,0,36.0,0,582.0,420173
1,-1,0,36.0,0,582.0,420173,573.0,56313
2,0,1,582.0,420173,573.0,56313,573.0,100607
3,1,2,573.0,56313,573.0,100607,556.0,18952
4,2,3,573.0,156920,556.0,18952,556.0,99461
5,3,4,556.0,18952,556.0,99461,543.0,465042
6,4,5,556.0,118413,543.0,465042,519.0,79103
7,5,6,543.0,1019012,519.0,79103,519.0,99126
8,6,7,519.0,79103,519.0,99126,464.0,35973
9,7,8,519.0,178229,464.0,35973,440.0,48519
10,8,9,464.0,35973,440.0,48519,442.0,97477
11,9,10,440.0,48519,442.0,97477,457.0,39896
12,10,11,442.0,146023,457.0,39896,388.0,71692
13,11,12,457.0,39896,388.0,71692,384.0,1573
14,12,13,388.0,71692,384.0,1573,405.0,219845
15,13,14,384.0,2729,405.0,219845,335.0,95110
16,14,15,405.0,219845,335.0,95110,333.0,97489
17,15,16,335.0,95110,333.0,97489,351.0,208994
18,16,17,333.0,192597,351.0,208994,586.0,104950
19,17,18,351.0,208994,586.0,104950,582.0,1061823
20,18,19,586.0,367094,582.0,1061823,570.0,412514
21,19,20,582.0,2372543,570.0,412514,573.0,100584
22,20,21,570.0,1527274,573.0,100584,556.0,50506
23,21,22,573.0,427138,556.0,50506,556.0,99451
24,22,23,556.0,288834,556.0,99451,498.0,18432
25,23,24,556.0,388285,498.0,18432,498.0,495592
26,24,25,498.0,1133192,498.0,495592,519.0,99131
27,25,26,498.0,1628784,519.0,99131,464.0,163761
28,26,27,519.0,448005,464.0,163761,441.0,79464
29,27,28,464.0,402089,441.0,79464,439.0,97489
30,28,29,441.0,317792,439.0,97489,370.0,2433
31,29,30,439.0,415239,370.0,2433,389.0,97476
32,30,31,370.0,113909,389.0,97476,389.0,97501
33,31,32,389.0,340950,389.0,97501,335.0,28556
34,32,33,389.0,438451,335.0,28556,339.0,100646
35,33,34,335.0,266884,339.0,100646,334.0,97504
36,34,35,339.0,376166,334.0,97504,300.0,475315
37,35,36,334.0,461878,300.0,475315,586.0,209895
38,36,37,300.0,1666955,586.0,209895,570.0,91337
39,37,38,586.0,734183,570.0,91337,573.0,100604
40,38,39,570.0,2320857,573.0,100604,570.0,470516
41,39,40,573.0,596790,570.0,470516,556.0,82038
42,40,41,570.0,3261766,556.0,82038,556.0,99461
43,41,42,556.0,558694,556.0,99461,498.0,175706
44,42,43,556.0,658155,498.0,175706,498.0,495592
45,43,44,498.0,2405226,498.0,495592,482.0,24452
46,44,45,498.0,2900818,482.0,24452,440.0,12882
47,45,46,482.0,501108,440.0,12882,442.0,97505
48,46,47,440.0,489538,442.0,97505,440.0,97489
49,47,48,442.0,587057,440.0,97489,388.0,36079
50,48,49,440.0,684505,388.0,36079,387.0,97508
51,49,50,388.0,512735,387.0,97508,390.0,97477
52,50,51,387.0,610186,390.0,97477,336.0,59514
53,51,52,390.0,707681,336.0,59514,333.0,97483
54,52,53,336.0,536170,333.0,97483,351.0,65161
55,53,54,333.0,633597,351.0,65161,300.0,1096731
56,54,55,351.0,541817,300.0,1096731,582.0,322178
57,55,56,300.0,3480011,582.0,322178,573.0,51458
58,56,57,582.0,4254338,573.0,51458,570.0,470659
59,57,58,573.0,766442,570.0,470659,543.0,66140
60,58,59,570.0,4055349,543.0,66140,543.0,465095
61,59,60,543.0,3410420,543.0,465095,543.0,465095
62,60,61,543.0,3875515,543.0,465095,519.0,74281
63,61,62,543.0,4340610,519.0,74281,498.0,495631
64,62,63,519.0,789265,498.0,495631,464.0,16451
65,63,64,498.0,4172851,464.0,16451,441.0,43825
66,64,65,464.0,731435,441.0,43825,439.0,97504
67,65,66,441.0,758809,439.0,97504,457.0,3521
68,66,67,439.0,856260,457.0,3521,389.0,67004
69,67,68,457.0,718505,389.0,67004,388.0,97485
70,68,69,389.0,781988,388.0,97485,405.0,183196
71,69,70,388.0,879429,405.0,183196,339.0,93329
72,70,71,405.0,898180,339.0,93329,334.0,97500
73,71,72,339.0,831377,334.0,97500,351.0,189933
74,72,73,334.0,902880,351.0,189933,586.0,88918
75,73,74,351.0,904917,586.0,88918,582.0,963806
76,74,75,586.0,1137494,582.0,963806,573.0,83346
77,75,76,582.0,6206686,573.0,83346,573.0,100607
78,76,77,573.0,1036658,573.0,100607,556.0,45684
79,77,78,573.0,1137265,556.0,45684,543.0,465019
80,78,79,556.0,998996,543.0,465019,513.0,13450
81,79,80,543.0,5137959,513.0,13450,519.0,99158
82,80,81,513.0,90330,519.0,99158,519.0,99126
83,81,82,519.0,1059042,519.0,99126,464.0,144243
84,82,83,519.0,1158168,464.0,144243,441.0,74716
85,83,84,464.0,1097555,441.0,74716,440.0,97506
86,84,85,441.0,1028028,440.0,97506,387.0,414
87,85,86,440.0,1125528,387.0,414,390.0,97473
88,86,87,387.0,953726,390.0,97473,389.0,97480
89,87,88,390.0,1051219,389.0,97480,336.0,23864
90,88,89,389.0,1148690,336.0,23864,333.0,97483
91,89,90,336.0,977176,333.0,97483,335.0,97523
92,90,91,333.0,1074603,335.0,97523,300.0,380404
93,91,92,335.0,1172169,300.0,380404,586.0,193866
94,92,93,300.0,5146964,586.0,193866,573.0,14672
95,93,94,586.0,1504586,573.0,14672,570.0,470516
96,94,95,573.0,1206312,570.0,470516,573.0,100584
97,95,96,570.0,6112756,573.0,100584,556.0,77238
98,96,97,573.0,1407482,556.0,77238,556.0,99442
99,97,98,556.0,1268878,556.0,99442,519.0,38056
100,98,99,556.0,1368320,519.0,38056,519.0,99126
101,99,100,519.0,1229696,519.0,99126,519.0,99371
102,100,101,519.0,1328822,519.0,99371,440.0,8136
103,101,102,519.0,1428193,440.0,8136,445.0,100637
104,102,103,440.0,1199776,445.0,100637,441.0,97519
105,103,104,445.0,1339165,441.0,97519,388.0,31336
106,104,105,441.0,1394807,388.0,31336,387.0,97471
107,105,106,388.0,1222976,387.0,97471,387.0,97516
108,106,107,387.0,1320421,387.0,97516,339.0,56562
109,107,108,387.0,1417937,339.0,56562,334.0,97507
110,108,109,339.0,1286642,334.0,97507,351.0,46112
111,109,110,334.0,1343893,351.0,46112,300.0,1001859
112,110,111,351.0,1237752,300.0,1001859,579.0,44845
113,111,112,300.0,6960059,579.0,44845,573.0,46563
114,112,113,579.0,1617709,573.0,46563,573.0,100607
115,113,114,573.0,1476531,573.0,100607,556.0,9313
116,114,115,573.0,1577138,556.0,9313,556.0,99461
117,115,116,556.0,1439281,556.0,99461,556.0,99461
118,116,117,556.0,1538742,556.0,99461,498.0,308790
119,117,118,556.0,1638203,498.0,308790,519.0,99130
120,118,119,498.0,6997350,519.0,99130,482.0,232464
121,119,120,519.0,1598600,482.0,232464,441.0,39088
122,120,121,482.0,1662432,441.0,39088,439.0,97469
123,121,122,441.0,1469056,439.0,97469,441.0,97473
124,122,123,439.0,1566497,441.0,97473,389.0,62270
125,123,124,441.0,1664027,389.0,62270,389.0,97501
126,124,125,389.0,1492238,389.0,97501,405.0,146581
127,125,126,389.0,1589739,405.0,146581,333.0,85652
128,126,127,405.0,1576549,333.0,85652,334.0,97469
129,127,128,333.0,1515620,334.0,97469,351.0,170890
130,128,129,334.0,1613121,351.0,170890,586.0,72900
131,129,130,351.0,1600858,586.0,72900,582.0,865875
132,130,131,586.0,1907908,582.0,865875,570.0,366868
133,131,132,582.0,10040915,570.0,366868,573.0,100567
134,132,133,570.0,8170188,573.0,100567,543.0,191182
135,133,134,573.0,1847355,543.0,191182,556.0,99449
136,134,135,543.0,7994502,556.0,99449,519.0,1549
137,135,136,556.0,1808603,519.0,1549,498.0,466072
138,136,137,519.0,1669845,498.0,466072,498.0,495592
139,137,138,498.0,8269392,498.0,495592,464.0,124736
140,138,139,498.0,8764984,464.0,124736,442.0,70004
141,139,140,464.0,1793032,442.0,70004,440.0,97473
142,140,141,442.0,1738300,440.0,97473,457.0,205288
143,141,142,440.0,1835767,457.0,205288,387.0,93181
144,142,143,457.0,1873584,387.0,93181,390.0,97500
145,143,144,387.0,1761477,390.0,97500,339.0,19763
146,144,145,390.0,1858982,339.0,19763,334.0,97507
147,145,146,339.0,1741875,334.0,97507,335.0,97492
148,146,147,334.0,1784899,335.0,97492,300.0,285536
149,147,148,335.0,1882410,300.0,285536,586.0,177845
150,148,149,300.0,8627016,586.0,177845,570.0,45690
151,149,150,586.0,2274997,570.0,45690,573.0,100587
152,150,151,570.0,8963770,573.0,100587,570.0,470395
153,151,152,573.0,2017007,570.0,470395,543.0,338855
154,152,153,570.0,9904675,543.0,338855,543.0,465095
155,153,154,543.0,9256935,543.0,465095,519.0,33236
156,154,155,543.0,9722030,519.0,33236,498.0,495623
157,155,156,519.0,1939860,498.0,495623,519.0,99160
158,156,157,498.0,9541423,519.0,99160,441.0,3450
159,157,158,519.0,2138154,441.0,3450,439.0,97486
160,158,159,441.0,1910074,439.0,97486,441.0,97485
161,159,160,439.0,2007520,441.0,97485,389.0,26652
162,160,161,441.0,2105045,389.0,26652,388.0,97497
163,161,162,389.0,1933276,388.0,97497,387.0,97479
164,162,163,388.0,2030719,387.0,97479,333.0,49998
165,163,164,387.0,2128165,333.0,49998,334.0,97466
166,164,165,333.0,1956622,334.0,97466,351.0,27059
167,165,166,334.0,2054124,351.0,27059,300.0,906967
168,166,167,351.0,1933683,300.0,906967,582.0,126243
169,167,168,300.0,10440087,582.0,126243,573.0,41709
170,168,169,582.0,11922723,573.0,41709,570.0,470552
171,169,170,573.0,2186661,570.0,470552,556.0,4513
172,170,171,570.0,10698272,556.0,4513,556.0,99461
173,171,172,556.0,2149465,556.0,99461,556.0,99442
174,172,173,556.0,2248926,556.0,99442,519.0,64687
175,173,174,556.0,2348368,519.0,64687,519.0,99126
176,174,175,519.0,2209639,519.0,99126,482.0,194981
177,175,176,519.0,2308765,482.0,194981,442.0,34399
178,176,177,482.0,2339933,442.0,34399,440.0,97494
179,177,178,442.0,2179351,440.0,97494,442.0,97466
180,178,179,440.0,2276794,442.0,97466,390.0,57576
181,179,180,442.0,2374292,390.0,57576,389.0,97492
182,180,181,390.0,2202528,389.0,97492,405.0,109945
183,181,182,389.0,2299980,405.0,109945,334.0,80957
184,182,183,405.0,2254897,334.0,80957,335.0,97496
185,183,184,334.0,2225909,335.0,97496,351.0,151837
186,184,185,335.0,2323420,351.0,151837,586.0,56875
187,185,186,351.0,2296789,586.0,56875,582.0,767900
188,186,187,586.0,2678315,582.0,767900,573.0,73599
189,187,188,582.0,13875100,573.0,73599,573.0,100607
190,188,189,573.0,2456879,573.0,100607,556.0,36048
191,189,190,573.0,2557486,556.0,36048,556.0,99461
192,190,191,556.0,2419328,556.0,99461,556.0,99461
193,191,192,556.0,2518789,556.0,99461,519.0,96137
194,192,193,556.0,2618250,519.0,96137,519.0,99126
195,193,194,519.0,2479417,519.0,99126,464.0,105228
196,194,195,519.0,2578543,464.0,105228,439.0,65276
197,195,196,464.0,2488508,439.0,65276,441.0,97506
198,196,197,439.0,2448556,441.0,97506,457.0,168939
199,197,198,441.0,2546072,457.0,168939,387.0,88433
200,198,199,457.0,2552219,387.0,88433,393.0,100645
201,199,200,387.0,2471713,393.0,100645,333.0,14356
202,200,201,393.0,2652133,333.0,14356,334.0,97472
203,201,202,333.0,2397636,334.0,97472,336.0,97521
204,202,203,334.0,2495136,336.0,97521,300.0,190675
205,203,204,336.0,2592711,300.0,190675,586.0,161824
206,204,205,300.0,12107075,586.0,161824,573.0,4925
207,205,206,586.0,3045408,573.0,4925,570.0,470424
208,206,207,573.0,2626533,570.0,470424,573.0,100571
209,207,208,570.0,12755694,573.0,100571,556.0,67582
210,208,209,573.0,2827703,556.0,67582,556.0,99461
211,209,210,556.0,2689190,556.0,99461,498.0,103557
212,210,211,556.0,2788651,498.0,103557,519.0,99128
213,211,212,498.0,12365917,519.0,99128,519.0,99126
214,212,213,519.0,2749194,519.0,99126,464.0,233019
215,213,214,519.0,2848320,464.0,233019,440.0,96213
216,214,215,464.0,2854627,440.0,96213,442.0,97511
217,215,216,440.0,2717821,442.0,97511,389.0,21916
218,216,217,442.0,2815343,389.0,21916,388.0,97469
219,217,218,389.0,2643524,388.0,97469,388.0,97507
220,218,219,388.0,2740963,388.0,97507,334.0,45312
221,219,220,388.0,2838470,334.0,45312,335.0,97500
222,220,221,334.0,2666920,335.0,97500,351.0,8014
223,221,222,335.0,2764430,351.0,8014,300.0,812115
224,222,223,351.0,2629622,300.0,812115,582.0,28306
225,223,224,300.0,13920155,582.0,28306,570.0,172175
226,224,225,582.0,15756946,570.0,172175,573.0,100594
227,225,226,570.0,13549295,573.0,100594,570.0,470445
228,226,227,573.0,2997358,570.0,470445,543.0,463907
229,227,228,570.0,14490205,543.0,463907,543.0,465095
230,228,229,543.0,13841027,543.0,465095,498.0,260844
231,229,230,543.0,14306122,498.0,260844,498.0,495592
232,230,231,498.0,13637964,498.0,495592,482.0,157496
233,231,232,498.0,14133556,482.0,157496,445.0,30622
234,232,233,482.0,3017432,445.0,30622,441.0,97519
235,233,234,445.0,2982814,441.0,97519,439.0,97507
236,234,235,441.0,2987091,439.0,97507,393.0,54548
237,235,236,439.0,3084543,393.0,54548,390.0,97519
238,236,237,393.0,3006740,390.0,97519,405.0,73309
239,237,238,390.0,3010279,405.0,73309,334.0,76204
240,238,239,405.0,2933245,334.0,76204,336.0,97516
241,239,240,334.0,2936140,336.0,97516,351.0,132783
242,240,241,336.0,3033712,351.0,132783,586.0,40849
243,241,242,351.0,2992719,586.0,40849,582.0,669919
244,242,243,586.0,3448721,582.0,669919,573.0,68745
245,243,244,582.0,17709279,573.0,68745,570.0,470581
246,244,245,573.0,3167009,570.0,470581,556.0,31248
247,245,246,570.0,15283781,556.0,31248,556.0,99445
248,246,247,556.0,3129512,556.0,99445,543.0,465359
249,247,248,556.0,3228957,543.0,465359,498.0,418120
250,248,249,543.0,15568559,498.0,418120,498.0,495592
251,249,250,498.0,14910000,498.0,495592,464.0,85710
252,250,251,498.0,15405592,464.0,85710,439.0,60513
253,251,252,464.0,3183974,439.0,60513,441.0,97470
254,252,253,439.0,3158777,441.0,97470,457.0,132572
255,253,254,441.0,3256308,457.0,132572,388.0,83742
256,254,255,457.0,3230836,388.0,83742,387.0,97490
257,255,256,388.0,3182006,387.0,97490,334.0,9658
258,256,257,387.0,3279454,334.0,9658,335.0,97496
259,257,258,334.0,3107922,335.0,97496,339.0,100625
260,258,259,335.0,3205432,339.0,100625,300.0,95765
261,259,260,339.0,3409489,300.0,95765,586.0,145796
262,260,261,300.0,15587085,586.0,145796,570.0,47
263,261,262,586.0,3815812,570.0,47,573.0,100571
264,262,263,570.0,15606687,573.0,100571,573.0,100607
265,263,264,573.0,3437225,573.0,100607,556.0,62781
266,264,265,573.0,3537832,556.0,62781,556.0,99461
267,265,266,556.0,3399373,556.0,99461,519.0,23640
268,266,267,556.0,3498834,519.0,23640,519.0,99126
269,267,268,519.0,3360232,519.0,99126,498.0,495638
270,268,269,519.0,3459358,498.0,495638,464.0,213502
271,269,270,498.0,16677638,464.0,213502,440.0,91459
272,270,271,464.0,3550094,440.0,91459,445.0,100615
273,271,272,440.0,3428051,445.0,100615,390.0,17227
274,272,273,445.0,3639303,390.0,17227,389.0,97498
275,273,274,390.0,3353819,389.0,97498,388.0,97474
276,274,275,389.0,3451264,388.0,97474,334.0,40556
277,275,276,388.0,3548704,334.0,40556,336.0,97521
278,276,277,334.0,3377148,336.0,97521,333.0,97484
279,277,278,336.0,3474723,333.0,97484,300.0,717205
280,278,279,333.0,3572150,300.0,717205,586.0,250746
281,279,280,300.0,17400165,586.0,250746,573.0,31960
282,280,281,586.0,4182906,573.0,31960,570.0,470445
283,281,282,573.0,3606880,570.0,470445,573.0,100574
284,282,283,570.0,17341195,573.0,100574,556.0,94316
285,283,284,573.0,3808050,556.0,94316,556.0,99461
286,284,285,556.0,3669236,556.0,99461,519.0,55090
287,285,286,556.0,3768697,519.0,55090,519.0,99126
288,286,287,519.0,3630010,519.0,99126,482.0,120014
289,287,288,519.0,3729136,482.0,120014,439.0,24889
290,288,289,482.0,3694934,439.0,24889,441.0,97488
291,289,290,439.0,3599809,441.0,97488,436.0,1573
292,290,291,441.0,3697332,436.0,1573,387.0,48079
293,291,292,436.0,61207,387.0,48079,363.0,48734
294,292,293,387.0,3622999,363.0,48734,405.0,36681
295,293,294,363.0,1860250,405.0,36681,335.0,71522
296,294,295,405.0,3611601,335.0,71522,339.0,100646
297,295,296,335.0,3646442,339.0,100646,351.0,113734
298,296,297,339.0,3864742,351.0,113734,586.0,24827
299,297,298,351.0,3688654,586.0,24827,582.0,571963
300,298,299,586.0,4219131,582.0,571963,570.0,298634
301,299,300,582.0,21543483,570.0,298634,573.0,100596
302,300,301,570.0,18134794,573.0,100596,543.0,123826
303,301,302,573.0,3977704,543.0,123826,543.0,465095
304,302,303,543.0,17959986,543.0,465095,556.0,99451
305,303,304,543.0,18425081,556.0,99451,519.0,86540
306,304,305,556.0,4038559,519.0,86540,519.0,99126
307,305,306,519.0,3899788,519.0,99126,464.0,66203
308,306,307,519.0,3998914,464.0,66203,440.0,55832
309,307,308,464.0,3879451,440.0,55832,442.0,97470
310,308,309,440.0,3869080,442.0,97470,457.0,96224
311,309,310,442.0,3966580,457.0,96224,388.0,79001
312,310,311,457.0,3909472,388.0,79001,388.0,97507
313,311,312,388.0,3892249,388.0,97507,334.0,4911
314,312,313,388.0,3989756,334.0,4911,335.0,97466
315,313,314,334.0,3818159,335.0,97466,333.0,97489
316,314,315,335.0,3915674,333.0,97489,300.0,904
317,315,316,333.0,4013161,300.0,904,586.0,129775
318,316,317,300.0,19067144,586.0,129775,582.0,1213600
319,317,318,586.0,4586223,582.0,1213600,573.0,95782
320,318,319,582.0,23495840,573.0,95782,570.0,470616
321,319,320,573.0,4147358,570.0,470616,543.0,270422
322,320,321,570.0,19869296,543.0,270422,543.0,466187
323,321,322,543.0,19221342,543.0,466187,498.0,55600
324,322,323,543.0,19687529,498.0,55600,498.0,495592
325,323,324,498.0,19006520,498.0,495592,519.0,99127
326,324,325,498.0,19502112,519.0,99127,464.0,193989
327,325,326,519.0,4268689,464.0,193989,441.0,86776
328,326,327,464.0,4245565,441.0,86776,439.0,97483
329,327,328,441.0,4138352,439.0,97483,393.0,12915
330,328,329,439.0,4235797,393.0,12915,389.0,97468
331,329,330,393.0,4195187,389.0,97468,389.0,97501
332,330,331,389.0,4161506,389.0,97501,335.0,35871
333,331,332,389.0,4259007,335.0,35871,339.0,100640
334,332,333,335.0,4087447,339.0,100640,334.0,97503
335,333,334,339.0,4319968,334.0,97503,300.0,622312
336,334,335,334.0,4282441,300.0,622312,586.0,234720
337,335,336,300.0,20880192,586.0,234720,570.0,126514
338,336,337,586.0,4953312,570.0,126514,573.0,100575
339,337,338,570.0,20192194,573.0,100575,573.0,100607
340,338,339,573.0,4417573,573.0,100607,556.0,89516
341,339,340,573.0,4518180,556.0,89516,543.0,465004
342,340,341,556.0,4379420,543.0,465004,498.0,212876
343,341,342,543.0,20948874,498.0,212876,498.0,495592
344,342,343,498.0,20278556,498.0,495592,482.0,82519
345,343,344,498.0,20774148,482.0,82519,440.0,20192
346,344,345,482.0,4372423,440.0,20192,442.0,97492
347,345,346,440.0,4310096,442.0,97492,440.0,97483
348,346,347,442.0,4407608,440.0,97483,388.0,43384
349,347,348,440.0,4505063,388.0,43384,387.0,97495
350,348,349,388.0,4333288,387.0,97495,405.0,34
351,349,350,387.0,4430737,405.0,34,336.0,66824
352,350,351,405.0,4289938,336.0,66824,333.0,97480
353,351,352,336.0,4356728,333.0,97480,351.0,94674
354,352,353,333.0,4454158,351.0,94674,586.0,8795
355,353,354,351.0,4384578,586.0,8795,582.0,473946
356,354,355,586.0,4989531,582.0,473946,573.0,58993
357,355,356,582.0,25377626,573.0,58993,570.0,470452
358,356,357,573.0,4587225,570.0,470452,556.0,21587
359,357,358,570.0,21926682,556.0,21587,556.0,99461
360,358,359,556.0,4549819,556.0,99461,556.0,99461
361,359,360,556.0,4649280,556.0,99461,519.0,81718
362,360,361,556.0,4748741,519.0,81718,498.0,495608
363,361,362,519.0,4609950,498.0,495608,464.0,46681
364,362,363,498.0,22046188,464.0,46681,441.0,51138
365,363,364,464.0,4574913,441.0,51138,439.0,97500
366,364,365,441.0,4579370,439.0,97500,457.0,59848
367,365,366,439.0,4676820,457.0,59848,389.0,74312
368,366,367,457.0,4588080,389.0,74312,388.0,97476
369,367,368,389.0,4602544,388.0,97476,335.0,218
370,368,369,388.0,4699984,335.0,218,339.0,100625
371,369,370,335.0,4528450,339.0,100625,334.0,97500
372,370,371,339.0,4775185,334.0,97500,351.0,219449
373,371,372,334.0,4723444,351.0,219449,586.0,113743
374,372,373,351.0,4747681,586.0,113743,582.0,1115582
375,373,374,586.0,5356623,582.0,1115582,570.0,425071
376,374,375,582.0,27329982,570.0,425071,573.0,100596
377,375,376,570.0,22720271,573.0,100596,543.0,248827
378,376,377,573.0,4958048,543.0,248827,543.0,465095
379,377,378,543.0,22544027,543.0,465095,519.0,14040
380,378,379,543.0,23009122,519.0,14040,519.0,99126
381,379,380,519.0,4780600,519.0,99126,519.0,99126
382,380,381,519.0,4879726,519.0,99126,464.0,174471
383,381,382,519.0,4978852,464.0,174471,441.0,82027
384,382,383,464.0,4941031,441.0,82027,440.0,97500
385,383,384,441.0,4848587,440.0,97500,387.0,7716
386,384,385,440.0,4946086,387.0,7716,393.0,100671
387,385,386,387.0,4774276,393.0,100671,389.0,97470
388,386,387,393.0,5028991,389.0,97470,336.0,31173
389,387,388,389.0,4969244,336.0,31173,333.0,97479
390,388,389,336.0,4797733,333.0,97479,335.0,97520
391,389,390,333.0,4895163,335.0,97520,300.0,527388
392,390,391,335.0,4992730,300.0,527388,586.0,218689
393,391,392,300.0,24360188,586.0,218689,573.0,22206
394,392,393,586.0,5723713,573.0,22206,573.0,100607
395,393,394,573.0,5027094,573.0,100607,570.0,470609
396,394,395,573.0,5127701,570.0,470609,552.0,6973
397,395,396,570.0,24454769,552.0,6973,543.0,466042
398,396,397,552.0,410593,543.0,466042,519.0,45489
399,397,398,543.0,24271562,519.0,45489,519.0,99126
400,398,399,519.0,5050377,519.0,99126,482.0,45028
401,399,400,519.0,5149503,482.0,45028,440.0,15439
402,400,401,482.0,5049916,440.0,15439,439.0,97519
403,401,402,440.0,5020327,439.0,97519,441.0,97508
404,402,403,439.0,5117845,441.0,97508,388.0,38635
405,403,404,441.0,5215360,388.0,38635,388.0,97507
406,404,405,388.0,5043523,388.0,97507,387.0,97502
407,405,406,388.0,5141030,387.0,97502,339.0,64074
408,406,407,387.0,5238480,339.0,64074,334.0,97498
409,407,408,339.0,5230410,334.0,97498,351.0,75619
410,408,409,334.0,5164448,351.0,75619,300.0,1148816
411,409,410,351.0,5080507,300.0,1148816,582.0,375956
412,410,411,300.0,26173256,582.0,375956,570.0,252953
413,411,412,582.0,29211796,570.0,252953,573.0,100575
414,412,413,570.0,24777673,573.0,100575,556.0,16786
415,413,414,573.0,5397917,556.0,16786,556.0,99461
416,414,415,556.0,5260002,556.0,99461,543.0,465072
417,415,416,556.0,5359463,543.0,465072,519.0,76937
418,416,417,543.0,25532912,519.0,76937,519.0,99126
419,417,418,519.0,5320153,519.0,99126,464.0,27163
420,418,419,519.0,5419279,464.0,27163,441.0,46390
421,419,420,464.0,5270379,441.0,46390,440.0,97515
422,420,421,441.0,5289606,440.0,97515,457.0,23480
423,421,422,440.0,5387107,457.0,23480,389.0,69567
424,422,423,457.0,5266696,389.0,69567,389.0,97501
425,423,424,389.0,5312783,389.0,97501,405.0,203306
426,424,425,389.0,5410284,405.0,203306,333.0,92952
427,425,426,405.0,5446522,333.0,92952,335.0,97520
428,426,427,333.0,5336168,335.0,97520,351.0,200393
429,427,428,335.0,5433736,351.0,200393,586.0,97716
430,428,429,351.0,5443609,586.0,97716,582.0,1017596
431,429,430,586.0,6127028,582.0,1017596,573.0,86027
432,430,431,582.0,31164156,573.0,86027,570.0,470466
433,431,432,573.0,5567571,570.0,470466,556.0,48320
434,432,433,570.0,26512176,556.0,48320,556.0,99461
435,433,434,556.0,5529864,556.0,99461,498.0,7616
436,434,435,556.0,5629325,498.0,7616,498.0,495592
437,435,436,498.0,25647096,498.0,495592,519.0,99136
438,436,437,498.0,26142688,519.0,99136,464.0,154954
439,437,438,519.0,5689056,464.0,154954,445.0,79852
440,438,439,464.0,5636498,445.0,79852,441.0,97522
441,439,440,445.0,5738220,441.0,97522,388.0,3025
442,440,441,441.0,5656380,388.0,3025,387.0,97499
443,441,442,388.0,5484569,387.0,97499,370.0,45600
444,442,443,387.0,5582019,370.0,45600,339.0,27271
445,443,444,370.0,2656557,339.0,27271,334.0,97497
446,444,445,339.0,5685639,334.0,97497,335.0,97484
447,445,446,334.0,5605453,335.0,97484,300.0,432490
448,446,447,335.0,5702966,300.0,432490,586.0,202663
449,447,448,300.0,27840210,586.0,202663,573.0,17352
450,448,449,586.0,6494119,573.0,17352,570.0,470616
451,449,450,573.0,5737224,570.0,470616,573.0,100598
452,450,451,570.0,27305766,573.0,100598,543.0,373841
453,451,452,573.0,5938394,543.0,373841,556.0,99458
454,452,453,543.0,27128081,556.0,99458,498.0,164895
455,453,454,556.0,5899186,498.0,164895,498.0,495592
456,454,455,498.0,26919135,498.0,495592,482.0,7534
457,455,456,498.0,27414727,482.0,7534,441.0,10753
458,456,457,482.0,5727406,441.0,10753,439.0,97467
459,457,458,441.0,5730625,439.0,97467,441.0,97471
460,458,459,439.0,5828065,441.0,97471,389.0,33950
461,459,460,441.0,5925595,389.0,33950,388.0,97476
462,460,461,389.0,5753822,388.0,97476,388.0,97507
463,461,462,388.0,5851262,388.0,97507,333.0,57299
464,462,463,388.0,5948769,333.0,57299,335.0,97518
465,463,464,333.0,5777171,335.0,97518,351.0,56562
466,464,465,335.0,5874740,351.0,56562,300.0,1053904
467,465,466,351.0,5776434,300.0,1053904,582.0,277958
468,466,467,300.0,29653264,582.0,277958,573.0,49239
469,467,468,582.0,33045958,573.0,49239,573.0,100607
470,468,469,573.0,6007439,573.0,100607,543.0,55327
471,469,470,573.0,6108046,543.0,55327,549.0,7852
472,470,471,543.0,27924327,549.0,7852,543.0,465189
473,471,472,549.0,489282,543.0,465189,519.0,72117
474,472,473,543.0,28855609,519.0,72117,498.0,495676
475,473,474,519.0,6030317,498.0,495676,464.0,7646
476,474,475,498.0,28686766,464.0,7646,442.0,41670
477,475,476,464.0,5965846,442.0,41670,440.0,97473
478,476,477,442.0,5999870,440.0,97473,445.0,100615
479,477,478,440.0,6097337,445.0,100615,393.0,67006
480,478,479,445.0,6394695,393.0,67006,389.0,97470
481,479,480,393.0,6217406,389.0,97470,405.0,166663
482,480,481,389.0,6120522,405.0,166663,334.0,88256
483,481,482,405.0,6124863,334.0,88256,335.0,97481
484,482,483,334.0,6046456,335.0,97481,351.0,181335
485,483,484,335.0,6143969,351.0,181335,586.0,81686
486,484,485,351.0,6139535,586.0,81686,582.0,919591
487,485,486,586.0,6897430,582.0,919591,570.0,379399
488,486,487,582.0,34998311,570.0,379399,573.0,100576
489,487,488,570.0,29363159,573.0,100576,556.0,43519
490,488,489,573.0,6378262,556.0,43519,543.0,465057
491,489,490,556.0,6240047,543.0,465057,513.0,2270
492,490,491,543.0,29651867,513.0,2270,519.0,99226
493,491,492,513.0,501990,519.0,99226,519.0,99126
494,492,493,519.0,6300094,519.0,99126,464.0,135439
495,493,494,519.0,6399220,464.0,135439,439.0,72567
496,494,495,464.0,6331967,439.0,72567,441.0,97488
497,495,496,439.0,6269095,441.0,97488,457.0,225231
498,496,497,441.0,6366618,457.0,225231,388.0,95783
499,497,498,457.0,6421759,388.0,95783,387.0,97506
500,498,499,388.0,6292311,387.0,97506,333.0,21652
501,499,500,387.0,6389762,333.0,21652,335.0,97520
502,500,501,333.0,6218180,335.0,97520,336.0,97486
503,501,502,335.0,6315748,336.0,97486,300.0,337592
504,502,503,336.0,6413240,300.0,337592,586.0,186636
505,503,504,300.0,31320232,586.0,186636,570.0,58240
506,504,505,586.0,7264524,570.0,58240,573.0,100599
507,505,506,570.0,30156760,573.0,100599,570.0,470481
508,506,507,573.0,6547917,570.0,470481,556.0,75054
509,507,508,570.0,31097671,556.0,75054,556.0,99461
510,508,509,556.0,6509910,556.0,99461,519.0,35891
511,509,510,556.0,6609371,519.0,35891,519.0,99126
512,510,511,519.0,6470747,519.0,99126,519.0,99222
513,511,512,519.0,6569873,519.0,99222,442.0,6073
514,512,513,519.0,6669095,442.0,6073,440.0,97498
515,513,514,442.0,6440929,440.0,97498,442.0,97475
516,514,515,440.0,6538368,442.0,97475,389.0,29213
517,515,516,442.0,6635871,389.0,29213,389.0,97501
518,516,517,389.0,6464069,389.0,97501,388.0,97490
519,517,518,389.0,6561570,388.0,97490,334.0,52614
520,518,519,388.0,6659012,334.0,52614,335.0,97488
521,519,520,334.0,6487470,335.0,97488,351.0,37515
522,520,521,335.0,6584982,351.0,37515,300.0,959042
523,521,522,351.0,6472371,300.0,959042,582.0,180011
524,522,523,300.0,33133322,582.0,180011,573.0,44388
525,523,524,582.0,36880171,573.0,44388,570.0,470645
526,524,525,573.0,6717572,570.0,470645,543.0,33772
527,525,526,570.0,31891275,543.0,33772,556.0,99459
528,526,527,543.0,31247052,556.0,99459,556.0,99461
529,527,528,556.0,6779773,556.0,99461,498.0,297979
530,528,529,556.0,6879234,498.0,297979,519.0,99135
531,529,530,498.0,31511259,519.0,99135,482.0,215546
532,530,531,519.0,6839651,482.0,215546,439.0,36945
533,531,532,482.0,6888730,439.0,36945,441.0,97508
534,532,533,439.0,6710129,441.0,97508,439.0,97491
535,533,534,441.0,6807644,439.0,97491,387.0,60124
536,534,535,439.0,6905091,387.0,60124,390.0,97480
537,535,536,387.0,6733308,390.0,97480,405.0,130042
538,536,537,390.0,6830804,405.0,130042,335.0,83573
539,537,538,405.0,6803226,335.0,83573,336.0,97494
540,538,539,335.0,6756757,336.0,97494,351.0,162288
541,539,540,336.0,6854254,351.0,162288,586.0,65665
542,540,541,351.0,6835472,586.0,65665,582.0,821641
543,541,542,586.0,7667841,582.0,821641,573.0,76276
544,542,543,582.0,38832521,573.0,76276,573.0,100607
545,543,544,573.0,6987788,573.0,100607,543.0,180364
546,544,545,573.0,7088395,543.0,180364,543.0,466187
547,545,546,543.0,32508404,543.0,466187,543.0,465095
548,546,547,543.0,32974591,543.0,465095,498.0,455252
549,547,548,543.0,33439686,498.0,455252,498.0,495592
550,548,549,498.0,32783292,498.0,495592,464.0,115926
551,549,550,498.0,33278884,464.0,115926,440.0,67876
552,550,551,464.0,7027438,440.0,67876,442.0,97505
553,551,552,440.0,6979388,442.0,97505,457.0,188872
554,552,553,442.0,7076907,457.0,188872,388.0,91036
555,553,554,457.0,7100384,388.0,91036,384.0,1573
556,554,555,388.0,7002548,384.0,1573,334.0,16960
557,555,556,384.0,114517,334.0,16960,335.0,97484
558,556,557,334.0,6928472,335.0,97484,333.0,97515
559,557,558,335.0,7025984,333.0,97515,300.0,242698
560,558,559,333.0,7123479,300.0,242698,586.0,170610
561,559,560,300.0,34800258,586.0,170610,573.0,7600
562,560,561,586.0,8034930,573.0,7600,570.0,470488
563,561,562,573.0,7157440,570.0,470488,573.0,100580
564,562,563,570.0,33948668,573.0,100580,543.0,328035
565,563,564,573.0,7358610,543.0,328035,543.0,465095
566,564,565,543.0,33770835,543.0,465095,519.0,31070
567,565,566,543.0,34235930,519.0,31070,498.0,495653
568,566,567,519.0,7180910,498.0,495653,498.0,495592
569,567,568,498.0,34055323,498.0,495592,445.0,1357
570,568,569,498.0,34550915,445.0,1357,441.0,97516
571,569,570,445.0,7381837,441.0,97516,439.0,97503
572,570,571,441.0,7248658,439.0,97503,370.0,11468
573,571,572,439.0,7346109,370.0,11468,389.0,97475
574,572,573,370.0,3355748,389.0,97475,389.0,97501
575,573,574,389.0,7271805,389.0,97501,335.0,47918
576,574,575,389.0,7369306,335.0,47918,336.0,97481
577,575,576,335.0,7197758,336.0,97481,351.0,18454
578,576,577,336.0,7295247,351.0,18454,300.0,864111
579,577,578,351.0,7168294,300.0,864111,582.0,81993
580,578,579,300.0,36613311,582.0,81993,570.0,184688
581,579,580,582.0,40714313,570.0,184688,573.0,100600
582,580,581,570.0,34742248,573.0,100600,556.0,2325
583,581,582,573.0,7528262,556.0,2325,556.0,99461
584,582,583,556.0,7390493,556.0,99461,556.0,99461
585,583,584,556.0,7489954,556.0,99461,519.0,62519
586,584,585,556.0,7589415,519.0,62519,519.0,99126
587,585,586,519.0,7450687,519.0,99126,482.0,178048
588,586,587,519.0,7549813,482.0,178048,439.0,32179
589,587,588,482.0,7566216,439.0,32179,441.0,97470
590,588,589,439.0,7420347,441.0,97470,440.0,97506
591,589,590,441.0,7517878,440.0,97506,388.0,55427
592,590,591,440.0,7615378,388.0,55427,387.0,97513
593,591,592,388.0,7443595,387.0,97513,405.0,93398
594,592,593,387.0,7541047,405.0,93398,335.0,78822
595,593,594,405.0,7481566,335.0,78822,333.0,97515
596,594,595,335.0,7466990,333.0,97515,351.0,143231
597,595,596,333.0,7564485,351.0,143231,586.0,49636
598,596,597,351.0,7531399,586.0,49636,582.0,723642
599,597,598,586.0,8438244,582.0,723642,573.0,71420
600,598,599,582.0,42666682,573.0,71420,570.0,470645
601,599,600,573.0,7697916,570.0,470645,556.0,33859
602,600,601,570.0,36476755,556.0,33859,556.0,99461
603,601,602,556.0,7660355,556.0,99461,556.0,99461
604,602,603,556.0,7759816,556.0,99461,519.0,93968
605,603,604,556.0,7859277,519.0,93968,519.0,99126
606,604,605,519.0,7720464,519.0,99126,464.0,96411
607,605,606,519.0,7819590,464.0,96411,440.0,63124
608,606,607,464.0,7722907,440.0,63124,445.0,100611
609,607,608,440.0,7689620,445.0,100611,457.0,152509
610,608,609,445.0,8038339,457.0,152509,389.0,86353
611,609,610,457.0,7779005,389.0,86353,388.0,97491
612,610,611,389.0,7712849,388.0,97491,335.0,12271
613,611,612,388.0,7810291,335.0,12271,336.0,97489
614,612,613,335.0,7638767,336.0,97489,333.0,97466
615,613,614,336.0,7736261,333.0,97466,300.0,147806
616,614,615,333.0,7833702,300.0,147806,586.0,154585
617,615,616,300.0,38280286,586.0,154585,570.0,12590
618,616,617,586.0,8805337,570.0,12590,573.0,100582
619,617,618,570.0,36799670,573.0,100582,573.0,100607
620,618,619,573.0,7968134,573.0,100607,556.0,65411
621,619,620,573.0,8068741,556.0,65411,543.0,465909
622,620,621,556.0,7930235,543.0,465909,498.0,92725
623,621,622,543.0,37558649,498.0,92725,519.0,99130
624,622,623,498.0,36879805,519.0,99130,519.0,99126
625,623,624,519.0,7990242,519.0,99126,464.0,224205
626,624,625,519.0,8089368,464.0,224205,441.0,94078
627,625,626,464.0,8089029,441.0,94078,436.0,1573
628,626,627,441.0,7958902,436.0,1573,387.0,19768
629,627,628,436.0,129942,387.0,19768,390.0,97491
630,628,629,387.0,7884592,390.0,97491,389.0,97487
631,629,630,390.0,7982093,389.0,97487,335.0,43176
632,630,631,389.0,8079553,335.0,43176,333.0,97520
633,631,632,335.0,7908000,333.0,97520,334.0,97490
634,632,633,333.0,8005496,334.0,97490,300.0,769246
635,633,634,334.0,8102992,300.0,769246,586.0,259535
636,634,635,300.0,40093366,586.0,259535,573.0,34636
637,635,636,586.0,9172431,573.0,34636,570.0,470516
638,636,637,573.0,8137788,570.0,470516,573.0,100584
639,637,638,570.0,38534176,573.0,100584,543.0,453064
640,638,639,573.0,8338958,543.0,453064,543.0,465095
641,639,640,543.0,38354904,543.0,465095,498.0,250006
642,640,641,543.0,38819999,498.0,250006,498.0,495592
643,641,642,498.0,38151846,498.0,495592,482.0,140562
644,642,643,498.0,38647438,482.0,140562,440.0,27492
645,643,644,482.0,8243714,440.0,27492,416.0,48762
646,644,645,440.0,8130644,416.0,48762,440.0,97467
647,645,646,416.0,4114102,440.0,97467,388.0,50679
648,646,647,440.0,8325611,388.0,50679,387.0,97470
649,647,648,388.0,8153831,387.0,97470,405.0,56762
650,648,649,387.0,8251276,405.0,56762,336.0,74113
651,649,650,405.0,8159914,336.0,74113,333.0,97465
652,650,651,336.0,8177265,333.0,97465,351.0,124177
653,651,652,333.0,8274707,351.0,124177,586.0,33610
654,652,653,351.0,8227329,586.0,33610,582.0,625661
655,653,654,586.0,9208650,582.0,625661,570.0,311155
656,654,655,582.0,46500861,570.0,311155,573.0,100603
657,655,656,570.0,39327755,573.0,100603,556.0,29059
658,656,657,573.0,8508609,556.0,29059,556.0,99461
659,657,658,556.0,8370539,556.0,99461,543.0,465049
660,658,659,556.0,8470000,543.0,465049,498.0,407275
661,659,660,543.0,40082429,498.0,407275,498.0,495592
662,660,661,498.0,39423875,498.0,495592,464.0,76892
663,661,662,498.0,39919467,464.0,76892,441.0,58437
664,662,663,464.0,8418372,441.0,58437,439.0,97476
665,663,664,441.0,8399917,439.0,97476,457.0,116142
666,664,665,439.0,8497360,457.0,116142,389.0,81607
667,665,666,457.0,8457622,389.0,81607,389.0,97501
668,666,667,389.0,8423087,389.0,97501,335.0,7520
669,667,668,389.0,8520588,335.0,7520,333.0,97512
670,668,669,335.0,8349000,333.0,97512,334.0,97484
671,669,670,333.0,8446494,334.0,97484,300.0,52892
672,670,671,334.0,8543992,300.0,52892,586.0,138555
673,671,672,300.0,41760292,586.0,138555,582.0,1267279
674,672,673,586.0,9575739,582.0,1267279,573.0,98453
675,673,674,582.0,48453199,573.0,98453,570.0,470652
676,674,675,573.0,8678261,570.0,470652,556.0,60591
677,675,676,570.0,41062242,556.0,60591,556.0,99461
678,676,677,556.0,8640399,556.0,99461,519.0,21470
679,677,678,556.0,8739860,519.0,21470,519.0,99126
680,678,679,519.0,8601278,519.0,99126,498.0,495638
681,679,680,519.0,8700404,498.0,495638,464.0,204682
682,680,681,498.0,41191508,464.0,204682,442.0,89362
683,681,682,464.0,8784490,442.0,89362,440.0,97479
684,682,683,442.0,8669170,440.0,97479,388.0,15065
685,683,684,440.0,8766629,388.0,15065,387.0,97513
686,684,685,388.0,8594873,387.0,97513,390.0,97486
687,685,686,387.0,8692325,390.0,97486,336.0,38452
688,686,687,390.0,8789824,336.0,38452,334.0,97523
689,687,688,336.0,8618260,334.0,97523,335.0,97506
690,688,689,334.0,8715771,335.0,97506,300.0,674305
691,689,690,335.0,8813280,300.0,674305,586.0,243501
692,690,691,300.0,43573345,586.0,243501,570.0,139026
693,691,692,586.0,9942829,570.0,139026,573.0,100581
694,692,693,570.0,41385146,573.0,100581,573.0,100607
695,693,694,573.0,8948477,573.0,100607,543.0,431464
696,694,695,573.0,9049084,543.0,431464,556.0,99454
697,695,696,543.0,41677584,556.0,99454,519.0,52919
698,696,697,556.0,9009722,519.0,52919,519.0,99126
699,697,698,519.0,8871055,519.0,99126,482.0,103067
700,698,699,519.0,8970181,482.0,103067,441.0,22802
701,699,700,482.0,8921203,441.0,22802,439.0,97497
702,700,701,441.0,8840938,439.0,97497,441.0,97493
703,701,702,439.0,8938387,441.0,97493,389.0,45993
704,702,703,441.0,9035909,389.0,45993,388.0,97493
705,703,704,389.0,8864129,388.0,97493,405.0,20119
706,704,705,388.0,8961571,405.0,20119,333.0,69364
707,705,706,405.0,8838255,333.0,69364,334.0,97484
708,706,707,333.0,8887500,334.0,97484,351.0,105120
709,707,708,334.0,8984998,351.0,105120,586.0,17581
710,708,709,351.0,8923256,586.0,17581,582.0,527662
711,709,710,586.0,9979053,582.0,527662,573.0,61667
712,710,711,582.0,50335022,573.0,61667,570.0,470509
713,711,712,573.0,9118131,570.0,470509,543.0,112959
714,712,713,570.0,43119649,543.0,112959,543.0,465095
715,713,714,543.0,42473839,543.0,465095,543.0,465095
716,714,715,543.0,42938934,543.0,465095,519.0,84367
717,715,716,543.0,43404029,519.0,84367,519.0,99126
718,716,717,519.0,9140831,519.0,99126,464.0,57376
719,717,718,519.0,9239957,464.0,57376,442.0,53747
720,718,719,464.0,9113840,442.0,53747,440.0,97496
721,719,720,442.0,9110211,440.0,97496,457.0,79776
722,720,721,440.0,9207652,457.0,79776,390.0,76896
723,721,722,457.0,9136240,390.0,76896,389.0,97483
724,722,723,390.0,9133360,389.0,97483,336.0,2801
725,723,724,389.0,9230827,336.0,2801,334.0,97523
726,724,725,336.0,9059265,334.0,97523,335.0,97506
727,725,726,334.0,9156777,335.0,97506,351.0,229892
728,726,727,335.0,9254286,351.0,229892,586.0,122527
729,727,728,351.0,9286356,586.0,122527,582.0,1169286
730,728,729,586.0,10346143,582.0,1169286,570.0,437595
731,729,730,582.0,52287366,570.0,437595,573.0,100603
732,730,731,570.0,43913235,573.0,100603,556.0,55791
733,731,732,573.0,9488953,556.0,55791,543.0,465026
734,732,733,556.0,9350583,543.0,465026,498.0,44733
735,733,734,543.0,44201376,498.0,44733,519.0,99138
736,734,735,498.0,43520373,519.0,99138,519.0,99126
737,735,736,519.0,9410608,519.0,99126,464.0,185167
738,736,737,519.0,9509734,464.0,185167,439.0,84620
739,737,738,464.0,9479959,439.0,84620,441.0,97506
740,738,739,439.0,9379412,441.0,97506,388.0,10317
741,739,740,441.0,9476928,388.0,10317,387.0,97470
742,740,741,388.0,9305109,387.0,97470,387.0,97516
743,741,742,387.0,9402554,387.0,97516,333.0,33712
744,742,743,387.0,9500070,333.0,33712,334.0,97482
745,743,744,333.0,9328504,334.0,97482,335.0,97471
746,744,745,334.0,9426002,335.0,97471,300.0,579413
747,745,746,335.0,9523517,300.0,579413,586.0,227475
748,746,747,300.0,47053373,586.0,227475,573.0,24881
749,747,748,586.0,10713235,573.0,24881,573.0,100607
750,748,749,573.0,9558001,573.0,100607,568.0,8114
751,749,750,573.0,9658608,568.0,8114,556.0,87326
752,750,751,568.0,787029,556.0,87326,556.0,99461
753,751,752,556.0,9620446,556.0,99461,498.0,202031
754,752,753,556.0,9719907,498.0,202031,498.0,495592
755,753,754,498.0,44792431,498.0,495592,482.0,65581
756,754,755,498.0,45288023,482.0,65581,441.0,18056
757,755,756,482.0,9598701,441.0,18056,440.0,97515
758,756,757,441.0,9551176,440.0,97515,442.0,97511
759,757,758,440.0,9648677,442.0,97511,389.0,41249
760,758,759,442.0,9746199,389.0,41249,389.0,97501
761,759,760,389.0,9574369,389.0,97501,388.0,97499
762,760,761,389.0,9671870,388.0,97499,334.0,64665
763,761,762,388.0,9769313,334.0,64665,335.0,97508
764,762,763,334.0,9597785,335.0,97508,351.0,86066
765,763,764,335.0,9695294,351.0,86066,586.0,1555
766,764,765,351.0,9619186,586.0,1555,582.0,429682
767,765,766,586.0,10749459,582.0,429682,570.0,265490
768,766,767,582.0,54169202,570.0,265490,573.0,100585
769,767,768,570.0,45970650,573.0,100585,556.0,19418
770,768,769,573.0,9928825,556.0,19418,556.0,99442
771,769,770,556.0,9790866,556.0,99442,556.0,99461
772,770,771,556.0,9890308,556.0,99461,519.0,79550
773,771,772,556.0,9989769,519.0,79550,498.0,495623
774,772,773,519.0,9850998,498.0,495623,464.0,37866
775,773,774,498.0,46560073,464.0,37866,445.0,50613
776,774,775,464.0,9809314,445.0,50613,441.0,97524
777,775,776,445.0,10137269,441.0,97524,457.0,43423
778,776,777,441.0,9917952,457.0,43423,387.0,72165
779,777,778,457.0,9814871,387.0,72165,390.0,97504
780,778,779,387.0,9843613,390.0,97504,405.0,223398
781,779,780,390.0,9941120,405.0,223398,334.0,95563
782,780,781,405.0,9994846,334.0,95563,335.0,97473
783,781,782,334.0,9867011,335.0,97473,351.0,210841
784,782,783,335.0,9964525,351.0,210841,586.0,106503
785,783,784,351.0,9982289,586.0,106503,582.0,1071318
786,784,785,586.0,11116551,582.0,1071318,573.0,88702
787,785,786,582.0,56121558,573.0,88702,570.0,470531
788,786,787,573.0,10098478,570.0,470531,543.0,237981
789,787,788,570.0,47705151,543.0,237981,543.0,465095
790,788,789,543.0,47057901,543.0,465095,519.0,11872
791,789,790,543.0,47522996,519.0,11872,519.0,99126
792,790,791,519.0,10021648,519.0,99126,519.0,99126
793,791,792,519.0,10120774,519.0,99126,464.0,165657
794,792,793,519.0,10219900,464.0,165657,439.0,79866
795,793,794,464.0,10175433,439.0,79866,441.0,97476
796,794,795,439.0,10089642,441.0,97476,389.0,5637
797,795,796,441.0,10187170,389.0,5637,388.0,97500
798,796,797,389.0,10015413,388.0,97500,387.0,97483
799,797,798,388.0,10112856,387.0,97483,333.0,28955
800,798,799,387.0,10210303,333.0,28955,335.0,97510
801,799,800,333.0,10038731,335.0,97510,318.0,45601
802,800,801,335.0,10136302,318.0,45601,300.0,484533
803,801,802,318.0,4786782,300.0,484533,586.0,211452
804,802,803,300.0,50533413,586.0,211452,570.0,93383
805,803,804,586.0,11483644,570.0,93383,573.0,100565
806,804,805,570.0,48028063,573.0,100565,573.0,100607
807,805,806,573.0,10368695,573.0,100607,543.0,385672
808,806,807,573.0,10469302,543.0,385672,543.0,465095
809,807,808,543.0,48320352,543.0,465095,519.0,43322
810,808,809,543.0,48785447,519.0,43322,519.0,99126
811,809,810,519.0,10291426,519.0,99126,482.0,28101
812,810,811,519.0,10390552,482.0,28101,442.0,13350
813,811,812,482.0,10276205,442.0,13350,440.0,97479
814,812,813,442.0,10261454,440.0,97479,445.0,100641
815,813,814,440.0,10358913,445.0,100641,390.0,36556
816,814,815,445.0,10793761,390.0,36556,389.0,97492
817,815,816,390.0,10284660,389.0,97492,388.0,97467
818,816,817,389.0,10382114,388.0,97467,334.0,59916
819,817,818,388.0,10479553,334.0,59916,335.0,97476
820,818,819,334.0,10308020,335.0,97476,351.0,67017
821,819,820,335.0,10405534,351.0,67017,300.0,1105974
822,820,821,351.0,10315121,300.0,1105974,582.0,331721
823,821,822,300.0,52346494,582.0,331721,573.0,51918
824,822,823,582.0,58003401,573.0,51918,570.0,470402
825,823,824,573.0,10538350,570.0,470402,556.0,14600
826,824,825,570.0,49762572,556.0,14600,556.0,99461
827,825,826,556.0,10501032,556.0,99461,556.0,99461
828,826,827,556.0,10600493,556.0,99461,519.0,74772
829,827,828,556.0,10699954,519.0,74772,519.0,99126
830,828,829,519.0,10561204,519.0,99126,464.0,18356
831,829,830,519.0,10660330,464.0,18356,439.0,44241
832,830,831,464.0,10504788,439.0,44241,441.0,97494
833,831,832,439.0,10530673,441.0,97494,457.0,7070
834,832,833,441.0,10628194,457.0,7070,387.0,67415
835,833,834,457.0,10493502,387.0,67415,393.0,100645
836,834,835,387.0,10553847,393.0,100645,405.0,186770
837,835,836,393.0,10994981,405.0,186770,335.0,90879
838,836,837,405.0,10673202,335.0,90879,336.0,97468
839,837,838,335.0,10577311,336.0,97468,351.0,191792
840,838,839,336.0,10674792,351.0,191792,586.0,90481
841,839,840,351.0,10678224,586.0,90481,582.0,973362
842,840,841,586.0,11886961,582.0,973362,570.0,391963
843,841,842,582.0,59955762,570.0,391963,573.0,100589
844,842,843,570.0,50556163,573.0,100589,556.0,46144
845,843,844,573.0,10909173,556.0,46144,556.0,99451
846,844,845,556.0,10770904,556.0,99451,519.0,7062
847,845,846,556.0,10870355,519.0,7062,498.0,492394
848,846,847,519.0,10731822,498.0,492394,498.0,495592
849,847,848,498.0,50656594,498.0,495592,464.0,146145
850,848,849,498.0,51152186,464.0,146145,440.0,75179
851,849,850,464.0,10870905,440.0,75179,442.0,97477
852,850,851,440.0,10799939,442.0,97477,389.0,896
853,851,852,442.0,10897443,389.0,896,388.0,97467
854,852,853,389.0,10725656,388.0,97467,388.0,97507
855,853,854,388.0,10823095,388.0,97507,334.0,24267
856,854,855,388.0,10920602,334.0,24267,335.0,97477
857,855,856,334.0,10749027,335.0,97477,333.0,97505
858,856,857,335.0,10846541,333.0,97505,300.0,389656
859,857,858,333.0,10944033,300.0,389656,586.0,195429
860,858,859,300.0,54013456,586.0,195429,573.0,15132
861,859,860,586.0,12254053,573.0,15132,573.0,100607
862,860,861,573.0,10978220,573.0,100607,570.0,470566
863,861,862,573.0,11078827,570.0,470566,556.0,77687
864,862,863,570.0,52290666,556.0,77687,556.0,99461
865,863,864,556.0,11040775,556.0,99461,519.0,38504
866,864,865,556.0,11140236,519.0,38504,498.0,495608
867,865,866,519.0,11001592,498.0,495608,519.0,99413
868,866,867,498.0,51928638,519.0,99413,439.0,8611
869,867,868,519.0,11200141,439.0,8611,441.0,97508
870,868,869,439.0,10971699,441.0,97508,439.0,97491
871,869,870,441.0,11069214,439.0,97491,393.0,32856
872,870,871,439.0,11166661,393.0,32856,390.0,97521
873,871,872,393.0,11349592,390.0,97521,389.0,97499
874,872,873,390.0,11092415,389.0,97499,335.0,55228
875,873,874,389.0,11189857,335.0,55228,336.0,97466
876,874,875,335.0,11018316,336.0,97466,351.0,47963
877,875,876,336.0,11115796,351.0,47963,300.0,1011078
878,876,877,351.0,11011051,300.0,1011078,582.0,233739
879,877,878,300.0,55826518,582.0,233739,570.0,219846
880,878,879,582.0,61837579,570.0,219846,573.0,100569
881,879,880,570.0,52613566,573.0,100569,543.0,45601
882,880,881,573.0,11349043,543.0,45601,543.0,465095
883,881,882,543.0,52439321,543.0,465095,543.0,465095
884,882,883,543.0,52904416,543.0,465095,519.0,69952
885,883,884,543.0,53369511,519.0,69952,519.0,99126
886,884,885,519.0,11271368,519.0,99126,482.0,236101
887,885,886,519.0,11370494,482.0,236101,440.0,39546
888,886,887,482.0,11437517,440.0,39546,442.0,97514
889,887,888,440.0,11240962,442.0,97514,440.0,97493
890,888,889,442.0,11338486,440.0,97493,388.0,62725
891,889,890,440.0,11435929,388.0,62725,387.0,97491
892,890,891,388.0,11264141,387.0,97491,405.0,150131
893,891,892,387.0,11361589,405.0,150131,335.0,86130
894,892,893,405.0,11351547,335.0,86130,333.0,97503
895,893,894,335.0,11287546,333.0,97503,351.0,172736
896,894,895,333.0,11385037,351.0,172736,586.0,74453
897,895,896,351.0,11374152,586.0,74453,582.0,875369
898,896,897,586.0,12657365,582.0,875369,573.0,78952
899,897,898,582.0,63789929,573.0,78952,570.0,470416
900,898,899,573.0,11518696,570.0,470416,556.0,41334
901,899,900,570.0,54348066,556.0,41334,556.0,99461
902,900,901,556.0,11481078,556.0,99461,518.0,9941
903,901,902,556.0,11580539,518.0,9941,519.0,99355
904,902,903,518.0,932501,519.0,99355,519.0,99126
905,903,904,519.0,11541145,519.0,99126,464.0,126632
906,904,905,519.0,11640271,464.0,126632,441.0,70492
907,905,906,464.0,11566376,441.0,70492,439.0,97514
908,906,907,441.0,11510236,439.0,97514,457.0,208821
909,907,908,439.0,11607690,457.0,208821,389.0,93655
910,908,909,457.0,11648565,389.0,93655,388.0,97475
911,909,910,389.0,11533399,388.0,97475,335.0,19580
912,910,911,388.0,11630839,335.0,19580,336.0,97471
913,911,912,335.0,11459324,336.0,97471,334.0,97521
914,912,913,336.0,11556807,334.0,97521,300.0,294766
915,913,914,334.0,11654321,300.0,294766,586.0,179403
916,914,915,300.0,57493486,586.0,179403,573.0,10278
917,915,916,586.0,13024459,573.0,10278,570.0,470574
918,916,917,573.0,11688350,570.0,470574,573.0,100592
919,917,918,570.0,55141664,573.0,100592,556.0,72868
920,918,919,573.0,11889520,556.0,72868,556.0,99461
921,919,920,556.0,11750940,556.0,99461,519.0,33725
922,920,921,556.0,11850401,519.0,33725,519.0,99126
923,921,922,519.0,11711797,519.0,99126,508.0,6810
924,922,923,519.0,11810923,508.0,6810,439.0,3853
925,923,924,508.0,948590,439.0,3853,441.0,97476
926,924,925,439.0,11681925,441.0,97476,440.0,97513
927,925,926,441.0,11779454,440.0,97513,387.0,27061
928,926,927,440.0,11876955,387.0,27061,363.0,48734
929,927,928,387.0,11705133,363.0,48734,389.0,97471
930,928,929,363.0,5901317,389.0,97471,335.0,50483
931,929,930,389.0,11900101,335.0,50483,333.0,97508
932,930,931,335.0,11728555,333.0,97508,351.0,28913
933,931,932,333.0,11826048,351.0,28913,300.0,916201
934,932,933,351.0,11706985,300.0,916201,582.0,135777
935,933,934,300.0,59306561,582.0,135777,573.0,42168
936,934,935,582.0,65671777,573.0,42168,573.0,100607
937,935,936,573.0,11958568,573.0,100607,556.0,4962
938,936,937,573.0,12059175,556.0,4962,556.0,99461
939,937,938,556.0,11921362,556.0,99461,556.0,99461
940,938,939,556.0,12020823,556.0,99461,498.0,287165
941,939,940,556.0,12120284,498.0,287165,498.0,495592
942,940,941,498.0,56025165,498.0,495592,482.0,198623
943,941,942,498.0,56520757,482.0,198623,440.0,34799
944,942,943,482.0,12115023,440.0,34799,445.0,100650
945,943,944,440.0,11951199,445.0,100650,441.0,97522
946,944,945,445.0,12437418,441.0,97522,388.0,57982
947,945,946,441.0,12146230,388.0,57982,388.0,97507
948,946,947,388.0,11974382,388.0,97507,405.0,113505
949,947,948,388.0,12071889,405.0,113505,336.0,81419
950,948,949,405.0,12029905,336.0,81419,334.0,97524
951,949,950,336.0,11997819,334.0,97524,351.0,153689
952,950,951,334.0,12095330,351.0,153689,586.0,58433
953,951,952,351.0,12070089,586.0,58433,582.0,777425
954,952,953,586.0,13427777,582.0,777425,570.0,346323
955,953,954,582.0,67624145,570.0,346323,573.0,100574
956,954,955,570.0,57199083,573.0,100574,543.0,170638
957,955,956,573.0,12329392,543.0,170638,543.0,465095
958,956,957,543.0,57023398,543.0,465095,556.0,99451
959,957,958,543.0,57488493,556.0,99451,498.0,444444
960,958,959,556.0,12390145,498.0,444444,498.0,495592
961,959,960,498.0,57297204,498.0,495592,464.0,107120
962,960,961,498.0,57792796,464.0,107120,441.0,65748
963,961,962,464.0,12261848,441.0,65748,439.0,97469
964,962,963,441.0,12220476,439.0,97469,457.0,172464
965,963,964,439.0,12317917,457.0,172464,389.0,88914
966,964,965,457.0,12327192,389.0,88914,389.0,97501
967,965,966,389.0,12243642,389.0,97501,335.0,14834
968,966,967,389.0,12341143,335.0,14834,333.0,97509
969,967,968,335.0,12169562,333.0,97509,334.0,97481
970,968,969,333.0,12267055,334.0,97481,300.0,199878
971,969,970,334.0,12364553,300.0,199878,586.0,163379
972,970,971,300.0,60973518,586.0,163379,570.0,25150
973,971,972,586.0,13794867,570.0,25150,573.0,100594
974,972,973,570.0,57992670,573.0,100594,570.0,470445
975,973,974,573.0,12499044,570.0,470445,556.0,68069
976,974,975,570.0,58933575,556.0,68069,543.0,465042
977,975,976,556.0,12461125,543.0,465042,519.0,28906
978,976,977,543.0,58750932,519.0,28906,519.0,99126
979,977,978,519.0,12421962,519.0,99126,498.0,495608
980,978,979,519.0,12521088,498.0,495608,464.0,234910
981,979,980,498.0,59064838,464.0,234910,442.0,96667
982,980,981,464.0,12627966,442.0,96667,440.0,97474
983,981,982,442.0,12489723,440.0,97474,388.0,22371
984,982,983,440.0,12587188,388.0,22371,387.0,97501
985,983,984,388.0,12415427,387.0,97501,371.0,1573
986,984,985,387.0,12512877,371.0,1573,336.0,45764
987,985,986,371.0,203394,336.0,45764,334.0,97521
988,986,987,336.0,12438820,334.0,97521,351.0,9857
989,987,988,334.0,12536333,351.0,9857,300.0,821294
990,988,989,351.0,12402913,300.0,821294,582.0,37784
991,989,990,300.0,62786574,582.0,37784,573.0,37312
992,990,991,582.0,69505944,573.0,37312,570.0,470588
993,991,992,573.0,12668696,570.0,470588,556.0,160
994,992,993,570.0,59727158,556.0,160,556.0,99442
995,993,994,556.0,12631544,556.0,99442,556.0,99461
996,994,995,556.0,12730986,556.0,99461,519.0,60355
997,995,996,556.0,12830447,519.0,60355,519.0,99126
998,996,997,519.0,12691739,519.0,99126,482.0,161135
999,997,998,519.0,12790865,482.0,161135,441.0,30114
1000,998,999,482.0,12792519,441.0,30114,439.0,97491
1001,999,1000,441.0,12661498,439.0,97491,441.0,97488
1002,1000,1001,439.0,12758945,441.0,97488,389.0,53300
1003,1001,1002,441.0,12856468,389.0,53300,388.0,97483
1004,1002,1003,389.0,12684684,388.0,97483,405.0,76869
1005,1003,1004,388.0,12782125,405.0,76869,333.0,76678
1006,1004,1005,405.0,12708253,333.0,76678,334.0,97482
1007,1005,1006,333.0,12708062,334.0,97482,351.0,134634
1008,1006,1007,334.0,12805560,351.0,134634,586.0,42406
1009,1007,1008,351.0,12766018,586.0,42406,582.0,679439
1010,1008,1009,586.0,14198182,582.0,679439,573.0,69203
1011,1009,1010,582.0,71458319,573.0,69203,573.0,100607
1012,1010,1011,573.0,12938915,573.0,100607,556.0,31696
1013,1011,1012,573.0,13039522,556.0,31696,556.0,99461
1014,1012,1013,556.0,12901408,556.0,99461,556.0,99445
1015,1013,1014,556.0,13000869,556.0,99445,519.0,91806
1016,1014,1015,556.0,13100314,519.0,91806,519.0,99126
1017,1015,1016,519.0,12961518,519.0,99126,464.0,87612
1018,1016,1017,519.0,13060644,464.0,87612,442.0,61069
1019,1017,1018,464.0,12957324,442.0,61069,440.0,97498
1020,1018,1019,442.0,12930781,440.0,97498,457.0,136114
1021,1019,1020,440.0,13028218,457.0,136114,390.0,84206
1022,1020,1021,457.0,13005826,390.0,84206,389.0,97481
1023,1021,1022,390.0,12953918,389.0,97481,336.0,10131
1024,1022,1023,389.0,13051389,336.0,10131,333.0,97466
1025,1023,1024,336.0,12879843,333.0,97466,335.0,97511
1026,1024,1025,333.0,12977284,335.0,97511,300.0,105014
1027,1025,1026,335.0,13074855,300.0,105014,586.0,147358
1028,1026,1027,300.0,64453574,586.0,147358,573.0,530
1029,1027,1028,586.0,14565278,573.0,530,570.0,470474
1030,1028,1029,573.0,13108570,570.0,470474,573.0,100578
1031,1029,1030,570.0,61784594,573.0,100578,543.0,295667
1032,1030,1031,573.0,13309740,543.0,295667,556.0,99451
1033,1031,1032,543.0,61607467,556.0,99451,498.0,81925
1034,1032,1033,556.0,13270731,498.0,81925,519.0,99137
1035,1033,1034,498.0,61393725,519.0,99137,519.0,99126
1036,1034,1035,519.0,13231295,519.0,99126,464.0,215402
1037,1035,1036,519.0,13330421,464.0,215402,439.0,91938
1038,1036,1037,464.0,13323442,439.0,91938,441.0,97508
1039,1037,1038,439.0,13199978,441.0,97508,388.0,17631
1040,1038,1039,441.0,13297494,388.0,17631,387.0,97467
1041,1039,1040,388.0,13125671,387.0,97467,387.0,97516
1042,1040,1041,387.0,13223115,387.0,97516,333.0,41035
1043,1041,1042,387.0,13320631,333.0,41035,334.0,97488
1044,1042,1043,333.0,13149075,334.0,97488,335.0,97476
1045,1043,1044,334.0,13246572,335.0,97476,300.0,726445
1046,1044,1045,335.0,13344086,300.0,726445,586.0,252306
1047,1045,1046,300.0,66266645,586.0,252306,570.0,151628
1048,1046,1047,586.0,14932370,570.0,151628,573.0,100600
1049,1047,1048,570.0,62578188,573.0,100600,570.0,470488
1050,1048,1049,573.0,13479394,570.0,470488,543.0,443355
1051,1049,1050,570.0,63519098,543.0,443355,543.0,465095
1052,1050,1051,543.0,62869915,543.0,465095,498.0,239211
1053,1051,1052,543.0,63335010,498.0,239211,498.0,495592
1054,1052,1053,498.0,62665771,498.0,495592,482.0,123654
1055,1053,1054,498.0,63161363,482.0,123654,441.0,25370
1056,1054,1055,482.0,13470022,441.0,25370,440.0,97513
1057,1055,1056,441.0,13371738,440.0,97513,442.0,97507
1058,1056,1057,440.0,13469239,442.0,97507,389.0,48559
1059,1057,1058,442.0,13566759,389.0,48559,389.0,97501
1060,1058,1059,389.0,13394927,389.0,97501,405.0,40237
1061,1059,1060,389.0,13492428,405.0,40237,334.0,71982
1062,1060,1061,405.0,13386605,334.0,71982,335.0,97508
1063,1061,1062,334.0,13418350,335.0,97508,351.0,115582
1064,1062,1063,335.0,13515858,351.0,115582,586.0,26381
1065,1063,1064,351.0,13461950,586.0,26381,582.0,581464
1066,1064,1065,586.0,14968589,582.0,581464,573.0,64349
1067,1065,1066,582.0,75292504,573.0,64349,570.0,470624
1068,1066,1067,573.0,13649045,570.0,470624,556.0,26879
1069,1067,1068,570.0,64312674,556.0,26879,556.0,99458
1070,1068,1069,556.0,13611575,556.0,99458,556.0,99461
1071,1069,1070,556.0,13711033,556.0,99461,498.0,396484
1072,1070,1071,556.0,13810494,498.0,396484,498.0,495592
1073,1071,1072,498.0,63937804,498.0,495592,464.0,68092
1074,1072,1073,498.0,64433396,464.0,68092,445.0,58135
1075,1073,1074,464.0,13652788,445.0,58135,441.0,97518
1076,1074,1075,445.0,14081047,441.0,97518,457.0,99743
1077,1075,1076,441.0,13738510,457.0,99743,387.0,79467
1078,1076,1077,457.0,13684439,387.0,79467,390.0,97478
1079,1077,1078,387.0,13664163,390.0,97478,333.0,5377
1080,1078,1079,390.0,13761658,333.0,5377,334.0,97481
1081,1079,1080,333.0,13590073,334.0,97481,335.0,97470
1082,1080,1081,334.0,13687571,335.0,97470,297.0,2018
1083,1081,1082,335.0,13785086,297.0,2018,586.0,131326
1084,1082,1083,297.0,13586714,586.0,131326,582.0,1223082
1085,1083,1084,586.0,15335678,582.0,1223082,573.0,96236
1086,1084,1085,582.0,77244842,573.0,96236,573.0,100607
1087,1085,1086,573.0,13919260,573.0,100607,556.0,58428
1088,1086,1087,573.0,14019867,556.0,58428,556.0,99461
1089,1087,1088,556.0,13881452,556.0,99461,519.0,19308
1090,1088,1089,556.0,13980913,519.0,19308,519.0,99126
1091,1089,1090,519.0,13842332,519.0,99126,519.0,99126
1092,1090,1091,519.0,13941458,519.0,99126,464.0,195885
1093,1091,1092,519.0,14040584,464.0,195885,439.0,87176
1094,1092,1093,464.0,14018909,439.0,87176,441.0,97472
1095,1093,1094,439.0,13910200,441.0,97472,389.0,12945
1096,1094,1095,441.0,14007730,389.0,12945,388.0,97491
1097,1095,1096,389.0,13835969,388.0,97491,387.0,97472
1098,1096,1097,388.0,13933411,387.0,97472,330.0,586
1099,1097,1098,387.0,14030856,330.0,586,335.0,97510
1100,1098,1099,330.0,223538,335.0,97510,318.0,45601
1101,1099,1100,335.0,13956866,318.0,45601,300.0,631535
1102,1100,1101,318.0,6573820,300.0,631535,586.0,236278
1103,1101,1102,300.0,69746655,586.0,236278,573.0,27564
1104,1102,1103,586.0,15702774,573.0,27564,570.0,470488
1105,1103,1104,573.0,14088916,570.0,470488,573.0,100580
1106,1104,1105,570.0,66370088,573.0,100580,556.0,89964
1107,1105,1106,573.0,14290086,556.0,89964,556.0,99461
1108,1106,1107,556.0,14151316,556.0,99461,519.0,50759
1109,1107,1108,556.0,14250777,519.0,50759,519.0,99126
1110,1108,1109,519.0,14112111,519.0,99126,482.0,86173
1111,1109,1110,519.0,14211237,482.0,86173,442.0,20660
1112,1110,1111,482.0,14147525,442.0,20660,440.0,97477
1113,1111,1112,442.0,14082012,440.0,97477,445.0,100633
1114,1112,1113,440.0,14179475,445.0,100633,390.0,43857
1115,1113,1114,445.0,14737561,390.0,43857,389.0,97486
1116,1114,1115,390.0,14105209,389.0,97486,405.0,3608
1117,1115,1116,389.0,14202672,405.0,3608,334.0,67232
1118,1116,1117,405.0,14064960,334.0,67232,335.0,97476
1119,1117,1118,334.0,14128584,335.0,97476,351.0,96533
1120,1118,1119,335.0,14226098,351.0,96533,586.0,10359
1121,1119,1120,351.0,14157885,586.0,10359,582.0,483508
1122,1120,1121,586.0,15738999,582.0,483508,570.0,278087
1123,1121,1122,582.0,79126708,570.0,278087,573.0,100602
1124,1122,1123,570.0,67163687,573.0,100602,543.0,103275
1125,1123,1124,573.0,14459740,543.0,103275,543.0,465095
1126,1124,1125,543.0,66988875,543.0,465095,543.0,465095
1127,1125,1126,543.0,67453970,543.0,465095,519.0,82208
1128,1126,1127,543.0,67919065,519.0,82208,519.0,99126
1129,1127,1128,519.0,14381888,519.0,99126,464.0,48584
1130,1128,1129,519.0,14481014,464.0,48584,439.0,51551
1131,1129,1130,464.0,14348264,439.0,51551,441.0,97490
1132,1130,1131,439.0,14351231,441.0,97490,457.0,63395
1133,1131,1132,441.0,14448754,457.0,63395,387.0,74720
1134,1132,1133,457.0,14363075,387.0,74720,387.0,97516
1135,1133,1134,387.0,14374400,387.0,97516,333.0,624
1136,1134,1135,387.0,14471916,333.0,624,335.0,97513
1137,1135,1136,333.0,14300304,335.0,97513,336.0,97468
1138,1136,1137,335.0,14397875,336.0,97468,351.0,221308
1139,1137,1138,336.0,14495356,351.0,221308,586.0,115307
1140,1138,1139,351.0,14520988,586.0,115307,582.0,1125144
1141,1139,1140,586.0,16106091,582.0,1125144,573.0,91386
1142,1140,1141,582.0,81079064,573.0,91386,570.0,470659
1143,1141,1142,573.0,14629394,570.0,470659,556.0,53612
1144,1142,1143,570.0,68898189,556.0,53612,556.0,99461
1145,1143,1144,556.0,14591620,556.0,99461,498.0,33972
1146,1144,1145,556.0,14691081,498.0,33972,498.0,495592
1147,1145,1146,498.0,68034332,498.0,495592,519.0,99137
1148,1146,1147,498.0,68529924,519.0,99137,464.0,176375
1149,1147,1148,519.0,14750791,464.0,176375,440.0,82491
1150,1148,1149,464.0,14714383,440.0,82491,442.0,97468
1151,1149,1150,440.0,14620499,442.0,97468,389.0,8205
1152,1150,1151,442.0,14717998,389.0,8205,389.0,97501
1153,1151,1152,389.0,14546213,389.0,97501,388.0,97502
1154,1152,1153,389.0,14643714,388.0,97502,334.0,31584
1155,1153,1154,388.0,14741158,334.0,31584,335.0,97478
1156,1154,1155,334.0,14569592,335.0,97478,333.0,97506
1157,1155,1156,335.0,14667106,333.0,97506,300.0,536662
1158,1156,1157,333.0,14764598,300.0,536662,586.0,220255
1159,1157,1158,300.0,73226702,586.0,220255,570.0,105977
1160,1158,1159,586.0,16473183,570.0,105977,573.0,100583
1161,1159,1160,570.0,69221097,573.0,100583,573.0,100607
1162,1160,1161,573.0,14899611,573.0,100607,556.0,85166
1163,1161,1162,573.0,15000218,556.0,85166,556.0,99458
1164,1162,1163,556.0,14861502,556.0,99458,498.0,191263
1165,1163,1164,556.0,14960960,498.0,191263,498.0,495592
1166,1164,1165,498.0,69306383,498.0,495592,482.0,48690
1167,1165,1166,498.0,69801975,482.0,48690,439.0,15924
1168,1166,1167,482.0,14825026,439.0,15924,441.0,97506
1169,1167,1168,439.0,14792260,441.0,97506,439.0,97489
1170,1168,1169,441.0,14889776,439.0,97489,387.0,39121
1171,1169,1170,439.0,14987223,387.0,39121,390.0,97507
1172,1170,1171,387.0,14815457,390.0,97507,389.0,97494
1173,1171,1172,390.0,14912965,389.0,97494,335.0,62546
1174,1172,1173,389.0,15010416,335.0,62546,336.0,97471
1175,1173,1174,335.0,14838882,336.0,97471,351.0,77481
1176,1174,1175,336.0,14936365,351.0,77481,300.0,1158089
1177,1175,1176,351.0,14853817,300.0,1158089,582.0,385531
1178,1176,1177,300.0,75039769,582.0,385531,573.0,54600
1179,1177,1178,582.0,82960891,573.0,54600,570.0,470516
1180,1178,1179,573.0,15069264,570.0,470516,556.0,17238
1181,1179,1180,570.0,70955596,556.0,17238,556.0,99461
1182,1180,1181,556.0,15031902,556.0,99461,556.0,99461
1183,1181,1182,556.0,15131363,556.0,99461,519.0,77390
1184,1182,1183,556.0,15230824,519.0,77390,519.0,99126
1185,1183,1184,519.0,15092054,519.0,99126,464.0,29074
1186,1184,1185,519.0,15191180,464.0,29074,440.0,46862
1187,1185,1186,464.0,15043738,440.0,46862,442.0,97514
1188,1186,1187,440.0,15061526,442.0,97514,457.0,27040
1189,1187,1188,442.0,15159050,457.0,27040,388.0,70037
1190,1188,1189,457.0,15041704,388.0,70037,387.0,97487
1191,1189,1190,388.0,15084701,387.0,97487,405.0,206894
1192,1190,1191,387.0,15182149,405.0,206894,335.0,93450
1193,1191,1192,405.0,15221558,335.0,93450,333.0,97509
1194,1192,1193,335.0,15108114,333.0,97509,351.0,202258
1195,1193,1194,333.0,15205607,351.0,202258,586.0,99284
1196,1194,1195,351.0,15216922,586.0,99284,582.0,1027182
1197,1195,1196,586.0,16876500,582.0,1027182,567.0,6973
1198,1196,1197,582.0,84913262,567.0,6973,573.0,100606
1199,1197,1198,567.0,1237053,573.0,100606,543.0,228304
1200,1198,1199,573.0,15440088,543.0,228304,543.0,465095
1201,1199,1200,543.0,71572944,543.0,465095,519.0,9713
1202,1200,1201,543.0,72038039,519.0,9713,519.0,99126
1203,1201,1202,519.0,15262705,519.0,99126,519.0,99126
1204,1202,1203,519.0,15361831,519.0,99126,464.0,156865
1205,1203,1204,519.0,15460957,464.0,156865,441.0,77808
1206,1204,1205,464.0,15409857,441.0,77808,439.0,97514
1207,1205,1206,441.0,15330800,439.0,97514,390.0,3519
1208,1206,1207,439.0,15428254,390.0,3519,389.0,97495
1209,1207,1208,390.0,15256511,389.0,97495,388.0,97470
1210,1208,1209,389.0,15353959,388.0,97470,335.0,26899
1211,1209,1210,388.0,15451398,335.0,26899,336.0,97478
1212,1210,1211,335.0,15279891,336.0,97478,334.0,97524
1213,1211,1212,336.0,15377378,334.0,97524,300.0,441783
1214,1212,1213,334.0,15474888,300.0,441783,586.0,204232
1215,1213,1214,300.0,76706743,586.0,204232,573.0,17816
1216,1214,1215,586.0,17243592,573.0,17816,570.0,470388
1217,1215,1216,573.0,15509136,570.0,470388,573.0,100566
1218,1216,1217,570.0,73013018,573.0,100566,556.0,80348
1219,1217,1218,573.0,15710306,556.0,80348,543.0,465065
1220,1218,1219,556.0,15571668,543.0,465065,519.0,41164
1221,1219,1220,543.0,73300495,519.0,41164,519.0,99126
1222,1220,1221,519.0,15532484,519.0,99126,482.0,11216
1223,1221,1222,519.0,15631610,482.0,11216,439.0,11172
1224,1222,1223,482.0,15502536,439.0,11172,441.0,97478
1225,1223,1224,439.0,15502492,441.0,97478,440.0,97515
1226,1224,1225,441.0,15600020,440.0,97515,387.0,34373
1227,1225,1226,440.0,15697521,387.0,34373,393.0,100660
1228,1226,1227,387.0,15525693,393.0,100660,389.0,97468
1229,1227,1228,393.0,16127220,389.0,97468,335.0,57804
1230,1228,1229,389.0,15720662,335.0,57804,333.0,97515
1231,1229,1230,335.0,15549124,333.0,97515,351.0,58435
1232,1230,1231,333.0,15646619,351.0,58435,300.0,1063233
1233,1231,1232,351.0,15549755,300.0,1063233,582.0,287590
1234,1232,1233,300.0,78519833,582.0,287590,570.0,232459
1235,1233,1234,582.0,86795110,570.0,232459,573.0,100589
1236,1234,1235,570.0,73806619,573.0,100589,556.0,12442
1237,1235,1236,573.0,15879961,556.0,12442,556.0,99461
1238,1236,1237,556.0,15742090,556.0,99461,556.0,99442
1239,1237,1238,556.0,15841551,556.0,99442,498.0,324358
1240,1238,1239,556.0,15940993,498.0,324358,492.0,1599
1241,1239,1240,498.0,73898518,492.0,1599,464.0,9566
1242,1240,1241,492.0,244074,464.0,9566,440.0,42117
1243,1241,1242,464.0,15739214,440.0,42117,445.0,100659
1244,1242,1243,440.0,15771765,445.0,100659,441.0,97524
1245,1243,1244,445.0,16381235,441.0,97524,388.0,65295
1246,1244,1245,441.0,15966796,388.0,65295,388.0,97507
1247,1245,1246,388.0,15794943,388.0,97507,405.0,170269
1248,1246,1247,388.0,15892450,405.0,170269,336.0,88747
1249,1247,1248,405.0,15899917,336.0,88747,333.0,97466
1250,1248,1249,336.0,15818395,333.0,97466,351.0,183210
1251,1249,1250,333.0,15915836,351.0,183210,586.0,83263
1252,1250,1251,351.0,15912858,586.0,83263,582.0,929232
1253,1251,1252,586.0,17646911,582.0,929232,573.0,81639
1254,1252,1253,582.0,88747472,573.0,81639,570.0,470566
1255,1253,1254,573.0,16049615,570.0,470566,556.0,43976
1256,1254,1255,570.0,75541126,556.0,43976,556.0,99461
1257,1255,1256,556.0,16011952,556.0,99461,519.0,4835
1258,1256,1257,556.0,16111413,519.0,4835,498.0,481644
1259,1257,1258,519.0,15972811,498.0,481644,498.0,495592
1260,1258,1259,498.0,75170564,498.0,495592,464.0,137358
1261,1259,1260,498.0,75666156,464.0,137358,441.0,73068
1262,1260,1261,464.0,16105334,441.0,73068,439.0,97474
1263,1261,1262,441.0,16041044,439.0,97474,457.0,228806
1264,1262,1263,439.0,16138486,457.0,228806,389.0,96229
1265,1263,1264,457.0,16196782,389.0,96229,389.0,97501
1266,1264,1265,389.0,16064205,389.0,97501,335.0,22156
1267,1265,1266,389.0,16161706,335.0,22156,333.0,97517
1268,1266,1267,335.0,15990132,333.0,97517,334.0,97488
1269,1267,1268,333.0,16087627,334.0,97488,300.0,346916
1270,1268,1269,334.0,16185124,300.0,346916,586.0,188211
1271,1269,1270,300.0,80186796,586.0,188211,570.0,60352
1272,1270,1271,586.0,18014003,570.0,60352,573.0,100569
1273,1271,1272,570.0,75864032,573.0,100569,573.0,100607
1274,1272,1273,573.0,16319831,573.0,100607,543.0,353348
1275,1273,1274,573.0,16420438,543.0,353348,556.0,99454
1276,1274,1275,543.0,76157028,556.0,99454,519.0,36346
1277,1275,1276,556.0,16381274,519.0,36346,519.0,99126
1278,1276,1277,519.0,16242650,519.0,99126,519.0,99261
1279,1277,1278,519.0,16341776,519.0,99261,440.0,6488
1280,1278,1279,519.0,16441037,440.0,6488,442.0,97488
1281,1279,1280,440.0,16212792,442.0,97488,440.0,97481
1282,1280,1281,442.0,16310302,440.0,97481,388.0,29690
1283,1281,1282,440.0,16407759,388.0,29690,387.0,97505
1284,1282,1283,388.0,16235994,387.0,97505,390.0,97471
1285,1283,1284,387.0,16333445,390.0,97471,336.0,53106
1286,1284,1285,390.0,16430937,336.0,53106,333.0,97471
1287,1285,1286,336.0,16259410,333.0,97471,351.0,39386
1288,1286,1287,333.0,16356847,351.0,39386,300.0,968361
1289,1287,1288,351.0,16245690,300.0,968361,582.0,189633
1290,1288,1289,300.0,81999881,582.0,189633,573.0,44854
1291,1289,1290,582.0,90629313,573.0,44854,570.0,470431
1292,1290,1291,573.0,16489486,570.0,470431,556.0,7624
1293,1291,1292,570.0,77598541,556.0,7624,543.0,465080
1294,1292,1293,556.0,16452256,543.0,465080,543.0,465095
1295,1293,1294,543.0,77419480,543.0,465095,519.0,67796
1296,1294,1295,543.0,77884575,519.0,67796,519.0,99126
1297,1295,1296,519.0,16512428,519.0,99126,482.0,219225
1298,1296,1297,519.0,16611554,482.0,219225,441.0,37435
1299,1297,1298,482.0,16663857,441.0,37435,439.0,97498
1300,1298,1299,441.0,16482067,439.0,97498,441.0,97493
1301,1299,1300,439.0,16579516,441.0,97493,389.0,60617
1302,1300,1301,441.0,16677037,389.0,60617,388.0,97484
1303,1301,1302,389.0,16505249,388.0,97484,405.0,133641
1304,1302,1303,388.0,16602690,405.0,133641,333.0,84006
1305,1303,1304,405.0,16578273,333.0,84006,334.0,97492
1306,1304,1305,333.0,16528638,334.0,97492,351.0,164161
1307,1305,1306,334.0,16626134,351.0,164161,586.0,67241
1308,1306,1307,351.0,16608793,586.0,67241,582.0,831276
1309,1307,1308,586.0,18417321,582.0,831276,570.0,358936
1310,1308,1309,582.0,92581676,570.0,358936,573.0,100594
1311,1309,1310,570.0,78392136,573.0,100594,556.0,39178
1312,1310,1311,573.0,16860310,556.0,39178,543.0,465049
1313,1311,1312,556.0,16722138,543.0,465049,556.0,99448
1314,1312,1313,543.0,78680839,556.0,99448,519.0,99246
1315,1313,1314,556.0,16921040,519.0,99246,519.0,99126
1316,1314,1315,519.0,16782206,519.0,99126,464.0,117849
1317,1315,1316,519.0,16881332,464.0,117849,441.0,68327
1318,1316,1317,464.0,16800809,441.0,68327,440.0,97502
1319,1317,1318,441.0,16751287,440.0,97502,457.0,192456
1320,1318,1319,440.0,16848786,457.0,192456,390.0,91521
1321,1319,1320,457.0,16875416,390.0,91521,389.0,97480
1322,1320,1321,390.0,16774481,389.0,97480,336.0,17462
1323,1321,1322,389.0,16871952,336.0,17462,333.0,97474
1324,1322,1323,336.0,16700422,333.0,97474,335.0,97517
1325,1323,1324,333.0,16797856,335.0,97517,300.0,252052
1326,1324,1325,335.0,16895425,300.0,252052,586.0,172190
1327,1325,1326,300.0,83666852,586.0,172190,573.0,8070
1328,1326,1327,586.0,18784414,573.0,8070,573.0,100607
1329,1327,1328,573.0,16929358,573.0,100607,570.0,470609
1330,1328,1329,573.0,17029965,570.0,470609,556.0,70713
1331,1329,1330,570.0,80126649,556.0,70713,556.0,99461
1332,1330,1331,556.0,16992001,556.0,99461,498.0,119137
1333,1331,1332,556.0,17091462,498.0,119137,519.0,99138
1334,1332,1333,498.0,79267097,519.0,99138,519.0,99126
1335,1333,1334,519.0,17051984,519.0,99126,440.0,1743
1336,1334,1335,519.0,17151110,440.0,1743,439.0,97526
1337,1335,1336,440.0,16923031,439.0,97526,441.0,97513
1338,1336,1337,439.0,17020550,441.0,97513,388.0,24947
1339,1337,1338,441.0,17118063,388.0,24947,387.0,97467
1340,1338,1339,388.0,16946235,387.0,97467,387.0,97516
1341,1339,1340,387.0,17043679,387.0,97516,339.0,49923
1342,1340,1341,387.0,17141195,339.0,49923,334.0,97496
1343,1341,1342,339.0,17517059,334.0,97496,351.0,20337
1344,1342,1343,334.0,17067144,351.0,20337,300.0,873489
1345,1343,1344,351.0,16941625,300.0,873489,582.0,91676
1346,1344,1345,300.0,85479929,582.0,91676,570.0,186833
1347,1345,1346,582.0,94463516,570.0,186833,573.0,100575
1348,1346,1347,570.0,80449553,573.0,100575,543.0,13292
1349,1347,1348,573.0,17300181,543.0,13292,556.0,99456
1350,1348,1349,543.0,80276012,556.0,99456,556.0,99461
1351,1349,1350,556.0,17261862,556.0,99461,498.0,276416
1352,1350,1351,556.0,17361323,498.0,276416,498.0,495592
1353,1351,1352,498.0,80539136,498.0,495592,482.0,181744
1354,1352,1353,498.0,81034728,482.0,181744,441.0,32692
1355,1353,1354,482.0,17341360,441.0,32692,440.0,97520
1356,1354,1355,441.0,17192308,440.0,97520,442.0,97522
1357,1355,1356,440.0,17289810,442.0,97522,389.0,55877
1358,1356,1357,442.0,17387338,389.0,55877,389.0,97501
1359,1357,1358,389.0,17215493,389.0,97501,405.0,97011
1360,1358,1359,389.0,17312994,405.0,97011,333.0,79247
1361,1359,1360,405.0,17256627,333.0,79247,335.0,97518
1362,1360,1361,333.0,17238863,335.0,97518,351.0,145110
1363,1361,1362,335.0,17336432,351.0,145110,586.0,51217
1364,1362,1363,351.0,17304726,586.0,51217,582.0,733308
1365,1363,1364,586.0,19187729,582.0,733308,573.0,71890
1366,1364,1365,582.0,96415868,573.0,71890,570.0,470459
1367,1365,1366,573.0,17469834,570.0,470459,543.0,160972
1368,1366,1367,570.0,82184049,543.0,160972,543.0,465095
1369,1367,1368,543.0,81538452,543.0,465095,543.0,465095
1370,1368,1369,543.0,82003547,543.0,465095,498.0,433687
1371,1369,1370,543.0,82468642,498.0,433687,498.0,495592
1372,1370,1371,498.0,81811167,498.0,495592,464.0,98331
1373,1371,1372,498.0,82306759,464.0,98331,445.0,65710
1374,1372,1373,464.0,17496275,445.0,65710,441.0,97523
1375,1373,1374,445.0,18024878,441.0,97523,457.0,156088
1376,1374,1375,441.0,17559079,457.0,156088,387.0,86784
1377,1375,1376,457.0,17554032,387.0,86784,390.0,97480
1378,1376,1377,387.0,17484728,390.0,97480,333.0,12705
1379,1377,1378,390.0,17582224,333.0,12705,334.0,97491
1380,1378,1379,333.0,17410649,334.0,97491,335.0,97478
1381,1379,1380,334.0,17508145,335.0,97478,300.0,157136
1382,1380,1381,335.0,17605658,300.0,157136,586.0,156160
1383,1381,1382,300.0,87146856,586.0,156160,573.0,3213
1384,1382,1383,586.0,19554816,573.0,3213,570.0,470595
1385,1383,1384,573.0,17639485,570.0,470595,573.0,100595
1386,1384,1385,570.0,82977625,573.0,100595,543.0,307549
1387,1385,1386,573.0,17840655,543.0,307549,555.0,7810
1388,1386,1387,543.0,82799789,555.0,7810,519.0,26748
1389,1387,1388,555.0,1435670,519.0,26748,519.0,99126
1390,1388,1389,519.0,17663020,519.0,99126,519.0,99126
1391,1389,1390,519.0,17762146,519.0,99126,464.0,226122
1392,1390,1391,519.0,17861272,464.0,226122,439.0,94496
1393,1391,1392,464.0,17862394,439.0,94496,441.0,97475
1394,1392,1393,439.0,17730768,441.0,97475,389.0,20260
1395,1393,1394,441.0,17828297,389.0,20260,388.0,97490
1396,1394,1395,389.0,17656532,388.0,97490,387.0,97471
1397,1395,1396,388.0,17753974,387.0,97471,333.0,43595
1398,1396,1397,387.0,17851419,333.0,43595,335.0,97516
1399,1397,1398,333.0,17679867,335.0,97516,351.0,1280
1400,1398,1399,335.0,17777436,351.0,1280,300.0,778577
1401,1399,1400,351.0,17637552,300.0,778577,586.0,261110
1402,1400,1401,300.0,88959937,586.0,261110,573.0,35103
1403,1401,1402,586.0,19921910,573.0,35103,573.0,100607
1404,1402,1403,573.0,17909703,573.0,100607,570.0,470616
1405,1403,1404,573.0,18010310,570.0,470616,556.0,97445
1406,1404,1405,570.0,84712136,556.0,97445,556.0,99461
1407,1405,1406,556.0,17972045,556.0,99461,519.0,58199
1408,1406,1407,556.0,18071506,519.0,58199,519.0,99126
1409,1407,1408,519.0,17932799,519.0,99126,482.0,144259
1410,1408,1409,519.0,18031925,482.0,144259,442.0,27985
1411,1409,1410,482.0,18018859,442.0,27985,440.0,97481
1412,1410,1411,442.0,17902585,440.0,97481,445.0,100650
1413,1411,1412,440.0,18000043,445.0,100650,390.0,51171
1414,1412,1413,445.0,18681386,390.0,51171,389.0,97485
1415,1413,1414,390.0,17925771,389.0,97485,405.0,60375
1416,1414,1415,389.0,18023235,405.0,60375,334.0,74555
1417,1415,1416,405.0,17934975,334.0,74555,335.0,97482
1418,1416,1417,334.0,17949155,335.0,97482,351.0,126056
1419,1417,1418,335.0,18046668,351.0,126056,586.0,35191
1420,1418,1419,351.0,18000656,586.0,35191,582.0,635327
1421,1419,1420,586.0,19958135,582.0,635327,570.0,313289
1422,1420,1421,582.0,100250047,570.0,313289,573.0,100577
1423,1421,1422,570.0,85035049,573.0,100577,556.0,29519
1424,1422,1423,573.0,18280527,556.0,29519,556.0,99461
1425,1423,1424,556.0,18142447,556.0,99461,556.0,99461
1426,1424,1425,556.0,18241908,556.0,99461,519.0,89649
1427,1425,1426,556.0,18341369,519.0,89649,519.0,99126
1428,1426,1427,519.0,18202577,519.0,99126,464.0,78824
1429,1427,1428,519.0,18301703,464.0,78824,439.0,58874
1430,1428,1429,464.0,18191752,439.0,58874,441.0,97495
1431,1429,1430,439.0,18171802,441.0,97495,457.0,119740
1432,1430,1431,441.0,18269323,457.0,119740,387.0,82037
1433,1431,1432,457.0,18232668,387.0,82037,393.0,100609
1434,1432,1433,387.0,18194965,393.0,100609,333.0,7951
1435,1433,1434,393.0,18882561,333.0,7951,335.0,97520
1436,1434,1435,333.0,18120879,335.0,97520,336.0,97486
1437,1435,1436,335.0,18218446,336.0,97486,300.0,62275
1438,1436,1437,336.0,18315938,300.0,62275,586.0,140140
1439,1437,1438,300.0,90626915,586.0,140140,582.0,1276970
1440,1438,1439,586.0,20325228,582.0,1276970,573.0,98925
1441,1439,1440,582.0,102202410,573.0,98925,570.0,470481
1442,1440,1441,573.0,18450181,570.0,470481,543.0,285995
1443,1441,1442,570.0,86769551,543.0,285995,543.0,465095
1444,1442,1443,543.0,86122515,543.0,465095,498.0,71165
1445,1443,1444,543.0,86587610,498.0,71165,498.0,495592
1446,1444,1445,498.0,85907685,498.0,495592,519.0,99136
1447,1445,1446,498.0,86403277,519.0,99136,464.0,206610
1448,1446,1447,519.0,18571478,464.0,206610,440.0,89809
1449,1447,1448,464.0,18557866,440.0,89809,442.0,97472
1450,1448,1449,440.0,18441065,442.0,97472,389.0,15518
1451,1449,1450,442.0,18538566,389.0,15518,389.0,97501
1452,1450,1451,389.0,18366774,389.0,97501,388.0,97498
1453,1451,1452,389.0,18464275,388.0,97498,334.0,38904
1454,1452,1453,388.0,18561718,334.0,38904,335.0,97481
1455,1453,1454,334.0,18390160,335.0,97481,333.0,97510
1456,1454,1455,335.0,18487673,333.0,97510,300.0,683682
1457,1455,1456,333.0,18585166,300.0,683682,586.0,245084
1458,1456,1457,300.0,92439962,586.0,245084,573.0,30249
1459,1457,1458,586.0,20692316,573.0,30249,570.0,470624
1460,1458,1459,573.0,18619833,570.0,470624,573.0,100599
1461,1459,1460,570.0,87563134,573.0,100599,543.0,432578
1462,1460,1461,573.0,18821003,543.0,432578,543.0,466187
1463,1461,1462,543.0,87383858,543.0,466187,498.0,228439
1464,1462,1463,543.0,87850045,498.0,228439,498.0,495592
1465,1463,1464,498.0,87179719,498.0,495592,482.0,106761
1466,1464,1465,498.0,87675311,482.0,106761,439.0,23236
1467,1465,1466,482.0,18696345,439.0,23236,441.0,97503
1468,1466,1467,439.0,18612820,441.0,97503,439.0,97484
1469,1467,1468,441.0,18710337,439.0,97484,387.0,46426
1470,1468,1469,439.0,18807782,387.0,46426,390.0,97487
1471,1469,1470,387.0,18636010,390.0,97487,405.0,23726
1472,1470,1471,390.0,18733509,405.0,23726,335.0,69861
1473,1471,1472,405.0,18613310,335.0,69861,336.0,97468
1474,1472,1473,335.0,18659445,336.0,97468,351.0,106996
1475,1473,1474,336.0,18756926,351.0,106996,586.0,19159
1476,1474,1475,351.0,18696580,586.0,19159,582.0,537310
1477,1475,1476,586.0,20728535,582.0,537310,573.0,62136
1478,1476,1477,582.0,104084190,573.0,62136,573.0,100607
1479,1477,1478,573.0,18890048,573.0,100607,556.0,24717
1480,1478,1479,573.0,18990655,556.0,24717,556.0,99461
1481,1479,1480,556.0,18852629,556.0,99461,543.0,465034
1482,1480,1481,556.0,18952090,543.0,465034,519.0,84827
1483,1481,1482,543.0,89111394,519.0,84827,498.0,495676
1484,1482,1483,519.0,18912739,498.0,495676,464.0,59302
1485,1483,1484,498.0,88947356,464.0,59302,440.0,54173
1486,1484,1485,464.0,18887214,440.0,54173,442.0,97503
1487,1485,1486,440.0,18882085,442.0,97503,457.0,83364
1488,1486,1487,442.0,18979603,457.0,83364,388.0,77343
1489,1487,1488,457.0,18911276,388.0,77343,387.0,97474
1490,1488,1489,388.0,18905255,387.0,97474,334.0,3251
1491,1489,1490,387.0,19002700,334.0,3251,335.0,97478
1492,1490,1491,334.0,18831163,335.0,97478,333.0,97506
1493,1491,1492,335.0,18928676,333.0,97506,351.0,231771
1494,1492,1493,333.0,19026168,351.0,231771,586.0,124108
1495,1493,1494,351.0,19059683,586.0,124108,582.0,1178952
1496,1494,1495,586.0,21095628,582.0,1178952,570.0,439729
1497,1495,1496,582.0,106036552,570.0,439729,573.0,100577
1498,1496,1497,570.0,89620529,573.0,100577,556.0,56250
1499,1497,1498,573.0,19260871,556.0,56250,556.0,99461
1500,1498,1499,556.0,19122490,556.0,99461,519.0,17150
1501,1499,1500,556.0,19221951,519.0,17150,519.0,99126
1502,1500,1501,519.0,19083390,519.0,99126,519.0,99126
1503,1501,1502,519.0,19182516,519.0,99126,464.0,187095
1504,1502,1503,519.0,19281642,464.0,187095,441.0,85121
1505,1503,1504,464.0,19253335,441.0,85121,439.0,97510
1506,1504,1505,441.0,19151361,439.0,97510,390.0,10817
1507,1505,1506,439.0,19248814,390.0,10817,389.0,97488
1508,1506,1507,390.0,19077057,389.0,97488,389.0,97501
1509,1507,1508,389.0,19174516,389.0,97501,335.0,34215
1510,1508,1509,389.0,19272017,335.0,34215,336.0,97478
1511,1509,1510,335.0,19100455,336.0,97478,334.0,97524
1512,1510,1511,336.0,19197942,334.0,97524,300.0,588785
1513,1511,1512,334.0,19295452,300.0,588785,586.0,229058
1514,1512,1513,300.0,95919985,586.0,229058,570.0,118571
1515,1513,1514,586.0,21462722,570.0,118571,573.0,100600
1516,1514,1515,570.0,90414131,573.0,100600,570.0,470488
1517,1515,1516,573.0,19430526,570.0,470488,543.0,411002
1518,1516,1517,570.0,91355038,543.0,411002,556.0,99453
1519,1517,1518,543.0,90706562,556.0,99453,519.0,48599
1520,1518,1519,556.0,19491813,519.0,48599,519.0,99126
1521,1519,1520,519.0,19353167,519.0,99126,482.0,69278
1522,1520,1521,519.0,19452293,482.0,69278,439.0,18479
1523,1521,1522,482.0,19373846,439.0,18479,441.0,97471
1524,1522,1523,439.0,19323047,441.0,97471,440.0,97507
1525,1523,1524,441.0,19420577,440.0,97507,387.0,41674
1526,1524,1525,440.0,19518077,387.0,41674,387.0,97516
1527,1525,1526,387.0,19346242,387.0,97516,390.0,97509
1528,1526,1527,387.0,19443758,390.0,97509,335.0,65116
1529,1527,1528,390.0,19541267,335.0,65116,333.0,97509
1530,1528,1529,335.0,19369684,333.0,97509,351.0,87946
1531,1529,1530,333.0,19467177,351.0,87946,586.0,3136
1532,1530,1531,351.0,19392514,586.0,3136,582.0,439348
1533,1531,1532,586.0,21498944,582.0,439348,573.0,57283
1534,1532,1533,582.0,107918388,573.0,57283,570.0,470638
1535,1533,1534,573.0,19600179,570.0,470638,543.0,92495
1536,1534,1535,570.0,92148628,543.0,92495,543.0,465095
1537,1535,1536,543.0,91502815,543.0,465095,543.0,466187
1538,1536,1537,543.0,91967910,543.0,466187,498.0,361499
1539,1537,1538,543.0,92434097,498.0,361499,519.0,99131
1540,1538,1539,498.0,91771819,519.0,99131,464.0,39787
1541,1539,1540,519.0,19722069,464.0,39787,440.0,49422
1542,1540,1541,464.0,19582683,440.0,49422,445.0,100611
1543,1541,1542,440.0,19592318,445.0,100611,457.0,47003
1544,1542,1543,445.0,20324995,457.0,47003,389.0,72659
1545,1543,1544,457.0,19589899,389.0,72659,388.0,97500
1546,1544,1545,389.0,19615555,388.0,97500,405.0,227006
1547,1545,1546,388.0,19712998,405.0,227006,336.0,96046
1548,1546,1547,405.0,19769902,336.0,96046,334.0,97521
1549,1547,1548,336.0,19638942,334.0,97521,351.0,212718
1550,1548,1549,334.0,19736455,351.0,212718,586.0,108082
1551,1549,1550,351.0,19755614,586.0,108082,582.0,1080972
1552,1550,1551,586.0,21866034,582.0,1080972,573.0,89171
1553,1551,1552,582.0,109870732,573.0,89171,573.0,100607
1554,1552,1553,573.0,19870395,573.0,100607,556.0,51451
1555,1553,1554,573.0,19971002,556.0,51451,543.0,465026
1556,1554,1555,556.0,19832675,543.0,465026,498.0,23192
1557,1555,1556,543.0,93230356,498.0,23192,498.0,495592
1558,1556,1557,498.0,92548272,498.0,495592,498.0,495592
1559,1557,1558,498.0,93043864,498.0,495592,464.0,167576
1560,1558,1559,498.0,93539456,464.0,167576,441.0,80372
1561,1559,1560,464.0,19948800,441.0,80372,440.0,97522
1562,1560,1561,441.0,19861596,440.0,97522,387.0,6070
1563,1561,1562,440.0,19959098,387.0,6070,390.0,97498
1564,1562,1563,387.0,19787294,390.0,97498,389.0,97490
1565,1563,1564,390.0,19884798,389.0,97490,335.0,29464
1566,1564,1565,389.0,19982254,335.0,29464,333.0,97506
1567,1565,1566,335.0,19810688,333.0,97506,334.0,97479
1568,1566,1567,333.0,19908180,334.0,97479,300.0,493872
1569,1567,1568,334.0,20005679,300.0,493872,586.0,213029
1570,1568,1569,300.0,99399992,586.0,213029,573.0,20496
1571,1569,1570,586.0,22233125,573.0,20496,570.0,470488
1572,1570,1571,573.0,20040048,570.0,470488,573.0,100580
1573,1571,1572,570.0,94206028,573.0,100580,556.0,82984
1574,1572,1573,573.0,20241218,556.0,82984,556.0,99461
1575,1573,1574,556.0,20102536,556.0,99461,519.0,43780
1576,1574,1575,556.0,20201997,519.0,43780,498.0,495653
1577,1575,1576,519.0,20063332,498.0,495653,482.0,31790
1578,1576,1577,498.0,94315913,482.0,31790,440.0,13790
1579,1577,1578,482.0,20051342,440.0,13790,416.0,48762
1580,1578,1579,440.0,20033342,416.0,48762,440.0,97467
1581,1579,1580,416.0,10065451,440.0,97467,388.0,36987
1582,1580,1581,440.0,20228309,388.0,36987,387.0,97482
1583,1581,1582,388.0,20056539,387.0,97482,393.0,100634
1584,1582,1583,387.0,20153986,393.0,100634,336.0,60399
1585,1583,1584,393.0,20904794,336.0,60399,334.0,97523
1586,1584,1585,336.0,20079951,334.0,97523,351.0,68891
1587,1585,1586,334.0,20177463,351.0,68891,300.0,1115308
1588,1586,1587,351.0,20088443,300.0,1115308,582.0,341359
1589,1587,1588,300.0,101213068,582.0,341359,570.0,245022
1590,1588,1589,582.0,111752559,570.0,245022,573.0,100602
1591,1589,1590,570.0,94999622,573.0,100602,543.0,70921
1592,1590,1591,573.0,20410872,543.0,70921,556.0,99452
1593,1591,1592,543.0,94825521,556.0,99452,556.0,99461
1594,1592,1593,556.0,20372398,556.0,99461,519.0,75229
1595,1593,1594,556.0,20471859,519.0,75229,519.0,99126
1596,1594,1595,519.0,20333109,519.0,99126,464.0,20276
1597,1595,1596,519.0,20432235,464.0,20276,441.0,44741
1598,1596,1597,464.0,20278156,441.0,44741,439.0,97484
1599,1597,1598,441.0,20302621,439.0,97484,457.0,10649
1600,1598,1599,439.0,20400066,457.0,10649,389.0,67919
1601,1599,1600,457.0,20268529,389.0,67919,388.0,97468
1602,1600,1601,389.0,20325799,388.0,97468,405.0,190378
1603,1601,1602,388.0,20423238,405.0,190378,333.0,91312
1604,1602,1603,405.0,20448258,333.0,91312,334.0,97484
1605,1603,1604,333.0,20349192,334.0,97484,351.0,193668
1606,1604,1605,334.0,20446690,351.0,193668,586.0,92059
1607,1605,1606,351.0,20451548,586.0,92059,582.0,983010
1608,1606,1607,586.0,22636443,582.0,983010,573.0,84318
1609,1607,1608,582.0,113704930,573.0,84318,570.0,470659
1610,1608,1609,573.0,20580526,570.0,470659,543.0,217517
1611,1609,1610,570.0,96734129,543.0,217517,546.0,7962
1612,1610,1611,543.0,96086877,546.0,7962,519.0,7543
1613,1611,1612,546.0,1664602,519.0,7543,519.0,99135
1614,1612,1613,519.0,20503751,519.0,99135,519.0,99126
1615,1613,1614,519.0,20602886,519.0,99126,464.0,148067
1616,1614,1615,519.0,20702012,464.0,148067,442.0,75677
1617,1615,1616,464.0,20644275,442.0,75677,440.0,97487
1618,1616,1617,442.0,20571885,440.0,97487,387.0,1320
1619,1617,1618,440.0,20669335,387.0,1320,393.0,100634
1620,1618,1619,387.0,20497528,393.0,100634,390.0,97522
1621,1619,1620,393.0,21259418,390.0,97522,336.0,24752
1622,1620,1621,390.0,20692558,336.0,24752,334.0,97524
1623,1621,1622,336.0,20520960,334.0,97524,335.0,97507
1624,1622,1623,334.0,20618470,335.0,97507,300.0,398993
1625,1623,1624,335.0,20715979,300.0,398993,586.0,197006
1626,1624,1625,300.0,102880033,586.0,197006,570.0,72917
1627,1625,1626,586.0,23003534,570.0,72917,573.0,100583
1628,1626,1627,570.0,97057037,573.0,100583,573.0,100607
1629,1627,1628,573.0,20850743,573.0,100607,543.0,365208
1630,1628,1629,573.0,20951350,543.0,365208,543.0,465095
1631,1629,1630,543.0,97349328,543.0,465095,498.0,156266
1632,1630,1631,543.0,97814423,498.0,156266,519.0,99129
1633,1631,1632,498.0,97140386,519.0,99129,519.0,99437
1634,1632,1633,519.0,20872663,519.0,99437,441.0,9107
1635,1633,1634,519.0,20972100,441.0,9107,439.0,97507
1636,1634,1635,441.0,20743643,439.0,97507,441.0,97500
1637,1635,1636,439.0,20841095,441.0,97500,388.0,32243
1638,1636,1637,441.0,20938614,388.0,32243,388.0,97507
1639,1637,1638,388.0,20766779,388.0,97507,387.0,97495
1640,1638,1639,388.0,20864286,387.0,97495,333.0,55664
1641,1639,1640,387.0,20961735,333.0,55664,334.0,97485
1642,1640,1641,333.0,20790200,334.0,97485,351.0,49841
1643,1641,1642,334.0,20887697,351.0,49841,300.0,1020431
1644,1642,1643,351.0,20784377,300.0,1020431,582.0,243397
1645,1643,1644,300.0,104693111,582.0,243397,573.0,47533
1646,1644,1645,582.0,115586757,573.0,47533,570.0,470524
1647,1645,1646,573.0,21020397,570.0,470524,556.0,10259
1648,1646,1647,570.0,98791544,556.0,10259,556.0,99461
1649,1647,1648,556.0,20983123,556.0,99461,556.0,99461
1650,1648,1649,556.0,21082584,556.0,99461,498.0,313559
1651,1649,1650,556.0,21182045,498.0,313559,498.0,495592
1652,1650,1651,498.0,98412439,498.0,495592,464.0,763
1653,1651,1652,498.0,98908031,464.0,763,441.0,39996
1654,1652,1653,464.0,20973627,441.0,39996,440.0,97506
1655,1653,1654,441.0,21012860,440.0,97506,442.0,97492
1656,1654,1655,440.0,21110360,442.0,97492,390.0,63236
1657,1655,1656,442.0,21207872,390.0,63236,389.0,97500
1658,1656,1657,390.0,21036100,389.0,97500,405.0,153744
1659,1657,1658,389.0,21133542,405.0,153744,330.0,1397
1660,1658,1659,405.0,21126608,330.0,1397,335.0,97510
1661,1659,1660,330.0,339669,335.0,97510,351.0,174617
1662,1660,1661,335.0,21156988,351.0,174617,586.0,76035
1663,1661,1662,351.0,21147481,586.0,76035,582.0,885041
1664,1662,1663,586.0,23406851,582.0,885041,567.0,6402
1665,1663,1664,582.0,117539121,567.0,6402,573.0,100606
1666,1664,1665,567.0,1716982,573.0,100606,556.0,41792
1667,1665,1666,573.0,21391220,556.0,41792,556.0,99461
1668,1666,1667,556.0,21252984,556.0,99461,518.0,12558
1669,1667,1668,556.0,21352445,518.0,12558,498.0,470834
1670,1668,1669,518.0,1723138,498.0,470834,498.0,495592
1671,1669,1670,498.0,99684474,498.0,495592,464.0,128551
1672,1670,1671,498.0,100180066,464.0,128551,439.0,70926
1673,1671,1672,464.0,21339743,439.0,70926,441.0,97512
1674,1672,1673,439.0,21282118,441.0,97512,457.0,212396
1675,1673,1674,441.0,21379632,457.0,212396,387.0,94079
1676,1674,1675,457.0,21423588,387.0,94079,393.0,100660
1677,1675,1676,387.0,21305271,393.0,100660,333.0,20010
1678,1676,1677,393.0,22093236,333.0,20010,334.0,97482
1679,1677,1678,333.0,21231202,334.0,97482,335.0,97471
1680,1678,1679,334.0,21328700,335.0,97471,300.0,304096
1681,1679,1680,335.0,21426215,300.0,304096,586.0,180979
1682,1680,1681,300.0,106360056,586.0,180979,573.0,10746
1683,1681,1682,586.0,23773939,573.0,10746,572.0,8112
1684,1682,1683,573.0,21460266,572.0,8112,567.0,8111
1685,1683,1684,572.0,1738777,567.0,8111,543.0,342534
1686,1684,1685,567.0,1746886,543.0,342534,543.0,466187
1687,1685,1686,543.0,100670934,543.0,466187,519.0,34181
1688,1686,1687,543.0,101137121,519.0,34181,519.0,99126
1689,1687,1688,519.0,21483701,519.0,99126,508.0,9163
1690,1688,1689,519.0,21582827,508.0,9163,441.0,4359
1691,1689,1690,508.0,1738963,441.0,4359,440.0,97521
1692,1690,1691,441.0,21453879,440.0,97521,442.0,97524
1693,1691,1692,440.0,21551381,442.0,97524,389.0,27560
1694,1692,1693,442.0,21648910,389.0,27560,388.0,97471
1695,1693,1694,389.0,21477080,388.0,97471,388.0,97507
1696,1694,1695,388.0,21574519,388.0,97507,334.0,50962
1697,1695,1696,388.0,21672026,334.0,50962,335.0,97507
1698,1696,1697,334.0,21500482,335.0,97507,351.0,30785
1699,1697,1698,335.0,21597991,351.0,30785,300.0,925524
1700,1698,1699,351.0,21480305,300.0,925524,582.0,145403
1701,1699,1700,300.0,108173124,582.0,145403,570.0,199371
1702,1700,1701,582.0,119420923,570.0,199371,573.0,100585
1703,1701,1702,570.0,101642531,573.0,100585,543.0,25122
1704,1702,1703,573.0,21831089,543.0,25122,543.0,465095
1705,1703,1704,543.0,101468282,543.0,465095,543.0,465095
1706,1704,1705,543.0,101933377,543.0,465095,519.0,65630
1707,1705,1706,543.0,102398472,519.0,65630,519.0,99126
1708,1706,1707,519.0,21753478,519.0,99126,482.0,202303
1709,1707,1708,519.0,21852604,482.0,202303,416.0,17646
1710,1708,1709,482.0,21890151,416.0,17646,433.0,1573
1711,1709,1710,416.0,10861570,433.0,1573,439.0,97518
1712,1710,1711,433.0,351946,439.0,97518,393.0,60396
1713,1711,1712,439.0,21918108,393.0,60396,389.0,97466
1714,1712,1713,393.0,22447852,389.0,97466,405.0,117100
1715,1713,1714,389.0,21843780,405.0,117100,334.0,81858
1716,1714,1715,405.0,21804948,334.0,81858,335.0,97471
1717,1715,1716,334.0,21769706,335.0,97471,351.0,155559
1718,1716,1717,335.0,21867221,351.0,155559,586.0,60006
1719,1717,1718,351.0,21843407,586.0,60006,582.0,787042
1720,1718,1719,586.0,24177254,582.0,787042,573.0,74566
1721,1719,1720,582.0,121373282,573.0,74566,570.0,470531
1722,1720,1721,573.0,22000742,570.0,470531,556.0,36991
1723,1721,1722,570.0,103377031,556.0,36991,556.0,99461
1724,1722,1723,556.0,21963167,556.0,99461,543.0,465019
1725,1723,1724,556.0,22062628,543.0,465019,519.0,97079
1726,1724,1725,543.0,103660919,519.0,97079,519.0,99126
1727,1725,1726,519.0,22023255,519.0,99126,464.0,109037
1728,1726,1727,519.0,22122381,464.0,109037,439.0,66168
1729,1727,1728,464.0,22035213,439.0,66168,441.0,97479
1730,1728,1729,439.0,21992344,441.0,97479,457.0,176037
1731,1729,1730,441.0,22089871,457.0,176037,388.0,89391
1732,1730,1731,457.0,22102213,388.0,89391,387.0,97499
1733,1731,1732,388.0,22015567,387.0,97499,334.0,15314
1734,1732,1733,387.0,22113017,334.0,15314,335.0,97508
1735,1733,1734,334.0,21941490,335.0,97508,311.0,48756
1736,1734,1735,335.0,22038998,311.0,48756,300.0,209203
1737,1735,1736,311.0,11068264,300.0,209203,586.0,164953
1738,1736,1737,300.0,109840083,586.0,164953,571.0,474
1739,1737,1738,586.0,24544345,571.0,474,573.0,100565
1740,1738,1739,571.0,1787934,573.0,100565,573.0,100607
1741,1739,1740,573.0,22270959,573.0,100607,556.0,68526
1742,1740,1741,573.0,22371566,556.0,68526,556.0,99461
1743,1741,1742,556.0,22233030,556.0,99461,498.0,108311
1744,1742,1743,556.0,22332491,498.0,108311,498.0,495592
1745,1743,1744,498.0,103780991,498.0,495592,519.0,99129
1746,1744,1745,498.0,104276583,519.0,99129,464.0,236831
1747,1745,1746,519.0,22392159,464.0,236831,440.0,97113
1748,1746,1747,464.0,22401335,440.0,97113,445.0,100668
1749,1747,1748,440.0,22261617,445.0,100668,389.0,22820
1750,1748,1749,445.0,23080444,389.0,22820,389.0,97501
1751,1749,1750,389.0,22187324,389.0,97501,388.0,97482
1752,1750,1751,389.0,22284825,388.0,97482,334.0,46213
1753,1751,1752,388.0,22382266,334.0,46213,335.0,97475
1754,1752,1753,334.0,22210717,335.0,97475,351.0,11735
1755,1753,1754,335.0,22308231,351.0,11735,300.0,830647
1756,1754,1755,351.0,22176239,300.0,830647,582.0,47441
1757,1755,1756,300.0,111653167,582.0,47441,573.0,37782
1758,1756,1757,582.0,123255121,573.0,37782,570.0,470402
1759,1757,1758,573.0,22440614,570.0,470402,543.0,2468
1760,1758,1759,570.0,105434452,543.0,2468,556.0,99459
1761,1759,1760,543.0,104789908,556.0,99459,556.0,99442
1762,1760,1761,556.0,22502911,556.0,99442,498.0,265597
1763,1761,1762,556.0,22602353,498.0,265597,498.0,495592
1764,1762,1763,498.0,105053037,498.0,495592,482.0,164821
1765,1763,1764,498.0,105548629,482.0,164821,439.0,30541
1766,1764,1765,482.0,22567653,439.0,30541,441.0,97496
1767,1765,1766,439.0,22433373,441.0,97496,439.0,97474
1768,1766,1767,441.0,22530894,439.0,97474,387.0,53727
1769,1767,1768,439.0,22628336,387.0,53727,370.0,45600
1770,1768,1769,387.0,22456559,370.0,45600,405.0,80471
1771,1769,1770,370.0,10549487,405.0,80471,335.0,77174
1772,1770,1771,405.0,22483303,335.0,77174,318.0,45601
1773,1771,1772,335.0,22480006,318.0,45601,351.0,136508
1774,1772,1773,318.0,10560450,351.0,136508,586.0,43982
1775,1773,1774,351.0,22539340,586.0,43982,582.0,689074
1776,1774,1775,586.0,24947662,582.0,689074,570.0,325839
1777,1775,1776,582.0,125207474,570.0,325839,573.0,100589
1778,1776,1777,570.0,106228039,573.0,100589,543.0,150152
1779,1777,1778,573.0,22811437,543.0,150152,543.0,465095
1780,1778,1779,543.0,106052352,543.0,465095,543.0,465095
1781,1779,1780,543.0,106517447,543.0,465095,519.0,92261
1782,1780,1781,543.0,106982542,519.0,92261,498.0,495631
1783,1781,1782,519.0,22733421,498.0,495631,464.0,89525
1784,1782,1783,498.0,106820671,464.0,89525,440.0,61480
1785,1783,1784,464.0,22730685,440.0,61480,442.0,97483
1786,1784,1785,440.0,22702640,442.0,97483,457.0,139679
1787,1785,1786,442.0,22800147,457.0,139679,388.0,84644
1788,1786,1787,457.0,22780839,388.0,84644,388.0,97507
1789,1787,1788,388.0,22725804,388.0,97507,334.0,10561
1790,1788,1789,388.0,22823311,334.0,10561,335.0,97473
1791,1789,1790,334.0,22651721,335.0,97473,333.0,97499
1792,1790,1791,335.0,22749235,333.0,97499,300.0,114313
1793,1791,1792,333.0,22846725,300.0,114313,586.0,148928
1794,1792,1793,300.0,113320113,586.0,148928,573.0,995
1795,1793,1794,586.0,25314752,573.0,995,573.0,100607
1796,1794,1795,573.0,22880483,573.0,100607,570.0,470559
1797,1795,1796,573.0,22981090,570.0,470559,556.0,63726
1798,1796,1797,570.0,107962539,556.0,63726,543.0,465019
1799,1797,1798,556.0,22943214,543.0,465019,519.0,24584
1800,1798,1799,543.0,107779889,519.0,24584,519.0,99126
1801,1799,1800,519.0,22904072,519.0,99126,519.0,99126
1802,1800,1801,519.0,23003198,519.0,99126,464.0,217318
1803,1801,1802,519.0,23102324,464.0,217318,441.0,92429
1804,1802,1803,464.0,23096806,441.0,92429,439.0,97498
1805,1803,1804,441.0,22971917,439.0,97498,370.0,8482
1806,1804,1805,439.0,23069366,370.0,8482,389.0,97475
1807,1805,1806,370.0,10710178,389.0,97475,389.0,97501
1808,1806,1807,389.0,22995067,389.0,97501,335.0,41525
1809,1807,1808,389.0,23092568,335.0,41525,318.0,45613
1810,1808,1809,335.0,22921013,318.0,45613,334.0,97517
1811,1809,1810,318.0,10766739,334.0,97517,300.0,735751
1812,1810,1811,334.0,23116009,300.0,735751,586.0,253878
1813,1811,1812,300.0,115133191,586.0,253878,570.0,153729
1814,1812,1813,586.0,25681846,570.0,153729,573.0,100569
1815,1813,1814,570.0,108285449,573.0,100569,573.0,100607
1816,1814,1815,573.0,23251307,573.0,100607,556.0,95261
1817,1815,1816,573.0,23351914,556.0,95261,556.0,99461
1818,1816,1817,556.0,23213077,556.0,99461,519.0,56035
1819,1817,1818,556.0,23312538,519.0,56035,519.0,99126
1820,1818,1819,519.0,23173851,519.0,99126,482.0,127345
1821,1819,1820,519.0,23272977,482.0,127345,440.0,25852
1822,1820,1821,482.0,23245161,440.0,25852,441.0,97466
1823,1821,1822,440.0,23143668,441.0,97466,440.0,97501
1824,1822,1823,441.0,23241136,440.0,97501,388.0,49041
1825,1823,1824,440.0,23338635,388.0,49041,387.0,97513
1826,1824,1825,388.0,23166857,387.0,97513,405.0,43844
1827,1825,1826,387.0,23264309,405.0,43844,335.0,72430
1828,1826,1827,405.0,23161660,335.0,72430,333.0,97506
1829,1827,1828,335.0,23190246,333.0,97506,351.0,117459
1830,1828,1829,333.0,23287738,351.0,117459,586.0,27960
1831,1829,1830,351.0,23235275,586.0,27960,582.0,591118
1832,1830,1831,586.0,25718072,582.0,591118,573.0,64818
1833,1831,1832,582.0,129041678,573.0,64818,570.0,470431
1834,1832,1833,573.0,23420962,570.0,470431,556.0,27354
1835,1833,1834,570.0,110019961,556.0,27354,556.0,99445
1836,1834,1835,556.0,23383498,556.0,99445,556.0,99458
1837,1835,1836,556.0,23482943,556.0,99458,498.0,398681
1838,1836,1837,556.0,23582401,498.0,398681,519.0,99128
1839,1837,1838,498.0,109645161,519.0,99128,464.0,70017
1840,1838,1839,519.0,23542754,464.0,70017,440.0,56735
1841,1839,1840,464.0,23426161,440.0,56735,439.0,97524
1842,1840,1841,440.0,23412879,439.0,97524,457.0,103332
1843,1841,1842,439.0,23510398,457.0,103332,389.0,79968
1844,1842,1843,457.0,23459476,389.0,79968,388.0,97492
1845,1843,1844,389.0,23436112,388.0,97492,335.0,5879
1846,1844,1845,388.0,23533554,335.0,5879,336.0,97473
1847,1845,1846,335.0,23362023,336.0,97473,334.0,97522
1848,1846,1847,336.0,23459507,334.0,97522,300.0,19454
1849,1847,1848,334.0,23557020,300.0,19454,586.0,132908
1850,1848,1849,300.0,116800174,586.0,132908,582.0,1232754
1851,1849,1850,586.0,26085164,582.0,1232754,570.0,452312
1852,1850,1851,582.0,130994034,570.0,452312,573.0,100593
1853,1851,1852,570.0,110813552,573.0,100593,543.0,275181
1854,1852,1853,573.0,23791785,543.0,275181,543.0,465095
1855,1853,1854,543.0,110636421,543.0,465095,498.0,60357
1856,1854,1855,543.0,111101516,498.0,60357,498.0,495592
1857,1855,1856,498.0,110421597,498.0,495592,498.0,495592
1858,1856,1857,498.0,110917189,498.0,495592,464.0,197803
1859,1857,1858,498.0,111412781,464.0,197803,441.0,87683
1860,1858,1859,464.0,23792275,441.0,87683,440.0,97516
1861,1859,1860,441.0,23682155,440.0,97516,387.0,13373
1862,1860,1861,440.0,23779656,387.0,13373,390.0,97475
1863,1861,1862,387.0,23607845,390.0,97475,389.0,97481
1864,1862,1863,390.0,23705339,389.0,97481,335.0,36778
1865,1863,1864,389.0,23802809,335.0,36778,333.0,97503
1866,1864,1865,335.0,23631250,333.0,97503,334.0,97476
1867,1865,1866,333.0,23728741,334.0,97476,300.0,640858
1868,1866,1867,334.0,23826240,300.0,640858,586.0,237852
1869,1867,1868,300.0,118613218,586.0,237852,573.0,28030
1870,1868,1869,586.0,26452252,573.0,28030,573.0,100607
1871,1869,1870,573.0,23860830,573.0,100607,570.0,470581
1872,1870,1871,573.0,23961437,570.0,470581,543.0,422855
1873,1871,1872,570.0,112548041,543.0,422855,543.0,465095
1874,1872,1873,543.0,111898855,543.0,465095,519.0,51214
1875,1873,1874,543.0,112363950,519.0,51214,498.0,495608
1876,1874,1875,519.0,23884014,498.0,495608,482.0,89848
1877,1875,1876,498.0,112189228,482.0,89848,440.0,21096
1878,1876,1877,482.0,23922648,440.0,21096,445.0,100646
1879,1877,1878,440.0,23853896,445.0,100646,441.0,97521
1880,1878,1879,445.0,24724070,441.0,97521,388.0,44288
1881,1879,1880,441.0,24048927,388.0,44288,384.0,1573
1882,1880,1881,388.0,23877088,384.0,1573,405.0,7199
1883,1881,1882,384.0,386687,405.0,7199,318.0,31682
1884,1882,1883,405.0,23839999,318.0,31682,334.0,97516
1885,1883,1884,318.0,11179282,334.0,97516,351.0,98400
1886,1884,1885,334.0,23998020,351.0,98400,586.0,11929
1887,1885,1886,351.0,23931200,586.0,11929,582.0,493107
1888,1886,1887,586.0,26488473,582.0,493107,570.0,280181
1889,1887,1888,582.0,132875827,570.0,280181,573.0,100571
1890,1888,1889,570.0,112870941,573.0,100571,556.0,22533
1891,1889,1890,573.0,24231653,556.0,22533,556.0,99461
1892,1890,1891,556.0,24093661,556.0,99461,556.0,99461
1893,1891,1892,556.0,24193122,556.0,99461,519.0,82664
1894,1892,1893,556.0,24292583,519.0,82664,519.0,99126
1895,1893,1894,519.0,24153792,519.0,99126,464.0,50502
1896,1894,1895,519.0,24252918,464.0,50502,441.0,52051
1897,1895,1896,464.0,24121630,441.0,52051,439.0,97476
1898,1896,1897,441.0,24123179,439.0,97476,457.0,66969
1899,1897,1898,439.0,24220622,457.0,66969,389.0,75225
1900,1898,1899,457.0,24138097,389.0,75225,389.0,97501
1901,1899,1900,389.0,24146353,389.0,97501,335.0,1132
1902,1900,1901,389.0,24243854,335.0,1132,333.0,97509
1903,1901,1902,335.0,24072260,333.0,97509,334.0,97481
1904,1902,1903,333.0,24169753,334.0,97481,351.0,223181
1905,1903,1904,334.0,24267251,351.0,223181,586.0,116882
1906,1904,1905,351.0,24294309,586.0,116882,582.0,1134774
1907,1905,1906,586.0,26855570,582.0,1134774,573.0,91853
1908,1906,1907,582.0,134828214,573.0,91853,570.0,470452
1909,1907,1908,573.0,24401309,570.0,470452,556.0,54088
1910,1908,1909,570.0,114605462,556.0,54088,556.0,99442
1911,1909,1910,556.0,24363544,556.0,99442,519.0,14989
1912,1910,1911,556.0,24462986,519.0,14989,519.0,99126
1913,1911,1912,519.0,24324445,519.0,99126,519.0,99126
1914,1912,1913,519.0,24423571,519.0,99126,464.0,178298
1915,1913,1914,519.0,24522697,464.0,178298,442.0,82988
1916,1914,1915,464.0,24487754,442.0,82988,440.0,97485
1917,1915,1916,442.0,24392444,440.0,97485,387.0,8628
1918,1916,1917,440.0,24489897,387.0,8628,387.0,97516
1919,1917,1918,387.0,24318084,387.0,97516,390.0,97509
1920,1918,1919,387.0,24415600,390.0,97509,336.0,32073
1921,1919,1920,390.0,24513109,336.0,32073,334.0,97526
1922,1920,1921,336.0,24341529,334.0,97526,335.0,97508
1923,1921,1922,334.0,24439036,335.0,97508,300.0,546001
1924,1922,1923,335.0,24536544,300.0,546001,586.0,221833
1925,1923,1924,300.0,122093281,586.0,221833,573.0,23180
1926,1924,1925,586.0,27222665,573.0,23180,570.0,470616
1927,1925,1926,573.0,24570964,570.0,470616,573.0,100598
1928,1926,1927,570.0,115399066,573.0,100598,556.0,85623
1929,1927,1928,573.0,24772134,556.0,85623,556.0,99461
1930,1928,1929,556.0,24633407,556.0,99461,498.0,193445
1931,1929,1930,556.0,24732868,498.0,193445,519.0,99126
1932,1930,1931,498.0,115013725,519.0,99126,482.0,52379
1933,1931,1932,519.0,24693348,482.0,52379,441.0,16419
1934,1932,1933,482.0,24600163,441.0,16419,439.0,97501
1935,1933,1934,441.0,24564203,439.0,97501,441.0,97496
1936,1934,1935,439.0,24661653,441.0,97496,389.0,39614
1937,1935,1936,441.0,24759174,389.0,39614,388.0,97502
1938,1936,1937,389.0,24587398,388.0,97502,387.0,97485
1939,1937,1938,388.0,24684842,387.0,97485,333.0,62980
1940,1938,1939,387.0,24782289,333.0,62980,334.0,97485
1941,1939,1940,333.0,24610764,334.0,97485,351.0,79357
1942,1940,1941,334.0,24708261,351.0,79357,300.0,1167433
1943,1941,1942,351.0,24627141,300.0,1167433,582.0,395179
1944,1942,1943,300.0,123906353,582.0,395179,573.0,55069
1945,1943,1944,582.0,136710059,573.0,55069,573.0,100607
1946,1944,1945,573.0,24841181,573.0,100607,543.0,82811
1947,1945,1946,573.0,24941788,543.0,82811,543.0,465095
1948,1946,1947,543.0,116017851,543.0,465095,543.0,465095
1949,1947,1948,543.0,116482946,543.0,465095,498.0,350729
1950,1948,1949,543.0,116948041,498.0,350729,498.0,495592
1951,1949,1950,498.0,116285769,498.0,495592,464.0,30991
1952,1950,1951,498.0,116781361,464.0,30991,441.0,47308
1953,1951,1952,464.0,24817103,441.0,47308,440.0,97501
1954,1952,1953,441.0,24833420,440.0,97501,457.0,30614
1955,1953,1954,440.0,24930919,457.0,30614,390.0,70531
1956,1954,1955,457.0,24816726,390.0,70531,389.0,97491
1957,1955,1956,390.0,24856643,389.0,97491,405.0,210492
1958,1956,1957,389.0,24954097,405.0,210492,334.0,93929
1959,1957,1958,405.0,24996604,334.0,93929,335.0,97508
1960,1958,1959,334.0,24880041,335.0,97508,351.0,204130
1961,1959,1960,335.0,24977550,351.0,204130,586.0,100859
1962,1960,1961,351.0,24990242,586.0,100859,582.0,1036811
1963,1961,1962,586.0,27625979,582.0,1036811,570.0,406669
1964,1962,1963,582.0,138662411,570.0,406669,573.0,100577
1965,1963,1964,570.0,117456469,573.0,100577,556.0,49270
1966,1964,1965,573.0,25212003,556.0,49270,556.0,99461
1967,1965,1966,556.0,25073710,556.0,99461,519.0,10170
1968,1966,1967,556.0,25173171,519.0,10170,498.0,495608
1969,1967,1968,519.0,25034610,498.0,495608,498.0,495592
1970,1968,1969,498.0,117557808,498.0,495592,464.0,158781
1971,1969,1970,498.0,118053400,464.0,158781,439.0,78239
1972,1970,1971,464.0,25183221,439.0,78239,441.0,97510
1973,1971,1972,439.0,25102679,441.0,97510,388.0,3940
1974,1972,1973,441.0,25200194,388.0,3940,387.0,97481
1975,1973,1974,388.0,25028380,387.0,97481,393.0,100631
1976,1974,1975,387.0,25125827,393.0,100631,333.0,27328
1977,1975,1976,393.0,26037015,333.0,27328,334.0,97484
1978,1976,1977,333.0,25051768,334.0,97484,335.0,97472
1979,1977,1978,334.0,25149266,335.0,97472,300.0,451104
1980,1978,1979,335.0,25246780,300.0,451104,586.0,205806
1981,1979,1980,300.0,125573304,586.0,205806,570.0,85500
1982,1980,1981,586.0,27993070,570.0,85500,573.0,100599
1983,1981,1982,570.0,118250060,573.0,100599,570.0,470481
1984,1982,1983,573.0,25381657,570.0,470481,556.0,80820
1985,1983,1984,570.0,119190971,556.0,80820,556.0,99445
1986,1984,1985,556.0,25343588,556.0,99445,519.0,41620
1987,1985,1986,556.0,25443033,519.0,41620,519.0,99126
1988,1986,1987,519.0,25304388,519.0,99126,482.0,14900
1989,1987,1988,519.0,25403514,482.0,14900,441.0,11676
1990,1988,1989,482.0,25277668,441.0,11676,440.0,97522
1991,1989,1990,441.0,25274444,440.0,97522,442.0,97526
1992,1990,1991,440.0,25371946,442.0,97526,389.0,34872
1993,1991,1992,442.0,25469476,389.0,34872,388.0,97467
1994,1992,1993,389.0,25297640,388.0,97467,388.0,97507
1995,1993,1994,388.0,25395079,388.0,97507,333.0,58219
1996,1994,1995,388.0,25492586,333.0,58219,335.0,97510
1997,1995,1996,333.0,25320987,335.0,97510,351.0,60304
1998,1996,1997,335.0,25418558,351.0,60304,300.0,1072541
1999,1997,1998,351.0,25323072,300.0,1072541,582.0,297201
2000,1998,1999,300.0,127386381,582.0,297201,573.0,50215
2001,1999,2000,582.0,140544241,573.0,50215,570.0,470638
2002,2000,2001,573.0,25551311,570.0,470638,556.0,12897
2003,2001,2002,570.0,119984568,556.0,12897,556.0,99461
2004,2002,2003,556.0,25513993,556.0,99461,556.0,99461
2005,2003,2004,556.0,25613454,556.0,99461,519.0,73070
2006,2004,2005,556.0,25712915,519.0,73070,519.0,99126
2007,2005,2006,519.0,25574166,519.0,99126,464.0,11484
2008,2006,2007,519.0,25673292,464.0,11484,423.0,19931
2009,2007,2008,464.0,25512580,423.0,19931,440.0,97468
2010,2008,2009,423.0,11947863,440.0,97468,439.0,97523
2011,2009,2010,440.0,25641158,439.0,97523,393.0,67945
2012,2010,2011,439.0,25738677,393.0,67945,389.0,97466
2013,2011,2012,393.0,26391657,389.0,97466,405.0,173870
2014,2012,2013,389.0,25664344,405.0,173870,334.0,89182
2015,2013,2014,405.0,25674966,334.0,89182,335.0,97478
2016,2014,2015,334.0,25590278,335.0,97478,351.0,185083
2017,2015,2016,335.0,25687792,351.0,185083,586.0,84838
2018,2016,2017,351.0,25686179,586.0,84838,582.0,938862
2019,2017,2018,586.0,28396390,582.0,938862,573.0,82106
2020,2018,2019,582.0,142496622,573.0,82106,573.0,100607
2021,2019,2020,573.0,25821530,573.0,100607,543.0,207847
2022,2020,2021,573.0,25922137,543.0,207847,543.0,465095
2023,2021,2022,543.0,120601927,543.0,465095,519.0,5315
2024,2022,2023,543.0,121067022,519.0,5315,519.0,99205
2025,2023,2024,519.0,25744739,519.0,99205,519.0,99126
2026,2024,2025,519.0,25843944,519.0,99126,464.0,139277
2027,2025,2026,519.0,25943070,464.0,139277,439.0,73491
2028,2026,2027,464.0,25878701,439.0,73491,441.0,97484
2029,2027,2028,439.0,25812915,441.0,97484,457.0,232382
2030,2028,2029,441.0,25910440,457.0,232382,388.0,96708
2031,2029,2030,457.0,25971806,388.0,96708,387.0,97500
2032,2030,2031,388.0,25836132,387.0,97500,333.0,22577
2033,2031,2032,387.0,25933582,333.0,22577,335.0,97516
2034,2032,2033,333.0,25762001,335.0,97516,336.0,97476
2035,2033,2034,335.0,25859570,336.0,97476,300.0,356255
2036,2034,2035,336.0,25957056,300.0,356255,586.0,189788
2037,2035,2036,300.0,129053375,586.0,189788,573.0,13432
2038,2036,2037,586.0,28763484,573.0,13432,570.0,470516
2039,2037,2038,573.0,25991184,570.0,470516,573.0,100584
2040,2038,2039,570.0,122041996,573.0,100584,556.0,76008
2041,2039,2040,573.0,26192354,556.0,76008,543.0,465065
2042,2040,2041,556.0,26053760,543.0,465065,498.0,145512
2043,2041,2042,543.0,122329475,498.0,145512,498.0,495592
2044,2042,2043,498.0,121654352,498.0,495592,519.0,99276
2045,2043,2044,498.0,122149944,519.0,99276,442.0,6983
2046,2044,2045,519.0,26212994,442.0,6983,440.0,97488
2047,2045,2046,442.0,25984735,440.0,97488,416.0,48746
2048,2046,2047,440.0,26082184,416.0,48746,389.0,30134
2049,2047,2048,416.0,13089857,389.0,30134,389.0,97501
2050,2048,2049,389.0,26007886,389.0,97501,388.0,97479
2051,2049,2050,389.0,26105387,388.0,97479,334.0,53534
2052,2050,2051,388.0,26202827,334.0,53534,335.0,97479
2053,2051,2052,334.0,26031286,335.0,97479,351.0,41256
2054,2052,2053,335.0,26128799,351.0,41256,300.0,977674
2055,2053,2054,351.0,26019008,300.0,977674,582.0,199249
2056,2054,2055,300.0,130866434,582.0,199249,570.0,211980
2057,2055,2056,582.0,144378449,570.0,211980,573.0,100604
2058,2056,2057,570.0,122835580,573.0,100604,556.0,8099
2059,2057,2058,573.0,26362006,556.0,8099,556.0,99442
2060,2058,2059,556.0,26224179,556.0,99442,556.0,99461
2061,2059,2060,556.0,26323621,556.0,99461,498.0,302794
2062,2060,2061,556.0,26423082,498.0,302794,498.0,495592
2063,2061,2062,498.0,122926394,498.0,495592,482.0,222905
2064,2062,2063,498.0,123421986,482.0,222905,439.0,37861
2065,2063,2064,482.0,26438985,439.0,37861,441.0,97498
2066,2064,2065,439.0,26253941,441.0,97498,439.0,97477
2067,2065,2066,441.0,26351460,439.0,97477,387.0,61040
2068,2066,2067,439.0,26448903,387.0,61040,363.0,48754
2069,2067,2068,387.0,26277120,363.0,48754,405.0,137235
2070,2068,2069,363.0,13187329,405.0,137235,335.0,84494
2071,2069,2070,405.0,26353315,335.0,84494,336.0,97471
2072,2070,2071,335.0,26300574,336.0,97471,351.0,166029
2073,2071,2072,336.0,26398057,351.0,166029,586.0,68812
2074,2072,2073,351.0,26382109,586.0,68812,582.0,840881
2075,2073,2074,586.0,29166796,582.0,840881,573.0,77251
2076,2074,2075,582.0,146330801,573.0,77251,570.0,470666
2077,2075,2076,573.0,26531659,570.0,470666,556.0,39632
2078,2076,2077,570.0,124570076,556.0,39632,556.0,99461
2079,2077,2078,556.0,26494040,556.0,99461,519.0,236
2080,2078,2079,556.0,26593501,519.0,236,519.0,99464
2081,2079,2080,519.0,26454644,519.0,99464,498.0,495623
2082,2080,2081,519.0,26554108,498.0,495623,464.0,119760
2083,2081,2082,498.0,124694023,464.0,119760,440.0,68797
2084,2082,2083,464.0,26574168,440.0,68797,442.0,97485
2085,2083,2084,440.0,26523205,442.0,97485,457.0,196015
2086,2084,2085,442.0,26620713,457.0,196015,388.0,91957
2087,2085,2086,457.0,26650423,388.0,91957,388.0,97507
2088,2086,2087,388.0,26546365,388.0,97507,334.0,17882
2089,2087,2088,388.0,26643872,334.0,17882,335.0,97478
2090,2088,2089,334.0,26472290,335.0,97478,333.0,97506
2091,2089,2090,335.0,26569804,333.0,97506,300.0,261345
2092,2090,2091,333.0,26667296,300.0,261345,586.0,173759
2093,2091,2092,300.0,132533385,586.0,173759,570.0,39864
2094,2092,2093,586.0,29533887,570.0,39864,573.0,100584
2095,2093,2094,570.0,124892984,573.0,100584,572.0,8112
2096,2094,2095,573.0,26801876,572.0,8112,543.0,332856
2097,2095,2096,572.0,2169552,543.0,332856,556.0,99450
2098,2096,2097,543.0,125185976,556.0,99450,519.0,32023
2099,2097,2098,556.0,26863362,519.0,32023,519.0,99126
2100,2098,2099,519.0,26724759,519.0,99126,519.0,99126
2101,2099,2100,519.0,26823885,519.0,99126,445.0,2306
2102,2100,2101,519.0,26923011,445.0,2306,441.0,97514
2103,2101,2102,445.0,27556098,441.0,97514,439.0,97500
2104,2102,2103,441.0,26792482,439.0,97500,363.0,12728
2105,2103,2104,439.0,26889932,363.0,12728,389.0,97472
2106,2104,2105,363.0,13359096,389.0,97472,389.0,97501
2107,2105,2106,389.0,26815628,389.0,97501,335.0,48846
2108,2106,2107,389.0,26913129,335.0,48846,336.0,97476
2109,2107,2108,335.0,26741582,336.0,97476,351.0,22203
2110,2108,2109,336.0,26839068,351.0,22203,300.0,882782
2111,2109,2110,351.0,26714939,300.0,882782,582.0,101271
2112,2110,2111,300.0,134346462,582.0,101271,573.0,40466
2113,2111,2112,582.0,148212631,573.0,40466,570.0,470531
2114,2112,2113,573.0,26971530,570.0,470531,556.0,3280
2115,2113,2114,570.0,126627491,556.0,3280,543.0,465049
2116,2114,2115,556.0,26934344,543.0,465049,543.0,465095
2117,2115,2116,543.0,126448429,543.0,465095,519.0,63472
2118,2116,2117,543.0,126913524,519.0,63472,519.0,99126
2119,2117,2118,519.0,26994536,519.0,99126,482.0,185417
2120,2118,2119,519.0,27093662,482.0,185417,440.0,33166
2121,2119,2120,482.0,27116481,440.0,33166,442.0,97526
2122,2120,2121,440.0,26964230,442.0,97526,440.0,97499
2123,2121,2122,442.0,27061760,440.0,97499,388.0,56350
2124,2122,2123,440.0,27159197,388.0,56350,387.0,97505
2125,2123,2124,388.0,26987414,387.0,97505,405.0,100601
2126,2124,2125,387.0,27084865,405.0,100601,335.0,79748
2127,2125,2126,405.0,27031665,335.0,79748,333.0,97509
2128,2126,2127,335.0,27010812,333.0,97509,351.0,146978
2129,2127,2128,333.0,27108305,351.0,146978,586.0,52788
2130,2128,2129,351.0,27078042,586.0,52788,582.0,742913
2131,2129,2130,586.0,29937204,582.0,742913,573.0,72355
2132,2130,2131,582.0,150164993,573.0,72355,573.0,100607
2133,2131,2132,573.0,27241747,573.0,100607,556.0,34834
2134,2132,2133,573.0,27342354,556.0,34834,556.0,99442
2135,2133,2134,556.0,27204226,556.0,99442,556.0,99461
2136,2134,2135,556.0,27303668,556.0,99461,497.0,87174
2137,2135,2136,556.0,27403129,497.0,87174,519.0,99127
2138,2136,2137,497.0,25503702,519.0,99127,464.0,100252
2139,2137,2138,519.0,27363441,464.0,100252,440.0,64052
2140,2138,2139,464.0,27269644,440.0,64052,439.0,97525
2141,2139,2140,440.0,27233444,439.0,97525,457.0,159667
2142,2140,2141,439.0,27330963,457.0,159667,389.0,87281
2143,2141,2142,457.0,27329059,389.0,87281,388.0,97489
2144,2142,2143,389.0,27256673,388.0,97489,335.0,13200
2145,2143,2144,388.0,27354115,335.0,13200,336.0,97486
2146,2144,2145,335.0,27182592,336.0,97486,330.0,1573
2147,2145,2146,336.0,27280084,330.0,1573,300.0,166484
2148,2146,2147,330.0,441574,300.0,166484,586.0,157739
2149,2147,2148,300.0,136013444,586.0,157739,573.0,3682
2150,2148,2149,586.0,30304299,573.0,3682,570.0,470402
2151,2149,2150,573.0,27411402,570.0,470402,573.0,100568
2152,2150,2151,570.0,128684912,573.0,100568,556.0,66368
2153,2151,2152,573.0,27612572,556.0,66368,556.0,99461
2154,2152,2153,556.0,27474088,556.0,99461,498.0,97558
2155,2153,2154,556.0,27573549,498.0,97558,498.0,495592
2156,2154,2155,498.0,128294958,498.0,495592,498.0,495592
2157,2155,2156,498.0,128790550,498.0,495592,464.0,228040
2158,2156,2157,498.0,129286142,464.0,228040,441.0,95002
2159,2157,2158,464.0,27635760,441.0,95002,440.0,97520
2160,2158,2159,441.0,27502722,440.0,97520,387.0,20688
2161,2159,2160,440.0,27600224,387.0,20688,390.0,97473
2162,2160,2161,387.0,27428408,390.0,97473,389.0,97480
2163,2161,2162,390.0,27525901,389.0,97480,335.0,44100
2164,2162,2163,389.0,27623372,335.0,44100,333.0,97512
2165,2163,2164,335.0,27451820,333.0,97512,351.0,3152
2166,2164,2165,333.0,27549314,351.0,3152,299.0,157580
2167,2165,2166,351.0,27410872,299.0,157580,582.0,3304
2168,2166,2167,299.0,27565300,582.0,3304,565.0,33268
2169,2167,2168,582.0,152046824,565.0,33268,573.0,100588
2170,2168,2169,565.0,25895700,573.0,100588,570.0,470402
2171,2169,2170,573.0,27782224,570.0,470402,556.0,97901
2172,2170,2171,570.0,130419402,556.0,97901,556.0,99461
2173,2171,2172,556.0,27743949,556.0,99461,519.0,58655
2174,2172,2173,556.0,27843410,519.0,58655,498.0,495615
2175,2173,2174,519.0,27704703,498.0,495615,482.0,147939
2176,2174,2175,498.0,130062595,482.0,147939,440.0,28419
2177,2175,2176,482.0,27793987,440.0,28419,416.0,48738
2178,2176,2177,440.0,27674467,416.0,48738,433.0,1573
2179,2177,2178,416.0,13885991,433.0,1573,388.0,51606
2180,2178,2179,433.0,449508,388.0,51606,387.0,97466
2181,2179,2180,388.0,27697654,387.0,97466,405.0,63972
2182,2180,2181,387.0,27795098,405.0,63972,336.0,75039
2183,2181,2182,405.0,27710020,336.0,75039,334.0,97526
2184,2182,2183,336.0,27721087,334.0,97526,351.0,127927
2185,2183,2184,334.0,27818594,351.0,127927,586.0,36764
2186,2184,2185,351.0,27773975,586.0,36764,582.0,644944
2187,2185,2186,586.0,30707612,582.0,644944,573.0,67502
2188,2186,2187,582.0,153999184,573.0,67502,570.0,470559
2189,2187,2188,573.0,27951878,570.0,470559,543.0,140479
2190,2188,2189,570.0,131212999,543.0,140479,543.0,465095
2191,2189,2190,543.0,130567399,543.0,465095,543.0,465095
2192,2190,2191,543.0,131032494,543.0,465095,519.0,90103
2193,2191,2192,543.0,131497589,519.0,90103,519.0,99126
2194,2192,2193,519.0,27974479,519.0,99126,464.0,80737
2195,2193,2194,519.0,28073605,464.0,80737,441.0,59368
2196,2194,2195,464.0,27965113,441.0,59368,439.0,97477
2197,2195,2196,441.0,27943744,439.0,97477,457.0,123305
2198,2196,2197,439.0,28041187,457.0,123305,389.0,82537
2199,2197,2198,457.0,28007681,389.0,82537,389.0,97501
2200,2198,2199,389.0,27966913,389.0,97501,335.0,8451
2201,2199,2200,389.0,28064414,335.0,8451,333.0,97513
2202,2200,2201,335.0,27892827,333.0,97513,334.0,97485
2203,2201,2202,333.0,27990321,334.0,97485,300.0,71584
2204,2202,2203,334.0,28087819,300.0,71584,586.0,141712
2205,2203,2204,300.0,139493464,586.0,141712,582.0,1286581
2206,2204,2205,586.0,31074704,582.0,1286581,573.0,99391
2207,2205,2206,582.0,155951541,573.0,99391,573.0,100607
2208,2206,2207,573.0,28222095,573.0,100607,556.0,61559
2209,2207,2208,573.0,28322702,556.0,61559,556.0,99451
2210,2208,2209,556.0,28184263,556.0,99451,519.0,22428
2211,2209,2210,556.0,28283714,519.0,22428,519.0,99126
2212,2210,2211,519.0,28145132,519.0,99126,519.0,99126
2213,2211,2212,519.0,28244258,519.0,99126,464.0,208533
2214,2212,2213,519.0,28343384,464.0,208533,442.0,90308
2215,2213,2214,464.0,28331237,442.0,90308,440.0,97487
2216,2214,2215,442.0,28213012,440.0,97487,387.0,15940
2217,2215,2216,440.0,28310463,387.0,15940,387.0,97516
2218,2216,2217,387.0,28138644,387.0,97516,390.0,97502
2219,2217,2218,387.0,28236160,390.0,97502,336.0,39401
2220,2218,2219,390.0,28333666,336.0,39401,333.0,97469
2221,2219,2220,336.0,28162105,333.0,97469,335.0,97513
2222,2220,2221,333.0,28259543,335.0,97513,300.0,693034
2223,2221,2222,335.0,28357113,300.0,693034,586.0,246664
2224,2222,2223,300.0,141306554,586.0,246664,573.0,30718
2225,2223,2224,586.0,31441800,573.0,30718,570.0,470431
2226,2224,2225,573.0,28391750,570.0,470431,573.0,100572
2227,2225,2226,570.0,133270421,573.0,100572,556.0,93104
2228,2226,2227,573.0,28592920,556.0,93104,556.0,99461
2229,2227,2228,556.0,28454136,556.0,99461,498.0,230642
2230,2228,2229,556.0,28553597,498.0,230642,519.0,99126
2231,2229,2230,498.0,132887082,519.0,99126,482.0,110465
2232,2230,2231,519.0,28514036,482.0,110465,441.0,23738
2233,2231,2232,482.0,28471497,441.0,23738,439.0,97505
2234,2232,2233,441.0,28384770,439.0,97505,441.0,97498
2235,2233,2234,439.0,28482221,441.0,97498,389.0,46928
2236,2234,2235,441.0,28579740,389.0,46928,388.0,97499
2237,2235,2236,389.0,28407960,388.0,97499,405.0,27348
2238,2236,2237,388.0,28505403,405.0,27348,333.0,70303
2239,2237,2238,405.0,28388380,333.0,70303,334.0,97491
2240,2238,2239,333.0,28431335,334.0,97491,351.0,108880
2241,2239,2240,334.0,28528831,351.0,108880,586.0,20744
2242,2240,2241,351.0,28469912,586.0,20744,581.0,109400
2243,2241,2242,586.0,31478024,581.0,109400,570.0,292819
2244,2242,2243,581.0,31566680,570.0,292819,573.0,100594
2245,2243,2244,570.0,134064019,573.0,100594,556.0,25177
2246,2244,2245,573.0,28762574,556.0,25177,556.0,99461
2247,2245,2246,556.0,28624537,556.0,99461,556.0,99461
2248,2246,2247,556.0,28723998,556.0,99461,498.0,387928
2249,2247,2248,556.0,28823459,498.0,387928,498.0,495592
2250,2248,2249,498.0,134159128,498.0,495592,464.0,61229
2251,2249,2250,498.0,134654720,464.0,61229,441.0,54627
2252,2250,2251,464.0,28660589,441.0,54627,440.0,97505
2253,2251,2252,441.0,28653987,440.0,97505,457.0,86955
2254,2252,2253,440.0,28751487,457.0,86955,390.0,77844
2255,2253,2254,457.0,28686315,390.0,77844,389.0,97490
2256,2254,2255,390.0,28677204,389.0,97490,336.0,3751
2257,2255,2256,389.0,28774660,336.0,3751,333.0,97469
2258,2256,2257,336.0,28603111,333.0,97469,335.0,97513
2259,2257,2258,333.0,28700549,335.0,97513,351.0,233652
2260,2258,2259,335.0,28798119,351.0,233652,586.0,125690
2261,2259,2260,351.0,28833012,586.0,125690,582.0,1188624
2262,2260,2261,586.0,31845114,582.0,1188624,573.0,94539
2263,2261,2262,582.0,159785744,573.0,94539,570.0,470595
2264,2262,2263,573.0,28932227,570.0,470595,543.0,265516
2265,2263,2264,570.0,135798515,543.0,265516,543.0,465095
2266,2264,2265,543.0,135151476,543.0,465095,519.0,17609
2267,2265,2266,543.0,135616571,519.0,17609,498.0,495600
2268,2266,2267,519.0,28855297,498.0,495600,498.0,495592
2269,2267,2268,498.0,135431160,498.0,495592,464.0,189016
2270,2268,2269,498.0,135926752,464.0,189016,439.0,85556
2271,2269,2270,464.0,29026704,439.0,85556,441.0,97510
2272,2270,2271,439.0,28923244,441.0,97510,388.0,11251
2273,2271,2272,441.0,29020758,388.0,11251,387.0,97474
2274,2272,2273,388.0,28848939,387.0,97474,387.0,97516
2275,2273,2274,387.0,28946384,387.0,97516,333.0,34648
2276,2274,2275,387.0,29043900,333.0,34648,334.0,97487
2277,2275,2276,333.0,28872336,334.0,97487,335.0,97475
2278,2276,2277,334.0,28969833,335.0,97475,300.0,598124
2279,2277,2278,335.0,29067347,300.0,598124,586.0,230635
2280,2278,2279,300.0,144786564,586.0,230635,565.0,24139
2281,2279,2280,586.0,32212203,565.0,24139,573.0,100572
2282,2280,2281,565.0,27224283,573.0,100572,573.0,100607
2283,2281,2282,573.0,29202442,573.0,100607,556.0,88283
2284,2282,2283,573.0,29303049,556.0,88283,543.0,465057
2285,2283,2284,556.0,29164299,543.0,465057,519.0,49057
2286,2284,2285,543.0,136879007,519.0,49057,519.0,99126
2287,2285,2286,519.0,29125073,519.0,99126,482.0,72972
2288,2286,2287,519.0,29224199,482.0,72972,441.0,18990
2289,2287,2288,482.0,29148988,441.0,18990,440.0,97520
2290,2288,2289,441.0,29095006,440.0,97520,442.0,97522
2291,2289,2290,440.0,29192508,442.0,97522,389.0,42183
2292,2290,2291,442.0,29290036,389.0,42183,389.0,97501
2293,2291,2292,389.0,29118199,389.0,97501,388.0,97504
2294,2292,2293,389.0,29215700,388.0,97504,333.0,65538
2295,2293,2294,388.0,29313144,333.0,65538,335.0,97513
2296,2294,2295,333.0,29141554,335.0,97513,351.0,89824
2297,2295,2296,335.0,29239125,351.0,89824,586.0,4716
2298,2296,2297,351.0,29165840,586.0,4716,582.0,449007
2299,2297,2298,586.0,32248428,582.0,449007,573.0,57753
2300,2298,2299,582.0,161667567,573.0,57753,570.0,470452
2301,2299,2300,573.0,29372097,570.0,470452,556.0,20377
2302,2300,2301,570.0,137855922,556.0,20377,556.0,99461
2303,2301,2302,556.0,29334721,556.0,99461,543.0,465034
2304,2302,2303,556.0,29434182,543.0,465034,519.0,80508
2305,2303,2304,543.0,138140374,519.0,80508,519.0,99126
2306,2304,2305,519.0,29394852,519.0,99126,464.0,41717
2307,2305,2306,519.0,29493978,464.0,41717,423.0,23349
2308,2306,2307,464.0,29356061,423.0,23349,440.0,97468
2309,2307,2308,423.0,13734897,440.0,97468,457.0,50599
2310,2308,2309,440.0,29461722,457.0,50599,393.0,75474
2311,2309,2310,457.0,29364943,393.0,75474,390.0,97518
2312,2310,2311,393.0,30335442,390.0,97518,405.0,230628
2313,2311,2312,390.0,29484960,405.0,230628,334.0,96501
2314,2312,2313,405.0,29544972,334.0,96501,335.0,97480
2315,2313,2314,334.0,29410845,335.0,97480,351.0,214602
2316,2314,2315,335.0,29508358,351.0,214602,586.0,109667
2317,2315,2316,351.0,29528946,586.0,109667,582.0,1090662
2318,2316,2317,586.0,32615523,582.0,1090662,570.0,419281
2319,2317,2318,582.0,163619942,570.0,419281,573.0,100597
2320,2318,2319,570.0,138649521,573.0,100597,556.0,51911
2321,2319,2320,573.0,29742921,556.0,51911,556.0,99461
2322,2320,2321,556.0,29604583,556.0,99461,519.0,12832
2323,2321,2322,556.0,29704044,519.0,12832,519.0,99126
2324,2322,2323,519.0,29565504,519.0,99126,519.0,99126
2325,2323,2324,519.0,29664630,519.0,99126,464.0,169510
2326,2324,2325,519.0,29763756,464.0,169510,439.0,80807
2327,2325,2326,464.0,29722182,439.0,80807,441.0,97484
2328,2326,2327,439.0,29633479,441.0,97484,388.0,6512
2329,2327,2328,441.0,29731004,388.0,6512,388.0,97507
2330,2328,2329,388.0,29559184,388.0,97507,387.0,97494
2331,2329,2330,388.0,29656691,387.0,97494,333.0,29897
2332,2330,2331,387.0,29754140,333.0,29897,335.0,97519
2333,2331,2332,333.0,29582569,335.0,97519,336.0,97483
2334,2332,2333,335.0,29680137,336.0,97483,300.0,503274
2335,2333,2334,336.0,29777627,300.0,503274,586.0,214617
2336,2334,2335,300.0,148266634,586.0,214617,573.0,20970
2337,2335,2336,586.0,32982617,573.0,20970,573.0,100607
2338,2336,2337,573.0,29811970,573.0,100607,570.0,470638
2339,2337,2338,573.0,29912577,570.0,470638,543.0,390560
2340,2338,2339,570.0,140384038,543.0,390560,556.0,99456
2341,2339,2340,543.0,139735560,556.0,99456,498.0,182703
2342,2340,2341,556.0,29973908,498.0,182703,498.0,495592
2343,2341,2342,498.0,139527703,498.0,495592,482.0,35503
2344,2342,2343,498.0,140023295,482.0,35503,442.0,14300
2345,2343,2344,482.0,29826503,442.0,14300,440.0,97489
2346,2344,2345,442.0,29805300,440.0,97489,416.0,48754
2347,2345,2346,440.0,29902749,416.0,48754,390.0,37506
2348,2346,2347,416.0,15000147,390.0,37506,389.0,97500
2349,2347,2348,390.0,29828506,389.0,97500,388.0,97476
2350,2348,2349,389.0,29925948,388.0,97476,334.0,60856
2351,2349,2350,388.0,30023388,334.0,60856,335.0,97484
2352,2350,2351,334.0,29851856,335.0,97484,351.0,70778
2353,2351,2352,335.0,29949368,351.0,70778,299.0,224941
2354,2352,2353,351.0,29861778,299.0,224941,582.0,351061
2355,2353,2354,299.0,30015941,582.0,351061,570.0,247178
2356,2354,2355,582.0,165501781,570.0,247178,573.0,100579
2357,2355,2356,570.0,140706938,573.0,100579,543.0,72051
2358,2356,2357,573.0,30182793,543.0,72051,543.0,466187
2359,2357,2358,543.0,140531811,543.0,466187,543.0,465095
2360,2358,2359,543.0,140997998,543.0,465095,498.0,339974
2361,2359,2360,543.0,141463093,498.0,339974,498.0,495592
2362,2360,2361,498.0,140799734,498.0,495592,464.0,22203
2363,2361,2362,498.0,141295326,464.0,22203,439.0,45175
2364,2362,2363,464.0,30051531,439.0,45175,441.0,97497
2365,2363,2364,439.0,30074503,441.0,97497,457.0,14238
2366,2364,2365,441.0,30172023,457.0,14238,387.0,68348
2367,2365,2366,457.0,30043566,387.0,68348,393.0,100656
2368,2366,2367,387.0,30097676,393.0,100656,405.0,193992
2369,2367,2368,393.0,31169264,405.0,193992,335.0,91812
2370,2368,2369,405.0,30223320,335.0,91812,336.0,97476
2371,2369,2370,335.0,30121140,336.0,97476,351.0,195548
2372,2370,2371,336.0,30218626,351.0,195548,586.0,93640
2373,2371,2372,351.0,30224876,586.0,93640,582.0,992676
2374,2372,2373,586.0,33385928,582.0,992676,573.0,84788
2375,2373,2374,582.0,167454116,573.0,84788,570.0,470474
2376,2374,2375,573.0,30352444,570.0,470474,556.0,47111
2377,2375,2376,570.0,142441424,556.0,47111,543.0,465026
2378,2376,2377,556.0,30314767,543.0,465026,519.0,8012
2379,2377,2378,543.0,142259336,519.0,8012,519.0,99126
2380,2378,2379,519.0,30275668,519.0,99126,498.0,495608
2381,2379,2380,519.0,30374794,498.0,495608,464.0,149993
2382,2380,2381,498.0,142567368,464.0,149993,440.0,76113
2383,2381,2382,464.0,30417649,440.0,76113,442.0,97485
2384,2382,2383,440.0,30343769,442.0,97485,389.0,1829
2385,2383,2384,442.0,30441277,389.0,1829,388.0,97470
2386,2384,2385,389.0,30269485,388.0,97470,388.0,97507
2387,2385,2386,388.0,30366924,388.0,97507,334.0,25202
2388,2386,2387,388.0,30464431,334.0,25202,335.0,97481
2389,2387,2388,334.0,30292858,335.0,97481,333.0,97510
2390,2388,2389,335.0,30390371,333.0,97510,300.0,408364
2391,2389,2390,333.0,30487864,300.0,408364,586.0,198588
2392,2390,2391,300.0,151746644,586.0,198588,573.0,16114
2393,2391,2392,586.0,33753020,573.0,16114,570.0,470631
2394,2392,2393,573.0,30522098,570.0,470631,573.0,100600
2395,2393,2394,570.0,143235021,573.0,100600,556.0,78645
2396,2394,2395,573.0,30723268,556.0,78645,556.0,99461
2397,2395,2396,556.0,30584629,556.0,99461,519.0,39462
2398,2396,2397,556.0,30684090,519.0,39462,519.0,99126
2399,2397,2398,519.0,30545446,519.0,99126,519.0,99490
2400,2398,2399,519.0,30644572,519.0,99490,445.0,9865
2401,2399,2400,519.0,30744062,445.0,9865,441.0,97515
2402,2400,2401,445.0,31499913,441.0,97515,439.0,97501
2403,2401,2402,441.0,30613047,439.0,97501,393.0,33849
2404,2402,2403,439.0,30710497,393.0,33849,389.0,97469
2405,2403,2404,393.0,31523897,389.0,97469,389.0,97501
2406,2404,2405,389.0,30636189,389.0,97501,335.0,56166
2407,2405,2406,389.0,30733690,335.0,56166,336.0,97486
2408,2406,2407,335.0,30562150,336.0,97486,351.0,51724
2409,2407,2408,336.0,30659642,351.0,51724,300.0,1029809
2410,2408,2409,351.0,30557708,300.0,1029809,582.0,253079
2411,2409,2410,300.0,153559729,582.0,253079,573.0,48004
2412,2410,2411,582.0,169335959,573.0,48004,573.0,100607
2413,2411,2412,573.0,30792316,573.0,100607,543.0,50480
2414,2412,2413,573.0,30892923,543.0,50480,556.0,99454
2415,2413,2414,543.0,143854520,556.0,99454,556.0,99461
2416,2414,2415,556.0,30854492,556.0,99461,519.0,70912
2417,2415,2416,556.0,30953953,519.0,70912,519.0,99126
2418,2416,2417,519.0,30815224,519.0,99126,464.0,2694
2419,2417,2418,519.0,30914350,464.0,2694,440.0,40486
2420,2418,2419,464.0,30747006,440.0,40486,441.0,97468
2421,2419,2420,440.0,30784798,441.0,97468,440.0,97504
2422,2420,2421,441.0,30882266,440.0,97504,388.0,63666
2423,2421,2422,440.0,30979766,388.0,63666,387.0,97505
2424,2422,2423,388.0,30807978,387.0,97505,405.0,157371
2425,2423,2424,387.0,30905429,405.0,157371,335.0,87071
2426,2424,2425,405.0,30901683,335.0,87071,333.0,97519
2427,2425,2426,335.0,30831383,333.0,97519,351.0,176502
2428,2426,2427,333.0,30928879,351.0,176502,586.0,77621
2429,2427,2428,351.0,30920814,586.0,77621,582.0,894738
2430,2428,2429,586.0,34156341,582.0,894738,570.0,373650
2431,2429,2430,582.0,171288338,570.0,373650,573.0,100583
2432,2430,2431,570.0,145292450,573.0,100583,546.0,3227
2433,2431,2432,573.0,31163141,546.0,3227,543.0,465488
2434,2432,2433,546.0,2501827,543.0,465488,519.0,3040
2435,2433,2434,543.0,145582068,519.0,3040,519.0,99321
2436,2434,2435,519.0,30985680,519.0,99321,519.0,99126
2437,2435,2436,519.0,31085001,519.0,99126,464.0,130485
2438,2436,2437,519.0,31184127,464.0,130485,440.0,71368
2439,2437,2438,464.0,31113125,440.0,71368,439.0,97525
2440,2438,2439,440.0,31054008,439.0,97525,457.0,216001
2441,2439,2440,439.0,31151527,457.0,216001,389.0,94593
2442,2440,2441,457.0,31198641,389.0,94593,388.0,97484
2443,2441,2442,389.0,31077233,388.0,97484,335.0,20519
2444,2442,2443,388.0,31174674,335.0,20519,336.0,97494
2445,2443,2444,335.0,31003159,336.0,97494,333.0,97469
2446,2444,2445,336.0,31100656,333.0,97469,300.0,313508
2447,2445,2446,333.0,31198095,300.0,313508,586.0,182569
2448,2446,2447,300.0,155226708,586.0,182569,570.0,52483
2449,2447,2448,586.0,34523433,570.0,52483,573.0,100605
2450,2448,2449,570.0,146086043,573.0,100605,570.0,470524
2451,2449,2450,573.0,31332795,570.0,470524,543.0,344769
2452,2450,2451,570.0,147026954,543.0,344769,543.0,465095
2453,2451,2452,543.0,146378329,543.0,465095,498.0,134747
2454,2452,2453,543.0,146843424,498.0,134747,498.0,495592
2455,2453,2454,498.0,146168307,498.0,495592,508.0,11570
2456,2454,2455,498.0,146663899,508.0,11570,439.0,4793
2457,2455,2456,508.0,2529390,439.0,4793,441.0,97483
2458,2456,2457,439.0,31225761,441.0,97483,440.0,97521
2459,2457,2458,441.0,31323287,440.0,97521,387.0,27999
2460,2458,2459,440.0,31420789,387.0,27999,371.0,1573
2461,2459,2460,387.0,31248967,371.0,1573,389.0,97476
2462,2460,2461,371.0,505589,389.0,97476,335.0,51419
2463,2461,2462,389.0,31443932,335.0,51419,333.0,97516
2464,2462,2463,335.0,31272387,333.0,97516,351.0,32672
2465,2463,2464,333.0,31369882,351.0,32672,300.0,934922
2466,2464,2465,351.0,31253640,300.0,934922,582.0,155107
2467,2465,2466,300.0,157039762,582.0,155107,573.0,43151
2468,2466,2467,582.0,173170147,573.0,43151,570.0,470666
2469,2467,2468,573.0,31502447,570.0,470666,556.0,5920
2470,2468,2469,570.0,147820536,556.0,5920,556.0,99461
2471,2469,2470,556.0,31465216,556.0,99461,556.0,99461
2472,2470,2471,556.0,31564677,556.0,99461,519.0,66093
2473,2471,2472,556.0,31664138,519.0,66093,498.0,495600
2474,2472,2473,519.0,31525389,498.0,495600,482.0,206015
2475,2473,2474,498.0,147935940,482.0,206015,440.0,35734
2476,2474,2475,482.0,31665311,440.0,35734,445.0,100672
2477,2475,2476,440.0,31495030,445.0,100672,441.0,97526
2478,2476,2477,445.0,32611712,441.0,97526,388.0,58916
2479,2477,2478,441.0,31690060,388.0,58916,388.0,97507
2480,2478,2479,388.0,31518212,388.0,97507,405.0,120730
2481,2479,2480,388.0,31615719,405.0,120730,336.0,82360
2482,2480,2481,405.0,31580026,336.0,82360,333.0,97465
2483,2481,2482,336.0,31541656,333.0,97465,351.0,157445
2484,2482,2483,333.0,31639097,351.0,157445,586.0,61592
2485,2483,2484,351.0,31616741,586.0,61592,582.0,796739
2486,2484,2485,586.0,34926744,582.0,796739,573.0,75039
2487,2485,2486,582.0,175122499,573.0,75039,573.0,100607
2488,2486,2487,573.0,31772663,573.0,100607,556.0,37454
2489,2487,2488,573.0,31873270,556.0,37454,556.0,99461
2490,2488,2489,556.0,31735078,556.0,99461,556.0,99461
2491,2489,2490,556.0,31834539,556.0,99461,519.0,97542
2492,2490,2491,556.0,31934000,519.0,97542,519.0,99126
2493,2491,2492,519.0,31795166,519.0,99126,464.0,110972
2494,2492,2493,519.0,31894292,464.0,110972,441.0,66685
2495,2493,2494,464.0,31808596,441.0,66685,439.0,97479
2496,2494,2495,441.0,31764309,439.0,97479,457.0,179642
2497,2495,2496,439.0,31861753,457.0,179642,389.0,89851
2498,2496,2497,457.0,31877266,389.0,89851,389.0,97501
2499,2497,2498,389.0,31787475,389.0,97501,335.0,15772
2500,2498,2499,389.0,31884976,335.0,15772,333.0,97520
2501,2499,2500,335.0,31713396,333.0,97520,334.0,97490
2502,2500,2501,333.0,31810892,334.0,97490,300.0,218612
2503,2501,2502,334.0,31908388,300.0,218612,586.0,166542
2504,2502,2503,300.0,158706732,586.0,166542,573.0,6366
2505,2503,2504,586.0,35293838,573.0,6366,570.0,470531
2506,2504,2505,573.0,31942318,570.0,470531,573.0,100586
2507,2505,2506,570.0,149877951,573.0,100586,543.0,323195
2508,2506,2507,573.0,32143488,543.0,323195,543.0,465095
2509,2507,2508,543.0,149701035,543.0,465095,519.0,29866
2510,2508,2509,543.0,150166130,519.0,29866,519.0,99126
2511,2509,2510,519.0,31965818,519.0,99126,519.0,99126
2512,2510,2511,519.0,32064944,519.0,99126,440.0,107
2513,2511,2512,519.0,32164070,440.0,107,442.0,97498
2514,2512,2513,440.0,31936059,442.0,97498,440.0,97486
2515,2513,2514,442.0,32033574,440.0,97486,384.0,376
2516,2514,2515,440.0,32131026,384.0,376,387.0,97516
2517,2515,2516,384.0,515472,387.0,97516,390.0,97491
2518,2516,2517,387.0,32056718,390.0,97491,336.0,46724
2519,2517,2518,390.0,32154219,336.0,46724,333.0,97473
2520,2518,2519,336.0,31982676,333.0,97473,351.0,13624
2521,2519,2520,333.0,32080111,351.0,13624,300.0,840055
2522,2520,2521,351.0,31949576,300.0,840055,582.0,57155
2523,2521,2522,300.0,160519815,582.0,57155,573.0,38256
2524,2522,2523,582.0,177004355,573.0,38256,573.0,100607
2525,2523,2524,573.0,32212536,573.0,100607,543.0,4703
2526,2524,2525,573.0,32313143,543.0,4703,543.0,465095
2527,2525,2526,543.0,150497303,543.0,465095,552.0,7988
2528,2526,2527,543.0,150962398,552.0,7988,519.0,61316
2529,2527,2528,552.0,2611058,519.0,61316,519.0,99126
2530,2528,2529,519.0,32235596,519.0,99126,482.0,168541
2531,2529,2530,519.0,32334722,482.0,168541,441.0,31053
2532,2530,2531,482.0,32342821,441.0,31053,439.0,97504
2533,2531,2532,441.0,32205333,439.0,97504,441.0,97498
2534,2532,2533,439.0,32302784,441.0,97498,389.0,54239
2535,2533,2534,441.0,32400304,389.0,54239,388.0,97493
2536,2534,2535,389.0,32228519,388.0,97493,405.0,84106
2537,2535,2536,388.0,32325961,405.0,84106,333.0,77622
2538,2536,2537,405.0,32258386,333.0,77622,334.0,97494
2539,2537,2538,333.0,32251902,334.0,97494,351.0,138399
2540,2538,2539,334.0,32349398,351.0,138399,586.0,45572
2541,2539,2540,351.0,32312679,586.0,45572,582.0,698795
2542,2540,2541,586.0,35697156,582.0,698795,570.0,328006
2543,2541,2542,582.0,178956715,570.0,328006,573.0,100567
2544,2542,2543,570.0,151935366,573.0,100567,556.0,32656
2545,2543,2544,573.0,32583359,556.0,32656,556.0,99461
2546,2544,2545,556.0,32445264,556.0,99461,543.0,465057
2547,2545,2546,556.0,32544725,543.0,465057,498.0,425106
2548,2546,2547,543.0,152689937,498.0,425106,519.0,99138
2549,2547,2548,498.0,152032466,519.0,99138,464.0,91460
2550,2548,2549,519.0,32604498,464.0,91460,441.0,61942
2551,2549,2550,464.0,32504068,441.0,61942,440.0,97504
2552,2550,2551,441.0,32474550,440.0,97504,457.0,143287
2553,2551,2552,440.0,32572050,457.0,143287,390.0,85148
2554,2552,2553,457.0,32555895,390.0,85148,389.0,97485
2555,2553,2554,390.0,32497756,389.0,97485,336.0,11073
2556,2554,2555,389.0,32595219,336.0,11073,333.0,97473
2557,2555,2556,336.0,32423681,333.0,97473,335.0,97516
2558,2556,2557,333.0,32521117,335.0,97516,300.0,123731
2559,2557,2558,335.0,32618686,300.0,123731,586.0,150519
2560,2558,2559,300.0,162186771,586.0,150519,570.0,6836
2561,2559,2560,586.0,36064247,570.0,6836,573.0,100588
2562,2560,2561,570.0,152728956,573.0,100588,570.0,470402
2563,2561,2562,573.0,32753012,570.0,470402,556.0,64189
2564,2562,2563,570.0,153669862,556.0,64189,556.0,99461
2565,2563,2564,556.0,32715125,556.0,99461,498.0,86793
2566,2564,2565,556.0,32814586,498.0,86793,498.0,495592
2567,2565,2566,498.0,152808913,498.0,495592,498.0,495592
2568,2566,2567,498.0,153304505,498.0,495592,464.0,219249
2569,2567,2568,498.0,153800097,464.0,219249,439.0,92872
2570,2568,2569,464.0,32870185,439.0,92872,441.0,97510
2571,2569,2570,439.0,32743808,441.0,97510,388.0,18562
2572,2570,2571,441.0,32841322,388.0,18562,387.0,97468
2573,2571,2572,388.0,32669498,387.0,97468,387.0,97516
2574,2572,2573,387.0,32766942,387.0,97516,333.0,41968
2575,2573,2574,387.0,32864458,333.0,41968,334.0,97490
2576,2574,2575,333.0,32692904,334.0,97490,335.0,97478
2577,2575,2576,334.0,32790400,335.0,97478,300.0,745144
2578,2576,2577,335.0,32887914,300.0,745144,586.0,255464
2579,2577,2578,300.0,163999824,586.0,255464,573.0,33400
2580,2578,2579,586.0,36431336,573.0,33400,570.0,470545
2581,2579,2580,573.0,32922664,570.0,470545,573.0,100588
2582,2580,2581,570.0,154463445,573.0,100588,543.0,448209
2583,2581,2582,573.0,33123834,543.0,448209,556.0,99454
2584,2582,2583,543.0,154285089,556.0,99454,519.0,56495
2585,2583,2584,556.0,33084446,519.0,56495,519.0,99126
2586,2584,2585,519.0,32945759,519.0,99126,482.0,131048
2587,2585,2586,519.0,33044885,482.0,131048,441.0,26305
2588,2586,2587,482.0,33020312,441.0,26305,440.0,97519
2589,2587,2588,441.0,32915569,440.0,97519,442.0,97520
2590,2588,2589,440.0,33013071,442.0,97520,389.0,49494
2591,2589,2590,442.0,33110598,389.0,49494,389.0,97501
2592,2590,2591,389.0,32938758,389.0,97501,405.0,47465
2593,2591,2592,389.0,33036259,405.0,47465,333.0,72857
2594,2592,2593,405.0,32936729,333.0,72857,335.0,97515
2595,2593,2594,333.0,32962121,335.0,97515,351.0,119343
2596,2594,2595,335.0,33059691,351.0,119343,586.0,29544
2597,2595,2596,351.0,33008607,586.0,29544,582.0,600802
2598,2596,2597,586.0,36467560,582.0,600802,573.0,65290
2599,2597,2598,582.0,182790882,573.0,65290,573.0,100607
2600,2598,2599,573.0,33192882,573.0,100607,543.0,129717
2601,2599,2600,573.0,33293489,543.0,129717,543.0,465095
2602,2600,2601,543.0,155081357,543.0,465095,549.0,7944
2603,2601,2602,543.0,155546452,549.0,7944,519.0,87945
2604,2602,2603,549.0,2689754,519.0,87945,519.0,99126
2605,2603,2604,519.0,33215537,519.0,99126,464.0,71947
2606,2604,2605,519.0,33314663,464.0,71947,416.0,28624
2607,2605,2606,464.0,33199539,416.0,28624,440.0,97465
2608,2606,2607,416.0,16592420,440.0,97465,457.0,106927
2609,2607,2608,440.0,33282283,457.0,106927,387.0,80410
2610,2608,2609,457.0,33234519,387.0,80410,390.0,97502
2611,2609,2610,387.0,33208002,390.0,97502,333.0,6322
2612,2610,2611,390.0,33305508,333.0,6322,334.0,97494
2613,2611,2612,333.0,33133914,334.0,97494,335.0,97481
2614,2612,2613,334.0,33231410,335.0,97481,300.0,28839
2615,2613,2614,335.0,33328923,300.0,28839,586.0,134493
2616,2614,2615,300.0,165666799,586.0,134493,582.0,1242445
2617,2615,2616,586.0,36834653,582.0,1242445,570.0,454461
2618,2616,2617,582.0,184743245,570.0,454461,573.0,100569
2619,2617,2618,570.0,156520861,573.0,100569,556.0,59389
2620,2618,2619,573.0,33563705,556.0,59389,543.0,465042
2621,2619,2620,556.0,33425309,543.0,465042,519.0,20268
2622,2620,2621,543.0,156808892,519.0,20268,519.0,99126
2623,2621,2622,519.0,33386188,519.0,99126,519.0,99126
2624,2622,2623,519.0,33485314,519.0,99126,464.0,199738
2625,2623,2624,519.0,33584440,464.0,199738,439.0,88117
2626,2624,2625,464.0,33565658,439.0,88117,441.0,97480
2627,2625,2626,439.0,33454037,441.0,97480,389.0,13882
2628,2626,2627,441.0,33551564,389.0,13882,388.0,97499
2629,2627,2628,389.0,33379802,388.0,97499,387.0,97482
2630,2628,2629,388.0,33477245,387.0,97482,333.0,37211
2631,2629,2630,387.0,33574692,333.0,37211,335.0,97518
2632,2630,2631,333.0,33403131,335.0,97518,336.0,97481
2633,2631,2632,335.0,33500700,336.0,97481,300.0,650271
2634,2632,2633,336.0,33598189,300.0,650271,586.0,239442
2635,2633,2634,300.0,167479871,586.0,239442,570.0,133299
2636,2634,2635,586.0,37201746,570.0,133299,573.0,100591
2637,2635,2636,570.0,157314459,573.0,100591,570.0,470424
2638,2636,2637,573.0,33733359,570.0,470424,556.0,90923
2639,2637,2638,570.0,158255364,556.0,90923,556.0,99461
2640,2638,2639,556.0,33695171,556.0,99461,498.0,219862
2641,2639,2640,556.0,33794632,498.0,219862,519.0,99135
2642,2640,2641,498.0,157401022,519.0,99135,482.0,93565
2643,2641,2642,519.0,33755091,482.0,93565,442.0,21600
2644,2642,2643,482.0,33697813,442.0,21600,440.0,97481
2645,2643,2644,442.0,33625848,440.0,97481,445.0,100650
2646,2644,2645,440.0,33723305,445.0,100650,390.0,44794
2647,2645,2646,445.0,34911850,390.0,44794,389.0,97488
2648,2646,2647,390.0,33649042,389.0,97488,405.0,10829
2649,2647,2648,389.0,33746500,405.0,10829,334.0,68166
2650,2648,2649,405.0,33615077,334.0,68166,335.0,97479
2651,2649,2650,334.0,33672414,335.0,97479,351.0,100288
2652,2650,2651,335.0,33769927,351.0,100288,586.0,13517
2653,2651,2652,351.0,33704536,586.0,13517,582.0,502816
2654,2652,2653,586.0,37237965,582.0,502816,573.0,60435
2655,2653,2654,582.0,186625056,573.0,60435,570.0,470566
2656,2654,2655,573.0,33903011,570.0,470566,549.0,1824
2657,2655,2656,570.0,159048946,549.0,1824,556.0,99453
2658,2656,2657,549.0,2731064,556.0,99453,556.0,99461
2659,2657,2658,556.0,33965031,556.0,99461,498.0,377133
2660,2658,2659,556.0,34064492,498.0,377133,498.0,495592
2661,2659,2660,498.0,158673053,498.0,495592,464.0,52427
2662,2660,2661,498.0,159168645,464.0,52427,439.0,52481
2663,2661,2662,464.0,33895003,439.0,52481,441.0,97490
2664,2662,2663,439.0,33895057,441.0,97490,457.0,70556
2665,2663,2664,441.0,33992580,457.0,70556,387.0,75649
2666,2664,2665,457.0,33913132,387.0,75649,387.0,97516
2667,2665,2666,387.0,33918225,387.0,97516,333.0,1555
2668,2666,2667,387.0,34015741,333.0,1555,335.0,97513
2669,2667,2668,333.0,33844131,335.0,97513,336.0,97468
2670,2668,2669,335.0,33941701,336.0,97468,351.0,225060
2671,2669,2670,336.0,34039182,351.0,225060,586.0,118463
2672,2670,2671,351.0,34067636,586.0,118463,582.0,1144440
2673,2671,2672,586.0,37605055,582.0,1144440,573.0,92323
2674,2672,2673,582.0,188577400,573.0,92323,573.0,100607
2675,2673,2674,573.0,34173227,573.0,100607,543.0,254725
2676,2674,2675,573.0,34273834,543.0,254725,543.0,465095
2677,2675,2676,543.0,159665405,543.0,465095,519.0,15448
2678,2676,2677,543.0,160130500,519.0,15448,498.0,495669
2679,2677,2678,519.0,34096352,498.0,495669,498.0,495592
2680,2678,2679,498.0,159945099,498.0,495592,464.0,180219
2681,2679,2680,498.0,160440691,464.0,180219,440.0,83422
2682,2680,2681,464.0,34261123,440.0,83422,442.0,97470
2683,2681,2682,440.0,34164326,442.0,97470,389.0,9135
2684,2682,2683,442.0,34261826,389.0,9135,389.0,97501
2685,2683,2684,389.0,34090039,389.0,97501,388.0,97502
2686,2684,2685,389.0,34187540,388.0,97502,334.0,32515
2687,2685,2686,388.0,34284984,334.0,32515,335.0,97478
2688,2686,2687,334.0,34113419,335.0,97478,333.0,97506
2689,2687,2688,335.0,34210932,333.0,97506,300.0,555349
2690,2688,2689,333.0,34308424,300.0,555349,586.0,223411
2691,2689,2690,300.0,170959869,586.0,223411,573.0,23648
2692,2690,2691,586.0,37972147,573.0,23648,570.0,470416
2693,2691,2692,573.0,34342880,570.0,470416,573.0,100570
2694,2692,2693,570.0,161106346,573.0,100570,543.0,402403
2695,2693,2694,573.0,34544050,543.0,402403,543.0,465095
2696,2694,2695,543.0,160927843,543.0,465095,519.0,46896
2697,2695,2696,543.0,161392938,519.0,46896,519.0,99126
2698,2696,2697,519.0,34366128,519.0,99126,482.0,56072
2699,2697,2698,519.0,34465254,482.0,56072,439.0,16853
2700,2698,2699,482.0,34375304,439.0,16853,441.0,97505
2701,2699,2700,439.0,34336085,441.0,97505,439.0,97487
2702,2700,2701,441.0,34433601,439.0,97487,387.0,40049
2703,2701,2702,439.0,34531047,387.0,40049,390.0,97504
2704,2702,2703,387.0,34359281,390.0,97504,389.0,97492
2705,2703,2704,390.0,34456788,389.0,97492,335.0,63475
2706,2704,2705,389.0,34554240,335.0,63475,336.0,97468
2707,2705,2706,335.0,34382707,336.0,97468,351.0,81232
2708,2706,2707,336.0,34480188,351.0,81232,300.0,1176771
2709,2707,2708,351.0,34400464,300.0,1176771,582.0,404821
2710,2708,2709,300.0,172772931,582.0,404821,569.0,51947
2711,2709,2710,582.0,190459221,569.0,51947,573.0,100591
2712,2710,2711,569.0,32379987,573.0,100591,556.0,18194
2713,2711,2712,573.0,34713703,556.0,18194,556.0,99461
2714,2712,2713,556.0,34575754,556.0,99461,556.0,99461
2715,2713,2714,556.0,34675215,556.0,99461,519.0,78345
2716,2714,2715,556.0,34774676,519.0,78345,519.0,99126
2717,2715,2716,519.0,34635905,519.0,99126,464.0,32915
2718,2716,2717,519.0,34735031,464.0,32915,440.0,47790
2719,2717,2718,464.0,34590475,440.0,47790,442.0,97509
2720,2718,2719,440.0,34605350,442.0,97509,457.0,34197
2721,2719,2720,442.0,34702871,457.0,34197,388.0,70964
2722,2720,2721,457.0,34591757,388.0,70964,387.0,97483
2723,2721,2722,388.0,34628524,387.0,97483,405.0,214103
2724,2722,2723,387.0,34725971,405.0,214103,335.0,94378
2725,2723,2724,405.0,34771663,335.0,94378,333.0,97506
2726,2724,2725,335.0,34651938,333.0,97506,351.0,206007
2727,2725,2726,333.0,34749430,351.0,206007,586.0,102437
2728,2726,2727,351.0,34763567,586.0,102437,582.0,1046459
2729,2727,2728,586.0,38375461,582.0,1046459,573.0,87469
2730,2728,2729,582.0,192411579,573.0,87469,570.0,470581
2731,2729,2730,573.0,34883357,570.0,470581,556.0,49728
2732,2730,2731,570.0,163634441,556.0,49728,556.0,99461
2733,2731,2732,556.0,34845616,556.0,99461,498.0,14606
2734,2732,2733,556.0,34945077,498.0,14606,519.0,99130
2735,2733,2734,498.0,162769566,519.0,99130,519.0,99126
2736,2734,2735,519.0,34905682,519.0,99126,464.0,160705
2737,2735,2736,519.0,35004808,464.0,160705,441.0,78735
2738,2736,2737,464.0,34956593,441.0,78735,439.0,97510
2739,2737,2738,441.0,34874623,439.0,97510,390.0,4440
2740,2738,2739,439.0,34972076,390.0,4440,389.0,97492
2741,2739,2740,390.0,34800328,389.0,97492,388.0,97467
2742,2740,2741,389.0,34897782,388.0,97467,335.0,27827
2743,2741,2742,388.0,34995221,335.0,27827,336.0,97473
2744,2742,2743,335.0,34823715,336.0,97473,334.0,97522
2745,2743,2744,336.0,34921199,334.0,97522,300.0,460460
2746,2744,2745,334.0,35018712,300.0,460460,586.0,207386
2747,2745,2746,300.0,174439900,586.0,207386,570.0,87630
2748,2746,2747,586.0,38742554,570.0,87630,573.0,100572
2749,2747,2748,570.0,163957350,573.0,100572,573.0,100607
2750,2748,2749,573.0,35153574,573.0,100607,543.0,379747
2751,2749,2750,573.0,35254181,543.0,379747,556.0,99457
2752,2750,2751,543.0,164249467,556.0,99457,498.0,171890
2753,2751,2752,556.0,35214955,498.0,171890,498.0,495592
2754,2752,2753,498.0,164041610,498.0,495592,482.0,18584
2755,2753,2754,498.0,164537202,482.0,18584,439.0,12093
2756,2754,2755,482.0,35052800,439.0,12093,441.0,97471
2757,2755,2756,439.0,35046309,441.0,97471,440.0,97507
2758,2756,2757,441.0,35143839,440.0,97507,387.0,35293
2759,2757,2758,440.0,35241339,387.0,35293,393.0,100624
2760,2758,2759,387.0,35069509,393.0,100624,390.0,97517
2761,2759,2760,393.0,36301456,390.0,97517,335.0,58727
2762,2760,2761,390.0,35264537,335.0,58727,333.0,97505
2763,2761,2762,335.0,35092943,333.0,97505,351.0,62178
2764,2762,2763,333.0,35190435,351.0,62178,300.0,1081874
2765,2763,2764,351.0,35096394,300.0,1081874,582.0,306838
2766,2764,2765,300.0,176252954,582.0,306838,573.0,50682
2767,2765,2766,582.0,194293398,573.0,50682,570.0,470431
2768,2766,2767,573.0,35323226,570.0,470431,543.0,62320
2769,2767,2768,570.0,165691841,543.0,62320,543.0,465095
2770,2768,2769,543.0,165046800,543.0,465095,543.0,465095
2771,2769,2770,543.0,165511895,543.0,465095,498.0,329157
2772,2770,2771,543.0,165976990,498.0,329157,498.0,495592
2773,2771,2772,498.0,165313637,498.0,495592,464.0,13394
2774,2772,2773,498.0,165809229,464.0,13394,440.0,43033
2775,2773,2774,464.0,35285938,440.0,43033,439.0,97524
2776,2774,2775,440.0,35315577,439.0,97524,441.0,97512
2777,2775,2776,439.0,35413096,441.0,97512,389.0,66274
2778,2776,2777,441.0,35510610,389.0,66274,388.0,97502
2779,2777,2778,389.0,35338818,388.0,97502,405.0,177457
2780,2778,2779,388.0,35436262,405.0,177457,318.0,41946
2781,2779,2780,405.0,35450001,318.0,41946,334.0,97516
2782,2780,2781,318.0,16540394,334.0,97516,351.0,186948
2783,2781,2782,334.0,35459712,351.0,186948,586.0,86407
2784,2782,2783,351.0,35459492,586.0,86407,582.0,948454
2785,2783,2784,586.0,39145863,582.0,948454,565.0,77237
2786,2784,2785,582.0,196245734,565.0,77237,573.0,100592
2787,2785,2786,565.0,33297085,573.0,100592,556.0,44926
2788,2786,2787,573.0,35694048,556.0,44926,556.0,99461
2789,2787,2788,556.0,35555798,556.0,99461,519.0,5793
2790,2788,2789,556.0,35655259,519.0,5793,519.0,99180
2791,2789,2790,519.0,35516665,519.0,99180,498.0,495646
2792,2790,2791,519.0,35615845,498.0,495646,464.0,141186
2793,2791,2792,498.0,167081276,464.0,141186,441.0,73986
2794,2792,2793,464.0,35652058,441.0,73986,440.0,97522
2795,2793,2794,441.0,35584858,440.0,97522,457.0,235940
2796,2794,2795,440.0,35682360,457.0,235940,390.0,97198
2797,2795,2796,457.0,35746812,390.0,97198,389.0,97494
2798,2796,2797,390.0,35608070,389.0,97494,335.0,23075
2799,2797,2798,389.0,35705520,335.0,23075,333.0,97502
2800,2798,2799,335.0,35533947,333.0,97502,334.0,97475
2801,2799,2800,333.0,35631438,334.0,97475,299.0,73107
2802,2800,2801,334.0,35728937,299.0,73107,586.0,191355
2803,2801,2802,299.0,35583979,586.0,191355,573.0,13895
2804,2802,2803,586.0,39512955,573.0,13895,573.0,100607
2805,2803,2804,573.0,35763095,573.0,100607,570.0,470588
2806,2804,2805,573.0,35863702,570.0,470588,556.0,76460
2807,2805,2806,570.0,168219928,556.0,76460,556.0,99461
2808,2806,2807,556.0,35825660,556.0,99461,519.0,37297
2809,2807,2808,556.0,35925121,519.0,37297,519.0,99126
2810,2808,2809,519.0,35786497,519.0,99126,519.0,99326
2811,2809,2810,519.0,35885623,519.0,99326,440.0,7406
2812,2810,2811,519.0,35984949,440.0,7406,423.0,45605
2813,2811,2812,440.0,35756606,423.0,45605,440.0,97469
2814,2812,2813,423.0,16770485,440.0,97469,388.0,30607
2815,2813,2814,440.0,35951573,388.0,30607,387.0,97489
2816,2814,2815,388.0,35779807,387.0,97489,393.0,100660
2817,2815,2816,387.0,35877255,393.0,100660,336.0,54009
2818,2816,2817,393.0,37135284,336.0,54009,334.0,97521
2819,2817,2818,336.0,35803209,334.0,97521,351.0,43125
2820,2818,2819,334.0,35900723,351.0,43125,300.0,986982
2821,2819,2820,351.0,35792325,300.0,986982,582.0,208860
2822,2820,2821,300.0,179732982,582.0,208860,570.0,214081
2823,2821,2822,582.0,198127580,570.0,214081,573.0,100573
2824,2822,2823,570.0,168542841,573.0,100573,543.0,39654
2825,2823,2824,573.0,36133919,543.0,39654,556.0,99458
2826,2824,2825,543.0,168368414,556.0,99458,556.0,99442
2827,2825,2826,556.0,36095542,556.0,99442,519.0,68747
2828,2826,2827,556.0,36194984,519.0,68747,519.0,99126
2829,2827,2828,519.0,36056275,519.0,99126,482.0,226585
2830,2828,2829,519.0,36155401,482.0,226585,441.0,38355
2831,2829,2830,482.0,36214113,441.0,38355,439.0,97484
2832,2830,2831,441.0,36025883,439.0,97484,441.0,97483
2833,2831,2832,439.0,36123328,441.0,97483,389.0,61536
2834,2832,2833,441.0,36220853,389.0,61536,388.0,97471
2835,2833,2834,389.0,36049064,388.0,97471,405.0,140831
2836,2834,2835,388.0,36146503,405.0,140831,333.0,84921
2837,2835,2836,405.0,36128359,333.0,84921,334.0,97480
2838,2836,2837,333.0,36072449,334.0,97480,351.0,167900
2839,2837,2838,334.0,36169948,351.0,167900,586.0,70386
2840,2838,2839,351.0,36155428,586.0,70386,582.0,850504
2841,2839,2840,586.0,39916274,582.0,850504,573.0,77718
2842,2840,2841,582.0,200079944,573.0,77718,570.0,470459
2843,2841,2842,573.0,36303574,570.0,470459,543.0,187349
2844,2842,2843,570.0,170277349,543.0,187349,543.0,465095
2845,2843,2844,543.0,169630869,543.0,465095,519.0,744
2846,2844,2845,543.0,170095964,519.0,744,498.0,462235
2847,2845,2846,519.0,36226600,498.0,462235,519.0,99129
2848,2846,2847,498.0,169905755,519.0,99129,464.0,121675
2849,2847,2848,519.0,36425177,464.0,121675,442.0,69287
2850,2848,2849,464.0,36347531,442.0,69287,440.0,97486
2851,2849,2850,442.0,36295143,440.0,97486,457.0,199585
2852,2850,2851,440.0,36392596,457.0,199585,393.0,95463
2853,2851,2852,457.0,36425441,393.0,95463,389.0,97465
2854,2852,2853,393.0,37489895,389.0,97465,336.0,18357
2855,2853,2854,389.0,36415763,336.0,18357,334.0,97520
2856,2854,2855,336.0,36244213,334.0,97520,335.0,97503
2857,2855,2856,334.0,36341728,335.0,97503,300.0,270654
2858,2856,2857,335.0,36439237,300.0,270654,586.0,175331
2859,2857,2858,300.0,181399934,586.0,175331,573.0,9042
2860,2858,2859,586.0,40283363,573.0,9042,570.0,470602
2861,2859,2860,573.0,36473226,570.0,470602,573.0,100596
2862,2860,2861,570.0,171070932,573.0,100596,556.0,71661
2863,2861,2862,573.0,36674396,556.0,71661,543.0,465011
2864,2862,2863,556.0,36535845,543.0,465011,498.0,123917
2865,2863,2864,543.0,171358401,498.0,123917,498.0,495592
2866,2864,2865,498.0,170682197,498.0,495592,508.0,369
2867,2865,2866,498.0,171177789,508.0,369,441.0,2716
2868,2866,2867,508.0,2941029,441.0,2716,439.0,97500
2869,2867,2868,441.0,36466900,439.0,97500,441.0,97495
2870,2868,2869,439.0,36564350,441.0,97495,388.0,25856
2871,2869,2870,441.0,36661871,388.0,25856,388.0,97507
2872,2870,2871,388.0,36490040,388.0,97507,387.0,97494
2873,2871,2872,388.0,36587547,387.0,97494,333.0,49268
2874,2872,2873,387.0,36684996,333.0,49268,334.0,97477
2875,2873,2874,333.0,36513452,334.0,97477,351.0,24069
2876,2874,2875,334.0,36610951,351.0,24069,300.0,892076
2877,2875,2876,351.0,36488253,300.0,892076,582.0,110868
2878,2876,2877,300.0,183212996,582.0,110868,573.0,40930
2879,2877,2878,582.0,201961748,573.0,40930,573.0,100607
2880,2878,2879,573.0,36743442,573.0,100607,556.0,3734
2881,2879,2880,573.0,36844049,556.0,3734,556.0,99461
2882,2880,2881,556.0,36706246,556.0,99461,556.0,99461
2883,2881,2882,556.0,36805707,556.0,99461,519.0,63927
2884,2882,2883,556.0,36905168,519.0,63927,498.0,495631
2885,2883,2884,519.0,36766439,498.0,495631,482.0,189093
2886,2884,2885,498.0,172449841,482.0,189093,441.0,33607
2887,2885,2886,482.0,36891605,441.0,33607,440.0,97502
2888,2886,2887,441.0,36736119,440.0,97502,442.0,97483
2889,2887,2888,440.0,36833618,442.0,97483,390.0,56850
2890,2888,2889,442.0,36931125,390.0,56850,389.0,97500
2891,2889,2890,390.0,36759362,389.0,97500,405.0,104190
2892,2890,2891,389.0,36856804,405.0,104190,334.0,80221
2893,2891,2892,405.0,36806702,334.0,80221,335.0,97502
2894,2892,2893,334.0,36782733,335.0,97502,351.0,148843
2895,2893,2894,335.0,36880242,351.0,148843,586.0,54357
2896,2894,2895,351.0,36851355,586.0,54357,582.0,752505
2897,2895,2896,586.0,40686677,582.0,752505,570.0,340534
2898,2896,2897,582.0,203914105,570.0,340534,573.0,100575
2899,2897,2898,570.0,173128334,573.0,100575,556.0,35286
2900,2898,2899,573.0,37114265,556.0,35286,556.0,99461
2901,2899,2900,556.0,36976126,556.0,99461,556.0,99442
2902,2900,2901,556.0,37075587,556.0,99442,519.0,95376
2903,2901,2902,556.0,37175029,519.0,95376,519.0,99126
2904,2902,2903,519.0,37036216,519.0,99126,464.0,102163
2905,2903,2904,519.0,37135342,464.0,102163,409.0,1042
2906,2904,2905,464.0,37043003,409.0,1042,441.0,97514
2907,2905,2906,409.0,596862,441.0,97514,457.0,163228
2908,2906,2907,441.0,37102896,457.0,163228,387.0,87701
2909,2907,2908,457.0,37104068,387.0,87701,363.0,48761
2910,2908,2909,387.0,37028541,363.0,48761,333.0,13623
2911,2909,2910,363.0,18563046,333.0,13623,334.0,97481
2912,2910,2911,333.0,36954463,334.0,97481,335.0,97470
2913,2911,2912,334.0,37051961,335.0,97470,300.0,175774
2914,2912,2913,335.0,37149476,300.0,175774,586.0,159308
2915,2913,2914,300.0,184879974,586.0,159308,570.0,19379
2916,2914,2915,586.0,41053772,570.0,19379,573.0,100598
2917,2915,2916,570.0,173921939,573.0,100598,570.0,470474
2918,2916,2917,573.0,37283920,570.0,470474,543.0,312364
2919,2917,2918,570.0,174862844,543.0,312364,543.0,465095
2920,2918,2919,543.0,174214924,543.0,465095,519.0,27699
2921,2919,2920,543.0,174680019,519.0,27699,519.0,99126
2922,2920,2921,519.0,37206867,519.0,99126,519.0,99126
2923,2921,2922,519.0,37305993,519.0,99126,464.0,229954
2924,2922,2923,519.0,37405119,464.0,229954,440.0,95477
2925,2923,2924,464.0,37409122,440.0,95477,441.0,97465
2926,2924,2925,440.0,37274645,441.0,97465,389.0,21179
2927,2925,2926,441.0,37372113,389.0,21179,388.0,97477
2928,2926,2927,389.0,37200347,388.0,97477,388.0,97507
2929,2927,2928,388.0,37297787,388.0,97507,334.0,44575
2930,2928,2929,388.0,37395294,334.0,44575,335.0,97506
2931,2929,2930,334.0,37223743,335.0,97506,351.0,5020
2932,2930,2931,335.0,37321252,351.0,5020,300.0,797204
2933,2931,2932,351.0,37184188,300.0,797204,582.0,12910
2934,2932,2933,300.0,186693044,582.0,12910,573.0,36078
2935,2933,2934,582.0,205795950,573.0,36078,570.0,470631
2936,2934,2935,573.0,37453574,570.0,470631,573.0,100600
2937,2935,2936,570.0,175656441,573.0,100600,543.0,460055
2938,2936,2937,573.0,37654744,543.0,460055,543.0,465095
2939,2937,2938,543.0,175477375,543.0,465095,498.0,256994
2940,2938,2939,543.0,175942470,498.0,256994,519.0,99126
2941,2939,2940,498.0,175274314,519.0,99126,482.0,151609
2942,2940,2941,519.0,37575770,482.0,151609,416.0,14457
2943,2941,2942,482.0,37569105,416.0,14457,440.0,97465
2944,2942,2943,416.0,18723205,440.0,97465,439.0,97519
2945,2943,2944,440.0,37543853,439.0,97519,363.0,26042
2946,2944,2945,439.0,37641371,363.0,26042,389.0,97471
2947,2945,2946,363.0,18734790,389.0,97471,405.0,67559
2948,2946,2947,389.0,37567047,405.0,67559,334.0,75470
2949,2947,2948,405.0,37485055,334.0,75470,335.0,97469
2950,2948,2949,334.0,37492966,335.0,97469,351.0,129792
2951,2949,2950,335.0,37590481,351.0,129792,586.0,38333
2952,2950,2951,351.0,37547288,586.0,38333,582.0,654537
2953,2951,2952,586.0,41457085,582.0,654537,573.0,67966
2954,2952,2953,582.0,207748297,573.0,67966,573.0,100607
2955,2953,2954,573.0,37723790,573.0,100607,556.0,30469
2956,2954,2955,573.0,37824397,556.0,30469,556.0,99461
2957,2955,2956,556.0,37686293,556.0,99461,556.0,99461
2958,2956,2957,556.0,37785754,556.0,99461,498.0,414284
2959,2957,2958,556.0,37885215,498.0,414284,498.0,495592
2960,2958,2959,498.0,176546364,498.0,495592,464.0,82649
2961,2959,2960,498.0,177041956,464.0,82649,439.0,59784
2962,2960,2961,464.0,37738473,439.0,59784,441.0,97481
2963,2961,2962,439.0,37715608,441.0,97481,457.0,126869
2964,2962,2963,441.0,37813135,457.0,126869,388.0,83012
2965,2963,2964,457.0,37782693,388.0,83012,387.0,97507
2966,2964,2965,388.0,37738836,387.0,97507,334.0,8927
2967,2965,2966,387.0,37836287,334.0,8927,335.0,97508
2968,2966,2967,334.0,37664751,335.0,97508,311.0,48756
2969,2967,2968,335.0,37762260,311.0,48756,300.0,80888
2970,2968,2969,311.0,18929895,300.0,80888,586.0,143283
2971,2969,2970,300.0,188360008,586.0,143283,582.0,1296185
2972,2970,2971,586.0,41824179,582.0,1296185,570.0,467007
2973,2971,2972,582.0,209700665,570.0,467007,573.0,100580
2974,2972,2973,570.0,177713847,573.0,100580,556.0,62022
2975,2973,2974,573.0,38094614,556.0,62022,556.0,99451
2976,2974,2975,556.0,37956174,556.0,99451,519.0,22881
2977,2975,2976,556.0,38055625,519.0,22881,498.0,495615
2978,2976,2977,519.0,37917033,498.0,495615,498.0,495592
2979,2977,2978,498.0,177818405,498.0,495592,464.0,210439
2980,2978,2979,498.0,178313997,464.0,210439,440.0,90726
2981,2979,2980,464.0,38104591,440.0,90726,445.0,100663
2982,2980,2981,440.0,37984878,445.0,100663,389.0,16436
2983,2981,2982,445.0,39310903,389.0,16436,389.0,97501
2984,2982,2983,389.0,37910588,389.0,97501,388.0,97484
2985,2983,2984,389.0,38008089,388.0,97484,334.0,39821
2986,2984,2985,388.0,38105530,334.0,39821,335.0,97470
2987,2985,2986,334.0,37933973,335.0,97470,333.0,97495
2988,2986,2987,335.0,38031488,333.0,97495,300.0,702304
2989,2987,2988,333.0,38128977,300.0,702304,586.0,248229
2990,2988,2989,300.0,190173064,586.0,248229,570.0,145834
2991,2989,2990,586.0,42191269,570.0,145834,573.0,100600
2992,2990,2991,570.0,178507434,573.0,100600,570.0,470488
2993,2991,2992,573.0,38264266,570.0,470488,543.0,437379
2994,2992,2993,570.0,179448338,543.0,437379,556.0,99457
2995,2993,2994,543.0,178798979,556.0,99457,519.0,54329
2996,2994,2995,556.0,38325495,519.0,54329,519.0,99126
2997,2995,2996,519.0,38186809,519.0,99126,482.0,114125
2998,2996,2997,519.0,38285935,482.0,114125,439.0,24155
2999,2997,2998,482.0,38246605,439.0,24155,441.0,97496
3000,2998,2999,439.0,38156635,441.0,97496,439.0,97474
3001,2999,3000,441.0,38254156,439.0,97474,387.0,47346
3002,3000,3001,439.0,38351598,387.0,47346,390.0,97469
3003,3001,3002,387.0,38179826,390.0,97469,405.0,30926
3004,3002,3003,390.0,38277317,405.0,30926,335.0,70785
3005,3003,3004,405.0,38163406,335.0,70785,311.0,48747
3006,3004,3005,335.0,38203265,311.0,48747,351.0,110740
3007,3005,3006,311.0,19150389,351.0,110740,586.0,22308
3008,3006,3007,351.0,38243220,586.0,22308,582.0,556562
3009,3007,3008,586.0,42227492,582.0,556562,573.0,63112
3010,3008,3009,582.0,211582482,573.0,63112,570.0,470645
3011,3009,3010,573.0,38433920,570.0,470645,543.0,119971
3012,3010,3011,570.0,180241935,543.0,119971,543.0,465095
3013,3011,3012,543.0,179596331,543.0,465095,543.0,465095
3014,3012,3013,543.0,180061426,543.0,465095,519.0,85777
3015,3013,3014,543.0,180526521,519.0,85777,519.0,99126
3016,3014,3015,519.0,38456585,519.0,99126,464.0,63133
3017,3015,3016,519.0,38555711,464.0,63133,440.0,55092
3018,3016,3017,464.0,38433941,440.0,55092,442.0,97479
3019,3017,3018,440.0,38425900,442.0,97479,457.0,90503
3020,3018,3019,442.0,38523405,457.0,90503,388.0,78261
3021,3019,3020,457.0,38461311,388.0,78261,388.0,97507
3022,3020,3021,388.0,38449069,388.0,97507,334.0,4170
3023,3021,3022,388.0,38546576,334.0,4170,335.0,97469
3024,3022,3023,334.0,38374978,335.0,97469,333.0,97494
3025,3023,3024,335.0,38472493,333.0,97494,351.0,235513
3026,3024,3025,333.0,38569982,351.0,235513,586.0,127255
3027,3025,3026,351.0,38606321,586.0,127255,582.0,1198193
3028,3026,3027,586.0,42594583,582.0,1198193,573.0,95000
3029,3027,3028,582.0,213534833,573.0,95000,573.0,100607
3030,3028,3029,573.0,38704136,573.0,100607,556.0,57202
3031,3029,3030,573.0,38804743,556.0,57202,556.0,99461
3032,3030,3031,556.0,38666338,556.0,99461,519.0,18102
3033,3031,3032,556.0,38765799,519.0,18102,519.0,99126
3034,3032,3033,519.0,38627238,519.0,99126,519.0,99126
3035,3033,3034,519.0,38726364,519.0,99126,464.0,190928
3036,3034,3035,519.0,38825490,464.0,190928,441.0,86043
3037,3035,3036,464.0,38800064,441.0,86043,439.0,97498
3038,3036,3037,441.0,38695179,439.0,97498,390.0,11724
3039,3037,3038,439.0,38792628,390.0,11724,389.0,97479
3040,3038,3039,390.0,38620860,389.0,97479,389.0,97501
3041,3039,3040,389.0,38718333,389.0,97501,335.0,35137
3042,3040,3041,389.0,38815834,335.0,35137,318.0,45589
3043,3041,3042,335.0,38644273,318.0,45589,334.0,97515
3044,3042,3043,318.0,18121144,334.0,97515,300.0,607425
3045,3043,3044,334.0,38839269,300.0,607425,586.0,232206
3046,3044,3045,300.0,193653105,586.0,232206,573.0,26328
3047,3045,3046,586.0,42961678,573.0,26328,570.0,470516
3048,3046,3047,573.0,38873792,570.0,470516,573.0,100584
3049,3047,3048,570.0,182299356,573.0,100584,556.0,88757
3050,3048,3049,573.0,39074962,556.0,88757,556.0,99442
3051,3049,3050,556.0,38936221,556.0,99442,498.0,209051
3052,3050,3051,556.0,39035663,498.0,209051,498.0,495592
3053,3051,3052,498.0,181914931,498.0,495592,482.0,76646
3054,3052,3053,498.0,182410523,482.0,76646,440.0,19465
3055,3053,3054,482.0,38924110,440.0,19465,441.0,97465
3056,3054,3055,440.0,38866929,441.0,97465,440.0,97500
3057,3055,3056,441.0,38964397,440.0,97500,384.0,688
3058,3056,3057,440.0,39061896,384.0,688,387.0,97516
3059,3057,3058,384.0,627260,387.0,97516,390.0,97491
3060,3058,3059,387.0,38987574,390.0,97491,335.0,66040
3061,3059,3060,390.0,39085075,335.0,66040,333.0,97501
3062,3060,3061,335.0,38913504,333.0,97501,351.0,91691
3063,3061,3062,333.0,39010995,351.0,91691,586.0,6286
3064,3062,3063,351.0,38939155,586.0,6286,582.0,458606
3065,3063,3064,586.0,42997902,582.0,458606,570.0,272308
3066,3064,3065,582.0,215416686,570.0,272308,573.0,100605
3067,3065,3066,570.0,183092948,573.0,100605,543.0,97320
3068,3066,3067,573.0,39244615,543.0,97320,556.0,99458
3069,3067,3068,543.0,182917960,556.0,99458,556.0,99461
3070,3068,3069,556.0,39206082,556.0,99461,498.0,366327
3071,3069,3070,556.0,39305543,498.0,366327,498.0,495592
3072,3070,3071,498.0,183186967,498.0,495592,464.0,43622
3073,3071,3072,498.0,183682559,464.0,43622,433.0,813
3074,3072,3073,464.0,39129414,433.0,813,439.0,97518
3075,3073,3074,433.0,631229,439.0,97518,457.0,54149
3076,3074,3075,439.0,39233654,457.0,54149,389.0,73582
3077,3075,3076,457.0,39139941,389.0,73582,388.0,97492
3078,3076,3077,389.0,39159374,388.0,97492,405.0,234207
3079,3077,3078,388.0,39256816,405.0,234207,311.0,48515
3080,3078,3079,405.0,39319999,311.0,48515,334.0,97514
3081,3079,3080,311.0,19591411,334.0,97514,351.0,216462
3082,3080,3081,334.0,39280274,351.0,216462,586.0,111231
3083,3081,3082,351.0,39302254,586.0,111231,582.0,1100224
3084,3082,3083,586.0,43364991,582.0,1100224,573.0,90147
3085,3083,3084,582.0,217369024,573.0,90147,570.0,470666
3086,3084,3085,573.0,39414267,570.0,470666,543.0,244993
3087,3085,3086,570.0,184827436,543.0,244993,543.0,465095
3088,3086,3087,543.0,184180393,543.0,465095,519.0,13282
3089,3087,3088,543.0,184645488,519.0,13282,519.0,99126
3090,3088,3089,519.0,39337402,519.0,99126,498.0,495608
3091,3089,3090,519.0,39436528,498.0,495608,464.0,171411
3092,3090,3091,498.0,184954598,464.0,171411,441.0,81295
3093,3091,3092,464.0,39495531,441.0,81295,440.0,97514
3094,3092,3093,441.0,39405415,440.0,97514,387.0,6990
3095,3093,3094,440.0,39502916,387.0,6990,390.0,97480
3096,3094,3095,387.0,39331110,390.0,97480,389.0,97483
3097,3095,3096,390.0,39428606,389.0,97483,335.0,30388
3098,3096,3097,389.0,39526073,335.0,30388,333.0,97498
3099,3097,3098,335.0,39354508,333.0,97498,334.0,97472
3100,3098,3099,333.0,39451998,334.0,97472,300.0,512522
3101,3099,3100,334.0,39549498,300.0,512522,586.0,216179
3102,3100,3101,300.0,197133122,586.0,216179,570.0,100187
3103,3101,3102,586.0,43732083,570.0,100187,573.0,100584
3104,3102,3103,570.0,185150347,573.0,100584,572.0,8112
3105,3103,3104,573.0,39684484,572.0,8112,556.0,83936
3106,3104,3105,572.0,3208472,556.0,83936,543.0,465004
3107,3105,3106,556.0,39646384,543.0,465004,519.0,44731
3108,3106,3107,543.0,185907934,519.0,44731,519.0,99126
3109,3107,3108,519.0,39607179,519.0,99126,482.0,39154
3110,3108,3109,519.0,39706305,482.0,39154,440.0,14711
3111,3109,3110,482.0,39601602,440.0,14711,445.0,100650
3112,3110,3111,440.0,39577159,445.0,100650,441.0,97522
3113,3111,3112,445.0,40954538,441.0,97522,388.0,37907
3114,3112,3113,441.0,39772190,388.0,37907,387.0,97470
3115,3113,3114,388.0,39600355,387.0,97470,387.0,97516
3116,3114,3115,387.0,39697800,387.0,97516,311.0,30685
3117,3115,3116,387.0,39795316,311.0,30685,334.0,97514
3118,3116,3117,311.0,19811909,334.0,97514,351.0,72634
3119,3117,3118,334.0,39721280,351.0,72634,300.0,1133949
3120,3118,3119,351.0,39635082,300.0,1133949,582.0,360606
3121,3119,3120,300.0,198946189,582.0,360606,573.0,53361
3122,3120,3121,582.0,219250846,573.0,53361,570.0,470524
3123,3121,3122,573.0,39854137,570.0,470524,556.0,16029
3124,3122,3123,570.0,186884844,556.0,16029,556.0,99461
3125,3123,3124,556.0,39816805,556.0,99461,556.0,99442
3126,3124,3125,556.0,39916266,556.0,99442,519.0,76182
3127,3125,3126,556.0,40015708,519.0,76182,519.0,99126
3128,3126,3127,519.0,39876958,519.0,99126,464.0,24112
3129,3127,3128,519.0,39976084,464.0,24112,441.0,45665
3130,3128,3129,464.0,39824888,441.0,45665,439.0,97476
3131,3129,3130,441.0,39846441,439.0,97476,457.0,17796
3132,3130,3131,439.0,39943884,457.0,17796,389.0,68842
3133,3131,3132,457.0,39818572,389.0,68842,389.0,97501
3134,3132,3133,389.0,39869618,389.0,97501,405.0,197578
3135,3133,3134,389.0,39967119,405.0,197578,333.0,92234
3136,3134,3135,405.0,39998354,333.0,92234,334.0,97477
3137,3135,3136,333.0,39893010,334.0,97477,351.0,197413
3138,3136,3137,334.0,39990509,351.0,197413,586.0,95209
3139,3137,3138,351.0,39998189,586.0,95209,582.0,1002268
3140,3138,3139,586.0,44135401,582.0,1002268,573.0,85252
3141,3139,3140,582.0,221203228,573.0,85252,573.0,100607
3142,3140,3141,573.0,40124356,573.0,100607,556.0,47565
3143,3141,3142,573.0,40224963,556.0,47565,556.0,99461
3144,3142,3143,556.0,40086669,556.0,99461,498.0,3815
3145,3143,3144,556.0,40186130,498.0,3815,519.0,99138
3146,3144,3145,498.0,187283495,519.0,99138,519.0,99126
3147,3145,3146,519.0,40146736,519.0,99126,464.0,151906
3148,3146,3147,519.0,40245862,464.0,151906,442.0,76599
3149,3147,3148,464.0,40191010,442.0,76599,440.0,97484
3150,3148,3149,442.0,40115703,440.0,97484,387.0,2246
3151,3149,3150,440.0,40213158,387.0,2246,393.0,100620
3152,3150,3151,387.0,40041350,393.0,100620,390.0,97515
3153,3151,3152,393.0,41433676,390.0,97515,336.0,25678
3154,3152,3153,390.0,40236377,336.0,25678,334.0,97522
3155,3153,3154,336.0,40064782,334.0,97522,335.0,97505
3156,3154,3155,334.0,40162294,335.0,97505,300.0,417668
3157,3155,3156,335.0,40259803,300.0,417668,586.0,200159
3158,3156,3157,300.0,200613188,586.0,200159,573.0,16579
3159,3157,3158,586.0,44502495,573.0,16579,570.0,470409
3160,3158,3159,573.0,40294011,570.0,470409,573.0,100569
3161,3159,3160,570.0,188942279,573.0,100569,543.0,370043
3162,3160,3161,573.0,40495181,543.0,370043,543.0,465095
3163,3161,3162,543.0,188764483,543.0,465095,498.0,161099
3164,3162,3163,543.0,189229578,498.0,161099,498.0,495592
3165,3163,3164,498.0,188555539,498.0,495592,482.0,1679
3166,3164,3165,498.0,189051131,482.0,1679,441.0,10031
3167,3165,3166,482.0,40279111,441.0,10031,439.0,97498
3168,3166,3167,441.0,40287463,439.0,97498,441.0,97493
3169,3167,3168,439.0,40384912,441.0,97493,389.0,33228
3170,3168,3169,441.0,40482433,389.0,33228,388.0,97502
3171,3169,3170,389.0,40310660,388.0,97502,387.0,97485
3172,3170,3171,388.0,40408104,387.0,97485,333.0,56585
3173,3171,3172,387.0,40505551,333.0,56585,334.0,97478
3174,3172,3173,333.0,40334017,334.0,97478,351.0,53586
3175,3173,3174,334.0,40431516,351.0,53586,300.0,1039083
3176,3174,3175,351.0,40331018,300.0,1039083,582.0,262655
3177,3175,3176,300.0,202426243,582.0,262655,570.0,226660
3178,3176,3177,582.0,223085055,570.0,226660,573.0,100589
3179,3177,3178,570.0,189735860,573.0,100589,556.0,11212
3180,3178,3179,573.0,40664833,556.0,11212,543.0,465019
3181,3179,3180,556.0,40526972,543.0,465019,543.0,465095
3182,3180,3181,543.0,190026919,543.0,465095,519.0,71363
3183,3181,3182,543.0,190492014,519.0,71363,498.0,495600
3184,3182,3183,519.0,40587123,498.0,495600,464.0,4598
3185,3183,3184,498.0,190323170,464.0,4598,442.0,40980
3186,3184,3185,464.0,40520358,442.0,40980,440.0,97498
3187,3185,3186,442.0,40556740,440.0,97498,442.0,97475
3188,3186,3187,440.0,40654178,442.0,97475,390.0,64148
3189,3187,3188,442.0,40751681,390.0,64148,389.0,97492
3190,3188,3189,390.0,40579908,389.0,97492,405.0,160941
3191,3189,3190,389.0,40677360,405.0,160941,334.0,87536
3192,3190,3191,405.0,40676701,334.0,87536,335.0,97502
3193,3191,3192,334.0,40603296,335.0,97502,351.0,178359
3194,3192,3193,335.0,40700806,351.0,178359,586.0,79183
3195,3193,3194,351.0,40694119,586.0,79183,582.0,904288
3196,3194,3195,586.0,44905807,582.0,904288,573.0,80398
3197,3195,3196,582.0,225037408,573.0,80398,570.0,470559
3198,3196,3197,573.0,40834486,570.0,470559,556.0,42765
3199,3197,3198,570.0,191470359,556.0,42765,556.0,99445
3200,3198,3199,556.0,40796853,556.0,99445,519.0,3545
3201,3199,3200,556.0,40896298,519.0,3545,519.0,99268
3202,3200,3201,519.0,40757633,519.0,99268,519.0,99126
3203,3201,3202,519.0,40856901,519.0,99126,464.0,132393
3204,3202,3203,519.0,40956027,464.0,132393,439.0,71855
3205,3203,3204,464.0,40886481,439.0,71855,441.0,97511
3206,3204,3205,439.0,40825943,441.0,97511,457.0,219555
3207,3205,3206,441.0,40923457,457.0,219555,387.0,95007
3208,3206,3207,457.0,40973643,387.0,95007,393.0,100652
3209,3207,3208,387.0,40849095,393.0,100652,333.0,20939
3210,3208,3209,393.0,42267500,333.0,20939,334.0,97481
3211,3209,3210,333.0,40775027,334.0,97481,335.0,97470
3212,3210,3211,334.0,40872525,335.0,97470,300.0,322776
3213,3211,3212,335.0,40970040,300.0,322776,586.0,184134
3214,3212,3213,300.0,204093216,586.0,184134,570.0,54559
3215,3213,3214,586.0,45272902,570.0,54559,573.0,100570
3216,3214,3215,570.0,191793279,573.0,100570,573.0,100607
3217,3215,3216,573.0,41104704,573.0,100607,556.0,74300
3218,3216,3217,573.0,41205311,556.0,74300,556.0,99461
3219,3217,3218,556.0,41066716,556.0,99461,519.0,35138
3220,3218,3219,556.0,41166177,519.0,35138,519.0,99126
3221,3219,3220,519.0,41027554,519.0,99126,519.0,99223
3222,3220,3221,519.0,41126680,519.0,99223,441.0,5292
3223,3221,3222,519.0,41225903,441.0,5292,440.0,97525
3224,3222,3223,441.0,40997708,440.0,97525,441.0,97467
3225,3223,3224,440.0,41095211,441.0,97467,389.0,28493
3226,3224,3225,441.0,41192679,389.0,28493,388.0,97475
3227,3225,3226,389.0,41020909,388.0,97475,388.0,97507
3228,3226,3227,388.0,41118349,388.0,97507,333.0,51834
3229,3227,3228,388.0,41215856,333.0,51834,335.0,97511
3230,3228,3229,333.0,41044250,335.0,97511,351.0,34542
3231,3229,3230,335.0,41141821,351.0,34542,300.0,944236
3232,3230,3231,351.0,41026958,300.0,944236,582.0,164724
3233,3231,3232,300.0,205906316,582.0,164724,573.0,43616
3234,3232,3233,582.0,226919284,573.0,43616,570.0,470445
3235,3233,3234,573.0,41274360,570.0,470445,543.0,29981
3236,3234,3235,570.0,193527795,543.0,29981,556.0,99449
3237,3235,3236,543.0,192883461,556.0,99449,556.0,99461
3238,3236,3237,556.0,41336579,556.0,99461,519.0,66588
3239,3237,3238,556.0,41436040,519.0,66588,519.0,99126
3240,3238,3239,519.0,41297332,519.0,99126,482.0,209695
3241,3239,3240,519.0,41396458,482.0,209695,423.0,16950
3242,3240,3241,482.0,41440439,423.0,16950,440.0,97469
3243,3241,3242,423.0,19302298,440.0,97469,439.0,97524
3244,3242,3243,440.0,41364421,439.0,97524,393.0,61375
3245,3243,3244,439.0,41461940,393.0,61375,389.0,97470
3246,3244,3245,393.0,42622143,389.0,97470,405.0,124326
3247,3245,3246,389.0,41387610,405.0,124326,334.0,82793
3248,3246,3247,405.0,41355070,334.0,82793,335.0,97475
3249,3247,3248,334.0,41313537,335.0,97475,351.0,159316
3250,3248,3249,335.0,41411051,351.0,159316,586.0,63166
3251,3249,3250,351.0,41390060,586.0,63166,582.0,806362
3252,3250,3251,586.0,45676222,582.0,806362,570.0,353150
3253,3251,3252,582.0,228871642,570.0,353150,573.0,100596
3254,3252,3253,570.0,194321390,573.0,100596,543.0,177672
3255,3253,3254,573.0,41645184,543.0,177672,543.0,465095
3256,3254,3255,543.0,194145912,543.0,465095,543.0,465095
3257,3255,3256,543.0,194611007,543.0,465095,498.0,451470
3258,3256,3257,543.0,195076102,498.0,451470,498.0,495592
3259,3257,3258,498.0,194419710,498.0,495592,464.0,112882
3260,3258,3259,498.0,194915302,464.0,112882,439.0,67100
3261,3259,3260,464.0,41581954,439.0,67100,441.0,97481
3262,3260,3261,439.0,41536172,441.0,97481,457.0,183203
3263,3261,3262,441.0,41633699,457.0,183203,388.0,90323
3264,3262,3263,457.0,41652275,388.0,90323,387.0,97501
3265,3263,3264,388.0,41559395,387.0,97501,333.0,16183
3266,3264,3265,387.0,41656845,333.0,16183,335.0,97510
3267,3265,3266,333.0,41485255,335.0,97510,318.0,45601
3268,3266,3267,335.0,41582826,318.0,45601,300.0,227902
3269,3267,3268,318.0,19495640,300.0,227902,586.0,168111
3270,3268,3269,300.0,207573262,586.0,168111,573.0,6829
3271,3269,3270,586.0,46043311,573.0,6829,573.0,100607
3272,3270,3271,573.0,41714229,573.0,100607,570.0,470602
3273,3271,3272,573.0,41814836,570.0,470602,556.0,69502
3274,3272,3273,570.0,196055882,556.0,69502,556.0,99442
3275,3273,3274,556.0,41776902,556.0,99442,519.0,30320
3276,3274,3275,556.0,41876344,519.0,30320,498.0,495608
3277,3275,3276,519.0,41737720,498.0,495608,498.0,495592
3278,3276,3277,498.0,195691758,498.0,495592,442.0,591
3279,3277,3278,498.0,196187350,442.0,591,440.0,97486
3280,3278,3279,442.0,41707991,440.0,97486,445.0,100672
3281,3279,3280,440.0,41805444,445.0,100672,389.0,23750
3282,3280,3281,445.0,43254720,389.0,23750,389.0,97501
3283,3281,3282,389.0,41731150,389.0,97501,388.0,97482
3284,3282,3283,389.0,41828651,388.0,97482,334.0,47144
3285,3283,3284,388.0,41926092,334.0,47144,335.0,97476
3286,3284,3285,334.0,41754544,335.0,97476,351.0,15489
3287,3285,3286,335.0,41852058,351.0,15489,300.0,849344
3288,3286,3287,351.0,41722889,300.0,849344,582.0,66746
3289,3287,3288,300.0,209386344,582.0,66746,570.0,181037
3290,3288,3289,582.0,230753466,570.0,181037,573.0,100576
3291,3289,3290,570.0,196378797,573.0,100576,556.0,1576
3292,3290,3291,573.0,42085054,556.0,1576,556.0,99461
3293,3291,3292,556.0,41947304,556.0,99461,556.0,99461
3294,3292,3293,556.0,42046765,556.0,99461,519.0,61770
3295,3293,3294,556.0,42146226,519.0,61770,519.0,99126
3296,3294,3295,519.0,42007498,519.0,99126,482.0,172216
3297,3295,3296,519.0,42106624,482.0,172216,439.0,31478
3298,3296,3297,482.0,42117944,439.0,31478,441.0,97501
3299,3297,3298,439.0,41977206,441.0,97501,439.0,97482
3300,3298,3299,441.0,42074725,439.0,97482,387.0,54664
3301,3299,3300,439.0,42172170,387.0,54664,390.0,97473
3302,3300,3301,387.0,42000392,390.0,97473,405.0,87699
3303,3301,3302,390.0,42097885,405.0,87699,335.0,78109
3304,3302,3303,405.0,42033427,335.0,78109,336.0,97473
3305,3303,3304,335.0,42023837,336.0,97473,351.0,140266
3306,3304,3305,336.0,42121321,351.0,140266,586.0,47143
3307,3305,3306,351.0,42085994,586.0,47143,582.0,708400
3308,3306,3307,586.0,46446631,582.0,708400,573.0,70653
3309,3307,3308,582.0,232705840,573.0,70653,570.0,470481
3310,3308,3309,573.0,42254709,570.0,470481,556.0,33111
3311,3309,3310,570.0,198113311,556.0,33111,556.0,99461
3312,3310,3311,556.0,42217167,556.0,99461,556.0,99461
3313,3311,3312,556.0,42316628,556.0,99461,519.0,93220
3314,3312,3313,556.0,42416089,519.0,93220,519.0,99126
3315,3313,3314,519.0,42277276,519.0,99126,464.0,93378
3316,3314,3315,519.0,42376402,464.0,93378,440.0,62419
3317,3315,3316,464.0,42277434,440.0,62419,442.0,97503
3318,3316,3317,440.0,42246475,442.0,97503,457.0,146859
3319,3317,3318,442.0,42343993,457.0,146859,388.0,85583
3320,3318,3319,457.0,42330915,388.0,85583,387.0,97467
3321,3319,3320,388.0,42269639,387.0,97467,334.0,11501
3322,3320,3321,387.0,42367083,334.0,11501,335.0,97482
3323,3321,3322,334.0,42195557,335.0,97482,333.0,97512
3324,3322,3323,335.0,42293070,333.0,97512,300.0,133056
3325,3323,3324,333.0,42390564,300.0,133056,586.0,152094
3326,3324,3325,300.0,211053336,586.0,152094,573.0,1980
3327,3325,3326,586.0,46813726,573.0,1980,570.0,470645
3328,3326,3327,573.0,42424364,570.0,470645,573.0,100602
3329,3327,3328,570.0,198906915,573.0,100602,543.0,302716
3330,3328,3329,573.0,42625534,543.0,302716,543.0,465095
3331,3329,3330,543.0,198729996,543.0,465095,519.0,25544
3332,3330,3331,543.0,199195091,519.0,25544,519.0,99126
3333,3331,3332,519.0,42447928,519.0,99126,519.0,99126
3334,3332,3333,519.0,42547054,519.0,99126,464.0,221171
3335,3333,3334,519.0,42646180,464.0,221171,441.0,93367
3336,3334,3335,464.0,42643555,441.0,93367,439.0,97510
3337,3335,3336,441.0,42515751,439.0,97510,390.0,19051
3338,3336,3337,439.0,42613204,390.0,19051,389.0,97483
3339,3337,3338,390.0,42441435,389.0,97483,389.0,97501
3340,3338,3339,389.0,42538901,389.0,97501,335.0,42464
3341,3339,3340,389.0,42636402,335.0,42464,336.0,97486
3342,3340,3341,335.0,42464848,336.0,97486,330.0,1573
3343,3341,3342,336.0,42562340,330.0,1573,300.0,754492
3344,3342,3343,330.0,688062,300.0,754492,586.0,257043
3345,3343,3344,300.0,212866412,586.0,257043,573.0,33869
3346,3344,3345,586.0,47180819,573.0,33869,573.0,100607
3347,3345,3346,573.0,42694581,573.0,100607,570.0,470659
3348,3346,3347,573.0,42795188,570.0,470659,552.0,7856
3349,3347,3348,570.0,200641419,552.0,7856,543.0,465999
3350,3348,3349,552.0,3448236,543.0,465999,498.0,246256
3351,3349,3350,543.0,200457539,498.0,246256,498.0,495592
3352,3350,3351,498.0,199788296,498.0,495592,482.0,134735
3353,3351,3352,498.0,200283888,482.0,134735,439.0,26723
3354,3352,3353,482.0,42795447,439.0,26723,441.0,97470
3355,3353,3354,439.0,42687435,441.0,97470,440.0,97506
3356,3354,3355,441.0,42784966,440.0,97506,387.0,49912
3357,3355,3356,440.0,42882466,387.0,49912,387.0,97516
3358,3356,3357,387.0,42710624,387.0,97516,405.0,51069
3359,3357,3358,387.0,42808140,405.0,51069,335.0,73364
3360,3358,3359,405.0,42711781,335.0,73364,333.0,97512
3361,3359,3360,335.0,42734076,333.0,97512,351.0,121216
3362,3360,3361,333.0,42831570,351.0,121216,586.0,31120
3363,3361,3362,351.0,42781928,586.0,31120,582.0,610438
3364,3362,3363,586.0,47217040,582.0,610438,570.0,307518
3365,3363,3364,582.0,236540038,570.0,307518,573.0,100581
3366,3364,3365,570.0,200964318,573.0,100581,556.0,28312
3367,3365,3366,573.0,43065403,556.0,28312,556.0,99461
3368,3366,3367,556.0,42927352,556.0,99461,543.0,465026
3369,3367,3368,556.0,43026813,543.0,465026,498.0,403534
3370,3368,3369,543.0,201718886,498.0,403534,498.0,495592
3371,3369,3370,498.0,201060334,498.0,495592,464.0,73862
3372,3370,3371,498.0,201555926,464.0,73862,440.0,57666
3373,3371,3372,464.0,42972902,440.0,57666,439.0,97525
3374,3372,3373,440.0,42956706,439.0,97525,457.0,110494
3375,3373,3374,439.0,43054225,457.0,110494,389.0,80898
3376,3374,3375,457.0,43009534,389.0,80898,388.0,97492
3377,3375,3376,389.0,42979938,388.0,97492,335.0,6810
3378,3376,3377,388.0,43077380,335.0,6810,336.0,97476
3379,3377,3378,335.0,42905850,336.0,97476,334.0,97523
3380,3378,3379,336.0,43003336,334.0,97523,300.0,38146
3381,3379,3380,334.0,43100847,300.0,38146,586.0,136065
3382,3380,3381,300.0,214533346,586.0,136065,582.0,1252056
3383,3381,3382,586.0,47584129,582.0,1252056,573.0,97687
3384,3382,3383,582.0,238492376,573.0,97687,570.0,470495
3385,3383,3384,573.0,43235055,570.0,470495,556.0,59844
3386,3384,3385,570.0,202698805,556.0,59844,556.0,99461
3387,3385,3386,556.0,43197212,556.0,99461,519.0,20723
3388,3386,3387,556.0,43296673,519.0,20723,519.0,99126
3389,3387,3388,519.0,43158091,519.0,99126,498.0,495615
3390,3388,3389,519.0,43257217,498.0,495615,464.0,201651
3391,3389,3390,498.0,202827965,464.0,201651,441.0,88616
3392,3390,3391,464.0,43339019,441.0,88616,440.0,97520
3393,3391,3392,441.0,43225984,440.0,97520,387.0,14307
3394,3392,3393,440.0,43323486,387.0,14307,390.0,97482
3395,3393,3394,387.0,43151675,390.0,97482,389.0,97484
3396,3394,3395,390.0,43249172,389.0,97484,335.0,37712
3397,3395,3396,389.0,43346638,335.0,37712,333.0,97509
3398,3396,3397,335.0,43175080,333.0,97509,334.0,97481
3399,3397,3398,333.0,43272573,334.0,97481,300.0,659571
3400,3398,3399,334.0,43370071,300.0,659571,586.0,241012
3401,3399,3400,300.0,216346411,586.0,241012,573.0,29012
3402,3400,3401,586.0,47951220,573.0,29012,570.0,470645
3403,3401,3402,573.0,43404708,570.0,470645,573.0,100602
3404,3402,3403,570.0,203492395,573.0,100602,543.0,427716
3405,3403,3404,573.0,43605878,543.0,427716,556.0,99450
3406,3404,3405,543.0,203314036,556.0,99450,519.0,52172
3407,3405,3406,556.0,43566534,519.0,52172,519.0,99126
3408,3406,3407,519.0,43427868,519.0,99126,482.0,97245
3409,3407,3408,519.0,43526994,482.0,97245,440.0,22033
3410,3408,3409,482.0,43472941,440.0,22033,416.0,48738
3411,3409,3410,440.0,43397729,416.0,48738,433.0,1573
3412,3410,3411,416.0,21747622,433.0,1573,388.0,45224
3413,3411,3412,433.0,703109,388.0,45224,387.0,97471
3414,3412,3413,388.0,43420920,387.0,97471,405.0,14427
3415,3413,3414,387.0,43518365,405.0,14427,336.0,68646
3416,3414,3415,405.0,43390123,336.0,68646,334.0,97523
3417,3415,3416,336.0,43444342,334.0,97523,351.0,102160
3418,3416,3417,334.0,43541853,351.0,102160,586.0,15092
3419,3417,3418,351.0,43477856,586.0,15092,582.0,512445
3420,3418,3419,586.0,47987444,582.0,512445,573.0,60902
3421,3419,3420,582.0,240374205,573.0,60902,573.0,100607
3422,3420,3421,573.0,43674926,573.0,100607,543.0,109224
3423,3421,3422,573.0,43775533,543.0,109224,549.0,7806
3424,3422,3423,543.0,204110304,549.0,7806,543.0,465147
3425,3423,3424,549.0,3526926,543.0,465147,519.0,83622
3426,3424,3425,543.0,205041587,519.0,83622,519.0,99126
3427,3425,3426,519.0,43697646,519.0,99126,464.0,54350
3428,3426,3427,519.0,43796772,464.0,54350,441.0,52984
3429,3427,3428,464.0,43668374,441.0,52984,439.0,97480
3430,3428,3429,441.0,43667008,439.0,97480,457.0,74137
3431,3429,3430,439.0,43764452,457.0,74137,389.0,76157
3432,3430,3431,457.0,43688161,389.0,76157,389.0,97501
3433,3431,3432,389.0,43690181,389.0,97501,335.0,2064
3434,3432,3433,389.0,43787682,335.0,2064,333.0,97512
3435,3433,3434,335.0,43616088,333.0,97512,334.0,97484
3436,3434,3435,333.0,43713582,334.0,97484,351.0,226937
3437,3435,3436,334.0,43811080,351.0,226937,586.0,120042
3438,3436,3437,351.0,43840961,586.0,120042,582.0,1154093
3439,3437,3438,586.0,48354538,582.0,1154093,570.0,433976
3440,3438,3439,582.0,242326573,570.0,433976,573.0,100584
3441,3439,3440,570.0,205549816,573.0,100584,556.0,55046
3442,3440,3441,573.0,44045750,556.0,55046,543.0,465019
3443,3441,3442,556.0,43907398,543.0,465019,498.0,41008
3444,3442,3443,543.0,205837849,498.0,41008,519.0,99137
3445,3443,3444,498.0,205156848,519.0,99137,519.0,99126
3446,3444,3445,519.0,43967423,519.0,99126,464.0,182141
3447,3445,3446,519.0,44066549,464.0,182141,442.0,83918
3448,3446,3447,464.0,44034493,442.0,83918,440.0,97485
3449,3447,3448,442.0,43936270,440.0,97485,387.0,9557
3450,3448,3449,440.0,44033723,387.0,9557,387.0,97516
3451,3449,3450,387.0,43861909,387.0,97516,390.0,97507
3452,3450,3451,387.0,43959425,390.0,97507,336.0,33004
3453,3451,3452,390.0,44056933,336.0,33004,330.0,1573
3454,3452,3453,336.0,43885356,330.0,1573,335.0,97510
3455,3453,3454,330.0,709401,335.0,97510,300.0,564700
3456,3454,3455,335.0,44080372,300.0,564700,586.0,224990
3457,3455,3456,300.0,219826460,586.0,224990,568.0,1941
3458,3456,3457,586.0,48721630,568.0,1941,573.0,100606
3459,3457,3458,568.0,3557641,573.0,100606,570.0,470531
3460,3458,3459,573.0,44215404,570.0,470531,556.0,86580
3461,3459,3460,570.0,207284321,556.0,86580,556.0,99461
3462,3460,3461,556.0,44177260,556.0,99461,498.0,198298
3463,3461,3462,556.0,44276721,498.0,198298,498.0,495592
3464,3462,3463,498.0,206428898,498.0,495592,482.0,59764
3465,3463,3464,498.0,206924490,482.0,59764,441.0,17350
3466,3464,3465,482.0,44150444,441.0,17350,439.0,97503
3467,3465,3466,441.0,44108030,439.0,97503,441.0,97497
3468,3466,3467,439.0,44205481,441.0,97497,389.0,40544
3469,3467,3468,441.0,44303001,389.0,40544,388.0,97502
3470,3468,3469,389.0,44131224,388.0,97502,387.0,97485
3471,3469,3470,388.0,44228668,387.0,97485,333.0,63911
3472,3470,3471,387.0,44326115,333.0,63911,334.0,97486
3473,3471,3472,333.0,44154591,334.0,97486,351.0,83110
3474,3472,3473,334.0,44252088,351.0,83110,300.0,1186124
3475,3473,3474,351.0,44173790,300.0,1186124,582.0,414478
3476,3474,3475,300.0,221639524,582.0,414478,572.0,4518
3477,3475,3476,582.0,244208398,572.0,4518,567.0,8112
3478,3476,3477,572.0,3579438,567.0,8112,543.0,87650
3479,3477,3478,567.0,3587547,543.0,87650,556.0,99450
3480,3478,3479,543.0,207433010,556.0,99450,556.0,99461
3481,3479,3480,556.0,44447120,556.0,99461,498.0,355569
3482,3480,3481,556.0,44546581,498.0,355569,498.0,495592
3483,3481,3482,498.0,207700929,498.0,495592,464.0,34832
3484,3482,3483,498.0,208196521,464.0,34832,442.0,48297
3485,3483,3484,464.0,44363840,442.0,48297,440.0,97498
3486,3484,3485,442.0,44377305,440.0,97498,457.0,37769
3487,3485,3486,440.0,44474742,457.0,37769,390.0,71453
3488,3486,3487,457.0,44366777,390.0,71453,389.0,97488
3489,3487,3488,390.0,44400461,389.0,97488,405.0,217702
3490,3488,3489,389.0,44497920,405.0,217702,334.0,94857
3491,3489,3490,405.0,44546710,334.0,94857,335.0,97506
3492,3490,3491,334.0,44423865,335.0,97506,351.0,207880
3493,3491,3492,335.0,44521374,351.0,207880,586.0,104013
3494,3492,3493,351.0,44536888,586.0,104013,582.0,1056095
3495,3493,3494,586.0,49124941,582.0,1056095,573.0,87936
3496,3494,3495,582.0,246160735,573.0,87936,572.0,8112
3497,3495,3496,573.0,44655272,572.0,8112,543.0,234233
3498,3496,3497,572.0,3609342,543.0,234233,543.0,466187
3499,3497,3498,543.0,208694353,543.0,466187,519.0,11124
3500,3498,3499,543.0,209160540,519.0,11124,519.0,99126
3501,3499,3500,519.0,44578460,519.0,99126,519.0,99126
3502,3500,3501,519.0,44677586,519.0,99126,464.0,162623
3503,3501,3502,519.0,44776712,464.0,162623,439.0,79167
3504,3502,3503,464.0,44729959,439.0,79167,441.0,97508
3505,3503,3504,439.0,44646503,441.0,97508,388.0,4867
3506,3504,3505,441.0,44744018,388.0,4867,387.0,97477
3507,3505,3506,388.0,44572203,387.0,97477,393.0,100616
3508,3506,3507,387.0,44669649,393.0,100616,333.0,28255
3509,3507,3508,393.0,46211272,333.0,28255,334.0,97481
3510,3508,3509,333.0,44595591,334.0,97481,335.0,97470
3511,3509,3510,334.0,44693089,335.0,97470,300.0,469778
3512,3510,3511,335.0,44790604,300.0,469778,586.0,208960
3513,3511,3512,300.0,223306458,586.0,208960,573.0,19261
3514,3512,3513,586.0,49492032,573.0,19261,570.0,470524
3515,3513,3514,573.0,44824925,570.0,470524,573.0,100585
3516,3514,3515,570.0,210135304,573.0,100585,556.0,81778
3517,3515,3516,573.0,45026095,556.0,81778,543.0,465095
3518,3516,3517,556.0,44887442,543.0,465095,519.0,42574
3519,3517,3518,543.0,210421895,519.0,42574,519.0,99126
3520,3518,3519,519.0,44848238,519.0,99126,482.0,22273
3521,3519,3520,519.0,44947364,482.0,22273,441.0,12602
3522,3520,3521,482.0,44827937,441.0,12602,440.0,97518
3523,3521,3522,441.0,44818266,440.0,97518,442.0,97518
3524,3522,3523,440.0,44915768,442.0,97518,389.0,35799
3525,3523,3524,442.0,45013294,389.0,35799,389.0,97501
3526,3524,3525,389.0,44841463,389.0,97501,388.0,97506
3527,3525,3526,389.0,44938964,388.0,97506,334.0,59210
3528,3526,3527,388.0,45036408,334.0,59210,335.0,97508
3529,3527,3528,334.0,44864874,335.0,97508,351.0,64054
3530,3528,3529,335.0,44962382,351.0,64054,300.0,1091217
3531,3529,3530,351.0,44869718,300.0,1091217,582.0,316485
3532,3530,3531,300.0,225119537,582.0,316485,573.0,51151
3533,3531,3532,582.0,248042565,573.0,51151,573.0,100607
3534,3532,3533,573.0,45095143,573.0,100607,556.0,13853
3535,3533,3534,573.0,45195750,556.0,13853,556.0,99461
3536,3534,3535,556.0,45057845,556.0,99461,556.0,99461
3537,3535,3536,556.0,45157306,556.0,99461,519.0,74025
3538,3536,3537,556.0,45256767,519.0,74025,519.0,99126
3539,3537,3538,519.0,45118017,519.0,99126,464.0,15325
3540,3538,3539,519.0,45217143,464.0,15325,416.0,21784
3541,3539,3540,464.0,45059317,416.0,21784,440.0,97466
3542,3540,3541,416.0,22543780,440.0,97466,457.0,1422
3543,3541,3542,440.0,45184982,457.0,1422,393.0,68891
3544,3542,3543,457.0,45045414,393.0,68891,390.0,97523
3545,3543,3544,393.0,46565915,390.0,97523,405.0,181079
3546,3544,3545,390.0,45208227,405.0,181079,334.0,90110
3547,3545,3546,405.0,45225071,334.0,90110,335.0,97476
3548,3546,3547,334.0,45134102,335.0,97476,351.0,188833
3549,3547,3548,335.0,45231616,351.0,188833,586.0,87992
3550,3548,3549,351.0,45232825,586.0,87992,582.0,958144
3551,3549,3550,586.0,49895352,582.0,958144,570.0,388329
3552,3550,3551,582.0,249994944,570.0,388329,573.0,100568
3553,3551,3552,570.0,212192729,573.0,100568,556.0,45387
3554,3552,3553,573.0,45465968,556.0,45387,556.0,99461
3555,3553,3554,556.0,45327707,556.0,99461,519.0,6278
3556,3554,3555,556.0,45427168,519.0,6278,498.0,488651
3557,3555,3556,519.0,45288598,498.0,488651,519.0,99138
3558,3556,3557,498.0,212293051,519.0,99138,464.0,143116
3559,3557,3558,519.0,45486920,464.0,143116,439.0,74416
3560,3558,3559,464.0,45425436,439.0,74416,441.0,97481
3561,3559,3560,439.0,45356736,441.0,97481,388.0,127
3562,3560,3561,441.0,45454263,388.0,127,388.0,97507
3563,3561,3562,388.0,45282447,388.0,97507,387.0,97495
3564,3562,3563,388.0,45379954,387.0,97495,333.0,23503
3565,3563,3564,387.0,45477403,333.0,23503,335.0,97513
3566,3564,3565,333.0,45305823,335.0,97513,336.0,97468
3567,3565,3566,335.0,45403393,336.0,97468,300.0,374923
3568,3566,3567,336.0,45500874,300.0,374923,586.0,192941
3569,3567,3568,300.0,226786523,586.0,192941,570.0,67167
3570,3568,3569,586.0,50262445,570.0,67167,573.0,100590
3571,3569,3570,570.0,212986327,573.0,100590,570.0,470416
3572,3570,3571,573.0,45635622,570.0,470416,555.0,6467
3573,3571,3572,570.0,213927236,555.0,6467,543.0,465865
3574,3572,3573,555.0,3677487,543.0,465865,498.0,150339
3575,3573,3574,543.0,213744625,498.0,150339,498.0,495592
3576,3574,3575,498.0,213069499,498.0,495592,519.0,99365
3577,3575,3576,498.0,213565091,519.0,99365,442.0,7902
3578,3576,3577,519.0,45756909,442.0,7902,440.0,97483
3579,3577,3578,442.0,45528550,440.0,97483,445.0,100659
3580,3578,3579,440.0,45626005,445.0,100659,390.0,31116
3581,3579,3580,445.0,47198515,390.0,31116,389.0,97498
3582,3580,3581,390.0,45551764,389.0,97498,388.0,97474
3583,3581,3582,389.0,45649208,388.0,97474,334.0,54460
3584,3582,3583,388.0,45746648,334.0,54460,335.0,97476
3585,3583,3584,334.0,45575108,335.0,97476,351.0,45005
3586,3584,3585,335.0,45672622,351.0,45005,300.0,996345
3587,3585,3586,351.0,45565653,300.0,996345,582.0,218527
3588,3586,3587,300.0,228599585,582.0,218527,573.0,46298
3589,3587,3588,582.0,251876767,573.0,46298,570.0,470559
3590,3588,3589,573.0,45805274,570.0,470559,542.0,8371
3591,3589,3590,570.0,214720819,542.0,8371,543.0,465095
3592,3590,3591,542.0,42815155,543.0,465095,543.0,465095
3593,3591,3592,543.0,214540870,543.0,465095,519.0,69204
3594,3592,3593,543.0,215005965,519.0,69204,498.0,495684
3595,3593,3594,519.0,45828180,498.0,495684,482.0,230270
3596,3594,3595,498.0,214837124,482.0,230270,439.0,38781
3597,3595,3596,482.0,45989246,439.0,38781,441.0,97491
3598,3596,3597,439.0,45797757,441.0,97491,439.0,97467
3599,3597,3598,441.0,45895279,439.0,97467,387.0,61959
3600,3598,3599,439.0,45992719,387.0,61959,393.0,100645
3601,3599,3600,387.0,45820935,393.0,100645,405.0,144434
3602,3600,3601,393.0,47399717,405.0,144434,335.0,85418
3603,3601,3602,405.0,45903410,335.0,85418,311.0,48756
3604,3602,3603,335.0,45844394,311.0,48756,351.0,169774
3605,3603,3604,311.0,22970962,351.0,169774,586.0,71962
3606,3604,3605,351.0,45928750,586.0,71962,582.0,860140
3607,3605,3606,586.0,50665754,582.0,860140,573.0,78185
3608,3606,3607,582.0,253829100,573.0,78185,573.0,100607
3609,3607,3608,573.0,46075489,573.0,100607,556.0,40586
3610,3608,3609,573.0,46176096,556.0,40586,556.0,99461
3611,3609,3610,556.0,46037890,556.0,99461,518.0,6025
3612,3610,3611,556.0,46137351,518.0,6025,519.0,99413
3613,3611,3612,518.0,3715485,519.0,99413,519.0,99126
3614,3612,3613,519.0,46097957,519.0,99126,464.0,123598
3615,3613,3614,519.0,46197083,464.0,123598,440.0,69722
3616,3614,3615,464.0,46120902,440.0,69722,442.0,97475
3617,3615,3616,440.0,46067026,442.0,97475,457.0,203167
3618,3616,3617,442.0,46164529,457.0,203167,388.0,92881
3619,3617,3618,457.0,46200471,388.0,92881,388.0,97507
3620,3618,3619,388.0,46090185,388.0,97507,334.0,18807
3621,3619,3620,388.0,46187692,334.0,18807,335.0,97473
3622,3620,3621,334.0,46016111,335.0,97473,333.0,97499
3623,3621,3622,335.0,46113625,333.0,97499,300.0,280001
3624,3622,3623,333.0,46211115,300.0,280001,586.0,176910
3625,3623,3624,300.0,230266521,586.0,176910,573.0,9511
3626,3624,3625,586.0,51032846,573.0,9511,570.0,470409
3627,3625,3626,573.0,46245143,570.0,470409,573.0,100569
3628,3626,3627,570.0,216778219,573.0,100569,556.0,72119
3629,3627,3628,573.0,46446313,556.0,72119,556.0,99461
3630,3628,3629,556.0,46307751,556.0,99461,519.0,32977
3631,3629,3630,556.0,46407212,519.0,32977,519.0,99126
3632,3630,3631,519.0,46268609,519.0,99126,519.0,99153
3633,3631,3632,519.0,46367735,519.0,99153,439.0,3156
3634,3632,3633,519.0,46466888,439.0,3156,441.0,97509
3635,3633,3634,439.0,46238788,441.0,97509,439.0,97493
3636,3634,3635,441.0,46336303,439.0,97493,393.0,27247
3637,3635,3636,439.0,46433751,393.0,27247,389.0,97467
3638,3636,3637,393.0,47754351,389.0,97467,389.0,97501
3639,3637,3638,389.0,46359449,389.0,97501,335.0,49772
3640,3638,3639,389.0,46456950,335.0,49772,336.0,97466
3641,3639,3640,335.0,46285404,336.0,97466,351.0,25951
3642,3640,3641,336.0,46382884,351.0,25951,300.0,901449
3643,3641,3642,351.0,46261583,300.0,901449,582.0,120545
3644,3642,3643,300.0,232079609,582.0,120545,570.0,193618
3645,3643,3644,582.0,255710945,570.0,193618,573.0,100591
3646,3644,3645,570.0,217571818,573.0,100591,543.0,19190
3647,3645,3646,573.0,46615967,543.0,19190,543.0,466187
3648,3646,3647,543.0,217397390,543.0,466187,556.0,99450
3649,3647,3648,543.0,217863577,556.0,99450,498.0,283397
3650,3648,3649,556.0,46677074,498.0,283397,519.0,99133
3651,3649,3650,498.0,217661597,519.0,99133,482.0,192786
3652,3650,3651,519.0,46637511,482.0,192786,440.0,34089
3653,3651,3652,482.0,46666746,440.0,34089,442.0,97511
3654,3652,3653,440.0,46508049,442.0,97511,440.0,97492
3655,3653,3654,442.0,46605571,440.0,97492,388.0,57272
3656,3654,3655,440.0,46703016,388.0,57272,387.0,97495
3657,3655,3656,388.0,46531232,387.0,97495,405.0,107801
3658,3656,3657,387.0,46628681,405.0,107801,335.0,80672
3659,3657,3658,405.0,46581761,335.0,80672,333.0,97501
3660,3658,3659,335.0,46554632,333.0,97501,351.0,150723
3661,3659,3660,333.0,46652123,351.0,150723,586.0,55938
3662,3660,3661,351.0,46624683,586.0,55938,582.0,762171
3663,3661,3662,586.0,51436162,582.0,762171,573.0,73332
3664,3662,3663,582.0,257663291,573.0,73332,570.0,470574
3665,3663,3664,573.0,46785620,570.0,470574,543.0,166871
3666,3664,3665,570.0,219306314,543.0,166871,543.0,465095
3667,3665,3666,543.0,218659831,543.0,465095,543.0,465095
3668,3666,3667,543.0,219124926,543.0,465095,498.0,440674
3669,3667,3668,543.0,219590021,498.0,440674,498.0,495592
3670,3668,3669,498.0,218933634,498.0,495592,464.0,104080
3671,3669,3670,498.0,219429226,464.0,104080,441.0,65032
3672,3670,3671,464.0,46816368,441.0,65032,439.0,97508
3673,3671,3672,441.0,46777320,439.0,97508,457.0,166800
3674,3672,3673,439.0,46874772,457.0,166800,389.0,88198
3675,3673,3674,457.0,46879088,389.0,88198,388.0,97474
3676,3674,3675,389.0,46800486,388.0,97474,335.0,14118
3677,3675,3676,388.0,46897926,335.0,14118,311.0,48756
3678,3676,3677,335.0,46726406,311.0,48756,334.0,97514
3679,3677,3678,311.0,23411968,334.0,97514,300.0,185101
3680,3678,3679,334.0,46921402,300.0,185101,586.0,160883
3681,3679,3680,300.0,233746541,586.0,160883,570.0,21491
3682,3680,3681,586.0,51803251,570.0,21491,573.0,100569
3683,3681,3682,570.0,219629211,573.0,100569,573.0,100607
3684,3682,3683,573.0,47055835,573.0,100607,556.0,67319
3685,3683,3684,573.0,47156442,556.0,67319,556.0,99461
3686,3684,3685,556.0,47017935,556.0,99461,519.0,28157
3687,3685,3686,556.0,47117396,519.0,28157,498.0,495661
3688,3686,3687,519.0,46978773,498.0,495661,498.0,495592
3689,3687,3688,498.0,220205681,498.0,495592,464.0,231872
3690,3688,3689,498.0,220701273,464.0,231872,441.0,95923
3691,3689,3690,464.0,47182488,441.0,95923,440.0,97509
3692,3690,3691,441.0,47046539,440.0,97509,387.0,21604
3693,3691,3692,440.0,47144039,387.0,21604,393.0,100671
3694,3692,3693,387.0,46972220,393.0,100671,389.0,97470
3695,3693,3694,393.0,48588159,389.0,97470,335.0,45021
3696,3694,3695,389.0,47167188,335.0,45021,333.0,97499
3697,3695,3696,335.0,46995637,333.0,97499,351.0,6893
3698,3696,3697,333.0,47093127,351.0,6893,300.0,806532
3699,3697,3698,351.0,46957509,300.0,806532,582.0,22542
3700,3698,3699,300.0,235559612,582.0,22542,573.0,36545
3701,3699,3700,582.0,259545102,573.0,36545,570.0,470424
3702,3700,3701,573.0,47225489,570.0,470424,573.0,100571
3703,3701,3702,570.0,221363714,573.0,100571,556.0,98853
3704,3702,3703,573.0,47426659,556.0,98853,556.0,99461
3705,3703,3704,556.0,47287797,556.0,99461,519.0,59606
3706,3704,3705,556.0,47387258,519.0,59606,519.0,99126
3707,3705,3706,519.0,47248550,519.0,99126,482.0,155303
3708,3706,3707,519.0,47347676,482.0,155303,440.0,29340
3709,3707,3708,482.0,47344247,440.0,29340,445.0,100637
3710,3708,3709,440.0,47218284,445.0,100637,441.0,97519
3711,3709,3710,445.0,48842141,441.0,97519,388.0,52526
3712,3710,3711,441.0,47413315,388.0,52526,388.0,97507
3713,3711,3712,388.0,47241470,388.0,97507,405.0,71168
3714,3712,3713,388.0,47338977,405.0,71168,318.0,35548
3715,3713,3714,405.0,47260112,318.0,35548,334.0,97517
3716,3714,3715,318.0,22107796,334.0,97517,351.0,131669
3717,3715,3716,334.0,47362411,351.0,131669,586.0,39912
3718,3716,3717,351.0,47320613,586.0,39912,582.0,664191
3719,3717,3718,586.0,52206568,582.0,664191,570.0,320071
3720,3718,3719,582.0,261497471,570.0,320071,573.0,100593
3721,3719,3720,570.0,222157311,573.0,100593,556.0,30946
3722,3720,3721,573.0,47596313,556.0,30946,556.0,99442
3723,3721,3722,556.0,47458218,556.0,99442,556.0,99461
3724,3722,3723,556.0,47557660,556.0,99461,519.0,91057
3725,3723,3724,556.0,47657121,519.0,91057,519.0,99126
3726,3724,3725,519.0,47518329,519.0,99126,464.0,84576
3727,3725,3726,519.0,47617455,464.0,84576,441.0,60295
3728,3726,3727,464.0,47511848,441.0,60295,439.0,97473
3729,3727,3728,441.0,47487567,439.0,97473,457.0,130459
3730,3728,3729,439.0,47585009,457.0,130459,389.0,83464
3731,3729,3730,457.0,47557731,389.0,83464,389.0,97501
3732,3730,3731,389.0,47510736,389.0,97501,335.0,9379
3733,3731,3732,389.0,47608237,335.0,9379,333.0,97510
3734,3732,3733,335.0,47436651,333.0,97510,334.0,97482
3735,3733,3734,333.0,47534144,334.0,97482,300.0,90255
3736,3734,3735,334.0,47631642,300.0,90255,586.0,144865
3737,3735,3736,300.0,237226615,586.0,144865,582.0,1305858
3738,3736,3737,586.0,52573665,582.0,1305858,573.0,100369
3739,3737,3738,582.0,263449858,573.0,100369,570.0,470609
3740,3738,3739,573.0,47765969,570.0,470609,543.0,291907
3741,3739,3740,570.0,223891829,543.0,291907,543.0,465095
3742,3740,3741,543.0,223243907,543.0,465095,498.0,78166
3743,3741,3742,543.0,223709002,498.0,78166,519.0,99132
3744,3742,3743,498.0,223030166,519.0,99132,519.0,99126
3745,3743,3744,519.0,47788106,519.0,99126,464.0,212366
3746,3744,3745,519.0,47887232,464.0,212366,442.0,91217
3747,3745,3746,464.0,47877966,442.0,91217,440.0,97477
3748,3746,3747,442.0,47756817,440.0,97477,388.0,16922
3749,3747,3748,440.0,47854279,388.0,16922,387.0,97509
3750,3748,3749,388.0,47682522,387.0,97509,390.0,97478
3751,3749,3750,387.0,47779973,390.0,97478,336.0,40309
3752,3750,3751,390.0,47877468,336.0,40309,334.0,97522
3753,3751,3752,336.0,47705909,334.0,97522,335.0,97505
3754,3752,3753,334.0,47803422,335.0,97505,300.0,711672
3755,3753,3754,335.0,47900931,300.0,711672,586.0,249811
3756,3754,3755,300.0,239039672,586.0,249811,570.0,147972
3757,3755,3756,586.0,52940755,570.0,147972,573.0,100575
3758,3756,3757,570.0,224214732,573.0,100575,573.0,100607
3759,3757,3758,573.0,48036185,573.0,100607,543.0,439591
3760,3758,3759,573.0,48136792,543.0,439591,543.0,465095
3761,3759,3760,543.0,224506351,543.0,465095,498.0,235449
3762,3760,3761,543.0,224971446,498.0,235449,498.0,495592
3763,3761,3762,498.0,224302209,498.0,495592,482.0,117820
3764,3762,3763,498.0,224797801,482.0,117820,441.0,24657
3765,3763,3764,482.0,48021748,441.0,24657,439.0,97490
3766,3764,3765,441.0,47928585,439.0,97490,441.0,97488
3767,3765,3766,439.0,48026032,441.0,97488,389.0,47847
3768,3766,3767,441.0,48123556,389.0,47847,388.0,97486
3769,3767,3768,389.0,47951775,388.0,97486,405.0,34538
3770,3768,3769,388.0,48049216,405.0,34538,333.0,71218
3771,3769,3770,405.0,47938466,333.0,71218,334.0,97479
3772,3770,3771,333.0,47975146,334.0,97479,351.0,112619
3773,3771,3772,334.0,48072645,351.0,112619,586.0,23889
3774,3772,3773,351.0,48016547,586.0,23889,582.0,566229
3775,3773,3774,586.0,52976977,582.0,566229,573.0,63582
3776,3774,3775,582.0,265331669,573.0,63582,570.0,470459
3777,3775,3776,573.0,48205838,570.0,470459,556.0,26128
3778,3776,3777,570.0,225949229,556.0,26128,556.0,99461
3779,3777,3778,556.0,48168384,556.0,99461,556.0,99461
3780,3778,3779,556.0,48267845,556.0,99461,497.0,78547
3781,3779,3780,556.0,48367306,497.0,78547,498.0,495592
3782,3780,3781,497.0,45114851,498.0,495592,464.0,65059
3783,3781,3782,498.0,226069847,464.0,65059,442.0,55600
3784,3782,3783,464.0,48207315,442.0,55600,440.0,97492
3785,3783,3784,442.0,48197856,440.0,97492,457.0,94091
3786,3784,3785,440.0,48295300,457.0,94091,390.0,78746
3787,3785,3786,457.0,48236347,390.0,78746,389.0,97479
3788,3786,3787,390.0,48221002,389.0,97479,336.0,4656
3789,3787,3788,389.0,48318475,336.0,4656,334.0,97520
3790,3788,3789,336.0,48146912,334.0,97520,335.0,97503
3791,3789,3790,334.0,48244426,335.0,97503,351.0,237392
3792,3790,3791,335.0,48341935,351.0,237392,586.0,128835
3793,3791,3792,351.0,48379648,586.0,128835,582.0,1207853
3794,3792,3793,586.0,53344067,582.0,1207853,570.0,446534
3795,3793,3794,582.0,267284013,570.0,446534,573.0,100596
3796,3794,3795,570.0,226742814,573.0,100596,556.0,57670
3797,3795,3796,573.0,48576660,556.0,57670,556.0,99451
3798,3796,3797,556.0,48438254,556.0,99451,519.0,18560
3799,3797,3798,556.0,48537705,519.0,18560,519.0,99126
3800,3798,3799,519.0,48399144,519.0,99126,498.0,495669
3801,3799,3800,519.0,48498270,498.0,495669,464.0,192849
3802,3800,3801,498.0,227341889,464.0,192849,439.0,86475
3803,3801,3802,464.0,48573433,439.0,86475,441.0,97503
3804,3802,3803,439.0,48467059,441.0,97503,388.0,12172
3805,3803,3804,441.0,48564577,388.0,12172,384.0,1573
3806,3804,3805,388.0,48392756,384.0,1573,387.0,97516
3807,3805,3806,384.0,782101,387.0,97516,333.0,35569
3808,3806,3807,387.0,48587716,333.0,35569,334.0,97480
3809,3807,3808,333.0,48416153,334.0,97480,335.0,97469
3810,3808,3809,334.0,48513652,335.0,97469,300.0,616774
3811,3809,3810,335.0,48611167,300.0,616774,586.0,233785
3812,3810,3811,300.0,242519694,586.0,233785,573.0,26797
3813,3811,3812,586.0,53711161,573.0,26797,573.0,100607
3814,3812,3813,573.0,48645709,573.0,100607,570.0,470631
3815,3813,3814,573.0,48746316,570.0,470631,543.0,416930
3816,3814,3815,570.0,228477331,543.0,416930,556.0,99458
3817,3815,3816,543.0,227827970,556.0,99458,519.0,50010
3818,3816,3817,556.0,48807588,519.0,50010,519.0,99126
3819,3817,3818,519.0,48668922,519.0,99126,482.0,80341
3820,3818,3819,519.0,48768048,482.0,80341,441.0,19914
3821,3819,3820,482.0,48699253,441.0,19914,440.0,97513
3822,3820,3821,441.0,48638826,440.0,97513,442.0,97507
3823,3821,3822,440.0,48736327,442.0,97507,389.0,43106
3824,3822,3823,442.0,48833847,389.0,43106,389.0,97501
3825,3823,3824,389.0,48662018,389.0,97501,388.0,97496
3826,3824,3825,389.0,48759519,388.0,97496,334.0,66524
3827,3825,3826,388.0,48856962,334.0,66524,335.0,97507
3828,3826,3827,334.0,48685436,335.0,97507,351.0,93569
3829,3827,3828,335.0,48782945,351.0,93569,586.0,7866
3830,3828,3829,351.0,48712481,586.0,7866,582.0,468266
3831,3829,3830,586.0,53747386,582.0,468266,570.0,274439
3832,3830,3831,582.0,269165866,570.0,274439,573.0,100579
3833,3831,3832,570.0,228800239,573.0,100579,543.0,99520
3834,3832,3833,573.0,49016533,543.0,99520,543.0,465095
3835,3833,3834,543.0,228625320,543.0,465095,543.0,465095
3836,3834,3835,543.0,229090415,543.0,465095,519.0,81459
3837,3835,3836,543.0,229555510,519.0,81459,519.0,99126
3838,3836,3837,519.0,48938699,519.0,99126,464.0,45548
3839,3837,3838,519.0,49037825,464.0,45548,445.0,52515
3840,3838,3839,464.0,48902788,445.0,52515,441.0,97520
3841,3839,3840,445.0,50485795,441.0,97520,457.0,57736
3842,3840,3841,441.0,49005600,457.0,57736,387.0,74018
3843,3841,3842,457.0,48914976,387.0,74018,390.0,97491
3844,3842,3843,387.0,48931258,390.0,97491,405.0,237819
3845,3843,3844,390.0,49028759,405.0,237819,334.0,97419
3846,3844,3845,405.0,49095059,334.0,97419,335.0,97470
3847,3845,3846,334.0,48954659,335.0,97470,351.0,218342
3848,3846,3847,335.0,49052174,351.0,218342,586.0,112812
3849,3847,3848,351.0,49075582,586.0,112812,582.0,1109890
3850,3848,3849,586.0,54114476,582.0,1109890,573.0,90617
3851,3849,3850,582.0,271118210,573.0,90617,570.0,470481
3852,3850,3851,573.0,49186185,570.0,470481,556.0,52862
3853,3851,3852,570.0,230534731,556.0,52862,556.0,99461
3854,3852,3853,556.0,49148430,556.0,99461,498.0,30208
3855,3853,3854,556.0,49247891,498.0,30208,498.0,495592
3856,3854,3855,498.0,229670768,498.0,495592,519.0,99131
3857,3855,3856,498.0,230166360,519.0,99131,464.0,173336
3858,3856,3857,519.0,49307601,464.0,173336,439.0,81717
3859,3857,3858,464.0,49268904,439.0,81717,441.0,97470
3860,3858,3859,439.0,49177285,441.0,97470,389.0,7490
3861,3859,3860,441.0,49274816,389.0,7490,388.0,97492
3862,3860,3861,389.0,49103058,388.0,97492,387.0,97473
3863,3861,3862,388.0,49200500,387.0,97473,334.0,30872
3864,3862,3863,387.0,49297945,334.0,30872,335.0,97505
3865,3863,3864,334.0,49126440,335.0,97505,339.0,100671
3866,3864,3865,335.0,49223949,339.0,100671,300.0,521876
3867,3865,3866,339.0,50912511,300.0,521876,586.0,217758
3868,3866,3867,300.0,245999716,586.0,217758,573.0,21942
3869,3867,3868,586.0,54481566,573.0,21942,570.0,470631
3870,3868,3869,573.0,49355838,570.0,470631,573.0,100600
3871,3869,3870,570.0,231328321,573.0,100600,556.0,84395
3872,3870,3871,573.0,49557008,556.0,84395,556.0,99461
3873,3871,3872,556.0,49418291,556.0,99461,498.0,187487
3874,3872,3873,556.0,49517752,498.0,187487,498.0,495592
3875,3873,3874,498.0,230942807,498.0,495592,482.0,42846
3876,3874,3875,498.0,231438399,482.0,42846,423.0,7127
3877,3875,3876,482.0,49376742,423.0,7127,440.0,97469
3878,3876,3877,423.0,23082659,440.0,97469,439.0,97524
3879,3877,3878,440.0,49446555,439.0,97524,390.0,38392
3880,3878,3879,439.0,49544074,390.0,38392,389.0,97482
3881,3879,3880,390.0,49372288,389.0,97482,389.0,97501
3882,3880,3881,389.0,49469756,389.0,97501,334.0,61765
3883,3881,3882,389.0,49567257,334.0,61765,335.0,97466
3884,3882,3883,334.0,49395661,335.0,97466,351.0,74509
3885,3883,3884,335.0,49493176,351.0,74509,300.0,1143287
3886,3884,3885,351.0,49408405,300.0,1143287,582.0,370248
3887,3885,3886,300.0,247812767,582.0,370248,573.0,53829
3888,3886,3887,582.0,273000008,573.0,53829,573.0,100607
3889,3887,3888,573.0,49626053,573.0,100607,543.0,76834
3890,3888,3889,573.0,49726660,543.0,76834,556.0,99455
3891,3889,3890,543.0,231946914,556.0,99455,556.0,99461
3892,3890,3891,556.0,49688171,556.0,99461,519.0,76638
3893,3891,3892,556.0,49787632,519.0,76638,498.0,495638
3894,3892,3893,519.0,49648862,498.0,495638,464.0,26028
3895,3893,3894,498.0,232710438,464.0,26028,439.0,46085
3896,3894,3895,464.0,49598252,439.0,46085,441.0,97483
3897,3895,3896,439.0,49618309,441.0,97483,457.0,21367
3898,3896,3897,441.0,49715835,457.0,21367,387.0,69258
3899,3897,3898,457.0,49593591,387.0,69258,387.0,97516
3900,3898,3899,387.0,49641482,387.0,97516,405.0,201176
3901,3899,3900,387.0,49738998,405.0,201176,335.0,92729
3902,3900,3901,405.0,49773400,335.0,92729,339.0,100661
3903,3901,3902,335.0,49664953,339.0,100661,351.0,199284
3904,3902,3903,339.0,51367733,351.0,199284,586.0,96783
3905,3903,3904,351.0,49771508,586.0,96783,582.0,1011891
3906,3904,3905,586.0,54884879,582.0,1011891,570.0,400879
3907,3905,3906,582.0,274952371,570.0,400879,573.0,100579
3908,3906,3907,570.0,233385719,573.0,100579,543.0,224520
3909,3907,3908,573.0,49996877,543.0,224520,543.0,465095
3910,3908,3909,543.0,233209360,543.0,465095,519.0,8961
3911,3909,3910,543.0,233674455,519.0,8961,519.0,99126
3912,3910,3911,519.0,49819513,519.0,99126,519.0,99126
3913,3911,3912,519.0,49918639,519.0,99126,464.0,153821
3914,3912,3913,519.0,50017765,464.0,153821,440.0,77029
3915,3913,3914,464.0,49964373,440.0,77029,416.0,48754
3916,3914,3915,440.0,49887581,416.0,48754,389.0,2747
3917,3915,3916,416.0,24992563,389.0,2747,389.0,97501
3918,3916,3917,389.0,49813299,389.0,97501,388.0,97499
3919,3917,3918,389.0,49910800,388.0,97499,334.0,26119
3920,3918,3919,388.0,50008243,334.0,26119,335.0,97470
3921,3919,3920,334.0,49836671,335.0,97470,333.0,97495
3922,3920,3921,335.0,49934186,333.0,97495,300.0,426986
3923,3921,3922,333.0,50031675,300.0,426986,586.0,201733
3924,3922,3923,300.0,249479746,586.0,201733,570.0,79721
3925,3923,3924,586.0,55251973,570.0,79721,573.0,100601
3926,3924,3925,570.0,234179321,573.0,100601,570.0,470495
3927,3925,3926,573.0,50166531,570.0,470495,556.0,79595
3928,3926,3927,570.0,235120225,556.0,79595,556.0,99461
3929,3927,3928,556.0,50128475,556.0,99461,519.0,40411
3930,3928,3929,556.0,50227936,519.0,40411,519.0,99126
3931,3929,3930,519.0,50089291,519.0,99126,482.0,5365
3932,3930,3931,519.0,50188417,482.0,5365,439.0,10460
3933,3931,3932,482.0,50054245,439.0,10460,441.0,97501
3934,3932,3933,439.0,50059340,441.0,97501,439.0,97482
3935,3933,3934,441.0,50156859,439.0,97482,387.0,33663
3936,3934,3935,439.0,50254304,387.0,33663,390.0,97504
3937,3935,3936,387.0,50082543,390.0,97504,389.0,97492
3938,3936,3937,390.0,50180050,389.0,97492,335.0,57083
3939,3937,3938,389.0,50277502,335.0,57083,311.0,48747
3940,3938,3939,335.0,50105963,311.0,48747,351.0,55460
3941,3939,3940,311.0,25101738,351.0,55460,300.0,1048416
3942,3940,3941,351.0,50104340,300.0,1048416,582.0,272292
3943,3941,3942,300.0,251292816,582.0,272292,573.0,48977
3944,3942,3943,582.0,276834212,573.0,48977,570.0,470652
3945,3943,3944,573.0,50336185,570.0,470652,556.0,11688
3946,3944,3945,570.0,235913822,556.0,11688,556.0,99442
3947,3945,3946,556.0,50298896,556.0,99442,556.0,99461
3948,3946,3947,556.0,50398338,556.0,99461,498.0,320564
3949,3947,3948,556.0,50497799,498.0,320564,519.0,99129
3950,3948,3949,498.0,235534924,519.0,99129,464.0,6520
3951,3949,3950,519.0,50458195,464.0,6520,440.0,41400
3952,3950,3951,464.0,50293728,440.0,41400,442.0,97501
3953,3951,3952,440.0,50328608,442.0,97501,440.0,97487
3954,3952,3953,442.0,50426125,440.0,97487,388.0,64578
3955,3953,3954,440.0,50523575,388.0,64578,387.0,97483
3956,3954,3955,388.0,50351786,387.0,97483,405.0,164550
3957,3955,3956,387.0,50449233,405.0,164550,335.0,87986
3958,3956,3957,405.0,50451758,335.0,87986,333.0,97498
3959,3957,3958,335.0,50375194,333.0,97498,351.0,180236
3960,3958,3959,333.0,50472684,351.0,180236,586.0,80761
3961,3959,3960,351.0,50467444,586.0,80761,582.0,913935
3962,3960,3961,586.0,55655289,582.0,913935,573.0,80866
3963,3961,3962,582.0,278786575,573.0,80866,573.0,100607
3964,3962,3963,573.0,50606402,573.0,100607,556.0,43222
3965,3963,3964,573.0,50707009,556.0,43222,556.0,99461
3966,3964,3965,556.0,50568758,556.0,99461,519.0,4044
3967,3965,3966,556.0,50668219,519.0,4044,498.0,477847
3968,3966,3967,519.0,50529580,498.0,477847,498.0,495592
3969,3967,3968,498.0,236806967,498.0,495592,464.0,134309
3970,3968,3969,498.0,237302559,464.0,134309,441.0,72344
3971,3969,3970,464.0,50659845,441.0,72344,439.0,97503
3972,3970,3971,441.0,50597880,439.0,97503,457.0,223125
3973,3971,3972,439.0,50695331,457.0,223125,389.0,95506
3974,3972,3973,457.0,50748661,389.0,95506,381.0,1573
3975,3973,3974,389.0,50621042,381.0,1573,335.0,21432
3976,3974,3975,381.0,818041,335.0,21432,311.0,48737
3977,3975,3976,335.0,50546968,311.0,48737,334.0,97511
3978,3976,3977,311.0,25322231,334.0,97511,300.0,332087
3979,3977,3978,334.0,50741963,300.0,332087,586.0,185706
3980,3978,3979,300.0,252959767,586.0,185706,573.0,12190
3981,3979,3980,586.0,56022378,573.0,12190,570.0,470502
3982,3980,3981,573.0,50776054,570.0,470502,573.0,100582
3983,3981,3982,570.0,237971222,573.0,100582,543.0,349542
3984,3982,3983,573.0,50977224,543.0,349542,543.0,465095
3985,3983,3984,543.0,237793422,543.0,465095,519.0,35591
3986,3984,3985,543.0,238258517,519.0,35591,498.0,495615
3987,3985,3986,519.0,50799455,498.0,495615,519.0,99237
3988,3986,3987,498.0,238078995,519.0,99237,440.0,5762
3989,3987,3988,519.0,50997827,440.0,5762,442.0,97526
3990,3988,3989,440.0,50769626,442.0,97526,440.0,97499
3991,3989,3990,442.0,50867156,440.0,97499,387.0,28902
3992,3990,3991,440.0,50964593,387.0,28902,387.0,97516
3993,3991,3992,387.0,50792766,387.0,97516,390.0,97509
3994,3992,3993,387.0,50890282,390.0,97509,335.0,52331
3995,3993,3994,390.0,50987791,335.0,52331,333.0,97491
3996,3994,3995,335.0,50816195,333.0,97491,351.0,36402
3997,3995,3996,333.0,50913683,351.0,36402,300.0,953499
3998,3996,3997,351.0,50800266,300.0,953499,582.0,174288
3999,3997,3998,300.0,254772819,582.0,174288,565.0,41234
4000,3998,3999,582.0,280668368,565.0,41234,573.0,100602
4001,3999,4000,565.0,47752962,573.0,100602,556.0,6867
4002,4000,4001,573.0,51146876,556.0,6867,556.0,99461
4003,4001,4002,556.0,51009059,556.0,99461,543.0,465080
4004,4002,4003,556.0,51108520,543.0,465080,519.0,67039
4005,4003,4004,543.0,239520960,519.0,67039,519.0,99126
4006,4004,4005,519.0,51069231,519.0,99126,482.0,213356
4007,4005,4006,519.0,51168357,482.0,213356,440.0,36644
4008,4006,4007,482.0,51215548,440.0,36644,439.0,97520
4009,4007,4008,440.0,51038836,439.0,97520,441.0,97509
4010,4008,4009,439.0,51136354,441.0,97509,389.0,59889
4011,4009,4010,441.0,51233869,389.0,59889,388.0,97503
4012,4010,4011,389.0,51062081,388.0,97503,405.0,127906
4013,4011,4012,388.0,51159525,405.0,127906,339.0,86012
4014,4012,4013,405.0,51130098,339.0,86012,334.0,97509
4015,4013,4014,339.0,52733436,334.0,97509,351.0,161177
4016,4014,4015,334.0,51182967,351.0,161177,586.0,64731
4017,4015,4016,351.0,51163369,586.0,64731,582.0,815930
4018,4016,4017,586.0,56425691,582.0,815930,573.0,76010
4019,4017,4018,582.0,282620730,573.0,76010,570.0,470659
4020,4018,4019,573.0,51316530,570.0,470659,556.0,38404
4021,4019,4020,570.0,240499309,556.0,38404,556.0,99458
4022,4020,4021,556.0,51278924,556.0,99458,556.0,99461
4023,4021,4022,556.0,51378382,556.0,99461,519.0,98489
4024,4022,4023,556.0,51477843,519.0,98489,519.0,99126
4025,4023,4024,519.0,51339009,519.0,99126,464.0,114794
4026,4024,4025,519.0,51438135,464.0,114794,441.0,67598
4027,4025,4026,464.0,51355314,441.0,67598,440.0,97520
4028,4026,4027,441.0,51308118,440.0,97520,457.0,186763
4029,4027,4028,440.0,51405620,457.0,186763,390.0,90816
4030,4028,4029,457.0,51427283,390.0,90816,389.0,97496
4031,4029,4030,390.0,51331336,389.0,97496,335.0,16685
4032,4030,4031,389.0,51428784,335.0,16685,333.0,97496
4033,4031,4032,335.0,51257205,333.0,97496,334.0,97470
4034,4032,4033,333.0,51354694,334.0,97470,300.0,237194
4035,4033,4034,334.0,51452194,300.0,237194,586.0,169681
4036,4034,4035,300.0,256439794,586.0,169681,570.0,34067
4037,4035,4036,586.0,56792785,570.0,34067,573.0,100584
4038,4036,4037,570.0,240822227,573.0,100584,572.0,8112
4039,4037,4038,573.0,51586748,572.0,8112,556.0,69955
4040,4038,4039,572.0,4168332,556.0,69955,556.0,99461
4041,4039,4040,556.0,51548803,556.0,99461,519.0,30813
4042,4040,4041,556.0,51648264,519.0,30813,519.0,99126
4043,4041,4042,519.0,51509661,519.0,99126,519.0,99126
4044,4042,4043,519.0,51608787,519.0,99126,440.0,1016
4045,4043,4044,519.0,51707913,440.0,1016,416.0,48746
4046,4044,4045,440.0,51479864,416.0,48746,440.0,97465
4047,4045,4046,416.0,25788697,440.0,97465,388.0,24221
4048,4046,4047,440.0,51674831,388.0,24221,387.0,97489
4049,4047,4048,388.0,51503069,387.0,97489,393.0,100660
4050,4048,4049,387.0,51600517,393.0,100660,311.0,23832
4051,4049,4050,393.0,53365748,311.0,23832,334.0,97514
4052,4050,4051,311.0,25763256,334.0,97514,351.0,17354
4053,4051,4052,334.0,51623978,351.0,17354,300.0,858632
4054,4052,4053,351.0,51496202,300.0,858632,582.0,76336
4055,4053,4054,300.0,258252872,582.0,76336,573.0,39226
4056,4054,4055,582.0,284502576,573.0,39226,570.0,470531
4057,4055,4056,573.0,51756402,570.0,470531,543.0,9474
4058,4056,4057,570.0,242556731,543.0,9474,543.0,465095
4059,4057,4058,543.0,241912394,543.0,465095,556.0,99456
4060,4058,4059,543.0,242377489,556.0,99456,498.0,272599
4061,4059,4060,556.0,51918126,498.0,272599,498.0,495592
4062,4060,4061,498.0,242175519,498.0,495592,482.0,175875
4063,4061,4062,498.0,242671111,482.0,175875,441.0,31963
4064,4062,4063,482.0,51893051,441.0,31963,439.0,97476
4065,4063,4064,441.0,51749139,439.0,97476,441.0,97478
4066,4064,4065,439.0,51846582,441.0,97478,389.0,55149
4067,4065,4066,441.0,51944110,389.0,55149,388.0,97470
4068,4066,4067,389.0,51772325,388.0,97470,405.0,91276
4069,4067,4068,388.0,51869764,405.0,91276,333.0,78525
4070,4068,4069,405.0,51808452,333.0,78525,334.0,97471
4071,4069,4070,333.0,51795701,334.0,97471,351.0,142127
4072,4070,4071,334.0,51893201,351.0,142127,586.0,48708
4073,4071,4072,351.0,51859303,586.0,48708,582.0,717968
4074,4072,4073,586.0,57196100,582.0,717968,566.0,1147
4075,4073,4074,582.0,286454928,566.0,1147,573.0,100607
4076,4074,4075,566.0,839139,573.0,100607,556.0,33603
4077,4075,4076,573.0,52127225,556.0,33603,543.0,465087
4078,4076,4077,556.0,51989107,543.0,465087,543.0,465095
4079,4077,4078,543.0,243639937,543.0,465095,498.0,429879
4080,4078,4079,543.0,244105032,498.0,429879,498.0,495592
4081,4079,4080,498.0,243447559,498.0,495592,464.0,95279
4082,4080,4081,498.0,243943151,464.0,95279,442.0,62889
4083,4081,4082,464.0,52050783,442.0,62889,440.0,97480
4084,4082,4083,442.0,52018393,440.0,97480,457.0,150400
4085,4083,4084,440.0,52115852,457.0,150400,393.0,88863
4086,4084,4085,457.0,52105904,393.0,88863,390.0,97525
4087,4085,4086,393.0,53720351,390.0,97525,310.0,194
4088,4086,4087,390.0,52139085,310.0,194,334.0,97511
4089,4087,4088,310.0,838186,334.0,97511,335.0,97496
4090,4088,4089,334.0,52064981,335.0,97496,300.0,142296
4091,4089,4090,335.0,52162492,300.0,142296,586.0,153654
4092,4090,4091,300.0,259919816,586.0,153654,573.0,2439
4093,4091,4092,586.0,57563190,573.0,2439,570.0,470381
4094,4092,4093,573.0,52196271,570.0,470381,573.0,100565
4095,4093,4094,570.0,244614131,573.0,100565,556.0,65136
4096,4094,4095,573.0,52397441,556.0,65136,556.0,99461
4097,4095,4096,556.0,52258968,556.0,99461,519.0,25994
4098,4096,4097,556.0,52358429,519.0,25994,519.0,99126
4099,4097,4098,519.0,52219826,519.0,99126,498.0,495623
4100,4098,4099,519.0,52318952,498.0,495623,464.0,223072
4101,4099,4100,498.0,245215203,464.0,223072,439.0,93779
4102,4100,4101,464.0,52416904,439.0,93779,441.0,97494
4103,4101,4102,439.0,52287611,441.0,97494,388.0,19473
4104,4102,4103,441.0,52385132,388.0,19473,388.0,97507
4105,4103,4104,388.0,52213305,388.0,97507,387.0,97497
4106,4104,4105,388.0,52310812,387.0,97497,333.0,42876
4107,4105,4106,387.0,52408261,333.0,42876,334.0,97472
4108,4106,4107,333.0,52236708,334.0,97472,336.0,97521
4109,4107,4108,334.0,52334208,336.0,97521,300.0,763734
4110,4108,4109,336.0,52431783,300.0,763734,586.0,258604
4111,4109,4110,300.0,261732894,586.0,258604,570.0,160529
4112,4110,4111,586.0,57930284,570.0,160529,573.0,100587
4113,4111,4112,570.0,245407729,573.0,100587,570.0,470395
4114,4112,4113,573.0,52567095,570.0,470395,556.0,96689
4115,4113,4114,570.0,246348635,556.0,96689,556.0,99458
4116,4114,4115,556.0,52528849,556.0,99458,519.0,57443
4117,4115,4116,556.0,52628307,519.0,57443,519.0,99126
4118,4116,4117,519.0,52489603,519.0,99126,482.0,138394
4119,4117,4118,519.0,52588729,482.0,138394,441.0,27220
4120,4118,4119,482.0,52570554,441.0,27220,440.0,97501
4121,4119,4120,441.0,52459380,440.0,97501,442.0,97481
4122,4120,4121,440.0,52556879,442.0,97481,389.0,50408
4123,4121,4122,442.0,52654385,389.0,50408,389.0,97501
4124,4122,4123,389.0,52482568,389.0,97501,405.0,54644
4125,4123,4124,389.0,52580069,405.0,54644,334.0,73832
4126,4124,4125,405.0,52486804,334.0,73832,335.0,97500
4127,4125,4126,334.0,52505992,335.0,97500,351.0,123076
4128,4126,4127,335.0,52603502,351.0,123076,586.0,32684
4129,4127,4128,351.0,52555236,586.0,32684,582.0,620000
4130,4128,4129,586.0,57966508,582.0,620000,573.0,66261
4131,4129,4130,582.0,290289120,573.0,66261,570.0,470552
4132,4130,4131,573.0,52736749,570.0,470552,543.0,134495
4133,4131,4132,570.0,247142232,543.0,134495,556.0,99455
4134,4132,4133,543.0,246496455,556.0,99455,556.0,99461
4135,4133,4134,556.0,52798711,556.0,99461,519.0,88892
4136,4134,4135,556.0,52898172,519.0,88892,519.0,99126
4137,4135,4136,519.0,52759380,519.0,99126,464.0,75768
4138,4136,4137,519.0,52858506,464.0,75768,439.0,58151
4139,4137,4138,464.0,52746256,439.0,58151,441.0,97510
4140,4138,4139,439.0,52728639,441.0,97510,457.0,114046
4141,4139,4140,441.0,52826154,457.0,114046,387.0,81314
4142,4140,4141,457.0,52784534,387.0,81314,363.0,48754
4143,4141,4142,387.0,52751802,363.0,48754,333.0,7227
4144,4142,4143,363.0,26424670,333.0,7227,334.0,97473
4145,4143,4144,333.0,52677715,334.0,97473,336.0,97523
4146,4144,4145,334.0,52775215,336.0,97523,300.0,47415
4147,4145,4146,336.0,52872791,300.0,47415,586.0,137630
4148,4146,4147,300.0,263399855,586.0,137630,582.0,1261624
4149,4147,4148,586.0,58333598,582.0,1261624,573.0,98149
4150,4148,4149,582.0,292241464,573.0,98149,573.0,100607
4151,4149,4150,573.0,53006965,573.0,100607,543.0,282179
4152,4150,4151,573.0,53107572,543.0,282179,543.0,465095
4153,4151,4152,543.0,247758899,543.0,465095,498.0,67351
4154,4152,4153,543.0,248223994,498.0,67351,519.0,99136
4155,4153,4154,498.0,247544071,519.0,99136,519.0,99126
4156,4154,4155,519.0,53029156,519.0,99126,464.0,203557
4157,4155,4156,519.0,53128282,464.0,203557,440.0,89085
4158,4156,4157,464.0,53112373,440.0,89085,442.0,97516
4159,4157,4158,440.0,52997901,442.0,97516,389.0,14792
4160,4158,4159,442.0,53095426,389.0,14792,388.0,97476
4161,4159,4160,389.0,52923608,388.0,97476,388.0,97507
4162,4160,4161,388.0,53021048,388.0,97507,334.0,38180
4163,4161,4162,388.0,53118555,334.0,38180,335.0,97498
4164,4162,4163,334.0,52946996,335.0,97498,339.0,100635
4165,4163,4164,335.0,53044506,339.0,100635,300.0,668835
4166,4164,4165,339.0,54856283,300.0,668835,586.0,242577
4167,4165,4166,300.0,265212915,586.0,242577,573.0,29474
4168,4166,4167,586.0,58700689,573.0,29474,570.0,470402
4169,4167,4168,573.0,53176618,570.0,470402,573.0,100568
4170,4168,4169,570.0,249199632,573.0,100568,556.0,91870
4171,4169,4170,573.0,53377788,556.0,91870,556.0,99461
4172,4170,4171,556.0,53239014,556.0,99461,498.0,224638
4173,4171,4172,556.0,53338475,498.0,224638,498.0,495592
4174,4172,4173,498.0,248816118,498.0,495592,482.0,100902
4175,4173,4174,498.0,249311710,482.0,100902,445.0,23278
4176,4174,4175,482.0,53248046,445.0,23278,441.0,97523
4177,4175,4176,445.0,54884846,441.0,97523,439.0,97512
4178,4176,4177,441.0,53267173,439.0,97512,393.0,47227
4179,4177,4178,439.0,53364626,393.0,47227,389.0,97469
4180,4178,4179,393.0,54908795,389.0,97469,405.0,18001
4181,4179,4180,389.0,53290307,405.0,18001,334.0,69075
4182,4180,4181,405.0,53165145,334.0,69075,336.0,97519
4183,4181,4182,334.0,53216219,336.0,97519,351.0,104019
4184,4182,4183,336.0,53313793,351.0,104019,586.0,16655
4185,4183,4184,351.0,53251163,586.0,16655,582.0,522001
4186,4184,4185,586.0,58736911,582.0,522001,570.0,286981
4187,4185,4186,582.0,294123281,570.0,286981,573.0,100589
4188,4186,4187,570.0,249993221,573.0,100589,556.0,23962
4189,4187,4188,573.0,53547441,556.0,23962,556.0,99461
4190,4188,4189,556.0,53409434,556.0,99461,556.0,99442
4191,4189,4190,556.0,53508895,556.0,99442,519.0,84073
4192,4190,4191,556.0,53608337,519.0,84073,498.0,495600
4193,4191,4192,519.0,53469545,498.0,495600,464.0,56254
4194,4192,4193,498.0,250583760,464.0,56254,439.0,53393
4195,4193,4194,464.0,53441726,439.0,53393,441.0,97477
4196,4194,4195,439.0,53438865,441.0,97477,457.0,77687
4197,4195,4196,441.0,53536393,457.0,77687,388.0,76625
4198,4196,4197,457.0,53463159,388.0,76625,387.0,97506
4199,4197,4198,388.0,53462097,387.0,97506,334.0,2533
4200,4198,4199,387.0,53559548,334.0,2533,335.0,97501
4201,4199,4200,334.0,53388005,335.0,97501,339.0,100651
4202,4200,4201,335.0,53485515,339.0,100651,351.0,228797
4203,4201,4202,339.0,55311531,351.0,228797,586.0,121606
4204,4202,4203,351.0,53614269,586.0,121606,582.0,1163656
4205,4203,4204,586.0,59104006,582.0,1163656,573.0,93296
4206,4204,4205,582.0,296075656,573.0,93296,570.0,470574
4207,4205,4206,573.0,53717096,570.0,470574,556.0,55497
4208,4206,4207,570.0,251727734,556.0,55497,556.0,99461
4209,4207,4208,556.0,53679297,556.0,99461,519.0,16397
4210,4208,4209,556.0,53778758,519.0,16397,519.0,99126
4211,4209,4210,519.0,53640197,519.0,99126,519.0,99126
4212,4210,4211,519.0,53739323,519.0,99126,464.0,184049
4213,4211,4212,519.0,53838449,464.0,184049,440.0,84340
4214,4212,4213,464.0,53807849,440.0,84340,445.0,100663
4215,4213,4214,440.0,53708140,445.0,100663,389.0,10054
4216,4214,4215,445.0,55541367,389.0,10054,389.0,97501
4217,4215,4216,389.0,53633854,389.0,97501,388.0,97489
4218,4216,4217,389.0,53731355,388.0,97489,334.0,33433
4219,4217,4218,388.0,53828797,334.0,33433,335.0,97468
4220,4218,4219,334.0,53657233,335.0,97468,333.0,97492
4221,4219,4220,335.0,53754748,333.0,97492,300.0,573975
4222,4220,4221,333.0,53852236,300.0,573975,586.0,226557
4223,4221,4222,300.0,268692975,586.0,226557,570.0,114893
4224,4222,4223,586.0,59471101,570.0,114893,573.0,100572
4225,4223,4224,570.0,252050653,573.0,100572,573.0,100607
4226,4224,4225,573.0,53987314,573.0,100607,543.0,407216
4227,4225,4226,573.0,54087921,543.0,407216,543.0,465095
4228,4226,4227,543.0,252342976,543.0,465095,519.0,47847
4229,4227,4228,543.0,252808071,519.0,47847,519.0,99126
4230,4228,4229,519.0,53909975,519.0,99126,482.0,63432
4231,4229,4230,519.0,54009101,482.0,63432,439.0,17770
4232,4230,4231,482.0,53925560,439.0,17770,441.0,97496
4233,4231,4232,439.0,53879898,441.0,97496,439.0,97474
4234,4232,4233,441.0,53977418,439.0,97474,387.0,40965
4235,4233,4234,439.0,54074860,387.0,40965,390.0,97478
4236,4234,4235,387.0,53903093,390.0,97478,389.0,97482
4237,4235,4236,390.0,54000588,389.0,97482,335.0,64396
4238,4236,4237,389.0,54098056,335.0,64396,339.0,100666
4239,4237,4238,335.0,53926524,339.0,100666,351.0,84973
4240,4238,4239,339.0,55766778,351.0,84973,586.0,636
4241,4239,4240,351.0,53947101,586.0,636,582.0,424063
4242,4240,4241,586.0,59507324,582.0,424063,573.0,56512
4243,4241,4242,582.0,297957503,573.0,56512,570.0,470445
4244,4242,4243,573.0,54156968,570.0,470445,556.0,19146
4245,4243,4244,570.0,253785155,556.0,19146,543.0,465004
4246,4244,4245,556.0,54119602,543.0,465004,543.0,465095
4247,4245,4246,543.0,253605424,543.0,465095,519.0,79296
4248,4246,4247,543.0,254070519,519.0,79296,519.0,99126
4249,4247,4248,519.0,54179752,519.0,99126,464.0,36746
4250,4248,4249,519.0,54278878,464.0,36746,440.0,48709
4251,4249,4250,464.0,54137202,440.0,48709,442.0,97485
4252,4250,4251,440.0,54149165,442.0,97485,457.0,41336
4253,4251,4252,442.0,54246673,457.0,41336,388.0,71882
4254,4252,4253,457.0,54141792,388.0,71882,387.0,97468
4255,4253,4254,388.0,54172338,387.0,97468,405.0,221295
4256,4254,4255,387.0,54269782,405.0,221295,335.0,95299
4257,4255,4256,405.0,54321751,335.0,95299,333.0,97494
4258,4256,4257,335.0,54195755,333.0,97494,351.0,209749
4259,4257,4258,333.0,54293244,351.0,209749,586.0,105585
4260,4258,4259,351.0,54310205,586.0,105585,581.0,213141
4261,4259,4260,586.0,59874417,581.0,213141,570.0,413469
4262,4260,4261,581.0,59981973,570.0,413469,573.0,100596
4263,4261,4262,570.0,254578749,573.0,100596,556.0,50700
4264,4262,4263,573.0,54527792,556.0,50700,556.0,99461
4265,4263,4264,556.0,54389484,556.0,99461,498.0,19425
4266,4264,4265,556.0,54488945,498.0,19425,498.0,495592
4267,4265,4266,498.0,254184705,498.0,495592,498.0,495592
4268,4266,4267,498.0,254680297,498.0,495592,464.0,164537
4269,4267,4268,498.0,255175889,464.0,164537,441.0,79656
4270,4268,4269,464.0,54503321,441.0,79656,439.0,97497
4271,4269,4270,441.0,54418440,439.0,97497,390.0,5345
4272,4270,4271,439.0,54515889,390.0,5345,389.0,97482
4273,4271,4272,390.0,54344129,389.0,97482,389.0,97501
4274,4272,4273,389.0,54441598,389.0,97501,335.0,28748
4275,4273,4274,389.0,54539099,335.0,28748,311.0,48737
4276,4274,4275,335.0,54367532,311.0,48737,334.0,97511
4277,4275,4276,311.0,27232513,334.0,97511,300.0,479089
4278,4276,4277,334.0,54562527,300.0,479089,586.0,210532
4279,4277,4278,300.0,272173009,586.0,210532,573.0,19726
4280,4278,4279,586.0,60241508,573.0,19726,573.0,100607
4281,4279,4280,573.0,54596838,573.0,100607,570.0,470609
4282,4280,4281,573.0,54697445,570.0,470609,556.0,82233
4283,4281,4282,570.0,256313249,556.0,82233,556.0,99461
4284,4282,4283,556.0,54659345,556.0,99461,519.0,43029
4285,4283,4284,556.0,54758806,519.0,43029,498.0,495600
4286,4284,4285,519.0,54620141,498.0,495600,482.0,25949
4287,4285,4286,498.0,255952340,482.0,25949,440.0,13078
4288,4286,4287,482.0,54603061,440.0,13078,442.0,97526
4289,4287,4288,440.0,54590190,442.0,97526,440.0,97499
4290,4288,4289,442.0,54687720,440.0,97499,387.0,36212
4291,4289,4290,440.0,54785157,387.0,36212,387.0,97516
4292,4290,4291,387.0,54613324,387.0,97516,390.0,97498
4293,4291,4292,387.0,54710840,390.0,97498,335.0,59650
4294,4292,4293,390.0,54808344,335.0,59650,333.0,97495
4295,4293,4294,335.0,54636762,333.0,97495,351.0,65921
4296,4294,4295,333.0,54734251,351.0,65921,300.0,1100516
4297,4295,4296,351.0,54643033,300.0,1100516,582.0,326086
4298,4296,4297,300.0,273986076,582.0,326086,570.0,241355
4299,4297,4298,582.0,301791686,570.0,241355,573.0,100575
4300,4298,4299,570.0,256636155,573.0,100575,543.0,67137
4301,4299,4300,573.0,54967661,543.0,67137,543.0,465095
4302,4300,4301,543.0,256461937,543.0,465095,556.0,99456
4303,4301,4302,543.0,256927032,556.0,99456,519.0,74476
4304,4302,4303,556.0,55028666,519.0,74476,519.0,99126
4305,4303,4304,519.0,54889916,519.0,99126,464.0,17231
4306,4304,4305,519.0,54989042,464.0,17231,441.0,44020
4307,4305,4306,464.0,54832671,441.0,44020,439.0,97517
4308,4306,4307,441.0,54859460,439.0,97517,457.0,4974
4309,4307,4308,439.0,54956915,457.0,4974,389.0,67198
4310,4308,4309,457.0,54820414,389.0,67198,388.0,97495
4311,4309,4310,389.0,54882638,388.0,97495,405.0,184659
4312,4310,4311,388.0,54980081,405.0,184659,339.0,93565
4313,4311,4312,405.0,55000099,339.0,93565,334.0,97510
4314,4312,4313,339.0,56677245,334.0,97510,351.0,190694
4315,4313,4314,334.0,55003532,351.0,190694,586.0,89558
4316,4314,4315,351.0,55006134,586.0,89558,582.0,967719
4317,4315,4316,586.0,60644822,582.0,967719,573.0,83547
4318,4316,4317,582.0,303744039,573.0,83547,570.0,470466
4319,4317,4318,573.0,55137315,570.0,470466,556.0,45880
4320,4318,4319,570.0,258370656,556.0,45880,543.0,465095
4321,4319,4320,556.0,55099648,543.0,465095,513.0,14537
4322,4320,4321,543.0,258189485,513.0,14537,519.0,99168
4323,4321,4322,513.0,4454357,519.0,99168,519.0,99126
4324,4322,4323,519.0,55159694,519.0,99126,464.0,145024
4325,4323,4324,519.0,55258820,464.0,145024,441.0,74912
4326,4324,4325,464.0,55198792,441.0,74912,440.0,97518
4327,4325,4326,441.0,55128680,440.0,97518,387.0,614
4328,4326,4327,440.0,55226182,387.0,614,390.0,97498
4329,4327,4328,387.0,55054382,390.0,97498,389.0,97490
4330,4328,4329,390.0,55151886,389.0,97490,335.0,24002
4331,4329,4330,389.0,55249342,335.0,24002,333.0,97498
4332,4330,4331,335.0,55077770,333.0,97498,334.0,97472
4333,4331,4332,333.0,55175260,334.0,97472,300.0,384207
4334,4332,4333,334.0,55272760,300.0,384207,586.0,194508
4335,4333,4334,300.0,275653047,586.0,194508,573.0,14873
4336,4334,4335,586.0,61011916,573.0,14873,570.0,470624
4337,4335,4336,573.0,55306969,570.0,470624,573.0,100599
4338,4336,4337,570.0,259164254,573.0,100599,556.0,77434
4339,4337,4338,573.0,55508139,556.0,77434,556.0,99451
4340,4338,4339,556.0,55369530,556.0,99451,519.0,38251
4341,4339,4340,556.0,55468981,519.0,38251,519.0,99126
4342,4340,4341,519.0,55330347,519.0,99126,519.0,99391
4343,4341,4342,519.0,55429473,519.0,99391,440.0,8331
4344,4342,4343,519.0,55528864,440.0,8331,416.0,48738
4345,4343,4344,440.0,55300427,416.0,48738,433.0,1573
4346,4344,4345,416.0,27698971,433.0,1573,388.0,31531
4347,4345,4346,433.0,895088,388.0,31531,387.0,97482
4348,4346,4347,388.0,55323627,387.0,97482,393.0,100634
4349,4347,4348,387.0,55421074,393.0,100634,318.0,25708
4350,4348,4349,393.0,57309530,318.0,25708,334.0,97516
4351,4349,4350,318.0,25888140,334.0,97516,351.0,46872
4352,4350,4351,334.0,55444544,351.0,46872,300.0,1005644
4353,4351,4352,351.0,55338968,300.0,1005644,582.0,228129
4354,4352,4353,300.0,277466124,582.0,228129,573.0,46763
4355,4353,4354,582.0,305625889,573.0,46763,573.0,100607
4356,4354,4355,573.0,55577187,573.0,100607,556.0,9508
4357,4355,4356,573.0,55677794,556.0,9508,556.0,99461
4358,4356,4357,556.0,55539932,556.0,99461,556.0,99461
4359,4357,4358,556.0,55639393,556.0,99461,498.0,309788
4360,4358,4359,556.0,55738854,498.0,309788,492.0,1599
4361,4359,4360,498.0,260048868,492.0,1599,482.0,233954
4362,4360,4361,492.0,854913,482.0,233954,441.0,39280
4363,4361,4362,482.0,55764378,441.0,39280,439.0,97477
4364,4362,4363,441.0,55569704,439.0,97477,441.0,97478
4365,4363,4364,439.0,55667147,441.0,97478,389.0,62461
4366,4364,4365,441.0,55764674,389.0,62461,388.0,97465
4367,4365,4366,389.0,55592885,388.0,97465,405.0,148036
4368,4366,4367,388.0,55690323,405.0,148036,333.0,85845
4369,4367,4368,405.0,55678460,333.0,85845,334.0,97475
4370,4368,4369,333.0,55616269,334.0,97475,351.0,171647
4371,4369,4370,334.0,55713769,351.0,171647,586.0,73537
4372,4370,4371,351.0,55702071,586.0,73537,582.0,869769
4373,4371,4372,586.0,61415233,582.0,869769,570.0,367830
4374,4372,4373,582.0,307578249,570.0,367830,573.0,100580
4375,4373,4374,570.0,261221670,573.0,100580,543.0,192174
4376,4374,4375,573.0,55948010,543.0,192174,556.0,99458
4377,4375,4376,543.0,261046014,556.0,99458,518.0,8615
4378,4376,4377,556.0,55909254,518.0,8615,498.0,467063
4379,4377,4378,518.0,4506095,498.0,467063,498.0,495592
4380,4378,4379,498.0,261320903,498.0,495592,464.0,125511
4381,4379,4380,498.0,261816495,464.0,125511,442.0,70203
4382,4380,4381,464.0,55894263,442.0,70203,440.0,97479
4383,4381,4382,442.0,55838955,440.0,97479,457.0,206732
4384,4382,4383,440.0,55936415,457.0,206732,393.0,96390
4385,4383,4384,457.0,55975484,393.0,96390,390.0,97513
4386,4384,4385,393.0,57664134,390.0,97513,311.0,9665
4387,4385,4386,390.0,55959637,311.0,9665,334.0,97514
4388,4386,4387,311.0,27894041,334.0,97514,335.0,97498
4389,4387,4388,334.0,55885548,335.0,97498,300.0,289310
4390,4388,4389,335.0,55983058,300.0,289310,586.0,178482
4391,4389,4390,300.0,279133070,586.0,178482,570.0,46653
4392,4390,4391,586.0,61782322,570.0,46653,573.0,100600
4393,4391,4392,570.0,262015253,573.0,100600,570.0,470488
4394,4392,4393,573.0,56117662,570.0,470488,543.0,339848
4395,4393,4394,570.0,262956158,543.0,339848,543.0,465095
4396,4394,4395,543.0,262308448,543.0,465095,519.0,33430
4397,4395,4396,543.0,262773543,519.0,33430,498.0,495684
4398,4396,4397,519.0,56040510,498.0,495684,519.0,99177
4399,4397,4398,498.0,262592934,519.0,99177,441.0,3641
4400,4398,4399,519.0,56238813,441.0,3641,439.0,97493
4401,4399,4400,441.0,56010721,439.0,97493,441.0,97490
4402,4400,4401,439.0,56108169,441.0,97490,389.0,26843
4403,4401,4402,441.0,56205692,389.0,26843,388.0,97503
4404,4402,4403,389.0,56033923,388.0,97503,387.0,97487
4405,4403,4404,388.0,56131367,387.0,97487,333.0,50192
4406,4404,4405,387.0,56228815,333.0,50192,334.0,97472
4407,4405,4406,333.0,56057272,334.0,97472,351.0,27816
4408,4406,4407,334.0,56154772,351.0,27816,300.0,910737
4409,4407,4408,351.0,56034896,300.0,910737,582.0,130135
4410,4408,4409,300.0,280946137,582.0,130135,573.0,41908
4411,4409,4410,582.0,309460055,573.0,41908,570.0,470645
4412,4410,4411,573.0,56287316,570.0,470645,556.0,4707
4413,4411,4412,570.0,263749755,556.0,4707,543.0,465057
4414,4412,4413,556.0,56250115,543.0,465057,543.0,466187
4415,4413,4414,543.0,263569807,543.0,466187,519.0,64880
4416,4414,4415,543.0,264035994,519.0,64880,519.0,99126
4417,4415,4416,519.0,56310288,519.0,99126,482.0,196466
4418,4416,4417,519.0,56409414,482.0,196466,442.0,34594
4419,4417,4418,482.0,56441874,442.0,34594,440.0,97498
4420,4418,4419,442.0,56280002,440.0,97498,442.0,97475
4421,4419,4420,440.0,56377440,442.0,97475,390.0,57771
4422,4420,4421,442.0,56474943,390.0,57771,389.0,97496
4423,4421,4422,390.0,56303179,389.0,97496,405.0,111398
4424,4422,4423,389.0,56400626,405.0,111398,334.0,81148
4425,4423,4424,405.0,56356806,334.0,81148,335.0,97500
4426,4424,4425,334.0,56326556,335.0,97500,351.0,152592
4427,4425,4426,335.0,56424066,351.0,152592,586.0,57510
4428,4426,4427,351.0,56398000,586.0,57510,582.0,771782
4429,4427,4428,586.0,62185638,582.0,771782,573.0,73797
4430,4428,4429,582.0,311412422,573.0,73797,573.0,100607
4431,4429,4430,573.0,56557533,573.0,100607,556.0,36241
4432,4430,4431,573.0,56658140,556.0,36241,556.0,99461
4433,4431,4432,556.0,56519977,556.0,99461,556.0,99461
4434,4432,4433,556.0,56619438,556.0,99461,519.0,96330
4435,4433,4434,556.0,56718899,519.0,96330,519.0,99126
4436,4434,4435,519.0,56580066,519.0,99126,464.0,106001
4437,4435,4436,519.0,56679192,464.0,106001,439.0,65467
4438,4436,4437,464.0,56589737,439.0,65467,441.0,97510
4439,4437,4438,439.0,56549203,441.0,97510,457.0,170380
4440,4438,4439,441.0,56646718,457.0,170380,387.0,88624
4441,4439,4440,457.0,56654116,387.0,88624,393.0,100663
4442,4440,4441,387.0,56572360,393.0,100663,333.0,14547
4443,4441,4442,393.0,58497975,333.0,14547,334.0,97476
4444,4442,4443,333.0,56498283,334.0,97476,335.0,97466
4445,4443,4444,334.0,56595782,335.0,97466,300.0,194437
4446,4444,4445,335.0,56693298,300.0,194437,586.0,162460
4447,4445,4446,300.0,282613117,586.0,162460,573.0,5124
4448,4446,4447,586.0,62552732,573.0,5124,570.0,470516
4449,4447,4448,573.0,56727188,570.0,470516,573.0,100584
4450,4448,4449,570.0,265807176,573.0,100584,556.0,67776
4451,4449,4450,573.0,56928358,556.0,67776,556.0,99461
4452,4450,4451,556.0,56789840,556.0,99461,498.0,104547
4453,4451,4452,556.0,56889301,498.0,104547,519.0,99136
4454,4452,4453,498.0,265417427,519.0,99136,519.0,99126
4455,4453,4454,519.0,56849844,519.0,99126,464.0,233795
4456,4454,4455,519.0,56948970,464.0,233795,440.0,96405
4457,4455,4456,464.0,56955859,440.0,96405,442.0,97524
4458,4456,4457,440.0,56818469,442.0,97524,389.0,22107
4459,4457,4458,442.0,56915998,389.0,22107,388.0,97475
4460,4458,4459,389.0,56744171,388.0,97475,388.0,97507
4461,4459,4460,388.0,56841611,388.0,97507,334.0,45504
4462,4460,4461,388.0,56939118,334.0,45504,335.0,97505
4463,4461,4462,334.0,56767568,335.0,97505,351.0,8770
4464,4462,4463,335.0,56865077,351.0,8770,300.0,815881
4465,4463,4464,351.0,56730834,300.0,815881,582.0,32195
4466,4464,4465,300.0,284426201,582.0,32195,568.0,2984
4467,4465,4466,582.0,313294275,568.0,2984,573.0,100606
4468,4466,4467,568.0,4596564,573.0,100606,570.0,470531
4469,4467,4468,573.0,57098012,570.0,470531,543.0,464892
4470,4468,4469,570.0,267541681,543.0,464892,543.0,465095
4471,4469,4470,543.0,266892532,543.0,465095,498.0,261828
4472,4470,4471,543.0,267357627,498.0,261828,498.0,495592
4473,4471,4472,498.0,266689468,498.0,495592,482.0,158982
4474,4472,4473,498.0,267185060,482.0,158982,445.0,30834
4475,4473,4474,482.0,57119374,445.0,30834,441.0,97523
4476,4474,4475,445.0,58828658,441.0,97523,439.0,97512
4477,4475,4476,441.0,57087737,439.0,97512,393.0,54758
4478,4476,4477,439.0,57185190,393.0,54758,389.0,97465
4479,4477,4478,393.0,58852582,389.0,97465,405.0,74761
4480,4478,4479,389.0,57110867,405.0,74761,334.0,76394
4481,4479,4480,405.0,57035153,334.0,76394,336.0,97525
4482,4480,4481,334.0,57036786,336.0,97525,351.0,133538
4483,4481,4482,336.0,57134363,351.0,133538,586.0,41484
4484,4482,4483,351.0,57093930,586.0,41484,582.0,673802
4485,4483,4484,586.0,62956044,582.0,673802,573.0,68943
4486,4484,4485,582.0,315246602,573.0,68943,570.0,470666
4487,4485,4486,573.0,57267663,570.0,470666,543.0,146370
4488,4486,4487,570.0,268335256,543.0,146370,543.0,465095
4489,4487,4488,543.0,267688770,543.0,465095,543.0,466187
4490,4488,4489,543.0,268153865,543.0,466187,498.0,419092
4491,4489,4490,543.0,268620052,498.0,419092,498.0,495592
4492,4490,4491,498.0,267961492,498.0,495592,464.0,86480
4493,4491,4492,498.0,268457084,464.0,86480,439.0,60700
4494,4492,4493,464.0,57285200,439.0,60700,441.0,97471
4495,4493,4494,439.0,57259420,441.0,97471,457.0,134007
4496,4494,4495,441.0,57356951,457.0,134007,388.0,83929
4497,4495,4496,457.0,57332727,388.0,83929,387.0,97491
4498,4496,4497,388.0,57282649,387.0,97491,334.0,9845
4499,4497,4498,387.0,57380097,334.0,9845,335.0,97497
4500,4498,4499,334.0,57208565,335.0,97497,339.0,100630
4501,4499,4500,335.0,57306075,339.0,100630,300.0,99508
4502,4500,4501,339.0,59255318,300.0,99508,586.0,146428
4503,4501,4502,300.0,286093108,586.0,146428,570.0,991
4504,4502,4503,586.0,63323132,570.0,991,573.0,100582
4505,4503,4504,570.0,268658151,573.0,100582,573.0,100607
4506,4504,4505,573.0,57537878,573.0,100607,556.0,62974
4507,4505,4506,573.0,57638485,556.0,62974,556.0,99461
4508,4506,4507,556.0,57500022,556.0,99461,519.0,23833
4509,4507,4508,556.0,57599483,519.0,23833,519.0,99126
4510,4508,4509,519.0,57460881,519.0,99126,519.0,99126
4511,4509,4510,519.0,57560007,519.0,99126,464.0,214277
4512,4510,4511,519.0,57659133,464.0,214277,440.0,91651
4513,4511,4512,464.0,57651325,440.0,91651,445.0,100641
4514,4512,4513,440.0,57528699,445.0,100641,389.0,17362
4515,4513,4514,445.0,59485153,389.0,17362,389.0,97501
4516,4514,4515,389.0,57454410,389.0,97501,388.0,97479
4517,4515,4516,389.0,57551911,388.0,97479,334.0,40747
4518,4516,4517,388.0,57649351,334.0,40747,335.0,97466
4519,4517,4518,334.0,57477795,335.0,97466,333.0,97489
4520,4518,4519,335.0,57575310,333.0,97489,300.0,720964
4521,4519,4520,333.0,57672797,300.0,720964,586.0,251381
4522,4520,4521,300.0,287906204,586.0,251381,573.0,32158
4523,4521,4522,586.0,63690229,573.0,32158,570.0,470531
4524,4522,4523,573.0,57707534,570.0,470531,573.0,100586
4525,4523,4524,570.0,270392671,573.0,100586,556.0,94509
4526,4524,4525,573.0,57908704,556.0,94509,556.0,99461
4527,4525,4526,556.0,57769885,556.0,99461,519.0,55283
4528,4526,4527,556.0,57869346,519.0,55283,519.0,99126
4529,4527,4528,519.0,57730659,519.0,99126,482.0,121499
4530,4528,4529,519.0,57829785,482.0,121499,439.0,25080
4531,4529,4530,482.0,57796875,439.0,25080,441.0,97492
4532,4530,4531,439.0,57700456,441.0,97492,439.0,97469
4533,4531,4532,441.0,57797978,439.0,97469,387.0,48270
4534,4532,4533,439.0,57895419,387.0,48270,370.0,45591
4535,4533,4534,387.0,57723646,370.0,45591,405.0,38132
4536,4534,4535,370.0,27045374,405.0,38132,335.0,71711
4537,4535,4536,405.0,57713508,335.0,71711,339.0,100661
4538,4536,4537,335.0,57747087,339.0,100661,351.0,114488
4539,4537,4538,339.0,59710581,351.0,114488,586.0,25461
4540,4538,4539,351.0,57789864,586.0,25461,582.0,575839
4541,4539,4540,586.0,63726453,582.0,575839,573.0,64047
4542,4540,4541,582.0,319080799,573.0,64047,573.0,100607
4543,4541,4542,573.0,57977751,573.0,100607,543.0,124811
4544,4542,4543,573.0,58078358,543.0,124811,543.0,465095
4545,4543,4544,543.0,271011491,543.0,465095,556.0,99458
4546,4544,4545,543.0,271476586,556.0,99458,519.0,86733
4547,4545,4546,556.0,58139208,519.0,86733,519.0,99126
4548,4546,4547,519.0,58000437,519.0,99126,464.0,66976
4549,4547,4548,519.0,58099563,464.0,66976,440.0,56022
4550,4548,4549,464.0,57980680,440.0,56022,442.0,97479
4551,4549,4550,440.0,57969726,442.0,97479,457.0,97664
4552,4550,4551,442.0,58067231,457.0,97664,388.0,79190
4553,4551,4552,457.0,58011368,388.0,79190,388.0,97507
4554,4552,4553,388.0,57992894,388.0,97507,334.0,5100
4555,4553,4554,388.0,58090401,334.0,5100,335.0,97469
4556,4554,4555,334.0,57918804,335.0,97469,333.0,97494
4557,4555,4556,335.0,58016319,333.0,97494,300.0,4663
4558,4556,4557,333.0,58113808,300.0,4663,586.0,130410
4559,4557,4558,300.0,289573183,586.0,130410,582.0,1217482
4560,4558,4559,586.0,64093546,582.0,1217482,570.0,448646
4561,4559,4560,582.0,321033162,570.0,448646,573.0,100567
4562,4560,4561,570.0,272450086,573.0,100567,543.0,271405
4563,4561,4562,573.0,58348575,543.0,271405,546.0,7900
4564,4562,4563,543.0,272272845,546.0,7900,498.0,56583
4565,4563,4564,546.0,4702230,498.0,56583,498.0,495592
4566,4564,4565,498.0,272058023,498.0,495592,519.0,99134
4567,4565,4566,498.0,272553615,519.0,99134,464.0,194762
4568,4566,4567,519.0,58369338,464.0,194762,441.0,86966
4569,4567,4568,464.0,58346794,441.0,86966,439.0,97489
4570,4568,4569,441.0,58238998,439.0,97489,363.0,6337
4571,4569,4570,439.0,58336445,363.0,6337,389.0,97472
4572,4570,4571,363.0,29082353,389.0,97472,389.0,97501
4573,4571,4572,389.0,58262152,389.0,97501,335.0,36061
4574,4572,4573,389.0,58359653,335.0,36061,339.0,100661
4575,4573,4574,335.0,58188093,339.0,100661,334.0,97508
4576,4574,4575,339.0,60165813,334.0,97508,299.0,125215
4577,4575,4576,334.0,58383088,299.0,125215,586.0,235356
4578,4576,4577,299.0,58277247,586.0,235356,570.0,127472
4579,4577,4578,586.0,64460636,570.0,127472,573.0,100588
4580,4578,4579,570.0,273243672,573.0,100588,570.0,470402
4581,4579,4580,573.0,58518228,570.0,470402,556.0,89710
4582,4580,4581,570.0,274184582,556.0,89710,543.0,465065
4583,4581,4582,556.0,58480070,543.0,465065,498.0,213867
4584,4582,4583,543.0,274000385,498.0,213867,498.0,495592
4585,4583,4584,498.0,273330067,498.0,495592,482.0,84009
4586,4584,4585,498.0,273825659,482.0,84009,440.0,20385
4587,4585,4586,482.0,58474369,440.0,20385,442.0,97507
4588,4586,4587,440.0,58410745,442.0,97507,440.0,97490
4589,4587,4588,442.0,58508265,440.0,97490,388.0,43577
4590,4588,4589,440.0,58605712,388.0,43577,387.0,97503
4591,4589,4590,388.0,58433937,387.0,97503,405.0,1491
4592,4590,4591,387.0,58531387,405.0,1491,335.0,66962
4593,4591,4592,405.0,58391851,335.0,66962,333.0,97489
4594,4592,4593,335.0,58457322,333.0,97489,351.0,95432
4595,4593,4594,333.0,58554809,351.0,95432,586.0,9433
4596,4594,4595,351.0,58485792,586.0,9433,582.0,477847
4597,4595,4596,586.0,64496857,582.0,477847,573.0,59192
4598,4596,4597,582.0,322914967,573.0,59192,570.0,470545
4599,4597,4598,573.0,58687880,570.0,470545,556.0,21781
4600,4598,4599,570.0,274978165,556.0,21781,556.0,99461
4601,4599,4600,556.0,58650469,556.0,99461,556.0,99461
4602,4600,4601,556.0,58749930,556.0,99461,519.0,81912
4603,4601,4602,556.0,58849391,519.0,81912,498.0,495669
4604,4602,4603,519.0,58710600,498.0,495669,464.0,47457
4605,4603,4604,498.0,275097699,464.0,47457,441.0,51330
4606,4604,4605,464.0,58676145,441.0,51330,439.0,97508
4607,4605,4606,441.0,58680018,439.0,97508,457.0,61293
4608,4606,4607,439.0,58777470,457.0,61293,389.0,74504
4609,4607,4608,457.0,58689981,389.0,74504,388.0,97483
4610,4608,4609,389.0,58703192,388.0,97483,335.0,410
4611,4609,4610,388.0,58800633,335.0,410,339.0,100656
4612,4610,4611,335.0,58629098,339.0,100656,334.0,97507
4613,4611,4612,339.0,60621040,334.0,97507,351.0,220207
4614,4612,4613,334.0,58824093,351.0,220207,586.0,114381
4615,4613,4614,351.0,58848895,586.0,114381,582.0,1119483
4616,4614,4615,586.0,64863949,582.0,1119483,573.0,91081
4617,4615,4616,582.0,324867323,573.0,91081,573.0,100607
4618,4616,4617,573.0,58958097,573.0,100607,543.0,249826
4619,4617,4618,573.0,59058704,543.0,249826,556.0,99456
4620,4618,4619,543.0,275595546,556.0,99456,519.0,14236
4621,4619,4620,556.0,59019792,519.0,14236,519.0,99126
4622,4620,4621,519.0,58881252,519.0,99126,519.0,99126
4623,4621,4622,519.0,58980378,519.0,99126,464.0,175252
4624,4622,4623,519.0,59079504,464.0,175252,441.0,82223
4625,4623,4624,464.0,59042268,441.0,82223,440.0,97512
4626,4624,4625,441.0,58949239,440.0,97512,387.0,7917
4627,4625,4626,440.0,59046740,387.0,7917,390.0,97475
4628,4626,4627,387.0,58874933,390.0,97475,389.0,97481
4629,4627,4628,390.0,58972427,389.0,97481,335.0,31316
4630,4628,4629,389.0,59069897,335.0,31316,333.0,97495
4631,4629,4630,335.0,58898332,333.0,97495,334.0,97470
4632,4630,4631,333.0,58995821,334.0,97470,300.0,531198
4633,4631,4632,334.0,59093322,300.0,531198,586.0,219333
4634,4632,4633,300.0,294866278,586.0,219333,573.0,22409
4635,4633,4634,586.0,65231045,573.0,22409,570.0,470424
4636,4634,4635,573.0,59127753,570.0,470424,573.0,100571
4637,4635,4636,570.0,277035594,573.0,100571,543.0,396434
4638,4636,4637,573.0,59328923,543.0,396434,543.0,466187
4639,4637,4638,543.0,276856914,543.0,466187,519.0,45686
4640,4638,4639,543.0,277323101,519.0,45686,519.0,99126
4641,4639,4640,519.0,59151030,519.0,99126,482.0,46532
4642,4640,4641,519.0,59250156,482.0,46532,440.0,15638
4643,4641,4642,482.0,59151876,440.0,15638,445.0,100637
4644,4642,4643,440.0,59120982,445.0,100637,441.0,97519
4645,4643,4644,445.0,61128797,441.0,97519,388.0,38833
4646,4644,4645,441.0,59316013,388.0,38833,387.0,97465
4647,4645,4646,388.0,59144177,387.0,97465,387.0,97516
4648,4646,4647,387.0,59241621,387.0,97516,311.0,31125
4649,4647,4648,387.0,59339137,311.0,31125,334.0,97511
4650,4648,4649,311.0,29583797,334.0,97511,351.0,76383
4651,4649,4650,334.0,59265103,351.0,76383,300.0,1152621
4652,4650,4651,351.0,59181727,300.0,1152621,582.0,379885
4653,4651,4652,300.0,296679341,582.0,379885,570.0,253936
4654,4652,4653,582.0,326749165,570.0,253936,573.0,100591
4655,4653,4654,570.0,277829176,573.0,100591,556.0,16983
4656,4654,4655,573.0,59498575,556.0,16983,543.0,465057
4657,4655,4656,556.0,59360655,543.0,465057,543.0,465095
4658,4656,4657,543.0,278119347,543.0,465095,498.0,346931
4659,4657,4658,543.0,278584442,498.0,346931,519.0,99131
4660,4658,4659,498.0,277922171,519.0,99131,464.0,27944
4661,4659,4660,519.0,59519931,464.0,27944,441.0,46586
4662,4660,4661,464.0,59371616,441.0,46586,436.0,1573
4663,4661,4662,441.0,59390258,436.0,1573,457.0,24937
4664,4662,4663,436.0,959480,457.0,24937,389.0,69763
4665,4663,4664,457.0,59368609,389.0,69763,389.0,97501
4666,4664,4665,389.0,59413435,389.0,97501,405.0,204773
4667,4665,4666,389.0,59510936,405.0,204773,333.0,93152
4668,4666,4667,405.0,59548445,333.0,93152,334.0,97467
4669,4667,4668,333.0,59436824,334.0,97467,351.0,201155
4670,4668,4669,334.0,59534325,351.0,201155,586.0,98356
4671,4669,4670,351.0,59544827,586.0,98356,582.0,1021508
4672,4670,4671,586.0,65634356,582.0,1021508,573.0,86227
4673,4671,4672,582.0,328701508,573.0,86227,570.0,470566
4674,4672,4673,573.0,59668227,570.0,470566,556.0,48516
4675,4673,4674,570.0,279563666,556.0,48516,556.0,99461
4676,4674,4675,556.0,59630516,556.0,99461,498.0,8622
4677,4675,4676,556.0,59729977,498.0,8622,498.0,495592
4678,4676,4677,498.0,278698622,498.0,495592,498.0,495592
4679,4677,4678,498.0,279194214,498.0,495592,464.0,155733
4680,4678,4679,498.0,279689806,464.0,155733,423.0,36258
4681,4679,4680,464.0,59737733,423.0,36258,440.0,97468
4682,4680,4681,423.0,27905258,440.0,97468,388.0,3220
4683,4681,4682,440.0,59756968,388.0,3220,387.0,97509
4684,4682,4683,388.0,59585220,387.0,97509,390.0,97478
4685,4683,4684,387.0,59682671,390.0,97478,339.0,27500
4686,4684,4685,390.0,59780166,339.0,27500,334.0,97506
4687,4685,4686,339.0,61531500,334.0,97506,335.0,97491
4688,4686,4687,334.0,59706104,335.0,97491,300.0,436270
4689,4687,4688,335.0,59803615,300.0,436270,586.0,203301
4690,4688,4689,300.0,298346270,586.0,203301,570.0,81807
4691,4689,4690,586.0,66001445,570.0,81807,573.0,100569
4692,4690,4691,570.0,279886567,573.0,100569,573.0,100607
4693,4691,4692,573.0,59938443,573.0,100607,556.0,80049
4694,4692,4693,573.0,60039050,556.0,80049,556.0,99461
4695,4693,4694,556.0,59900377,556.0,99461,519.0,40865
4696,4694,4695,556.0,59999838,519.0,40865,498.0,495646
4697,4695,4696,519.0,59861193,498.0,495646,482.0,9035
4698,4696,4697,498.0,280466256,482.0,9035,441.0,10949
4699,4697,4698,482.0,59829363,441.0,10949,439.0,97482
4700,4698,4699,441.0,59831277,439.0,97482,441.0,97482
4701,4699,4700,439.0,59928722,441.0,97482,389.0,34147
4702,4700,4701,441.0,60026248,389.0,34147,388.0,97489
4703,4701,4702,389.0,59854475,388.0,97489,387.0,97470
4704,4702,4703,388.0,59951917,387.0,97470,333.0,57501
4705,4703,4704,387.0,60049362,333.0,57501,334.0,97466
4706,4704,4705,333.0,59877829,334.0,97466,351.0,57326
4707,4705,4706,334.0,59975330,351.0,57326,300.0,1057709
4708,4706,4707,351.0,59877654,300.0,1057709,582.0,281887
4709,4707,4708,300.0,300159349,582.0,281887,573.0,49441
4710,4708,4709,582.0,330583327,573.0,49441,570.0,470424
4711,4709,4710,573.0,60108097,570.0,470424,543.0,56336
4712,4710,4711,570.0,281621074,543.0,56336,556.0,99450
4713,4711,4712,543.0,280975856,556.0,99450,543.0,466203
4714,4712,4713,556.0,60170258,543.0,466203,519.0,72314
4715,4713,4714,543.0,281907143,519.0,72314,519.0,99126
4716,4714,4715,519.0,60130970,519.0,99126,464.0,8431
4717,4715,4716,519.0,60230096,464.0,8431,442.0,41889
4718,4716,4717,464.0,60067087,442.0,41889,440.0,97488
4719,4717,4718,442.0,60100545,440.0,97488,416.0,48746
4720,4718,4719,440.0,60197994,416.0,48746,390.0,65054
4721,4719,4720,416.0,30147762,390.0,65054,389.0,97483
4722,4720,4721,390.0,60123710,389.0,97483,405.0,168137
4723,4721,4722,389.0,60221177,405.0,168137,334.0,88457
4724,4722,4723,405.0,60226793,334.0,88457,335.0,97494
4725,4723,4724,334.0,60147113,335.0,97494,351.0,182101
4726,4724,4725,335.0,60244624,351.0,182101,586.0,82330
4727,4725,4726,351.0,60240757,586.0,82330,582.0,923528
4728,4726,4727,586.0,66404762,582.0,923528,570.0,380387
4729,4727,4728,582.0,332535688,570.0,380387,573.0,100593
4730,4728,4729,570.0,282414667,573.0,100593,543.0,204027
4731,4729,4730,573.0,60478921,543.0,204027,543.0,465095
4732,4730,4731,543.0,282238307,543.0,465095,513.0,3368
4733,4731,4732,543.0,282703402,513.0,3368,519.0,99237
4734,4732,4733,513.0,4866028,519.0,99237,519.0,99126
4735,4733,4734,519.0,60400747,519.0,99126,464.0,136222
4736,4734,4735,519.0,60499873,464.0,136222,439.0,72769
4737,4735,4736,464.0,60433206,439.0,72769,441.0,97500
4738,4736,4737,439.0,60369753,441.0,97500,457.0,226691
4739,4737,4738,441.0,60467272,457.0,226691,387.0,95921
4740,4738,4739,457.0,60523675,387.0,95921,387.0,97516
4741,4739,4740,387.0,60392905,387.0,97516,333.0,21855
4742,4740,4741,387.0,60490421,333.0,21855,334.0,97470
4743,4741,4742,333.0,60318839,334.0,97470,336.0,97516
4744,4742,4743,334.0,60416340,336.0,97516,300.0,341402
4745,4743,4744,336.0,60513912,300.0,341402,586.0,187279
4746,4744,4745,300.0,301826322,586.0,187279,573.0,12656
4747,4745,4746,586.0,66771855,573.0,12656,573.0,100607
4748,4746,4747,573.0,60547968,573.0,100607,570.0,470595
4749,4747,4748,573.0,60648575,570.0,470595,556.0,75251
4750,4748,4749,570.0,284149175,556.0,75251,556.0,99461
4751,4749,4750,556.0,60610563,556.0,99461,498.0,141698
4752,4750,4751,556.0,60710024,498.0,141698,519.0,99129
4753,4751,4752,498.0,283290738,519.0,99129,519.0,99231
4754,4752,4753,519.0,60670525,519.0,99231,441.0,6208
4755,4753,4754,519.0,60769756,441.0,6208,440.0,97508
4756,4754,4755,441.0,60541520,440.0,97508,442.0,97496
4757,4755,4756,440.0,60639020,442.0,97496,389.0,29408
4758,4756,4757,442.0,60736534,389.0,29408,389.0,97501
4759,4757,4758,389.0,60564720,389.0,97501,388.0,97500
4760,4758,4759,389.0,60662221,388.0,97500,334.0,52810
4761,4759,4760,388.0,60759664,334.0,52810,335.0,97496
4762,4760,4761,334.0,60588122,335.0,97496,351.0,38275
4763,4761,4762,335.0,60685632,351.0,38275,300.0,962828
4764,4762,4763,351.0,60573587,300.0,962828,582.0,183920
4765,4763,4764,300.0,303639388,582.0,183920,570.0,208279
4766,4764,4765,582.0,334417520,570.0,208279,573.0,100573
4767,4765,4766,570.0,284472079,573.0,100573,556.0,7323
4768,4766,4767,573.0,60918791,556.0,7323,556.0,99461
4769,4767,4768,556.0,60780963,556.0,99461,556.0,99461
4770,4768,4769,556.0,60880424,556.0,99461,498.0,298977
4771,4769,4770,556.0,60979885,498.0,298977,498.0,495592
4772,4770,4771,498.0,284562777,498.0,495592,482.0,217037
4773,4771,4772,498.0,285058369,482.0,217037,445.0,38338
4774,4772,4773,482.0,60990677,445.0,38338,441.0,97514
4775,4773,4774,445.0,62772418,441.0,97514,439.0,97500
4776,4774,4775,441.0,60908292,439.0,97500,387.0,60319
4777,4775,4776,439.0,61005742,387.0,60319,390.0,97496
4778,4776,4777,387.0,60833959,390.0,97496,405.0,131501
4779,4777,4778,390.0,60931462,405.0,131501,334.0,83704
4780,4778,4779,405.0,60905141,334.0,83704,336.0,97512
4781,4779,4780,334.0,60857344,336.0,97512,351.0,163047
4782,4780,4781,336.0,60954914,351.0,163047,586.0,66304
4783,4781,4782,351.0,60936687,586.0,66304,582.0,825547
4784,4782,4783,586.0,67175168,582.0,825547,573.0,76476
4785,4783,4784,582.0,336369867,573.0,76476,570.0,470445
4786,4784,4785,573.0,61088444,570.0,470445,556.0,38875
4787,4785,4786,570.0,286206575,556.0,38875,549.0,8037
4788,4786,4787,556.0,61050843,549.0,8037,556.0,99455
4789,4787,4788,549.0,4931457,556.0,99455,498.0,456249
4790,4788,4789,556.0,61249745,498.0,456249,498.0,495592
4791,4789,4790,498.0,285834809,498.0,495592,464.0,116703
4792,4790,4791,498.0,286330401,464.0,116703,440.0,68070
4793,4791,4792,464.0,61128671,440.0,68070,442.0,97522
4794,4792,4793,440.0,61080038,442.0,97522,457.0,190320
4795,4793,4794,442.0,61177566,457.0,190320,388.0,91230
4796,4794,4795,457.0,61202288,388.0,91230,387.0,97473
4797,4795,4796,388.0,61103198,387.0,97473,334.0,17154
4798,4796,4797,387.0,61200643,334.0,17154,335.0,97491
4799,4797,4798,334.0,61029122,335.0,97491,333.0,97524
4800,4798,4799,335.0,61126633,333.0,97524,300.0,246474
4801,4799,4800,333.0,61224130,300.0,246474,586.0,171248
4802,4800,4801,300.0,305306314,586.0,171248,573.0,7800
4803,4801,4802,586.0,67542256,573.0,7800,570.0,470588
4804,4802,4803,573.0,61258096,570.0,470588,573.0,100594
4805,4803,4804,570.0,287000158,573.0,100594,543.0,329034
4806,4804,4805,573.0,61459266,543.0,329034,543.0,465095
4807,4805,4806,543.0,286822354,543.0,465095,519.0,31265
4808,4806,4807,543.0,287287449,519.0,31265,519.0,99126
4809,4807,4808,519.0,61281561,519.0,99126,498.0,495631
4810,4808,4809,519.0,61380687,498.0,495631,445.0,1597
4811,4809,4810,498.0,287602441,445.0,1597,441.0,97526
4812,4810,4811,445.0,63227709,441.0,97526,439.0,97517
4813,4811,4812,441.0,61349310,439.0,97517,390.0,24698
4814,4812,4813,439.0,61446765,390.0,24698,389.0,97485
4815,4813,4814,390.0,61274994,389.0,97485,389.0,97501
4816,4814,4815,389.0,61372457,389.0,97501,334.0,48051
4817,4815,4816,389.0,61469958,334.0,48051,336.0,97506
4818,4816,4817,334.0,61298347,336.0,97506,351.0,19216
4819,4817,4818,336.0,61395914,351.0,19216,300.0,867906
4820,4818,4819,351.0,61269512,300.0,867906,582.0,85912
4821,4819,4820,300.0,307119386,582.0,85912,573.0,39688
4822,4820,4821,582.0,338251672,573.0,39688,573.0,100607
4823,4821,4822,573.0,61528312,573.0,100607,556.0,2521
4824,4822,4823,573.0,61628919,556.0,2521,556.0,99461
4825,4823,4824,556.0,61491145,556.0,99461,543.0,465034
4826,4824,4825,556.0,61590606,543.0,465034,519.0,62714
4827,4825,4826,543.0,288549894,519.0,62714,519.0,99126
4828,4826,4827,519.0,61551338,519.0,99126,482.0,179543
4829,4827,4828,519.0,61650464,482.0,179543,439.0,32376
4830,4828,4829,482.0,61668167,439.0,32376,441.0,97478
4831,4829,4830,439.0,61521000,441.0,97478,440.0,97515
4832,4830,4831,441.0,61618528,440.0,97515,387.0,55560
4833,4831,4832,440.0,61716029,387.0,55560,387.0,97516
4834,4832,4833,387.0,61544184,387.0,97516,405.0,94859
4835,4833,4834,387.0,61641700,405.0,94859,335.0,79016
4836,4834,4835,405.0,61583483,335.0,79016,333.0,97526
4837,4835,4836,335.0,61567640,333.0,97526,351.0,143991
4838,4836,4837,333.0,61665138,351.0,143991,586.0,50276
4839,4837,4838,351.0,61632615,586.0,50276,582.0,727555
4840,4838,4839,586.0,67945572,582.0,727555,570.0,334726
4841,4839,4840,582.0,340204035,570.0,334726,573.0,100574
4842,4840,4841,570.0,289057566,573.0,100574,556.0,34055
4843,4841,4842,573.0,61899136,556.0,34055,556.0,99461
4844,4842,4843,556.0,61761007,556.0,99461,556.0,99461
4845,4843,4844,556.0,61860468,556.0,99461,519.0,94164
4846,4844,4845,556.0,61959929,519.0,94164,519.0,99126
4847,4845,4846,519.0,61821116,519.0,99126,464.0,97192
4848,4846,4847,519.0,61920242,464.0,97192,440.0,63322
4849,4847,4848,464.0,61824144,440.0,63322,445.0,100663
4850,4848,4849,440.0,61790274,445.0,100663,457.0,153965
4851,4849,4850,445.0,63884215,457.0,153965,389.0,86549
4852,4850,4851,457.0,61880917,389.0,86549,388.0,97503
4853,4851,4852,389.0,61813501,388.0,97503,334.0,12405
4854,4852,4853,388.0,61910945,334.0,12405,336.0,97514
4855,4853,4854,334.0,61739357,336.0,97514,333.0,97480
4856,4854,4855,336.0,61836928,333.0,97480,300.0,151604
4857,4855,4856,333.0,61934358,300.0,151604,586.0,155226
4858,4856,4857,300.0,308786364,586.0,155226,570.0,13567
4859,4857,4858,586.0,68312666,570.0,13567,573.0,100597
4860,4858,4859,570.0,289851167,573.0,100597,570.0,470466
4861,4859,4860,573.0,62068791,570.0,470466,556.0,65610
4862,4860,4861,570.0,290792076,556.0,65610,556.0,99442
4863,4861,4862,556.0,62030890,556.0,99442,498.0,93737
4864,4862,4863,556.0,62130332,498.0,93737,498.0,495592
4865,4863,4864,498.0,289931337,498.0,495592,519.0,99128
4866,4864,4865,498.0,290426929,519.0,99128,464.0,224985
4867,4865,4866,519.0,62190020,464.0,224985,441.0,94273
4868,4866,4867,464.0,62190265,441.0,94273,439.0,97476
4869,4867,4868,441.0,62059553,439.0,97476,393.0,20612
4870,4868,4869,439.0,62156996,393.0,20612,390.0,97512
4871,4869,4870,393.0,63984772,390.0,97512,389.0,97496
4872,4870,4871,390.0,62082756,389.0,97496,335.0,43371
4873,4871,4872,389.0,62180204,335.0,43371,339.0,100630
4874,4872,4873,335.0,62008651,339.0,100630,351.0,168
4875,4873,4874,339.0,64109590,351.0,168,300.0,773039
4876,4874,4875,351.0,61965448,300.0,773039,586.0,260175
4877,4875,4876,300.0,310599439,586.0,260175,573.0,34837
4878,4876,4877,586.0,68679759,573.0,34837,570.0,470624
4879,4877,4878,573.0,62238445,570.0,470624,573.0,100599
4880,4878,4879,570.0,291585674,573.0,100599,543.0,454071
4881,4879,4880,573.0,62439615,543.0,454071,556.0,99451
4882,4880,4881,543.0,291406431,556.0,99451,498.0,251020
4883,4881,4882,556.0,62400213,498.0,251020,498.0,495592
4884,4882,4883,498.0,291203380,498.0,495592,482.0,142066
4885,4883,4884,498.0,291698972,482.0,142066,440.0,27691
4886,4884,4885,482.0,62345674,440.0,27691,442.0,97485
4887,4885,4886,440.0,62231299,442.0,97485,440.0,97480
4888,4886,4887,442.0,62328807,440.0,97480,388.0,50878
4889,4887,4888,440.0,62426266,388.0,50878,387.0,97485
4890,4888,4889,388.0,62254486,387.0,97485,405.0,58231
4891,4889,4890,387.0,62351933,405.0,58231,336.0,74327
4892,4890,4891,405.0,62261839,336.0,74327,333.0,97480
4893,4891,4892,336.0,62277935,333.0,97480,351.0,124940
4894,4892,4893,333.0,62375364,351.0,124940,586.0,34252
4895,4893,4894,351.0,62328548,586.0,34252,582.0,629586
4896,4894,4895,586.0,68715980,582.0,629586,573.0,66725
4897,4895,4896,582.0,344038226,573.0,66725,573.0,100607
4898,4896,4897,573.0,62508661,573.0,100607,556.0,29257
4899,4897,4898,573.0,62609268,556.0,29257,543.0,465042
4900,4898,4899,556.0,62471193,543.0,465042,543.0,465095
4901,4899,4900,543.0,292668872,543.0,465095,519.0,89345
4902,4900,4901,543.0,293133967,519.0,89345,498.0,495615
4903,4901,4902,519.0,62531281,498.0,495615,464.0,77677
4904,4902,4903,498.0,292971005,464.0,77677,441.0,58636
4905,4903,4904,464.0,62519613,441.0,58636,439.0,97494
4906,4904,4905,441.0,62500572,439.0,97494,457.0,117604
4907,4905,4906,439.0,62598020,457.0,117604,389.0,81806
4908,4906,4907,457.0,62559540,389.0,81806,388.0,97467
4909,4907,4908,389.0,62523742,388.0,97467,335.0,7720
4910,4908,4909,388.0,62621181,335.0,7720,339.0,100625
4911,4909,4910,335.0,62449656,339.0,100625,334.0,97500
4912,4910,4911,339.0,64564817,334.0,97500,300.0,56713
4913,4911,4912,334.0,62644650,300.0,56713,586.0,139201
4914,4912,4913,300.0,312266393,586.0,139201,582.0,1271229
4915,4913,4914,586.0,69083073,582.0,1271229,570.0,461196
4916,4914,4915,582.0,345990589,570.0,461196,573.0,100578
4917,4915,4916,570.0,293643076,573.0,100578,556.0,60790
4918,4916,4917,573.0,62879484,556.0,60790,556.0,99461
4919,4917,4918,556.0,62741054,556.0,99461,519.0,21669
4920,4918,4919,556.0,62840515,519.0,21669,519.0,99126
4921,4919,4920,519.0,62701933,519.0,99126,519.0,99126
4922,4920,4921,519.0,62801059,519.0,99126,464.0,205472
4923,4921,4922,519.0,62900185,464.0,205472,441.0,89529
4924,4922,4923,464.0,62885736,441.0,89529,440.0,97500
4925,4923,4924,441.0,62769793,440.0,97500,387.0,15212
4926,4924,4925,440.0,62867292,387.0,15212,393.0,100649
4927,4925,4926,387.0,62695476,393.0,100649,389.0,97466
4928,4926,4927,393.0,64818601,389.0,97466,336.0,38684
4929,4927,4928,389.0,62890446,336.0,38684,333.0,97484
4930,4928,4929,336.0,62718948,333.0,97484,335.0,97524
4931,4929,4930,333.0,62816374,335.0,97524,300.0,678151
4932,4930,4931,335.0,62913940,300.0,678151,586.0,244150
4933,4931,4932,300.0,314079471,586.0,244150,570.0,140033
4934,4932,4933,586.0,69450166,570.0,140033,573.0,100600
4935,4933,4934,570.0,294436673,573.0,100600,570.0,470488
4936,4934,4935,573.0,63049138,570.0,470488,556.0,92341
4937,4935,4936,570.0,295377578,556.0,92341,556.0,99445
4938,4936,4937,556.0,63010933,556.0,99445,519.0,53119
4939,4937,4938,556.0,63110378,519.0,53119,519.0,99126
4940,4938,4939,519.0,62971711,519.0,99126,482.0,104585
4941,4939,4940,519.0,63070837,482.0,104585,440.0,22942
4942,4940,4941,482.0,63023177,440.0,22942,439.0,97520
4943,4941,4942,440.0,62941534,439.0,97520,441.0,97509
4944,4942,4943,439.0,63039052,441.0,97509,388.0,46133
4945,4943,4944,441.0,63136567,388.0,46133,388.0,97507
4946,4944,4945,388.0,62964725,388.0,97507,405.0,21601
4947,4945,4946,388.0,63062232,405.0,21601,339.0,71839
4948,4946,4947,405.0,62940193,339.0,71839,334.0,97503
4949,4947,4948,339.0,65020063,334.0,97503,351.0,105891
4950,4948,4949,334.0,63085659,351.0,105891,586.0,18230
4951,4949,4950,351.0,63024483,586.0,18230,582.0,531630
4952,4950,4951,586.0,69486390,582.0,531630,573.0,61872
4953,4951,4952,582.0,347872430,573.0,61872,570.0,470645
4954,4952,4953,573.0,63218792,570.0,470645,543.0,113995
4955,4953,4954,570.0,296171175,543.0,113995,556.0,99450
4956,4954,4955,543.0,295525395,556.0,99450,556.0,99461
4957,4955,4956,556.0,63280798,556.0,99461,519.0,84568
4958,4956,4957,556.0,63380259,519.0,84568,519.0,99126
4959,4957,4958,519.0,63241488,519.0,99126,464.0,58169
4960,4958,4959,519.0,63340614,464.0,58169,441.0,53895
4961,4959,4960,464.0,63215089,441.0,53895,440.0,97519
4962,4960,4961,441.0,63210815,440.0,97519,457.0,81255
4963,4961,4962,440.0,63308317,457.0,81255,389.0,77068
4964,4962,4963,457.0,63238175,389.0,77068,389.0,97501
4965,4963,4964,389.0,63233988,389.0,97501,336.0,3038
4966,4964,4965,389.0,63331489,336.0,3038,333.0,97486
4967,4965,4966,336.0,63159958,333.0,97486,335.0,97525
4968,4966,4967,333.0,63257382,335.0,97525,351.0,230665
4969,4967,4968,335.0,63354947,351.0,230665,586.0,123177
4970,4968,4969,351.0,63387585,586.0,123177,582.0,1173260
4971,4969,4970,586.0,69853481,582.0,1173260,573.0,93761
4972,4970,4971,582.0,349824780,573.0,93761,573.0,100607
4973,4971,4972,573.0,63489009,573.0,100607,543.0,261686
4974,4972,4973,573.0,63589616,543.0,261686,543.0,465095
4975,4973,4974,543.0,296787846,543.0,465095,498.0,45777
4976,4974,4975,543.0,297252941,498.0,45777,498.0,495592
4977,4975,4976,498.0,296571937,498.0,495592,498.0,495592
4978,4976,4977,498.0,297067529,498.0,495592,464.0,185956
4979,4977,4978,498.0,297563121,464.0,185956,445.0,87596
4980,4978,4979,464.0,63581204,445.0,87596,441.0,97522
4981,4979,4980,445.0,65527852,441.0,97522,388.0,10522
4982,4980,4981,441.0,63577586,388.0,10522,387.0,97493
4983,4981,4982,388.0,63405770,387.0,97493,363.0,48734
4984,4982,4983,387.0,63503219,363.0,48734,339.0,35031
4985,4983,4984,363.0,31800360,339.0,35031,334.0,97501
4986,4984,4985,339.0,65475287,334.0,97501,335.0,97487
4987,4985,4986,334.0,63526663,335.0,97487,300.0,583247
4988,4986,4987,335.0,63624175,300.0,583247,586.0,228123
4989,4987,4988,300.0,317559487,586.0,228123,573.0,25085
4990,4988,4989,586.0,70220571,573.0,25085,570.0,470495
4991,4989,4990,573.0,63658661,570.0,470495,573.0,100581
4992,4990,4991,570.0,298228575,573.0,100581,556.0,87524
4993,4991,4992,573.0,63859831,556.0,87524,556.0,99461
4994,4992,4993,556.0,63721100,556.0,99461,519.0,48299
4995,4993,4994,556.0,63820561,519.0,48299,498.0,495600
4996,4994,4995,519.0,63681875,498.0,495600,482.0,67093
4997,4995,4996,498.0,298339570,482.0,67093,441.0,18257
4998,4996,4997,482.0,63700669,441.0,18257,439.0,97470
4999,4997,4998,441.0,63651833,439.0,97470,441.0,97473
5000,4998,4999,439.0,63749274,441.0,97473,389.0,41450
5001,4999,5000,441.0,63846803,389.0,41450,388.0,97474
5002,5000,5001,389.0,63675026,388.0,97474,388.0,97507
5003,5001,5002,388.0,63772466,388.0,97507,333.0,64809
5004,5002,5003,388.0,63869973,333.0,64809,335.0,97523
5005,5003,5004,333.0,63698385,335.0,97523,351.0,86835
5006,5004,5005,335.0,63795951,351.0,86835,586.0,2202
5007,5005,5006,351.0,63720411,586.0,2202,582.0,433637
5008,5006,5007,586.0,70256794,582.0,433637,570.0,266489
5009,5007,5008,582.0,351706597,570.0,266489,573.0,100603
5010,5008,5009,570.0,299022169,573.0,100603,556.0,19617
5011,5009,5010,573.0,64029485,556.0,19617,556.0,99442
5012,5010,5011,556.0,63891521,556.0,99442,556.0,99461
5013,5011,5012,556.0,63990963,556.0,99461,519.0,79749
5014,5012,5013,556.0,64090424,519.0,79749,519.0,99126
5015,5013,5014,519.0,63951653,519.0,99126,464.0,38656
5016,5014,5015,519.0,64050779,464.0,38656,442.0,49188
5017,5015,5016,464.0,63910560,442.0,49188,440.0,97480
5018,5016,5017,442.0,63921092,440.0,97480,457.0,44894
5019,5017,5018,440.0,64018550,457.0,44894,363.0,36190
5020,5018,5019,457.0,63916798,363.0,36190,389.0,97472
5021,5019,5020,363.0,31972142,389.0,97472,405.0,224881
5022,5020,5021,389.0,64041730,405.0,224881,334.0,95769
5023,5021,5022,405.0,64096785,334.0,95769,335.0,97490
5024,5022,5023,334.0,63967673,335.0,97490,351.0,211612
5025,5023,5024,335.0,64065184,351.0,211612,586.0,107152
5026,5024,5025,351.0,64083516,586.0,107152,582.0,1075286
5027,5025,5026,586.0,70623888,582.0,1075286,573.0,88907
5028,5026,5027,582.0,353658966,573.0,88907,570.0,470666
5029,5027,5028,573.0,64199139,570.0,470666,556.0,51151
5030,5028,5029,570.0,300756676,556.0,51151,556.0,99461
5031,5029,5030,556.0,64161383,556.0,99461,519.0,12072
5032,5030,5031,556.0,64260844,519.0,12072,519.0,99126
5033,5031,5032,519.0,64122304,519.0,99126,519.0,99126
5034,5032,5033,519.0,64221430,519.0,99126,464.0,166447
5035,5033,5034,519.0,64320556,464.0,166447,439.0,80076
5036,5034,5035,464.0,64276679,439.0,80076,441.0,97493
5037,5035,5036,439.0,64190308,441.0,97493,388.0,5779
5038,5036,5037,441.0,64287829,388.0,5779,388.0,97507
5039,5037,5038,388.0,64116011,388.0,97507,387.0,97507
5040,5038,5039,388.0,64213518,387.0,97507,333.0,29165
5041,5039,5040,387.0,64310969,333.0,29165,334.0,97465
5042,5040,5041,333.0,64139397,334.0,97465,336.0,97506
5043,5041,5042,334.0,64236899,336.0,97506,300.0,488380
5044,5042,5043,336.0,64334466,300.0,488380,586.0,212101
5045,5043,5044,300.0,321039540,586.0,212101,570.0,94390
5046,5044,5045,586.0,70990981,570.0,94390,573.0,100585
5047,5045,5046,570.0,301079590,573.0,100585,570.0,470381
5048,5046,5047,573.0,64469357,570.0,470381,543.0,386710
5049,5047,5048,570.0,302020501,543.0,386710,543.0,465095
5050,5048,5049,543.0,301371910,543.0,465095,519.0,43522
5051,5049,5050,543.0,301837005,519.0,43522,519.0,99126
5052,5050,5051,519.0,64392082,519.0,99126,482.0,29619
5053,5051,5052,519.0,64491208,482.0,29619,441.0,13517
5054,5052,5053,482.0,64378179,441.0,13517,440.0,97500
5055,5053,5054,441.0,64362077,440.0,97500,442.0,97479
5056,5054,5055,440.0,64459576,442.0,97479,389.0,36713
5057,5055,5056,442.0,64557081,389.0,36713,389.0,97501
5058,5056,5057,389.0,64385273,389.0,97501,388.0,97488
5059,5057,5058,389.0,64482774,388.0,97488,334.0,60123
5060,5058,5059,388.0,64580216,334.0,60123,335.0,97494
5061,5059,5060,334.0,64408683,335.0,97494,351.0,67789
5062,5060,5061,335.0,64506194,351.0,67789,300.0,1109819
5063,5061,5062,351.0,64416349,300.0,1109819,582.0,335691
5064,5062,5063,300.0,322852619,582.0,335691,573.0,52123
5065,5063,5064,582.0,355540811,573.0,52123,570.0,470538
5066,5064,5065,573.0,64639011,570.0,470538,556.0,14800
5067,5065,5066,570.0,302814098,556.0,14800,556.0,99461
5068,5066,5067,556.0,64601688,556.0,99461,543.0,465057
5069,5067,5068,556.0,64701149,543.0,465057,498.0,336140
5070,5068,5069,543.0,303099457,498.0,336140,498.0,495592
5071,5069,5070,498.0,302436100,498.0,495592,464.0,19142
5072,5070,5071,498.0,302931692,464.0,19142,439.0,44446
5073,5071,5072,464.0,64606030,439.0,44446,441.0,97508
5074,5072,5073,439.0,64631334,441.0,97508,457.0,8535
5075,5073,5074,441.0,64728850,457.0,8535,387.0,67620
5076,5074,5075,457.0,64595423,387.0,67620,390.0,97469
5077,5075,5076,387.0,64654508,390.0,97469,405.0,188245
5078,5076,5077,390.0,64751999,405.0,188245,327.0,1469
5079,5077,5078,405.0,64775133,327.0,1469,336.0,97503
5080,5078,5079,327.0,1043193,336.0,97503,351.0,192559
5081,5079,5080,336.0,64775469,351.0,192559,586.0,91126
5082,5080,5081,351.0,64779447,586.0,91126,582.0,977305
5083,5081,5082,586.0,71394294,582.0,977305,567.0,6771
5084,5082,5083,582.0,357493145,567.0,6771,573.0,100606
5085,5083,5084,567.0,5234611,573.0,100606,556.0,46351
5086,5084,5085,573.0,65009832,556.0,46351,556.0,99442
5087,5085,5086,556.0,64871567,556.0,99442,513.0,16861
5088,5086,5087,556.0,64971009,513.0,16861,498.0,493411
5089,5087,5088,513.0,5244701,498.0,493411,498.0,495592
5090,5088,5089,498.0,303708131,498.0,495592,464.0,146929
5091,5089,5090,498.0,304203723,464.0,146929,440.0,75379
5092,5090,5091,464.0,64972145,440.0,75379,442.0,97507
5093,5091,5092,440.0,64900595,442.0,97507,389.0,1094
5094,5092,5093,442.0,64998115,389.0,1094,388.0,97481
5095,5093,5094,389.0,64826310,388.0,97481,388.0,97507
5096,5094,5095,388.0,64923751,388.0,97507,334.0,24468
5097,5095,5096,388.0,65021258,334.0,24468,335.0,97490
5098,5096,5097,334.0,64849684,335.0,97490,333.0,97523
5099,5097,5098,335.0,64947196,333.0,97523,300.0,393471
5100,5098,5099,333.0,65044693,300.0,393471,586.0,196073
5101,5099,5100,300.0,324519551,586.0,196073,573.0,15335
5102,5100,5101,586.0,71761385,573.0,15335,570.0,470381
5103,5101,5102,573.0,65078879,570.0,470381,573.0,100565
5104,5102,5103,570.0,304871491,573.0,100565,556.0,77885
5105,5103,5104,573.0,65280049,556.0,77885,556.0,99461
5106,5104,5105,556.0,65141429,556.0,99461,519.0,38702
5107,5105,5106,556.0,65240890,519.0,38702,519.0,99126
5108,5106,5107,519.0,65102246,519.0,99126,519.0,99444
5109,5107,5108,519.0,65201372,519.0,99444,445.0,9138
5110,5108,5109,519.0,65300816,445.0,9138,441.0,97523
5111,5109,5110,445.0,67171506,441.0,97523,439.0,97512
5112,5110,5111,441.0,65169871,439.0,97512,390.0,31994
5113,5111,5112,439.0,65267324,390.0,31994,389.0,97477
5114,5112,5113,390.0,65095538,389.0,97477,389.0,97501
5115,5113,5114,389.0,65193013,389.0,97501,327.0,894
5116,5114,5115,389.0,65290514,327.0,894,336.0,97503
5117,5115,5116,327.0,1050306,336.0,97503,351.0,48731
5118,5116,5117,336.0,65216475,351.0,48731,300.0,1014903
5119,5117,5118,351.0,65112275,300.0,1014903,582.0,237689
5120,5118,5119,300.0,326332623,582.0,237689,570.0,220842
5121,5119,5120,582.0,359374969,570.0,220842,573.0,100586
5122,5120,5121,570.0,305665082,573.0,100586,543.0,46622
5123,5121,5122,573.0,65449702,543.0,46622,543.0,465095
5124,5122,5123,543.0,305490862,543.0,465095,556.0,99449
5125,5123,5124,543.0,305955957,556.0,99449,519.0,70150
5126,5124,5125,556.0,65510751,519.0,70150,519.0,99126
5127,5125,5126,519.0,65372022,519.0,99126,482.0,237610
5128,5126,5127,519.0,65471148,482.0,237610,439.0,39686
5129,5127,5128,482.0,65539482,439.0,39686,441.0,97473
5130,5128,5129,439.0,65341558,441.0,97473,440.0,97509
5131,5129,5130,441.0,65439087,440.0,97509,388.0,62927
5132,5130,5131,440.0,65536587,388.0,62927,387.0,97511
5133,5131,5132,388.0,65364799,387.0,97511,405.0,151607
5134,5132,5133,387.0,65462251,405.0,151607,335.0,86330
5135,5133,5134,405.0,65453479,335.0,86330,333.0,97523
5136,5134,5135,335.0,65388202,333.0,97523,351.0,173504
5137,5135,5136,333.0,65485699,351.0,173504,586.0,75099
5138,5136,5137,351.0,65475376,586.0,75099,582.0,879319
5139,5137,5138,586.0,72164699,582.0,879319,573.0,79155
5140,5138,5139,582.0,361327319,573.0,79155,570.0,470538
5141,5139,5140,573.0,65619355,570.0,470538,556.0,41532
5142,5140,5141,570.0,307399578,556.0,41532,543.0,465034
5143,5141,5142,556.0,65581732,543.0,465034,518.0,11156
5144,5142,5143,543.0,307218404,518.0,11156,519.0,99367
5145,5143,5144,518.0,5296656,519.0,99367,519.0,99126
5146,5144,5145,519.0,65641799,519.0,99126,464.0,127417
5147,5145,5146,519.0,65740925,464.0,127417,440.0,70630
5148,5146,5147,464.0,65667617,440.0,70630,445.0,100628
5149,5147,5148,440.0,65610830,445.0,100628,457.0,210283
5150,5148,5149,445.0,67827988,457.0,210283,389.0,93854
5151,5149,5150,457.0,65750483,389.0,93854,388.0,97490
5152,5150,5151,389.0,65634054,388.0,97490,327.0,319
5153,5151,5152,388.0,65731496,327.0,319,336.0,97503
5154,5152,5153,327.0,1057419,336.0,97503,333.0,97474
5155,5153,5154,336.0,65657481,333.0,97474,300.0,298580
5156,5154,5155,333.0,65754916,300.0,298580,586.0,180048
5157,5155,5156,300.0,327999580,586.0,180048,570.0,48732
5158,5156,5157,586.0,72531792,570.0,48732,573.0,100567
5159,5157,5158,570.0,307722492,573.0,100567,573.0,100607
5160,5158,5159,573.0,65889573,573.0,100607,556.0,73077
5161,5159,5160,573.0,65990180,556.0,73077,556.0,99451
5162,5160,5161,556.0,65851605,556.0,99451,498.0,130895
5163,5161,5162,556.0,65951056,498.0,130895,519.0,99135
5164,5162,5163,498.0,307804655,519.0,99135,519.0,99161
5165,5163,5164,519.0,65911577,519.0,99161,439.0,4058
5166,5164,5165,519.0,66010738,439.0,4058,441.0,97489
5167,5165,5166,439.0,65782586,441.0,97489,439.0,97465
5168,5166,5167,441.0,65880109,439.0,97465,387.0,27265
5169,5167,5168,439.0,65977549,387.0,27265,390.0,97482
5170,5168,5169,387.0,65805793,390.0,97482,389.0,97484
5171,5169,5170,390.0,65903290,389.0,97484,335.0,50683
5172,5170,5171,389.0,66000756,335.0,50683,339.0,100610
5173,5171,5172,335.0,65829211,339.0,100610,351.0,29679
5174,5172,5173,339.0,68053378,351.0,29679,300.0,920016
5175,5173,5174,351.0,65808207,300.0,920016,582.0,139716
5176,5174,5175,300.0,329812656,582.0,139716,573.0,42370
5177,5175,5176,582.0,363209156,573.0,42370,570.0,470402
5178,5176,5177,573.0,66059226,570.0,470402,556.0,5158
5179,5177,5178,570.0,309456992,556.0,5158,556.0,99461
5180,5178,5179,556.0,66022014,556.0,99461,556.0,99461
5181,5179,5180,556.0,66121475,556.0,99461,498.0,288171
5182,5180,5181,556.0,66220936,498.0,288171,498.0,495592
5183,5181,5182,498.0,309076691,498.0,495592,482.0,200122
5184,5182,5183,498.0,309572283,482.0,200122,440.0,34996
5185,5183,5184,482.0,66216978,440.0,34996,423.0,45605
5186,5184,5185,440.0,66051852,423.0,45605,440.0,97469
5187,5185,5186,423.0,30940842,440.0,97469,388.0,58178
5188,5186,5187,440.0,66246819,388.0,58178,387.0,97466
5189,5187,5188,388.0,66075034,387.0,97466,405.0,114969
5190,5188,5189,387.0,66172478,405.0,114969,336.0,81627
5191,5189,5190,405.0,66131825,336.0,81627,333.0,97471
5192,5190,5191,336.0,66098483,333.0,97471,351.0,154449
5193,5191,5192,333.0,66195919,351.0,154449,586.0,59072
5194,5192,5193,351.0,66171305,586.0,59072,582.0,781332
5195,5193,5194,586.0,72935104,582.0,781332,570.0,347294
5196,5194,5195,582.0,365161492,570.0,347294,573.0,100588
5197,5195,5196,570.0,310250574,573.0,100588,543.0,171637
5198,5196,5197,573.0,66430048,543.0,171637,543.0,465095
5199,5197,5198,543.0,310074917,543.0,465095,556.0,99460
5200,5198,5199,543.0,310540012,556.0,99460,498.0,445442
5201,5199,5200,556.0,66490796,498.0,445442,498.0,495592
5202,5200,5201,498.0,310348722,498.0,495592,464.0,107898
5203,5201,5202,498.0,310844314,464.0,107898,441.0,65942
5204,5202,5203,464.0,66363082,441.0,65942,439.0,97480
5205,5203,5204,441.0,66321126,439.0,97480,457.0,173914
5206,5204,5205,439.0,66418570,457.0,173914,389.0,89107
5207,5205,5206,457.0,66429098,389.0,89107,389.0,97501
5208,5206,5207,389.0,66344291,389.0,97501,335.0,15027
5209,5207,5208,389.0,66441792,335.0,15027,333.0,97519
5210,5208,5209,335.0,66270211,333.0,97519,334.0,97490
5211,5209,5210,333.0,66367707,334.0,97490,300.0,203663
5212,5210,5211,334.0,66465204,300.0,203663,586.0,164018
5213,5211,5212,300.0,331479583,586.0,164018,573.0,5582
5214,5212,5213,586.0,73302194,573.0,5582,573.0,100607
5215,5213,5214,573.0,66499094,573.0,100607,570.0,470552
5216,5214,5215,573.0,66599701,570.0,470552,543.0,319317
5217,5215,5216,570.0,311985072,543.0,319317,543.0,465095
5218,5216,5217,543.0,311337357,543.0,465095,519.0,29101
5219,5217,5218,543.0,311802452,519.0,29101,519.0,99126
5220,5218,5219,519.0,66522613,519.0,99126,498.0,495676
5221,5219,5220,519.0,66621739,498.0,495676,464.0,235688
5222,5220,5221,498.0,312116356,464.0,235688,442.0,96872
5223,5221,5222,464.0,66729200,442.0,96872,440.0,97483
5224,5222,5223,442.0,66590384,440.0,97483,388.0,22566
5225,5223,5224,440.0,66687839,388.0,22566,387.0,97512
5226,5224,5225,388.0,66516078,387.0,97512,390.0,97484
5227,5225,5226,387.0,66613530,390.0,97484,336.0,45971
5228,5226,5227,390.0,66711028,336.0,45971,333.0,97468
5229,5227,5228,336.0,66539483,333.0,97468,351.0,10618
5230,5228,5229,333.0,66636922,351.0,10618,300.0,825084
5231,5229,5230,351.0,66504130,300.0,825084,582.0,41697
5232,5230,5231,300.0,333292644,582.0,41697,570.0,175170
5233,5231,5232,582.0,367043297,570.0,175170,573.0,100566
5234,5232,5233,570.0,312307970,573.0,100566,556.0,356
5235,5233,5234,573.0,66869916,556.0,356,556.0,99442
5236,5234,5235,556.0,66732196,556.0,99442,556.0,99461
5237,5235,5236,556.0,66831638,556.0,99461,519.0,60551
5238,5236,5237,556.0,66931099,519.0,60551,519.0,99126
5239,5237,5238,519.0,66792391,519.0,99126,482.0,162634
5240,5238,5239,519.0,66891517,482.0,162634,441.0,30309
5241,5239,5240,482.0,66894474,441.0,30309,439.0,97504
5242,5240,5241,441.0,66762149,439.0,97504,441.0,97498
5243,5241,5242,439.0,66859600,441.0,97498,389.0,53496
5244,5242,5243,441.0,66957120,389.0,53496,388.0,97495
5245,5243,5244,389.0,66785336,388.0,97495,405.0,78336
5246,5244,5245,388.0,66882779,405.0,78336,333.0,76878
5247,5245,5246,405.0,66810176,333.0,76878,334.0,97494
5248,5246,5247,333.0,66808718,334.0,97494,351.0,135397
5249,5247,5248,334.0,66906214,351.0,135397,586.0,43047
5250,5248,5249,351.0,66867237,586.0,43047,582.0,683358
5251,5249,5250,586.0,73705511,582.0,683358,573.0,69404
5252,5250,5251,582.0,368995678,573.0,69404,570.0,470416
5253,5251,5252,573.0,67039572,570.0,470416,556.0,31891
5254,5252,5253,570.0,314042486,556.0,31891,556.0,99461
5255,5253,5254,556.0,67002059,556.0,99461,556.0,99461
5256,5254,5255,556.0,67101520,556.0,99461,519.0,92001
5257,5255,5256,556.0,67200981,519.0,92001,519.0,99126
5258,5256,5257,519.0,67062169,519.0,99126,464.0,88390
5259,5257,5258,519.0,67161295,464.0,88390,441.0,61201
5260,5258,5259,464.0,67058558,441.0,61201,440.0,97507
5261,5259,5260,441.0,67031369,440.0,97507,457.0,137564
5262,5260,5261,440.0,67128869,457.0,137564,390.0,84411
5263,5261,5262,457.0,67107732,390.0,84411,389.0,97488
5264,5262,5263,390.0,67054579,389.0,97488,336.0,10335
5265,5263,5264,389.0,67152038,336.0,10335,333.0,97476
5266,5264,5265,336.0,66980503,333.0,97476,335.0,97518
5267,5265,5266,333.0,67077936,335.0,97518,300.0,108794
5268,5266,5267,335.0,67175504,300.0,108794,586.0,147996
5269,5267,5268,300.0,334959634,586.0,147996,573.0,730
5270,5268,5269,586.0,74072604,573.0,730,570.0,470574
5271,5269,5270,573.0,67209226,570.0,470574,573.0,100592
5272,5270,5271,570.0,314836084,573.0,100592,543.0,296666
5273,5271,5272,573.0,67410396,543.0,296666,556.0,99460
5274,5272,5273,543.0,314658986,556.0,99460,498.0,82923
5275,5273,5274,556.0,67371382,498.0,82923,498.0,495592
5276,5274,5275,498.0,314445243,498.0,495592,519.0,99133
5277,5275,5276,498.0,314940835,519.0,99133,464.0,216178
5278,5276,5277,519.0,67431071,464.0,216178,439.0,92132
5279,5277,5278,464.0,67424674,439.0,92132,441.0,97513
5280,5278,5279,439.0,67300628,441.0,97513,388.0,17822
5281,5279,5280,441.0,67398141,388.0,17822,387.0,97473
5282,5280,5281,388.0,67226318,387.0,97473,387.0,97516
5283,5281,5282,387.0,67323763,387.0,97516,333.0,41228
5284,5282,5283,387.0,67421279,333.0,41228,334.0,97494
5285,5283,5284,333.0,67249724,334.0,97494,335.0,97481
5286,5284,5285,334.0,67347220,335.0,97481,300.0,730213
5287,5285,5286,335.0,67444733,300.0,730213,586.0,252943
5288,5286,5287,300.0,336772693,586.0,252943,573.0,32618
5289,5287,5288,586.0,74439695,573.0,32618,573.0,100607
5290,5288,5289,573.0,67479442,573.0,100607,570.0,470581
5291,5289,5290,573.0,67580049,570.0,470581,543.0,444347
5292,5290,5291,570.0,316570581,543.0,444347,543.0,465095
5293,5291,5292,543.0,315921427,543.0,465095,498.0,240202
5294,5292,5293,543.0,316386522,498.0,240202,498.0,495592
5295,5293,5294,498.0,315717282,498.0,495592,482.0,125144
5296,5294,5295,498.0,316212874,482.0,125144,441.0,25562
5297,5295,5296,482.0,67571968,441.0,25562,440.0,97520
5298,5296,5297,441.0,67472386,440.0,97520,442.0,97522
5299,5297,5298,440.0,67569888,442.0,97522,389.0,48751
5300,5298,5299,442.0,67667416,389.0,48751,389.0,97501
5301,5299,5300,389.0,67495575,389.0,97501,405.0,41694
5302,5300,5301,389.0,67593076,405.0,41694,333.0,72113
5303,5301,5302,405.0,67488518,333.0,72113,335.0,97515
5304,5302,5303,333.0,67518937,335.0,97515,351.0,116341
5305,5303,5304,335.0,67616507,351.0,116341,586.0,27019
5306,5304,5305,351.0,67563165,586.0,27019,582.0,585365
5307,5305,5306,586.0,74475915,582.0,585365,570.0,301636
5308,5306,5307,582.0,372829845,570.0,301636,573.0,100570
5309,5307,5308,570.0,316893476,573.0,100570,556.0,27091
5310,5308,5309,573.0,67850264,556.0,27091,556.0,99442
5311,5309,5310,556.0,67712243,556.0,99442,543.0,465026
5312,5310,5311,556.0,67811685,543.0,465026,519.0,87181
5313,5311,5312,543.0,317648966,519.0,87181,498.0,495661
5314,5312,5313,519.0,67772333,498.0,495661,464.0,68872
5315,5313,5314,498.0,317484921,464.0,68872,416.0,28249
5316,5314,5315,464.0,67754024,416.0,28249,433.0,1573
5317,5315,5316,416.0,33870825,433.0,1573,457.0,101196
5318,5316,5317,433.0,1094180,457.0,101196,387.0,79666
5319,5317,5318,457.0,67786348,387.0,79666,390.0,97502
5320,5318,5319,387.0,67764818,390.0,97502,333.0,5577
5321,5319,5320,390.0,67862324,333.0,5577,334.0,97493
5322,5320,5321,333.0,67690729,334.0,97493,335.0,97480
5323,5321,5322,334.0,67788225,335.0,97480,300.0,13884
5324,5322,5323,335.0,67885738,300.0,13884,586.0,131968
5325,5323,5324,300.0,338439644,586.0,131968,582.0,1227007
5326,5324,5325,586.0,74843008,582.0,1227007,573.0,96438
5327,5325,5326,582.0,374782207,573.0,96438,570.0,470431
5328,5326,5327,573.0,68019918,570.0,470431,556.0,58625
5329,5327,5328,570.0,318627981,556.0,58625,556.0,99461
5330,5328,5329,556.0,67982105,556.0,99461,519.0,19505
5331,5329,5330,556.0,68081566,519.0,19505,519.0,99126
5332,5330,5331,519.0,67942985,519.0,99126,519.0,99126
5333,5331,5332,519.0,68042111,519.0,99126,464.0,196668
5334,5332,5333,519.0,68141237,464.0,196668,439.0,87378
5335,5333,5334,464.0,68120148,439.0,87378,441.0,97483
5336,5334,5335,439.0,68010858,441.0,97483,389.0,13142
5337,5335,5336,441.0,68108383,389.0,13142,388.0,97504
5338,5336,5337,389.0,67936622,388.0,97504,387.0,97488
5339,5337,5338,388.0,68034066,387.0,97488,333.0,36472
5340,5338,5339,387.0,68131514,333.0,36472,335.0,97521
5341,5339,5340,333.0,67959952,335.0,97521,336.0,97489
5342,5340,5341,335.0,68057519,336.0,97489,300.0,635341
5343,5341,5342,336.0,68155013,300.0,635341,586.0,236920
5344,5342,5343,300.0,340252741,586.0,236920,573.0,27766
5345,5343,5344,586.0,75210104,573.0,27766,570.0,470602
5346,5344,5345,573.0,68189574,570.0,470602,573.0,100596
5347,5345,5346,570.0,319421592,573.0,100596,556.0,90161
5348,5346,5347,573.0,68390744,556.0,90161,556.0,99461
5349,5347,5348,556.0,68251969,556.0,99461,519.0,50956
5350,5348,5349,556.0,68351430,519.0,50956,519.0,99126
5351,5349,5350,519.0,68212764,519.0,99126,482.0,87677
5352,5350,5351,519.0,68311890,482.0,87677,442.0,20875
5353,5351,5352,482.0,68249485,442.0,20875,440.0,97490
5354,5352,5353,442.0,68182683,440.0,97490,416.0,48762
5355,5353,5354,440.0,68280130,416.0,48762,390.0,44071
5356,5354,5355,416.0,34188845,390.0,44071,389.0,97497
5357,5355,5356,390.0,68205879,389.0,97497,405.0,5077
5358,5356,5357,389.0,68303325,405.0,5077,334.0,67431
5359,5357,5358,405.0,68166885,334.0,67431,335.0,97487
5360,5358,5359,334.0,68229239,335.0,97487,351.0,97297
5361,5359,5360,335.0,68326751,351.0,97297,586.0,11001
5362,5360,5361,351.0,68259105,586.0,11001,582.0,487433
5363,5361,5362,586.0,75246329,582.0,487433,573.0,59656
5364,5362,5363,582.0,376664073,573.0,59656,573.0,100607
5365,5363,5364,573.0,68459792,573.0,100607,543.0,104296
5366,5364,5365,573.0,68560399,543.0,104296,543.0,465095
5367,5365,5366,543.0,320040416,543.0,465095,556.0,99451
5368,5366,5367,543.0,320505511,556.0,99451,498.0,373301
5369,5367,5368,556.0,68621293,498.0,373301,519.0,99134
5370,5368,5369,498.0,320309421,519.0,99134,464.0,49369
5371,5369,5370,519.0,68581668,464.0,49369,439.0,51755
5372,5370,5371,464.0,68449505,439.0,51755,441.0,97503
5373,5371,5372,439.0,68451891,441.0,97503,457.0,64857
5374,5372,5373,441.0,68549409,457.0,64857,387.0,74923
5375,5373,5374,457.0,68464993,387.0,74923,393.0,100667
5376,5374,5375,387.0,68475059,393.0,100667,333.0,827
5377,5375,5376,393.0,70784635,333.0,827,335.0,97525
5378,5376,5377,333.0,68400963,335.0,97525,336.0,97499
5379,5377,5378,335.0,68498529,336.0,97499,351.0,222073
5380,5378,5379,336.0,68596029,351.0,222073,586.0,115951
5381,5379,5380,351.0,68622209,586.0,115951,582.0,1129082
5382,5380,5381,586.0,75613423,582.0,1129082,570.0,428132
5383,5381,5382,582.0,378616442,570.0,428132,573.0,100578
5384,5382,5383,570.0,321479012,573.0,100578,556.0,53813
5385,5383,5384,573.0,68830616,556.0,53813,543.0,465359
5386,5384,5385,556.0,68692277,543.0,465359,498.0,34989
5387,5385,5386,543.0,321767959,498.0,34989,498.0,495592
5388,5386,5387,498.0,321085869,498.0,495592,498.0,495592
5389,5387,5388,498.0,321581461,498.0,495592,464.0,177157
5390,5388,5389,498.0,322077053,464.0,177157,440.0,82690
5391,5389,5390,464.0,68815621,440.0,82690,442.0,97496
5392,5390,5391,440.0,68721154,442.0,97496,389.0,8402
5393,5391,5392,442.0,68818668,389.0,8402,388.0,97471
5394,5392,5393,389.0,68646866,388.0,97471,388.0,97507
5395,5393,5394,388.0,68744305,388.0,97507,334.0,31782
5396,5394,5395,388.0,68841812,334.0,31782,335.0,97488
5397,5395,5396,334.0,68670246,335.0,97488,333.0,97520
5398,5396,5397,335.0,68767758,333.0,97520,300.0,540460
5399,5397,5398,333.0,68865254,300.0,540460,586.0,220897
5400,5398,5399,300.0,343732780,586.0,220897,570.0,106958
5401,5399,5400,586.0,75980513,570.0,106958,573.0,100598
5402,5400,5401,570.0,322272598,573.0,100598,570.0,470474
5403,5401,5402,573.0,69000268,570.0,470474,556.0,85362
5404,5402,5403,570.0,323213504,556.0,85362,543.0,465004
5405,5403,5404,556.0,68962154,543.0,465004,519.0,46137
5406,5404,5405,543.0,323029304,519.0,46137,498.0,495661
5407,5405,5406,519.0,68922929,498.0,495661,482.0,50189
5408,5406,5407,498.0,322853501,482.0,50189,445.0,16648
5409,5407,5408,482.0,68926981,445.0,16648,441.0,97515
5410,5408,5409,445.0,71115272,441.0,97515,439.0,97501
5411,5409,5410,441.0,68990427,439.0,97501,393.0,40614
5412,5410,5411,439.0,69087877,393.0,40614,389.0,97465
5413,5411,5412,393.0,71139238,389.0,97465,389.0,97501
5414,5412,5413,389.0,69013565,389.0,97501,335.0,62740
5415,5413,5414,389.0,69111066,335.0,62740,336.0,97491
5416,5414,5415,335.0,68939532,336.0,97491,351.0,78241
5417,5415,5416,336.0,69037027,351.0,78241,300.0,1161874
5418,5416,5417,351.0,68955033,300.0,1161874,582.0,389439
5419,5417,5418,300.0,345545834,582.0,389439,573.0,54800
5420,5418,5419,582.0,380498239,573.0,54800,570.0,470616
5421,5419,5420,573.0,69169920,570.0,470616,556.0,17433
5422,5420,5421,570.0,324007086,556.0,17433,556.0,99461
5423,5421,5422,556.0,69132553,556.0,99461,556.0,99461
5424,5422,5423,556.0,69232014,556.0,99461,519.0,77585
5425,5423,5424,556.0,69331475,519.0,77585,519.0,99126
5426,5424,5425,519.0,69192705,519.0,99126,464.0,29852
5427,5425,5426,519.0,69291831,464.0,29852,440.0,47057
5428,5426,5427,464.0,69144972,440.0,47057,441.0,97467
5429,5427,5428,440.0,69162177,441.0,97467,457.0,28491
5430,5428,5429,441.0,69259645,457.0,28491,388.0,70232
5431,5429,5430,457.0,69143611,388.0,70232,387.0,97497
5432,5430,5431,388.0,69185352,387.0,97497,405.0,208354
5433,5431,5432,387.0,69282801,405.0,208354,335.0,93644
5434,5432,5433,405.0,69323474,335.0,93644,333.0,97520
5435,5433,5434,335.0,69208764,333.0,97520,351.0,203018
5436,5434,5435,333.0,69306260,351.0,203018,586.0,99923
5437,5435,5436,351.0,69318138,586.0,99923,582.0,1031089
5438,5436,5437,586.0,76383827,582.0,1031089,573.0,86690
5439,5437,5438,582.0,382450609,573.0,86690,573.0,100607
5440,5438,5439,573.0,69440138,573.0,100607,540.0,45863
5441,5439,5440,573.0,69540745,540.0,45863,556.0,99449
5442,5440,5441,540.0,64924895,556.0,99449,519.0,9909
5443,5441,5442,556.0,69501877,519.0,9909,519.0,99126
5444,5442,5443,519.0,69363357,519.0,99126,519.0,99126
5445,5443,5444,519.0,69462483,519.0,99126,464.0,157645
5446,5444,5445,519.0,69561609,464.0,157645,440.0,77941
5447,5445,5446,464.0,69511093,440.0,77941,439.0,97526
5448,5446,5447,440.0,69431389,439.0,97526,389.0,3661
5449,5447,5448,439.0,69528908,389.0,3661,389.0,97501
5450,5448,5449,389.0,69357109,389.0,97501,388.0,97481
5451,5449,5450,389.0,69454610,388.0,97481,327.0,437
5452,5450,5451,388.0,69552051,327.0,437,336.0,97503
5453,5451,5452,327.0,1119041,336.0,97503,333.0,97474
5454,5452,5453,336.0,69478045,333.0,97474,300.0,445582
5455,5453,5454,333.0,69575480,300.0,445582,586.0,204874
5456,5454,5455,300.0,347212822,586.0,204874,573.0,18017
5457,5455,5456,586.0,76750922,573.0,18017,570.0,470495
5458,5456,5457,573.0,69609793,570.0,470495,573.0,100581
5459,5457,5458,570.0,326064515,573.0,100581,543.0,377004
5460,5458,5459,573.0,69810963,543.0,377004,543.0,465095
5461,5459,5460,543.0,325886924,543.0,465095,498.0,168056
5462,5460,5461,543.0,326352019,498.0,168056,519.0,99130
5463,5461,5462,498.0,325677976,519.0,99130,482.0,12705
5464,5462,5463,519.0,69732260,482.0,12705,439.0,11365
5465,5463,5464,482.0,69604481,439.0,11365,441.0,97483
5466,5464,5465,439.0,69603141,441.0,97483,440.0,97521
5467,5465,5466,441.0,69700667,440.0,97521,387.0,34566
5468,5466,5467,440.0,69798169,387.0,34566,363.0,48754
5469,5467,5468,387.0,69626342,363.0,48754,389.0,97473
5470,5468,5469,363.0,34861940,389.0,97473,335.0,57995
5471,5469,5470,389.0,69821309,335.0,57995,333.0,97522
5472,5470,5471,335.0,69649771,333.0,97522,351.0,59191
5473,5471,5472,333.0,69747268,351.0,59191,300.0,1066998
5474,5472,5473,351.0,69650967,300.0,1066998,582.0,291478
5475,5473,5474,300.0,349025878,582.0,291478,570.0,233417
5476,5474,5475,582.0,384332438,570.0,233417,573.0,100601
5477,5475,5476,570.0,326858097,573.0,100601,556.0,12635
5478,5476,5477,573.0,69980615,556.0,12635,556.0,99461
5479,5477,5478,556.0,69842739,556.0,99461,552.0,7827
5480,5478,5479,556.0,69942200,552.0,7827,498.0,325333
5481,5479,5480,552.0,5648587,498.0,325333,498.0,495592
5482,5480,5481,498.0,326950013,498.0,495592,464.0,10337
5483,5481,5482,498.0,327445605,464.0,10337,440.0,42305
5484,5482,5483,464.0,69840441,440.0,42305,445.0,100668
5485,5483,5484,440.0,69872409,445.0,100668,441.0,97525
5486,5484,5485,445.0,72227068,441.0,97525,388.0,65482
5487,5485,5486,441.0,70067439,388.0,65482,388.0,97507
5488,5486,5487,388.0,69895586,388.0,97507,405.0,171714
5489,5487,5488,388.0,69993093,405.0,171714,336.0,88935
5490,5488,5489,405.0,70001818,336.0,88935,333.0,97467
5491,5489,5490,336.0,69919039,333.0,97467,351.0,183961
5492,5490,5491,333.0,70016479,351.0,183961,586.0,83895
5493,5491,5492,351.0,70014065,586.0,83895,582.0,933096
5494,5492,5493,586.0,77154231,582.0,933096,573.0,81835
5495,5493,5494,582.0,386284776,573.0,81835,570.0,470638
5496,5494,5495,573.0,70150267,570.0,470638,556.0,44167
5497,5495,5496,570.0,328592588,556.0,44167,556.0,99461
5498,5496,5497,556.0,70112599,556.0,99461,513.0,5681
5499,5497,5498,556.0,70212060,513.0,5681,498.0,482604
5500,5498,5499,513.0,5656361,498.0,482604,498.0,495592
5501,5499,5500,498.0,328222044,498.0,495592,464.0,138123
5502,5500,5501,498.0,328717636,464.0,138123,441.0,73251
5503,5501,5502,464.0,70206555,441.0,73251,439.0,97470
5504,5502,5503,441.0,70141683,439.0,97470,457.0,230232
5505,5503,5504,439.0,70239124,457.0,230232,389.0,96412
5506,5504,5505,457.0,70298664,389.0,96412,389.0,97501
5507,5505,5506,389.0,70164844,389.0,97501,335.0,22340
5508,5506,5507,389.0,70262345,335.0,22340,333.0,97515
5509,5507,5508,335.0,70090772,333.0,97515,334.0,97486
5510,5508,5509,333.0,70188267,334.0,97486,300.0,350643
5511,5509,5510,334.0,70285764,300.0,350643,586.0,188840
5512,5510,5511,300.0,350692803,586.0,188840,570.0,61286
5513,5511,5512,586.0,77521320,570.0,61286,573.0,100578
5514,5512,5513,570.0,328915486,573.0,100578,573.0,100607
5515,5513,5514,573.0,70420482,573.0,100607,543.0,354311
5516,5514,5515,573.0,70521089,543.0,354311,556.0,99458
5517,5515,5516,543.0,329208511,556.0,99458,519.0,36536
5518,5516,5517,556.0,70481920,519.0,36536,519.0,99126
5519,5517,5518,519.0,70343296,519.0,99126,519.0,99280
5520,5518,5519,519.0,70442422,519.0,99280,440.0,6669
5521,5519,5520,519.0,70541702,440.0,6669,442.0,97477
5522,5520,5521,440.0,70313429,442.0,97477,440.0,97476
5523,5521,5522,442.0,70410933,440.0,97476,388.0,29870
5524,5522,5523,440.0,70508396,388.0,29870,387.0,97497
5525,5523,5524,388.0,70336630,387.0,97497,363.0,48761
5526,5524,5525,387.0,70434079,363.0,48761,336.0,53278
5527,5525,5526,363.0,35265815,336.0,53278,330.0,1573
5528,5526,5527,336.0,70360038,330.0,1573,351.0,40130
5529,5527,5528,330.0,1136412,351.0,40130,300.0,972066
5530,5528,5529,351.0,70346890,300.0,972066,582.0,193459
5531,5529,5530,300.0,352505866,582.0,193459,573.0,45047
5532,5530,5531,582.0,388166579,573.0,45047,570.0,470481
5533,5531,5532,573.0,70590135,570.0,470481,552.0,756
5534,5532,5533,570.0,330649981,552.0,756,543.0,466026
5535,5533,5534,552.0,5689876,543.0,466026,543.0,465095
5536,5534,5535,543.0,330470946,543.0,465095,519.0,67984
5537,5535,5536,543.0,330936041,519.0,67984,519.0,99126
5538,5536,5537,519.0,70613072,519.0,99126,482.0,220687
5539,5537,5538,519.0,70712198,482.0,220687,441.0,37615
5540,5538,5539,482.0,70765775,441.0,37615,439.0,97490
5541,5539,5540,441.0,70582703,439.0,97490,441.0,97488
5542,5540,5541,439.0,70680150,441.0,97488,389.0,60798
5543,5541,5542,441.0,70777674,389.0,60798,388.0,97478
5544,5542,5543,389.0,70605886,388.0,97478,405.0,135072
5545,5543,5544,388.0,70703326,405.0,135072,333.0,84184
5546,5544,5545,405.0,70680160,333.0,84184,334.0,97485
5547,5545,5546,333.0,70629272,334.0,97485,351.0,164904
5548,5546,5547,334.0,70726769,351.0,164904,586.0,67866
5549,5547,5548,351.0,70709992,586.0,67866,582.0,835097
5550,5548,5549,586.0,77924634,582.0,835097,570.0,359854
5551,5549,5550,582.0,390118937,570.0,359854,573.0,100600
5552,5550,5551,570.0,331443574,573.0,100600,556.0,39365
5553,5551,5552,573.0,70960958,556.0,39365,543.0,465057
5554,5552,5553,556.0,70822781,543.0,465057,549.0,7755
5555,5553,5554,543.0,331732297,549.0,7755,519.0,99432
5556,5554,5555,549.0,5727255,519.0,99432,519.0,99126
5557,5555,5556,519.0,70882848,519.0,99126,464.0,118605
5558,5556,5557,519.0,70981974,464.0,118605,442.0,68552
5559,5557,5558,464.0,70902021,442.0,68552,440.0,97490
5560,5558,5559,442.0,70851968,440.0,97490,457.0,193864
5561,5559,5560,440.0,70949416,457.0,193864,393.0,94715
5562,5560,5561,457.0,70977280,393.0,94715,389.0,97469
5563,5561,5562,393.0,73161467,389.0,97469,336.0,17621
5564,5562,5563,389.0,70972583,336.0,17621,334.0,97524
5565,5563,5564,336.0,70801037,334.0,97524,335.0,97507
5566,5564,5565,334.0,70898548,335.0,97507,300.0,255729
5567,5565,5566,335.0,70996057,300.0,255729,586.0,172811
5568,5566,5567,300.0,354172809,586.0,172811,573.0,8260
5569,5567,5568,586.0,78291723,573.0,8260,573.0,100607
5570,5568,5569,573.0,71030004,573.0,100607,570.0,470638
5571,5569,5570,573.0,71130611,570.0,470638,556.0,70899
5572,5570,5571,570.0,333178068,556.0,70899,556.0,99461
5573,5571,5572,556.0,71092643,556.0,99461,498.0,120066
5574,5572,5573,556.0,71192104,498.0,120066,519.0,99138
5575,5573,5574,498.0,332318546,519.0,99138,519.0,99126
5576,5574,5575,519.0,71152626,519.0,99126,441.0,1981
5577,5575,5576,519.0,71251752,441.0,1981,439.0,97512
5578,5576,5577,441.0,71023725,439.0,97512,441.0,97503
5579,5577,5578,439.0,71121178,441.0,97503,388.0,25122
5580,5578,5579,441.0,71218695,388.0,25122,388.0,97507
5581,5579,5580,388.0,71046866,388.0,97507,387.0,97506
5582,5580,5581,388.0,71144373,387.0,97506,333.0,48535
5583,5581,5582,387.0,71241824,333.0,48535,334.0,97486
5584,5582,5583,333.0,71070279,334.0,97486,351.0,21077
5585,5583,5584,334.0,71167776,351.0,21077,300.0,877174
5586,5584,5585,351.0,71042821,300.0,877174,582.0,95481
5587,5585,5586,300.0,355985894,582.0,95481,570.0,187742
5588,5586,5587,582.0,392000761,570.0,187742,573.0,100581
5589,5587,5588,570.0,333500982,573.0,100581,543.0,14232
5590,5588,5589,573.0,71400829,543.0,14232,556.0,99457
5591,5589,5590,543.0,333327472,556.0,99457,556.0,99461
5592,5590,5591,556.0,71362505,556.0,99461,498.0,277353
5593,5591,5592,556.0,71461966,498.0,277353,498.0,495592
5594,5592,5593,498.0,333590593,498.0,495592,482.0,183200
5595,5593,5594,498.0,334086185,482.0,183200,441.0,32869
5596,5594,5595,482.0,71443272,441.0,32869,440.0,97509
5597,5595,5596,441.0,71292941,440.0,97509,442.0,97498
5598,5596,5597,440.0,71390441,442.0,97498,389.0,56053
5599,5597,5598,442.0,71487956,389.0,56053,389.0,97501
5600,5598,5599,389.0,71316125,389.0,97501,405.0,98431
5601,5599,5600,389.0,71413626,405.0,98431,334.0,79484
5602,5600,5601,405.0,71358503,334.0,79484,335.0,97508
5603,5601,5602,334.0,71339556,335.0,97508,351.0,145849
5604,5602,5603,335.0,71437064,351.0,145849,586.0,51838
5605,5603,5604,351.0,71405921,586.0,51838,582.0,737104
5606,5604,5605,586.0,78695038,582.0,737104,573.0,72081
5607,5605,5606,582.0,393953104,573.0,72081,570.0,470495
5608,5606,5607,573.0,71570481,570.0,470495,549.0,2573
5609,5607,5608,570.0,335235475,549.0,2573,543.0,465181
5610,5608,5609,549.0,5768573,543.0,465181,543.0,465095
5611,5609,5610,543.0,335055001,543.0,465095,498.0,434620
5612,5610,5611,543.0,335520096,498.0,434620,498.0,495592
5613,5611,5612,498.0,334862620,498.0,495592,464.0,99088
5614,5612,5613,498.0,335358212,464.0,99088,439.0,63798
5615,5613,5614,464.0,71597488,439.0,63798,441.0,97513
5616,5614,5615,439.0,71562198,441.0,97513,457.0,157497
5617,5615,5616,441.0,71659711,457.0,157497,387.0,86956
5618,5616,5617,457.0,71655897,387.0,86956,363.0,48754
5619,5617,5618,387.0,71585356,363.0,48754,333.0,12877
5620,5618,5619,363.0,35841447,333.0,12877,334.0,97480
5621,5619,5620,333.0,71511277,334.0,97480,335.0,97469
5622,5620,5621,334.0,71608776,335.0,97469,300.0,160819
5623,5621,5622,335.0,71706291,300.0,160819,586.0,156782
5624,5622,5623,300.0,357652819,586.0,156782,573.0,3405
5625,5623,5624,586.0,79062126,573.0,3405,570.0,470638
5626,5624,5625,573.0,71740133,570.0,470638,573.0,100601
5627,5625,5626,570.0,336029058,573.0,100601,543.0,308490
5628,5626,5627,573.0,71941303,543.0,308490,543.0,465095
5629,5627,5628,543.0,335851250,543.0,465095,519.0,26935
5630,5628,5629,543.0,336316345,519.0,26935,519.0,99126
5631,5629,5630,519.0,71763663,519.0,99126,519.0,99126
5632,5630,5631,519.0,71862789,519.0,99126,464.0,226881
5633,5631,5632,519.0,71961915,464.0,226881,440.0,94735
5634,5632,5633,464.0,71963609,440.0,94735,441.0,97467
5635,5633,5634,440.0,71831463,441.0,97467,389.0,20438
5636,5634,5635,441.0,71928931,389.0,20438,388.0,97481
5637,5635,5636,389.0,71757166,388.0,97481,388.0,97507
5638,5636,5637,388.0,71854607,388.0,97507,334.0,43834
5639,5637,5638,388.0,71952114,334.0,43834,335.0,97508
5640,5638,5639,334.0,71780562,335.0,97508,351.0,2020
5641,5639,5640,335.0,71878070,351.0,2020,300.0,782263
5642,5640,5641,351.0,71738748,300.0,782263,586.0,261733
5643,5641,5642,300.0,359465903,586.0,261733,573.0,35295
5644,5642,5643,586.0,79429221,573.0,35295,573.0,100607
5645,5643,5644,573.0,72010351,573.0,100607,570.0,470659
5646,5644,5645,573.0,72110958,570.0,470659,556.0,97633
5647,5645,5646,570.0,337763569,556.0,97633,556.0,99461
5648,5646,5647,556.0,72072689,556.0,99461,519.0,58387
5649,5647,5648,556.0,72172150,519.0,58387,519.0,99126
5650,5648,5649,519.0,72033443,519.0,99126,482.0,145720
5651,5649,5650,519.0,72132569,482.0,145720,442.0,28154
5652,5650,5651,482.0,72120776,442.0,28154,440.0,97473
5653,5651,5652,442.0,72003210,440.0,97473,445.0,100615
5654,5652,5653,440.0,72100677,445.0,100615,390.0,51339
5655,5653,5654,445.0,74527175,390.0,51339,389.0,97478
5656,5654,5655,390.0,72026395,389.0,97478,405.0,61802
5657,5655,5656,389.0,72123870,405.0,61802,334.0,74734
5658,5656,5657,405.0,72036858,334.0,74734,335.0,97476
5659,5657,5658,334.0,72049790,335.0,97476,351.0,126799
5660,5658,5659,335.0,72147304,351.0,126799,586.0,35816
5661,5659,5660,351.0,72101855,586.0,35816,582.0,639148
5662,5660,5661,586.0,79465448,582.0,639148,570.0,314207
5663,5661,5662,582.0,397787308,570.0,314207,573.0,100584
5664,5662,5663,570.0,338086487,573.0,100584,556.0,29707
5665,5663,5664,573.0,72381176,556.0,29707,556.0,99461
5666,5664,5665,556.0,72243091,556.0,99461,556.0,99461
5667,5665,5666,556.0,72342552,556.0,99461,519.0,89837
5668,5666,5667,556.0,72442013,519.0,89837,519.0,99126
5669,5667,5668,519.0,72303221,519.0,99126,464.0,79585
5670,5668,5669,519.0,72402347,464.0,79585,439.0,59052
5671,5669,5670,464.0,72292969,439.0,59052,441.0,97489
5672,5670,5671,439.0,72272436,441.0,97489,457.0,121158
5673,5671,5672,441.0,72369959,457.0,121158,387.0,82214
5674,5672,5673,457.0,72334542,387.0,82214,387.0,97516
5675,5673,5674,387.0,72295598,387.0,97516,333.0,8129
5676,5674,5675,387.0,72393114,333.0,8129,335.0,97515
5677,5675,5676,333.0,72221513,335.0,97515,336.0,97473
5678,5676,5677,335.0,72319083,336.0,97473,300.0,65981
5679,5677,5678,336.0,72416567,300.0,65981,586.0,140766
5680,5678,5679,300.0,361132901,586.0,140766,582.0,1280797
5681,5679,5680,586.0,79832542,582.0,1280797,573.0,99119
5682,5680,5681,582.0,399739677,573.0,99119,570.0,470538
5683,5681,5682,573.0,72550831,570.0,470538,543.0,286950
5684,5682,5683,570.0,339820998,543.0,286950,543.0,465095
5685,5683,5684,543.0,339173990,543.0,465095,498.0,72120
5686,5684,5685,543.0,339639085,498.0,72120,498.0,495592
5687,5685,5686,498.0,338959160,498.0,495592,498.0,495592
5688,5686,5687,498.0,339454752,498.0,495592,464.0,207372
5689,5687,5688,498.0,339950344,464.0,207372,440.0,89989
5690,5688,5689,464.0,72659084,440.0,89989,423.0,45595
5691,5689,5690,440.0,72541701,423.0,45595,389.0,15699
5692,5690,5691,423.0,33976407,389.0,15699,389.0,97501
5693,5691,5692,389.0,72467411,389.0,97501,388.0,97492
5694,5692,5693,389.0,72564912,388.0,97492,334.0,39085
5695,5693,5694,388.0,72662354,334.0,39085,335.0,97477
5696,5694,5695,334.0,72490797,335.0,97477,333.0,97505
5697,5695,5696,335.0,72588311,333.0,97505,300.0,687397
5698,5696,5697,333.0,72685803,300.0,687397,586.0,245712
5699,5697,5698,300.0,362945957,586.0,245712,571.0,2452
5700,5698,5699,586.0,80199632,571.0,2452,573.0,100565
5701,5699,5700,571.0,5864552,573.0,100565,573.0,100607
5702,5700,5701,573.0,72821047,573.0,100607,543.0,433541
5703,5701,5702,573.0,72921654,543.0,433541,555.0,7968
5704,5702,5703,543.0,340435341,555.0,7968,519.0,53569
5705,5703,5704,555.0,5877818,519.0,53569,498.0,495600
5706,5704,5705,519.0,72743609,498.0,495600,482.0,108237
5707,5705,5706,498.0,340726800,482.0,108237,439.0,23421
5708,5706,5707,482.0,72798277,439.0,23421,441.0,97503
5709,5707,5708,439.0,72713461,441.0,97503,439.0,97484
5710,5708,5709,441.0,72810979,439.0,97484,387.0,46612
5711,5709,5710,439.0,72908424,387.0,46612,390.0,97487
5712,5710,5711,387.0,72736652,390.0,97487,405.0,25169
5713,5711,5712,390.0,72834151,405.0,25169,335.0,70047
5714,5712,5713,405.0,72715209,335.0,70047,336.0,97468
5715,5713,5714,335.0,72760087,336.0,97468,351.0,107746
5716,5714,5715,336.0,72857568,351.0,107746,586.0,19790
5717,5715,5716,351.0,72797786,586.0,19790,582.0,541168
5718,5716,5717,586.0,80235854,582.0,541168,573.0,62332
5719,5717,5718,582.0,401621488,573.0,62332,570.0,470388
5720,5718,5719,573.0,72990700,570.0,470388,556.0,24908
5721,5719,5720,570.0,341878398,556.0,24908,556.0,99461
5722,5720,5721,556.0,72953276,556.0,99461,543.0,465072
5723,5721,5722,556.0,73052737,543.0,465072,519.0,85018
5724,5722,5723,543.0,342162882,519.0,85018,519.0,99126
5725,5723,5724,519.0,73013386,519.0,99126,464.0,60072
5726,5724,5725,519.0,73112512,464.0,60072,440.0,54361
5727,5725,5726,464.0,72988440,440.0,54361,442.0,97507
5728,5726,5727,440.0,72982729,442.0,97507,457.0,84800
5729,5727,5728,442.0,73080249,457.0,84800,388.0,77530
5730,5728,5729,457.0,73013168,388.0,77530,387.0,97476
5731,5729,5730,388.0,73005898,387.0,97476,334.0,3439
5732,5730,5731,387.0,73103344,334.0,3439,335.0,97480
5733,5731,5732,334.0,72931807,335.0,97480,333.0,97509
5734,5732,5733,335.0,73029320,333.0,97509,351.0,232524
5735,5733,5734,333.0,73126813,351.0,232524,586.0,124741
5736,5734,5735,351.0,73160892,586.0,124741,582.0,1182823
5737,5735,5736,586.0,80602949,582.0,1182823,570.0,440678
5738,5736,5737,582.0,403573863,570.0,440678,573.0,100588
5739,5737,5738,570.0,342671998,573.0,100588,556.0,56442
5740,5738,5739,573.0,73361524,556.0,56442,556.0,99461
5741,5739,5740,556.0,73223138,556.0,99461,519.0,17342
5742,5740,5741,556.0,73322599,519.0,17342,519.0,99126
5743,5741,5742,519.0,73184038,519.0,99126,519.0,99126
5744,5742,5743,519.0,73283164,519.0,99126,464.0,187865
5745,5743,5744,519.0,73382290,464.0,187865,441.0,85308
5746,5744,5745,464.0,73354561,441.0,85308,439.0,97511
5747,5745,5746,441.0,73252004,439.0,97511,390.0,11005
5748,5746,5747,439.0,73349457,390.0,11005,389.0,97489
5749,5747,5748,390.0,73177701,389.0,97489,389.0,97501
5750,5748,5749,389.0,73275159,389.0,97501,335.0,34402
5751,5749,5750,389.0,73372660,335.0,34402,336.0,97481
5752,5750,5751,335.0,73201098,336.0,97481,334.0,97525
5753,5751,5752,336.0,73298587,334.0,97525,300.0,592528
5754,5752,5753,334.0,73396095,300.0,592528,586.0,229690
5755,5753,5754,300.0,366426008,586.0,229690,573.0,25548
5756,5754,5755,586.0,80970042,573.0,25548,573.0,100607
5757,5755,5756,573.0,73430572,573.0,100607,570.0,470566
5758,5756,5757,573.0,73531179,570.0,470566,543.0,411979
5759,5757,5758,570.0,344406506,543.0,411979,556.0,99459
5760,5758,5759,543.0,343758059,556.0,99459,519.0,48791
5761,5759,5760,556.0,73592461,519.0,48791,519.0,99126
5762,5760,5761,519.0,73453815,519.0,99126,482.0,70758
5763,5761,5762,519.0,73552941,482.0,70758,439.0,18667
5764,5762,5763,482.0,73475782,439.0,18667,441.0,97473
5765,5763,5764,439.0,73423691,441.0,97473,440.0,97509
5766,5764,5765,441.0,73521221,440.0,97509,387.0,41862
5767,5765,5766,440.0,73618721,387.0,41862,393.0,100613
5768,5766,5767,387.0,73446886,393.0,100613,390.0,97512
5769,5767,5768,393.0,75916805,390.0,97512,335.0,65303
5770,5768,5769,390.0,73641912,335.0,65303,333.0,97510
5771,5769,5770,335.0,73470327,333.0,97510,351.0,88697
5772,5770,5771,333.0,73567820,351.0,88697,586.0,3768
5773,5771,5772,351.0,73493721,586.0,3768,582.0,443211
5774,5772,5773,586.0,81006264,582.0,443211,570.0,268568
5775,5773,5774,582.0,405455691,570.0,268568,573.0,100569
5776,5774,5775,570.0,344729408,573.0,100569,543.0,93470
5777,5775,5776,573.0,73801395,543.0,93470,543.0,465095
5778,5776,5777,543.0,344554310,543.0,465095,543.0,466187
5779,5777,5778,543.0,345019405,543.0,466187,498.0,362473
5780,5778,5779,543.0,345485592,498.0,362473,519.0,99137
5781,5779,5780,498.0,344823313,519.0,99137,464.0,40557
5782,5780,5781,519.0,73822717,464.0,40557,440.0,49609
5783,5781,5782,464.0,73683909,440.0,49609,445.0,100615
5784,5782,5783,440.0,73692961,445.0,100615,457.0,48437
5785,5783,5784,445.0,76170823,457.0,48437,389.0,72845
5786,5784,5785,457.0,73691789,389.0,72845,388.0,97500
5787,5785,5786,389.0,73716197,388.0,97500,405.0,228450
5788,5786,5787,388.0,73813640,405.0,228450,336.0,96233
5789,5787,5788,405.0,73871802,336.0,96233,334.0,97522
5790,5788,5789,336.0,73739585,334.0,97522,351.0,213469
5791,5789,5790,334.0,73837098,351.0,213469,586.0,108714
5792,5790,5791,351.0,73856821,586.0,108714,582.0,1084836
5793,5791,5792,586.0,81373354,582.0,1084836,573.0,89367
5794,5792,5793,582.0,407408036,573.0,89367,570.0,470409
5795,5793,5794,573.0,73971047,570.0,470409,556.0,51642
5796,5794,5795,570.0,346463899,556.0,51642,543.0,465065
5797,5795,5796,556.0,73933322,543.0,465065,498.0,24160
5798,5796,5797,543.0,346281845,498.0,24160,498.0,495592
5799,5797,5798,498.0,345599760,498.0,495592,498.0,495592
5800,5798,5799,498.0,346095352,498.0,495592,464.0,168344
5801,5799,5800,498.0,346590944,464.0,168344,441.0,80557
5802,5800,5801,464.0,74050024,441.0,80557,440.0,97521
5803,5801,5802,441.0,73962237,440.0,97521,387.0,6255
5804,5802,5803,440.0,74059739,387.0,6255,390.0,97496
5805,5803,5804,387.0,73887935,390.0,97496,389.0,97489
5806,5804,5805,390.0,73985438,389.0,97489,335.0,29649
5807,5805,5806,389.0,74082895,335.0,29649,333.0,97505
5808,5806,5807,335.0,73911329,333.0,97505,334.0,97478
5809,5807,5808,333.0,74008821,334.0,97478,300.0,497604
5810,5808,5809,334.0,74106320,300.0,497604,586.0,213659
5811,5809,5810,300.0,369906004,586.0,213659,573.0,20691
5812,5810,5811,586.0,81740443,573.0,20691,570.0,470552
5813,5811,5812,573.0,74140699,570.0,470552,573.0,100589
5814,5812,5813,570.0,347257482,573.0,100589,556.0,83174
5815,5813,5814,573.0,74341869,556.0,83174,556.0,99461
5816,5814,5815,556.0,74203182,556.0,99461,519.0,43970
5817,5815,5816,556.0,74302643,519.0,43970,498.0,495684
5818,5816,5817,519.0,74163978,498.0,495684,482.0,33261
5819,5817,5818,498.0,347367394,482.0,33261,440.0,13973
5820,5818,5819,482.0,74153269,440.0,13973,416.0,48738
5821,5819,5820,440.0,74133981,416.0,48738,433.0,1573
5822,5820,5821,416.0,37115748,433.0,1573,388.0,37170
5823,5821,5822,433.0,1198855,388.0,37170,387.0,97478
5824,5822,5823,388.0,74157178,387.0,97478,393.0,100620
5825,5823,5824,387.0,74254624,393.0,100620,336.0,60578
5826,5824,5825,393.0,76750604,336.0,60578,334.0,97519
5827,5825,5826,336.0,74180586,334.0,97519,351.0,69638
5828,5826,5827,334.0,74278101,351.0,69638,300.0,1119028
5829,5827,5828,351.0,74189646,300.0,1119028,582.0,345200
5830,5828,5829,300.0,371719068,582.0,345200,573.0,52580
5831,5829,5830,582.0,409289840,573.0,52580,573.0,100607
5832,5830,5831,573.0,74410916,573.0,100607,543.0,71884
5833,5831,5832,573.0,74511523,543.0,71884,556.0,99456
5834,5832,5833,543.0,347877004,556.0,99456,556.0,99461
5835,5833,5834,556.0,74473044,556.0,99461,519.0,75419
5836,5834,5835,556.0,74572505,519.0,75419,519.0,99126
5837,5835,5836,519.0,74433755,519.0,99126,464.0,21042
5838,5836,5837,519.0,74532881,464.0,21042,441.0,44924
5839,5837,5838,464.0,74379378,441.0,44924,439.0,97480
5840,5838,5839,441.0,74403260,439.0,97480,457.0,12074
5841,5839,5840,439.0,74500704,457.0,12074,389.0,68102
5842,5840,5841,457.0,74370410,389.0,68102,381.0,1573
5843,5841,5842,389.0,74426438,381.0,1573,405.0,191814
5844,5842,5843,381.0,1201999,405.0,191814,333.0,91494
5845,5843,5844,405.0,74550150,333.0,91494,334.0,97480
5846,5844,5845,333.0,74449830,334.0,97480,351.0,194415
5847,5845,5846,334.0,74547328,351.0,194415,586.0,92687
5848,5846,5847,351.0,74552751,586.0,92687,582.0,986849
5849,5847,5848,586.0,82143759,582.0,986849,570.0,395016
5850,5848,5849,582.0,411242209,570.0,395016,573.0,100570
5851,5849,5850,570.0,349314896,573.0,100570,543.0,218477
5852,5850,5851,573.0,74781740,543.0,218477,556.0,99451
5853,5851,5852,543.0,349138357,556.0,99451,519.0,7742
5854,5852,5853,556.0,74742925,519.0,7742,519.0,99126
5855,5853,5854,519.0,74604406,519.0,99126,519.0,99126
5856,5854,5855,519.0,74703532,519.0,99126,464.0,148833
5857,5855,5856,519.0,74802658,464.0,148833,442.0,75858
5858,5856,5857,464.0,74745497,442.0,75858,440.0,97485
5859,5857,5858,442.0,74672522,440.0,97485,387.0,1503
5860,5858,5859,440.0,74769975,387.0,1503,393.0,100624
5861,5859,5860,387.0,74598167,393.0,100624,390.0,97517
5862,5860,5861,393.0,77105232,390.0,97517,336.0,24934
5863,5861,5862,390.0,74793195,336.0,24934,334.0,97522
5864,5862,5863,336.0,74621598,334.0,97522,335.0,97505
5865,5863,5864,334.0,74719110,335.0,97505,300.0,402719
5866,5864,5865,335.0,74816619,300.0,402719,586.0,197635
5867,5865,5866,300.0,373386039,586.0,197635,570.0,73850
5868,5866,5867,586.0,82510851,570.0,73850,573.0,100592
5869,5867,5868,570.0,350108490,573.0,100592,570.0,470431
5870,5868,5869,573.0,74951394,570.0,470431,543.0,366166
5871,5869,5870,570.0,351049401,543.0,366166,543.0,465095
5872,5870,5871,543.0,350400806,543.0,465095,498.0,157224
5873,5871,5872,543.0,350865901,498.0,157224,519.0,99133
5874,5872,5873,498.0,350191864,519.0,99133,503.0,16147
5875,5873,5874,519.0,74973309,503.0,16147,441.0,9289
5876,5874,5875,503.0,6051227,441.0,9289,439.0,97501
5877,5875,5876,441.0,74844281,439.0,97501,441.0,97496
5878,5876,5877,439.0,74941731,441.0,97496,389.0,32488
5879,5877,5878,441.0,75039252,389.0,32488,388.0,97506
5880,5878,5879,389.0,74867480,388.0,97506,387.0,97490
5881,5879,5880,388.0,74964924,387.0,97490,333.0,55845
5882,5880,5881,387.0,75062372,333.0,55845,334.0,97481
5883,5881,5882,333.0,74890837,334.0,97481,351.0,50588
5884,5882,5883,334.0,74988335,351.0,50588,300.0,1024151
5885,5883,5884,351.0,74885580,300.0,1024151,582.0,247238
5886,5884,5885,300.0,375199111,582.0,247238,573.0,47727
5887,5885,5886,582.0,413124038,573.0,47727,570.0,470581
5888,5886,5887,573.0,75121047,570.0,470581,556.0,10448
5889,5887,5888,570.0,351842991,556.0,10448,556.0,99461
5890,5888,5889,556.0,75083768,556.0,99461,556.0,99461
5891,5889,5890,556.0,75183229,556.0,99461,498.0,314511
5892,5890,5891,556.0,75282690,498.0,314511,498.0,495592
5893,5891,5892,498.0,351463911,498.0,495592,464.0,1526
5894,5892,5893,498.0,351959503,464.0,1526,441.0,40177
5895,5893,5894,464.0,75074846,441.0,40177,440.0,97500
5896,5894,5895,441.0,75113497,440.0,97500,442.0,97479
5897,5895,5896,440.0,75210996,442.0,97479,390.0,63409
5898,5896,5897,442.0,75308501,390.0,63409,389.0,97494
5899,5897,5898,390.0,75136729,389.0,97494,405.0,155173
5900,5898,5899,389.0,75234178,405.0,155173,334.0,86794
5901,5899,5900,405.0,75228493,334.0,86794,335.0,97503
5902,5900,5901,334.0,75160114,335.0,97503,351.0,175358
5903,5901,5902,335.0,75257623,351.0,175358,586.0,76659
5904,5902,5903,351.0,75248678,586.0,76659,582.0,888856
5905,5903,5904,586.0,82914163,582.0,888856,573.0,79614
5906,5904,5905,582.0,415076376,573.0,79614,573.0,100607
5907,5905,5906,573.0,75391262,573.0,100607,556.0,41981
5908,5906,5907,573.0,75491869,556.0,41981,556.0,99461
5909,5907,5908,556.0,75353629,556.0,99461,519.0,2735
5910,5908,5909,556.0,75453090,519.0,2735,498.0,471793
5911,5909,5910,519.0,75314383,498.0,471793,498.0,495592
5912,5910,5911,498.0,352735953,498.0,495592,464.0,129317
5913,5911,5912,498.0,353231545,464.0,129317,439.0,71109
5914,5912,5913,464.0,75440965,439.0,71109,441.0,97510
5915,5913,5914,439.0,75382757,441.0,97510,457.0,213824
5916,5914,5915,441.0,75480272,457.0,213824,387.0,94262
5917,5915,5916,457.0,75525472,387.0,94262,393.0,100649
5918,5916,5917,387.0,75405910,393.0,100649,333.0,20193
5919,5917,5918,393.0,77939049,333.0,20193,334.0,97480
5920,5918,5919,333.0,75331841,334.0,97480,335.0,97469
5921,5919,5920,334.0,75429340,335.0,97469,300.0,307821
5922,5920,5921,335.0,75526855,300.0,307821,586.0,181608
5923,5921,5922,300.0,376866061,586.0,181608,573.0,10941
5924,5922,5923,586.0,83281256,573.0,10941,570.0,470438
5925,5923,5924,573.0,75560917,570.0,470438,573.0,100573
5926,5924,5925,570.0,353900398,573.0,100573,556.0,73535
5927,5925,5926,573.0,75762087,556.0,73535,556.0,99451
5928,5926,5927,556.0,75623511,556.0,99451,519.0,34373
5929,5927,5928,556.0,75722962,519.0,34373,519.0,99126
5930,5928,5929,519.0,75584349,519.0,99126,508.0,10218
5931,5929,5930,519.0,75683475,508.0,10218,441.0,4546
5932,5930,5931,508.0,6102958,441.0,4546,440.0,97522
5933,5931,5932,441.0,75554522,440.0,97522,442.0,97526
5934,5932,5933,440.0,75652024,442.0,97526,389.0,27746
5935,5933,5934,442.0,75749554,389.0,27746,388.0,97471
5936,5934,5935,389.0,75577722,388.0,97471,388.0,97507
5937,5935,5936,388.0,75675161,388.0,97507,334.0,51148
5938,5936,5937,388.0,75772668,334.0,51148,335.0,97507
5939,5937,5938,334.0,75601124,335.0,97507,351.0,31535
5940,5938,5939,335.0,75698633,351.0,31535,300.0,929260
5941,5939,5940,351.0,75581511,300.0,929260,582.0,149261
5942,5940,5941,300.0,378679140,582.0,149261,570.0,200311
5943,5941,5942,582.0,416958221,570.0,200311,573.0,100594
5944,5942,5943,570.0,354693991,573.0,100594,543.0,26085
5945,5943,5944,573.0,75931740,543.0,26085,543.0,465095
5946,5944,5945,543.0,354519765,543.0,465095,543.0,465095
5947,5945,5946,543.0,354984860,543.0,465095,519.0,65820
5948,5946,5947,543.0,355449955,519.0,65820,519.0,99126
5949,5947,5948,519.0,75854124,519.0,99126,482.0,203773
5950,5948,5949,519.0,75953250,482.0,203773,445.0,36663
5951,5949,5950,482.0,75992077,445.0,36663,441.0,97524
5952,5950,5951,445.0,78269751,441.0,97524,439.0,97514
5953,5951,5952,441.0,75921292,439.0,97514,393.0,60573
5954,5952,5953,439.0,76018746,393.0,60573,390.0,97524
5955,5953,5954,393.0,78293661,390.0,97524,405.0,118537
5956,5954,5955,390.0,75944480,405.0,118537,334.0,82041
5957,5955,5956,405.0,75906841,334.0,82041,335.0,97468
5958,5956,5957,334.0,75870345,335.0,97468,351.0,156305
5959,5957,5958,335.0,75967860,351.0,156305,586.0,60633
5960,5958,5959,351.0,75944609,586.0,60633,582.0,790876
5961,5959,5960,586.0,83684569,582.0,790876,573.0,74760
5962,5960,5961,582.0,418910556,573.0,74760,570.0,470588
5963,5961,5962,573.0,76101392,570.0,470588,556.0,37181
5964,5962,5963,570.0,356428478,556.0,37181,556.0,99461
5965,5963,5964,556.0,76063813,556.0,99461,543.0,465049
5966,5964,5965,556.0,76163274,543.0,465049,519.0,97269
5967,5965,5966,543.0,356712399,519.0,97269,519.0,99126
5968,5966,5967,519.0,76123901,519.0,99126,464.0,109803
5969,5967,5968,519.0,76223027,464.0,109803,439.0,66351
5970,5968,5969,464.0,76136435,439.0,66351,441.0,97477
5971,5969,5970,439.0,76092983,441.0,97477,457.0,177464
5972,5970,5971,441.0,76190511,457.0,177464,388.0,89574
5973,5971,5972,457.0,76204096,388.0,89574,387.0,97495
5974,5972,5973,388.0,76116206,387.0,97495,334.0,15496
5975,5973,5974,387.0,76213655,334.0,15496,335.0,97505
5976,5974,5975,334.0,76042128,335.0,97505,339.0,100671
5977,5975,5976,335.0,76139637,339.0,100671,300.0,212923
5978,5976,5977,339.0,78696447,300.0,212923,586.0,165582
5979,5977,5978,300.0,380346083,586.0,165582,570.0,28192
5980,5978,5979,586.0,84051662,570.0,28192,573.0,100574
5981,5979,5980,570.0,356751392,573.0,100574,573.0,100607
5982,5980,5981,573.0,76371610,573.0,100607,556.0,68716
5983,5981,5982,573.0,76472217,556.0,68716,556.0,99461
5984,5982,5983,556.0,76333676,556.0,99461,498.0,109271
5985,5983,5984,556.0,76433137,498.0,109271,498.0,495592
5986,5984,5985,498.0,356832471,498.0,495592,519.0,99133
5987,5985,5986,498.0,357328063,519.0,99133,464.0,237596
5988,5986,5987,519.0,76492805,464.0,237596,440.0,97296
5989,5987,5988,464.0,76502556,440.0,97296,445.0,100655
5990,5988,5989,440.0,76362256,445.0,100655,389.0,23003
5991,5989,5990,445.0,78926255,389.0,23003,389.0,97501
5992,5990,5991,389.0,76287963,389.0,97501,388.0,97478
5993,5991,5992,389.0,76385464,388.0,97478,334.0,46395
5994,5992,5993,388.0,76482904,334.0,46395,335.0,97472
5995,5993,5994,334.0,76311355,335.0,97472,351.0,12482
5996,5994,5995,335.0,76408870,351.0,12482,300.0,834368
5997,5995,5996,351.0,76277442,300.0,834368,582.0,51283
5998,5996,5997,300.0,382159168,582.0,51283,573.0,37976
5999,5997,5998,582.0,420792403,573.0,37976,570.0,470459
6000,5998,5999,573.0,76541264,570.0,470459,556.0,808
6001,5999,6000,570.0,358485899,556.0,808,556.0,99461
6002,6000,6001,556.0,76504096,556.0,99461,556.0,99442
6003,6001,6002,556.0,76603557,556.0,99442,498.0,266557
6004,6002,6003,556.0,76702999,498.0,266557,498.0,495592
6005,6003,6004,498.0,358104517,498.0,495592,482.0,166292
6006,6004,6005,498.0,358600109,482.0,166292,439.0,30724
6007,6005,6006,482.0,76669580,439.0,30724,441.0,97493
6008,6006,6007,439.0,76534012,441.0,97493,439.0,97470
6009,6007,6008,441.0,76631533,439.0,97470,387.0,53908
6010,6008,6009,439.0,76728974,387.0,53908,363.0,48741
6011,6009,6010,387.0,76557196,363.0,48741,405.0,81906
6012,6010,6011,363.0,38327355,405.0,81906,335.0,77356
6013,6011,6012,405.0,76585194,335.0,77356,311.0,48737
6014,6012,6013,335.0,76580644,311.0,48737,351.0,137254
6015,6013,6014,311.0,38339069,351.0,137254,586.0,44609
6016,6014,6015,351.0,76640542,586.0,44609,582.0,692908
6017,6015,6016,586.0,84454977,582.0,692908,570.0,326765
6018,6016,6017,582.0,422744748,570.0,326765,573.0,100596
6019,6017,6018,570.0,359279485,573.0,100596,543.0,151100
6020,6018,6019,573.0,76912086,543.0,151100,543.0,465095
6021,6019,6020,543.0,359103820,543.0,465095,556.0,99450
6022,6020,6021,543.0,359568915,556.0,99450,519.0,92450
6023,6021,6022,556.0,76972878,519.0,92450,498.0,495653
6024,6022,6023,519.0,76834066,498.0,495653,464.0,90288
6025,6023,6024,498.0,359872143,464.0,90288,440.0,61661
6026,6024,6025,464.0,76831904,440.0,61661,442.0,97472
6027,6025,6026,440.0,76803277,442.0,97472,457.0,141101
6028,6026,6027,442.0,76900778,457.0,141101,388.0,84825
6029,6027,6028,457.0,76882717,388.0,84825,388.0,97507
6030,6028,6029,388.0,76826441,388.0,97507,334.0,10742
6031,6029,6030,388.0,76923948,334.0,10742,335.0,97469
6032,6030,6031,334.0,76752358,335.0,97469,333.0,97494
6033,6031,6032,335.0,76849873,333.0,97494,300.0,118029
6034,6032,6033,333.0,76947362,300.0,118029,586.0,149556
6035,6033,6034,300.0,383826109,586.0,149556,573.0,1189
6036,6034,6035,586.0,84822068,573.0,1189,573.0,100607
6037,6035,6036,573.0,76981133,573.0,100607,570.0,470616
6038,6036,6037,573.0,77081740,570.0,470616,556.0,63916
6039,6037,6038,570.0,361013986,556.0,63916,543.0,465049
6040,6038,6039,556.0,77043860,543.0,465049,519.0,24774
6041,6039,6040,543.0,360831369,519.0,24774,519.0,99126
6042,6040,6041,519.0,77004718,519.0,99126,519.0,99126
6043,6041,6042,519.0,77103844,519.0,99126,464.0,218084
6044,6042,6043,519.0,77202970,464.0,218084,441.0,92613
6045,6043,6044,464.0,77198028,441.0,92613,439.0,97496
6046,6044,6045,441.0,77072557,439.0,97496,363.0,9174
6047,6045,6046,439.0,77170006,363.0,9174,389.0,97474
6048,6046,6047,363.0,38499146,389.0,97474,389.0,97501
6049,6047,6048,389.0,77095708,389.0,97501,335.0,41711
6050,6048,6049,389.0,77193209,335.0,41711,318.0,45613
6051,6049,6050,335.0,77021655,318.0,45613,334.0,97517
6052,6050,6051,318.0,36071878,334.0,97517,300.0,739488
6053,6051,6052,334.0,77216651,300.0,739488,586.0,254509
6054,6052,6053,300.0,385639208,586.0,254509,570.0,154669
6055,6053,6054,586.0,85189165,570.0,154669,573.0,100579
6056,6054,6055,570.0,361336909,573.0,100579,573.0,100607
6057,6055,6056,573.0,77351959,573.0,100607,556.0,95452
6058,6056,6057,573.0,77452566,556.0,95452,556.0,99461
6059,6057,6058,556.0,77313724,556.0,99461,519.0,56226
6060,6058,6059,556.0,77413185,519.0,56226,519.0,99126
6061,6059,6060,519.0,77274498,519.0,99126,482.0,128821
6062,6060,6061,519.0,77373624,482.0,128821,440.0,26038
6063,6061,6062,482.0,77347093,440.0,26038,441.0,97466
6064,6062,6063,440.0,77244310,441.0,97466,440.0,97501
6065,6063,6064,441.0,77341778,440.0,97501,388.0,49226
6066,6064,6065,440.0,77439277,388.0,49226,387.0,97512
6067,6065,6066,388.0,77267498,387.0,97512,405.0,45286
6068,6066,6067,387.0,77364950,405.0,45286,335.0,72615
6069,6067,6068,405.0,77263558,335.0,72615,333.0,97505
6070,6068,6069,335.0,77290887,333.0,97505,351.0,118208
6071,6069,6070,333.0,77388379,351.0,118208,586.0,28590
6072,6070,6071,351.0,77336480,586.0,28590,582.0,594970
6073,6071,6072,586.0,85225390,582.0,594970,573.0,65014
6074,6072,6073,582.0,426578970,573.0,65014,570.0,470502
6075,6073,6074,573.0,77521614,570.0,470502,556.0,27545
6076,6074,6075,570.0,363071422,556.0,27545,556.0,99461
6077,6075,6076,556.0,77484145,556.0,99461,556.0,99442
6078,6076,6077,556.0,77583606,556.0,99442,498.0,399649
6079,6077,6078,556.0,77683048,498.0,399649,519.0,99133
6080,6078,6079,498.0,362696649,519.0,99133,464.0,70785
6081,6079,6080,519.0,77643401,464.0,70785,440.0,56920
6082,6080,6081,464.0,77527385,440.0,56920,439.0,97523
6083,6081,6082,440.0,77513520,439.0,97523,457.0,104762
6084,6082,6083,439.0,77611039,457.0,104762,389.0,80153
6085,6083,6084,457.0,77561362,389.0,80153,388.0,97491
6086,6084,6085,389.0,77536753,388.0,97491,335.0,6064
6087,6085,6086,388.0,77634195,335.0,6064,336.0,97471
6088,6086,6087,335.0,77462664,336.0,97471,334.0,97521
6089,6087,6088,336.0,77560147,334.0,97521,300.0,23186
6090,6088,6089,334.0,77657661,300.0,23186,586.0,133538
6091,6089,6090,300.0,387306186,586.0,133538,582.0,1236606
6092,6090,6091,586.0,85592482,582.0,1236606,570.0,453249
6093,6091,6092,582.0,428531326,570.0,453249,573.0,100603
6094,6092,6093,570.0,363865009,573.0,100603,543.0,276151
6095,6093,6094,573.0,77892437,543.0,276151,556.0,99453
6096,6094,6095,543.0,363687911,556.0,99453,498.0,61329
6097,6095,6096,556.0,77853467,498.0,61329,498.0,495592
6098,6096,6097,498.0,363473089,498.0,495592,498.0,495592
6099,6097,6098,498.0,363968681,498.0,495592,464.0,198572
6100,6098,6099,498.0,364464273,464.0,198572,441.0,87869
6101,6099,6100,464.0,77893500,441.0,87869,440.0,97516
6102,6100,6101,441.0,77782797,440.0,97516,387.0,13559
6103,6101,6102,440.0,77880298,387.0,13559,390.0,97475
6104,6102,6103,387.0,77708487,390.0,97475,389.0,97481
6105,6103,6104,390.0,77805981,389.0,97481,335.0,36964
6106,6104,6105,389.0,77903451,335.0,36964,333.0,97503
6107,6105,6106,335.0,77731892,333.0,97503,334.0,97476
6108,6106,6107,333.0,77829383,334.0,97476,300.0,644595
6109,6107,6108,334.0,77926882,300.0,644595,586.0,238483
6110,6108,6109,300.0,389119235,586.0,238483,573.0,28226
6111,6109,6110,586.0,85959571,573.0,28226,573.0,100607
6112,6110,6111,573.0,77961482,573.0,100607,570.0,470652
6113,6111,6112,573.0,78062089,570.0,470652,543.0,423824
6114,6112,6113,570.0,365599502,543.0,423824,543.0,465095
6115,6113,6114,543.0,364950344,543.0,465095,519.0,51405
6116,6114,6115,543.0,365415439,519.0,51405,498.0,495646
6117,6115,6116,519.0,77984661,498.0,495646,482.0,91324
6118,6116,6117,498.0,365240716,482.0,91324,440.0,21282
6119,6117,6118,482.0,78024580,440.0,21282,445.0,100646
6120,6118,6119,440.0,77954538,445.0,100646,441.0,97521
6121,6119,6120,445.0,80569894,441.0,97521,388.0,44474
6122,6120,6121,441.0,78149569,388.0,44474,384.0,1573
6123,6121,6122,388.0,77977730,384.0,1573,405.0,8642
6124,6122,6123,384.0,1259278,405.0,8642,318.0,31769
6125,6123,6124,405.0,77941898,318.0,31769,334.0,97516
6126,6124,6125,318.0,36484421,334.0,97516,351.0,99151
6127,6125,6126,334.0,78098662,351.0,99151,586.0,12561
6128,6126,6127,351.0,78032407,586.0,12561,582.0,496971
6129,6127,6128,586.0,85995793,582.0,496971,570.0,281125
6130,6128,6129,582.0,430413131,570.0,281125,573.0,100581
6131,6129,6130,570.0,365922405,573.0,100581,556.0,22724
6132,6130,6131,573.0,78332305,556.0,22724,556.0,99461
6133,6131,6132,556.0,78194308,556.0,99461,556.0,99461
6134,6132,6133,556.0,78293769,556.0,99461,519.0,82854
6135,6133,6134,556.0,78393230,519.0,82854,519.0,99126
6136,6134,6135,519.0,78254438,519.0,99126,464.0,51268
6137,6135,6136,519.0,78353564,464.0,51268,441.0,52235
6138,6136,6137,464.0,78222852,441.0,52235,439.0,97473
6139,6137,6138,441.0,78223819,439.0,97473,457.0,68396
6140,6138,6139,439.0,78321261,457.0,68396,389.0,75408
6141,6139,6140,457.0,78239980,389.0,75408,389.0,97501
6142,6140,6141,389.0,78246992,389.0,97501,335.0,1315
6143,6141,6142,389.0,78344493,335.0,1315,333.0,97505
6144,6142,6143,335.0,78172899,333.0,97505,334.0,97478
6145,6143,6144,333.0,78270391,334.0,97478,351.0,223929
6146,6144,6145,334.0,78367890,351.0,223929,586.0,117512
6147,6145,6146,351.0,78395513,586.0,117512,581.0,227725
6148,6146,6147,586.0,86362888,581.0,227725,573.0,92048
6149,6147,6148,581.0,86473101,573.0,92048,570.0,470516
6150,6148,6149,573.0,78501960,570.0,470516,556.0,54278
6151,6149,6150,570.0,367656916,556.0,54278,556.0,99445
6152,6150,6151,556.0,78464190,556.0,99445,519.0,15179
6153,6151,6152,556.0,78563635,519.0,15179,519.0,99126
6154,6152,6153,519.0,78425091,519.0,99126,519.0,99126
6155,6153,6154,519.0,78524217,519.0,99126,464.0,179063
6156,6154,6155,519.0,78623343,464.0,179063,442.0,83167
6157,6155,6156,464.0,78588975,442.0,83167,440.0,97482
6158,6156,6157,442.0,78493079,440.0,97482,387.0,8810
6159,6157,6158,440.0,78590536,387.0,8810,387.0,97516
6160,6158,6159,387.0,78418722,387.0,97516,390.0,97502
6161,6159,6160,387.0,78516238,390.0,97502,336.0,32253
6162,6160,6161,390.0,78613744,336.0,32253,334.0,97524
6163,6161,6162,336.0,78442165,334.0,97524,335.0,97507
6164,6162,6163,334.0,78539676,335.0,97507,300.0,549733
6165,6163,6164,335.0,78637185,300.0,549733,586.0,222463
6166,6164,6165,300.0,392599293,586.0,222463,571.0,1882
6167,6165,6166,586.0,86729983,571.0,1882,573.0,100565
6168,6166,6167,571.0,6344482,573.0,100565,573.0,100607
6169,6167,6168,573.0,78772179,573.0,100607,556.0,85815
6170,6168,6169,573.0,78872786,556.0,85815,556.0,99461
6171,6169,6170,556.0,78734055,556.0,99461,498.0,194420
6172,6170,6171,556.0,78833516,498.0,194420,519.0,99132
6173,6171,6172,498.0,368065220,519.0,99132,482.0,53859
6174,6172,6173,519.0,78793996,482.0,53859,441.0,16606
6175,6173,6174,482.0,78702099,441.0,16606,439.0,97503
6176,6174,6175,441.0,78664846,439.0,97503,441.0,97497
6177,6175,6176,439.0,78762297,441.0,97497,389.0,39801
6178,6176,6177,441.0,78859817,389.0,39801,388.0,97503
6179,6177,6178,389.0,78688041,388.0,97503,387.0,97487
6180,6178,6179,388.0,78785485,387.0,97487,333.0,63168
6181,6179,6180,387.0,78882933,333.0,63168,334.0,97487
6182,6180,6181,333.0,78711408,334.0,97487,351.0,80110
6183,6181,6182,334.0,78808905,351.0,80110,300.0,1171183
6184,6182,6183,351.0,78728350,300.0,1171183,582.0,399051
6185,6183,6184,300.0,394412383,582.0,399051,573.0,55266
6186,6184,6185,582.0,434247371,573.0,55266,570.0,470402
6187,6185,6186,573.0,78941834,570.0,470402,543.0,83783
6188,6186,6187,570.0,369714352,543.0,83783,543.0,465095
6189,6187,6188,543.0,369069343,543.0,465095,543.0,465095
6190,6188,6189,543.0,369534438,543.0,465095,498.0,351700
6191,6189,6190,543.0,369999533,498.0,351700,498.0,495592
6192,6190,6191,498.0,369337260,498.0,495592,464.0,31761
6193,6191,6192,498.0,369832852,464.0,31761,441.0,47495
6194,6192,6193,464.0,78918329,441.0,47495,440.0,97502
6195,6193,6194,441.0,78934063,440.0,97502,457.0,32048
6196,6194,6195,440.0,79031562,457.0,32048,390.0,70719
6197,6195,6196,457.0,78918616,390.0,70719,389.0,97492
6198,6196,6197,390.0,78957287,389.0,97492,405.0,211938
6199,6197,6198,389.0,79054740,405.0,211938,334.0,94116
6200,6198,6199,405.0,79098506,334.0,94116,335.0,97508
6201,6199,6200,334.0,78980684,335.0,97508,351.0,204881
6202,6200,6201,335.0,79078192,351.0,204881,586.0,101490
6203,6201,6202,351.0,79091449,586.0,101490,582.0,1040669
6204,6202,6203,586.0,87133298,582.0,1040669,570.0,407610
6205,6203,6204,582.0,436199709,570.0,407610,573.0,100587
6206,6204,6205,570.0,370507930,573.0,100587,556.0,49461
6207,6205,6206,573.0,79312655,556.0,49461,556.0,99461
6208,6206,6207,556.0,79174357,556.0,99461,519.0,10361
6209,6207,6208,556.0,79273818,519.0,10361,498.0,495646
6210,6208,6209,519.0,79135257,498.0,495646,498.0,495592
6211,6209,6210,498.0,370609296,498.0,495592,464.0,159549
6212,6210,6211,498.0,371104888,464.0,159549,439.0,78424
6213,6211,6212,464.0,79284445,439.0,78424,441.0,97509
6214,6212,6213,439.0,79203320,441.0,97509,388.0,4125
6215,6213,6214,441.0,79300835,388.0,4125,387.0,97479
6216,6214,6215,388.0,79129021,387.0,97479,393.0,100624
6217,6215,6216,387.0,79226467,393.0,100624,333.0,27512
6218,6216,6217,393.0,81882832,333.0,27512,334.0,97482
6219,6217,6218,333.0,79152408,334.0,97482,335.0,97471
6220,6218,6219,334.0,79249906,335.0,97471,300.0,454835
6221,6219,6220,335.0,79347421,300.0,454835,586.0,206436
6222,6220,6221,300.0,396079315,586.0,206436,573.0,18478
6223,6221,6222,586.0,87500388,573.0,18478,573.0,100607
6224,6222,6223,573.0,79381702,573.0,100607,570.0,470552
6225,6223,6224,573.0,79482309,570.0,470552,556.0,81014
6226,6224,6225,570.0,372242432,556.0,81014,556.0,99442
6227,6225,6226,556.0,79444238,556.0,99442,519.0,41811
6228,6226,6227,556.0,79543680,519.0,41811,519.0,99126
6229,6227,6228,519.0,79405035,519.0,99126,482.0,16375
6230,6228,6229,519.0,79504161,482.0,16375,441.0,11862
6231,6229,6230,482.0,79379599,441.0,11862,440.0,97522
6232,6230,6231,441.0,79375086,440.0,97522,442.0,97526
6233,6231,6232,440.0,79472588,442.0,97526,389.0,35058
6234,6232,6233,442.0,79570118,389.0,35058,388.0,97467
6235,6233,6234,389.0,79398282,388.0,97467,388.0,97507
6236,6234,6235,388.0,79495721,388.0,97507,333.0,58406
6237,6235,6236,388.0,79593228,333.0,58406,335.0,97511
6238,6236,6237,333.0,79421630,335.0,97511,351.0,61056
6239,6237,6238,335.0,79519201,351.0,61056,300.0,1076286
6240,6238,6239,351.0,79424280,300.0,1076286,582.0,301068
6241,6239,6240,300.0,397892406,582.0,301068,570.0,235506
6242,6240,6241,582.0,438081548,570.0,235506,573.0,100569
6243,6241,6242,570.0,372565346,573.0,100569,556.0,13089
6244,6242,6243,573.0,79752527,556.0,13089,556.0,99461
6245,6243,6244,556.0,79614641,556.0,99461,556.0,99461
6246,6244,6245,556.0,79714102,556.0,99461,519.0,73262
6247,6245,6246,556.0,79813563,519.0,73262,519.0,99126
6248,6246,6247,519.0,79674814,519.0,99126,464.0,12255
6249,6247,6248,519.0,79773940,464.0,12255,427.0,691
6250,6248,6249,464.0,79613807,427.0,691,440.0,97470
6251,6249,6250,427.0,1284587,440.0,97470,439.0,97525
6252,6250,6251,440.0,79741802,439.0,97525,393.0,68143
6253,6251,6252,439.0,79839321,393.0,68143,389.0,97467
6254,6252,6253,393.0,82237487,389.0,97467,405.0,175316
6255,6253,6254,389.0,79764987,405.0,175316,334.0,89370
6256,6254,6255,405.0,79776868,334.0,89370,335.0,97479
6257,6255,6256,334.0,79690922,335.0,97479,351.0,185835
6258,6256,6257,335.0,79788435,351.0,185835,586.0,85471
6259,6257,6258,351.0,79787387,586.0,85471,582.0,942731
6260,6258,6259,586.0,87903711,582.0,942731,573.0,82302
6261,6259,6260,582.0,440033931,573.0,82302,570.0,470431
6262,6260,6261,573.0,79922182,570.0,470431,543.0,208812
6263,6261,6262,570.0,374299861,543.0,208812,543.0,465095
6264,6262,6263,543.0,373653412,543.0,465095,519.0,5515
6265,6263,6264,543.0,374118507,519.0,5515,519.0,99196
6266,6264,6265,519.0,79845395,519.0,99196,519.0,99126
6267,6265,6266,519.0,79944591,519.0,99126,464.0,140046
6268,6266,6267,519.0,80043717,464.0,140046,439.0,73677
6269,6267,6268,464.0,79979926,439.0,73677,441.0,97484
6270,6268,6269,439.0,79913557,441.0,97484,457.0,233815
6271,6269,6270,441.0,80011082,457.0,233815,388.0,96894
6272,6270,6271,457.0,80073695,388.0,96894,387.0,97500
6273,6271,6272,388.0,79936774,387.0,97500,333.0,22763
6274,6272,6273,387.0,80034224,333.0,22763,335.0,97516
6275,6273,6274,333.0,79862643,335.0,97516,336.0,97476
6276,6274,6275,335.0,79960212,336.0,97476,300.0,359992
6277,6275,6276,336.0,80057698,300.0,359992,586.0,190419
6278,6276,6277,300.0,399559392,586.0,190419,573.0,13628
6279,6277,6278,586.0,88270803,573.0,13628,570.0,470588
6280,6278,6279,573.0,80091836,570.0,470588,573.0,100594
6281,6279,6280,570.0,375093458,573.0,100594,543.0,356503
6282,6280,6281,573.0,80293006,543.0,356503,543.0,465095
6283,6281,6282,543.0,374915863,543.0,465095,498.0,146474
6284,6282,6283,543.0,375380958,498.0,146474,498.0,495592
6285,6283,6284,498.0,374705834,498.0,495592,519.0,99300
6286,6284,6285,498.0,375201426,519.0,99300,442.0,7164
6287,6285,6286,519.0,80313660,442.0,7164,440.0,97486
6288,6286,6287,442.0,80085372,440.0,97486,445.0,100672
6289,6287,6288,440.0,80182824,445.0,100672,390.0,30380
6290,6288,6289,445.0,82870080,390.0,30380,389.0,97501
6291,6289,6290,390.0,80108588,389.0,97501,388.0,97477
6292,6290,6291,389.0,80206027,388.0,97477,334.0,53718
6293,6291,6292,388.0,80303467,334.0,53718,335.0,97478
6294,6292,6293,334.0,80131926,335.0,97478,351.0,42005
6295,6293,6294,335.0,80229440,351.0,42005,300.0,981404
6296,6294,6295,351.0,80120213,300.0,981404,582.0,203100
6297,6295,6296,300.0,401372444,582.0,203100,573.0,45515
6298,6296,6297,582.0,441915740,573.0,45515,573.0,100607
6299,6297,6298,573.0,80362051,573.0,100607,556.0,8290
6300,6298,6299,573.0,80462658,556.0,8290,556.0,99458
6301,6299,6300,556.0,80324826,556.0,99458,556.0,99445
6302,6300,6301,556.0,80424284,556.0,99445,498.0,303762
6303,6301,6302,556.0,80523729,498.0,303762,498.0,495592
6304,6302,6303,498.0,375977882,498.0,495592,482.0,224381
6305,6303,6304,498.0,376473474,482.0,224381,439.0,38047
6306,6304,6305,482.0,80540917,439.0,38047,441.0,97498
6307,6305,6306,439.0,80354583,441.0,97498,439.0,97477
6308,6306,6307,441.0,80452102,439.0,97477,387.0,61226
6309,6307,6308,439.0,80549545,387.0,61226,363.0,48754
6310,6308,6309,387.0,80377762,363.0,48754,405.0,138679
6311,6309,6310,363.0,40237650,405.0,138679,335.0,84681
6312,6310,6311,405.0,80455215,335.0,84681,336.0,97473
6313,6311,6312,335.0,80401217,336.0,97473,351.0,166781
6314,6312,6313,336.0,80498701,351.0,166781,586.0,69444
6315,6313,6314,351.0,80483317,586.0,69444,582.0,844745
6316,6314,6315,586.0,88674116,582.0,844745,570.0,361978
6317,6315,6316,582.0,443868105,570.0,361978,573.0,100573
6318,6316,6317,570.0,377150858,573.0,100573,556.0,39824
6319,6317,6318,573.0,80732875,556.0,39824,556.0,99461
6320,6318,6319,556.0,80594688,556.0,99461,518.0,1983
6321,6319,6320,556.0,80694149,518.0,1983,519.0,99458
6322,6320,6321,518.0,6498343,519.0,99458,498.0,495669
6323,6321,6322,519.0,80654756,498.0,495669,464.0,120531
6324,6322,6323,498.0,377745519,464.0,120531,440.0,68986
6325,6323,6324,464.0,80675395,440.0,68986,442.0,97492
6326,6324,6325,440.0,80623850,442.0,97492,457.0,197454
6327,6325,6326,442.0,80721362,457.0,197454,388.0,92146
6328,6326,6327,457.0,80752318,388.0,92146,388.0,97507
6329,6327,6328,388.0,80647010,388.0,97507,334.0,18071
6330,6328,6329,388.0,80744517,334.0,18071,335.0,97480
6331,6329,6330,334.0,80572935,335.0,97480,333.0,97509
6332,6330,6331,335.0,80670448,333.0,97509,300.0,265095
6333,6331,6332,333.0,80767941,300.0,265095,586.0,174393
6334,6332,6333,300.0,403039415,586.0,174393,570.0,40815
6335,6333,6334,586.0,89041209,570.0,40815,573.0,100595
6336,6334,6335,570.0,377944455,573.0,100595,570.0,470452
6337,6335,6336,573.0,80902529,570.0,470452,543.0,333834
6338,6336,6337,570.0,378885362,543.0,333834,556.0,99456
6339,6337,6338,543.0,378237474,556.0,99456,519.0,32215
6340,6338,6339,556.0,80964010,519.0,32215,519.0,99126
6341,6339,6340,519.0,80825407,519.0,99126,519.0,99126
6342,6340,6341,519.0,80924533,519.0,99126,445.0,2506
6343,6341,6342,519.0,81023659,445.0,2506,441.0,97516
6344,6342,6343,445.0,83401930,441.0,97516,439.0,97503
6345,6343,6344,441.0,80893126,439.0,97503,370.0,11982
6346,6344,6345,439.0,80990577,370.0,11982,389.0,97474
6347,6345,6346,370.0,37802346,389.0,97474,389.0,97501
6348,6346,6347,389.0,80916272,389.0,97501,335.0,49034
6349,6347,6348,389.0,81013773,335.0,49034,336.0,97481
6350,6348,6349,335.0,80842226,336.0,97481,351.0,22956
6351,6349,6350,336.0,80939715,351.0,22956,300.0,886533
6352,6350,6351,351.0,80816148,300.0,886533,582.0,105144
6353,6351,6352,300.0,404852493,582.0,105144,573.0,40663
6354,6352,6353,582.0,445749944,573.0,40663,570.0,470609
6355,6353,6354,573.0,81072183,570.0,470609,556.0,3472
6356,6354,6355,570.0,379678959,556.0,3472,543.0,465095
6357,6355,6356,556.0,81034992,543.0,465095,543.0,465095
6358,6356,6357,543.0,379499925,543.0,465095,519.0,63664
6359,6357,6358,543.0,379965020,519.0,63664,519.0,99126
6360,6358,6359,519.0,81095184,519.0,99126,482.0,186898
6361,6359,6360,519.0,81194310,482.0,186898,440.0,33354
6362,6360,6361,482.0,81218418,440.0,33354,441.0,97466
6363,6361,6362,440.0,81064874,441.0,97466,440.0,97501
6364,6362,6363,441.0,81162342,440.0,97501,388.0,56538
6365,6363,6364,440.0,81259841,388.0,56538,387.0,97507
6366,6364,6365,388.0,81088058,387.0,97507,405.0,102048
6367,6365,6366,387.0,81185509,405.0,102048,335.0,79935
6368,6366,6367,405.0,81133568,335.0,79935,333.0,97510
6369,6367,6368,335.0,81111455,333.0,97510,351.0,147729
6370,6368,6369,333.0,81208948,351.0,147729,586.0,53420
6371,6369,6370,351.0,81179249,586.0,53420,582.0,746776
6372,6370,6371,586.0,89444524,582.0,746776,573.0,72551
6373,6371,6372,582.0,447702296,573.0,72551,573.0,100607
6374,6372,6373,573.0,81342399,573.0,100607,556.0,35025
6375,6373,6374,573.0,81443006,556.0,35025,556.0,99442
6376,6374,6375,556.0,81304873,556.0,99442,543.0,465011
6377,6375,6376,556.0,81404315,543.0,465011,498.0,436834
6378,6376,6377,543.0,381227471,498.0,436834,519.0,99131
6379,6377,6378,498.0,380569994,519.0,99131,464.0,101018
6380,6378,6379,519.0,81464087,464.0,101018,440.0,64236
6381,6379,6380,464.0,81370866,440.0,64236,439.0,97523
6382,6380,6381,440.0,81334084,439.0,97523,457.0,161096
6383,6381,6382,439.0,81431603,457.0,161096,389.0,87465
6384,6382,6383,457.0,81430944,389.0,87465,388.0,97486
6385,6383,6384,389.0,81357313,388.0,97486,335.0,13383
6386,6384,6385,388.0,81454754,335.0,13383,336.0,97478
6387,6385,6386,335.0,81283231,336.0,97478,334.0,97524
6388,6386,6387,336.0,81380718,334.0,97524,300.0,170203
6389,6387,6388,334.0,81478228,300.0,170203,586.0,158367
6390,6388,6389,300.0,406519443,586.0,158367,573.0,3877
6391,6389,6390,586.0,89811615,573.0,3877,570.0,470466
6392,6390,6391,573.0,81512053,570.0,470466,573.0,100577
6393,6391,6392,570.0,381736366,573.0,100577,556.0,66559
6394,6392,6393,573.0,81713223,556.0,66559,556.0,99461
6395,6393,6394,556.0,81574735,556.0,99461,498.0,98525
6396,6394,6395,556.0,81674196,498.0,98525,498.0,495592
6397,6395,6396,498.0,381346445,498.0,495592,498.0,495592
6398,6396,6397,498.0,381842037,498.0,495592,464.0,228808
6399,6397,6398,498.0,382337629,464.0,228808,441.0,95187
6400,6398,6399,464.0,81736984,441.0,95187,440.0,97519
6401,6399,6400,441.0,81603363,440.0,97519,387.0,20873
6402,6400,6401,440.0,81700865,387.0,20873,390.0,97471
6403,6401,6402,387.0,81529049,390.0,97471,389.0,97479
6404,6402,6403,390.0,81626541,389.0,97479,335.0,44285
6405,6403,6404,389.0,81724013,335.0,44285,333.0,97510
6406,6404,6405,335.0,81552461,333.0,97510,351.0,3901
6407,6405,6406,333.0,81649954,351.0,3901,300.0,791631
6408,6406,6407,351.0,81512077,300.0,791631,582.0,7156
6409,6407,6408,300.0,408332511,582.0,7156,570.0,167273
6410,6408,6409,582.0,449584116,570.0,167273,573.0,100598
6411,6409,6410,570.0,382529953,573.0,100598,570.0,470474
6412,6410,6411,573.0,81882876,570.0,470474,556.0,98092
6413,6411,6412,570.0,383470864,556.0,98092,556.0,99461
6414,6412,6413,556.0,81844596,556.0,99461,519.0,58846
6415,6413,6414,556.0,81944057,519.0,58846,498.0,495653
6416,6414,6415,519.0,81805350,498.0,495653,482.0,149414
6417,6415,6416,498.0,383114083,482.0,149414,440.0,28604
6418,6416,6417,482.0,81895918,440.0,28604,445.0,100672
6419,6417,6418,440.0,81775108,445.0,100672,441.0,97526
6420,6418,6419,445.0,84513728,441.0,97526,388.0,51791
6421,6419,6420,441.0,81970138,388.0,51791,387.0,97465
6422,6420,6421,388.0,81798295,387.0,97465,405.0,65414
6423,6421,6422,387.0,81895739,405.0,65414,336.0,75224
6424,6422,6423,405.0,81811918,336.0,75224,334.0,97526
6425,6423,6424,336.0,81821728,334.0,97526,351.0,128677
6426,6424,6425,334.0,81919236,351.0,128677,586.0,37395
6427,6425,6426,351.0,81875181,586.0,37395,582.0,648802
6428,6426,6427,586.0,90214931,582.0,648802,573.0,67698
6429,6427,6428,582.0,451536482,573.0,67698,570.0,470631
6430,6428,6429,573.0,82052530,570.0,470631,543.0,141449
6431,6429,6430,570.0,384264461,543.0,141449,543.0,465095
6432,6430,6431,543.0,383618889,543.0,465095,543.0,465095
6433,6431,6432,543.0,384083984,543.0,465095,519.0,90294
6434,6432,6433,543.0,384549079,519.0,90294,519.0,99126
6435,6433,6434,519.0,82075126,519.0,99126,464.0,81505
6436,6434,6435,519.0,82174252,464.0,81505,441.0,59553
6437,6435,6436,464.0,82066337,441.0,59553,439.0,97476
6438,6436,6437,441.0,82044385,439.0,97476,457.0,124735
6439,6437,6438,439.0,82141828,457.0,124735,389.0,82722
6440,6438,6439,457.0,82109567,389.0,82722,389.0,97501
6441,6439,6440,389.0,82067554,389.0,97501,335.0,8636
6442,6440,6441,389.0,82165055,335.0,8636,333.0,97512
6443,6441,6442,335.0,81993468,333.0,97512,334.0,97484
6444,6442,6443,333.0,82090962,334.0,97484,300.0,75316
6445,6443,6444,334.0,82188460,300.0,75316,586.0,142342
6446,6444,6445,300.0,409999476,586.0,142342,582.0,1290432
6447,6445,6446,586.0,90582022,582.0,1290432,573.0,99586
6448,6446,6447,582.0,453488832,573.0,99586,573.0,100607
6449,6447,6448,573.0,82322746,573.0,100607,543.0,288040
6450,6448,6449,573.0,82423353,543.0,288040,556.0,99448
6451,6449,6450,543.0,384880240,556.0,99448,519.0,22618
6452,6450,6451,556.0,82384360,519.0,22618,519.0,99126
6453,6451,6452,519.0,82245778,519.0,99126,519.0,99126
6454,6452,6453,519.0,82344904,519.0,99126,464.0,209299
6455,6453,6454,519.0,82444030,464.0,209299,442.0,90488
6456,6454,6455,464.0,82432459,442.0,90488,440.0,97484
6457,6455,6456,442.0,82313648,440.0,97484,387.0,16122
6458,6456,6457,440.0,82411102,387.0,16122,387.0,97516
6459,6457,6458,387.0,82239282,387.0,97516,390.0,97495
6460,6458,6459,387.0,82336798,390.0,97495,336.0,39580
6461,6459,6460,390.0,82434301,336.0,39580,333.0,97465
6462,6460,6461,336.0,82262740,333.0,97465,335.0,97510
6463,6461,6462,333.0,82360181,335.0,97510,300.0,696753
6464,6462,6463,335.0,82457752,300.0,696753,586.0,247292
6465,6463,6464,300.0,411812553,586.0,247292,573.0,30913
6466,6464,6465,586.0,90949116,573.0,30913,570.0,470495
6467,6465,6466,573.0,82492401,570.0,470495,573.0,100581
6468,6466,6467,570.0,386321875,573.0,100581,556.0,93294
6469,6467,6468,573.0,82693571,556.0,93294,556.0,99461
6470,6468,6469,556.0,82554782,556.0,99461,498.0,231602
6471,6469,6470,556.0,82654243,498.0,231602,519.0,99130
6472,6470,6471,498.0,385938562,519.0,99130,482.0,111936
6473,6471,6472,519.0,82614682,482.0,111936,441.0,23922
6474,6472,6473,482.0,82573424,441.0,23922,439.0,97503
6475,6473,6474,441.0,82485410,439.0,97503,441.0,97497
6476,6474,6475,439.0,82582861,441.0,97497,389.0,47112
6477,6475,6476,441.0,82680381,389.0,47112,388.0,97497
6478,6476,6477,389.0,82508600,388.0,97497,405.0,28787
6479,6477,6478,388.0,82606043,405.0,28787,333.0,70486
6480,6478,6479,405.0,82490275,333.0,70486,334.0,97489
6481,6479,6480,333.0,82531974,334.0,97489,351.0,109628
6482,6480,6481,334.0,82629471,351.0,109628,586.0,21373
6483,6481,6482,351.0,82571116,586.0,21373,582.0,550846
6484,6482,6483,586.0,90985341,582.0,550846,570.0,293752
6485,6483,6484,582.0,455370686,570.0,293752,573.0,100603
6486,6484,6485,570.0,387115472,573.0,100603,556.0,25367
6487,6485,6486,573.0,82863225,556.0,25367,556.0,99461
6488,6486,6487,556.0,82725183,556.0,99461,556.0,99461
6489,6487,6488,556.0,82824644,556.0,99461,498.0,388888
6490,6488,6489,556.0,82924105,498.0,388888,498.0,495592
6491,6489,6490,498.0,387210608,498.0,495592,464.0,61994
6492,6490,6491,498.0,387706200,464.0,61994,441.0,54810
6493,6491,6492,464.0,82761810,441.0,54810,440.0,97501
6494,6492,6493,441.0,82754626,440.0,97501,457.0,88380
6495,6493,6494,440.0,82852125,457.0,88380,390.0,78022
6496,6494,6495,457.0,82788196,390.0,78022,389.0,97487
6497,6495,6496,390.0,82777838,389.0,97487,336.0,3930
6498,6496,6497,389.0,82875299,336.0,3930,333.0,97465
6499,6497,6498,336.0,82703746,333.0,97465,335.0,97510
6500,6498,6499,333.0,82801187,335.0,97510,351.0,234399
6501,6499,6500,335.0,82898758,351.0,234399,586.0,126318
6502,6500,6501,351.0,82934215,586.0,126318,582.0,1192464
6503,6501,6502,586.0,91352430,582.0,1192464,573.0,94733
6504,6502,6503,582.0,457323024,573.0,94733,570.0,470652
6505,6503,6504,573.0,83032877,570.0,470652,543.0,266471
6506,6504,6505,570.0,388849962,543.0,266471,543.0,465095
6507,6505,6506,543.0,388202951,543.0,465095,519.0,17798
6508,6506,6507,543.0,388668046,519.0,17798,498.0,495623
6509,6507,6508,519.0,82955942,498.0,495623,498.0,495592
6510,6508,6509,498.0,388482633,498.0,495592,464.0,189779
6511,6509,6510,498.0,388978225,464.0,189779,439.0,85736
6512,6510,6511,464.0,83127923,439.0,85736,441.0,97506
6513,6511,6512,439.0,83023880,441.0,97506,388.0,11432
6514,6512,6513,441.0,83121396,388.0,11432,387.0,97468
6515,6513,6514,388.0,82949576,387.0,97468,387.0,97516
6516,6514,6515,387.0,83047020,387.0,97516,333.0,34828
6517,6515,6516,387.0,83144536,333.0,34828,334.0,97482
6518,6516,6517,333.0,82972972,334.0,97482,335.0,97471
6519,6517,6518,334.0,83070470,335.0,97471,300.0,601837
6520,6518,6519,335.0,83167985,300.0,601837,586.0,231262
6521,6519,6520,300.0,415292557,586.0,231262,570.0,121616
6522,6520,6521,586.0,91719518,570.0,121616,573.0,100580
6523,6521,6522,570.0,389172856,573.0,100580,573.0,100607
6524,6522,6523,573.0,83303092,573.0,100607,555.0,7203
6525,6523,6524,573.0,83403699,555.0,7203,543.0,465702
6526,6524,6525,555.0,6714983,543.0,465702,519.0,49246
6527,6525,6526,543.0,389930482,519.0,49246,519.0,99126
6528,6526,6527,519.0,83225718,519.0,99126,482.0,74438
6529,6527,6528,519.0,83324844,482.0,74438,441.0,19171
6530,6528,6529,482.0,83250910,441.0,19171,440.0,97514
6531,6529,6530,441.0,83195643,440.0,97514,442.0,97509
6532,6530,6531,440.0,83293144,442.0,97509,389.0,42363
6533,6531,6532,442.0,83390665,389.0,42363,389.0,97501
6534,6532,6533,389.0,83218835,389.0,97501,388.0,97497
6535,6533,6534,389.0,83316336,388.0,97497,334.0,65780
6536,6534,6535,388.0,83413779,334.0,65780,335.0,97507
6537,6535,6536,334.0,83242252,335.0,97507,351.0,90567
6538,6536,6537,335.0,83339761,351.0,90567,586.0,5341
6539,6537,6538,351.0,83267039,586.0,5341,582.0,452829
6540,6538,6539,586.0,91755741,582.0,452829,573.0,57945
6541,6539,6540,582.0,459204829,573.0,57945,570.0,470495
6542,6540,6541,573.0,83472745,570.0,470495,556.0,20564
6543,6541,6542,570.0,390907355,556.0,20564,556.0,99461
6544,6542,6543,556.0,83435364,556.0,99461,543.0,465042
6545,6543,6544,556.0,83534825,543.0,465042,519.0,80695
6546,6544,6545,543.0,391191832,519.0,80695,519.0,99126
6547,6545,6546,519.0,83495495,519.0,99126,464.0,42475
6548,6546,6547,519.0,83594621,464.0,42475,445.0,51753
6549,6547,6548,464.0,83457275,445.0,51753,441.0,97522
6550,6548,6549,445.0,86157353,441.0,97522,457.0,52012
6551,6549,6550,441.0,83562418,457.0,52012,387.0,73278
6552,6550,6551,457.0,83466812,387.0,73278,390.0,97498
6553,6551,6552,387.0,83488078,390.0,97498,405.0,232052
6554,6552,6553,390.0,83585582,405.0,232052,334.0,96677
6555,6553,6554,405.0,83646852,334.0,96677,335.0,97472
6556,6554,6555,334.0,83511477,335.0,97472,351.0,215342
6557,6555,6556,335.0,83608992,351.0,215342,586.0,110289
6558,6556,6557,351.0,83630142,586.0,110289,582.0,1094465
6559,6557,6558,586.0,92122833,582.0,1094465,570.0,420189
6560,6558,6559,582.0,461157185,570.0,420189,573.0,100603
6561,6559,6560,570.0,391700949,573.0,100603,556.0,52099
6562,6560,6561,573.0,83843569,556.0,52099,556.0,99461
6563,6561,6562,556.0,83705227,556.0,99461,519.0,13020
6564,6562,6563,556.0,83804688,519.0,13020,519.0,99126
6565,6563,6564,519.0,83666148,519.0,99126,519.0,99126
6566,6564,6565,519.0,83765274,519.0,99126,464.0,170271
6567,6565,6566,519.0,83864400,464.0,170271,439.0,80984
6568,6566,6567,464.0,83823399,439.0,80984,441.0,97478
6569,6567,6568,439.0,83734112,441.0,97478,389.0,6755
6570,6568,6569,441.0,83831640,389.0,6755,388.0,97503
6571,6569,6570,389.0,83659883,388.0,97503,387.0,97487
6572,6570,6571,388.0,83757327,387.0,97487,333.0,30076
6573,6571,6572,387.0,83854775,333.0,30076,335.0,97514
6574,6572,6573,333.0,83683204,335.0,97514,336.0,97471
6575,6573,6574,335.0,83780774,336.0,97471,300.0,506982
6576,6574,6575,336.0,83878257,300.0,506982,586.0,215243
6577,6575,6576,300.0,418772622,586.0,215243,573.0,21163
6578,6576,6577,586.0,92489931,573.0,21163,570.0,470381
6579,6577,6578,573.0,83912619,570.0,470381,573.0,100565
6580,6578,6579,570.0,392964791,573.0,100565,543.0,391506
6581,6579,6580,573.0,84113789,543.0,391506,556.0,99458
6582,6580,6581,543.0,392787026,556.0,99458,498.0,183648
6583,6581,6582,556.0,84074552,498.0,183648,498.0,495592
6584,6582,6583,498.0,392579168,498.0,495592,482.0,36964
6585,6583,6584,498.0,393074760,482.0,36964,442.0,14470
6586,6584,6585,482.0,83928420,442.0,14470,440.0,97481
6587,6585,6586,442.0,83905926,440.0,97481,445.0,100650
6588,6586,6587,440.0,84003383,445.0,100650,390.0,37674
6589,6587,6588,445.0,86813866,390.0,37674,389.0,97492
6590,6588,6589,390.0,83929130,389.0,97492,388.0,97467
6591,6589,6590,389.0,84026582,388.0,97467,334.0,61033
6592,6590,6591,388.0,84124021,334.0,61033,335.0,97477
6593,6591,6592,334.0,83952489,335.0,97477,351.0,71520
6594,6592,6593,335.0,84050003,351.0,71520,300.0,1128401
6595,6593,6594,351.0,83962976,300.0,1128401,582.0,354878
6596,6594,6595,300.0,420585681,582.0,354878,570.0,248094
6597,6595,6596,582.0,463039038,570.0,248094,573.0,100585
6598,6596,6597,570.0,393758374,573.0,100585,543.0,72991
6599,6597,6598,573.0,84283441,543.0,72991,543.0,466187
6600,6598,6599,543.0,393583271,543.0,466187,543.0,465095
6601,6599,6600,543.0,394049458,543.0,465095,498.0,340913
6602,6600,6601,543.0,394514553,498.0,340913,498.0,495592
6603,6601,6602,498.0,393851193,498.0,495592,464.0,22962
6604,6602,6603,498.0,394346785,464.0,22962,439.0,45350
6605,6603,6604,464.0,84152746,439.0,45350,441.0,97489
6606,6604,6605,439.0,84175134,441.0,97489,457.0,15652
6607,6605,6606,441.0,84272657,457.0,15652,387.0,68523
6608,6606,6607,457.0,84145436,387.0,68523,393.0,100616
6609,6607,6608,387.0,84198307,393.0,100616,405.0,195417
6610,6608,6609,393.0,87015048,405.0,195417,335.0,91990
6611,6609,6610,405.0,84325201,335.0,91990,311.0,48756
6612,6610,6611,335.0,84221774,311.0,48756,351.0,196288
6613,6611,6612,311.0,42159652,351.0,196288,586.0,94263
6614,6612,6613,351.0,84326072,586.0,94263,582.0,996484
6615,6613,6614,586.0,92893239,582.0,996484,573.0,84980
6616,6614,6615,582.0,464991364,573.0,84980,570.0,470516
6617,6615,6616,573.0,84453092,570.0,470516,556.0,47298
6618,6616,6617,570.0,395492856,556.0,47298,543.0,465034
6619,6617,6618,556.0,84415410,543.0,465034,519.0,8199
6620,6618,6619,543.0,395310794,519.0,8199,519.0,99126
6621,6619,6620,519.0,84376311,519.0,99126,498.0,495615
6622,6620,6621,519.0,84475437,498.0,495615,464.0,150751
6623,6621,6622,498.0,395618825,464.0,150751,440.0,76289
6624,6622,6623,464.0,84518863,440.0,76289,423.0,45616
6625,6623,6624,440.0,84444401,423.0,45616,389.0,2006
6626,6624,6625,423.0,39543819,389.0,2006,389.0,97501
6627,6625,6626,389.0,84370118,389.0,97501,388.0,97503
6628,6626,6627,389.0,84467619,388.0,97503,334.0,25378
6629,6627,6628,388.0,84565063,334.0,25378,335.0,97472
6630,6628,6629,334.0,84393490,335.0,97472,333.0,97498
6631,6629,6630,335.0,84491004,333.0,97498,300.0,412050
6632,6630,6631,333.0,84588494,300.0,412050,586.0,199211
6633,6631,6632,300.0,422252610,586.0,199211,573.0,16306
6634,6632,6633,586.0,93260331,573.0,16306,568.0,8114
6635,6633,6634,573.0,84622746,568.0,8114,573.0,100606
6636,6634,6635,568.0,6832524,573.0,100606,556.0,78833
6637,6635,6636,573.0,84823916,556.0,78833,556.0,99461
6638,6636,6637,556.0,84685273,556.0,99461,519.0,39650
6639,6637,6638,556.0,84784734,519.0,39650,519.0,99126
6640,6638,6639,519.0,84646090,519.0,99126,503.0,18773
6641,6639,6640,519.0,84745216,503.0,18773,439.0,9726
6642,6640,6641,503.0,6841873,439.0,9726,441.0,97508
6643,6641,6642,439.0,84616166,441.0,97508,439.0,97491
6644,6642,6643,441.0,84713682,439.0,97491,393.0,34004
6645,6643,6644,439.0,84811129,393.0,34004,390.0,97519
6646,6644,6645,393.0,87369684,390.0,97519,389.0,97498
6647,6645,6646,390.0,84736881,389.0,97498,335.0,56344
6648,6646,6647,389.0,84834324,335.0,56344,336.0,97466
6649,6647,6648,335.0,84662784,336.0,97466,351.0,52465
6650,6648,6649,336.0,84760264,351.0,52465,300.0,1033500
6651,6649,6650,351.0,84658905,300.0,1033500,581.0,51378
6652,6650,6651,300.0,424065700,581.0,51378,573.0,48196
6653,6651,6652,581.0,93374642,573.0,48196,570.0,470388
6654,6652,6653,573.0,84892964,570.0,470388,543.0,51415
6655,6653,6654,570.0,397550278,543.0,51415,556.0,99455
6656,6654,6655,543.0,396905975,556.0,99455,556.0,99461
6657,6655,6656,556.0,84955135,556.0,99461,519.0,71099
6658,6656,6657,556.0,85054596,519.0,71099,519.0,99126
6659,6657,6658,519.0,84915867,519.0,99126,464.0,3453
6660,6658,6659,519.0,85014993,464.0,3453,440.0,40663
6661,6659,6660,464.0,84848221,440.0,40663,442.0,97516
6662,6660,6661,440.0,84885431,442.0,97516,440.0,97494
6663,6661,6662,442.0,84982956,440.0,97494,388.0,63842
6664,6662,6663,440.0,85080398,388.0,63842,387.0,97493
6665,6663,6664,388.0,84908610,387.0,97493,405.0,158794
6666,6664,6665,387.0,85006059,405.0,158794,335.0,87249
6667,6665,6666,405.0,85003562,335.0,87249,333.0,97508
6668,6666,6667,335.0,84932017,333.0,97508,351.0,177243
6669,6667,6668,333.0,85029510,351.0,177243,586.0,78244
6670,6668,6669,351.0,85022011,586.0,78244,582.0,898547
6671,6669,6670,586.0,93663652,582.0,898547,565.0,74913
6672,6670,6671,582.0,468825587,565.0,74913,573.0,100589
6673,6671,6672,565.0,79668777,573.0,100589,543.0,198021
6674,6672,6673,573.0,85263789,543.0,198021,543.0,466187
6675,6673,6674,543.0,398167341,543.0,466187,519.0,3248
6676,6674,6675,543.0,398633528,519.0,3248,498.0,473998
6677,6675,6676,519.0,85086344,498.0,473998,519.0,99127
6678,6676,6677,498.0,398443318,519.0,99127,464.0,131246
6679,6677,6678,519.0,85284771,464.0,131246,441.0,71610
6680,6678,6679,464.0,85214342,441.0,71610,439.0,97517
6681,6679,6680,441.0,85154706,439.0,97517,457.0,217420
6682,6680,6681,439.0,85252161,457.0,217420,389.0,94773
6683,6681,6682,457.0,85300516,389.0,94773,388.0,97477
6684,6682,6683,389.0,85177869,388.0,97477,335.0,20699
6685,6683,6684,388.0,85275309,335.0,20699,336.0,97478
6686,6684,6685,335.0,85103795,336.0,97478,334.0,97524
6687,6685,6686,336.0,85201282,334.0,97524,299.0,63441
6688,6686,6687,334.0,85298792,299.0,63441,586.0,183193
6689,6687,6688,299.0,85146537,586.0,183193,573.0,11413
6690,6688,6689,586.0,94030745,573.0,11413,573.0,100607
6691,6689,6690,573.0,85332837,573.0,100607,570.0,470574
6692,6690,6691,573.0,85433444,570.0,470574,543.0,345717
6693,6691,6692,570.0,400078394,543.0,345717,543.0,465095
6694,6692,6693,543.0,399429797,543.0,465095,498.0,135694
6695,6693,6694,543.0,399894892,498.0,135694,498.0,495592
6696,6694,6695,498.0,399219774,498.0,495592,508.0,12594
6697,6695,6696,498.0,399715366,508.0,12594,439.0,4971
6698,6696,6697,508.0,6893354,439.0,4971,441.0,97477
6699,6697,6698,439.0,85326395,441.0,97477,440.0,97514
6700,6698,6699,441.0,85423923,440.0,97514,387.0,28177
6701,6699,6700,440.0,85521424,387.0,28177,363.0,48734
6702,6700,6701,387.0,85349601,363.0,48734,389.0,97471
6703,6701,6702,363.0,42723551,389.0,97471,335.0,51600
6704,6702,6703,389.0,85544569,335.0,51600,333.0,97509
6705,6703,6704,335.0,85373024,333.0,97509,351.0,33416
6706,6704,6705,333.0,85470517,351.0,33416,300.0,938628
6707,6705,6706,351.0,85354840,300.0,938628,582.0,158933
6708,6706,6707,300.0,427545748,582.0,158933,570.0,202449
6709,6707,6708,582.0,470707413,570.0,202449,573.0,100569
6710,6708,6709,570.0,400401289,573.0,100569,556.0,6108
6711,6709,6710,573.0,85703659,556.0,6108,556.0,99461
6712,6710,6711,556.0,85565860,556.0,99461,556.0,99461
6713,6711,6712,556.0,85665321,556.0,99461,519.0,66281
6714,6712,6713,556.0,85764782,519.0,66281,498.0,495615
6715,6713,6714,519.0,85626033,498.0,495615,482.0,207477
6716,6714,6715,498.0,400987405,482.0,207477,440.0,35913
6717,6715,6716,482.0,85767229,440.0,35913,445.0,100641
6718,6716,6717,440.0,85595665,445.0,100641,441.0,97520
6719,6717,6718,445.0,88457505,441.0,97520,388.0,59095
6720,6718,6719,441.0,85790696,388.0,59095,388.0,97507
6721,6719,6720,388.0,85618847,388.0,97507,405.0,122159
6722,6720,6721,388.0,85716354,405.0,122159,336.0,82531
6723,6721,6722,405.0,85681911,336.0,82531,334.0,97522
6724,6722,6723,336.0,85642283,334.0,97522,351.0,158189
6725,6723,6724,334.0,85739796,351.0,158189,586.0,62218
6726,6724,6725,351.0,85717941,586.0,62218,582.0,800566
6727,6725,6726,586.0,94434058,582.0,800566,573.0,75232
6728,6726,6727,582.0,472659766,573.0,75232,570.0,470416
6729,6727,6728,573.0,85873312,570.0,470416,556.0,37641
6730,6728,6729,570.0,402135786,556.0,37641,556.0,99461
6731,6729,6730,556.0,85835721,556.0,99461,556.0,99461
6732,6730,6731,556.0,85935182,556.0,99461,519.0,97729
6733,6731,6732,556.0,86034643,519.0,97729,519.0,99126
6734,6732,6733,519.0,85895809,519.0,99126,464.0,111731
6735,6733,6734,519.0,85994935,464.0,111731,441.0,66864
6736,6734,6735,464.0,85909811,441.0,66864,439.0,97469
6737,6735,6736,441.0,85864944,439.0,97469,457.0,181057
6738,6736,6737,439.0,85962385,457.0,181057,389.0,90029
6739,6737,6738,457.0,85979137,389.0,90029,389.0,97501
6740,6738,6739,389.0,85888109,389.0,97501,335.0,15950
6741,6739,6740,389.0,85985610,335.0,15950,333.0,97509
6742,6740,6741,335.0,85814030,333.0,97509,334.0,97481
6743,6741,6742,333.0,85911523,334.0,97481,300.0,222302
6744,6742,6743,334.0,86009021,300.0,222302,586.0,167166
6745,6743,6744,300.0,429212702,586.0,167166,573.0,6558
6746,6744,6745,586.0,94801150,573.0,6558,570.0,470574
6747,6745,6746,573.0,86042966,570.0,470574,573.0,100592
6748,6746,6747,570.0,402929384,573.0,100592,546.0,5519
6749,6747,6748,573.0,86244136,546.0,5519,543.0,465590
6750,6748,6749,546.0,6943939,543.0,465590,519.0,30053
6751,6749,6750,543.0,403217590,519.0,30053,519.0,99126
6752,6750,6751,519.0,86066461,519.0,99126,519.0,99126
6753,6751,6752,519.0,86165587,519.0,99126,440.0,283
6754,6752,6753,519.0,86264713,440.0,283,442.0,97477
6755,6753,6754,440.0,86036691,442.0,97477,440.0,97476
6756,6754,6755,442.0,86134195,440.0,97476,388.0,23489
6757,6755,6756,440.0,86231658,388.0,23489,387.0,97503
6758,6756,6757,388.0,86059897,387.0,97503,390.0,97468
6759,6757,6758,387.0,86157347,390.0,97468,336.0,46887
6760,6758,6759,390.0,86254838,336.0,46887,334.0,97524
6761,6759,6760,336.0,86083295,334.0,97524,351.0,14363
6762,6760,6761,334.0,86180804,351.0,14363,300.0,843736
6763,6761,6762,351.0,86050771,300.0,843736,579.0,12192
6764,6762,6763,300.0,431025776,579.0,12192,573.0,38447
6765,6763,6764,579.0,94908320,573.0,38447,573.0,100607
6766,6764,6765,573.0,86313183,573.0,100607,543.0,5636
6767,6765,6766,573.0,86413790,543.0,5636,543.0,465095
6768,6766,6767,543.0,403548756,543.0,465095,543.0,465095
6769,6767,6768,543.0,404013851,543.0,465095,519.0,61503
6770,6768,6769,543.0,404478946,519.0,61503,519.0,99126
6771,6769,6770,519.0,86336239,519.0,99126,482.0,169998
6772,6770,6771,519.0,86435365,482.0,169998,441.0,31231
6773,6771,6772,482.0,86444734,441.0,31231,439.0,97493
6774,6772,6773,441.0,86305967,439.0,97493,441.0,97490
6775,6773,6774,439.0,86403415,441.0,97490,389.0,54417
6776,6774,6775,441.0,86500938,389.0,54417,388.0,97484
6777,6775,6776,389.0,86329153,388.0,97484,405.0,85531
6778,6776,6777,388.0,86426594,405.0,85531,333.0,77797
6779,6777,6778,405.0,86360267,333.0,77797,334.0,97485
6780,6778,6779,333.0,86352533,334.0,97485,351.0,139140
6781,6779,6780,334.0,86450031,351.0,139140,586.0,46196
6782,6780,6781,351.0,86413876,586.0,46196,582.0,702610
6783,6781,6782,586.0,95204468,582.0,702610,570.0,328921
6784,6782,6783,582.0,476493970,570.0,328921,573.0,100573
6785,6783,6784,570.0,404986801,573.0,100573,556.0,32844
6786,6784,6785,573.0,86684007,556.0,32844,556.0,99461
6787,6785,6786,556.0,86545908,556.0,99461,543.0,465072
6788,6786,6787,556.0,86645369,543.0,465072,498.0,426051
6789,6787,6788,543.0,405741402,498.0,426051,498.0,495592
6790,6788,6789,498.0,405083931,498.0,495592,464.0,92220
6791,6789,6790,498.0,405579523,464.0,92220,442.0,62177
6792,6790,6791,464.0,86605284,442.0,62177,440.0,97495
6793,6791,6792,442.0,86575241,440.0,97495,457.0,144702
6794,6792,6793,440.0,86672683,457.0,144702,390.0,85315
6795,6793,6794,457.0,86657766,390.0,85315,389.0,97478
6796,6794,6795,390.0,86598379,389.0,97478,336.0,11242
6797,6795,6796,389.0,86695854,336.0,11242,330.0,1573
6798,6796,6797,336.0,86524306,330.0,1573,335.0,97510
6799,6797,6798,330.0,1397126,335.0,97510,300.0,127432
6800,6798,6799,335.0,86719322,300.0,127432,586.0,151144
6801,6799,6800,300.0,432692752,586.0,151144,570.0,7755
6802,6800,6801,586.0,95571560,570.0,7755,573.0,100595
6803,6801,6802,570.0,405780395,573.0,100595,570.0,470452
6804,6802,6803,573.0,86853661,570.0,470452,556.0,64378
6805,6803,6804,570.0,406721302,556.0,64378,556.0,99461
6806,6804,6805,556.0,86815770,556.0,99461,519.0,25236
6807,6805,6806,556.0,86915231,519.0,25236,498.0,495608
6808,6806,6807,519.0,86776628,498.0,495608,498.0,495592
6809,6807,6808,498.0,406355978,498.0,495592,464.0,220012
6810,6808,6809,498.0,406851570,464.0,220012,439.0,93052
6811,6809,6810,464.0,86971404,439.0,93052,441.0,97506
6812,6810,6811,439.0,86844444,441.0,97506,388.0,18743
6813,6811,6812,441.0,86941960,388.0,18743,388.0,97507
6814,6812,6813,388.0,86770135,388.0,97507,387.0,97514
6815,6813,6814,388.0,86867642,387.0,97514,333.0,42148
6816,6814,6815,387.0,86965094,333.0,42148,334.0,97485
6817,6815,6816,333.0,86793540,334.0,97485,335.0,97473
6818,6816,6817,334.0,86891037,335.0,97473,300.0,748851
6819,6817,6818,335.0,86988551,300.0,748851,586.0,256090
6820,6818,6819,300.0,434505811,586.0,256090,573.0,33594
6821,6819,6820,586.0,95938650,573.0,33594,570.0,470602
6822,6820,6821,573.0,87023314,570.0,470602,573.0,100596
6823,6821,6822,570.0,407514892,573.0,100596,543.0,449165
6824,6822,6823,573.0,87224484,543.0,449165,556.0,99458
6825,6823,6824,543.0,407336565,556.0,99458,519.0,56685
6826,6824,6825,556.0,87185092,519.0,56685,519.0,99126
6827,6825,6826,519.0,87046405,519.0,99126,482.0,132519
6828,6826,6827,519.0,87145531,482.0,132519,441.0,26489
6829,6827,6828,482.0,87122239,441.0,26489,440.0,97516
6830,6828,6829,441.0,87016209,440.0,97516,442.0,97514
6831,6829,6830,440.0,87113710,442.0,97514,389.0,49677
6832,6830,6831,442.0,87211234,389.0,49677,389.0,97501
6833,6831,6832,389.0,87039397,389.0,97501,405.0,48901
6834,6832,6833,389.0,87136898,405.0,48901,333.0,73039
6835,6833,6834,405.0,87038621,333.0,73039,335.0,97512
6836,6834,6835,333.0,87062759,335.0,97512,351.0,120089
6837,6835,6836,335.0,87160330,351.0,120089,586.0,30172
6838,6836,6837,351.0,87109809,586.0,30172,582.0,604642
6839,6837,6838,586.0,95974876,582.0,604642,573.0,65484
6840,6838,6839,582.0,480328162,573.0,65484,573.0,100607
6841,6839,6840,573.0,87293532,573.0,100607,543.0,130672
6842,6840,6841,573.0,87394139,543.0,130672,543.0,465095
6843,6841,6842,543.0,408132832,543.0,465095,556.0,99454
6844,6842,6843,543.0,408597927,556.0,99454,519.0,88135
6845,6843,6844,556.0,87454974,519.0,88135,519.0,99126
6846,6844,6845,519.0,87316183,519.0,99126,464.0,72713
6847,6845,6846,519.0,87415309,464.0,72713,445.0,59324
6848,6846,6847,464.0,87300761,445.0,59324,441.0,97525
6849,6847,6848,445.0,90101180,441.0,97525,457.0,108352
6850,6848,6849,441.0,87382985,457.0,108352,387.0,80592
6851,6849,6850,457.0,87336400,387.0,80592,390.0,97495
6852,6850,6851,387.0,87308640,390.0,97495,333.0,6504
6853,6851,6852,390.0,87406143,333.0,6504,334.0,97490
6854,6852,6853,333.0,87234552,334.0,97490,335.0,97478
6855,6853,6854,334.0,87332048,335.0,97478,300.0,32558
6856,6854,6855,335.0,87429562,300.0,32558,586.0,135121
6857,6855,6856,300.0,436172798,586.0,135121,582.0,1246284
6858,6856,6857,586.0,96341969,582.0,1246284,570.0,455391
6859,6857,6858,582.0,482280524,570.0,455391,573.0,100578
6860,6858,6859,570.0,409572311,573.0,100578,556.0,59580
6861,6859,6860,573.0,87664356,556.0,59580,543.0,465080
6862,6860,6861,556.0,87525956,543.0,465080,519.0,20459
6863,6861,6862,543.0,409860380,519.0,20459,519.0,99126
6864,6862,6863,519.0,87486835,519.0,99126,519.0,99126
6865,6863,6864,519.0,87585961,519.0,99126,464.0,200506
6866,6864,6865,519.0,87685087,464.0,200506,439.0,88302
6867,6865,6866,464.0,87666882,439.0,88302,441.0,97479
6868,6866,6867,439.0,87554678,441.0,97479,389.0,14067
6869,6867,6868,441.0,87652205,389.0,14067,388.0,97498
6870,6868,6869,389.0,87480443,388.0,97498,387.0,97481
6871,6869,6870,388.0,87577886,387.0,97481,333.0,37396
6872,6870,6871,387.0,87675333,333.0,37396,335.0,97517
6873,6871,6872,333.0,87503772,335.0,97517,336.0,97478
6874,6872,6873,335.0,87601341,336.0,97478,300.0,654001
6875,6873,6874,336.0,87698828,300.0,654001,586.0,240072
6876,6874,6875,300.0,437985881,586.0,240072,570.0,134236
6877,6875,6876,586.0,96709064,570.0,134236,573.0,100601
6878,6876,6877,570.0,410365916,573.0,100601,570.0,470495
6879,6877,6878,573.0,87834011,570.0,470495,556.0,91115
6880,6878,6879,570.0,411306825,556.0,91115,556.0,99461
6881,6879,6880,556.0,87795819,556.0,99461,498.0,220837
6882,6880,6881,556.0,87895280,498.0,220837,498.0,495592
6883,6881,6882,498.0,410452517,498.0,495592,482.0,95044
6884,6882,6883,498.0,410948109,482.0,95044,442.0,21788
6885,6883,6884,482.0,87799748,442.0,21788,440.0,97482
6886,6884,6885,442.0,87726492,440.0,97482,445.0,100655
6887,6885,6886,440.0,87823948,445.0,100655,390.0,44982
6888,6886,6887,445.0,90757679,390.0,44982,389.0,97489
6889,6887,6888,390.0,87749686,389.0,97489,405.0,12275
6890,6888,6889,389.0,87847143,405.0,12275,334.0,68353
6891,6889,6890,405.0,87716979,334.0,68353,335.0,97480
6892,6890,6891,334.0,87773057,335.0,97480,351.0,101040
6893,6891,6892,335.0,87870570,351.0,101040,586.0,14150
6894,6892,6893,351.0,87805744,586.0,14150,582.0,506686
6895,6893,6894,586.0,96745286,582.0,506686,573.0,60632
6896,6894,6895,582.0,484162366,573.0,60632,570.0,470645
6897,6895,6896,573.0,88003664,570.0,470645,556.0,23207
6898,6896,6897,570.0,412100415,556.0,23207,556.0,99442
6899,6897,6898,556.0,87966239,556.0,99442,556.0,99461
6900,6898,6899,556.0,88065681,556.0,99461,498.0,378123
6901,6899,6900,556.0,88165142,498.0,378123,498.0,495592
6902,6900,6901,498.0,411724563,498.0,495592,464.0,53202
6903,6901,6902,498.0,412220155,464.0,53202,439.0,52674
6904,6902,6903,464.0,87996234,439.0,52674,441.0,97495
6905,6903,6904,439.0,87995706,441.0,97495,457.0,72000
6906,6904,6905,441.0,88093227,457.0,72000,387.0,75842
6907,6905,6906,457.0,88015032,387.0,75842,393.0,100627
6908,6906,6907,387.0,88018874,393.0,100627,333.0,1747
6909,6907,6908,393.0,90958867,333.0,1747,335.0,97518
6910,6908,6909,333.0,87944779,335.0,97518,336.0,97481
6911,6909,6910,335.0,88042348,336.0,97481,351.0,225817
6912,6910,6911,336.0,88139837,351.0,225817,586.0,119100
6913,6911,6912,351.0,88168849,586.0,119100,582.0,1148334
6914,6912,6913,586.0,97112380,582.0,1148334,573.0,92522
6915,6913,6914,582.0,486114734,573.0,92522,573.0,100607
6916,6914,6915,573.0,88273882,573.0,100607,543.0,255717
6917,6915,6916,573.0,88374489,543.0,255717,556.0,99457
6918,6916,6917,543.0,412716917,556.0,99457,519.0,15643
6919,6917,6918,556.0,88335563,519.0,15643,519.0,99126
6920,6918,6919,519.0,88197003,519.0,99126,498.0,495646
6921,6919,6920,519.0,88296129,498.0,495646,464.0,180999
6922,6920,6921,498.0,413492216,464.0,180999,440.0,83619
6923,6921,6922,464.0,88362359,440.0,83619,442.0,97494
6924,6922,6923,440.0,88264979,442.0,97494,389.0,9330
6925,6923,6924,442.0,88362492,389.0,9330,388.0,97469
6926,6924,6925,389.0,88190690,388.0,97469,388.0,97507
6927,6925,6926,388.0,88288129,388.0,97507,334.0,32711
6928,6926,6927,388.0,88385636,334.0,32711,335.0,97487
6929,6927,6928,334.0,88214071,335.0,97487,333.0,97519
6930,6928,6929,335.0,88311583,333.0,97519,300.0,559143
6931,6929,6930,333.0,88409079,300.0,559143,586.0,224052
6932,6930,6931,300.0,441465943,586.0,224052,573.0,23849
6933,6931,6932,586.0,97479476,573.0,23849,570.0,470524
6934,6932,6933,573.0,88443537,570.0,470524,573.0,100585
6935,6933,6934,570.0,414157844,573.0,100585,543.0,403410
6936,6934,6935,573.0,88644707,543.0,403410,543.0,465095
6937,6935,6936,543.0,413979370,543.0,465095,519.0,47092
6938,6936,6937,543.0,414444465,519.0,47092,519.0,99126
6939,6937,6938,519.0,88466780,519.0,99126,482.0,57571
6940,6938,6939,519.0,88565906,482.0,57571,445.0,17606
6941,6939,6940,482.0,88477259,445.0,17606,441.0,97515
6942,6940,6941,445.0,91289542,441.0,97515,439.0,97501
6943,6941,6942,441.0,88534253,439.0,97501,393.0,41571
6944,6942,6943,439.0,88631703,393.0,41571,389.0,97465
6945,6943,6944,393.0,91313507,389.0,97465,389.0,97501
6946,6944,6945,389.0,88557391,389.0,97501,335.0,63671
6947,6945,6946,389.0,88654892,335.0,63671,336.0,97494
6948,6946,6947,335.0,88483359,336.0,97494,351.0,81995
6949,6947,6948,336.0,88580856,351.0,81995,300.0,1180571
6950,6948,6949,351.0,88501683,300.0,1180571,582.0,408744
6951,6949,6950,300.0,443279011,582.0,408744,567.0,4491
6952,6950,6951,582.0,487996584,567.0,4491,573.0,100606
6953,6951,6952,567.0,7154331,573.0,100606,556.0,18390
6954,6952,6953,573.0,88814360,556.0,18390,556.0,99461
6955,6953,6954,556.0,88676406,556.0,99461,543.0,465011
6956,6954,6955,556.0,88775867,543.0,465011,519.0,78541
6957,6955,6956,543.0,415706911,519.0,78541,519.0,99126
6958,6956,6957,519.0,88736557,519.0,99126,464.0,33695
6959,6957,6958,519.0,88835683,464.0,33695,440.0,47987
6960,6958,6959,464.0,88691711,440.0,47987,441.0,97467
6961,6959,6960,440.0,88706003,441.0,97467,457.0,35652
6962,6960,6961,441.0,88803471,457.0,35652,388.0,71161
6963,6961,6962,457.0,88693668,388.0,71161,387.0,97496
6964,6962,6963,388.0,88729177,387.0,97496,405.0,215569
6965,6963,6964,387.0,88826626,405.0,215569,335.0,94574
6966,6964,6965,405.0,88873585,335.0,94574,333.0,97520
6967,6965,6966,335.0,88752590,333.0,97520,351.0,206770
6968,6966,6967,333.0,88850086,351.0,206770,586.0,103079
6969,6967,6968,351.0,88864786,586.0,103079,582.0,1050384
6970,6968,6969,586.0,97882791,582.0,1050384,570.0,409773
6971,6969,6970,582.0,489948944,570.0,409773,573.0,100565
6972,6970,6971,570.0,416215253,573.0,100565,556.0,49927
6973,6971,6972,573.0,89084577,556.0,49927,556.0,99458
6974,6972,6973,556.0,88946271,556.0,99458,498.0,15611
6975,6973,6974,556.0,89045729,498.0,15611,498.0,495592
6976,6974,6975,498.0,415821091,498.0,495592,519.0,99127
6977,6975,6976,498.0,416316683,519.0,99127,464.0,161483
6978,6976,6977,519.0,89105459,464.0,161483,440.0,78866
6979,6977,6978,464.0,89057827,440.0,78866,439.0,97520
6980,6978,6979,440.0,88975210,439.0,97520,390.0,4644
6981,6979,6980,439.0,89072728,390.0,4644,389.0,97499
6982,6980,6981,390.0,88900988,389.0,97499,388.0,97475
6983,6981,6982,389.0,88998431,388.0,97475,335.0,28020
6984,6982,6983,388.0,89095871,335.0,28020,336.0,97491
6985,6983,6984,335.0,88924364,336.0,97491,333.0,97467
6986,6984,6985,336.0,89021859,333.0,97467,300.0,464238
6987,6985,6986,333.0,89119299,300.0,464238,586.0,208024
6988,6986,6987,300.0,444945958,586.0,208024,570.0,88597
6989,6987,6988,586.0,98249880,570.0,88597,573.0,100586
6990,6988,6989,570.0,417008837,573.0,100586,570.0,470388
6991,6989,6990,573.0,89254230,570.0,470388,556.0,81476
6992,6990,6991,570.0,417949748,556.0,81476,556.0,99461
6993,6991,6992,556.0,89216148,556.0,99461,498.0,172887
6994,6992,6993,556.0,89315609,498.0,172887,498.0,495592
6995,6993,6994,498.0,417093127,498.0,495592,482.0,20078
6996,6994,6995,498.0,417588719,482.0,20078,439.0,12289
6997,6995,6996,482.0,89154750,439.0,12289,441.0,97478
6998,6996,6997,439.0,89146961,441.0,97478,440.0,97515
6999,6997,6998,441.0,89244488,440.0,97515,387.0,35488
7000,6998,6999,440.0,89341989,387.0,35488,393.0,100656
7001,6999,7000,387.0,89170160,393.0,100656,389.0,97467
7002,7000,7001,393.0,92147312,389.0,97467,335.0,58920
7003,7001,7002,389.0,89365129,335.0,58920,333.0,97515
7004,7002,7003,335.0,89193592,333.0,97515,351.0,62937
7005,7003,7004,333.0,89291087,351.0,62937,300.0,1085654
7006,7004,7005,351.0,89197609,300.0,1085654,581.0,62148
7007,7005,7006,300.0,446759014,581.0,62148,573.0,50882
7008,7006,7007,581.0,98366148,573.0,50882,570.0,470531
7009,7007,7008,573.0,89423882,570.0,470531,543.0,63319
7010,7008,7009,570.0,418743331,543.0,63319,543.0,465095
7011,7009,7010,543.0,418098319,543.0,465095,543.0,465095
7012,7010,7011,543.0,418563414,543.0,465095,519.0,73719
7013,7011,7012,543.0,419028509,519.0,73719,498.0,495600
7014,7012,7013,519.0,89446719,498.0,495600,464.0,14173
7015,7013,7014,498.0,418860750,464.0,14173,440.0,43229
7016,7014,7015,464.0,89387173,440.0,43229,445.0,100641
7017,7015,7016,440.0,89416229,445.0,100641,441.0,97520
7018,7016,7017,445.0,92401313,441.0,97520,388.0,66406
7019,7017,7018,441.0,89611260,388.0,66406,388.0,97507
7020,7018,7019,388.0,89439406,388.0,97507,405.0,178918
7021,7019,7020,388.0,89536913,405.0,178918,336.0,89854
7022,7020,7021,405.0,89551918,336.0,89854,334.0,97525
7023,7021,7022,336.0,89462854,334.0,97525,351.0,187708
7024,7022,7023,334.0,89560363,351.0,187708,586.0,87046
7025,7023,7024,351.0,89560708,586.0,87046,582.0,952361
7026,7024,7025,586.0,98653190,582.0,952361,568.0,6671
7027,7025,7026,582.0,493783081,568.0,6671,573.0,100606
7028,7026,7027,568.0,7233391,573.0,100606,556.0,45121
7029,7027,7028,573.0,89794704,556.0,45121,556.0,99461
7030,7028,7029,556.0,89656449,556.0,99461,519.0,5997
7031,7029,7030,556.0,89755910,519.0,5997,519.0,99171
7032,7030,7031,519.0,89617325,519.0,99171,519.0,99126
7033,7031,7032,519.0,89716496,519.0,99126,464.0,141966
7034,7032,7033,519.0,89815622,464.0,141966,441.0,74181
7035,7033,7034,464.0,89753294,441.0,74181,439.0,97470
7036,7034,7035,441.0,89685509,439.0,97470,457.0,237393
7037,7035,7036,439.0,89782950,457.0,237393,389.0,97342
7038,7036,7037,457.0,89848721,389.0,97342,389.0,97501
7039,7037,7038,389.0,89708670,389.0,97501,335.0,23270
7040,7038,7039,389.0,89806171,335.0,23270,333.0,97515
7041,7039,7040,335.0,89634598,333.0,97515,334.0,97486
7042,7040,7041,333.0,89732093,334.0,97486,300.0,369330
7043,7041,7042,334.0,89829590,300.0,369330,586.0,191996
7044,7042,7043,300.0,448425970,586.0,191996,573.0,14096
7045,7043,7044,586.0,99020284,573.0,14096,570.0,470388
7046,7044,7045,573.0,89863752,570.0,470388,573.0,100566
7047,7045,7046,570.0,420800738,573.0,100566,556.0,76656
7048,7046,7047,573.0,90064922,556.0,76656,556.0,99461
7049,7047,7048,556.0,89926312,556.0,99461,519.0,37493
7050,7048,7049,556.0,90025773,519.0,37493,519.0,99126
7051,7049,7050,519.0,89887149,519.0,99126,519.0,99346
7052,7050,7051,519.0,89986275,519.0,99346,440.0,7603
7053,7051,7052,519.0,90085621,440.0,7603,442.0,97485
7054,7052,7053,440.0,89857259,442.0,97485,440.0,97480
7055,7053,7054,442.0,89954767,440.0,97480,388.0,30804
7056,7054,7055,440.0,90052226,388.0,30804,387.0,97502
7057,7055,7056,388.0,89880460,387.0,97502,390.0,97466
7058,7056,7057,387.0,89977910,390.0,97466,336.0,54220
7059,7057,7058,390.0,90075400,336.0,54220,333.0,97470
7060,7058,7059,336.0,89903876,333.0,97470,351.0,43888
7061,7059,7060,333.0,90001314,351.0,43888,300.0,990782
7062,7060,7061,351.0,89893544,300.0,990782,582.0,212784
7063,7061,7062,300.0,450239062,582.0,212784,570.0,215061
7064,7062,7063,582.0,495664944,570.0,215061,573.0,100589
7065,7063,7064,570.0,421594341,573.0,100589,556.0,8750
7066,7064,7065,573.0,90234577,556.0,8750,556.0,99461
7067,7065,7066,556.0,90096734,556.0,99461,556.0,99458
7068,7066,7067,556.0,90196195,556.0,99458,519.0,68944
7069,7067,7068,556.0,90295653,519.0,68944,519.0,99126
7070,7068,7069,519.0,90156928,519.0,99126,482.0,228089
7071,7069,7070,519.0,90256054,482.0,228089,441.0,38553
7072,7070,7071,482.0,90316073,441.0,38553,439.0,97501
7073,7071,7072,441.0,90126537,439.0,97501,441.0,97496
7074,7072,7073,439.0,90223987,441.0,97496,389.0,61735
7075,7073,7074,441.0,90321508,389.0,61735,388.0,97486
7076,7074,7075,389.0,90149719,388.0,97486,405.0,142305
7077,7075,7076,388.0,90247160,405.0,142305,333.0,85126
7078,7076,7077,405.0,90230289,333.0,85126,334.0,97495
7079,7077,7078,333.0,90173110,334.0,97495,351.0,168666
7080,7078,7079,334.0,90270605,351.0,168666,586.0,71030
7081,7079,7080,351.0,90256650,586.0,71030,582.0,854441
7082,7080,7081,586.0,99423606,582.0,854441,573.0,77920
7083,7081,7082,582.0,497617321,573.0,77920,570.0,470574
7084,7082,7083,573.0,90404232,570.0,470574,543.0,188363
7085,7083,7084,570.0,423328854,543.0,188363,543.0,465095
7086,7084,7085,543.0,422682403,543.0,465095,518.0,4618
7087,7085,7086,543.0,423147498,518.0,4618,498.0,463246
7088,7086,7087,518.0,7288998,498.0,463246,498.0,495592
7089,7087,7088,498.0,422957286,498.0,495592,464.0,122456
7090,7088,7089,498.0,423452878,464.0,122456,442.0,69498
7091,7089,7090,464.0,90448768,442.0,69498,440.0,97497
7092,7090,7091,442.0,90395810,440.0,97497,457.0,201039
7093,7091,7092,440.0,90493249,457.0,201039,370.0,43334
7094,7092,7093,457.0,90527351,370.0,43334,389.0,97475
7095,7093,7094,370.0,42292738,389.0,97475,336.0,18569
7096,7094,7095,389.0,90516415,336.0,18569,333.0,97469
7097,7095,7096,336.0,90344881,333.0,97469,335.0,97513
7098,7096,7097,333.0,90442319,335.0,97513,300.0,274452
7099,7097,7098,335.0,90539889,300.0,274452,586.0,175973
7100,7098,7099,300.0,451906012,586.0,175973,570.0,42946
7101,7099,7100,586.0,99790693,570.0,42946,573.0,100569
7102,7100,7101,570.0,423651746,573.0,100569,573.0,100607
7103,7101,7102,573.0,90674447,573.0,100607,556.0,71858
7104,7102,7103,573.0,90775054,556.0,71858,543.0,465095
7105,7103,7104,556.0,90636498,543.0,465095,496.0,527
7106,7104,7105,543.0,424409935,496.0,527,498.0,495592
7107,7105,7106,496.0,1461247,498.0,495592,508.0,1464
7108,7106,7107,498.0,424229322,508.0,1464,441.0,2913
7109,7107,7108,508.0,7305064,441.0,2913,439.0,97515
7110,7108,7109,441.0,90567553,439.0,97515,441.0,97505
7111,7109,7110,439.0,90665007,441.0,97505,388.0,26053
7112,7110,7111,441.0,90762523,388.0,26053,388.0,97507
7113,7111,7112,388.0,90590693,388.0,97507,387.0,97507
7114,7112,7113,388.0,90688200,387.0,97507,333.0,49467
7115,7113,7114,387.0,90785651,333.0,49467,334.0,97488
7116,7114,7115,333.0,90614107,334.0,97488,351.0,24831
7117,7115,7116,334.0,90711604,351.0,24831,300.0,895871
7118,7116,7117,351.0,90589471,300.0,895871,582.0,114786
7119,7117,7118,300.0,453719071,582.0,114786,573.0,41131
7120,7118,7119,582.0,499499106,573.0,41131,570.0,470409
7121,7119,7120,573.0,90844099,570.0,470409,556.0,3946
7122,7120,7121,570.0,425386239,556.0,3946,556.0,99445
7123,7121,7122,556.0,90806914,556.0,99445,556.0,99461
7124,7122,7123,556.0,90906359,556.0,99461,519.0,64123
7125,7123,7124,556.0,91005820,519.0,64123,519.0,99126
7126,7124,7125,519.0,90867091,519.0,99126,482.0,190596
7127,7125,7126,519.0,90966217,482.0,190596,441.0,33805
7128,7126,7127,482.0,90993564,441.0,33805,440.0,97516
7129,7127,7128,441.0,90836773,440.0,97516,442.0,97514
7130,7128,7129,440.0,90934274,442.0,97514,389.0,56989
7131,7129,7130,442.0,91031798,389.0,56989,389.0,97501
7132,7130,7131,389.0,90859957,389.0,97501,405.0,105662
7133,7131,7132,389.0,90957458,405.0,105662,333.0,80360
7134,7132,7133,405.0,90908630,333.0,80360,335.0,97515
7135,7133,7134,333.0,90883328,335.0,97515,351.0,149609
7136,7134,7135,335.0,90980897,351.0,149609,586.0,55001
7137,7135,7136,351.0,90952577,586.0,55001,582.0,756443
7138,7136,7137,586.0,100194009,582.0,756443,570.0,341522
7139,7137,7138,582.0,501451483,570.0,341522,573.0,100592
7140,7138,7139,570.0,426179842,573.0,100592,556.0,35484
7141,7139,7140,573.0,91214924,556.0,35484,556.0,99461
7142,7140,7141,556.0,91076780,556.0,99461,556.0,99442
7143,7141,7142,556.0,91176241,556.0,99442,519.0,95574
7144,7142,7143,556.0,91275683,519.0,95574,519.0,99126
7145,7143,7144,519.0,91136870,519.0,99126,464.0,102948
7146,7144,7145,519.0,91235996,464.0,102948,416.0,32368
7147,7145,7146,464.0,91144244,416.0,32368,433.0,1573
7148,7146,7147,416.0,45553016,433.0,1573,457.0,164691
7149,7147,7148,433.0,1471025,457.0,164691,387.0,87905
7150,7148,7149,457.0,91205987,387.0,87905,390.0,97489
7151,7149,7150,387.0,91129201,390.0,97489,339.0,14274
7152,7150,7151,390.0,91226701,339.0,14274,334.0,97496
7153,7151,7152,339.0,93992386,334.0,97496,335.0,97483
7154,7152,7153,334.0,91152618,335.0,97483,299.0,35918
7155,7153,7154,335.0,91250131,299.0,35918,586.0,159952
7156,7154,7155,299.0,91077214,586.0,159952,573.0,4349
7157,7155,7156,586.0,100561104,573.0,4349,573.0,100607
7158,7156,7157,573.0,91283973,573.0,100607,570.0,470602
7159,7157,7158,573.0,91384580,570.0,470602,543.0,313392
7160,7158,7159,570.0,427914362,543.0,313392,556.0,99459
7161,7159,7160,543.0,427266472,556.0,99459,519.0,27899
7162,7160,7161,556.0,91446105,519.0,27899,519.0,99126
7163,7161,7162,519.0,91307523,519.0,99126,519.0,99126
7164,7162,7163,519.0,91406649,519.0,99126,464.0,230744
7165,7163,7164,519.0,91505775,464.0,230744,439.0,95623
7166,7164,7165,464.0,91510368,439.0,95623,441.0,97483
7167,7165,7166,439.0,91375247,441.0,97483,389.0,21383
7168,7166,7167,441.0,91472773,389.0,21383,388.0,97498
7169,7167,7168,389.0,91301007,388.0,97498,387.0,97481
7170,7168,7169,388.0,91398450,387.0,97481,333.0,44723
7171,7169,7170,387.0,91495897,333.0,44723,335.0,97525
7172,7170,7171,333.0,91324347,335.0,97525,351.0,5793
7173,7171,7172,335.0,91421913,351.0,5793,300.0,801054
7174,7172,7173,351.0,91285417,300.0,801054,582.0,16886
7175,7173,7174,300.0,457199174,582.0,16886,570.0,169445
7176,7174,7175,582.0,503333366,570.0,169445,573.0,100577
7177,7175,7176,570.0,428237285,573.0,100577,573.0,100607
7178,7176,7177,573.0,91654799,573.0,100607,543.0,461098
7179,7177,7178,573.0,91755406,543.0,461098,543.0,465095
7180,7178,7179,543.0,428528938,543.0,465095,498.0,258036
7181,7179,7180,543.0,428994033,498.0,258036,498.0,495592
7182,7180,7181,498.0,428325876,498.0,495592,482.0,153129
7183,7181,7182,498.0,428821468,482.0,153129,442.0,29112
7184,7182,7183,482.0,91671081,442.0,29112,440.0,97486
7185,7183,7184,442.0,91547064,440.0,97486,445.0,100672
7186,7184,7185,440.0,91644516,445.0,100672,390.0,52296
7187,7185,7186,445.0,94701504,390.0,52296,389.0,97488
7188,7186,7187,390.0,91570248,389.0,97488,405.0,69042
7189,7187,7188,389.0,91667706,405.0,69042,334.0,75676
7190,7188,7189,405.0,91586994,334.0,75676,335.0,97486
7191,7189,7190,334.0,91593628,335.0,97486,351.0,130563
7192,7190,7191,335.0,91691140,351.0,130563,586.0,38981
7193,7191,7192,351.0,91648515,586.0,38981,582.0,658499
7194,7192,7193,586.0,100964421,582.0,658499,573.0,68170
7195,7193,7194,582.0,505285699,573.0,68170,570.0,470459
7196,7194,7195,573.0,91824450,570.0,470459,556.0,30667
7197,7195,7196,570.0,429971769,556.0,30667,556.0,99461
7198,7196,7197,556.0,91786947,556.0,99461,543.0,465019
7199,7197,7198,556.0,91886408,543.0,465019,498.0,415301
7200,7198,7199,543.0,430256459,498.0,415301,498.0,495592
7201,7199,7200,498.0,429597901,498.0,495592,464.0,83433
7202,7200,7201,498.0,430093493,464.0,83433,439.0,59987
7203,7201,7202,464.0,91839713,439.0,59987,441.0,97493
7204,7202,7203,439.0,91816267,441.0,97493,457.0,128329
7205,7203,7204,441.0,91913789,457.0,128329,387.0,83149
7206,7204,7205,457.0,91884609,387.0,83149,387.0,97516
7207,7205,7206,387.0,91839429,387.0,97516,333.0,9065
7208,7206,7207,387.0,91936945,333.0,9065,335.0,97519
7209,7207,7208,333.0,91765345,335.0,97519,336.0,97483
7210,7208,7209,335.0,91862913,336.0,97483,300.0,84692
7211,7209,7210,336.0,91960403,300.0,84692,586.0,143926
7212,7210,7211,300.0,458866092,586.0,143926,582.0,1300117
7213,7211,7212,586.0,101331510,582.0,1300117,570.0,467992
7214,7212,7213,582.0,507238037,570.0,467992,573.0,100596
7215,7213,7214,570.0,430765352,573.0,100596,556.0,62219
7216,7214,7215,573.0,92195272,556.0,62219,556.0,99461
7217,7215,7216,556.0,92056827,556.0,99461,519.0,23078
7218,7216,7217,556.0,92156288,519.0,23078,519.0,99126
7219,7217,7218,519.0,92017686,519.0,99126,498.0,495608
7220,7218,7219,519.0,92116812,498.0,495608,464.0,211224
7221,7219,7220,498.0,431365538,464.0,211224,440.0,90927
7222,7220,7221,464.0,92205832,440.0,90927,442.0,97477
7223,7221,7222,440.0,92085535,442.0,97477,389.0,16635
7224,7222,7223,442.0,92183039,389.0,16635,389.0,97501
7225,7223,7224,389.0,92011243,389.0,97501,388.0,97499
7226,7224,7225,389.0,92108744,388.0,97499,334.0,40023
7227,7225,7226,388.0,92206187,334.0,40023,335.0,97484
7228,7226,7227,334.0,92034631,335.0,97484,333.0,97515
7229,7227,7228,335.0,92132144,333.0,97515,300.0,706128
7230,7228,7229,333.0,92229639,300.0,706128,586.0,248875
7231,7229,7230,300.0,460679168,586.0,248875,573.0,31384
7232,7230,7231,586.0,101698603,573.0,31384,573.0,100607
7233,7231,7232,573.0,92264320,573.0,100607,570.0,470624
7234,7232,7233,573.0,92364927,570.0,470624,556.0,93754
7235,7233,7234,570.0,432499864,556.0,93754,556.0,99461
7236,7234,7235,556.0,92326690,556.0,99461,519.0,54528
7237,7235,7236,556.0,92426151,519.0,54528,519.0,99126
7238,7236,7237,519.0,92287464,519.0,99126,482.0,115639
7239,7237,7238,519.0,92386590,482.0,115639,439.0,24363
7240,7238,7239,482.0,92348575,439.0,24363,441.0,97511
7241,7239,7240,439.0,92257299,441.0,97511,439.0,97496
7242,7240,7241,441.0,92354813,439.0,97496,387.0,47554
7243,7241,7242,439.0,92452262,387.0,47554,390.0,97509
7244,7242,7243,387.0,92280490,390.0,97509,405.0,32406
7245,7243,7244,390.0,92377999,405.0,32406,335.0,70987
7246,7244,7245,405.0,92265342,335.0,70987,336.0,97494
7247,7245,7246,335.0,92303923,336.0,97494,351.0,111511
7248,7246,7247,336.0,92401420,351.0,111511,586.0,22957
7249,7247,7248,351.0,92344447,586.0,22957,582.0,560530
7250,7248,7249,586.0,101734829,582.0,560530,570.0,295897
7251,7249,7250,582.0,509119890,570.0,295897,573.0,100579
7252,7250,7251,570.0,432822777,573.0,100579,543.0,121012
7253,7251,7252,573.0,92635145,543.0,121012,543.0,465095
7254,7252,7253,543.0,432647892,543.0,465095,543.0,465095
7255,7253,7254,543.0,433112987,543.0,465095,519.0,85978
7256,7254,7255,543.0,433578082,519.0,85978,519.0,99126
7257,7255,7256,519.0,92557242,519.0,99126,464.0,63925
7258,7256,7257,519.0,92656368,464.0,63925,440.0,55300
7259,7257,7258,464.0,92535189,440.0,55300,442.0,97526
7260,7258,7259,440.0,92526564,442.0,97526,457.0,91979
7261,7259,7260,442.0,92624094,457.0,91979,388.0,78469
7262,7260,7261,457.0,92563243,388.0,78469,387.0,97487
7263,7261,7262,388.0,92549733,387.0,97487,334.0,4379
7264,7262,7263,387.0,92647181,334.0,4379,335.0,97489
7265,7263,7264,334.0,92475643,335.0,97489,333.0,97522
7266,7264,7265,335.0,92573155,333.0,97522,351.0,236287
7267,7265,7266,333.0,92670652,351.0,236287,586.0,127906
7268,7266,7267,351.0,92707551,586.0,127906,582.0,1202173
7269,7267,7268,586.0,102101922,582.0,1202173,573.0,95207
7270,7268,7269,582.0,511072253,573.0,95207,570.0,470495
7271,7269,7270,573.0,92804799,570.0,470495,556.0,57403
7272,7270,7271,570.0,434557285,556.0,57403,543.0,465026
7273,7271,7272,556.0,92766995,543.0,465026,498.0,52789
7274,7272,7273,543.0,434375436,498.0,52789,519.0,99137
7275,7273,7274,498.0,433694429,519.0,99137,519.0,99126
7276,7274,7275,519.0,92827019,519.0,99126,464.0,191716
7277,7275,7276,519.0,92926145,464.0,191716,440.0,86182
7278,7276,7277,464.0,92901308,440.0,86182,439.0,97520
7279,7277,7278,440.0,92795774,439.0,97520,390.0,11949
7280,7278,7279,439.0,92893292,390.0,11949,389.0,97494
7281,7279,7280,390.0,92721541,389.0,97494,388.0,97469
7282,7280,7281,389.0,92818990,388.0,97469,335.0,35339
7283,7281,7282,388.0,92916429,335.0,35339,336.0,97499
7284,7282,7283,335.0,92744931,336.0,97499,333.0,97471
7285,7283,7284,336.0,92842431,333.0,97471,300.0,611258
7286,7284,7285,333.0,92939867,300.0,611258,586.0,232853
7287,7285,7286,300.0,464159218,586.0,232853,573.0,26532
7288,7286,7287,586.0,102469013,573.0,26532,570.0,470645
7289,7287,7288,573.0,92974452,570.0,470645,573.0,100602
7290,7288,7289,570.0,435350875,573.0,100602,556.0,88956
7291,7289,7290,573.0,93175622,556.0,88956,556.0,99451
7292,7290,7291,556.0,93036876,556.0,99451,498.0,210074
7293,7291,7292,556.0,93136327,498.0,210074,498.0,495592
7294,7292,7293,498.0,434966474,498.0,495592,482.0,78156
7295,7293,7294,498.0,435462066,482.0,78156,439.0,19606
7296,7294,7295,482.0,93026076,439.0,19606,441.0,97479
7297,7295,7296,439.0,92967526,441.0,97479,440.0,97516
7298,7296,7297,441.0,93065053,440.0,97516,387.0,42800
7299,7297,7298,440.0,93162554,387.0,42800,393.0,100642
7300,7298,7299,387.0,92990720,393.0,100642,390.0,97526
7301,7299,7300,393.0,96091106,390.0,97526,335.0,66240
7302,7300,7301,390.0,93185752,335.0,66240,333.0,97520
7303,7301,7302,335.0,93014160,333.0,97520,351.0,92458
7304,7302,7303,333.0,93111656,351.0,92458,586.0,6931
7305,7303,7304,351.0,93040378,586.0,6931,582.0,462550
7306,7304,7305,586.0,102505235,582.0,462550,573.0,58420
7307,7305,7306,582.0,512954070,573.0,58420,573.0,100607
7308,7306,7307,573.0,93244668,573.0,100607,556.0,21029
7309,7307,7308,573.0,93345275,556.0,21029,556.0,99461
7310,7308,7309,556.0,93207277,556.0,99461,556.0,99461
7311,7309,7310,556.0,93306738,556.0,99461,519.0,81160
7312,7310,7311,556.0,93406199,519.0,81160,498.0,495608
7313,7311,7312,519.0,93267408,498.0,495608,464.0,44413
7314,7312,7313,498.0,436734118,464.0,44413,440.0,50551
7315,7313,7314,464.0,93230661,440.0,50551,445.0,100668
7316,7314,7315,440.0,93236799,445.0,100668,457.0,55622
7317,7315,7316,445.0,96345148,457.0,55622,388.0,73723
7318,7316,7317,457.0,93241870,388.0,73723,388.0,97507
7319,7317,7318,388.0,93259971,388.0,97507,405.0,235690
7320,7318,7319,388.0,93357478,405.0,235690,336.0,97191
7321,7319,7320,405.0,93421938,336.0,97191,333.0,97473
7322,7320,7321,336.0,93283439,333.0,97473,351.0,217235
7323,7321,7322,333.0,93380875,351.0,217235,586.0,111881
7324,7322,7323,351.0,93403483,586.0,111881,582.0,1104199
7325,7323,7324,586.0,102872329,582.0,1104199,570.0,422364
7326,7324,7325,582.0,514906439,570.0,422364,573.0,100582
7327,7325,7326,570.0,437408284,573.0,100582,543.0,246034
7328,7326,7327,573.0,93615492,543.0,246034,543.0,465095
7329,7327,7328,543.0,437231954,543.0,465095,519.0,13482
7330,7328,7329,543.0,437697049,519.0,13482,519.0,99126
7331,7329,7330,519.0,93438058,519.0,99126,519.0,99126
7332,7330,7331,519.0,93537184,519.0,99126,464.0,172204
7333,7331,7332,519.0,93636310,464.0,172204,441.0,81501
7334,7332,7333,464.0,93596780,441.0,81501,439.0,97476
7335,7333,7334,441.0,93506077,439.0,97476,393.0,7465
7336,7334,7335,439.0,93603520,393.0,7465,389.0,97466
7337,7335,7336,393.0,96445737,389.0,97466,389.0,97501
7338,7336,7337,389.0,93529234,389.0,97501,335.0,30594
7339,7337,7338,389.0,93626735,335.0,30594,333.0,97526
7340,7338,7339,335.0,93455170,333.0,97526,334.0,97495
7341,7339,7340,333.0,93552668,334.0,97495,300.0,516379
7342,7340,7341,334.0,93650163,300.0,516379,586.0,216830
7343,7341,7342,300.0,467639259,586.0,216830,570.0,101201
7344,7342,7343,586.0,103239422,570.0,101201,573.0,100604
7345,7343,7344,570.0,438201881,573.0,100604,570.0,470516
7346,7344,7345,573.0,93785146,570.0,470516,543.0,393722
7347,7345,7346,570.0,439142786,543.0,393722,543.0,465095
7348,7346,7347,543.0,438494402,543.0,465095,519.0,44932
7349,7347,7348,543.0,438959497,519.0,44932,519.0,99126
7350,7348,7349,519.0,93707836,519.0,99126,482.0,40677
7351,7349,7350,519.0,93806962,482.0,40677,440.0,14919
7352,7350,7351,482.0,93703581,440.0,14919,442.0,97485
7353,7351,7352,440.0,93677823,442.0,97485,440.0,97480
7354,7352,7353,442.0,93775331,440.0,97480,388.0,38115
7355,7353,7354,440.0,93872790,388.0,38115,387.0,97496
7356,7354,7355,388.0,93701019,387.0,97496,363.0,48754
7357,7355,7356,387.0,93798468,363.0,48754,336.0,61542
7358,7356,7357,363.0,46948003,336.0,61542,333.0,97473
7359,7357,7358,336.0,93724446,333.0,97473,351.0,73406
7360,7358,7359,333.0,93821881,351.0,73406,300.0,1137794
7361,7359,7360,351.0,93736310,300.0,1137794,582.0,364576
7362,7360,7361,300.0,469452314,582.0,364576,573.0,53566
7363,7361,7362,582.0,516788256,573.0,53566,570.0,470659
7364,7362,7363,573.0,93954798,570.0,470659,556.0,16228
7365,7363,7364,570.0,439936369,556.0,16228,556.0,99461
7366,7364,7365,556.0,93917460,556.0,99461,556.0,99442
7367,7365,7366,556.0,94016921,556.0,99442,519.0,76381
7368,7366,7367,556.0,94116363,519.0,76381,519.0,99126
7369,7367,7368,519.0,93977613,519.0,99126,464.0,24900
7370,7368,7369,519.0,94076739,464.0,24900,441.0,45866
7371,7369,7370,464.0,93926132,441.0,45866,439.0,97497
7372,7370,7371,441.0,93947098,439.0,97497,457.0,19263
7373,7371,7372,439.0,94044547,457.0,19263,389.0,69043
7374,7372,7373,457.0,93920495,389.0,69043,388.0,97477
7375,7373,7374,389.0,93970275,388.0,97477,405.0,199056
7376,7374,7375,388.0,94067715,405.0,199056,333.0,92441
7377,7375,7376,405.0,94100288,333.0,92441,334.0,97495
7378,7376,7377,333.0,93993673,334.0,97495,351.0,198182
7379,7377,7378,334.0,94091169,351.0,198182,586.0,95856
7380,7378,7379,351.0,94099414,586.0,95856,582.0,1006224
7381,7379,7380,586.0,103642736,582.0,1006224,573.0,85456
7382,7380,7381,582.0,518740624,573.0,85456,572.0,8112
7383,7381,7382,573.0,94225016,572.0,8112,556.0,47763
7384,7382,7383,572.0,7606902,556.0,47763,556.0,99461
7385,7383,7384,556.0,94187323,556.0,99461,498.0,4835
7386,7384,7385,556.0,94286784,498.0,4835,498.0,495592
7387,7385,7386,498.0,440335035,498.0,495592,519.0,99137
7388,7386,7387,498.0,440830627,519.0,99137,464.0,152689
7389,7387,7388,519.0,94346515,464.0,152689,442.0,76813
7390,7388,7389,464.0,94292249,442.0,76813,440.0,97497
7391,7389,7390,442.0,94216373,440.0,97497,387.0,2447
7392,7390,7391,440.0,94313813,387.0,2447,363.0,48734
7393,7391,7392,387.0,94142007,363.0,48734,389.0,97471
7394,7392,7393,363.0,47119754,389.0,97471,336.0,25893
7395,7393,7394,389.0,94336975,336.0,25893,333.0,97474
7396,7394,7395,336.0,94165453,333.0,97474,335.0,97517
7397,7395,7396,333.0,94262888,335.0,97517,300.0,421478
7398,7396,7397,335.0,94360457,300.0,421478,586.0,200803
7399,7397,7398,300.0,471119278,586.0,200803,573.0,16781
7400,7398,7399,586.0,104009827,573.0,16781,570.0,470524
7401,7399,7400,573.0,94394669,570.0,470524,573.0,100585
7402,7400,7401,570.0,441993784,573.0,100585,543.0,371056
7403,7401,7402,573.0,94595839,543.0,371056,556.0,99459
7404,7402,7403,543.0,441816016,556.0,99459,498.0,162114
7405,7403,7404,556.0,94556645,498.0,162114,498.0,495592
7406,7404,7405,498.0,441607074,498.0,495592,482.0,3183
7407,7405,7406,498.0,442102666,482.0,3183,441.0,10228
7408,7406,7407,482.0,94381071,441.0,10228,439.0,97514
7409,7407,7408,441.0,94388116,439.0,97514,441.0,97505
7410,7408,7409,439.0,94485570,441.0,97505,388.0,33365
7411,7409,7410,441.0,94583087,388.0,33365,388.0,97507
7412,7410,7411,388.0,94411253,388.0,97507,387.0,97502
7413,7411,7412,388.0,94508760,387.0,97502,333.0,56788
7414,7412,7413,387.0,94606210,333.0,56788,334.0,97492
7415,7413,7414,333.0,94434676,334.0,97492,351.0,54351
7416,7414,7415,334.0,94532172,351.0,54351,300.0,1042892
7417,7415,7416,351.0,94432239,300.0,1042892,582.0,266588
7418,7416,7417,300.0,472932332,582.0,266588,570.0,227646
7419,7417,7418,582.0,520622428,570.0,227646,573.0,100605
7420,7418,7419,570.0,442787366,573.0,100605,543.0,53635
7421,7419,7420,573.0,94765491,543.0,53635,543.0,465095
7422,7420,7421,543.0,442613355,543.0,465095,543.0,465095
7423,7421,7422,543.0,443078450,543.0,465095,519.0,71560
7424,7422,7423,543.0,443543545,519.0,71560,498.0,495684
7425,7423,7424,519.0,94687776,498.0,495684,464.0,5381
7426,7424,7425,498.0,443374704,464.0,5381,441.0,41117
7427,7425,7426,464.0,94621597,441.0,41117,440.0,97512
7428,7426,7427,441.0,94657333,440.0,97512,442.0,97505
7429,7427,7428,440.0,94754834,442.0,97505,389.0,64297
7430,7428,7429,442.0,94852353,389.0,64297,389.0,97501
7431,7429,7430,389.0,94680513,389.0,97501,405.0,162413
7432,7430,7431,389.0,94778014,405.0,162413,333.0,87674
7433,7431,7432,405.0,94778629,333.0,87674,335.0,97514
7434,7432,7433,333.0,94703890,335.0,97514,351.0,179124
7435,7433,7434,335.0,94801460,351.0,179124,586.0,79826
7436,7434,7435,351.0,94795340,586.0,79826,582.0,908219
7437,7435,7436,586.0,104413138,582.0,908219,573.0,80600
7438,7436,7437,582.0,522574779,573.0,80600,568.0,8114
7439,7437,7438,573.0,94935144,568.0,8114,556.0,42962
7440,7438,7439,568.0,7664169,556.0,42962,543.0,465065
7441,7439,7440,556.0,94897506,543.0,465065,519.0,3761
7442,7440,7441,543.0,444339805,519.0,3761,519.0,99248
7443,7441,7442,519.0,94858305,519.0,99248,519.0,99126
7444,7442,7443,519.0,94957553,519.0,99126,464.0,133174
7445,7443,7444,519.0,95056679,464.0,133174,445.0,74405
7446,7444,7445,464.0,94987718,445.0,74405,441.0,97521
7447,7445,7446,445.0,97988773,441.0,97521,457.0,221011
7448,7446,7447,441.0,95024109,457.0,221011,387.0,95207
7449,7447,7448,457.0,95075555,387.0,95207,371.0,1573
7450,7448,7449,387.0,94949751,371.0,1573,333.0,21139
7451,7449,7450,371.0,1533021,333.0,21139,334.0,97493
7452,7450,7451,333.0,94875683,334.0,97493,335.0,97480
7453,7451,7452,334.0,94973179,335.0,97480,300.0,326574
7454,7452,7453,335.0,95070692,300.0,326574,586.0,184775
7455,7453,7454,300.0,474599294,586.0,184775,570.0,55536
7456,7454,7455,586.0,104780231,570.0,55536,573.0,100585
7457,7455,7456,570.0,444844776,573.0,100585,570.0,470381
7458,7456,7457,573.0,95205361,570.0,470381,556.0,74495
7459,7457,7458,570.0,445785681,556.0,74495,556.0,99461
7460,7458,7459,556.0,95167367,556.0,99461,519.0,35332
7461,7459,7460,556.0,95266828,519.0,35332,519.0,99126
7462,7460,7461,519.0,95128204,519.0,99126,508.0,14974
7463,7461,7462,519.0,95227330,508.0,14974,441.0,5482
7464,7462,7463,508.0,7683754,441.0,5482,439.0,97466
7465,7463,7464,441.0,95098354,439.0,97466,441.0,97471
7466,7464,7465,439.0,95195794,441.0,97471,389.0,28683
7467,7465,7466,441.0,95293325,389.0,28683,388.0,97479
7468,7466,7467,389.0,95121555,388.0,97479,388.0,97507
7469,7467,7468,388.0,95218995,388.0,97507,333.0,52025
7470,7468,7469,388.0,95316502,333.0,52025,335.0,97515
7471,7469,7470,333.0,95144897,335.0,97515,351.0,35297
7472,7470,7471,335.0,95242467,351.0,35297,300.0,947996
7473,7471,7472,351.0,95128169,300.0,947996,41.0,1
