region,warmup_rid,start_rid,warmup_bid,warmup_count,start_bid,start_count,end_bid,end_count
0,-1,-1,162.0,0,162.0,0,411.0,19802
1,-1,0,162.0,0,411.0,19802,411.0,28414
2,0,1,411.0,19802,411.0,28414,411.0,28414
3,1,2,411.0,48216,411.0,28414,416.0,28452
4,2,3,411.0,76630,416.0,28452,411.0,28412
5,3,4,416.0,105022,411.0,28412,411.0,28414
6,4,5,411.0,133440,411.0,28414,411.0,28414
7,5,6,411.0,161854,411.0,28414,416.0,28423
8,6,7,411.0,190268,416.0,28423,401.0,8935
9,7,8,416.0,218639,401.0,8935,401.0,29010
10,8,9,401.0,8935,401.0,29010,406.0,28996
11,9,10,401.0,37945,406.0,28996,407.0,144962
12,10,11,406.0,66940,407.0,144962,401.0,29015
13,11,12,407.0,479662,401.0,29015,401.0,29010
14,12,13,401.0,124991,401.0,29010,401.0,29010
15,13,14,401.0,154001,401.0,29010,401.0,29010
16,14,15,401.0,183011,401.0,29010,350.0,176451
17,15,16,401.0,212021,350.0,176451,562.0,690363
18,16,17,350.0,176451,562.0,690363,552.0,47758
19,17,18,562.0,690363,552.0,47758,553.0,83399
20,18,19,552.0,47758,553.0,83399,549.0,377931
21,19,20,553.0,131975,549.0,377931,529.0,78304
22,20,21,549.0,975911,529.0,78304,527.0,119762
23,21,22,529.0,78304,527.0,119762,496.0,751864
24,22,23,527.0,195588,496.0,751864,464.0,62231
25,23,24,496.0,751864,464.0,62231,411.0,1890
26,24,25,464.0,62231,411.0,1890,411.0,28414
27,25,26,411.0,240218,411.0,28414,417.0,142043
28,26,27,411.0,268632,417.0,142043,411.0,28400
29,27,28,417.0,1484963,411.0,28400,411.0,28414
30,28,29,411.0,325442,411.0,28414,411.0,28414
31,29,30,411.0,353856,411.0,28414,411.0,28414
32,30,31,411.0,382270,411.0,28414,417.0,142225
33,31,32,411.0,410684,417.0,142225,411.0,28410
34,32,33,417.0,2195355,411.0,28410,407.0,98222
35,33,34,411.0,467494,407.0,98222,407.0,144962
36,34,35,407.0,1289862,407.0,144962,406.0,28993
37,35,36,407.0,1434824,406.0,28993,401.0,29011
38,36,37,406.0,315957,401.0,29011,401.0,29010
39,37,38,401.0,345025,401.0,29010,401.0,29010
40,38,39,401.0,374035,401.0,29010,401.0,29010
41,39,40,401.0,403045,401.0,29010,401.0,29010
42,40,41,401.0,432055,401.0,29010,347.0,175655
43,41,42,401.0,461065,347.0,175655,562.0,1238180
44,42,43,347.0,413983,562.0,1238180,549.0,359560
45,43,44,562.0,2548900,549.0,359560,550.0,6519
46,44,45,549.0,1474320,550.0,6519,529.0,335
47,45,46,550.0,31939,529.0,335,527.0,119754
48,46,47,529.0,246351,527.0,119754,496.0,15186
49,47,48,527.0,358392,496.0,15186,478.0,49334
50,48,49,496.0,1129946,478.0,49334,470.0,87384
51,49,50,478.0,1164094,470.0,87384,411.0,12391
52,50,51,470.0,207834,411.0,12391,417.0,142135
53,51,52,411.0,489047,417.0,142135,411.0,28405
54,52,53,417.0,2587105,411.0,28405,411.0,28414
55,53,54,411.0,545857,411.0,28414,411.0,28414
56,54,55,411.0,574271,411.0,28414,417.0,141989
57,55,56,411.0,602685,417.0,141989,411.0,28397
58,56,57,417.0,3155189,411.0,28397,411.0,28414
59,57,58,411.0,659495,411.0,28414,407.0,6696
60,58,59,411.0,687909,407.0,6696,407.0,144962
61,59,60,407.0,2389976,407.0,144962,401.0,29014
62,60,61,407.0,2534938,401.0,29014,401.0,29010
63,61,62,401.0,536050,401.0,29010,401.0,29010
64,62,63,401.0,565060,401.0,29010,401.0,29010
65,63,64,401.0,594070,401.0,29010,401.0,29010
66,64,65,401.0,623080,401.0,29010,401.0,29010
67,65,66,401.0,652090,401.0,29010,401.0,29010
68,66,67,401.0,681100,401.0,29010,562.0,303252
69,67,68,401.0,710110,562.0,303252,549.0,121153
70,68,69,562.0,2924692,549.0,121153,551.0,80844
71,69,70,549.0,2350673,551.0,80844,551.0,80792
72,70,71,551.0,583416,551.0,80792,527.0,44549
73,71,72,551.0,664208,527.0,44549,528.0,121702
74,72,73,527.0,521205,528.0,121702,496.0,446882
75,73,74,528.0,651343,496.0,446882,478.0,361546
76,74,75,496.0,2676402,478.0,361546,390.0,85214
77,75,76,478.0,2591066,390.0,85214,417.0,114348
78,76,77,390.0,800198,417.0,114348,411.0,28412
79,77,78,417.0,3689268,411.0,28412,411.0,28414
80,78,79,411.0,766274,411.0,28414,411.0,28414
81,79,80,411.0,794688,411.0,28414,416.0,28423
82,80,81,411.0,823102,416.0,28423,411.0,28404
83,81,82,416.0,851473,411.0,28404,411.0,28414
84,82,83,411.0,879912,411.0,28414,411.0,28414
85,83,84,411.0,908326,411.0,28414,406.0,12036
86,84,85,411.0,936740,406.0,12036,401.0,29012
87,85,86,406.0,727020,401.0,29012,401.0,29010
88,86,87,401.0,756086,401.0,29010,401.0,29010
89,87,88,401.0,785096,401.0,29010,401.0,29010
90,88,89,401.0,814106,401.0,29010,401.0,29010
91,89,90,401.0,843116,401.0,29010,401.0,29010
92,90,91,401.0,872126,401.0,29010,401.0,29010
93,91,92,401.0,901136,401.0,29010,350.0,382416
94,92,93,401.0,930146,350.0,382416,562.0,851132
95,93,94,350.0,3957336,562.0,851132,551.0,55794
96,94,95,562.0,4783292,551.0,55794,552.0,82150
97,95,96,551.0,770778,552.0,82150,553.0,83439
98,96,97,552.0,865366,553.0,83439,528.0,90276
99,97,98,553.0,962543,528.0,90276,521.0,119745
100,98,99,528.0,816792,521.0,119745,496.0,878589
101,99,100,521.0,923575,496.0,878589,482.0,148722
102,100,101,496.0,4222869,482.0,148722,411.0,4965
103,101,102,482.0,886770,411.0,4965,411.0,28414
104,102,103,411.0,958277,411.0,28414,411.0,28414
105,103,104,411.0,986691,411.0,28414,411.0,28414
106,104,105,411.0,1015105,411.0,28414,417.0,142242
107,105,106,411.0,1043519,417.0,142242,411.0,28411
108,106,107,417.0,5359542,411.0,28411,411.0,28414
109,107,108,411.0,1100329,411.0,28414,411.0,28414
110,108,109,411.0,1128743,411.0,28414,417.0,142097
111,109,110,411.0,1157157,417.0,142097,401.0,22810
112,110,111,417.0,5927627,401.0,22810,401.0,29010
113,111,112,401.0,976122,401.0,29010,401.0,29010
114,112,113,401.0,1005132,401.0,29010,401.0,29010
115,113,114,401.0,1034142,401.0,29010,401.0,29010
116,114,115,401.0,1063152,401.0,29010,401.0,29010
117,115,116,401.0,1092162,401.0,29010,401.0,29010
118,116,117,401.0,1121172,401.0,29010,401.0,29010
119,117,118,401.0,1150182,401.0,29010,350.0,1084339
120,118,119,401.0,1179192,350.0,1084339,551.0,4831
121,119,120,350.0,5850899,551.0,4831,551.0,80792
122,120,121,551.0,958143,551.0,80792,553.0,83442
123,121,122,551.0,1038935,553.0,83442,527.0,13275
124,122,123,553.0,1155954,527.0,13275,521.0,119763
125,123,124,527.0,966587,521.0,119763,496.0,141985
126,124,125,521.0,1086405,496.0,141985,478.0,140973
127,125,126,496.0,4601025,478.0,140973,470.0,87384
128,126,127,478.0,4600013,470.0,87384,411.0,15468
129,127,128,470.0,563274,411.0,15468,411.0,28414
130,128,129,411.0,1207108,411.0,28414,417.0,142043
131,129,130,411.0,1235522,417.0,142043,411.0,28400
132,130,131,417.0,6319413,411.0,28400,411.0,28414
133,131,132,411.0,1292332,411.0,28414,411.0,28414
134,132,133,411.0,1320746,411.0,28414,411.0,28414
135,133,134,411.0,1349160,411.0,28414,416.0,28445
136,134,135,411.0,1377574,416.0,28445,401.0,4518
137,135,136,416.0,1405961,401.0,4518,401.0,29010
138,136,137,401.0,1196158,401.0,29010,401.0,29010
139,137,138,401.0,1225168,401.0,29010,401.0,29010
140,138,139,401.0,1254178,401.0,29010,401.0,29010
141,139,140,401.0,1283188,401.0,29010,401.0,29010
142,140,141,401.0,1312198,401.0,29010,401.0,29010
143,141,142,401.0,1341208,401.0,29010,401.0,29010
144,142,143,401.0,1370218,401.0,29010,401.0,29010
145,143,144,401.0,1399228,401.0,29010,562.0,464142
146,144,145,401.0,1428238,562.0,464142,551.0,34659
147,145,146,562.0,7017742,551.0,34659,553.0,83442
148,146,147,551.0,1226299,553.0,83442,549.0,378021
149,147,148,553.0,1349362,549.0,378021,521.0,57591
150,148,149,549.0,6492091,521.0,57591,529.0,123622
151,149,150,521.0,1249231,529.0,123622,496.0,573706
152,150,151,529.0,1413158,496.0,573706,478.0,453222
153,151,152,496.0,6147506,478.0,453222,390.0,170508
154,152,153,478.0,6027022,390.0,170508,411.0,25971
155,153,154,390.0,1600476,411.0,25971,416.0,28434
156,154,155,411.0,1455939,416.0,28434,411.0,28407
157,155,156,416.0,1484318,411.0,28407,411.0,28414
158,156,157,411.0,1512749,411.0,28414,411.0,28414
159,157,158,411.0,1541163,411.0,28414,416.0,28405
160,158,159,411.0,1569577,416.0,28405,411.0,28399
161,159,160,416.0,1597935,411.0,28399,411.0,28414
162,160,161,411.0,1626387,411.0,28414,401.0,15236
163,161,162,411.0,1654801,401.0,15236,401.0,29010
164,162,163,401.0,1445204,401.0,29010,401.0,29010
165,163,164,401.0,1474214,401.0,29010,401.0,29010
166,164,165,401.0,1503224,401.0,29010,401.0,29010
167,165,166,401.0,1532234,401.0,29010,401.0,29010
168,166,167,401.0,1561244,401.0,29010,401.0,29010
169,167,168,401.0,1590254,401.0,29010,401.0,29010
170,168,169,401.0,1619264,401.0,29010,350.0,588536
171,169,170,401.0,1648274,350.0,588536,562.0,1012023
172,170,171,350.0,7738376,562.0,1012023,553.0,66670
173,171,172,562.0,8876343,553.0,66670,549.0,378013
174,172,173,553.0,1542766,549.0,378013,551.0,80826
175,173,174,549.0,7368463,551.0,80826,529.0,105136
176,174,175,551.0,1656184,529.0,105136,527.0,119769
177,175,176,529.0,1581232,527.0,119769,496.0,1005419
178,176,177,527.0,1651541,496.0,1005419,457.0,81823
179,177,178,496.0,7693979,457.0,81823,411.0,8060
180,178,179,457.0,796807,411.0,8060,411.0,28397
181,179,180,411.0,1676356,411.0,28397,411.0,28414
182,180,181,411.0,1704753,411.0,28414,411.0,28414
183,181,182,411.0,1733167,411.0,28414,411.0,28414
184,182,183,411.0,1761581,411.0,28414,416.0,28434
185,183,184,411.0,1789995,416.0,28434,411.0,28407
186,184,185,416.0,1818374,411.0,28407,411.0,28414
187,185,186,411.0,1846805,411.0,28414,411.0,28414
188,186,187,411.0,1875219,411.0,28414,401.0,25955
189,187,188,411.0,1903633,401.0,25955,401.0,29010
190,188,189,401.0,1694251,401.0,29010,401.0,29010
191,189,190,401.0,1723261,401.0,29010,401.0,29010
192,190,191,401.0,1752271,401.0,29010,401.0,29010
193,191,192,401.0,1781281,401.0,29010,401.0,29010
194,192,193,401.0,1810291,401.0,29010,401.0,29010
195,193,194,401.0,1839301,401.0,29010,407.0,145018
196,194,195,401.0,1868311,407.0,145018,562.0,77158
197,195,196,407.0,9486558,562.0,77158,553.0,14073
198,196,197,562.0,9252198,553.0,14073,548.0,75607
199,197,198,553.0,1736185,548.0,75607,551.0,80831
200,198,199,548.0,1648973,551.0,80831,521.0,26296
201,199,200,551.0,1843553,521.0,26296,527.0,119781
202,200,201,521.0,1694592,527.0,119781,496.0,268832
203,201,202,527.0,1814365,496.0,268832,478.0,232684
204,202,203,496.0,8072152,478.0,232684,478.0,844709
205,203,204,478.0,8036004,478.0,844709,411.0,18546
206,204,205,478.0,8880713,411.0,18546,411.0,28414
207,205,206,411.0,1925170,411.0,28414,411.0,28414
208,206,207,411.0,1953584,411.0,28414,411.0,28414
209,207,208,411.0,1981998,411.0,28414,411.0,28397
210,208,209,411.0,2010412,411.0,28397,411.0,28414
211,209,210,411.0,2038809,411.0,28414,411.0,28414
212,210,211,411.0,2067223,411.0,28414,411.0,28414
213,211,212,411.0,2095637,411.0,28414,401.0,7664
214,212,213,411.0,2124051,401.0,7664,401.0,29010
215,213,214,401.0,1914288,401.0,29010,401.0,29010
216,214,215,401.0,1943298,401.0,29010,401.0,29010
217,215,216,401.0,1972308,401.0,29010,401.0,29010
218,216,217,401.0,2001318,401.0,29010,401.0,29010
219,217,218,401.0,2030328,401.0,29010,401.0,29010
220,218,219,401.0,2059338,401.0,29010,407.0,145000
221,219,220,401.0,2088348,407.0,145000,350.0,92812
222,220,221,407.0,10586730,350.0,92812,562.0,625077
223,221,222,350.0,9625932,562.0,625077,549.0,203188
224,222,223,562.0,11110837,549.0,203188,551.0,80836
225,223,224,549.0,9121268,551.0,80836,552.0,82132
226,224,225,551.0,2030922,552.0,82132,529.0,72848
227,225,226,552.0,2145823,529.0,72848,527.0,119754
228,226,227,529.0,2040976,527.0,119754,496.0,700572
229,227,228,527.0,2096934,496.0,700572,482.0,120257
230,228,229,496.0,9618652,482.0,120257,411.0,636
231,229,230,482.0,2088385,411.0,636,411.0,28414
232,230,231,411.0,2145588,411.0,28414,411.0,28414
233,231,232,411.0,2174002,411.0,28414,416.0,28423
234,232,233,411.0,2202416,416.0,28423,411.0,28404
235,233,234,416.0,2230787,411.0,28404,411.0,28414
236,234,235,411.0,2259226,411.0,28414,411.0,28414
237,235,236,411.0,2287640,411.0,28414,411.0,28414
238,236,237,411.0,2316054,411.0,28414,411.0,28397
239,237,238,411.0,2344468,411.0,28397,401.0,18382
240,238,239,411.0,2372865,401.0,18382,401.0,29010
241,239,240,401.0,2163334,401.0,29010,401.0,29010
242,240,241,401.0,2192344,401.0,29010,401.0,29010
243,241,242,401.0,2221354,401.0,29010,401.0,29010
244,242,243,401.0,2250364,401.0,29010,407.0,145073
245,243,244,401.0,2279374,407.0,145073,407.0,144962
246,244,245,407.0,11541913,407.0,144962,406.0,28993
247,245,246,407.0,11686875,406.0,28993,350.0,794692
248,246,247,406.0,2366367,350.0,794692,562.0,1172941
249,247,248,350.0,11519452,562.0,1172941,551.0,73329
250,248,249,562.0,12969421,551.0,73329,552.0,82117
251,249,250,551.0,2218281,552.0,82117,553.0,83416
252,250,251,552.0,2336194,553.0,83416,527.0,114796
253,251,252,553.0,2456728,527.0,114796,528.0,121705
254,252,253,527.0,2259748,528.0,121705,470.0,1271
255,253,254,528.0,2417929,470.0,1271,464.0,90291
256,254,255,470.0,1039151,464.0,90291,411.0,11139
257,255,256,464.0,1164100,411.0,11139,411.0,28414
258,256,257,411.0,2394419,411.0,28414,417.0,142242
259,257,258,411.0,2422833,417.0,142242,411.0,28411
260,258,259,417.0,12256112,411.0,28411,411.0,28414
261,259,260,411.0,2479643,411.0,28414,411.0,28414
262,260,261,411.0,2508057,411.0,28414,417.0,142097
263,261,262,411.0,2536471,417.0,142097,411.0,28403
264,262,263,417.0,12824197,411.0,28403,401.0,89
265,263,264,411.0,2593281,401.0,89,401.0,29010
266,264,265,401.0,2383369,401.0,29010,401.0,29010
267,265,266,401.0,2412379,401.0,29010,401.0,29010
268,266,267,401.0,2441389,401.0,29010,401.0,29010
269,267,268,401.0,2470399,401.0,29010,407.0,145018
270,268,269,401.0,2499409,407.0,145018,407.0,144962
271,269,270,407.0,12642048,407.0,144962,406.0,28993
272,270,271,407.0,12787010,406.0,28993,401.0,29011
273,271,272,406.0,2586394,401.0,29011,562.0,238032
274,272,273,401.0,2615465,562.0,238032,551.0,22362
275,273,274,562.0,13345232,551.0,22362,552.0,82108
276,274,275,551.0,2405642,552.0,82108,553.0,83409
277,275,276,552.0,2526571,553.0,83409,527.0,39283
278,276,277,553.0,2650129,527.0,39283,528.0,121714
279,277,278,527.0,2422563,528.0,121714,506.0,6601
280,278,279,528.0,2583376,506.0,6601,478.0,324342
281,279,280,506.0,198801,478.0,324342,390.0,50635
282,280,281,478.0,11471942,390.0,50635,417.0,107925
283,281,282,390.0,2672243,417.0,107925,411.0,28399
284,282,283,417.0,13215965,411.0,28399,411.0,28414
285,283,284,411.0,2671645,411.0,28414,411.0,28414
286,284,285,411.0,2700059,411.0,28414,411.0,28414
287,285,286,411.0,2728473,411.0,28414,415.0,28442
288,286,287,411.0,2756887,415.0,28442,411.0,28409
289,287,288,415.0,2785272,411.0,28409,411.0,28414
290,288,289,411.0,2813697,411.0,28414,401.0,10806
291,289,290,411.0,2842111,401.0,10806,401.0,29010
292,290,291,401.0,2632414,401.0,29010,401.0,29010
293,291,292,401.0,2661424,401.0,29010,407.0,145073
294,292,293,401.0,2690434,407.0,145073,407.0,144962
295,293,294,407.0,13597213,407.0,144962,406.0,28993
296,294,295,407.0,13742175,406.0,28993,401.0,29014
297,295,296,406.0,2777427,401.0,29014,401.0,29010
298,296,297,401.0,2806490,401.0,29010,350.0,298810
299,297,298,401.0,2835500,350.0,298810,562.0,785872
300,298,299,350.0,13406850,562.0,785872,538.0,52258
301,299,300,562.0,15203792,538.0,52258,549.0,378160
302,300,301,538.0,2673866,549.0,378160,549.0,377908
303,301,302,549.0,12884700,549.0,377908,528.0,84911
304,302,303,549.0,13262608,528.0,84911,521.0,119738
305,303,304,528.0,2748803,521.0,119738,506.0,14208
306,304,305,521.0,2824922,506.0,14208,474.0,127305
307,305,306,506.0,225628,474.0,127305,417.0,18443
308,306,307,474.0,2579777,417.0,18443,411.0,28405
309,307,308,417.0,14318123,411.0,28405,411.0,28414
310,308,309,411.0,2892061,411.0,28414,411.0,28414
311,309,310,411.0,2920475,411.0,28414,417.0,141990
312,310,311,411.0,2948889,417.0,141990,411.0,28397
313,311,312,417.0,14886210,411.0,28397,411.0,28414
314,312,313,411.0,3005699,411.0,28414,411.0,28414
315,313,314,411.0,3034113,411.0,28414,411.0,28414
316,314,315,411.0,3062527,411.0,28414,401.0,21523
317,315,316,411.0,3090941,401.0,21523,401.0,29010
318,316,317,401.0,2881459,401.0,29010,407.0,145018
319,317,318,401.0,2910469,407.0,145018,407.0,144962
320,318,319,407.0,14697348,407.0,144962,406.0,28993
321,319,320,407.0,14842310,406.0,28993,401.0,29011
322,320,321,406.0,2997454,401.0,29011,401.0,29010
323,321,322,401.0,3026525,401.0,29010,401.0,29010
324,322,323,401.0,3055535,401.0,29010,350.0,1000681
325,323,324,401.0,3084545,350.0,1000681,538.0,1280
326,324,325,350.0,15300361,538.0,1280,549.0,378131
327,325,326,538.0,2861216,549.0,378131,549.0,377909
328,326,327,549.0,13761051,549.0,377909,528.0,8177
329,327,328,549.0,14138960,528.0,8177,521.0,119738
330,328,329,528.0,2914241,521.0,119738,516.0,1825
331,329,330,521.0,2987734,516.0,1825,464.0,11103
332,330,331,516.0,232465,464.0,11103,457.0,90280
333,331,332,464.0,1441071,457.0,90280,411.0,14214
334,332,333,457.0,1531377,411.0,14214,411.0,28414
335,333,334,411.0,3112478,411.0,28414,411.0,28414
336,334,335,411.0,3140892,411.0,28414,416.0,28423
337,335,336,411.0,3169306,416.0,28423,411.0,28404
338,336,337,416.0,3197677,411.0,28404,411.0,28414
339,337,338,411.0,3226116,411.0,28414,411.0,28414
340,338,339,411.0,3254530,411.0,28414,411.0,28414
341,339,340,411.0,3282944,411.0,28414,401.0,3231
342,340,341,411.0,3311358,401.0,3231,401.0,29010
343,341,342,401.0,3101495,401.0,29010,406.0,28996
344,342,343,401.0,3130505,406.0,28996,407.0,144961
345,343,344,406.0,3159500,407.0,144961,401.0,29015
346,344,345,407.0,15942461,401.0,29015,401.0,29010
347,345,346,401.0,3217551,401.0,29010,401.0,29010
348,346,347,401.0,3246561,401.0,29010,401.0,29010
349,347,348,401.0,3275571,401.0,29010,401.0,29010
350,348,349,401.0,3304581,401.0,29010,562.0,398841
351,349,350,401.0,3333591,562.0,398841,549.0,145556
352,350,351,562.0,17438201,549.0,145556,549.0,377909
353,351,352,549.0,14637436,549.0,377909,551.0,80797
354,352,353,549.0,15015345,551.0,80797,521.0,52299
355,353,354,551.0,3291033,521.0,52299,529.0,123600
356,354,355,521.0,3150563,529.0,123600,511.0,9181
357,355,356,529.0,3375824,511.0,9181,478.0,415920
358,356,357,511.0,259041,478.0,415920,390.0,135888
359,357,358,478.0,14907800,390.0,135888,411.0,24717
360,358,359,390.0,3472480,411.0,24717,411.0,28414
361,359,360,411.0,3361309,411.0,28414,417.0,142242
362,360,361,411.0,3389723,417.0,142242,411.0,28411
363,361,362,417.0,17090562,411.0,28411,411.0,28414
364,362,363,411.0,3446533,411.0,28414,411.0,28414
365,363,364,411.0,3474947,411.0,28414,417.0,142097
366,364,365,411.0,3503361,417.0,142097,411.0,28403
367,365,366,417.0,17658647,411.0,28403,406.0,13942
368,366,367,411.0,3560171,406.0,13942,407.0,144961
369,367,368,406.0,3350534,407.0,144961,407.0,144962
370,368,369,407.0,16897631,407.0,144962,401.0,29012
371,369,370,407.0,17042593,401.0,29012,401.0,29010
372,370,371,401.0,3437586,401.0,29010,401.0,29010
373,371,372,401.0,3466596,401.0,29010,401.0,29010
374,372,373,401.0,3495606,401.0,29010,401.0,29010
375,373,374,401.0,3524616,401.0,29010,350.0,504826
376,374,375,401.0,3553626,350.0,504826,562.0,946681
377,375,376,350.0,17187786,562.0,946681,551.0,61004
378,376,377,562.0,19296761,551.0,61004,551.0,80792
379,377,378,551.0,3397596,551.0,80792,553.0,83444
380,378,379,551.0,3478388,553.0,83444,529.0,99659
381,379,380,553.0,3674100,529.0,99659,527.0,119752
382,380,381,529.0,3543883,527.0,119752,496.0,952993
383,381,382,527.0,3552878,496.0,952993,478.0,728112
384,382,383,496.0,16559633,478.0,728112,411.0,6805
385,383,384,478.0,16334752,411.0,6805,416.0,28405
386,384,385,411.0,3581725,416.0,28405,411.0,28399
387,385,386,416.0,3610083,411.0,28399,411.0,28414
388,386,387,411.0,3638535,411.0,28414,411.0,28414
389,387,388,411.0,3666949,411.0,28414,411.0,28414
390,388,389,411.0,3695363,411.0,28414,416.0,28441
391,389,390,411.0,3723777,416.0,28441,411.0,28409
392,390,391,416.0,3752161,411.0,28409,411.0,28414
393,391,392,411.0,3780587,411.0,28414,406.0,24635
394,392,393,411.0,3809001,406.0,24635,401.0,29016
395,393,394,406.0,3599555,401.0,29016,401.0,29010
396,394,395,401.0,3628612,401.0,29010,401.0,29010
397,395,396,401.0,3657622,401.0,29010,401.0,29010
398,396,397,401.0,3686632,401.0,29010,401.0,29010
399,397,398,401.0,3715642,401.0,29010,401.0,29010
400,398,399,401.0,3744652,401.0,29010,401.0,29010
401,399,400,401.0,3773662,401.0,29010,562.0,11794
402,400,401,401.0,3802672,562.0,11794,551.0,10041
403,401,402,562.0,19672594,551.0,10041,551.0,80792
404,402,403,551.0,3584961,551.0,80792,553.0,83447
405,403,404,551.0,3665753,553.0,83447,529.0,21723
406,404,405,553.0,3867511,529.0,21723,527.0,119759
407,405,406,529.0,3711963,527.0,119759,496.0,216383
408,406,407,527.0,3715697,496.0,216383,464.0,20899
409,407,408,496.0,16937783,464.0,20899,457.0,90280
410,408,409,464.0,1808359,457.0,90280,416.0,17270
411,409,410,457.0,1898665,416.0,17270,411.0,28406
412,410,411,416.0,3830518,411.0,28406,411.0,28414
413,411,412,411.0,3858952,411.0,28414,411.0,28414
414,412,413,411.0,3887366,411.0,28414,417.0,142006
415,413,414,411.0,3915780,417.0,142006,411.0,28398
416,414,415,417.0,19720676,411.0,28398,411.0,28414
417,415,416,411.0,3972590,411.0,28414,411.0,28414
418,416,417,411.0,4001004,411.0,28414,407.0,31686
419,417,418,411.0,4029418,407.0,31686,401.0,29014
420,418,419,407.0,19097926,401.0,29014,401.0,29010
421,419,420,401.0,3848648,401.0,29010,401.0,29010
422,420,421,401.0,3877658,401.0,29010,401.0,29010
423,421,422,401.0,3906668,401.0,29010,401.0,29010
424,422,423,401.0,3935678,401.0,29010,401.0,29010
425,423,424,401.0,3964688,401.0,29010,401.0,29010
426,424,425,401.0,3993698,401.0,29010,350.0,9023
427,425,426,401.0,4022708,350.0,9023,562.0,559675
428,426,427,350.0,19075263,562.0,559675,541.0,644
429,427,428,562.0,21531195,541.0,644,553.0,83440
430,428,429,541.0,62148,553.0,83440,549.0,378017
431,429,430,553.0,4060912,549.0,378017,527.0,65265
432,430,431,549.0,18778807,527.0,65265,527.0,119747
433,431,432,527.0,3878513,527.0,119747,496.0,648096
434,432,433,527.0,3998260,496.0,648096,478.0,507539
435,433,434,496.0,18484256,478.0,507539,390.0,221158
436,434,435,478.0,18343699,390.0,221158,411.0,27793
437,435,436,390.0,4272734,411.0,27793,411.0,28414
438,436,437,411.0,4079369,411.0,28414,411.0,28414
439,437,438,411.0,4107783,411.0,28414,417.0,142135
440,438,439,411.0,4136197,417.0,142135,411.0,28405
441,439,440,417.0,20822855,411.0,28405,411.0,28414
442,440,441,411.0,4193007,411.0,28414,411.0,28414
443,441,442,411.0,4221421,411.0,28414,417.0,141990
444,442,443,411.0,4249835,417.0,141990,401.0,17108
445,443,444,417.0,21390940,401.0,17108,401.0,29010
446,444,445,401.0,4068684,401.0,29010,401.0,29010
447,445,446,401.0,4097694,401.0,29010,401.0,29010
448,446,447,401.0,4126704,401.0,29010,401.0,29010
449,447,448,401.0,4155714,401.0,29010,401.0,29010
450,448,449,401.0,4184724,401.0,29010,401.0,29010
451,449,450,401.0,4213734,401.0,29010,401.0,29010
452,450,451,401.0,4242744,401.0,29010,350.0,710946
453,451,452,401.0,4271754,350.0,710946,562.0,1107572
454,452,453,350.0,20968826,562.0,1107572,553.0,72051
455,453,454,562.0,23389812,553.0,72051,549.0,378023
456,454,455,553.0,4254323,549.0,378023,551.0,80828
457,455,456,549.0,19655193,551.0,80828,527.0,109503
458,456,457,551.0,4283002,527.0,109503,521.0,119772
459,457,458,527.0,4161079,521.0,119772,496.0,1079819
460,458,459,521.0,4280902,496.0,1079819,478.0,819791
461,459,460,496.0,20030739,478.0,819791,411.0,9883
462,460,461,478.0,19770711,411.0,9883,411.0,28414
463,461,462,411.0,4299787,411.0,28414,411.0,28414
464,462,463,411.0,4328201,411.0,28414,417.0,142279
465,463,464,411.0,4356615,417.0,142279,411.0,28413
466,464,465,417.0,21925049,411.0,28413,411.0,28414
467,465,466,411.0,4413425,411.0,28414,411.0,28414
468,466,467,411.0,4441839,411.0,28414,417.0,142134
469,467,468,411.0,4470253,417.0,142134,411.0,28405
470,468,469,417.0,22493134,411.0,28405,401.0,27826
471,469,470,411.0,4527063,401.0,27826,401.0,29010
472,470,471,401.0,4317730,401.0,29010,401.0,29010
473,471,472,401.0,4346740,401.0,29010,401.0,29010
474,472,473,401.0,4375750,401.0,29010,401.0,29010
475,473,474,401.0,4404760,401.0,29010,401.0,29010
476,474,475,401.0,4433770,401.0,29010,401.0,29010
477,475,476,401.0,4462780,401.0,29010,401.0,29010
478,476,477,401.0,4491790,401.0,29010,562.0,172685
479,477,478,401.0,4520800,562.0,172685,553.0,19445
480,478,479,562.0,23765645,553.0,19445,549.0,378027
481,479,480,553.0,4447733,549.0,378027,551.0,80829
482,480,481,549.0,20531577,551.0,80829,527.0,33994
483,481,482,551.0,4470367,527.0,33994,528.0,121657
484,482,483,527.0,4323898,528.0,121657,496.0,343209
485,483,484,528.0,4515340,496.0,343209,464.0,30711
486,484,485,496.0,20408889,464.0,30711,390.0,15991
487,485,486,464.0,2175663,390.0,15991,411.0,20386
488,486,487,390.0,4544223,411.0,20386,416.0,28416
489,487,488,411.0,4548618,416.0,28416,411.0,28402
490,488,489,416.0,4576984,411.0,28402,411.0,28414
491,489,490,411.0,4605428,411.0,28414,411.0,28414
492,490,491,411.0,4633842,411.0,28414,411.0,28414
493,491,492,411.0,4662256,411.0,28414,416.0,28452
494,492,493,411.0,4690670,416.0,28452,411.0,28412
495,493,494,416.0,4719062,411.0,28412,401.0,9534
496,494,495,411.0,4747480,401.0,9534,401.0,29010
497,495,496,401.0,4537766,401.0,29010,401.0,29010
498,496,497,401.0,4566776,401.0,29010,401.0,29010
499,497,498,401.0,4595786,401.0,29010,401.0,29010
500,498,499,401.0,4624796,401.0,29010,401.0,29010
501,499,500,401.0,4653806,401.0,29010,401.0,29010
502,500,501,401.0,4682816,401.0,29010,401.0,29010
503,501,502,401.0,4711826,401.0,29010,350.0,215143
504,502,503,401.0,4740836,350.0,215143,562.0,720565
505,503,504,350.0,22856303,562.0,720565,549.0,227508
506,504,505,562.0,25624245,549.0,227508,551.0,80827
507,505,506,549.0,21407948,551.0,80827,552.0,82105
508,506,507,551.0,4657729,552.0,82105,528.0,79523
509,507,508,552.0,4814980,528.0,79523,529.0,123640
510,508,509,528.0,4680791,529.0,123640,496.0,774919
511,509,510,529.0,4878776,496.0,774919,478.0,599213
512,510,511,496.0,21955359,478.0,599213,411.0,2475
513,511,512,478.0,21779653,411.0,2475,416.0,28441
514,512,513,411.0,4769035,416.0,28441,411.0,28409
515,513,514,416.0,4797419,411.0,28409,411.0,28414
516,514,515,411.0,4825845,411.0,28414,411.0,28414
517,515,516,411.0,4854259,411.0,28414,415.0,28413
518,516,517,411.0,4882673,415.0,28413,411.0,28401
519,517,518,415.0,4911037,411.0,28401,411.0,28414
520,518,519,411.0,4939483,411.0,28414,411.0,28414
521,519,520,411.0,4967897,411.0,28414,401.0,20252
522,520,521,411.0,4996311,401.0,20252,401.0,29010
523,521,522,401.0,4786812,401.0,29010,401.0,29010
524,522,523,401.0,4815822,401.0,29010,401.0,29010
525,523,524,401.0,4844832,401.0,29010,401.0,29010
526,524,525,401.0,4873842,401.0,29010,401.0,29010
527,525,526,401.0,4902852,401.0,29010,401.0,29010
528,526,527,401.0,4931862,401.0,29010,406.0,29007
529,527,528,401.0,4960872,406.0,29007,350.0,917043
530,528,529,406.0,4989875,350.0,917043,562.0,1268445
531,529,530,350.0,24749843,562.0,1268445,551.0,78531
532,530,531,562.0,27482845,551.0,78531,552.0,82099
533,531,532,551.0,4845091,552.0,82099,528.0,2802
534,532,533,552.0,5005360,528.0,2802,521.0,119724
535,533,534,528.0,4846242,521.0,119724,496.0,38299
536,534,535,521.0,4889074,496.0,38299,483.0,14769
537,535,536,496.0,22333499,483.0,14769,478.0,844749
538,536,537,483.0,4935089,478.0,844749,411.0,12960
539,537,538,478.0,23206649,411.0,12960,411.0,28414
540,538,539,411.0,5017848,411.0,28414,411.0,28414
541,539,540,411.0,5046262,411.0,28414,411.0,28414
542,540,541,411.0,5074676,411.0,28414,417.0,142188
543,541,542,411.0,5103090,417.0,142188,411.0,28408
544,542,543,417.0,25657358,411.0,28408,411.0,28414
545,543,544,411.0,5159900,411.0,28414,411.0,28414
546,544,545,411.0,5188314,411.0,28414,401.0,1960
547,545,546,411.0,5216728,401.0,1960,401.0,29010
548,546,547,401.0,5006848,401.0,29010,401.0,29010
549,547,548,401.0,5035858,401.0,29010,401.0,29010
550,548,549,401.0,5064868,401.0,29010,401.0,29010
551,549,550,401.0,5093878,401.0,29010,401.0,29010
552,550,551,401.0,5122888,401.0,29010,401.0,29010
553,551,552,401.0,5151898,401.0,29010,407.0,145000
554,552,553,401.0,5180908,407.0,145000,406.0,28993
555,553,554,407.0,26049530,406.0,28993,562.0,333540
556,554,555,406.0,5238898,562.0,333540,551.0,27565
557,555,556,562.0,27858660,551.0,27565,552.0,82092
558,556,557,551.0,5032453,552.0,82092,553.0,83398
559,557,558,552.0,5195739,553.0,83398,521.0,47007
560,558,559,553.0,5361670,521.0,47007,527.0,119782
561,559,560,521.0,5051895,527.0,119782,496.0,470010
562,560,561,527.0,5171666,496.0,470010,464.0,40508
563,561,562,496.0,23879970,464.0,40508,390.0,101271
564,562,563,464.0,2542952,390.0,101271,411.0,23463
565,563,564,390.0,5344487,411.0,23463,411.0,28414
566,564,565,411.0,5266679,411.0,28414,417.0,141990
567,565,566,411.0,5295093,417.0,141990,411.0,28397
568,566,567,417.0,26617230,411.0,28397,411.0,28414
569,567,568,411.0,5351903,411.0,28414,411.0,28414
570,568,569,411.0,5380317,411.0,28414,411.0,28414
571,569,570,411.0,5408731,411.0,28414,416.0,28434
572,570,571,411.0,5437145,416.0,28434,401.0,12678
573,571,572,416.0,5465524,401.0,12678,401.0,29010
574,572,573,401.0,5255894,401.0,29010,401.0,29010
575,573,574,401.0,5284904,401.0,29010,401.0,29010
576,574,575,401.0,5313914,401.0,29010,401.0,29010
577,575,576,401.0,5342924,401.0,29010,407.0,145073
578,576,577,401.0,5371934,407.0,145073,407.0,144962
579,577,578,407.0,27004713,407.0,144962,406.0,28993
580,578,579,407.0,27149675,406.0,28993,350.0,421196
581,579,580,406.0,5458927,350.0,421196,562.0,881403
582,580,581,350.0,26637276,562.0,881403,538.0,57464
583,581,582,562.0,29717243,538.0,57464,549.0,378156
584,582,583,538.0,5300680,549.0,378156,549.0,377909
585,583,584,549.0,25171416,549.0,377909,527.0,91263
586,584,585,549.0,25549325,527.0,91263,527.0,119747
587,585,586,527.0,5334479,527.0,119747,496.0,901710
588,586,587,527.0,5454226,496.0,901710,478.0,690839
589,587,588,496.0,25426430,478.0,690839,411.0,5551
590,588,589,478.0,25215559,411.0,5551,411.0,28414
591,589,590,411.0,5487095,411.0,28414,417.0,142097
592,590,591,411.0,5515509,417.0,142097,411.0,28403
593,591,592,417.0,27719387,411.0,28403,411.0,28414
594,592,593,411.0,5572319,411.0,28414,411.0,28414
595,593,594,411.0,5600733,411.0,28414,411.0,28414
596,594,595,411.0,5629147,411.0,28414,417.0,142279
597,595,596,411.0,5657561,417.0,142279,411.0,28413
598,596,597,417.0,28429779,411.0,28413,401.0,23395
599,597,598,411.0,5714371,401.0,23395,401.0,29010
600,598,599,401.0,5504939,401.0,29010,401.0,29010
601,599,600,401.0,5533949,401.0,29010,401.0,29010
602,600,601,401.0,5562959,401.0,29010,407.0,145017
603,601,602,401.0,5591969,407.0,145017,407.0,144962
604,602,603,407.0,28104847,407.0,144962,406.0,28993
605,603,604,407.0,28249809,406.0,28993,401.0,29011
606,604,605,406.0,5678954,401.0,29011,350.0,1123091
607,605,606,401.0,5708025,350.0,1123091,538.0,6493
608,606,607,350.0,28530811,538.0,6493,549.0,378141
609,607,608,538.0,5488037,549.0,378141,549.0,377909
610,608,609,549.0,26047781,549.0,377909,529.0,16259
611,609,610,549.0,26425690,529.0,16259,527.0,119748
612,610,611,529.0,5674627,527.0,119748,496.0,165077
613,611,612,527.0,5617040,496.0,165077,476.0,2730
614,612,613,496.0,25804557,476.0,2730,478.0,844716
615,613,614,476.0,444790,478.0,844716,411.0,16053
616,614,615,478.0,26642536,411.0,16053,415.0,28442
617,615,616,411.0,5735925,415.0,28442,411.0,28409
618,616,617,415.0,5764310,411.0,28409,411.0,28414
619,617,618,411.0,5792735,411.0,28414,411.0,28414
620,618,619,411.0,5821149,411.0,28414,416.0,28412
621,619,620,411.0,5849563,416.0,28412,411.0,28401
622,620,621,416.0,5877926,411.0,28401,411.0,28414
623,621,622,411.0,5906373,411.0,28414,401.0,5101
624,622,623,411.0,5934787,401.0,5101,401.0,29010
625,623,624,401.0,5724973,401.0,29010,401.0,29010
626,624,625,401.0,5753983,401.0,29010,406.0,29011
627,625,626,401.0,5782993,406.0,29011,407.0,144961
628,626,627,406.0,5811999,407.0,144961,407.0,144962
629,627,628,407.0,29204956,407.0,144962,401.0,29013
630,628,629,407.0,29349918,401.0,29013,401.0,29010
631,629,630,401.0,5899049,401.0,29010,401.0,29010
632,630,631,401.0,5928059,401.0,29010,561.0,98862
633,631,632,401.0,5957069,561.0,98862,549.0,169861
634,632,633,561.0,6390318,549.0,169861,551.0,80841
635,633,634,549.0,26924101,551.0,80841,552.0,82147
636,634,635,551.0,5837045,552.0,82147,527.0,59973
637,635,636,552.0,6013345,527.0,59973,528.0,121660
638,636,637,527.0,5779845,528.0,121660,496.0,596737
639,637,638,528.0,5994772,496.0,596737,457.0,50284
640,638,639,496.0,27350977,457.0,50284,390.0,186503
641,639,640,457.0,2910220,390.0,186503,411.0,26537
642,640,641,390.0,6144703,411.0,26537,411.0,28414
643,641,642,411.0,5984737,411.0,28414,411.0,28414
644,642,643,411.0,6013151,411.0,28414,411.0,28414
645,643,644,411.0,6041565,411.0,28414,416.0,28434
646,644,645,411.0,6069979,416.0,28434,411.0,28407
647,645,646,416.0,6098358,411.0,28407,411.0,28414
648,646,647,411.0,6126789,411.0,28414,411.0,28414
649,647,648,411.0,6155203,411.0,28414,401.0,15818
650,648,649,411.0,6183617,401.0,15818,401.0,29010
651,649,650,401.0,5974018,401.0,29010,407.0,145000
652,650,651,401.0,6003028,407.0,145000,406.0,28993
653,651,652,407.0,30160130,406.0,28993,401.0,29016
654,652,653,406.0,6061018,401.0,29016,401.0,29010
655,653,654,401.0,6090074,401.0,29010,401.0,29010
656,654,655,401.0,6119084,401.0,29010,401.0,29010
657,655,656,401.0,6148094,401.0,29010,350.0,627133
658,656,657,401.0,6177104,350.0,627133,561.0,208430
659,657,658,350.0,30418133,561.0,208430,551.0,66200
660,658,659,561.0,6762030,551.0,66200,552.0,82120
661,659,660,551.0,6024400,552.0,82120,553.0,83418
662,660,661,552.0,6203704,553.0,83418,521.0,104284
663,661,662,553.0,6385626,521.0,104284,529.0,123628
664,662,663,521.0,6062484,529.0,123628,496.0,1028417
665,663,664,529.0,6381676,496.0,1028417,470.0,80945
666,664,665,496.0,28897417,470.0,80945,411.0,8626
667,665,666,470.0,2963945,411.0,8626,411.0,28414
668,666,667,411.0,6205154,411.0,28414,411.0,28414
669,667,668,411.0,6233568,411.0,28414,411.0,28414
670,668,669,411.0,6261982,411.0,28414,411.0,28397
671,669,670,411.0,6290396,411.0,28397,411.0,28414
672,670,671,411.0,6318793,411.0,28414,411.0,28414
673,671,672,411.0,6347207,411.0,28414,411.0,28414
674,672,673,411.0,6375621,411.0,28414,416.0,28434
675,673,674,411.0,6404035,416.0,28434,401.0,26537
676,674,675,416.0,6432414,401.0,26537,406.0,28996
677,675,676,401.0,6223065,406.0,28996,407.0,144962
678,676,677,406.0,6252060,407.0,144962,401.0,29015
679,677,678,407.0,31405262,401.0,29015,401.0,29010
680,678,679,401.0,6310111,401.0,29010,401.0,29010
681,679,680,401.0,6339121,401.0,29010,401.0,29010
682,680,681,401.0,6368131,401.0,29010,401.0,29010
683,681,682,401.0,6397141,401.0,29010,562.0,107303
684,682,683,401.0,6426151,562.0,107303,551.0,15244
685,683,684,562.0,34186023,551.0,15244,552.0,82144
686,684,685,551.0,6211772,552.0,82144,553.0,83435
687,685,686,552.0,6394114,553.0,83435,528.0,29211
688,686,687,553.0,6579051,528.0,29211,521.0,119732
689,687,688,528.0,6325683,521.0,119732,496.0,291839
690,688,689,521.0,6345028,496.0,291839,478.0,249930
691,689,690,496.0,29275599,478.0,249930,478.0,844709
692,690,691,478.0,29233690,478.0,844709,411.0,19129
693,691,692,478.0,30078399,411.0,19129,411.0,28414
694,692,693,411.0,6453985,411.0,28414,417.0,142097
695,693,694,411.0,6482399,417.0,142097,411.0,28403
696,694,695,417.0,32553837,411.0,28403,411.0,28414
697,695,696,411.0,6539209,411.0,28414,411.0,28414
698,696,697,411.0,6567623,411.0,28414,411.0,28414
699,697,698,411.0,6596037,411.0,28414,417.0,142279
700,698,699,411.0,6624451,417.0,142279,407.0,41184
701,699,700,417.0,33264229,407.0,41184,406.0,28993
702,700,701,407.0,32215464,406.0,28993,407.0,144961
703,701,702,406.0,6472085,407.0,144961,401.0,29011
704,702,703,407.0,32505386,401.0,29011,401.0,29010
705,703,704,401.0,6530145,401.0,29010,401.0,29010
706,704,705,401.0,6559155,401.0,29010,401.0,29010
707,705,706,401.0,6588165,401.0,29010,401.0,29010
708,706,707,401.0,6617175,401.0,29010,350.0,131278
709,707,708,401.0,6646185,350.0,131278,562.0,655102
710,708,709,350.0,32305558,562.0,655102,552.0,45803
711,709,710,562.0,36044542,552.0,45803,553.0,83397
712,710,711,552.0,6584447,553.0,83397,549.0,377927
713,711,712,553.0,6772421,549.0,377927,529.0,75378
714,712,713,549.0,31065437,529.0,75378,527.0,119770
715,713,714,529.0,6717810,527.0,119770,496.0,723480
716,714,715,527.0,6627600,496.0,723480,483.0,124077
717,715,716,496.0,30822000,483.0,124077,411.0,1216
718,716,717,483.0,6766509,411.0,1216,411.0,28414
719,717,718,411.0,6674400,411.0,28414,417.0,142188
720,718,719,411.0,6702814,417.0,142188,411.0,28408
721,719,720,417.0,33655978,411.0,28408,411.0,28414
722,720,721,411.0,6759624,411.0,28414,411.0,28414
723,721,722,411.0,6788038,411.0,28414,417.0,142043
724,722,723,411.0,6816452,417.0,142043,411.0,28400
725,723,724,417.0,34224063,411.0,28400,411.0,28414
726,724,725,411.0,6873262,411.0,28414,407.0,94625
727,725,726,411.0,6901676,407.0,94625,401.0,29014
728,726,727,407.0,33460545,401.0,29014,401.0,29010
729,727,728,401.0,6721170,401.0,29010,401.0,29010
730,728,729,401.0,6750180,401.0,29010,401.0,29010
731,729,730,401.0,6779190,401.0,29010,401.0,29010
732,730,731,401.0,6808200,401.0,29010,401.0,29010
733,731,732,401.0,6837210,401.0,29010,401.0,29010
734,732,733,401.0,6866220,401.0,29010,350.0,833150
735,733,734,401.0,6895230,350.0,833150,561.0,240592
736,734,735,350.0,34199070,561.0,240592,549.0,350602
737,735,736,561.0,7580624,549.0,350602,545.0,75582
738,736,737,549.0,31563882,545.0,75582,551.0,80800
739,737,738,545.0,6388359,551.0,80800,527.0,117228
740,738,739,551.0,6909790,527.0,117228,527.0,119747
741,739,740,527.0,6790412,527.0,119747,470.0,3033
742,740,741,527.0,6910159,470.0,3033,464.0,90282
743,741,742,470.0,3231993,464.0,90282,411.0,11718
744,742,743,464.0,3430036,411.0,11718,411.0,28397
745,743,744,411.0,6923230,411.0,28397,411.0,28414
746,744,745,411.0,6951627,411.0,28414,411.0,28414
747,745,746,411.0,6980041,411.0,28414,411.0,28414
748,746,747,411.0,7008455,411.0,28414,416.0,28434
749,747,748,411.0,7036869,416.0,28434,411.0,28407
750,748,749,416.0,7065248,411.0,28407,411.0,28414
751,749,750,411.0,7093679,411.0,28414,406.0,627
752,750,751,411.0,7122093,406.0,627,401.0,29012
753,751,752,406.0,6912139,401.0,29012,401.0,29010
754,752,753,401.0,6941206,401.0,29010,401.0,29010
755,753,754,401.0,6970216,401.0,29010,401.0,29010
756,754,755,401.0,6999226,401.0,29010,401.0,29010
757,755,756,401.0,7028236,401.0,29010,401.0,29010
758,756,757,401.0,7057246,401.0,29010,401.0,29010
759,757,758,401.0,7086256,401.0,29010,401.0,29010
760,758,759,401.0,7115266,401.0,29010,562.0,268073
761,759,760,401.0,7144276,562.0,268073,549.0,112227
762,760,761,562.0,38278953,549.0,112227,545.0,75582
763,761,762,549.0,32440267,545.0,75582,551.0,80802
764,762,763,545.0,6563636,551.0,80802,527.0,41721
765,763,764,551.0,7097156,527.0,41721,527.0,119747
766,764,765,527.0,6953233,527.0,119747,496.0,418573
767,765,766,527.0,7072980,496.0,418573,478.0,341470
768,766,767,496.0,32746613,478.0,341470,390.0,66565
769,767,768,478.0,32669510,390.0,66565,411.0,22204
770,768,769,390.0,7216405,411.0,22204,411.0,28414
771,769,770,411.0,7172044,411.0,28414,411.0,28414
772,770,771,411.0,7200458,411.0,28414,411.0,28414
773,771,772,411.0,7228872,411.0,28414,411.0,28397
774,772,773,411.0,7257286,411.0,28397,411.0,28414
775,773,774,411.0,7285683,411.0,28414,411.0,28414
776,774,775,411.0,7314097,411.0,28414,411.0,28414
777,775,776,411.0,7342511,411.0,28414,401.0,11404
778,776,777,411.0,7370925,401.0,11404,401.0,29010
779,777,778,401.0,7161244,401.0,29010,401.0,29010
780,778,779,401.0,7190254,401.0,29010,401.0,29010
781,779,780,401.0,7219264,401.0,29010,401.0,29010
782,780,781,401.0,7248274,401.0,29010,401.0,29010
783,781,782,401.0,7277284,401.0,29010,401.0,29010
784,782,783,401.0,7306294,401.0,29010,401.0,29010
785,783,784,401.0,7335304,401.0,29010,350.0,337450
786,784,785,401.0,7364314,350.0,337450,562.0,816033
787,785,786,350.0,36086650,562.0,816033,549.0,251812
788,786,787,562.0,40137633,549.0,251812,551.0,80814
789,787,788,549.0,33694612,551.0,80814,538.0,80831
790,788,789,551.0,7284532,538.0,80831,527.0,85970
791,789,790,538.0,7365397,527.0,85970,527.0,119747
792,790,791,527.0,7235810,527.0,119747,496.0,850350
793,791,792,527.0,7355557,496.0,850350,457.0,69886
794,792,793,496.0,34293150,457.0,69886,411.0,4295
795,793,794,457.0,3644806,411.0,4295,411.0,28414
796,794,795,411.0,7392463,411.0,28414,411.0,28414
797,795,796,411.0,7420877,411.0,28414,417.0,142134
798,796,797,411.0,7449291,417.0,142134,411.0,28405
799,797,798,417.0,37388324,411.0,28405,411.0,28414
800,798,799,411.0,7506101,411.0,28414,411.0,28414
801,799,800,411.0,7534515,411.0,28414,417.0,141990
802,800,801,411.0,7562929,417.0,141990,411.0,28397
803,801,802,417.0,37956410,411.0,28397,401.0,22122
804,802,803,411.0,7619739,401.0,22122,401.0,29010
805,803,804,401.0,7410290,401.0,29010,401.0,29010
806,804,805,401.0,7439300,401.0,29010,401.0,29010
807,805,806,401.0,7468310,401.0,29010,401.0,29010
808,806,807,401.0,7497320,401.0,29010,401.0,29010
809,807,808,401.0,7526330,401.0,29010,401.0,29010
810,808,809,401.0,7555340,401.0,29010,401.0,29010
811,809,810,401.0,7584350,401.0,29010,350.0,1039373
812,810,811,401.0,7613360,350.0,1039373,549.0,13437
813,811,812,350.0,37980213,549.0,13437,551.0,80815
814,812,813,549.0,34570997,551.0,80815,538.0,80833
815,813,814,551.0,7471897,538.0,80833,527.0,10461
816,814,815,538.0,7552763,527.0,10461,527.0,119747
817,815,816,527.0,7398629,527.0,119747,496.0,113740
818,816,817,527.0,7518376,496.0,113740,478.0,120993
819,817,818,496.0,34671300,478.0,120993,478.0,844709
820,818,819,478.0,34678553,478.0,844709,411.0,14798
821,819,820,478.0,35523262,411.0,14798,411.0,28414
822,820,821,411.0,7641294,411.0,28414,416.0,28452
823,821,822,411.0,7669708,416.0,28452,411.0,28412
824,822,823,416.0,7698100,411.0,28412,411.0,28414
825,823,824,411.0,7726518,411.0,28414,411.0,28414
826,824,825,411.0,7754932,411.0,28414,416.0,28423
827,825,826,411.0,7783346,416.0,28423,411.0,28404
828,826,827,416.0,7811717,411.0,28404,401.0,3830
829,827,828,411.0,7840156,401.0,3830,401.0,29010
830,828,829,401.0,7630326,401.0,29010,401.0,29010
831,829,830,401.0,7659336,401.0,29010,401.0,29010
832,830,831,401.0,7688346,401.0,29010,401.0,29010
833,831,832,401.0,7717356,401.0,29010,401.0,29010
834,832,833,401.0,7746366,401.0,29010,401.0,29010
835,833,834,401.0,7775376,401.0,29010,401.0,29010
836,834,835,401.0,7804386,401.0,29010,407.0,145073
837,835,836,401.0,7833396,407.0,145073,561.0,85805
838,836,837,407.0,39312023,561.0,85805,551.0,32763
839,837,838,561.0,8474413,551.0,32763,538.0,80829
840,838,839,551.0,7659259,538.0,80829,549.0,378137
841,839,840,538.0,7740123,549.0,378137,527.0,54696
842,840,841,549.0,36581737,527.0,54696,521.0,119774
843,841,842,527.0,7681192,521.0,119774,496.0,545450
844,842,843,521.0,7801016,496.0,545450,478.0,433226
845,843,844,496.0,36217770,478.0,433226,390.0,151893
846,844,845,478.0,36105546,390.0,151893,417.0,126247
847,845,846,390.0,8016717,417.0,126247,411.0,28401
848,846,847,417.0,39450367,411.0,28401,411.0,28414
849,847,848,411.0,7918521,411.0,28414,411.0,28414
850,848,849,411.0,7946935,411.0,28414,411.0,28414
851,849,850,411.0,7975349,411.0,28414,417.0,142242
852,850,851,411.0,8003763,417.0,142242,411.0,28411
853,851,852,417.0,40160762,411.0,28411,411.0,28414
854,852,853,411.0,8060573,411.0,28414,401.0,14548
855,853,854,411.0,8088987,401.0,14548,401.0,29010
856,854,855,401.0,7879372,401.0,29010,401.0,29010
857,855,856,401.0,7908382,401.0,29010,401.0,29010
858,856,857,401.0,7937392,401.0,29010,401.0,29010
859,857,858,401.0,7966402,401.0,29010,401.0,29010
860,858,859,401.0,7995412,401.0,29010,401.0,29010
861,859,860,401.0,8024422,401.0,29010,405.0,29008
862,860,861,401.0,8053432,405.0,29008,350.0,543548
863,861,862,405.0,8082436,350.0,543548,562.0,976906
864,862,863,350.0,39867668,562.0,976906,538.0,62658
865,863,864,562.0,44230666,538.0,62658,549.0,378127
866,864,865,538.0,7927482,549.0,378127,545.0,75582
867,865,866,549.0,37458107,545.0,75582,521.0,99011
868,866,867,545.0,7567204,521.0,99011,529.0,123625
869,867,868,521.0,7963835,529.0,123625,496.0,977155
870,868,869,529.0,8344361,496.0,977155,457.0,79685
871,869,870,496.0,37764235,457.0,79685,417.0,36782
872,870,871,457.0,4012097,417.0,36782,411.0,28408
873,871,872,417.0,40552542,411.0,28408,411.0,28414
874,872,873,411.0,8138938,411.0,28414,411.0,28414
875,873,874,411.0,8167352,411.0,28414,417.0,142043
876,874,875,411.0,8195766,417.0,142043,411.0,28400
877,875,876,417.0,41120633,411.0,28400,411.0,28414
878,876,877,411.0,8252576,411.0,28414,411.0,28414
879,877,878,411.0,8280990,411.0,28414,411.0,28414
880,878,879,411.0,8309404,411.0,28414,401.0,25266
881,879,880,411.0,8337818,401.0,25266,401.0,29010
882,880,881,401.0,8128418,401.0,29010,401.0,29010
883,881,882,401.0,8157428,401.0,29010,401.0,29010
884,882,883,401.0,8186438,401.0,29010,401.0,29010
885,883,884,401.0,8215448,401.0,29010,401.0,29010
886,884,885,401.0,8244458,401.0,29010,407.0,145000
887,885,886,401.0,8273468,407.0,145000,406.0,28993
888,886,887,407.0,41512330,406.0,28993,562.0,42001
889,887,888,406.0,8331458,562.0,42001,538.0,11690
890,888,889,562.0,44606481,538.0,11690,549.0,378119
891,889,890,538.0,8114842,549.0,378119,550.0,6519
892,890,891,549.0,38334479,550.0,6519,528.0,23824
893,891,892,550.0,667459,528.0,23824,529.0,123635
894,892,893,528.0,8257672,529.0,123635,496.0,240535
895,893,894,529.0,8512435,496.0,240535,477.0,42525
896,894,895,496.0,38142375,477.0,42525,479.0,14561
897,895,896,477.0,7622893,479.0,14561,411.0,17875
898,896,897,479.0,671711,411.0,17875,411.0,28414
899,897,898,411.0,8359355,411.0,28414,411.0,28414
900,898,899,411.0,8387769,411.0,28414,416.0,28434
901,899,900,411.0,8416183,416.0,28434,411.0,28407
902,900,901,416.0,8444562,411.0,28407,411.0,28414
903,901,902,411.0,8472993,411.0,28414,411.0,28414
904,902,903,411.0,8501407,411.0,28414,416.0,28405
905,903,904,411.0,8529821,416.0,28405,401.0,6973
906,904,905,416.0,8558179,401.0,6973,401.0,29010
907,905,906,401.0,8348453,401.0,29010,401.0,29010
908,906,907,401.0,8377463,401.0,29010,401.0,29010
909,907,908,401.0,8406473,401.0,29010,401.0,29010
910,908,909,401.0,8435483,401.0,29010,406.0,29011
911,909,910,401.0,8464493,406.0,29011,407.0,144961
912,910,911,406.0,8493499,407.0,144961,407.0,144962
913,911,912,407.0,42612456,407.0,144962,350.0,47650
914,912,913,407.0,42757418,350.0,47650,562.0,589825
915,913,914,350.0,41755050,562.0,589825,549.0,194202
916,914,915,562.0,46465025,549.0,194202,551.0,80837
917,915,916,549.0,39210802,551.0,80837,552.0,82135
918,916,917,551.0,8463857,552.0,82135,529.0,69927
919,917,918,552.0,8682517,529.0,69927,527.0,119765
920,918,919,529.0,8680487,527.0,119765,496.0,672201
921,919,920,527.0,8528949,496.0,672201,478.0,524792
922,920,921,496.0,39688801,478.0,524792,390.0,237140
923,921,922,478.0,39541392,390.0,237140,411.0,28376
924,922,923,390.0,8816948,411.0,28376,411.0,28414
925,923,924,411.0,8608184,411.0,28414,416.0,28452
926,924,925,411.0,8636598,416.0,28452,411.0,28412
927,925,926,416.0,8664990,411.0,28412,411.0,28414
928,926,927,411.0,8693408,411.0,28414,411.0,28414
929,927,928,411.0,8721822,411.0,28414,416.0,28423
930,928,929,411.0,8750236,416.0,28423,411.0,28404
931,929,930,416.0,8778607,411.0,28404,401.0,17689
932,930,931,411.0,8807046,401.0,17689,401.0,29010
933,931,932,401.0,8597497,401.0,29010,401.0,29010
934,932,933,401.0,8626507,401.0,29010,401.0,29010
935,933,934,401.0,8655517,401.0,29010,406.0,28996
936,934,935,401.0,8684527,406.0,28996,407.0,144961
937,935,936,406.0,8713522,407.0,144961,401.0,29015
938,936,937,407.0,43712571,401.0,29015,401.0,29010
939,937,938,401.0,8771573,401.0,29010,350.0,749492
940,938,939,401.0,8800583,350.0,749492,562.0,1137660
941,939,940,350.0,43648532,562.0,1137660,551.0,71402
942,940,941,562.0,48323580,551.0,71402,552.0,82102
943,941,942,551.0,8651210,552.0,82102,553.0,83405
944,942,943,552.0,8872870,553.0,83405,527.0,111948
945,943,944,553.0,9097165,527.0,111948,527.0,119747
946,944,945,527.0,8691756,527.0,119747,496.0,1103873
947,945,946,527.0,8811503,496.0,1103873,483.0,184732
948,946,947,496.0,41235233,483.0,184732,411.0,10464
949,947,948,483.0,9041308,411.0,10464,417.0,142043
950,948,949,411.0,8828600,417.0,142043,411.0,28400
951,949,950,417.0,44284803,411.0,28400,411.0,28414
952,950,951,411.0,8885410,411.0,28414,411.0,28414
953,951,952,411.0,8913824,411.0,28414,411.0,28414
954,952,953,411.0,8942238,411.0,28414,417.0,142225
955,953,954,411.0,8970652,417.0,142225,411.0,28410
956,954,955,417.0,44995195,411.0,28410,411.0,28414
957,955,956,411.0,9027462,411.0,28414,401.0,28406
958,956,957,411.0,9055876,401.0,28406,401.0,29010
959,957,958,401.0,8846542,401.0,29010,406.0,29007
960,958,959,401.0,8875552,406.0,29007,407.0,144961
961,959,960,406.0,8904555,407.0,144961,407.0,144962
962,960,961,407.0,44667736,407.0,144962,401.0,29012
963,961,962,407.0,44812698,401.0,29012,401.0,29010
964,962,963,401.0,8991608,401.0,29010,401.0,29010
965,963,964,401.0,9020618,401.0,29010,562.0,202731
966,964,965,401.0,9049628,562.0,202731,551.0,20432
967,965,966,562.0,48699371,551.0,20432,538.0,80844
968,966,967,551.0,8838568,538.0,80844,547.0,6520
969,967,968,538.0,8919440,547.0,6520,527.0,36433
970,968,969,547.0,725825,527.0,36433,527.0,119747
971,969,970,527.0,8854569,527.0,119747,496.0,367236
972,970,971,527.0,8974316,496.0,367236,481.0,1050
973,971,972,496.0,41613356,481.0,1050,390.0,31924
974,972,973,481.0,143278,390.0,31924,417.0,104648
975,973,974,390.0,9088388,417.0,104648,411.0,28407
976,974,975,417.0,45386968,411.0,28407,411.0,28414
977,975,976,411.0,9105827,411.0,28414,411.0,28414
978,976,977,411.0,9134241,411.0,28414,416.0,28405
979,977,978,411.0,9162655,416.0,28405,411.0,28399
980,978,979,416.0,9191013,411.0,28399,411.0,28414
981,979,980,411.0,9219465,411.0,28414,411.0,28414
982,980,981,411.0,9247879,411.0,28414,401.0,10114
983,981,982,411.0,9276293,401.0,10114,401.0,29010
984,982,983,401.0,9066578,401.0,29010,407.0,145000
985,983,984,401.0,9095588,407.0,145000,406.0,28993
986,984,985,407.0,45622930,406.0,28993,401.0,29016
987,985,986,406.0,9153578,401.0,29016,401.0,29010
988,986,987,401.0,9182634,401.0,29010,401.0,29010
989,987,988,401.0,9211644,401.0,29010,401.0,29010
990,988,989,401.0,9240654,401.0,29010,350.0,253637
991,989,990,401.0,9269664,350.0,253637,562.0,750611
992,990,991,350.0,45535957,562.0,750611,538.0,50335
993,991,992,562.0,50557971,538.0,50335,549.0,378158
994,992,993,538.0,9106799,549.0,378158,549.0,377908
995,993,994,549.0,42974228,549.0,377908,527.0,80667
996,994,995,549.0,43352136,527.0,80667,521.0,119759
997,995,996,527.0,9137131,521.0,119759,496.0,798942
998,996,997,521.0,9256947,496.0,798942,478.0,616342
999,997,998,496.0,43159822,478.0,616342,417.0,15183
1000,998,999,478.0,42977222,417.0,15183,411.0,28413
1001,999,1000,417.0,46489143,411.0,28413,411.0,28414
1002,1000,1001,411.0,9326243,411.0,28414,411.0,28414
1003,1001,1002,411.0,9354657,411.0,28414,417.0,142134
1004,1002,1003,411.0,9383071,417.0,142134,411.0,28405
1005,1003,1004,417.0,47057224,411.0,28405,411.0,28414
1006,1004,1005,411.0,9439881,411.0,28414,411.0,28414
1007,1005,1006,411.0,9468295,411.0,28414,417.0,141990
1008,1006,1007,411.0,9496709,417.0,141990,407.0,104121
1009,1007,1008,417.0,47625310,407.0,104121,407.0,144962
1010,1008,1009,407.0,46578081,407.0,144962,407.0,144962
1011,1009,1010,407.0,46723043,407.0,144962,401.0,29012
1012,1010,1011,407.0,46868005,401.0,29012,401.0,29010
1013,1011,1012,401.0,9402668,401.0,29010,401.0,29010
1014,1012,1013,401.0,9431678,401.0,29010,401.0,29010
1015,1013,1014,401.0,9460688,401.0,29010,401.0,29010
1016,1014,1015,401.0,9489698,401.0,29010,350.0,955458
1017,1015,1016,401.0,9518708,350.0,955458,561.0,259686
1018,1016,1017,350.0,47429418,561.0,259686,549.0,374907
1019,1017,1018,561.0,10483302,549.0,374907,551.0,80845
1020,1018,1019,549.0,43850547,551.0,80845,528.0,5286
1021,1019,1020,551.0,9455803,528.0,5286,521.0,119743
1022,1020,1021,528.0,9449994,521.0,119743,496.0,62267
1023,1021,1022,521.0,9419743,496.0,62267,478.0,83787
1024,1022,1023,496.0,43537907,478.0,83787,478.0,844709
1025,1023,1024,478.0,43559427,478.0,844709,411.0,13539
1026,1024,1025,478.0,44404136,411.0,13539,411.0,28414
1027,1025,1026,411.0,9546659,411.0,28414,411.0,28414
1028,1026,1027,411.0,9575073,411.0,28414,417.0,142242
1029,1027,1028,411.0,9603487,417.0,142242,411.0,28411
1030,1028,1029,417.0,48159382,411.0,28411,411.0,28414
1031,1029,1030,411.0,9660297,411.0,28414,411.0,28414
1032,1030,1031,411.0,9688711,411.0,28414,417.0,142097
1033,1031,1032,411.0,9717125,417.0,142097,406.0,2523
1034,1032,1033,417.0,48727467,406.0,2523,407.0,144961
1035,1033,1034,406.0,9535643,407.0,144961,401.0,29015
1036,1034,1035,407.0,47823176,401.0,29015,401.0,29010
1037,1035,1036,401.0,9593693,401.0,29010,401.0,29010
1038,1036,1037,401.0,9622703,401.0,29010,401.0,29010
1039,1037,1038,401.0,9651713,401.0,29010,401.0,29010
1040,1038,1039,401.0,9680723,401.0,29010,401.0,29010
1041,1039,1040,401.0,9709733,401.0,29010,401.0,29010
1042,1040,1041,401.0,9738743,401.0,29010,562.0,363501
1043,1041,1042,401.0,9767753,562.0,363501,549.0,136499
1044,1042,1043,562.0,52792301,549.0,136499,551.0,80838
1045,1043,1044,549.0,44726899,551.0,80838,552.0,82138
1046,1044,1045,551.0,9643160,552.0,82138,521.0,49434
1047,1045,1046,552.0,9880843,521.0,49434,529.0,123588
1048,1046,1047,521.0,9582554,529.0,123588,496.0,493957
1049,1047,1048,529.0,10015300,496.0,493957,457.0,42324
1050,1048,1049,496.0,45084357,457.0,42324,390.0,117152
1051,1049,1050,457.0,4808884,390.0,117152,411.0,24041
1052,1050,1051,390.0,9888600,411.0,24041,416.0,28405
1053,1051,1052,411.0,9795489,416.0,28405,411.0,28399
1054,1052,1053,416.0,9823847,411.0,28399,411.0,28414
1055,1053,1054,411.0,9852299,411.0,28414,411.0,28414
1056,1054,1055,411.0,9880713,411.0,28414,411.0,28414
1057,1055,1056,411.0,9909127,411.0,28414,415.0,28442
1058,1056,1057,411.0,9937541,415.0,28442,411.0,28409
1059,1057,1058,415.0,9965926,411.0,28409,407.0,66074
1060,1058,1059,411.0,9994351,407.0,66074,401.0,29012
1061,1059,1060,407.0,48923314,401.0,29012,401.0,29010
1062,1060,1061,401.0,9813728,401.0,29010,401.0,29010
1063,1061,1062,401.0,9842738,401.0,29010,401.0,29010
1064,1062,1063,401.0,9871748,401.0,29010,401.0,29010
1065,1063,1064,401.0,9900758,401.0,29010,401.0,29010
1066,1064,1065,401.0,9929768,401.0,29010,401.0,29010
1067,1065,1066,401.0,9958778,401.0,29010,350.0,459551
1068,1066,1067,401.0,9987788,350.0,459551,562.0,911341
1069,1067,1068,350.0,49316791,562.0,911341,551.0,59067
1070,1068,1069,562.0,54650861,551.0,59067,552.0,82111
1071,1069,1070,551.0,9830515,552.0,82111,553.0,83411
1072,1070,1071,552.0,10071202,553.0,83411,527.0,93681
1073,1071,1072,553.0,10314515,527.0,93681,527.0,119747
1074,1072,1073,527.0,9865129,527.0,119747,496.0,925639
1075,1073,1074,527.0,9984876,496.0,925639,470.0,73241
1076,1074,1075,496.0,46630799,470.0,73241,411.0,6129
1077,1075,1076,470.0,4801361,411.0,6129,417.0,142135
1078,1076,1077,411.0,10015905,417.0,142135,411.0,28405
1079,1077,1078,417.0,50221395,411.0,28405,411.0,28414
1080,1078,1079,411.0,10072715,411.0,28414,411.0,28414
1081,1079,1080,411.0,10101129,411.0,28414,417.0,141990
1082,1080,1081,411.0,10129543,417.0,141990,411.0,28397
1083,1081,1082,417.0,50789480,411.0,28397,411.0,28414
1084,1082,1083,411.0,10186353,411.0,28414,411.0,28414
1085,1083,1084,411.0,10214767,411.0,28414,401.0,23988
1086,1084,1085,411.0,10243181,401.0,23988,401.0,29010
1087,1085,1086,401.0,10033764,401.0,29010,401.0,29010
1088,1086,1087,401.0,10062774,401.0,29010,401.0,29010
1089,1087,1088,401.0,10091784,401.0,29010,401.0,29010
1090,1088,1089,401.0,10120794,401.0,29010,401.0,29010
1091,1089,1090,401.0,10149804,401.0,29010,401.0,29010
1092,1090,1091,401.0,10178814,401.0,29010,401.0,29010
1093,1091,1092,401.0,10207824,401.0,29010,350.0,1161475
1094,1092,1093,401.0,10236834,350.0,1161475,551.0,8104
1095,1093,1094,350.0,51210355,551.0,8104,552.0,82114
1096,1094,1095,551.0,10017880,552.0,82114,553.0,83414
1097,1095,1096,552.0,10261591,553.0,83414,529.0,18767
1098,1096,1097,553.0,10507926,529.0,18767,527.0,119754
1099,1097,1098,529.0,10351439,527.0,119754,496.0,189033
1100,1098,1099,527.0,10147696,496.0,189033,478.0,175375
1101,1099,1100,496.0,47008953,478.0,175375,478.0,844709
1102,1100,1101,478.0,46995295,478.0,844709,417.0,83054
1103,1101,1102,478.0,47840004,417.0,83054,411.0,28412
1104,1102,1103,417.0,51323574,411.0,28412,411.0,28414
1105,1103,1104,411.0,10293132,411.0,28414,411.0,28414
1106,1104,1105,411.0,10321546,411.0,28414,416.0,28423
1107,1105,1106,411.0,10349960,416.0,28423,411.0,28404
1108,1106,1107,416.0,10378331,411.0,28404,411.0,28414
1109,1107,1108,411.0,10406770,411.0,28414,411.0,28414
1110,1108,1109,411.0,10435184,411.0,28414,401.0,5696
1111,1109,1110,411.0,10463598,401.0,5696,401.0,29010
1112,1110,1111,401.0,10253800,401.0,29010,401.0,29010
1113,1111,1112,401.0,10282810,401.0,29010,401.0,29010
1114,1112,1113,401.0,10311820,401.0,29010,401.0,29010
1115,1113,1114,401.0,10340830,401.0,29010,401.0,29010
1116,1114,1115,401.0,10369840,401.0,29010,401.0,29010
1117,1115,1116,401.0,10398850,401.0,29010,401.0,29010
1118,1116,1117,401.0,10427860,401.0,29010,401.0,29010
1119,1117,1118,401.0,10456870,401.0,29010,562.0,524351
1120,1118,1119,401.0,10485880,562.0,524351,552.0,38583
1121,1119,1120,562.0,56885311,552.0,38583,553.0,83415
1122,1120,1121,552.0,10451979,553.0,83415,549.0,377965
1123,1121,1122,553.0,10701335,549.0,377965,527.0,62410
1124,1122,1123,549.0,48868285,527.0,62410,527.0,119747
1125,1123,1124,527.0,10310514,527.0,119747,496.0,620755
1126,1124,1125,527.0,10430261,496.0,620755,457.0,52119
1127,1125,1126,496.0,48555435,457.0,52119,390.0,202430
1128,1126,1127,457.0,5176171,390.0,202430,411.0,27118
1129,1127,1128,390.0,10688862,411.0,27118,411.0,28414
1130,1128,1129,411.0,10513550,411.0,28414,411.0,28414
1131,1129,1130,411.0,10541964,411.0,28414,416.0,28452
1132,1130,1131,411.0,10570378,416.0,28452,411.0,28412
1133,1131,1132,416.0,10598770,411.0,28412,411.0,28414
1134,1132,1133,411.0,10627188,411.0,28414,411.0,28414
1135,1133,1134,411.0,10655602,411.0,28414,416.0,28423
1136,1134,1135,411.0,10684016,416.0,28423,401.0,16414
1137,1135,1136,416.0,10712387,401.0,16414,401.0,29010
1138,1136,1137,401.0,10502846,401.0,29010,401.0,29010
1139,1137,1138,401.0,10531856,401.0,29010,401.0,29010
1140,1138,1139,401.0,10560866,401.0,29010,401.0,29010
1141,1139,1140,401.0,10589876,401.0,29010,401.0,29010
1142,1140,1141,401.0,10618886,401.0,29010,401.0,29010
1143,1141,1142,401.0,10647896,401.0,29010,401.0,29010
1144,1142,1143,401.0,10676906,401.0,29010,350.0,665671
1145,1143,1144,401.0,10705916,350.0,665671,562.0,1072232
1146,1144,1145,350.0,53097831,562.0,1072232,553.0,70034
1147,1145,1146,562.0,58743912,553.0,70034,549.0,377954
1148,1146,1147,553.0,10894738,549.0,377954,551.0,80813
1149,1147,1148,549.0,49744654,551.0,80813,527.0,106645
1150,1148,1149,551.0,10715921,527.0,106645,521.0,119759
1151,1149,1150,527.0,10593077,521.0,119759,493.0,210494
1152,1150,1151,521.0,10712893,493.0,210494,470.0,82736
1153,1151,1152,493.0,10020382,470.0,82736,411.0,9207
1154,1152,1153,470.0,5156816,411.0,9207,411.0,28414
1155,1153,1154,411.0,10733967,411.0,28414,416.0,28412
1156,1154,1155,411.0,10762381,416.0,28412,411.0,28401
1157,1155,1156,416.0,10790744,411.0,28401,411.0,28414
1158,1156,1157,411.0,10819191,411.0,28414,411.0,28414
1159,1157,1158,411.0,10847605,411.0,28414,411.0,28414
1160,1158,1159,411.0,10876019,411.0,28414,417.0,142242
1161,1159,1160,411.0,10904433,417.0,142242,411.0,28411
1162,1160,1161,417.0,54664112,411.0,28411,401.0,27132
1163,1161,1162,411.0,10961243,401.0,27132,401.0,29010
1164,1162,1163,401.0,10751892,401.0,29010,401.0,29010
1165,1163,1164,401.0,10780902,401.0,29010,401.0,29010
1166,1164,1165,401.0,10809912,401.0,29010,401.0,29010
1167,1165,1166,401.0,10838922,401.0,29010,401.0,29010
1168,1166,1167,401.0,10867932,401.0,29010,401.0,29010
1169,1167,1168,401.0,10896942,401.0,29010,407.0,145000
1170,1168,1169,401.0,10925952,407.0,145000,561.0,27465
1171,1169,1170,407.0,54774750,561.0,27465,553.0,17422
1172,1170,1171,561.0,11823945,553.0,17422,549.0,377946
1173,1171,1172,553.0,11088142,549.0,377946,551.0,80811
1174,1172,1173,549.0,50621026,551.0,80811,527.0,31134
1175,1173,1174,551.0,10903283,527.0,31134,521.0,119770
1176,1174,1175,527.0,10755894,521.0,119770,496.0,315847
1177,1175,1176,521.0,10875716,496.0,315847,478.0,267036
1178,1176,1177,496.0,50480047,478.0,267036,478.0,844709
1179,1177,1178,478.0,50431236,478.0,844709,411.0,19709
1180,1178,1179,478.0,51275945,411.0,19709,416.0,28434
1181,1179,1180,411.0,10982797,416.0,28434,411.0,28407
1182,1180,1181,416.0,11011176,411.0,28407,411.0,28414
1183,1181,1182,411.0,11039607,411.0,28414,411.0,28414
1184,1182,1183,411.0,11068021,411.0,28414,416.0,28405
1185,1183,1184,411.0,11096435,416.0,28405,411.0,28399
1186,1184,1185,416.0,11124793,411.0,28399,411.0,28414
1187,1185,1186,411.0,11153245,411.0,28414,401.0,8839
1188,1186,1187,411.0,11181659,401.0,8839,401.0,29010
1189,1187,1188,401.0,10971927,401.0,29010,401.0,29010
1190,1188,1189,401.0,11000937,401.0,29010,401.0,29010
1191,1189,1190,401.0,11029947,401.0,29010,401.0,29010
1192,1190,1191,401.0,11058957,401.0,29010,401.0,29010
1193,1191,1192,401.0,11087967,401.0,29010,406.0,29011
1194,1192,1193,401.0,11116977,406.0,29011,407.0,144961
1195,1193,1194,406.0,11145983,407.0,144961,350.0,169774
1196,1194,1195,407.0,55874876,350.0,169774,561.0,137030
1197,1195,1196,350.0,54985214,561.0,137030,549.0,218390
1198,1196,1197,561.0,12195654,549.0,218390,551.0,80798
1199,1197,1198,549.0,51497350,551.0,80798,538.0,80796
1200,1198,1199,551.0,11090634,538.0,80796,521.0,75424
1201,1199,1200,538.0,11171480,521.0,75424,529.0,123599
1202,1200,1201,521.0,11038512,529.0,123599,496.0,747504
1203,1201,1202,529.0,11518223,496.0,747504,482.0,127816
1204,1202,1203,496.0,52026464,482.0,127816,411.0,1797
1205,1203,1204,482.0,11444552,411.0,1797,417.0,142279
1206,1204,1205,411.0,11203213,417.0,142279,411.0,28413
1207,1205,1206,417.0,56158039,411.0,28413,411.0,28414
1208,1206,1207,411.0,11260023,411.0,28414,411.0,28414
1209,1207,1208,411.0,11288437,411.0,28414,417.0,142135
1210,1208,1209,411.0,11316851,417.0,142135,411.0,28405
1211,1209,1210,417.0,56726125,411.0,28405,411.0,28414
1212,1210,1211,411.0,11373661,411.0,28414,411.0,28414
1213,1211,1212,411.0,11402075,411.0,28414,401.0,19556
1214,1212,1213,411.0,11430489,401.0,19556,401.0,29010
1215,1213,1214,401.0,11220972,401.0,29010,401.0,29010
1216,1214,1215,401.0,11249982,401.0,29010,401.0,29010
1217,1215,1216,401.0,11278992,401.0,29010,401.0,29010
1218,1216,1217,401.0,11308002,401.0,29010,407.0,145000
1219,1217,1218,401.0,11337012,407.0,145000,406.0,28993
1220,1218,1219,407.0,56830050,406.0,28993,401.0,29016
1221,1219,1220,406.0,11395002,401.0,29016,350.0,871645
1222,1220,1221,401.0,11424058,350.0,871645,562.0,1233008
1223,1221,1222,350.0,56878725,562.0,1233008,551.0,76576
1224,1222,1223,562.0,62836848,551.0,76576,553.0,83453
1225,1223,1224,551.0,11277992,553.0,83453,549.0,378044
1226,1224,1225,553.0,11725309,549.0,378044,529.0,123536
1227,1225,1226,549.0,53508074,529.0,123536,496.0,10865
1228,1226,1227,529.0,11686288,496.0,10865,470.0,4810
1229,1227,1228,496.0,52404585,470.0,4810,464.0,90290
1230,1228,1229,470.0,5424850,464.0,90290,411.0,12282
1231,1229,1230,464.0,5695989,411.0,12282,411.0,28414
1232,1230,1231,411.0,11452026,411.0,28414,411.0,28414
1233,1231,1232,411.0,11480440,411.0,28414,411.0,28414
1234,1232,1233,411.0,11508854,411.0,28414,416.0,28452
1235,1233,1234,411.0,11537268,416.0,28452,411.0,28412
1236,1234,1235,416.0,11565660,411.0,28412,411.0,28414
1237,1235,1236,411.0,11594078,411.0,28414,411.0,28414
1238,1236,1237,411.0,11622492,411.0,28414,401.0,1264
1239,1237,1238,411.0,11650906,401.0,1264,401.0,29010
1240,1238,1239,401.0,11441008,401.0,29010,401.0,29010
1241,1239,1240,401.0,11470018,401.0,29010,401.0,29010
1242,1240,1241,401.0,11499028,401.0,29010,407.0,145073
1243,1241,1242,401.0,11528038,407.0,145073,407.0,144962
1244,1242,1243,407.0,57785233,407.0,144962,406.0,28993
1245,1243,1244,407.0,57930195,406.0,28993,401.0,29014
1246,1244,1245,406.0,11615031,401.0,29014,401.0,29010
1247,1245,1246,401.0,11644094,401.0,29010,561.0,59624
1248,1246,1247,401.0,11673104,561.0,59624,551.0,25613
1249,1247,1248,561.0,12642536,551.0,25613,553.0,83455
1250,1248,1249,551.0,11465357,553.0,83455,549.0,378048
1251,1249,1250,553.0,11918719,549.0,378048,529.0,45600
1252,1250,1251,549.0,54384458,529.0,45600,527.0,119762
1253,1251,1252,529.0,11854368,527.0,119762,496.0,442593
1254,1252,1253,527.0,11603650,496.0,442593,478.0,358594
1255,1253,1254,496.0,53951073,478.0,358594,390.0,82493
1256,1254,1255,478.0,53867074,390.0,82493,411.0,22785
1257,1255,1256,390.0,11760565,411.0,22785,411.0,28414
1258,1256,1257,411.0,11700857,411.0,28414,415.0,28413
1259,1257,1258,411.0,11729271,415.0,28413,411.0,28401
1260,1258,1259,415.0,11757635,411.0,28401,411.0,28414
1261,1259,1260,411.0,11786081,411.0,28414,411.0,28414
1262,1260,1261,411.0,11814495,411.0,28414,411.0,28414
1263,1261,1262,411.0,11842909,411.0,28414,417.0,142242
1264,1262,1263,411.0,11871323,417.0,142242,401.0,11981
1265,1263,1264,417.0,59498562,401.0,11981,401.0,29010
1266,1264,1265,401.0,11690053,401.0,29010,401.0,29010
1267,1265,1266,401.0,11719063,401.0,29010,407.0,145018
1268,1266,1267,401.0,11748073,407.0,145018,407.0,144962
1269,1267,1268,407.0,58885368,407.0,144962,406.0,28993
1270,1268,1269,407.0,59030330,406.0,28993,401.0,29011
1271,1269,1270,406.0,11835058,401.0,29011,401.0,29010
1272,1270,1271,401.0,11864129,401.0,29010,350.0,375790
1273,1271,1272,401.0,11893139,350.0,375790,561.0,169192
1274,1272,1273,350.0,58766150,561.0,169192,553.0,57322
1275,1273,1274,561.0,13014248,553.0,57322,549.0,378004
1276,1274,1275,553.0,12112106,549.0,378004,551.0,80824
1277,1275,1276,549.0,55260794,551.0,80824,527.0,88387
1278,1276,1277,551.0,11895234,527.0,88387,528.0,121714
1279,1277,1278,527.0,11766459,528.0,121714,496.0,874271
1280,1278,1279,528.0,12077980,496.0,874271,451.0,2314
1281,1279,1280,496.0,55497511,451.0,2314,411.0,4873
1282,1280,1281,451.0,190670,411.0,4873,411.0,28414
1283,1281,1282,411.0,11921273,411.0,28414,416.0,28434
1284,1282,1283,411.0,11949687,416.0,28434,411.0,28407
1285,1283,1284,416.0,11978066,411.0,28407,411.0,28414
1286,1284,1285,411.0,12006497,411.0,28414,411.0,28414
1287,1285,1286,411.0,12034911,411.0,28414,416.0,28405
1288,1286,1287,411.0,12063325,416.0,28405,411.0,28399
1289,1287,1288,416.0,12091683,411.0,28399,411.0,28414
1290,1288,1289,411.0,12120135,411.0,28414,401.0,22698
1291,1289,1290,411.0,12148549,401.0,22698,407.0,145073
1292,1290,1291,401.0,11939098,407.0,145073,407.0,144962
1293,1291,1292,407.0,59840533,407.0,144962,406.0,28993
1294,1292,1293,407.0,59985495,406.0,28993,401.0,29014
1295,1293,1294,406.0,12026091,401.0,29014,401.0,29010
1296,1294,1295,401.0,12055154,401.0,29010,401.0,29010
1297,1295,1296,401.0,12084164,401.0,29010,401.0,29010
1298,1296,1297,401.0,12113174,401.0,29010,350.0,1077662
1299,1297,1298,401.0,12142184,350.0,1077662,553.0,4700
1300,1298,1299,350.0,60659662,553.0,4700,549.0,377975
1301,1299,1300,553.0,12305500,549.0,377975,551.0,80817
1302,1300,1301,549.0,56137145,551.0,80817,527.0,12870
1303,1301,1302,551.0,12082591,527.0,12870,528.0,121711
1304,1302,1303,527.0,11929270,528.0,121711,496.0,137625
1305,1303,1304,528.0,12243415,496.0,137625,464.0,14774
1306,1304,1305,496.0,55875625,464.0,14774,457.0,90294
1307,1305,1306,464.0,5972974,457.0,90294,411.0,15375
1308,1306,1307,457.0,6063281,411.0,15375,417.0,142279
1309,1307,1308,411.0,12170103,417.0,142279,411.0,28413
1310,1308,1309,417.0,60992489,411.0,28413,411.0,28414
1311,1309,1310,411.0,12226913,411.0,28414,411.0,28414
1312,1310,1311,411.0,12255327,411.0,28414,417.0,142135
1313,1311,1312,411.0,12283741,417.0,142135,411.0,28405
1314,1312,1313,417.0,61560575,411.0,28405,411.0,28414
1315,1313,1314,411.0,12340551,411.0,28414,401.0,4405
1316,1314,1315,411.0,12368965,401.0,4405,407.0,145018
1317,1315,1316,401.0,12159133,407.0,145018,407.0,144962
1318,1316,1317,407.0,60940668,407.0,144962,406.0,28993
1319,1317,1318,407.0,61085630,406.0,28993,401.0,29011
1320,1318,1319,406.0,12246118,401.0,29011,401.0,29010
1321,1319,1320,401.0,12275189,401.0,29010,401.0,29010
1322,1320,1321,401.0,12304199,401.0,29010,401.0,29010
1323,1321,1322,401.0,12333209,401.0,29010,401.0,29010
1324,1322,1323,401.0,12362219,401.0,29010,561.0,91778
1325,1323,1324,401.0,12391229,561.0,91778,549.0,160738
1326,1324,1325,561.0,13461122,549.0,160738,551.0,80811
1327,1325,1326,549.0,57013498,551.0,80811,538.0,80824
1328,1326,1327,551.0,12269949,538.0,80824,528.0,58081
1329,1327,1328,538.0,12350810,528.0,58081,521.0,119744
1330,1328,1329,528.0,12408853,521.0,119744,496.0,569317
1331,1329,1330,521.0,12331636,496.0,569317,478.0,450119
1332,1330,1331,496.0,57422077,478.0,450119,390.0,167724
1333,1331,1332,478.0,57302879,390.0,167724,411.0,25860
1334,1332,1333,390.0,12560780,411.0,25860,411.0,28414
1335,1333,1334,411.0,12418916,411.0,28414,411.0,28414
1336,1334,1335,411.0,12447330,411.0,28414,411.0,28414
1337,1335,1336,411.0,12475744,411.0,28414,416.0,28452
1338,1336,1337,411.0,12504158,416.0,28452,411.0,28412
1339,1337,1338,416.0,12532550,411.0,28412,411.0,28414
1340,1338,1339,411.0,12560968,411.0,28414,411.0,28414
1341,1339,1340,411.0,12589382,411.0,28414,407.0,75545
1342,1340,1341,411.0,12617796,407.0,75545,406.0,28993
1343,1341,1342,407.0,62040825,406.0,28993,401.0,29015
1344,1342,1343,406.0,12437157,401.0,29015,401.0,29010
1345,1343,1344,401.0,12466215,401.0,29010,401.0,29010
1346,1344,1345,401.0,12495225,401.0,29010,401.0,29010
1347,1345,1346,401.0,12524235,401.0,29010,401.0,29010
1348,1346,1347,401.0,12553245,401.0,29010,401.0,29010
1349,1347,1348,401.0,12582255,401.0,29010,350.0,581807
1350,1348,1349,401.0,12611265,350.0,581807,561.0,201354
1351,1349,1350,350.0,62547087,561.0,201354,551.0,64255
1352,1350,1351,561.0,13832842,551.0,64255,538.0,80820
1353,1351,1352,551.0,12457311,538.0,80820,549.0,378119
1354,1352,1353,538.0,12538170,549.0,378119,521.0,101401
1355,1353,1354,549.0,59024239,521.0,101401,529.0,123598
1356,1354,1355,521.0,12494457,529.0,123598,496.0,1001026
1357,1355,1356,529.0,13021134,496.0,1001026,474.0,152471
1358,1356,1357,496.0,58968546,474.0,152471,411.0,7949
1359,1357,1358,474.0,11745975,411.0,7949,411.0,28414
1360,1358,1359,411.0,12639333,411.0,28414,411.0,28414
1361,1359,1360,411.0,12667747,411.0,28414,416.0,28412
1362,1360,1361,411.0,12696161,416.0,28412,411.0,28401
1363,1361,1362,416.0,12724524,411.0,28401,411.0,28414
1364,1362,1363,411.0,12752971,411.0,28414,411.0,28414
1365,1363,1364,411.0,12781385,411.0,28414,411.0,28414
1366,1364,1365,411.0,12809799,411.0,28414,417.0,142242
1367,1365,1366,411.0,12838213,417.0,142242,407.0,129017
1368,1366,1367,417.0,64333012,407.0,129017,401.0,29013
1369,1367,1368,407.0,63285937,401.0,29013,401.0,29010
1370,1368,1369,401.0,12686251,401.0,29010,401.0,29010
1371,1369,1370,401.0,12715261,401.0,29010,401.0,29010
1372,1370,1371,401.0,12744271,401.0,29010,401.0,29010
1373,1371,1372,401.0,12773281,401.0,29010,401.0,29010
1374,1372,1373,401.0,12802291,401.0,29010,401.0,29010
1375,1373,1374,401.0,12831301,401.0,29010,562.0,71882
1376,1374,1375,401.0,12860311,562.0,71882,551.0,13292
1377,1375,1376,562.0,69540042,551.0,13292,538.0,80822
1378,1376,1377,551.0,12644676,538.0,80822,549.0,378123
1379,1377,1378,538.0,12725536,549.0,378123,521.0,25901
1380,1378,1379,549.0,59900623,521.0,25901,529.0,123614
1381,1379,1380,521.0,12657285,529.0,123614,496.0,264419
1382,1380,1381,529.0,13189214,496.0,264419,464.0,24566
1383,1381,1382,496.0,59346699,464.0,24566,457.0,90290
1384,1382,1383,464.0,6340258,457.0,90290,411.0,18452
1385,1383,1384,457.0,6430565,411.0,18452,411.0,28414
1386,1384,1385,411.0,12888164,411.0,28414,417.0,142188
1387,1385,1386,411.0,12916578,417.0,142188,411.0,28408
1388,1386,1387,417.0,64724798,411.0,28408,411.0,28414
1389,1387,1388,411.0,12973388,411.0,28414,411.0,28414
1390,1388,1389,411.0,13001802,411.0,28414,417.0,142043
1391,1389,1390,411.0,13030216,417.0,142043,411.0,28400
1392,1390,1391,417.0,65292883,411.0,28400,407.0,37524
1393,1391,1392,411.0,13087026,407.0,37524,401.0,29011
1394,1392,1393,407.0,64386084,401.0,29011,401.0,29010
1395,1393,1394,401.0,12906287,401.0,29010,401.0,29010
1396,1394,1395,401.0,12935297,401.0,29010,401.0,29010
1397,1395,1396,401.0,12964307,401.0,29010,401.0,29010
1398,1396,1397,401.0,12993317,401.0,29010,401.0,29010
1399,1397,1398,401.0,13022327,401.0,29010,401.0,29010
1400,1398,1399,401.0,13051337,401.0,29010,350.0,86003
1401,1399,1400,401.0,13080347,350.0,86003,562.0,619762
1402,1400,1401,350.0,64434563,562.0,619762,538.0,43183
1403,1401,1402,562.0,71398642,538.0,43183,549.0,378113
1404,1402,1403,538.0,12912895,549.0,378113,551.0,80848
1405,1403,1404,549.0,60776993,551.0,80848,529.0,72423
1406,1404,1405,551.0,13074560,529.0,72423,527.0,119765
1407,1405,1406,529.0,13357287,527.0,119765,496.0,696130
1408,1406,1407,527.0,13059599,496.0,696130,478.0,541779
1409,1407,1408,496.0,60893170,478.0,541779,411.0,541
1410,1408,1409,478.0,60738819,411.0,541,417.0,141990
1411,1409,1410,411.0,13108581,417.0,141990,411.0,28397
1412,1410,1411,417.0,65684670,411.0,28397,411.0,28414
1413,1411,1412,411.0,13165391,411.0,28414,411.0,28414
1414,1412,1413,411.0,13193805,411.0,28414,411.0,28414
1415,1413,1414,411.0,13222219,411.0,28414,416.0,28434
1416,1414,1415,411.0,13250633,416.0,28434,411.0,28407
1417,1415,1416,416.0,13279012,411.0,28407,411.0,28414
1418,1416,1417,411.0,13307443,411.0,28414,401.0,18283
1419,1417,1418,411.0,13335857,401.0,18283,401.0,29010
1420,1418,1419,401.0,13126323,401.0,29010,401.0,29010
1421,1419,1420,401.0,13155333,401.0,29010,401.0,29010
1422,1420,1421,401.0,13184343,401.0,29010,401.0,29010
1423,1421,1422,401.0,13213353,401.0,29010,401.0,29010
1424,1422,1423,401.0,13242363,401.0,29010,401.0,29010
1425,1423,1424,401.0,13271373,401.0,29010,401.0,29010
1426,1424,1425,401.0,13300383,401.0,29010,350.0,787927
1427,1425,1426,401.0,13329393,350.0,787927,561.0,233532
1428,1426,1427,350.0,66328127,561.0,233532,549.0,341577
1429,1427,1428,561.0,14651452,549.0,341577,550.0,6518
1430,1428,1429,549.0,61653377,550.0,6518,551.0,80793
1431,1429,1430,550.0,1069508,551.0,80793,527.0,114379
1432,1430,1431,551.0,13342717,527.0,114379,527.0,119747
1433,1431,1432,527.0,13222419,527.0,119747,482.0,2052
1434,1432,1433,527.0,13342166,482.0,2052,478.0,844764
1435,1433,1434,482.0,13532932,478.0,844764,417.0,55003
1436,1434,1435,478.0,62165844,417.0,55003,411.0,28404
1437,1435,1436,417.0,66786843,411.0,28404,411.0,28414
1438,1436,1437,411.0,13385808,411.0,28414,411.0,28414
1439,1437,1438,411.0,13414222,411.0,28414,411.0,28414
1440,1438,1439,411.0,13442636,411.0,28414,411.0,28397
1441,1439,1440,411.0,13471050,411.0,28397,411.0,28414
1442,1440,1441,411.0,13499447,411.0,28414,411.0,28414
1443,1441,1442,411.0,13527861,411.0,28414,411.0,28414
1444,1442,1443,411.0,13556275,411.0,28414,401.0,29002
1445,1443,1444,411.0,13584689,401.0,29002,401.0,29010
1446,1444,1445,401.0,13375370,401.0,29010,401.0,29010
1447,1445,1446,401.0,13404380,401.0,29010,401.0,29010
1448,1446,1447,401.0,13433390,401.0,29010,401.0,29010
1449,1447,1448,401.0,13462400,401.0,29010,401.0,29010
1450,1448,1449,401.0,13491410,401.0,29010,401.0,29010
1451,1449,1450,401.0,13520420,401.0,29010,401.0,29010
1452,1450,1451,401.0,13549430,401.0,29010,562.0,232813
1453,1451,1452,401.0,13578440,562.0,232813,549.0,103235
1454,1452,1453,562.0,73633133,549.0,103235,549.0,377908
1455,1453,1454,549.0,62529795,549.0,377908,551.0,80801
1456,1454,1455,549.0,62907703,551.0,80801,529.0,40135
1457,1455,1456,551.0,13530089,529.0,40135,527.0,119750
1458,1456,1457,529.0,13817031,527.0,119750,496.0,391283
1459,1457,1458,527.0,13504992,496.0,391283,470.0,33260
1460,1458,1459,496.0,62817843,470.0,33260,390.0,47869
1461,1459,1460,470.0,6491180,390.0,47869,411.0,21530
1462,1460,1461,390.0,13632565,411.0,21530,411.0,28414
1463,1461,1462,411.0,13606226,411.0,28414,411.0,28414
1464,1462,1463,411.0,13634640,411.0,28414,416.0,28423
1465,1463,1464,411.0,13663054,416.0,28423,411.0,28404
1466,1464,1465,416.0,13691425,411.0,28404,411.0,28414
1467,1465,1466,411.0,13719864,411.0,28414,411.0,28414
1468,1466,1467,411.0,13748278,411.0,28414,411.0,28414
1469,1467,1468,411.0,13776692,411.0,28414,401.0,10710
1470,1468,1469,411.0,13805106,401.0,10710,401.0,29010
1471,1469,1470,401.0,13595406,401.0,29010,401.0,29010
1472,1470,1471,401.0,13624416,401.0,29010,401.0,29010
1473,1471,1472,401.0,13653426,401.0,29010,401.0,29010
1474,1472,1473,401.0,13682436,401.0,29010,401.0,29010
1475,1473,1474,401.0,13711446,401.0,29010,401.0,29010
1476,1474,1475,401.0,13740456,401.0,29010,401.0,29010
1477,1475,1476,401.0,13769466,401.0,29010,350.0,292175
1478,1476,1477,401.0,13798476,350.0,292175,562.0,780693
1479,1477,1478,350.0,68215655,562.0,780693,549.0,242754
1480,1478,1479,562.0,75491733,549.0,242754,551.0,80799
1481,1479,1480,549.0,63784074,551.0,80799,538.0,80798
1482,1480,1481,551.0,13717451,538.0,80798,527.0,83112
1483,1481,1482,538.0,13798298,527.0,83112,528.0,121699
1484,1482,1483,527.0,13667808,528.0,121699,496.0,822993
1485,1483,1484,528.0,14009986,496.0,822993,478.0,633514
1486,1484,1485,496.0,64364313,478.0,633514,411.0,3619
1487,1485,1486,478.0,64174834,411.0,3619,411.0,28414
1488,1486,1487,411.0,13826643,411.0,28414,411.0,28414
1489,1487,1488,411.0,13855057,411.0,28414,417.0,142242
1490,1488,1489,411.0,13883471,417.0,142242,411.0,28411
1491,1489,1490,417.0,69559302,411.0,28411,411.0,28414
1492,1490,1491,411.0,13940281,411.0,28414,411.0,28414
1493,1491,1492,411.0,13968695,411.0,28414,417.0,142097
1494,1492,1493,411.0,13997109,417.0,142097,411.0,28403
1495,1493,1494,417.0,70127387,411.0,28403,401.0,21427
1496,1494,1495,411.0,14053919,401.0,21427,401.0,29010
1497,1495,1496,401.0,13844451,401.0,29010,401.0,29010
1498,1496,1497,401.0,13873461,401.0,29010,401.0,29010
1499,1497,1498,401.0,13902471,401.0,29010,401.0,29010
1500,1498,1499,401.0,13931481,401.0,29010,401.0,29010
1501,1499,1500,401.0,13960491,401.0,29010,401.0,29010
1502,1500,1501,401.0,13989501,401.0,29010,406.0,28996
1503,1501,1502,401.0,14018511,406.0,28996,350.0,994024
1504,1502,1503,406.0,14047506,350.0,994024,551.0,990
1505,1503,1504,350.0,70109144,551.0,990,551.0,80792
1506,1504,1505,551.0,13824014,551.0,80792,553.0,83449
1507,1505,1506,551.0,13904806,553.0,83449,527.0,7594
1508,1506,1507,553.0,14436857,527.0,7594,528.0,121693
1509,1507,1508,527.0,13830618,528.0,121693,496.0,86342
1510,1508,1509,528.0,14175418,496.0,86342,482.0,22294
1511,1509,1510,496.0,64742422,482.0,22294,483.0,186375
1512,1510,1511,482.0,14291222,483.0,186375,411.0,14121
1513,1511,1512,483.0,14477639,411.0,14121,416.0,28405
1514,1512,1513,411.0,14075473,416.0,28405,411.0,28399
1515,1513,1514,416.0,14103831,411.0,28399,411.0,28414
1516,1514,1515,411.0,14132283,411.0,28414,411.0,28414
1517,1515,1516,411.0,14160697,411.0,28414,411.0,28414
1518,1516,1517,411.0,14189111,411.0,28414,416.0,28441
1519,1517,1518,411.0,14217525,416.0,28441,411.0,28409
1520,1518,1519,416.0,14245909,411.0,28409,401.0,3134
1521,1519,1520,411.0,14274335,401.0,3134,401.0,29010
1522,1520,1521,401.0,14064486,401.0,29010,401.0,29010
1523,1521,1522,401.0,14093496,401.0,29010,401.0,29010
1524,1522,1523,401.0,14122506,401.0,29010,401.0,29010
1525,1523,1524,401.0,14151516,401.0,29010,401.0,29010
1526,1524,1525,401.0,14180526,401.0,29010,406.0,29007
1527,1525,1526,401.0,14209536,406.0,29007,407.0,144962
1528,1526,1527,406.0,14238539,407.0,144962,407.0,144962
1529,1527,1528,407.0,71337657,407.0,144962,561.0,78714
1530,1528,1529,407.0,71482619,561.0,78714,552.0,31345
1531,1529,1530,561.0,15545210,552.0,31345,553.0,83420
1532,1530,1531,552.0,14319493,553.0,83420,549.0,377975
1533,1531,1532,553.0,14630236,549.0,377975,528.0,52684
1534,1532,1533,549.0,66671105,528.0,52684,529.0,123640
1535,1533,1534,528.0,14340832,529.0,123640,496.0,517998
1536,1534,1535,529.0,14692152,496.0,517998,464.0,44145
1537,1535,1536,496.0,66288838,464.0,44145,390.0,133095
1538,1536,1537,464.0,7074821,390.0,133095,417.0,122899
1539,1537,1538,390.0,14432775,417.0,122899,411.0,28404
1540,1538,1539,417.0,71621299,411.0,28404,411.0,28414
1541,1539,1540,411.0,14352698,411.0,28414,411.0,28414
1542,1540,1541,411.0,14381112,411.0,28414,411.0,28414
1543,1541,1542,411.0,14409526,411.0,28414,411.0,28397
1544,1542,1543,411.0,14437940,411.0,28397,411.0,28414
1545,1543,1544,411.0,14466337,411.0,28414,411.0,28414
1546,1544,1545,411.0,14494751,411.0,28414,401.0,13851
1547,1545,1546,411.0,14523165,401.0,13851,401.0,29010
1548,1546,1547,401.0,14313531,401.0,29010,401.0,29010
1549,1547,1548,401.0,14342541,401.0,29010,401.0,29010
1550,1548,1549,401.0,14371551,401.0,29010,401.0,29010
1551,1549,1550,401.0,14400561,401.0,29010,406.0,28996
1552,1550,1551,401.0,14429571,406.0,28996,407.0,144962
1553,1551,1552,406.0,14458566,407.0,144962,401.0,29015
1554,1552,1553,407.0,72437792,401.0,29015,350.0,498097
1555,1553,1554,401.0,14516617,350.0,498097,562.0,941430
1556,1554,1555,350.0,71996497,562.0,941430,553.0,62671
1557,1555,1556,562.0,79584630,553.0,62671,549.0,377948
1558,1556,1557,553.0,14823631,549.0,377948,551.0,80811
1559,1557,1558,549.0,67547458,551.0,80811,529.0,99257
1560,1558,1559,551.0,14522037,529.0,99257,527.0,119774
1561,1559,1560,529.0,14860217,527.0,119774,496.0,949695
1562,1560,1561,527.0,14515554,496.0,949695,474.0,145002
1563,1561,1562,496.0,67835295,474.0,145002,417.0,33429
1564,1562,1563,474.0,13522122,417.0,33429,411.0,28411
1565,1563,1564,417.0,72723469,411.0,28411,411.0,28414
1566,1564,1565,411.0,14573115,411.0,28414,411.0,28414
1567,1565,1566,411.0,14601529,411.0,28414,417.0,142097
1568,1566,1567,411.0,14629943,417.0,142097,411.0,28403
1569,1567,1568,417.0,73291557,411.0,28403,411.0,28414
1570,1568,1569,411.0,14686753,411.0,28414,411.0,28414
1571,1569,1570,411.0,14715167,411.0,28414,411.0,28414
1572,1570,1571,411.0,14743581,411.0,28414,401.0,24568
1573,1571,1572,411.0,14771995,401.0,24568,401.0,29010
1574,1572,1573,401.0,14562576,401.0,29010,401.0,29010
1575,1573,1574,401.0,14591586,401.0,29010,406.0,29007
1576,1574,1575,401.0,14620596,406.0,29007,407.0,144962
1577,1575,1576,406.0,14649599,407.0,144962,407.0,144962
1578,1576,1577,407.0,73392957,407.0,144962,401.0,29012
1579,1577,1578,407.0,73537919,401.0,29012,401.0,29010
1580,1578,1579,401.0,14736652,401.0,29010,562.0,6501
1581,1579,1580,401.0,14765662,562.0,6501,553.0,10050
1582,1580,1581,562.0,79960421,553.0,10050,549.0,377921
1583,1581,1582,553.0,15017026,549.0,377921,551.0,80805
1584,1582,1583,549.0,68423811,551.0,80805,529.0,21306
1585,1583,1584,551.0,14709395,529.0,21306,527.0,119774
1586,1584,1585,529.0,15028282,527.0,119774,496.0,213053
1587,1585,1586,527.0,14678366,496.0,213053,478.0,192500
1588,1586,1587,496.0,68213413,478.0,192500,478.0,844709
1589,1587,1588,478.0,68192860,478.0,844709,411.0,17196
1590,1588,1589,478.0,69037569,411.0,17196,411.0,28414
1591,1589,1590,411.0,14793532,411.0,28414,411.0,28414
1592,1590,1591,411.0,14821946,411.0,28414,416.0,28445
1593,1591,1592,411.0,14850360,416.0,28445,411.0,28410
1594,1592,1593,416.0,14878747,411.0,28410,411.0,28414
1595,1593,1594,411.0,14907170,411.0,28414,411.0,28414
1596,1594,1595,411.0,14935584,411.0,28414,417.0,142080
1597,1595,1596,411.0,14963998,417.0,142080,401.0,6276
1598,1596,1597,417.0,74961820,401.0,6276,401.0,29010
1599,1597,1598,401.0,14782612,401.0,29010,401.0,29010
1600,1598,1599,401.0,14811622,401.0,29010,407.0,145000
1601,1599,1600,401.0,14840632,407.0,145000,406.0,28993
1602,1600,1601,407.0,74348150,406.0,28993,401.0,29016
1603,1601,1602,406.0,14898622,401.0,29016,401.0,29010
1604,1602,1603,401.0,14927678,401.0,29010,401.0,29010
1605,1603,1604,401.0,14956688,401.0,29010,350.0,2242
1606,1604,1605,401.0,14985698,350.0,2242,561.0,110876
1607,1605,1606,350.0,73883922,561.0,110876,549.0,185060
1608,1606,1607,561.0,16363804,549.0,185060,551.0,80803
1609,1607,1608,549.0,69300180,551.0,80803,538.0,80807
1610,1608,1609,551.0,14896757,538.0,80807,527.0,64846
1611,1609,1610,538.0,14977609,527.0,64846,527.0,119747
1612,1610,1611,527.0,14841182,527.0,119747,496.0,644766
1613,1611,1612,527.0,14960929,496.0,644766,457.0,53948
1614,1612,1613,496.0,69759886,457.0,53948,390.0,218352
1615,1613,1614,457.0,7442116,390.0,218352,411.0,27698
1616,1614,1615,390.0,15233016,411.0,27698,417.0,142006
1617,1615,1616,411.0,15042362,417.0,142006,411.0,28398
1618,1616,1617,417.0,75353586,411.0,28398,411.0,28414
1619,1617,1618,411.0,15099172,411.0,28414,411.0,28414
1620,1618,1619,411.0,15127586,411.0,28414,411.0,28414
1621,1619,1620,411.0,15156000,411.0,28414,417.0,142188
1622,1620,1621,411.0,15184414,417.0,142188,411.0,28408
1623,1621,1622,417.0,76063978,411.0,28408,401.0,16993
1624,1622,1623,411.0,15241224,401.0,16993,406.0,29011
1625,1623,1624,401.0,15031657,406.0,29011,407.0,144961
1626,1624,1625,406.0,15060663,407.0,144961,407.0,144962
1627,1625,1626,407.0,75448276,407.0,144962,401.0,29013
1628,1626,1627,407.0,75593238,401.0,29013,401.0,29010
1629,1627,1628,401.0,15147713,401.0,29010,401.0,29010
1630,1628,1629,401.0,15176723,401.0,29010,401.0,29010
1631,1629,1630,401.0,15205733,401.0,29010,350.0,704114
1632,1630,1631,401.0,15234743,350.0,704114,562.0,1102240
1633,1631,1632,350.0,75777434,562.0,1102240,551.0,69450
1634,1632,1633,562.0,83677600,551.0,69450,538.0,80792
1635,1633,1634,551.0,15084114,538.0,80792,549.0,378062
1636,1634,1635,538.0,15164958,549.0,378062,527.0,109076
1637,1635,1636,549.0,71310902,527.0,109076,528.0,121657
1638,1636,1637,527.0,15123740,528.0,121657,496.0,1076453
1639,1637,1638,528.0,15489373,496.0,1076453,470.0,84493
1640,1638,1639,496.0,71306333,470.0,84493,411.0,9786
1641,1639,1640,470.0,7349653,411.0,9786,416.0,28423
1642,1640,1641,411.0,15262778,416.0,28423,411.0,28404
1643,1641,1642,416.0,15291149,411.0,28404,411.0,28414
1644,1642,1643,411.0,15319588,411.0,28414,411.0,28414
1645,1643,1644,411.0,15348002,411.0,28414,411.0,28414
1646,1644,1645,411.0,15376416,411.0,28414,411.0,28397
1647,1645,1646,411.0,15404830,411.0,28397,411.0,28414
1648,1646,1647,411.0,15433227,411.0,28414,411.0,28414
1649,1647,1648,411.0,15461641,411.0,28414,406.0,27700
1650,1648,1649,411.0,15490055,406.0,27700,407.0,144962
1651,1649,1650,406.0,15280692,407.0,144962,407.0,144962
1652,1650,1651,407.0,76548422,407.0,144962,401.0,29010
1653,1651,1652,407.0,76693384,401.0,29010,401.0,29010
1654,1652,1653,401.0,15367748,401.0,29010,401.0,29010
1655,1653,1654,401.0,15396758,401.0,29010,401.0,29010
1656,1654,1655,401.0,15425768,401.0,29010,401.0,29010
1657,1655,1656,401.0,15454778,401.0,29010,562.0,167311
1658,1656,1657,401.0,15483788,562.0,167311,551.0,18480
1659,1657,1658,562.0,84053391,551.0,18480,553.0,83449
1660,1658,1659,551.0,15271472,553.0,83449,548.0,75607
1661,1659,1660,553.0,15847609,548.0,75607,527.0,33560
1662,1660,1661,548.0,14437451,527.0,33560,528.0,121657
1663,1661,1662,527.0,15286552,528.0,121657,496.0,339811
1664,1662,1663,528.0,15654811,496.0,339811,478.0,284076
1665,1663,1664,496.0,71684451,478.0,284076,390.0,13142
1666,1664,1665,478.0,71628716,390.0,13142,417.0,101312
1667,1665,1666,390.0,15504462,417.0,101312,411.0,28411
1668,1666,1667,417.0,77557912,411.0,28411,411.0,28414
1669,1667,1668,411.0,15540005,411.0,28414,411.0,28414
1670,1668,1669,411.0,15568419,411.0,28414,417.0,142097
1671,1669,1670,411.0,15596833,417.0,142097,411.0,28403
1672,1670,1671,417.0,78126007,411.0,28403,411.0,28414
1673,1671,1672,411.0,15653643,411.0,28414,411.0,28414
1674,1672,1673,411.0,15682057,411.0,28414,407.0,46994
1675,1673,1674,411.0,15710471,407.0,46994,406.0,28993
1676,1674,1675,407.0,77503594,406.0,28993,401.0,29014
1677,1675,1676,406.0,15529711,401.0,29014,401.0,29010
1678,1676,1677,401.0,15558774,401.0,29010,401.0,29010
1679,1677,1678,401.0,15587784,401.0,29010,401.0,29010
1680,1678,1679,401.0,15616794,401.0,29010,401.0,29010
1681,1679,1680,401.0,15645804,401.0,29010,401.0,29010
1682,1680,1681,401.0,15674814,401.0,29010,350.0,208260
1683,1681,1682,401.0,15703824,350.0,208260,562.0,715191
1684,1682,1683,350.0,77664860,562.0,715191,553.0,49972
1685,1683,1684,562.0,85911991,553.0,49972,549.0,378025
1686,1684,1685,553.0,16041012,549.0,378025,551.0,80829
1687,1685,1686,549.0,73063625,551.0,80829,528.0,79084
1688,1686,1687,551.0,15701357,528.0,79084,529.0,123642
1689,1687,1688,528.0,15820264,529.0,123642,496.0,771526
1690,1688,1689,529.0,16195066,496.0,771526,482.0,131608
1691,1689,1690,496.0,73230926,482.0,131608,411.0,2360
1692,1690,1691,482.0,16122648,411.0,2360,411.0,28414
1693,1691,1692,411.0,15732008,411.0,28414,411.0,28414
1694,1692,1693,411.0,15760422,411.0,28414,411.0,28414
1695,1693,1694,411.0,15788836,411.0,28414,417.0,142225
1696,1694,1695,411.0,15817250,417.0,142225,411.0,28410
1697,1695,1696,417.0,79228185,411.0,28410,411.0,28414
1698,1696,1697,411.0,15874060,411.0,28414,411.0,28414
1699,1697,1698,411.0,15902474,411.0,28414,416.0,28416
1700,1698,1699,411.0,15930888,416.0,28416,407.0,100468
1701,1699,1700,416.0,15959254,407.0,100468,401.0,29012
1702,1700,1701,407.0,78748708,401.0,29012,401.0,29010
1703,1701,1702,401.0,15778810,401.0,29010,401.0,29010
1704,1702,1703,401.0,15807820,401.0,29010,401.0,29010
1705,1703,1704,401.0,15836830,401.0,29010,401.0,29010
1706,1704,1705,401.0,15865840,401.0,29010,401.0,29010
1707,1705,1706,401.0,15894850,401.0,29010,401.0,29010
1708,1706,1707,401.0,15923860,401.0,29010,350.0,910183
1709,1707,1708,401.0,15952870,350.0,910183,561.0,252618
1710,1708,1709,350.0,79558423,561.0,252618,549.0,365850
1711,1709,1710,561.0,17554122,549.0,365850,551.0,80830
1712,1710,1711,549.0,73940010,551.0,80830,528.0,2372
1713,1711,1712,551.0,15888722,528.0,2372,521.0,119732
1714,1712,1713,528.0,15985724,521.0,119732,496.0,34918
1715,1713,1714,521.0,15851736,496.0,34918,479.0,1100
1716,1714,1715,496.0,73609078,479.0,1100,470.0,87372
1717,1715,1716,479.0,1269620,470.0,87372,411.0,12863
1718,1716,1717,470.0,7705092,411.0,12863,411.0,28414
1719,1717,1718,411.0,15980839,411.0,28414,416.0,28405
1720,1718,1719,411.0,16009253,416.0,28405,411.0,28399
1721,1719,1720,416.0,16037611,411.0,28399,411.0,28414
1722,1720,1721,411.0,16066063,411.0,28414,411.0,28414
1723,1721,1722,411.0,16094477,411.0,28414,411.0,28414
1724,1722,1723,411.0,16122891,411.0,28414,416.0,28441
1725,1723,1724,411.0,16151305,416.0,28441,401.0,1860
1726,1724,1725,416.0,16179689,401.0,1860,401.0,29010
1727,1725,1726,401.0,15969836,401.0,29010,401.0,29010
1728,1726,1727,401.0,15998846,401.0,29010,401.0,29010
1729,1727,1728,401.0,16027856,401.0,29010,401.0,29010
1730,1728,1729,401.0,16056866,401.0,29010,401.0,29010
1731,1729,1730,401.0,16085876,401.0,29010,401.0,29010
1732,1730,1731,401.0,16114886,401.0,29010,401.0,29010
1733,1731,1732,401.0,16143896,401.0,29010,401.0,29010
1734,1732,1733,401.0,16172906,401.0,29010,559.0,65641
1735,1733,1734,401.0,16201916,559.0,65641,549.0,127474
1736,1734,1735,559.0,17629289,549.0,127474,551.0,80831
1737,1735,1736,549.0,74816394,551.0,80831,552.0,82117
1738,1736,1737,551.0,16076087,552.0,82117,521.0,46588
1739,1737,1738,552.0,16417513,521.0,46588,529.0,123594
1740,1738,1739,521.0,16014564,529.0,123594,496.0,466643
1741,1739,1740,529.0,16654794,496.0,466643,478.0,375764
1742,1740,1741,496.0,75155563,478.0,375764,390.0,98441
1743,1741,1742,478.0,75064684,390.0,98441,411.0,23366
1744,1742,1743,390.0,16304745,411.0,23366,417.0,142151
1745,1743,1744,411.0,16229670,417.0,142151,411.0,28406
1746,1744,1745,417.0,81290231,411.0,28406,411.0,28414
1747,1745,1746,411.0,16286480,411.0,28414,411.0,28414
1748,1746,1747,411.0,16314894,411.0,28414,417.0,142006
1749,1747,1748,411.0,16343308,417.0,142006,411.0,28398
1750,1748,1749,417.0,81858316,411.0,28398,411.0,28414
1751,1749,1750,411.0,16400118,411.0,28414,401.0,12578
1752,1750,1751,411.0,16428532,401.0,12578,401.0,29010
1753,1751,1752,401.0,16218882,401.0,29010,401.0,29010
1754,1752,1753,401.0,16247892,401.0,29010,401.0,29010
1755,1753,1754,401.0,16276902,401.0,29010,401.0,29010
1756,1754,1755,401.0,16305912,401.0,29010,401.0,29010
1757,1755,1756,401.0,16334922,401.0,29010,401.0,29010
1758,1756,1757,401.0,16363932,401.0,29010,401.0,29010
1759,1757,1758,401.0,16392942,401.0,29010,350.0,414379
1760,1758,1759,401.0,16421952,350.0,414379,562.0,876081
1761,1759,1760,350.0,81445899,562.0,876081,551.0,57144
1762,1760,1761,562.0,90005041,551.0,57144,552.0,82108
1763,1761,1762,551.0,16263448,552.0,82108,553.0,83409
1764,1762,1763,552.0,16607890,553.0,83409,529.0,93776
1765,1763,1764,553.0,16954961,529.0,93776,527.0,119754
1766,1764,1765,529.0,16822864,527.0,119754,496.0,898348
1767,1765,1766,527.0,16416888,496.0,898348,482.0,151862
1768,1766,1767,496.0,76702028,482.0,151862,411.0,5455
1769,1767,1768,482.0,16880950,411.0,5455,417.0,142279
1770,1768,1769,411.0,16450087,417.0,142279,411.0,28413
1771,1769,1770,417.0,82392409,411.0,28413,411.0,28414
1772,1770,1771,411.0,16506897,411.0,28414,411.0,28414
1773,1771,1772,411.0,16535311,411.0,28414,417.0,142134
1774,1772,1773,411.0,16563725,417.0,142134,411.0,28405
1775,1773,1774,417.0,82960494,411.0,28405,411.0,28414
1776,1774,1775,411.0,16620535,411.0,28414,411.0,28414
1777,1775,1776,411.0,16648949,411.0,28414,401.0,23296
1778,1776,1777,411.0,16677363,401.0,23296,401.0,29010
1779,1777,1778,401.0,16467928,401.0,29010,401.0,29010
1780,1778,1779,401.0,16496938,401.0,29010,401.0,29010
1781,1779,1780,401.0,16525948,401.0,29010,401.0,29010
1782,1780,1781,401.0,16554958,401.0,29010,401.0,29010
1783,1781,1782,401.0,16583968,401.0,29010,401.0,29010
1784,1782,1783,401.0,16612978,401.0,29010,401.0,29010
1785,1783,1784,401.0,16641988,401.0,29010,350.0,1116302
1786,1784,1785,401.0,16670998,350.0,1116302,551.0,6181
1787,1785,1786,350.0,83339462,551.0,6181,552.0,82111
1788,1786,1787,551.0,16450813,552.0,82111,553.0,83411
1789,1787,1788,552.0,16798279,553.0,83411,529.0,15840
1790,1788,1789,553.0,17148371,529.0,15840,527.0,119762
1791,1789,1790,529.0,16990944,527.0,119762,496.0,161743
1792,1790,1791,527.0,16579708,496.0,161743,478.0,155186
1793,1791,1792,496.0,77080183,478.0,155186,470.0,87385
1794,1792,1793,478.0,77073626,470.0,87385,411.0,15941
1795,1793,1794,470.0,8060545,411.0,15941,411.0,28414
1796,1794,1795,411.0,16698901,411.0,28414,411.0,28414
1797,1795,1796,411.0,16727315,411.0,28414,411.0,28414
1798,1796,1797,411.0,16755729,411.0,28414,417.0,142279
1799,1797,1798,411.0,16784143,417.0,142279,411.0,28413
1800,1798,1799,417.0,84062689,411.0,28413,411.0,28414
1801,1799,1800,411.0,16840953,411.0,28414,411.0,28414
1802,1800,1801,411.0,16869367,411.0,28414,401.0,5005
1803,1801,1802,411.0,16897781,401.0,5005,401.0,29010
1804,1802,1803,401.0,16687965,401.0,29010,401.0,29010
1805,1803,1804,401.0,16716975,401.0,29010,401.0,29010
1806,1804,1805,401.0,16745985,401.0,29010,401.0,29010
1807,1805,1806,401.0,16774995,401.0,29010,401.0,29010
1808,1806,1807,401.0,16804005,401.0,29010,401.0,29010
1809,1807,1808,401.0,16833015,401.0,29010,401.0,29010
1810,1808,1809,401.0,16862025,401.0,29010,407.0,145018
1811,1809,1810,401.0,16891035,407.0,145018,561.0,97823
1812,1810,1811,407.0,84600178,561.0,97823,552.0,36642
1813,1811,1812,561.0,18447903,552.0,36642,553.0,83423
1814,1812,1813,552.0,16988682,553.0,83423,549.0,377981
1815,1813,1814,553.0,17341791,549.0,377981,527.0,59572
1816,1814,1815,549.0,78957831,527.0,59572,527.0,119747
1817,1815,1816,527.0,16742532,527.0,119747,506.0,10084
1818,1816,1817,527.0,16862279,506.0,10084,478.0,467478
1819,1817,1818,506.0,1355484,478.0,467478,390.0,183751
1820,1818,1819,478.0,78500678,390.0,183751,411.0,26445
1821,1819,1820,390.0,17105039,411.0,26445,411.0,28414
1822,1820,1821,411.0,16947733,411.0,28414,417.0,142097
1823,1821,1822,411.0,16976147,417.0,142097,411.0,28403
1824,1822,1823,417.0,85022577,411.0,28403,411.0,28414
1825,1823,1824,411.0,17032957,411.0,28414,411.0,28414
1826,1824,1825,411.0,17061371,411.0,28414,411.0,28414
1827,1825,1826,411.0,17089785,411.0,28414,417.0,142279
1828,1826,1827,411.0,17118199,417.0,142279,401.0,15723
1829,1827,1828,417.0,85732969,401.0,15723,401.0,29010
1830,1828,1829,401.0,16937011,401.0,29010,401.0,29010
1831,1829,1830,401.0,16966021,401.0,29010,401.0,29010
1832,1830,1831,401.0,16995031,401.0,29010,401.0,29010
1833,1831,1832,401.0,17024041,401.0,29010,401.0,29010
1834,1832,1833,401.0,17053051,401.0,29010,401.0,29010
1835,1833,1834,401.0,17082061,401.0,29010,406.0,28996
1836,1834,1835,401.0,17111071,406.0,28996,350.0,620528
1837,1835,1836,406.0,17140066,350.0,620528,562.0,1036995
1838,1836,1837,350.0,85226968,562.0,1036995,553.0,68058
1839,1837,1838,562.0,94098115,553.0,68058,549.0,377971
1840,1838,1839,553.0,17535194,549.0,377971,551.0,80816
1841,1839,1840,549.0,79834201,551.0,80816,527.0,103806
1842,1840,1841,551.0,17148858,527.0,103806,528.0,121657
1843,1841,1842,527.0,17025094,528.0,121657,501.0,17419
1844,1842,1843,528.0,17421394,501.0,17419,457.0,83358
1845,1843,1844,501.0,1382039,457.0,83358,411.0,8534
1846,1844,1845,457.0,8544002,411.0,8534,411.0,28414
1847,1845,1846,411.0,17168150,411.0,28414,416.0,28445
1848,1846,1847,411.0,17196564,416.0,28445,411.0,28410
1849,1847,1848,416.0,17224951,411.0,28410,411.0,28414
1850,1848,1849,411.0,17253374,411.0,28414,411.0,28414
1851,1849,1850,411.0,17281788,411.0,28414,416.0,28416
1852,1850,1851,411.0,17310202,416.0,28416,411.0,28402
1853,1851,1852,416.0,17338568,411.0,28402,411.0,28414
1854,1852,1853,411.0,17367012,411.0,28414,401.0,26441
1855,1853,1854,411.0,17395426,401.0,26441,401.0,29010
1856,1854,1855,401.0,17186057,401.0,29010,401.0,29010
1857,1855,1856,401.0,17215067,401.0,29010,401.0,29010
1858,1856,1857,401.0,17244077,401.0,29010,401.0,29010
1859,1857,1858,401.0,17273087,401.0,29010,406.0,29011
1860,1858,1859,401.0,17302097,406.0,29011,407.0,144961
1861,1859,1860,406.0,17331103,407.0,144961,407.0,144962
1862,1860,1861,407.0,86800476,407.0,144962,562.0,102073
1863,1861,1862,407.0,86945438,562.0,102073,553.0,15439
1864,1862,1863,562.0,94473913,553.0,15439,549.0,377948
1865,1863,1864,553.0,17728591,549.0,377948,551.0,80811
1866,1864,1865,549.0,80710558,551.0,80811,527.0,28291
1867,1865,1866,551.0,17336217,527.0,28291,528.0,121660
1868,1866,1867,527.0,17187907,528.0,121660,511.0,5039
1869,1867,1868,528.0,17586835,511.0,5039,478.0,246851
1870,1868,1869,511.0,1388879,478.0,246851,479.0,14565
1871,1869,1870,478.0,80509571,479.0,14565,415.0,18977
1872,1870,1871,479.0,1402665,415.0,18977,411.0,28398
1873,1871,1872,415.0,17416921,411.0,28398,411.0,28414
1874,1872,1873,411.0,17445376,411.0,28414,411.0,28414
1875,1873,1874,411.0,17473790,411.0,28414,411.0,28414
1876,1874,1875,411.0,17502204,411.0,28414,417.0,142188
1877,1875,1876,411.0,17530618,417.0,142188,411.0,28408
1878,1876,1877,417.0,87794998,411.0,28408,411.0,28414
1879,1877,1878,411.0,17587428,411.0,28414,401.0,8148
1880,1878,1879,411.0,17615842,401.0,8148,401.0,29010
1881,1879,1880,401.0,17406092,401.0,29010,401.0,29010
1882,1880,1881,401.0,17435102,401.0,29010,401.0,29010
1883,1881,1882,401.0,17464112,401.0,29010,401.0,29010
1884,1882,1883,401.0,17493122,401.0,29010,407.0,145000
1885,1883,1884,401.0,17522132,407.0,145000,406.0,28993
1886,1884,1885,407.0,87755650,406.0,28993,401.0,29016
1887,1885,1886,406.0,17580122,401.0,29016,350.0,124652
1888,1886,1887,401.0,17609178,350.0,124652,561.0,129986
1889,1887,1888,350.0,87114372,561.0,129986,545.0,41887
1890,1888,1889,561.0,19266498,545.0,41887,551.0,80805
1891,1889,1890,545.0,16317383,551.0,80805,538.0,80811
1892,1890,1891,551.0,17523575,538.0,80811,528.0,73718
1893,1891,1892,538.0,17604429,528.0,73718,529.0,123634
1894,1892,1893,528.0,17752274,529.0,123634,511.0,12666
1895,1893,1894,529.0,18157746,511.0,12666,478.0,559058
1896,1894,1895,511.0,1415726,478.0,559058,416.0,1082
1897,1895,1896,478.0,81936538,416.0,1082,411.0,28405
1898,1896,1897,416.0,17637354,411.0,28405,411.0,28414
1899,1897,1898,411.0,17665793,411.0,28414,411.0,28414
1900,1898,1899,411.0,17694207,411.0,28414,417.0,141990
1901,1899,1900,411.0,17722621,417.0,141990,411.0,28397
1902,1900,1901,417.0,88754870,411.0,28397,411.0,28414
1903,1901,1902,411.0,17779431,411.0,28414,411.0,28414
1904,1902,1903,411.0,17807845,411.0,28414,411.0,28414
1905,1903,1904,411.0,17836259,411.0,28414,401.0,18866
1906,1904,1905,411.0,17864673,401.0,18866,401.0,29010
1907,1905,1906,401.0,17655138,401.0,29010,401.0,29010
1908,1906,1907,401.0,17684148,401.0,29010,407.0,145073
1909,1907,1908,401.0,17713158,407.0,145073,407.0,144962
1910,1908,1909,407.0,88710833,407.0,144962,406.0,28993
1911,1909,1910,407.0,88855795,406.0,28993,401.0,29014
1912,1910,1911,406.0,17800151,401.0,29014,401.0,29010
1913,1911,1912,401.0,17829214,401.0,29010,350.0,826576
1914,1912,1913,401.0,17858224,350.0,826576,562.0,1197829
1915,1913,1914,350.0,89007936,562.0,1197829,551.0,74668
1916,1914,1915,562.0,98191109,551.0,74668,538.0,80814
1917,1915,1916,551.0,17710940,538.0,80814,549.0,378107
1918,1916,1917,538.0,17791796,549.0,378107,521.0,116810
1919,1917,1918,549.0,83597667,521.0,116810,527.0,119778
1920,1918,1919,521.0,17753082,527.0,119778,464.0,2836
1921,1919,1920,527.0,17872858,464.0,2836,457.0,90291
1922,1920,1921,464.0,8820972,457.0,90291,411.0,11610
1923,1921,1922,457.0,8911279,411.0,11610,411.0,28414
1924,1922,1923,411.0,17886210,411.0,28414,411.0,28414
1925,1923,1924,411.0,17914624,411.0,28414,416.0,28423
1926,1924,1925,411.0,17943038,416.0,28423,411.0,28404
1927,1925,1926,416.0,17971409,411.0,28404,411.0,28414
1928,1926,1927,411.0,17999848,411.0,28414,411.0,28414
1929,1927,1928,411.0,18028262,411.0,28414,411.0,28414
1930,1928,1929,411.0,18056676,411.0,28414,401.0,574
1931,1929,1930,411.0,18085090,401.0,574,401.0,29010
1932,1930,1931,401.0,17875174,401.0,29010,401.0,29010
1933,1931,1932,401.0,17904184,401.0,29010,405.0,29008
1934,1932,1933,401.0,17933194,405.0,29008,407.0,144962
1935,1933,1934,405.0,17962198,407.0,144962,407.0,144962
1936,1934,1935,407.0,89955947,407.0,144962,401.0,29012
1937,1935,1936,407.0,90100909,401.0,29012,401.0,29010
1938,1936,1937,401.0,18049250,401.0,29010,401.0,29010
1939,1937,1938,401.0,18078260,401.0,29010,561.0,52588
1940,1938,1939,401.0,18107270,561.0,52588,551.0,23705
1941,1939,1940,561.0,19713388,551.0,23705,538.0,80816
1942,1940,1941,551.0,17898305,538.0,80816,549.0,378111
1943,1941,1942,538.0,17979162,549.0,378111,521.0,41310
1944,1942,1943,549.0,84474051,521.0,41310,529.0,123586
1945,1943,1944,521.0,17915910,529.0,123586,496.0,414277
1946,1944,1945,529.0,18617474,496.0,414277,478.0,338508
1947,1945,1946,496.0,84021277,478.0,338508,390.0,63841
1948,1946,1947,478.0,83945508,390.0,63841,411.0,22113
1949,1947,1948,390.0,18176769,411.0,22113,411.0,28414
1950,1948,1949,411.0,18135041,411.0,28414,417.0,142242
1951,1949,1950,411.0,18163455,417.0,142242,411.0,28411
1952,1950,1951,417.0,90959222,411.0,28411,411.0,28414
1953,1951,1952,411.0,18220265,411.0,28414,411.0,28414
1954,1952,1953,411.0,18248679,411.0,28414,417.0,142097
1955,1953,1954,411.0,18277093,417.0,142097,411.0,28403
1956,1954,1955,417.0,91527307,411.0,28403,401.0,11291
1957,1955,1956,411.0,18333903,401.0,11291,401.0,29010
1958,1956,1957,401.0,18124219,401.0,29010,406.0,28996
1959,1957,1958,401.0,18153229,406.0,28996,407.0,144962
1960,1958,1959,406.0,18182224,407.0,144962,401.0,29015
1961,1959,1960,407.0,91056082,401.0,29015,401.0,29010
1962,1960,1961,401.0,18240275,401.0,29010,401.0,29010
1963,1961,1962,401.0,18269285,401.0,29010,401.0,29010
1964,1962,1963,401.0,18298295,401.0,29010,350.0,330721
1965,1963,1964,401.0,18327305,350.0,330721,561.0,162156
1966,1964,1965,350.0,90895361,561.0,162156,538.0,53576
1967,1965,1966,561.0,20085100,538.0,53576,549.0,378066
1968,1966,1967,538.0,18166504,549.0,378066,551.0,80838
1969,1967,1968,549.0,85350386,551.0,80838,527.0,85558
1970,1968,1969,551.0,18328182,527.0,85558,527.0,119747
1971,1969,1970,527.0,18198486,527.0,119747,496.0,845958
1972,1970,1971,527.0,18318233,496.0,845958,478.0,650696
1973,1971,1972,496.0,85567718,478.0,650696,411.0,4201
1974,1972,1973,478.0,85372456,411.0,4201,416.0,28405
1975,1973,1974,411.0,18355457,416.0,28405,411.0,28399
1976,1974,1975,416.0,18383815,411.0,28399,411.0,28414
1977,1975,1976,411.0,18412267,411.0,28414,411.0,28414
1978,1976,1977,411.0,18440681,411.0,28414,411.0,28414
1979,1977,1978,411.0,18469095,411.0,28414,415.0,28442
1980,1978,1979,411.0,18497509,415.0,28442,411.0,28409
1981,1979,1980,415.0,18525894,411.0,28409,411.0,28414
1982,1980,1981,411.0,18554319,411.0,28414,405.0,22002
1983,1981,1982,411.0,18582733,405.0,22002,407.0,144962
1984,1982,1983,405.0,18373258,407.0,144962,407.0,144962
1985,1983,1984,407.0,92011247,407.0,144962,401.0,29012
1986,1984,1985,407.0,92156209,401.0,29012,401.0,29010
1987,1985,1986,401.0,18460310,401.0,29010,401.0,29010
1988,1986,1987,401.0,18489320,401.0,29010,401.0,29010
1989,1987,1988,401.0,18518330,401.0,29010,401.0,29010
1990,1988,1989,401.0,18547340,401.0,29010,350.0,1032593
1991,1989,1990,401.0,18576350,350.0,1032593,553.0,2747
1992,1990,1991,350.0,92788873,553.0,2747,549.0,378040
1993,1991,1992,553.0,18945979,549.0,378040,551.0,80832
1994,1992,1993,549.0,86226740,551.0,80832,527.0,10043
1995,1993,1994,551.0,18515540,527.0,10043,527.0,119747
1996,1994,1995,527.0,18361299,527.0,119747,496.0,109321
1997,1995,1996,527.0,18481046,496.0,109321,457.0,12640
1998,1996,1997,496.0,85945841,457.0,12640,482.0,186420
1999,1997,1998,457.0,9188268,482.0,186420,417.0,73319
2000,1998,1999,482.0,19155764,417.0,73319,411.0,28406
2001,1999,2000,417.0,93021239,411.0,28406,411.0,28414
2002,2000,2001,411.0,18632684,411.0,28414,411.0,28414
2003,2001,2002,411.0,18661098,411.0,28414,417.0,142006
2004,2002,2003,411.0,18689512,417.0,142006,411.0,28398
2005,2003,2004,417.0,93589336,411.0,28398,411.0,28414
2006,2004,2005,411.0,18746322,411.0,28414,411.0,28414
2007,2005,2006,411.0,18774736,411.0,28414,407.0,18518
2008,2006,2007,411.0,18803150,407.0,18518,407.0,144962
2009,2007,2008,407.0,92966438,407.0,144962,401.0,29016
2010,2008,2009,407.0,93111400,401.0,29016,401.0,29010
2011,2009,2010,401.0,18651336,401.0,29010,401.0,29010
2012,2010,2011,401.0,18680346,401.0,29010,401.0,29010
2013,2011,2012,401.0,18709356,401.0,29010,401.0,29010
2014,2012,2013,401.0,18738366,401.0,29010,401.0,29010
2015,2013,2014,401.0,18767376,401.0,29010,401.0,29010
2016,2014,2015,401.0,18796386,401.0,29010,561.0,84750
2017,2015,2016,401.0,18825396,561.0,84750,549.0,151844
2018,2016,2017,561.0,20531982,549.0,151844,551.0,80833
2019,2017,2018,549.0,87103124,551.0,80833,552.0,82123
2020,2018,2019,551.0,18702905,552.0,82123,527.0,54280
2021,2019,2020,552.0,19086703,527.0,54280,528.0,121693
2022,2020,2021,527.0,18643864,528.0,121693,496.0,541040
2023,2021,2022,528.0,19066297,496.0,541040,478.0,430091
2024,2022,2023,496.0,87492320,478.0,430091,390.0,149095
2025,2023,2024,478.0,87381371,390.0,149095,411.0,25189
2026,2024,2025,390.0,18977007,411.0,25189,411.0,28414
2027,2025,2026,411.0,18853101,411.0,28414,411.0,28414
2028,2026,2027,411.0,18881515,411.0,28414,417.0,142135
2029,2027,2028,411.0,18909929,417.0,142135,411.0,28405
2030,2028,2029,417.0,94691515,411.0,28405,411.0,28414
2031,2029,2030,411.0,18966739,411.0,28414,411.0,28414
2032,2030,2031,411.0,18995153,411.0,28414,417.0,141989
2033,2031,2032,411.0,19023567,417.0,141989,405.0,14399
2034,2032,2033,417.0,95259599,405.0,14399,401.0,29014
2035,2033,2034,405.0,18842311,401.0,29014,401.0,29010
2036,2034,2035,401.0,18871372,401.0,29010,401.0,29010
2037,2035,2036,401.0,18900382,401.0,29010,401.0,29010
2038,2036,2037,401.0,18929392,401.0,29010,401.0,29010
2039,2037,2038,401.0,18958402,401.0,29010,401.0,29010
2040,2038,2039,401.0,18987412,401.0,29010,401.0,29010
2041,2039,2040,401.0,19016422,401.0,29010,350.0,536789
2042,2040,2041,401.0,19045432,350.0,536789,561.0,194326
2043,2041,2042,350.0,94676349,561.0,194326,551.0,62355
2044,2042,2043,561.0,20903702,551.0,62355,552.0,82117
2045,2043,2044,551.0,18890267,552.0,82117,553.0,83416
2046,2044,2045,552.0,19277083,553.0,83416,528.0,100161
2047,2045,2046,553.0,19666520,528.0,100161,521.0,119741
2048,2046,2047,528.0,19231749,521.0,119741,496.0,972752
2049,2047,2048,521.0,19046233,496.0,972752,478.0,742327
2050,2048,2049,496.0,89038792,478.0,742327,411.0,7278
2051,2049,2050,478.0,88808367,411.0,7278,411.0,28414
2052,2050,2051,411.0,19073518,411.0,28414,411.0,28414
2053,2051,2052,411.0,19101932,411.0,28414,416.0,28452
2054,2052,2053,411.0,19130346,416.0,28452,411.0,28412
2055,2053,2054,416.0,19158738,411.0,28412,411.0,28414
2056,2054,2055,411.0,19187156,411.0,28414,411.0,28414
2057,2055,2056,411.0,19215570,411.0,28414,416.0,28423
2058,2056,2057,411.0,19243984,416.0,28423,411.0,28404
2059,2057,2058,416.0,19272355,411.0,28404,401.0,25168
2060,2058,2059,411.0,19300794,401.0,25168,401.0,29010
2061,2059,2060,401.0,19091408,401.0,29010,401.0,29010
2062,2060,2061,401.0,19120418,401.0,29010,401.0,29010
2063,2061,2062,401.0,19149428,401.0,29010,401.0,29010
2064,2062,2063,401.0,19178438,401.0,29010,401.0,29010
2065,2063,2064,401.0,19207448,401.0,29010,401.0,29010
2066,2064,2065,401.0,19236458,401.0,29010,401.0,29010
2067,2065,2066,401.0,19265468,401.0,29010,562.0,36743
2068,2066,2067,401.0,19294478,562.0,36743,551.0,11392
2069,2067,2068,562.0,104894343,551.0,11392,552.0,82120
2070,2068,2069,551.0,19077632,552.0,82120,553.0,83418
2071,2069,2070,552.0,19467472,553.0,83418,527.0,23006
2072,2070,2071,553.0,19859930,527.0,23006,521.0,119756
2073,2071,2072,527.0,19089246,521.0,119756,496.0,236142
2074,2072,2073,521.0,19209060,496.0,236142,464.0,22420
2075,2073,2074,496.0,89416942,464.0,22420,457.0,90282
2076,2074,2075,464.0,9555540,457.0,90282,411.0,17781
2077,2075,2076,457.0,9645846,411.0,17781,416.0,28412
2078,2076,2077,411.0,19322349,416.0,28412,411.0,28401
2079,2077,2078,416.0,19350712,411.0,28401,411.0,28414
2080,2078,2079,411.0,19379159,411.0,28414,411.0,28414
2081,2079,2080,411.0,19407573,411.0,28414,411.0,28414
2082,2080,2081,411.0,19435987,411.0,28414,417.0,142242
2083,2081,2082,411.0,19464401,417.0,142242,411.0,28411
2084,2082,2083,417.0,97463952,411.0,28411,401.0,6876
2085,2083,2084,411.0,19521211,401.0,6876,401.0,29010
2086,2084,2085,401.0,19311444,401.0,29010,401.0,29010
2087,2085,2086,401.0,19340454,401.0,29010,401.0,29010
2088,2086,2087,401.0,19369464,401.0,29010,401.0,29010
2089,2087,2088,401.0,19398474,401.0,29010,401.0,29010
2090,2088,2089,401.0,19427484,401.0,29010,401.0,29010
2091,2089,2090,401.0,19456494,401.0,29010,401.0,29010
2092,2090,2091,401.0,19485504,401.0,29010,350.0,40986
2093,2091,2092,401.0,19514514,350.0,40986,562.0,584624
2094,2092,2093,350.0,96563826,562.0,584624,552.0,41918
2095,2093,2094,562.0,106752944,552.0,41918,553.0,83412
2096,2094,2095,552.0,19657850,553.0,83412,549.0,377958
2097,2095,2096,553.0,20053332,549.0,377958,521.0,67312
2098,2096,2097,549.0,91244528,521.0,67312,529.0,123609
2099,2097,2098,521.0,19371880,529.0,123609,496.0,667850
2100,2098,2099,529.0,20120409,496.0,667850,478.0,521746
2101,2099,2100,496.0,90963410,478.0,521746,390.0,234380
2102,2100,2101,478.0,90817306,390.0,234380,416.0,28249
2103,2101,2102,390.0,19777276,416.0,28249,411.0,28408
2104,2102,2103,416.0,19571145,411.0,28408,411.0,28414
2105,2103,2104,411.0,19599576,411.0,28414,411.0,28414
2106,2104,2105,411.0,19627990,411.0,28414,417.0,142043
2107,2105,2106,411.0,19656404,417.0,142043,411.0,28400
2108,2106,2107,417.0,98423823,411.0,28400,411.0,28414
2109,2107,2108,411.0,19713214,411.0,28414,411.0,28414
2110,2108,2109,411.0,19741628,411.0,28414,401.0,17594
2111,2109,2110,411.0,19770042,401.0,17594,401.0,29010
2112,2110,2111,401.0,19560490,401.0,29010,401.0,29010
2113,2111,2112,401.0,19589500,401.0,29010,401.0,29010
2114,2112,2113,401.0,19618510,401.0,29010,401.0,29010
2115,2113,2114,401.0,19647520,401.0,29010,401.0,29010
2116,2114,2115,401.0,19676530,401.0,29010,401.0,29010
2117,2115,2116,401.0,19705540,401.0,29010,401.0,29010
2118,2116,2117,401.0,19734550,401.0,29010,350.0,742909
2119,2117,2118,401.0,19763560,350.0,742909,561.0,226504
2120,2118,2119,350.0,98457389,561.0,226504,553.0,73430
2121,2119,2120,561.0,21722312,553.0,73430,549.0,377963
2122,2120,2121,553.0,20246742,549.0,377963,551.0,80815
2123,2121,2122,549.0,92120913,551.0,80815,529.0,115179
2124,2122,2123,551.0,19775673,529.0,115179,527.0,119767
2125,2123,2124,529.0,20288491,527.0,119767,496.0,1099581
2126,2124,2125,527.0,19774201,496.0,1099581,478.0,834011
2127,2125,2126,496.0,92509901,478.0,834011,411.0,10356
2128,2126,2127,478.0,92244331,411.0,10356,411.0,28414
2129,2127,2128,411.0,19791580,411.0,28414,411.0,28414
2130,2128,2129,411.0,19819994,411.0,28414,411.0,28414
2131,2129,2130,411.0,19848408,411.0,28414,417.0,142188
2132,2130,2131,411.0,19876822,417.0,142188,411.0,28408
2133,2131,2132,417.0,99526018,411.0,28408,411.0,28414
2134,2132,2133,411.0,19933632,411.0,28414,411.0,28414
2135,2133,2134,411.0,19962046,411.0,28414,417.0,142043
2136,2134,2135,411.0,19990460,417.0,142043,401.0,28313
2137,2135,2136,417.0,100094103,401.0,28313,401.0,29010
2138,2136,2137,401.0,19809537,401.0,29010,401.0,29010
2139,2137,2138,401.0,19838547,401.0,29010,401.0,29010
2140,2138,2139,401.0,19867557,401.0,29010,401.0,29010
2141,2139,2140,401.0,19896567,401.0,29010,401.0,29010
2142,2140,2141,401.0,19925577,401.0,29010,401.0,29010
2143,2141,2142,401.0,19954587,401.0,29010,407.0,145055
2144,2142,2143,401.0,19983597,407.0,145055,561.0,39531
2145,2143,2144,407.0,100063015,561.0,39531,553.0,20834
2146,2144,2145,561.0,21797483,553.0,20834,549.0,377988
2147,2145,2146,553.0,20440162,549.0,377988,551.0,80820
2148,2146,2147,549.0,92997318,551.0,80820,521.0,36025
2149,2147,2148,551.0,19963042,521.0,36025,527.0,119778
2150,2148,2149,521.0,19817249,527.0,119778,496.0,362989
2151,2149,2150,527.0,19937024,496.0,362989,470.0,31174
2152,2150,2151,496.0,92888069,470.0,31174,390.0,29230
2153,2151,2152,470.0,9602734,390.0,29230,411.0,20859
2154,2152,2153,390.0,20048782,411.0,20859,411.0,28414
2155,2153,2154,411.0,20040411,411.0,28414,417.0,141989
2156,2154,2155,411.0,20068825,417.0,141989,411.0,28397
2157,2155,2156,417.0,100485889,411.0,28397,411.0,28414
2158,2156,2157,411.0,20125635,411.0,28414,411.0,28414
2159,2157,2158,411.0,20154049,411.0,28414,411.0,28414
2160,2158,2159,411.0,20182463,411.0,28414,416.0,28434
2161,2159,2160,411.0,20210877,416.0,28434,401.0,10021
2162,2160,2161,416.0,20239256,401.0,10021,401.0,29010
2163,2161,2162,401.0,20029573,401.0,29010,401.0,29010
2164,2162,2163,401.0,20058583,401.0,29010,401.0,29010
2165,2163,2164,401.0,20087593,401.0,29010,401.0,29010
2166,2164,2165,401.0,20116603,401.0,29010,401.0,29010
2167,2165,2166,401.0,20145613,401.0,29010,401.0,29010
2168,2166,2167,401.0,20174623,401.0,29010,407.0,145017
2169,2167,2168,401.0,20203633,407.0,145017,350.0,247134
2170,2168,2169,407.0,101163167,350.0,247134,561.0,149107
2171,2169,2170,350.0,100344894,561.0,149107,549.0,233846
2172,2170,2171,561.0,22169203,549.0,233846,551.0,80818
2173,2171,2172,549.0,93873686,551.0,80818,538.0,80840
2174,2172,2173,551.0,20150404,538.0,80840,527.0,80289
2175,2173,2174,538.0,20231274,527.0,80289,527.0,119747
2176,2174,2175,527.0,20099841,527.0,119747,496.0,794707
2177,2175,2176,527.0,20219588,496.0,794707,478.0,613472
2178,2176,2177,496.0,94434547,478.0,613472,411.0,2948
2179,2177,2178,478.0,94253312,411.0,2948,411.0,28414
2180,2178,2179,411.0,20260828,411.0,28414,416.0,28423
2181,2179,2180,411.0,20289242,416.0,28423,411.0,28404
2182,2180,2181,416.0,20317613,411.0,28404,411.0,28414
2183,2181,2182,411.0,20346052,411.0,28414,411.0,28414
2184,2182,2183,411.0,20374466,411.0,28414,411.0,28414
2185,2183,2184,411.0,20402880,411.0,28414,411.0,28397
2186,2184,2185,411.0,20431294,411.0,28397,411.0,28414
2187,2185,2186,411.0,20459691,411.0,28414,401.0,20739
2188,2186,2187,411.0,20488105,401.0,20739,401.0,29010
2189,2187,2188,401.0,20278619,401.0,29010,401.0,29010
2190,2188,2189,401.0,20307629,401.0,29010,401.0,29010
2191,2189,2190,401.0,20336639,401.0,29010,401.0,29010
2192,2190,2191,401.0,20365649,401.0,29010,401.0,29010
2193,2191,2192,401.0,20394659,401.0,29010,406.0,28996
2194,2192,2193,401.0,20423669,406.0,28996,407.0,144961
2195,2193,2194,406.0,20452664,407.0,144961,350.0,949035
2196,2194,2195,407.0,102408281,350.0,949035,562.0,1293416
2197,2195,2196,350.0,102238435,562.0,1293416,551.0,79886
2198,2196,2197,562.0,112704616,551.0,79886,538.0,80835
2199,2197,2198,551.0,20337766,538.0,80835,529.0,4934
2200,2198,2199,538.0,20418633,529.0,4934,527.0,119749
2201,2199,2200,529.0,20916294,527.0,119749,496.0,58078
2202,2200,2201,527.0,20382403,496.0,58078,482.0,17880
2203,2201,2202,496.0,94812678,482.0,17880,483.0,186378
2204,2202,2203,482.0,20929240,483.0,186378,411.0,13451
2205,2203,2204,483.0,21115658,411.0,13451,417.0,142242
2206,2204,2205,411.0,20509659,417.0,142242,411.0,28411
2207,2205,2206,417.0,102690242,411.0,28411,411.0,28414
2208,2206,2207,411.0,20566469,411.0,28414,411.0,28414
2209,2207,2208,411.0,20594883,411.0,28414,417.0,142097
2210,2208,2209,411.0,20623297,417.0,142097,411.0,28403
2211,2209,2210,417.0,103258327,411.0,28403,411.0,28414
2212,2210,2211,411.0,20680107,411.0,28414,401.0,2446
2213,2211,2212,411.0,20708521,401.0,2446,401.0,29010
2214,2212,2213,401.0,20498654,401.0,29010,401.0,29010
2215,2213,2214,401.0,20527664,401.0,29010,401.0,29010
2216,2214,2215,401.0,20556674,401.0,29010,401.0,29010
2217,2215,2216,401.0,20585684,401.0,29010,406.0,29007
2218,2216,2217,401.0,20614694,406.0,29007,407.0,144962
2219,2217,2218,406.0,20643697,407.0,144962,407.0,144962
2220,2218,2219,407.0,103363447,407.0,144962,401.0,29012
2221,2219,2220,407.0,103508409,401.0,29012,561.0,71698
2222,2220,2221,401.0,20730750,561.0,71698,551.0,28916
2223,2221,2222,561.0,22616082,551.0,28916,538.0,80822
2224,2222,2223,551.0,20525124,538.0,80822,549.0,378123
2225,2223,2224,538.0,20605984,549.0,378123,527.0,49008
2226,2224,2225,549.0,96760783,527.0,49008,528.0,121687
2227,2225,2226,527.0,20545216,528.0,121687,496.0,489775
2228,2226,2227,528.0,20998312,496.0,489775,464.0,42033
2229,2227,2228,496.0,96359135,464.0,42033,390.0,114500
2230,2228,2229,464.0,10290137,390.0,114500,411.0,23936
2231,2229,2230,390.0,20849036,411.0,23936,411.0,28414
2232,2230,2231,411.0,20758472,411.0,28414,411.0,28414
2233,2231,2232,411.0,20786886,411.0,28414,411.0,28414
2234,2232,2233,411.0,20815300,411.0,28414,416.0,28445
2235,2233,2234,411.0,20843714,416.0,28445,411.0,28410
2236,2234,2235,416.0,20872101,411.0,28410,411.0,28414
2237,2235,2236,411.0,20900524,411.0,28414,411.0,28414
2238,2236,2237,411.0,20928938,411.0,28414,401.0,13164
2239,2237,2238,411.0,20957352,401.0,13164,401.0,29010
2240,2238,2239,401.0,20747700,401.0,29010,401.0,29010
2241,2239,2240,401.0,20776710,401.0,29010,401.0,29010
2242,2240,2241,401.0,20805720,401.0,29010,407.0,145000
2243,2241,2242,401.0,20834730,407.0,145000,406.0,28993
2244,2242,2243,407.0,104318640,406.0,28993,401.0,29016
2245,2243,2244,406.0,20892720,401.0,29016,401.0,29010
2246,2244,2245,401.0,20921776,401.0,29010,350.0,453183
2247,2245,2246,401.0,20950786,350.0,453183,561.0,181274
2248,2246,2247,350.0,104125863,561.0,181274,538.0,58806
2249,2247,2248,561.0,22987802,538.0,58806,549.0,378111
2250,2248,2249,538.0,20793342,549.0,378111,551.0,80848
2251,2249,2250,549.0,97637151,551.0,80848,528.0,94796
2252,2250,2251,551.0,20955008,528.0,94796,521.0,119734
2253,2251,2252,528.0,21163760,521.0,119734,496.0,921482
2254,2252,2253,521.0,20947580,496.0,921482,478.0,705075
2255,2253,2254,496.0,97905602,478.0,705075,411.0,6025
2256,2254,2255,478.0,97689195,411.0,6025,411.0,28414
2257,2255,2256,411.0,20978889,411.0,28414,411.0,28414
2258,2256,2257,411.0,21007303,411.0,28414,416.0,28405
2259,2257,2258,411.0,21035717,416.0,28405,411.0,28399
2260,2258,2259,416.0,21064075,411.0,28399,411.0,28414
2261,2259,2260,411.0,21092527,411.0,28414,411.0,28414
2262,2260,2261,411.0,21120941,411.0,28414,411.0,28414
2263,2261,2262,411.0,21149355,411.0,28414,415.0,28442
2264,2262,2263,411.0,21177769,415.0,28442,401.0,23882
2265,2263,2264,415.0,21206154,401.0,23882,401.0,29010
2266,2264,2265,401.0,20996746,401.0,29010,407.0,145073
2267,2265,2266,401.0,21025756,407.0,145073,407.0,144962
2268,2266,2267,407.0,105273823,407.0,144962,406.0,28993
2269,2267,2268,407.0,105418785,406.0,28993,401.0,29014
2270,2268,2269,406.0,21112749,401.0,29014,401.0,29010
2271,2269,2270,401.0,21141812,401.0,29010,401.0,29010
2272,2270,2271,401.0,21170822,401.0,29010,350.0,1155106
2273,2271,2272,401.0,21199832,350.0,1155106,538.0,7845
2274,2272,2273,350.0,106019426,538.0,7845,549.0,378117
2275,2273,2274,538.0,20980709,549.0,378117,550.0,6518
2276,2274,2275,549.0,98513537,550.0,6518,527.0,17733
2277,2275,2276,550.0,1705028,527.0,17733,521.0,119750
2278,2276,2277,527.0,20990597,521.0,119750,496.0,184873
2279,2277,2278,521.0,21110408,496.0,184873,482.0,38097
2280,2278,2279,496.0,98283753,482.0,38097,476.0,14565
2281,2279,2280,482.0,21687505,476.0,14565,411.0,16528
2282,2280,2281,476.0,1708900,411.0,16528,411.0,28414
2283,2281,2282,411.0,21227720,411.0,28414,417.0,142151
2284,2282,2283,411.0,21256134,417.0,142151,411.0,28406
2285,2283,2284,417.0,106422551,411.0,28406,411.0,28414
2286,2284,2285,411.0,21312944,411.0,28414,411.0,28414
2287,2285,2286,411.0,21341358,411.0,28414,417.0,142006
2288,2286,2287,411.0,21369772,417.0,142006,411.0,28398
2289,2287,2288,417.0,106990636,411.0,28398,401.0,5589
2290,2288,2289,411.0,21426582,401.0,5589,401.0,29010
2291,2289,2290,401.0,21216781,401.0,29010,407.0,145018
2292,2290,2291,401.0,21245791,407.0,145018,407.0,144962
2293,2291,2292,407.0,106373958,407.0,144962,406.0,28993
2294,2292,2293,407.0,106518920,406.0,28993,401.0,29011
2295,2293,2294,406.0,21332776,401.0,29011,401.0,29010
2296,2294,2295,401.0,21361847,401.0,29010,401.0,29010
2297,2295,2296,401.0,21390857,401.0,29010,401.0,29010
2298,2296,2297,401.0,21419867,401.0,29010,561.0,103868
2299,2297,2298,401.0,21448877,561.0,103868,549.0,176248
2300,2298,2299,561.0,23434684,549.0,176248,551.0,80843
2301,2299,2300,549.0,99389888,551.0,80843,551.0,80792
2302,2300,2301,551.0,21329731,551.0,80792,521.0,62030
2303,2301,2302,551.0,21410523,521.0,62030,529.0,123597
2304,2302,2303,521.0,21273222,529.0,123597,496.0,616568
2305,2303,2304,529.0,22083085,496.0,616568,464.0,51824
2306,2304,2305,496.0,99830208,464.0,51824,390.0,199774
2307,2305,2306,464.0,10657420,390.0,199774,411.0,27030
2308,2306,2307,390.0,21649294,411.0,27030,416.0,28452
2309,2307,2308,411.0,21476550,416.0,28452,411.0,28412
2310,2308,2309,416.0,21504942,411.0,28412,411.0,28414
2311,2309,2310,411.0,21533360,411.0,28414,411.0,28414
2312,2310,2311,411.0,21561774,411.0,28414,416.0,28423
2313,2311,2312,411.0,21590188,416.0,28423,411.0,28404
2314,2312,2313,416.0,21618559,411.0,28404,411.0,28414
2315,2313,2314,411.0,21646998,411.0,28414,406.0,16306
2316,2314,2315,411.0,21675412,406.0,16306,407.0,144962
2317,2315,2316,406.0,21465826,407.0,144962,407.0,144962
2318,2316,2317,407.0,107474092,407.0,144962,401.0,29014
2319,2317,2318,407.0,107619054,401.0,29014,401.0,29010
2320,2318,2319,401.0,21552872,401.0,29010,401.0,29010
2321,2319,2320,401.0,21581882,401.0,29010,401.0,29010
2322,2320,2321,401.0,21610892,401.0,29010,401.0,29010
2323,2321,2322,401.0,21639902,401.0,29010,350.0,659200
2324,2322,2323,401.0,21668912,350.0,659200,561.0,213436
2325,2323,2324,350.0,107906800,561.0,213436,551.0,67565
2326,2324,2325,561.0,23806396,551.0,67565,552.0,82123
2327,2325,2326,551.0,21517085,552.0,82123,553.0,83420
2328,2326,2327,552.0,21946273,553.0,83420,529.0,109701
2329,2327,2328,553.0,22378076,529.0,109701,527.0,119749
2330,2328,2329,529.0,22251141,527.0,119749,496.0,1048244
2331,2329,2330,527.0,21675537,496.0,1048244,478.0,796657
2332,2330,2331,496.0,101376644,478.0,796657,417.0,45318
2333,2331,2332,478.0,101125057,417.0,45318,411.0,28400
2334,2332,2333,417.0,108484558,411.0,28400,411.0,28414
2335,2333,2334,411.0,21725362,411.0,28414,411.0,28414
2336,2334,2335,411.0,21753776,411.0,28414,411.0,28414
2337,2335,2336,411.0,21782190,411.0,28414,417.0,142225
2338,2336,2337,411.0,21810604,417.0,142225,411.0,28410
2339,2337,2338,417.0,109194955,411.0,28410,411.0,28414
2340,2338,2339,411.0,21867414,411.0,28414,411.0,28414
2341,2339,2340,411.0,21895828,411.0,28414,406.0,26999
2342,2340,2341,411.0,21924242,406.0,26999,407.0,144962
2343,2341,2342,406.0,21714847,407.0,144962,401.0,29011
2344,2342,2343,407.0,108719197,401.0,29011,401.0,29010
2345,2343,2344,401.0,21772907,401.0,29010,401.0,29010
2346,2344,2345,401.0,21801917,401.0,29010,401.0,29010
2347,2345,2346,401.0,21830927,401.0,29010,401.0,29010
2348,2346,2347,401.0,21859937,401.0,29010,401.0,29010
2349,2347,2348,401.0,21888947,401.0,29010,562.0,132251
2350,2348,2349,401.0,21917957,562.0,132251,551.0,16595
2351,2349,2350,562.0,119407771,551.0,16595,552.0,82105
2352,2350,2351,551.0,21704443,552.0,82105,553.0,83407
2353,2351,2352,552.0,22136641,553.0,83407,529.0,31750
2354,2352,2353,553.0,22571471,529.0,31750,527.0,119749
2355,2353,2354,529.0,22419206,527.0,119749,496.0,311602
2356,2354,2355,527.0,21838349,496.0,311602,478.0,264151
2357,2355,2356,496.0,101754762,478.0,264151,478.0,844709
2358,2356,2357,478.0,101707311,478.0,844709,411.0,19602
2359,2357,2358,478.0,102552020,411.0,19602,411.0,28414
2360,2358,2359,411.0,21945778,411.0,28414,411.0,28414
2361,2359,2360,411.0,21974192,411.0,28414,417.0,142006
2362,2360,2361,411.0,22002606,417.0,142006,411.0,28398
2363,2361,2362,417.0,110154806,411.0,28398,411.0,28414
2364,2362,2363,411.0,22059416,411.0,28414,411.0,28414
2365,2363,2364,411.0,22087830,411.0,28414,411.0,28414
2366,2364,2365,411.0,22116244,411.0,28414,407.0,43490
2367,2365,2366,411.0,22144658,407.0,43490,401.0,29015
2368,2366,2367,407.0,109674370,401.0,29015,401.0,29010
2369,2367,2368,401.0,21963933,401.0,29010,401.0,29010
2370,2368,2369,401.0,21992943,401.0,29010,401.0,29010
2371,2369,2370,401.0,22021953,401.0,29010,401.0,29010
2372,2370,2371,401.0,22050963,401.0,29010,401.0,29010
2373,2371,2372,401.0,22079973,401.0,29010,401.0,29010
2374,2372,2373,401.0,22108983,401.0,29010,350.0,163345
2375,2373,2374,401.0,22137993,350.0,163345,562.0,680132
2376,2374,2375,350.0,109794225,562.0,680132,552.0,47194
2377,2375,2376,562.0,121266372,552.0,47194,553.0,83401
2378,2376,2377,552.0,22327018,553.0,83401,549.0,377936
2379,2377,2378,553.0,22764873,549.0,377936,527.0,74989
2380,2378,2379,549.0,103531226,527.0,74989,528.0,121696
2381,2379,2380,527.0,22001165,528.0,121696,496.0,743312
2382,2380,2381,528.0,22477750,496.0,743312,457.0,61613
2383,2381,2382,496.0,103301232,457.0,61613,411.0,1691
2384,2382,2383,457.0,11024701,411.0,1691,411.0,28414
2385,2383,2384,411.0,22166195,411.0,28414,411.0,28414
2386,2384,2385,411.0,22194609,411.0,28414,417.0,142135
2387,2385,2386,411.0,22223023,417.0,142135,411.0,28405
2388,2386,2387,417.0,111256985,411.0,28405,411.0,28414
2389,2387,2388,411.0,22279833,411.0,28414,411.0,28414
2390,2388,2389,411.0,22308247,411.0,28414,417.0,141989
2391,2389,2390,411.0,22336661,417.0,141989,411.0,28397
2392,2390,2391,417.0,111825069,411.0,28397,401.0,19464
2393,2391,2392,411.0,22393471,401.0,19464,401.0,29010
2394,2392,2393,401.0,22183968,401.0,29010,401.0,29010
2395,2393,2394,401.0,22212978,401.0,29010,401.0,29010
2396,2394,2395,401.0,22241988,401.0,29010,401.0,29010
2397,2395,2396,401.0,22270998,401.0,29010,401.0,29010
2398,2396,2397,401.0,22300008,401.0,29010,401.0,29010
2399,2397,2398,401.0,22329018,401.0,29010,401.0,29010
2400,2398,2399,401.0,22358028,401.0,29010,350.0,865216
2401,2399,2400,401.0,22387038,350.0,865216,561.0,245598
2402,2400,2401,350.0,111687736,561.0,245598,549.0,356989
2403,2401,2402,561.0,24624990,549.0,356989,549.0,377908
2404,2402,2403,549.0,104029669,549.0,377908,551.0,80802
2405,2403,2404,549.0,104407577,551.0,80802,528.0,121191
2406,2404,2405,551.0,22402476,528.0,121191,496.0,6669
2407,2405,2406,528.0,22643187,496.0,6669,478.0,43524
2408,2406,2407,496.0,103679349,478.0,43524,470.0,87381
2409,2407,2408,478.0,103716204,470.0,87381,411.0,12193
2410,2408,2409,470.0,10816671,411.0,12193,411.0,28414
2411,2409,2410,411.0,22415025,411.0,28414,417.0,142242
2412,2410,2411,411.0,22443439,417.0,142242,411.0,28411
2413,2411,2412,417.0,112359142,411.0,28411,411.0,28414
2414,2412,2413,411.0,22500249,411.0,28414,411.0,28414
2415,2413,2414,411.0,22528663,411.0,28414,417.0,142097
2416,2414,2415,411.0,22557077,417.0,142097,411.0,28403
2417,2415,2416,417.0,112927227,411.0,28403,401.0,1171
2418,2416,2417,411.0,22613887,401.0,1171,401.0,29010
2419,2417,2418,401.0,22404003,401.0,29010,401.0,29010
2420,2418,2419,401.0,22433013,401.0,29010,401.0,29010
2421,2419,2420,401.0,22462023,401.0,29010,401.0,29010
2422,2420,2421,401.0,22491033,401.0,29010,401.0,29010
2423,2421,2422,401.0,22520043,401.0,29010,401.0,29010
2424,2422,2423,401.0,22549053,401.0,29010,401.0,29010
2425,2423,2424,401.0,22578063,401.0,29010,401.0,29010
2426,2424,2425,401.0,22607073,401.0,29010,562.0,293062
2427,2425,2426,401.0,22636083,562.0,293062,549.0,118581
2428,2426,2427,562.0,123500742,549.0,118581,549.0,377909
2429,2427,2428,549.0,104906021,549.0,377909,551.0,80796
2430,2428,2429,549.0,105283930,551.0,80796,528.0,44458
2431,2429,2430,551.0,22589834,528.0,44458,521.0,119733
2432,2430,2431,528.0,22808626,521.0,119733,496.0,438361
2433,2431,2432,521.0,22566337,496.0,438361,478.0,355729
2434,2432,2433,496.0,105225801,478.0,355729,390.0,79809
2435,2433,2434,478.0,105143169,390.0,79809,417.0,113201
2436,2434,2435,390.0,22720969,417.0,113201,411.0,28400
2437,2435,2436,417.0,113319001,411.0,28400,411.0,28414
2438,2436,2437,411.0,22692252,411.0,28414,411.0,28414
2439,2437,2438,411.0,22720666,411.0,28414,411.0,28414
2440,2438,2439,411.0,22749080,411.0,28414,416.0,28445
2441,2439,2440,411.0,22777494,416.0,28445,411.0,28410
2442,2440,2441,416.0,22805881,411.0,28410,411.0,28414
2443,2441,2442,411.0,22834304,411.0,28414,401.0,11889
2444,2442,2443,411.0,22862718,401.0,11889,401.0,29010
2445,2443,2444,401.0,22653049,401.0,29010,401.0,29010
2446,2444,2445,401.0,22682059,401.0,29010,401.0,29010
2447,2445,2446,401.0,22711069,401.0,29010,401.0,29010
2448,2446,2447,401.0,22740079,401.0,29010,401.0,29010
2449,2447,2448,401.0,22769089,401.0,29010,401.0,29010
2450,2448,2449,401.0,22798099,401.0,29010,401.0,29010
2451,2449,2450,401.0,22827109,401.0,29010,350.0,369361
2452,2450,2451,401.0,22856119,350.0,369361,562.0,840942
2453,2451,2452,350.0,113575161,562.0,840942,550.0,4455
2454,2452,2453,562.0,125359342,550.0,4455,551.0,80794
2455,2453,2454,550.0,1830355,551.0,80794,538.0,80787
2456,2454,2455,551.0,22777196,538.0,80787,521.0,87999
2457,2455,2456,538.0,22858037,521.0,87999,529.0,123589
2458,2456,2457,521.0,22729159,529.0,123589,496.0,870074
2459,2457,2458,529.0,23585989,496.0,870074,482.0,147434
2460,2458,2459,496.0,106772274,482.0,147434,415.0,4749
2461,2459,2460,482.0,23518954,415.0,4749,411.0,28407
2462,2460,2461,415.0,22884237,411.0,28407,411.0,28414
2463,2461,2462,411.0,22912669,411.0,28414,411.0,28414
2464,2462,2463,411.0,22941083,411.0,28414,416.0,28405
2465,2463,2464,411.0,22969497,416.0,28405,411.0,28399
2466,2464,2465,416.0,22997855,411.0,28399,411.0,28414
2467,2465,2466,411.0,23026307,411.0,28414,411.0,28414
2468,2466,2467,411.0,23054721,411.0,28414,411.0,28414
2469,2467,2468,411.0,23083135,411.0,28414,401.0,22608
2470,2468,2469,411.0,23111549,401.0,22608,401.0,29010
2471,2469,2470,401.0,22902096,401.0,29010,401.0,29010
2472,2470,2471,401.0,22931106,401.0,29010,401.0,29010
2473,2471,2472,401.0,22960116,401.0,29010,401.0,29010
2474,2472,2473,401.0,22989126,401.0,29010,401.0,29010
2475,2473,2474,401.0,23018136,401.0,29010,401.0,29010
2476,2474,2475,401.0,23047146,401.0,29010,405.0,29008
2477,2475,2476,401.0,23076156,405.0,29008,350.0,1071314
2478,2476,2477,405.0,23105160,350.0,1071314,549.0,19744
2479,2477,2478,350.0,115468754,549.0,19744,551.0,80799
2480,2478,2479,549.0,107036704,551.0,80799,538.0,80798
2481,2479,2480,551.0,22964565,538.0,80798,521.0,12508
2482,2480,2481,538.0,23045412,521.0,12508,529.0,123613
2483,2481,2482,521.0,22891996,529.0,123613,496.0,133484
2484,2482,2483,529.0,23754077,496.0,133484,478.0,135186
2485,2483,2484,496.0,107150444,478.0,135186,470.0,87389
2486,2484,2485,478.0,107152146,470.0,87389,411.0,15271
2487,2485,2486,470.0,11172119,411.0,15271,411.0,28414
2488,2486,2487,411.0,23133087,411.0,28414,411.0,28414
2489,2487,2488,411.0,23161501,411.0,28414,416.0,28434
2490,2488,2489,411.0,23189915,416.0,28434,411.0,28407
2491,2489,2490,416.0,23218294,411.0,28407,411.0,28414
2492,2490,2491,411.0,23246725,411.0,28414,411.0,28414
2493,2491,2492,411.0,23275139,411.0,28414,416.0,28405
2494,2492,2493,411.0,23303553,416.0,28405,401.0,4316
2495,2493,2494,416.0,23331911,401.0,4316,401.0,29010
2496,2494,2495,401.0,23122132,401.0,29010,401.0,29010
2497,2495,2496,401.0,23151142,401.0,29010,401.0,29010
2498,2496,2497,401.0,23180152,401.0,29010,401.0,29010
2499,2497,2498,401.0,23209162,401.0,29010,401.0,29010
2500,2498,2499,401.0,23238172,401.0,29010,401.0,29010
2501,2499,2500,401.0,23267182,401.0,29010,407.0,145000
2502,2500,2501,401.0,23296192,407.0,145000,406.0,28993
2503,2501,2502,407.0,116625950,406.0,28993,562.0,453958
2504,2502,2503,406.0,23354182,562.0,453958,551.0,34111
2505,2503,2504,562.0,127593798,551.0,34111,538.0,80794
2506,2504,2505,551.0,23151927,538.0,80794,549.0,378066
2507,2505,2506,538.0,23232772,549.0,378066,529.0,58598
2508,2506,2507,549.0,109047446,529.0,58598,527.0,119765
2509,2507,2508,529.0,23922150,527.0,119765,496.0,565198
2510,2508,2509,527.0,23294311,496.0,565198,478.0,447425
2511,2509,2510,496.0,108696918,478.0,447425,390.0,165112
2512,2510,2511,478.0,108579145,390.0,165112,411.0,25773
2513,2511,2512,390.0,23521256,411.0,25773,411.0,28414
2514,2512,2513,411.0,23381917,411.0,28414,417.0,142279
2515,2513,2514,411.0,23410331,417.0,142279,411.0,28413
2516,2514,2515,417.0,117193629,411.0,28413,411.0,28414
2517,2515,2516,411.0,23467141,411.0,28414,411.0,28414
2518,2516,2517,411.0,23495555,411.0,28414,417.0,142134
2519,2517,2518,411.0,23523969,417.0,142134,411.0,28405
2520,2518,2519,417.0,117761714,411.0,28405,401.0,15033
2521,2519,2520,411.0,23580779,401.0,15033,401.0,29010
2522,2520,2521,401.0,23371177,401.0,29010,401.0,29010
2523,2521,2522,401.0,23400187,401.0,29010,401.0,29010
2524,2522,2523,401.0,23429197,401.0,29010,401.0,29010
2525,2523,2524,401.0,23458207,401.0,29010,406.0,29011
2526,2524,2525,401.0,23487217,406.0,29011,407.0,144961
2527,2525,2526,406.0,23516223,407.0,144961,407.0,144962
2528,2526,2527,407.0,117726076,407.0,144962,350.0,575416
2529,2527,2528,407.0,117871038,350.0,575416,562.0,1001781
2530,2528,2529,350.0,117356136,562.0,1001781,553.0,66092
2531,2529,2530,562.0,129452341,553.0,66092,549.0,378008
2532,2530,2531,553.0,24175660,549.0,378008,551.0,80825
2533,2531,2532,549.0,109923768,551.0,80825,527.0,100973
2534,2532,2533,551.0,23581801,527.0,100973,528.0,121714
2535,2533,2534,527.0,23457117,528.0,121714,496.0,996863
2536,2534,2535,528.0,23957197,496.0,996863,482.0,167643
2537,2535,2536,496.0,110243343,482.0,167643,411.0,7861
2538,2536,2537,482.0,24277211,411.0,7861,415.0,28413
2539,2537,2538,411.0,23602333,415.0,28413,411.0,28401
2540,2538,2539,415.0,23630697,411.0,28401,411.0,28414
2541,2539,2540,411.0,23659143,411.0,28414,411.0,28414
2542,2540,2541,411.0,23687557,411.0,28414,411.0,28414
2543,2541,2542,411.0,23715971,411.0,28414,417.0,142242
2544,2542,2543,411.0,23744385,417.0,142242,411.0,28411
2545,2543,2544,417.0,118863872,411.0,28411,411.0,28414
2546,2544,2545,411.0,23801195,411.0,28414,401.0,25750
2547,2545,2546,411.0,23829609,401.0,25750,401.0,29010
2548,2546,2547,401.0,23620222,401.0,29010,401.0,29010
2549,2547,2548,401.0,23649232,401.0,29010,401.0,29010
2550,2548,2549,401.0,23678242,401.0,29010,407.0,145000
2551,2549,2550,401.0,23707252,407.0,145000,406.0,28993
2552,2550,2551,407.0,118681250,406.0,28993,401.0,29016
2553,2551,2552,406.0,23765242,401.0,29016,401.0,29010
2554,2552,2553,401.0,23794298,401.0,29010,561.0,13374
2555,2553,2554,401.0,23823308,561.0,13374,553.0,13477
2556,2554,2555,561.0,25965630,553.0,13477,549.0,377994
2557,2555,2556,553.0,24369061,549.0,377994,551.0,80822
2558,2556,2557,549.0,110800134,551.0,80822,527.0,25460
2559,2557,2558,551.0,23769162,527.0,25460,527.0,119747
2560,2558,2559,527.0,23619932,527.0,119747,496.0,260237
2561,2559,2560,527.0,23739679,496.0,260237,470.0,23485
2562,2560,2561,496.0,110621477,470.0,23485,470.0,87368
2563,2561,2562,470.0,11440165,470.0,87368,416.0,18330
2564,2562,2563,470.0,11527533,416.0,18330,411.0,28408
2565,2563,2564,416.0,23851130,411.0,28408,411.0,28414
2566,2564,2565,411.0,23879560,411.0,28414,411.0,28414
2567,2565,2566,411.0,23907974,411.0,28414,417.0,142043
2568,2566,2567,411.0,23936388,417.0,142043,411.0,28400
2569,2567,2568,417.0,119823743,411.0,28400,411.0,28414
2570,2568,2569,411.0,23993198,411.0,28414,411.0,28414
2571,2569,2570,411.0,24021612,411.0,28414,401.0,7458
2572,2570,2571,411.0,24050026,401.0,7458,401.0,29010
2573,2571,2572,401.0,23840258,401.0,29010,401.0,29010
2574,2572,2573,401.0,23869268,401.0,29010,407.0,145073
2575,2573,2574,401.0,23898278,407.0,145073,407.0,144962
2576,2574,2575,407.0,119636433,407.0,144962,406.0,28993
2577,2575,2576,407.0,119781395,406.0,28993,401.0,29014
2578,2576,2577,406.0,23985271,401.0,29014,401.0,29010
2579,2577,2578,401.0,24014334,401.0,29010,350.0,79583
2580,2578,2579,401.0,24043344,350.0,79583,561.0,122950
2581,2579,2580,350.0,119243583,561.0,122950,549.0,200504
2582,2580,2581,561.0,26337350,549.0,200504,551.0,80819
2583,2581,2582,549.0,111676504,551.0,80819,538.0,80842
2584,2582,2583,551.0,23956523,538.0,80842,527.0,69694
2585,2583,2584,538.0,24037394,527.0,69694,521.0,119761
2586,2584,2585,527.0,23902494,521.0,119761,496.0,691943
2587,2585,2586,521.0,24022311,496.0,691943,478.0,538981
2588,2586,2587,496.0,112167943,478.0,538981,411.0,435
2589,2587,2588,478.0,112014981,411.0,435,411.0,28414
2590,2588,2589,411.0,24071563,411.0,28414,411.0,28414
2591,2589,2590,411.0,24099977,411.0,28414,411.0,28414
2592,2590,2591,411.0,24128391,411.0,28414,416.0,28434
2593,2591,2592,411.0,24156805,416.0,28434,411.0,28407
2594,2592,2593,416.0,24185184,411.0,28407,411.0,28414
2595,2593,2594,411.0,24213615,411.0,28414,411.0,28414
2596,2594,2595,411.0,24242029,411.0,28414,416.0,28405
2597,2595,2596,411.0,24270443,416.0,28405,401.0,18175
2598,2596,2597,416.0,24298801,401.0,18175,401.0,29010
2599,2597,2598,401.0,24089303,401.0,29010,407.0,145018
2600,2598,2599,401.0,24118313,407.0,145018,407.0,144962
2601,2599,2600,407.0,120736568,407.0,144962,406.0,28993
2602,2600,2601,407.0,120881530,406.0,28993,401.0,29011
2603,2601,2602,406.0,24205298,401.0,29011,401.0,29010
2604,2602,2603,401.0,24234369,401.0,29010,401.0,29010
2605,2603,2604,401.0,24263379,401.0,29010,350.0,781455
2606,2604,2605,401.0,24292389,350.0,781455,562.0,1162609
2607,2605,2606,350.0,121137095,562.0,1162609,551.0,72753
2608,2606,2607,562.0,133545329,551.0,72753,538.0,80829
2609,2607,2608,551.0,24143881,538.0,80829,549.0,378137
2610,2608,2609,538.0,24224745,549.0,378137,521.0,113994
2611,2609,2610,549.0,113687227,521.0,113994,529.0,123605
2612,2610,2611,521.0,24185122,529.0,123605,482.0,1448
2613,2611,2612,529.0,25088917,482.0,1448,483.0,186405
2614,2612,2613,482.0,24849064,483.0,186405,411.0,10937
2615,2613,2614,483.0,25035493,411.0,10937,411.0,28414
2616,2614,2615,411.0,24320393,411.0,28414,411.0,28414
2617,2615,2616,411.0,24348807,411.0,28414,417.0,142279
2618,2616,2617,411.0,24377221,417.0,142279,411.0,28413
2619,2617,2618,417.0,122028079,411.0,28413,411.0,28414
2620,2618,2619,411.0,24434031,411.0,28414,411.0,28414
2621,2619,2620,411.0,24462445,411.0,28414,417.0,142135
2622,2620,2621,411.0,24490859,417.0,142135,411.0,28405
2623,2621,2622,417.0,122596165,411.0,28405,407.0,144450
2624,2622,2623,411.0,24547669,407.0,144450,406.0,28993
2625,2623,2624,407.0,121691730,406.0,28993,407.0,144962
2626,2624,2625,406.0,24367338,407.0,144962,401.0,29013
2627,2625,2626,407.0,121981652,401.0,29013,401.0,29010
2628,2626,2627,401.0,24425393,401.0,29010,401.0,29010
2629,2627,2628,401.0,24454403,401.0,29010,401.0,29010
2630,2628,2629,401.0,24483413,401.0,29010,401.0,29010
2631,2629,2630,401.0,24512423,401.0,29010,561.0,45528
2632,2630,2631,401.0,24541433,561.0,45528,551.0,21775
2633,2631,2632,561.0,26784216,551.0,21775,538.0,80798
2634,2632,2633,551.0,24331231,538.0,80798,549.0,378074
2635,2633,2634,538.0,24412078,549.0,378074,521.0,38461
2636,2634,2635,549.0,114563544,521.0,38461,529.0,123589
2637,2635,2636,521.0,24347917,529.0,123589,496.0,386956
2638,2636,2637,529.0,25256965,496.0,386956,464.0,34047
2639,2637,2638,496.0,114092476,464.0,34047,390.0,45125
2640,2638,2639,464.0,12188775,390.0,45125,411.0,21438
2641,2639,2640,390.0,24592909,411.0,21438,417.0,142043
2642,2640,2641,411.0,24569222,417.0,142043,411.0,28400
2643,2641,2642,417.0,122987913,411.0,28400,411.0,28414
2644,2642,2643,411.0,24626032,411.0,28414,411.0,28414
2645,2643,2644,411.0,24654446,411.0,28414,411.0,28414
2646,2644,2645,411.0,24682860,411.0,28414,416.0,28445
2647,2645,2646,411.0,24711274,416.0,28445,411.0,28410
2648,2646,2647,416.0,24739661,411.0,28410,407.0,52925
2649,2647,2648,411.0,24768084,407.0,52925,406.0,28993
2650,2648,2649,407.0,122791845,406.0,28993,401.0,29016
2651,2649,2650,406.0,24587361,401.0,29016,401.0,29010
2652,2650,2651,401.0,24616418,401.0,29010,401.0,29010
2653,2651,2652,401.0,24645428,401.0,29010,401.0,29010
2654,2652,2653,401.0,24674438,401.0,29010,401.0,29010
2655,2653,2654,401.0,24703448,401.0,29010,401.0,29010
2656,2654,2655,401.0,24732458,401.0,29010,350.0,285497
2657,2655,2656,401.0,24761468,350.0,285497,561.0,155096
2658,2656,2657,350.0,123024417,561.0,155096,553.0,53368
2659,2657,2658,561.0,27155928,553.0,53368,549.0,378033
2660,2658,2659,553.0,25393016,549.0,378033,551.0,80830
2661,2659,2660,549.0,115439883,551.0,80830,527.0,82708
2662,2660,2661,551.0,24761108,527.0,82708,527.0,119747
2663,2661,2662,527.0,24630492,527.0,119747,496.0,818640
2664,2662,2663,527.0,24750239,496.0,818640,478.0,630465
2665,2663,2664,496.0,115638920,478.0,630465,411.0,3526
2666,2664,2665,478.0,115450745,411.0,3526,417.0,142151
2667,2665,2666,411.0,24789638,417.0,142151,411.0,28406
2668,2666,2667,417.0,124090071,411.0,28406,411.0,28414
2669,2667,2668,411.0,24846448,411.0,28414,411.0,28414
2670,2668,2669,411.0,24874862,411.0,28414,417.0,142006
2671,2669,2670,411.0,24903276,417.0,142006,411.0,28398
2672,2670,2671,417.0,124658156,411.0,28398,411.0,28414
2673,2671,2672,411.0,24960086,411.0,28414,411.0,28414
2674,2672,2673,411.0,24988500,411.0,28414,407.0,106390
2675,2673,2674,411.0,25016914,407.0,106390,401.0,29013
2676,2674,2675,407.0,124036950,401.0,29013,401.0,29010
2677,2675,2676,401.0,24836453,401.0,29010,401.0,29010
2678,2676,2677,401.0,24865463,401.0,29010,401.0,29010
2679,2677,2678,401.0,24894473,401.0,29010,401.0,29010
2680,2678,2679,401.0,24923483,401.0,29010,401.0,29010
2681,2679,2680,401.0,24952493,401.0,29010,401.0,29010
2682,2680,2681,401.0,24981503,401.0,29010,350.0,987369
2683,2681,2682,401.0,25010513,350.0,987369,553.0,746
2684,2682,2683,350.0,124917929,553.0,746,549.0,378004
2685,2683,2684,553.0,25586410,549.0,378004,551.0,80824
2686,2684,2685,549.0,116316234,551.0,80824,527.0,7192
2687,2685,2686,551.0,24948466,527.0,7192,527.0,119747
2688,2686,2687,527.0,24793304,527.0,119747,496.0,81998
2689,2687,2688,527.0,24913051,496.0,81998,478.0,97960
2690,2688,2689,496.0,116017038,478.0,97960,478.0,844709
2691,2689,2690,478.0,116033000,478.0,844709,417.0,70037
2692,2690,2691,478.0,116877709,417.0,70037,411.0,28413
2693,2691,2692,417.0,125192237,411.0,28413,411.0,28414
2694,2692,2693,411.0,25066865,411.0,28414,411.0,28414
2695,2693,2694,411.0,25095279,411.0,28414,417.0,142134
2696,2694,2695,411.0,25123693,417.0,142134,411.0,28405
2697,2695,2696,417.0,125760334,411.0,28405,411.0,28414
2698,2696,2697,411.0,25180503,411.0,28414,411.0,28414
2699,2697,2698,411.0,25208917,411.0,28414,405.0,2981
2700,2698,2699,411.0,25237331,405.0,2981,401.0,29011
2701,2699,2700,405.0,25027421,401.0,29011,401.0,29010
2702,2700,2701,401.0,25056489,401.0,29010,401.0,29010
2703,2701,2702,401.0,25085499,401.0,29010,401.0,29010
2704,2702,2703,401.0,25114509,401.0,29010,401.0,29010
2705,2703,2704,401.0,25143519,401.0,29010,401.0,29010
2706,2704,2705,401.0,25172529,401.0,29010,401.0,29010
2707,2705,2706,401.0,25201539,401.0,29010,401.0,29010
2708,2706,2707,401.0,25230549,401.0,29010,561.0,77690
2709,2707,2708,401.0,25259559,561.0,77690,549.0,142819
2710,2708,2709,561.0,27602810,549.0,142819,551.0,80825
2711,2709,2710,549.0,117192619,551.0,80825,552.0,82099
2712,2710,2711,551.0,25135831,552.0,82099,527.0,51430
2713,2711,2712,552.0,25623370,527.0,51430,528.0,121699
2714,2712,2713,527.0,25075870,528.0,121699,496.0,513722
2715,2713,2714,528.0,25602049,496.0,513722,457.0,43850
2716,2714,2715,496.0,117563522,457.0,43850,390.0,130382
2717,2715,2716,457.0,12556070,390.0,130382,411.0,24514
2718,2716,2717,390.0,25393150,411.0,24514,411.0,28414
2719,2717,2718,411.0,25287282,411.0,28414,411.0,28414
2720,2718,2719,411.0,25315696,411.0,28414,416.0,28452
2721,2719,2720,411.0,25344110,416.0,28452,411.0,28412
2722,2720,2721,416.0,25372502,411.0,28412,411.0,28414
2723,2721,2722,411.0,25400920,411.0,28414,411.0,28414
2724,2722,2723,411.0,25429334,411.0,28414,416.0,28423
2725,2723,2724,411.0,25457748,416.0,28423,401.0,13757
2726,2724,2725,416.0,25486119,401.0,13757,401.0,29010
2727,2725,2726,401.0,25276525,401.0,29010,401.0,29010
2728,2726,2727,401.0,25305535,401.0,29010,401.0,29010
2729,2727,2728,401.0,25334545,401.0,29010,401.0,29010
2730,2728,2729,401.0,25363555,401.0,29010,401.0,29010
2731,2729,2730,401.0,25392565,401.0,29010,401.0,29010
2732,2730,2731,401.0,25421575,401.0,29010,401.0,29010
2733,2731,2732,401.0,25450585,401.0,29010,350.0,491566
2734,2732,2733,401.0,25479595,350.0,491566,561.0,187266
2735,2733,2734,350.0,126805406,561.0,187266,551.0,60425
2736,2734,2735,561.0,27974530,551.0,60425,552.0,82092
2737,2735,2736,551.0,25323193,552.0,82092,553.0,83398
2738,2736,2737,552.0,25813749,553.0,83398,528.0,97266
2739,2737,2738,553.0,26306950,528.0,97266,521.0,119743
2740,2738,2739,528.0,25767498,521.0,119743,496.0,945430
2741,2739,2740,521.0,25478239,496.0,945430,480.0,4981
2742,2740,2741,496.0,119109990,480.0,4981,411.0,6603
2743,2741,2742,480.0,819909,411.0,6603,411.0,28414
2744,2742,2743,411.0,25507699,411.0,28414,415.0,28413
2745,2743,2744,411.0,25536113,415.0,28413,411.0,28401
2746,2744,2745,415.0,25564477,411.0,28401,411.0,28414
2747,2745,2746,411.0,25592923,411.0,28414,411.0,28414
2748,2746,2747,411.0,25621337,411.0,28414,411.0,28414
2749,2747,2748,411.0,25649751,411.0,28414,417.0,142242
2750,2748,2749,411.0,25678165,417.0,142242,411.0,28411
2751,2749,2750,417.0,128532772,411.0,28411,401.0,24475
2752,2750,2751,411.0,25734975,401.0,24475,401.0,29010
2753,2751,2752,401.0,25525571,401.0,29010,401.0,29010
2754,2752,2753,401.0,25554581,401.0,29010,401.0,29010
2755,2753,2754,401.0,25583591,401.0,29010,401.0,29010
2756,2754,2755,401.0,25612601,401.0,29010,401.0,29010
2757,2755,2756,401.0,25641611,401.0,29010,401.0,29010
2758,2756,2757,401.0,25670621,401.0,29010,401.0,29010
2759,2757,2758,401.0,25699631,401.0,29010,562.0,1443
2760,2758,2759,401.0,25728641,562.0,1443,551.0,9462
2761,2759,2760,562.0,140248483,551.0,9462,552.0,82096
2762,2760,2761,551.0,25510558,552.0,82096,553.0,83401
2763,2761,2762,552.0,26004139,553.0,83401,527.0,20156
2764,2762,2763,553.0,26500361,527.0,20156,521.0,119761
2765,2763,2764,527.0,25521252,521.0,119761,496.0,208825
2766,2764,2765,521.0,25641069,496.0,208825,478.0,189640
2767,2765,2766,496.0,119488145,478.0,189640,478.0,844709
2768,2766,2767,478.0,119468960,478.0,844709,411.0,17106
2769,2767,2768,478.0,120313669,411.0,17106,417.0,142188
2770,2768,2769,411.0,25756530,417.0,142188,411.0,28408
2771,2769,2770,417.0,128924558,411.0,28408,411.0,28414
2772,2770,2771,411.0,25813340,411.0,28414,411.0,28414
2773,2771,2772,411.0,25841754,411.0,28414,417.0,142043
2774,2772,2773,411.0,25870168,417.0,142043,411.0,28400
2775,2773,2774,417.0,129492643,411.0,28400,411.0,28414
2776,2774,2775,411.0,25926978,411.0,28414,401.0,6183
2777,2775,2776,411.0,25955392,401.0,6183,401.0,29010
2778,2776,2777,401.0,25745607,401.0,29010,401.0,29010
2779,2777,2778,401.0,25774617,401.0,29010,401.0,29010
2780,2778,2779,401.0,25803627,401.0,29010,401.0,29010
2781,2779,2780,401.0,25832637,401.0,29010,401.0,29010
2782,2780,2781,401.0,25861647,401.0,29010,401.0,29010
2783,2781,2782,401.0,25890657,401.0,29010,401.0,29010
2784,2782,2783,401.0,25919667,401.0,29010,407.0,145018
2785,2783,2784,401.0,25948677,407.0,145018,562.0,549324
2786,2784,2785,407.0,129888388,562.0,549324,538.0,39370
2787,2785,2786,562.0,142107084,538.0,39370,553.0,83396
2788,2786,2787,538.0,25778794,553.0,83396,549.0,377925
2789,2787,2788,553.0,26693764,549.0,377925,521.0,64465
2790,2788,2789,549.0,121334025,521.0,64465,529.0,123614
2791,2789,2790,521.0,25803889,529.0,123614,496.0,640533
2792,2790,2791,529.0,26759902,496.0,640533,457.0,53654
2793,2791,2792,496.0,121034613,457.0,53654,390.0,215667
2794,2792,2793,457.0,12923366,390.0,215667,411.0,27591
2795,2793,2794,390.0,26193419,411.0,27591,411.0,28414
2796,2794,2795,411.0,26005343,411.0,28414,411.0,28414
2797,2795,2796,411.0,26033757,411.0,28414,411.0,28414
2798,2796,2797,411.0,26062171,411.0,28414,416.0,28434
2799,2797,2798,411.0,26090585,416.0,28434,411.0,28407
2800,2798,2799,416.0,26118964,411.0,28407,411.0,28414
2801,2799,2800,411.0,26147395,411.0,28414,411.0,28414
2802,2800,2801,411.0,26175809,411.0,28414,401.0,16901
2803,2801,2802,411.0,26204223,401.0,16901,401.0,29010
2804,2802,2803,401.0,25994653,401.0,29010,401.0,29010
2805,2803,2804,401.0,26023663,401.0,29010,401.0,29010
2806,2804,2805,401.0,26052673,401.0,29010,401.0,29010
2807,2805,2806,401.0,26081683,401.0,29010,401.0,29010
2808,2806,2807,401.0,26110693,401.0,29010,401.0,29010
2809,2807,2808,401.0,26139703,401.0,29010,406.0,28996
2810,2808,2809,401.0,26168713,406.0,28996,350.0,697663
2811,2809,2810,406.0,26197708,350.0,697663,562.0,1097204
2812,2810,2811,350.0,130586423,562.0,1097204,547.0,5578
2813,2811,2812,562.0,143965684,547.0,5578,549.0,377913
2814,2812,2813,547.0,2100558,549.0,377913,551.0,80803
2815,2813,2814,549.0,122210393,551.0,80803,529.0,112230
2816,2814,2815,551.0,26208595,529.0,112230,527.0,119765
2817,2815,2816,529.0,26927974,527.0,119765,496.0,1072245
2818,2816,2817,527.0,26206203,496.0,1072245,478.0,813752
2819,2817,2818,496.0,122581085,478.0,813752,411.0,9680
2820,2818,2819,478.0,122322592,411.0,9680,411.0,28414
2821,2819,2820,411.0,26225760,411.0,28414,411.0,28414
2822,2820,2821,411.0,26254174,411.0,28414,411.0,28414
2823,2821,2822,411.0,26282588,411.0,28414,411.0,28397
2824,2822,2823,411.0,26311002,411.0,28397,411.0,28414
2825,2823,2824,411.0,26339399,411.0,28414,411.0,28414
2826,2824,2825,411.0,26367813,411.0,28414,411.0,28414
2827,2825,2826,411.0,26396227,411.0,28414,416.0,28434
2828,2826,2827,411.0,26424641,416.0,28434,401.0,27619
2829,2827,2828,416.0,26453020,401.0,27619,401.0,29010
2830,2828,2829,401.0,26243699,401.0,29010,401.0,29010
2831,2829,2830,401.0,26272709,401.0,29010,401.0,29010
2832,2830,2831,401.0,26301719,401.0,29010,401.0,29010
2833,2831,2832,401.0,26330729,401.0,29010,406.0,29011
2834,2832,2833,401.0,26359739,406.0,29011,407.0,144961
2835,2833,2834,406.0,26388745,407.0,144961,407.0,144962
2836,2834,2835,407.0,132088686,407.0,144962,562.0,162282
2837,2835,2836,407.0,132233648,562.0,162282,549.0,85243
2838,2836,2837,562.0,144341482,549.0,85243,549.0,377908
2839,2837,2838,549.0,122708843,549.0,377908,551.0,80798
2840,2838,2839,549.0,123086751,551.0,80798,529.0,34281
2841,2839,2840,551.0,26395954,529.0,34281,527.0,119766
2842,2840,2841,529.0,27096041,527.0,119766,496.0,335608
2843,2841,2842,527.0,26369016,496.0,335608,478.0,281255
2844,2842,2843,496.0,122959208,478.0,281255,390.0,10477
2845,2843,2844,478.0,122904855,390.0,10477,411.0,20183
2846,2844,2845,390.0,26464885,411.0,20183,411.0,28414
2847,2845,2846,411.0,26474591,411.0,28414,417.0,142097
2848,2846,2847,411.0,26503005,417.0,142097,411.0,28403
2849,2847,2848,417.0,132656867,411.0,28403,411.0,28414
2850,2848,2849,411.0,26559815,411.0,28414,411.0,28414
2851,2849,2850,411.0,26588229,411.0,28414,411.0,28414
2852,2850,2851,411.0,26616643,411.0,28414,417.0,142279
2853,2851,2852,411.0,26645057,417.0,142279,401.0,9326
2854,2852,2853,417.0,133367259,401.0,9326,401.0,29010
2855,2853,2854,401.0,26463734,401.0,29010,401.0,29010
2856,2854,2855,401.0,26492744,401.0,29010,401.0,29010
2857,2855,2856,401.0,26521754,401.0,29010,401.0,29010
2858,2856,2857,401.0,26550764,401.0,29010,407.0,145000
2859,2857,2858,401.0,26579774,407.0,145000,406.0,28993
2860,2858,2859,407.0,133043860,406.0,28993,401.0,29016
2861,2859,2860,406.0,26637764,401.0,29016,350.0,201788
2862,2860,2861,401.0,26666820,350.0,201788,561.0,142028
2863,2861,2862,350.0,132473828,561.0,142028,550.0,3876
2864,2862,2863,561.0,29240012,550.0,3876,551.0,80792
2865,2863,2864,550.0,2137296,551.0,80792,553.0,83453
2866,2864,2865,551.0,26583312,553.0,83453,527.0,77420
2867,2865,2866,553.0,27524349,527.0,77420,527.0,119747
2868,2866,2867,527.0,26531828,527.0,119747,496.0,767303
2869,2867,2868,527.0,26651575,496.0,767303,457.0,63428
2870,2868,2869,496.0,124505663,457.0,63428,411.0,2271
2871,2869,2870,457.0,13290632,411.0,2271,411.0,28414
2872,2870,2871,411.0,26695007,411.0,28414,416.0,28441
2873,2871,2872,411.0,26723421,416.0,28441,411.0,28409
2874,2872,2873,416.0,26751805,411.0,28409,411.0,28414
2875,2873,2874,411.0,26780231,411.0,28414,411.0,28414
2876,2874,2875,411.0,26808645,411.0,28414,415.0,28413
2877,2875,2876,411.0,26837059,415.0,28413,411.0,28401
2878,2876,2877,415.0,26865423,411.0,28401,411.0,28414
2879,2877,2878,411.0,26893869,411.0,28414,401.0,20043
2880,2878,2879,411.0,26922283,401.0,20043,401.0,29010
2881,2879,2880,401.0,26712779,401.0,29010,401.0,29010
2882,2880,2881,401.0,26741789,401.0,29010,406.0,29011
2883,2881,2882,401.0,26770799,406.0,29011,407.0,144961
2884,2882,2883,406.0,26799805,407.0,144961,407.0,144962
2885,2883,2884,407.0,134143986,407.0,144962,401.0,29013
2886,2884,2885,407.0,134288948,401.0,29013,401.0,29010
2887,2885,2886,401.0,26886855,401.0,29010,350.0,903660
2888,2886,2887,401.0,26915865,350.0,903660,562.0,1257998
2889,2887,2888,350.0,134367340,562.0,1257998,552.0,79252
2890,2888,2889,562.0,148058638,552.0,79252,553.0,83439
2891,2889,2890,552.0,27202516,553.0,83439,527.0,1904
2892,2890,2891,553.0,27717743,527.0,1904,527.0,119747
2893,2891,2892,527.0,26694640,527.0,119747,496.0,30661
2894,2892,2893,527.0,26814387,496.0,30661,479.0,1047
2895,2893,2894,496.0,124883781,479.0,1047,470.0,87370
2896,2894,2895,479.0,2153687,470.0,87370,416.0,12712
2897,2895,2896,470.0,13009510,416.0,12712,411.0,28397
2898,2896,2897,416.0,26943776,411.0,28397,411.0,28414
2899,2897,2898,411.0,26972233,411.0,28414,411.0,28414
2900,2898,2899,411.0,27000647,411.0,28414,411.0,28414
2901,2899,2900,411.0,27029061,411.0,28414,416.0,28434
2902,2900,2901,411.0,27057475,416.0,28434,411.0,28407
2903,2901,2902,416.0,27085854,411.0,28407,411.0,28414
2904,2902,2903,411.0,27114285,411.0,28414,401.0,1750
2905,2903,2904,411.0,27142699,401.0,1750,401.0,29010
2906,2904,2905,401.0,26932814,401.0,29010,401.0,29010
2907,2905,2906,401.0,26961824,401.0,29010,407.0,145000
2908,2906,2907,401.0,26990834,407.0,145000,406.0,28993
2909,2907,2908,407.0,135099160,406.0,28993,401.0,29016
2910,2908,2909,406.0,27048824,401.0,29016,401.0,29010
2911,2909,2910,401.0,27077880,401.0,29010,401.0,29010
2912,2910,2911,401.0,27106890,401.0,29010,401.0,29010
2913,2911,2912,401.0,27135900,401.0,29010,562.0,323070
2914,2912,2913,401.0,27164910,562.0,323070,552.0,27447
2915,2913,2914,562.0,148434430,552.0,27447,553.0,83425
2916,2914,2915,552.0,27392883,553.0,83425,545.0,75598
2917,2915,2916,553.0,27911137,545.0,75598,527.0,46134
2918,2916,2917,545.0,25370036,527.0,46134,521.0,119761
2919,2917,2918,527.0,26977198,521.0,119761,496.0,462349
2920,2918,2919,521.0,27097015,496.0,462349,478.0,372805
2921,2919,2920,496.0,126430229,478.0,372805,390.0,95717
2922,2920,2921,478.0,126340685,390.0,95717,411.0,23258
2923,2921,2922,390.0,27265109,411.0,23258,411.0,28414
2924,2922,2923,411.0,27192650,411.0,28414,411.0,28414
2925,2923,2924,411.0,27221064,411.0,28414,411.0,28414
2926,2924,2925,411.0,27249478,411.0,28414,411.0,28397
2927,2925,2926,411.0,27277892,411.0,28397,411.0,28414
2928,2926,2927,411.0,27306289,411.0,28414,411.0,28414
2929,2927,2928,411.0,27334703,411.0,28414,411.0,28414
2930,2928,2929,411.0,27363117,411.0,28414,401.0,12469
2931,2929,2930,411.0,27391531,401.0,12469,401.0,29010
2932,2930,2931,401.0,27181861,401.0,29010,406.0,28996
2933,2931,2932,401.0,27210871,406.0,28996,407.0,144962
2934,2932,2933,406.0,27239866,407.0,144962,401.0,29015
2935,2933,2934,407.0,136344292,401.0,29015,401.0,29010
2936,2934,2935,401.0,27297917,401.0,29010,401.0,29010
2937,2935,2936,401.0,27326927,401.0,29010,401.0,29010
2938,2936,2937,401.0,27355937,401.0,29010,350.0,407856
2939,2937,2938,401.0,27384947,350.0,407856,561.0,174198
2940,2938,2939,350.0,136254816,561.0,174198,553.0,58733
2941,2939,2940,561.0,30058614,553.0,58733,545.0,75603
2942,2940,2941,553.0,28104557,545.0,75603,551.0,80825
2943,2941,2942,545.0,25545317,551.0,80825,528.0,91858
2944,2942,2943,551.0,27387919,528.0,91858,529.0,123631
2945,2943,2944,528.0,27699466,529.0,123631,496.0,894093
2946,2944,2945,529.0,28262831,496.0,894093,482.0,151222
2947,2945,2946,496.0,127976733,482.0,151222,411.0,5348
2948,2946,2947,482.0,28197046,411.0,5348,411.0,28414
2949,2947,2948,411.0,27413068,411.0,28414,411.0,28414
2950,2948,2949,411.0,27441482,411.0,28414,416.0,28423
2951,2949,2950,411.0,27469896,416.0,28423,411.0,28404
2952,2950,2951,416.0,27498267,411.0,28404,411.0,28414
2953,2951,2952,411.0,27526706,411.0,28414,411.0,28414
2954,2952,2953,411.0,27555120,411.0,28414,411.0,28414
2955,2953,2954,411.0,27583534,411.0,28414,411.0,28397
2956,2954,2955,411.0,27611948,411.0,28397,407.0,115917
2957,2955,2956,411.0,27640345,407.0,115917,407.0,144962
2958,2956,2957,407.0,137154517,407.0,144962,406.0,28993
2959,2957,2958,407.0,137299479,406.0,28993,401.0,29013
2960,2958,2959,406.0,27488888,401.0,29013,401.0,29010
2961,2959,2960,401.0,27517953,401.0,29010,401.0,29010
2962,2960,2961,401.0,27546963,401.0,29010,401.0,29010
2963,2961,2962,401.0,27575973,401.0,29010,401.0,29010
2964,2962,2963,401.0,27604983,401.0,29010,350.0,1109779
2965,2963,2964,401.0,27633993,350.0,1109779,553.0,6127
2966,2964,2965,350.0,138148379,553.0,6127,549.0,378015
2967,2965,2966,553.0,28297967,549.0,378015,551.0,80826
2968,2966,2967,549.0,128602965,551.0,80826,528.0,15146
2969,2967,2968,551.0,27575284,528.0,15146,529.0,123647
2970,2968,2969,528.0,27864926,529.0,123647,496.0,157486
2971,2969,2970,529.0,28430911,496.0,157486,478.0,152284
2972,2970,2971,496.0,128354886,478.0,152284,470.0,87384
2973,2971,2972,478.0,128349684,470.0,87384,411.0,15851
2974,2972,2973,470.0,13364964,411.0,15851,411.0,28414
2975,2973,2974,411.0,27661899,411.0,28414,417.0,142242
2976,2974,2975,411.0,27690313,417.0,142242,411.0,28411
2977,2975,2976,417.0,138593512,411.0,28411,411.0,28414
2978,2976,2977,411.0,27747123,411.0,28414,411.0,28414
2979,2977,2978,411.0,27775537,411.0,28414,417.0,142097
2980,2978,2979,411.0,27803951,417.0,142097,411.0,28403
2981,2979,2980,417.0,139161597,411.0,28403,406.0,4882
2982,2980,2981,411.0,27860761,406.0,4882,407.0,144962
2983,2981,2982,406.0,27650930,407.0,144962,401.0,29016
2984,2982,2983,407.0,138399612,401.0,29016,401.0,29010
2985,2983,2984,401.0,27708978,401.0,29010,401.0,29010
2986,2984,2985,401.0,27737988,401.0,29010,401.0,29010
2987,2985,2986,401.0,27766998,401.0,29010,401.0,29010
2988,2986,2987,401.0,27796008,401.0,29010,401.0,29010
2989,2987,2988,401.0,27825018,401.0,29010,401.0,29010
2990,2988,2989,401.0,27854028,401.0,29010,562.0,483960
2991,2989,2990,401.0,27883038,562.0,483960,549.0,167156
2992,2990,2991,562.0,152527480,549.0,167156,551.0,80820
2993,2991,2992,549.0,129479316,551.0,80820,538.0,80844
2994,2992,2993,551.0,27762642,538.0,80844,529.0,61119
2995,2993,2994,538.0,27843514,529.0,61119,527.0,119776
2996,2994,2995,529.0,28598975,527.0,119776,496.0,589177
2997,2995,2996,527.0,27824972,496.0,589177,478.0,464487
2998,2996,2997,496.0,129901337,478.0,464487,390.0,181014
2999,2997,2998,478.0,129776647,390.0,181014,415.0,26297
3000,2998,2999,390.0,28065390,415.0,26297,411.0,28399
3001,2999,3000,415.0,27910673,411.0,28399,411.0,28414
3002,3000,3001,411.0,27939125,411.0,28414,411.0,28414
3003,3001,3002,411.0,27967539,411.0,28414,411.0,28414
3004,3002,3003,411.0,27995953,411.0,28414,415.0,28442
3005,3003,3004,411.0,28024367,415.0,28442,411.0,28409
3006,3004,3005,415.0,28052752,411.0,28409,411.0,28414
3007,3005,3006,411.0,28081177,411.0,28414,406.0,15575
3008,3006,3007,411.0,28109591,406.0,15575,401.0,29014
3009,3007,3008,406.0,27899951,401.0,29014,401.0,29010
3010,3008,3009,401.0,27929014,401.0,29010,401.0,29010
3011,3009,3010,401.0,27958024,401.0,29010,401.0,29010
3012,3010,3011,401.0,27987034,401.0,29010,401.0,29010
3013,3011,3012,401.0,28016044,401.0,29010,401.0,29010
3014,3012,3013,401.0,28045054,401.0,29010,401.0,29010
3015,3013,3014,401.0,28074064,401.0,29010,350.0,613924
3016,3014,3015,401.0,28103074,350.0,613924,562.0,1031840
3017,3015,3016,350.0,140035804,562.0,1031840,551.0,65628
3018,3016,3017,562.0,154386080,551.0,65628,538.0,80840
3019,3017,3018,551.0,27950004,538.0,80840,549.0,378160
3020,3018,3019,538.0,28030874,549.0,378160,527.0,103413
3021,3019,3020,549.0,131490060,527.0,103413,527.0,119747
3022,3020,3021,527.0,27987789,527.0,119747,496.0,1020894
3023,3021,3022,527.0,28107536,496.0,1020894,482.0,171447
3024,3022,3023,496.0,131447814,482.0,171447,417.0,42022
3025,3023,3024,482.0,28955319,417.0,42022,411.0,28406
3026,3024,3025,417.0,140655542,411.0,28406,411.0,28414
3027,3025,3026,411.0,28159542,411.0,28414,411.0,28414
3028,3026,3027,411.0,28187956,411.0,28414,417.0,142006
3029,3027,3028,411.0,28216370,417.0,142006,411.0,28398
3030,3028,3029,417.0,141223626,411.0,28398,411.0,28414
3031,3029,3030,411.0,28273180,411.0,28414,411.0,28414
3032,3030,3031,411.0,28301594,411.0,28414,411.0,28414
3033,3031,3032,411.0,28330008,411.0,28414,401.0,26346
3034,3032,3033,411.0,28358422,401.0,26346,401.0,29010
3035,3033,3034,401.0,28149050,401.0,29010,401.0,29010
3036,3034,3035,401.0,28178060,401.0,29010,401.0,29010
3037,3035,3036,401.0,28207070,401.0,29010,401.0,29010
3038,3036,3037,401.0,28236080,401.0,29010,401.0,29010
3039,3037,3038,401.0,28265090,401.0,29010,401.0,29010
3040,3038,3039,401.0,28294100,401.0,29010,401.0,29010
3041,3039,3040,401.0,28323110,401.0,29010,562.0,96952
3042,3040,3041,401.0,28352120,562.0,96952,551.0,14665
3043,3041,3042,562.0,154761912,551.0,14665,538.0,80842
3044,3042,3043,551.0,28137369,538.0,80842,547.0,6518
3045,3043,3044,538.0,28218240,547.0,6518,529.0,28809
3046,3044,3045,547.0,2282178,529.0,28809,527.0,119751
3047,3045,3046,529.0,29058697,527.0,119751,496.0,284284
3048,3046,3047,527.0,28270355,496.0,284284,474.0,48785
3049,3047,3048,496.0,131825964,474.0,48785,470.0,87383
3050,3048,3049,474.0,26357121,470.0,87383,411.0,18928
3051,3049,3050,470.0,13720403,411.0,18928,411.0,28414
3052,3050,3051,411.0,28379960,411.0,28414,411.0,28414
3053,3051,3052,411.0,28408374,411.0,28414,417.0,142151
3054,3052,3053,411.0,28436788,417.0,142151,411.0,28406
3055,3053,3054,417.0,142325821,411.0,28406,411.0,28414
3056,3054,3055,411.0,28493598,411.0,28414,411.0,28414
3057,3055,3056,411.0,28522012,411.0,28414,417.0,142006
3058,3056,3057,411.0,28550426,417.0,142006,401.0,8054
3059,3057,3058,417.0,142893906,401.0,8054,401.0,29010
3060,3058,3059,401.0,28369086,401.0,29010,401.0,29010
3061,3059,3060,401.0,28398096,401.0,29010,401.0,29010
3062,3060,3061,401.0,28427106,401.0,29010,401.0,29010
3063,3061,3062,401.0,28456116,401.0,29010,401.0,29010
3064,3062,3063,401.0,28485126,401.0,29010,401.0,29010
3065,3063,3064,401.0,28514136,401.0,29010,401.0,29010
3066,3064,3065,401.0,28543146,401.0,29010,347.0,23625
3067,3065,3066,401.0,28572156,347.0,23625,562.0,644831
3068,3066,3067,347.0,28384657,562.0,644831,538.0,44566
3069,3067,3068,562.0,156620511,538.0,44566,549.0,378152
3070,3068,3069,538.0,28405598,549.0,378152,545.0,75582
3071,3069,3070,549.0,133242812,545.0,75582,527.0,72138
3072,3070,3071,545.0,26724145,527.0,72138,528.0,121699
3073,3071,3072,527.0,28433170,528.0,121699,496.0,715989
3074,3072,3073,528.0,29013499,496.0,715989,478.0,556145
3075,3073,3074,496.0,133372429,478.0,556145,411.0,1017
3076,3074,3075,478.0,133212585,411.0,1017,411.0,28414
3077,3075,3076,411.0,28600377,411.0,28414,411.0,28414
3078,3076,3077,411.0,28628791,411.0,28414,417.0,142279
3079,3077,3078,411.0,28657205,417.0,142279,411.0,28413
3080,3078,3079,417.0,143427999,411.0,28413,411.0,28414
3081,3079,3080,411.0,28714015,411.0,28414,411.0,28414
3082,3080,3081,411.0,28742429,411.0,28414,417.0,142135
3083,3081,3082,411.0,28770843,417.0,142135,411.0,28405
3084,3082,3083,417.0,143996085,411.0,28405,401.0,18772
3085,3083,3084,411.0,28827653,401.0,18772,401.0,29010
3086,3084,3085,401.0,28618132,401.0,29010,401.0,29010
3087,3085,3086,401.0,28647142,401.0,29010,401.0,29010
3088,3086,3087,401.0,28676152,401.0,29010,401.0,29010
3089,3087,3088,401.0,28705162,401.0,29010,401.0,29010
3090,3088,3089,401.0,28734172,401.0,29010,401.0,29010
3091,3089,3090,401.0,28763182,401.0,29010,401.0,29010
3092,3090,3091,401.0,28792192,401.0,29010,350.0,820044
3093,3091,3092,401.0,28821202,350.0,820044,561.0,238546
3094,3092,3093,350.0,143816844,561.0,238546,549.0,347997
3095,3093,3094,561.0,31695826,549.0,347997,545.0,75582
3096,3094,3095,549.0,134119197,545.0,75582,551.0,80802
3097,3095,3096,545.0,26899422,551.0,80802,527.0,116377
3098,3096,3097,551.0,28835410,527.0,116377,521.0,119754
3099,3097,3098,527.0,28715737,521.0,119754,464.0,2522
3100,3098,3099,521.0,28835550,464.0,2522,457.0,90286
3101,3099,3100,464.0,14302202,457.0,90286,411.0,11520
3102,3100,3101,457.0,14392508,411.0,11520,417.0,142080
3103,3101,3102,411.0,28849208,417.0,142080,411.0,28402
3104,3102,3103,417.0,144387870,411.0,28402,411.0,28414
3105,3103,3104,411.0,28906018,411.0,28414,411.0,28414
3106,3104,3105,411.0,28934432,411.0,28414,411.0,28414
3107,3105,3106,411.0,28962846,411.0,28414,416.0,28452
3108,3106,3107,411.0,28991260,416.0,28452,411.0,28412
3109,3107,3108,416.0,29019652,411.0,28412,401.0,480
3110,3108,3109,411.0,29048070,401.0,480,401.0,29010
3111,3109,3110,401.0,28838168,401.0,29010,401.0,29010
3112,3110,3111,401.0,28867178,401.0,29010,401.0,29010
3113,3111,3112,401.0,28896188,401.0,29010,401.0,29010
3114,3112,3113,401.0,28925198,401.0,29010,401.0,29010
3115,3113,3114,401.0,28954208,401.0,29010,401.0,29010
3116,3114,3115,401.0,28983218,401.0,29010,401.0,29010
3117,3115,3116,401.0,29012228,401.0,29010,406.0,29007
3118,3116,3117,401.0,29041238,406.0,29007,562.0,257825
3119,3117,3118,406.0,29070241,562.0,257825,549.0,109607
3120,3118,3119,562.0,158854945,549.0,109607,545.0,75582
3121,3119,3120,549.0,134995567,545.0,75582,551.0,80799
3122,3120,3121,545.0,27074696,551.0,80799,527.0,40864
3123,3121,3122,551.0,29022771,527.0,40864,521.0,119761
3124,3122,3123,527.0,28878552,521.0,119761,496.0,411093
3125,3123,3124,521.0,28998369,496.0,411093,478.0,335574
3126,3124,3125,496.0,135297053,478.0,335574,390.0,61128
3127,3125,3126,478.0,135221534,390.0,61128,416.0,21990
3128,3126,3127,390.0,29137144,416.0,21990,411.0,28408
3129,3127,3128,416.0,29098006,411.0,28408,411.0,28414
3130,3128,3129,411.0,29126434,411.0,28414,411.0,28414
3131,3129,3130,411.0,29154848,411.0,28414,417.0,142043
3132,3130,3131,411.0,29183262,417.0,142043,411.0,28400
3133,3131,3132,417.0,146058113,411.0,28400,411.0,28414
3134,3132,3133,411.0,29240072,411.0,28414,411.0,28414
3135,3133,3134,411.0,29268486,411.0,28414,401.0,11197
3136,3134,3135,411.0,29296900,401.0,11197,401.0,29010
3137,3135,3136,401.0,29087213,401.0,29010,401.0,29010
3138,3136,3137,401.0,29116223,401.0,29010,401.0,29010
3139,3137,3138,401.0,29145233,401.0,29010,401.0,29010
3140,3138,3139,401.0,29174243,401.0,29010,401.0,29010
3141,3139,3140,401.0,29203253,401.0,29010,401.0,29010
3142,3140,3141,401.0,29232263,401.0,29010,406.0,28996
3143,3141,3142,401.0,29261273,406.0,28996,350.0,324167
3144,3142,3143,406.0,29290268,350.0,324167,561.0,161133
3145,3143,3144,350.0,145704247,561.0,161133,551.0,53319
3146,3144,3145,561.0,32142701,551.0,53319,551.0,80792
3147,3145,3146,551.0,29129335,551.0,80792,553.0,83451
3148,3146,3147,551.0,29210127,553.0,83451,521.0,85161
3149,3147,3148,553.0,30235899,521.0,85161,529.0,123602
3150,3148,3149,521.0,29161177,529.0,123602,496.0,842775
3151,3149,3150,529.0,30225490,496.0,842775,478.0,647764
3152,3150,3151,496.0,136843495,478.0,647764,411.0,4093
3153,3151,3152,478.0,136648484,411.0,4093,411.0,28414
3154,3152,3153,411.0,29318437,411.0,28414,411.0,28414
3155,3153,3154,411.0,29346851,411.0,28414,411.0,28414
3156,3154,3155,411.0,29375265,411.0,28414,416.0,28434
3157,3155,3156,411.0,29403679,416.0,28434,411.0,28407
3158,3156,3157,416.0,29432058,411.0,28407,411.0,28414
3159,3157,3158,411.0,29460489,411.0,28414,411.0,28414
3160,3158,3159,411.0,29488903,411.0,28414,416.0,28405
3161,3159,3160,411.0,29517317,416.0,28405,401.0,21915
3162,3160,3161,416.0,29545675,401.0,21915,401.0,29010
3163,3161,3162,401.0,29336259,401.0,29010,401.0,29010
3164,3162,3163,401.0,29365269,401.0,29010,401.0,29010
3165,3163,3164,401.0,29394279,401.0,29010,401.0,29010
3166,3164,3165,401.0,29423289,401.0,29010,407.0,145055
3167,3165,3166,401.0,29452299,407.0,145055,406.0,28993
3168,3166,3167,407.0,147406525,406.0,28993,407.0,144961
3169,3167,3168,406.0,29510297,407.0,144961,350.0,1026044
3170,3168,3169,407.0,147696446,350.0,1026044,551.0,2349
3171,3169,3170,350.0,147597764,551.0,2349,552.0,82147
3172,3170,3171,551.0,29316693,552.0,82147,553.0,83437
3173,3171,3172,552.0,29871697,553.0,83437,521.0,9645
3174,3172,3173,553.0,30429293,521.0,9645,529.0,123602
3175,3173,3174,521.0,29323989,529.0,123602,496.0,106134
3176,3174,3175,529.0,30393554,496.0,106134,457.0,12312
3177,3175,3176,496.0,137221614,457.0,12312,482.0,186386
3178,3176,3177,457.0,14669484,482.0,186386,411.0,14595
3179,3177,3178,482.0,30471826,411.0,14595,411.0,28414
3180,3178,3179,411.0,29567267,411.0,28414,411.0,28414
3181,3179,3180,411.0,29595681,411.0,28414,417.0,142279
3182,3180,3181,411.0,29624095,417.0,142279,411.0,28413
3183,3181,3182,417.0,148262449,411.0,28413,411.0,28414
3184,3182,3183,411.0,29680905,411.0,28414,411.0,28414
3185,3183,3184,411.0,29709319,411.0,28414,417.0,142135
3186,3184,3185,411.0,29737733,417.0,142135,401.0,3622
3187,3185,3186,417.0,148830535,401.0,3622,401.0,29010
3188,3186,3187,401.0,29556294,401.0,29010,401.0,29010
3189,3187,3188,401.0,29585304,401.0,29010,401.0,29010
3190,3188,3189,401.0,29614314,401.0,29010,401.0,29010
3191,3189,3190,401.0,29643324,401.0,29010,407.0,145000
3192,3190,3191,401.0,29672334,407.0,145000,406.0,28993
3193,3191,3192,407.0,148506660,406.0,28993,401.0,29016
3194,3192,3193,406.0,29730324,401.0,29016,401.0,29010
3195,3193,3194,401.0,29759380,401.0,29010,562.0,418619
3196,3194,3195,401.0,29788390,562.0,418619,552.0,32746
3197,3195,3196,562.0,162947899,552.0,32746,553.0,83430
3198,3196,3197,552.0,30062074,553.0,83430,549.0,377996
3199,3197,3198,553.0,30622694,549.0,377996,529.0,55641
3200,3198,3199,549.0,139136906,529.0,55641,527.0,119758
3201,3199,3200,529.0,30561625,527.0,119758,496.0,537840
3202,3200,3201,527.0,29726308,496.0,537840,470.0,44211
3203,3201,3202,496.0,138768080,470.0,44211,390.0,146373
3204,3202,3203,470.0,14343891,390.0,146373,411.0,25098
3205,3203,3204,390.0,29937373,411.0,25098,416.0,28416
3206,3204,3205,411.0,29816098,416.0,28416,411.0,28402
3207,3205,3206,416.0,29844464,411.0,28402,411.0,28414
3208,3206,3207,411.0,29872908,411.0,28414,411.0,28414
3209,3207,3208,411.0,29901322,411.0,28414,411.0,28414
3210,3208,3209,411.0,29929736,411.0,28414,416.0,28452
3211,3209,3210,411.0,29958150,416.0,28452,411.0,28412
3212,3210,3211,416.0,29986542,411.0,28412,401.0,14339
3213,3211,3212,411.0,30014960,401.0,14339,401.0,29010
3214,3212,3213,401.0,29805339,401.0,29010,401.0,29010
3215,3213,3214,401.0,29834349,401.0,29010,407.0,145055
3216,3214,3215,401.0,29863359,407.0,145055,406.0,28993
3217,3215,3216,407.0,149461825,406.0,28993,407.0,144961
3218,3216,3217,406.0,29921357,407.0,144961,401.0,29013
3219,3217,3218,407.0,149751746,401.0,29013,401.0,29010
3220,3218,3219,401.0,29979415,401.0,29010,350.0,530163
3221,3219,3220,401.0,30008425,350.0,530163,562.0,966459
3222,3220,3221,350.0,149485163,562.0,966459,553.0,64082
3223,3221,3222,562.0,164806459,553.0,64082,549.0,377954
3224,3222,3223,553.0,30816082,549.0,377954,551.0,80813
3225,3223,3224,549.0,140013244,551.0,80813,527.0,98118
3226,3224,3225,551.0,30014723,527.0,98118,528.0,121705
3227,3225,3226,527.0,29889118,528.0,121705,496.0,969522
3228,3226,3227,528.0,30492934,496.0,969522,478.0,739324
3229,3227,3228,496.0,140314522,478.0,739324,411.0,7186
3230,3228,3229,478.0,140084324,411.0,7186,417.0,142188
3231,3229,3230,411.0,30036514,417.0,142188,411.0,28408
3232,3230,3231,417.0,150324478,411.0,28408,411.0,28414
3233,3231,3232,411.0,30093324,411.0,28414,411.0,28414
3234,3232,3233,411.0,30121738,411.0,28414,417.0,142043
3235,3233,3234,411.0,30150152,417.0,142043,411.0,28400
3236,3234,3235,417.0,150892563,411.0,28400,411.0,28414
3237,3235,3236,411.0,30206962,411.0,28414,411.0,28414
3238,3236,3237,411.0,30235376,411.0,28414,401.0,25056
3239,3237,3238,411.0,30263790,401.0,25056,401.0,29010
3240,3238,3239,401.0,30054384,401.0,29010,407.0,145000
3241,3239,3240,401.0,30083394,407.0,145000,406.0,28993
3242,3240,3241,407.0,150561960,406.0,28993,401.0,29016
3243,3241,3242,406.0,30141384,401.0,29016,401.0,29010
3244,3242,3243,401.0,30170440,401.0,29010,401.0,29010
3245,3243,3244,401.0,30199450,401.0,29010,401.0,29010
3246,3244,3245,401.0,30228460,401.0,29010,561.0,6306
3247,3245,3246,401.0,30257470,561.0,6306,553.0,11461
3248,3246,3247,561.0,33036450,553.0,11461,549.0,377927
3249,3247,3248,553.0,31009477,549.0,377927,551.0,80806
3250,3248,3249,549.0,140889597,551.0,80806,527.0,22601
3251,3249,3250,551.0,30202080,527.0,22601,528.0,121702
3252,3250,3251,527.0,30051929,528.0,121702,496.0,232876
3253,3251,3252,528.0,30658369,496.0,232876,483.0,45683
3254,3252,3253,496.0,140692636,483.0,45683,474.0,168951
3255,3253,3254,483.0,31043699,474.0,168951,417.0,88350
3256,3254,3255,474.0,28302257,417.0,88350,411.0,28414
3257,3255,3256,417.0,151426630,411.0,28414,411.0,28414
3258,3256,3257,411.0,30313740,411.0,28414,411.0,28414
3259,3257,3258,411.0,30342154,411.0,28414,417.0,142151
3260,3258,3259,411.0,30370568,417.0,142151,411.0,28406
3261,3259,3260,417.0,151994721,411.0,28406,411.0,28414
3262,3260,3261,411.0,30427378,411.0,28414,411.0,28414
3263,3261,3262,411.0,30455792,411.0,28414,401.0,6763
3264,3262,3263,411.0,30484206,401.0,6763,407.0,145055
3265,3263,3264,401.0,30274419,407.0,145055,406.0,28993
3266,3264,3265,407.0,151517125,406.0,28993,407.0,144961
3267,3265,3266,406.0,30332417,407.0,144961,401.0,29013
3268,3266,3267,407.0,151807046,401.0,29013,401.0,29010
3269,3267,3268,401.0,30390475,401.0,29010,401.0,29010
3270,3268,3269,401.0,30419485,401.0,29010,401.0,29010
3271,3269,3270,401.0,30448495,401.0,29010,350.0,34257
3272,3270,3271,401.0,30477505,350.0,34257,561.0,115874
3273,3271,3272,350.0,151372537,561.0,115874,549.0,191414
3274,3272,3273,561.0,33408162,549.0,191414,551.0,80797
3275,3273,3274,549.0,141765934,551.0,80797,538.0,80794
3276,3274,3275,551.0,30389435,538.0,80794,528.0,67956
3277,3275,3276,538.0,30470280,528.0,67956,521.0,119732
3278,3276,3277,528.0,30823800,521.0,119732,496.0,664556
3279,3277,3278,521.0,30454286,496.0,664556,464.0,55461
3280,3278,3279,496.0,142239076,464.0,55461,390.0,231598
3281,3279,3280,464.0,15189289,390.0,231598,411.0,28172
3282,3280,3281,390.0,30737582,411.0,28172,411.0,28414
3283,3281,3282,411.0,30534156,411.0,28414,411.0,28414
3284,3282,3283,411.0,30562570,411.0,28414,416.0,28452
3285,3283,3284,411.0,30590984,416.0,28452,411.0,28412
3286,3284,3285,416.0,30619376,411.0,28412,411.0,28414
3287,3285,3286,411.0,30647794,411.0,28414,411.0,28414
3288,3286,3287,411.0,30676208,411.0,28414,416.0,28423
3289,3287,3288,411.0,30704622,416.0,28423,405.0,17468
3290,3288,3289,416.0,30732993,405.0,17468,407.0,144962
3291,3289,3290,405.0,30523452,407.0,144962,401.0,29016
3292,3290,3291,407.0,152762217,401.0,29016,401.0,29010
3293,3291,3292,401.0,30581500,401.0,29010,401.0,29010
3294,3292,3293,401.0,30610510,401.0,29010,401.0,29010
3295,3293,3294,401.0,30639520,401.0,29010,401.0,29010
3296,3294,3295,401.0,30668530,401.0,29010,401.0,29010
3297,3295,3296,401.0,30697540,401.0,29010,350.0,736129
3298,3296,3297,401.0,30726550,350.0,736129,562.0,1127229
3299,3297,3298,350.0,153266049,562.0,1127229,551.0,70808
3300,3298,3299,562.0,168899389,551.0,70808,553.0,83449
3301,3299,3300,551.0,30576792,553.0,83449,548.0,75607
3302,3300,3301,553.0,31646649,548.0,75607,521.0,111113
3303,3301,3302,548.0,28755331,521.0,111113,527.0,119781
3304,3302,3303,521.0,30617097,527.0,119781,496.0,1096247
3305,3303,3304,527.0,30736869,496.0,1096247,479.0,14330
3306,3304,3305,496.0,143785527,479.0,14330,411.0,10260
3307,3305,3306,479.0,2474490,411.0,10260,411.0,28414
3308,3306,3307,411.0,30754572,411.0,28414,417.0,142043
3309,3307,3308,411.0,30782986,417.0,142043,411.0,28400
3310,3308,3309,417.0,154056733,411.0,28400,411.0,28414
3311,3309,3310,411.0,30839796,411.0,28414,411.0,28414
3312,3310,3311,411.0,30868210,411.0,28414,411.0,28414
3313,3311,3312,411.0,30896624,411.0,28414,416.0,28445
3314,3312,3313,411.0,30925038,416.0,28445,411.0,28410
3315,3313,3314,416.0,30953425,411.0,28410,406.0,28159
3316,3314,3315,411.0,30981848,406.0,28159,401.0,29013
3317,3315,3316,406.0,30772471,401.0,29013,401.0,29010
3318,3316,3317,401.0,30801535,401.0,29010,401.0,29010
3319,3317,3318,401.0,30830545,401.0,29010,401.0,29010
3320,3318,3319,401.0,30859555,401.0,29010,401.0,29010
3321,3319,3320,401.0,30888565,401.0,29010,401.0,29010
3322,3320,3321,401.0,30917575,401.0,29010,401.0,29010
3323,3321,3322,401.0,30946585,401.0,29010,561.0,38460
3324,3322,3323,401.0,30975595,561.0,38460,552.0,20217
3325,3323,3324,561.0,33855036,552.0,20217,553.0,83436
3326,3324,3325,552.0,31260405,553.0,83436,549.0,378008
3327,3325,3326,553.0,31840044,549.0,378008,521.0,35597
3328,3326,3327,549.0,144653008,521.0,35597,527.0,119781
3329,3327,3328,521.0,30779909,527.0,119781,506.0,5895
3330,3328,3329,527.0,30899681,506.0,5895,478.0,298344
3331,3329,3330,506.0,2485275,478.0,298344,390.0,26390
3332,3330,3331,478.0,144102384,390.0,26390,411.0,20762
3333,3331,3332,390.0,31009030,411.0,20762,417.0,142151
3334,3332,3333,411.0,31003402,417.0,142151,411.0,28406
3335,3333,3334,417.0,155158891,411.0,28406,411.0,28414
3336,3334,3335,411.0,31060212,411.0,28414,411.0,28414
3337,3335,3336,411.0,31088626,411.0,28414,417.0,142006
3338,3336,3337,411.0,31117040,417.0,142006,411.0,28398
3339,3337,3338,417.0,155726976,411.0,28398,411.0,28414
3340,3338,3339,411.0,31173850,411.0,28414,401.0,9920
3341,3339,3340,411.0,31202264,401.0,9920,401.0,29010
3342,3340,3341,401.0,30992560,401.0,29010,401.0,29010
3343,3341,3342,401.0,31021570,401.0,29010,401.0,29010
3344,3342,3343,401.0,31050580,401.0,29010,401.0,29010
3345,3343,3344,401.0,31079590,401.0,29010,401.0,29010
3346,3344,3345,401.0,31108600,401.0,29010,401.0,29010
3347,3345,3346,401.0,31137610,401.0,29010,401.0,29010
3348,3346,3347,401.0,31166620,401.0,29010,350.0,240222
3349,3347,3348,401.0,31195630,350.0,240222,561.0,148028
3350,3348,3349,350.0,155153422,561.0,148028,553.0,51351
3351,3349,3350,561.0,34226748,553.0,51351,549.0,377965
3352,3350,3351,553.0,32033431,549.0,377965,551.0,80815
3353,3351,3352,549.0,145529345,551.0,80815,527.0,79850
3354,3352,3353,551.0,31194027,527.0,79850,527.0,119747
3355,3353,3354,527.0,31062490,527.0,119747,506.0,13510
3356,3354,3355,527.0,31182237,506.0,13510,482.0,134751
3357,3355,3356,506.0,2512110,482.0,134751,411.0,2851
3358,3356,3357,482.0,32116831,411.0,2851,417.0,142279
3359,3357,3358,411.0,31223819,417.0,142279,411.0,28413
3360,3358,3359,417.0,156261069,411.0,28413,411.0,28414
3361,3359,3360,411.0,31280629,411.0,28414,411.0,28414
3362,3360,3361,411.0,31309043,411.0,28414,417.0,142135
3363,3361,3362,411.0,31337457,417.0,142135,411.0,28405
3364,3362,3363,417.0,156829155,411.0,28405,411.0,28414
3365,3363,3364,411.0,31394267,411.0,28414,411.0,28414
3366,3364,3365,411.0,31422681,411.0,28414,401.0,20638
3367,3365,3366,411.0,31451095,401.0,20638,401.0,29010
3368,3366,3367,401.0,31241606,401.0,29010,401.0,29010
3369,3367,3368,401.0,31270616,401.0,29010,401.0,29010
3370,3368,3369,401.0,31299626,401.0,29010,401.0,29010
3371,3369,3370,401.0,31328636,401.0,29010,401.0,29010
3372,3370,3371,401.0,31357646,401.0,29010,401.0,29010
3373,3371,3372,401.0,31386656,401.0,29010,401.0,29010
3374,3372,3373,401.0,31415666,401.0,29010,349.0,188429
3375,3373,3374,401.0,31444676,349.0,188429,562.0,1288038
3376,3374,3375,349.0,31409397,562.0,1288038,549.0,372169
3377,3375,3376,562.0,172992358,549.0,372169,551.0,80816
3378,3376,3377,549.0,146405729,551.0,80816,529.0,4483
3379,3377,3378,551.0,31381392,529.0,4483,527.0,119748
3380,3378,3379,529.0,32232579,527.0,119748,516.0,1156
3381,3379,3380,527.0,31345056,516.0,1156,478.0,77723
3382,3380,3381,516.0,2518976,478.0,77723,470.0,87373
3383,3381,3382,478.0,146111283,470.0,87373,411.0,13336
3384,3382,3383,470.0,15202363,411.0,13336,411.0,28414
3385,3383,3384,411.0,31472632,411.0,28414,411.0,28414
3386,3384,3385,411.0,31501046,411.0,28414,411.0,28414
3387,3385,3386,411.0,31529460,411.0,28414,416.0,28452
3388,3386,3387,411.0,31557874,416.0,28452,411.0,28412
3389,3387,3388,416.0,31586266,411.0,28412,411.0,28414
3390,3388,3389,411.0,31614684,411.0,28414,411.0,28414
3391,3389,3390,411.0,31643098,411.0,28414,401.0,2346
3392,3390,3391,411.0,31671512,401.0,2346,401.0,29010
3393,3391,3392,401.0,31461642,401.0,29010,401.0,29010
3394,3392,3393,401.0,31490652,401.0,29010,401.0,29010
3395,3393,3394,401.0,31519662,401.0,29010,401.0,29010
3396,3394,3395,401.0,31548672,401.0,29010,401.0,29010
3397,3395,3396,401.0,31577682,401.0,29010,401.0,29010
3398,3396,3397,401.0,31606692,401.0,29010,401.0,29010
3399,3397,3398,401.0,31635702,401.0,29010,401.0,29010
3400,3398,3399,401.0,31664712,401.0,29010,561.0,70630
3401,3399,3400,401.0,31693722,561.0,70630,549.0,133795
3402,3400,3401,561.0,34673638,549.0,133795,551.0,80817
3403,3401,3402,549.0,147282115,551.0,80817,538.0,80838
3404,3402,3403,551.0,31568757,538.0,80838,527.0,48580
3405,3403,3404,538.0,31649626,527.0,48580,528.0,121705
3406,3404,3405,527.0,31507876,528.0,121705,511.0,8518
3407,3405,3406,528.0,32137801,511.0,8518,478.0,389982
3408,3406,3407,511.0,2545558,478.0,389982,390.0,111668
3409,3407,3408,478.0,147538302,390.0,111668,411.0,23839
3410,3408,3409,390.0,31809292,411.0,23839,411.0,28414
3411,3409,3410,411.0,31721463,411.0,28414,415.0,28413
3412,3410,3411,411.0,31749877,415.0,28413,411.0,28401
3413,3411,3412,415.0,31778241,411.0,28401,411.0,28414
3414,3412,3413,411.0,31806687,411.0,28414,411.0,28414
3415,3413,3414,411.0,31835101,411.0,28414,411.0,28414
3416,3414,3415,411.0,31863515,411.0,28414,417.0,142242
3417,3415,3416,411.0,31891929,417.0,142242,401.0,13064
3418,3416,3417,417.0,159601592,401.0,13064,401.0,29010
3419,3417,3418,401.0,31710688,401.0,29010,401.0,29010
3420,3418,3419,401.0,31739698,401.0,29010,401.0,29010
3421,3419,3420,401.0,31768708,401.0,29010,401.0,29010
3422,3420,3421,401.0,31797718,401.0,29010,401.0,29010
3423,3421,3422,401.0,31826728,401.0,29010,401.0,29010
3424,3422,3423,401.0,31855738,401.0,29010,401.0,29010
3425,3423,3424,401.0,31884748,401.0,29010,350.0,446342
3426,3424,3425,401.0,31913758,350.0,446342,561.0,180206
3427,3425,3426,350.0,158934462,561.0,180206,551.0,58495
3428,3426,3427,561.0,35045358,551.0,58495,538.0,80833
3429,3427,3428,551.0,31756119,538.0,80833,545.0,75630
3430,3428,3429,538.0,31836985,545.0,75630,528.0,94372
3431,3429,3430,545.0,29858572,528.0,94372,521.0,119746
3432,3430,3431,528.0,32303248,521.0,119746,496.0,917015
3433,3431,3432,521.0,31910246,496.0,917015,482.0,155005
3434,3432,3433,496.0,149180095,482.0,155005,411.0,5928
3435,3433,3434,482.0,32875133,411.0,5928,411.0,28414
3436,3434,3435,411.0,31941880,411.0,28414,417.0,142188
3437,3435,3436,411.0,31970294,417.0,142188,411.0,28408
3438,3436,3437,417.0,159993378,411.0,28408,411.0,28414
3439,3437,3438,411.0,32027104,411.0,28414,411.0,28414
3440,3438,3439,411.0,32055518,411.0,28414,417.0,142043
3441,3439,3440,411.0,32083932,417.0,142043,411.0,28400
3442,3440,3441,417.0,160561463,411.0,28400,411.0,28414
3443,3441,3442,411.0,32140742,411.0,28414,401.0,23782
3444,3442,3443,411.0,32169156,401.0,23782,401.0,29010
3445,3443,3444,401.0,31959734,401.0,29010,401.0,29010
3446,3444,3445,401.0,31988744,401.0,29010,401.0,29010
3447,3445,3446,401.0,32017754,401.0,29010,401.0,29010
3448,3446,3447,401.0,32046764,401.0,29010,401.0,29010
3449,3447,3448,401.0,32075774,401.0,29010,407.0,145073
3450,3448,3449,401.0,32104784,407.0,145073,407.0,144962
3451,3449,3450,407.0,160668963,407.0,144962,350.0,1148220
3452,3450,3451,407.0,160813925,350.0,1148220,551.0,7526
3453,3451,3452,350.0,160827980,551.0,7526,538.0,80822
3454,3452,3453,551.0,31943478,538.0,80822,549.0,378123
3455,3453,3454,538.0,32024338,549.0,378123,527.0,17299
3456,3454,3455,549.0,150169213,527.0,17299,521.0,119750
3457,3455,3456,527.0,31953251,521.0,119750,496.0,180382
3458,3456,3457,521.0,32073062,496.0,180382,478.0,169362
3459,3457,3458,496.0,149558222,478.0,169362,470.0,87373
3460,3458,3459,478.0,149547202,470.0,87373,411.0,16430
3461,3459,3460,470.0,15557803,411.0,16430,411.0,28397
3462,3460,3461,411.0,32190710,411.0,28397,411.0,28414
3463,3461,3462,411.0,32219107,411.0,28414,411.0,28414
3464,3462,3463,411.0,32247521,411.0,28414,411.0,28414
3465,3463,3464,411.0,32275935,411.0,28414,416.0,28434
3466,3464,3465,411.0,32304349,416.0,28434,411.0,28407
3467,3465,3466,416.0,32332728,411.0,28407,411.0,28414
3468,3466,3467,411.0,32361159,411.0,28414,401.0,5490
3469,3467,3468,411.0,32389573,401.0,5490,401.0,29010
3470,3468,3469,401.0,32179770,401.0,29010,401.0,29010
3471,3469,3470,401.0,32208780,401.0,29010,401.0,29010
3472,3470,3471,401.0,32237790,401.0,29010,401.0,29010
3473,3471,3472,401.0,32266800,401.0,29010,401.0,29010
3474,3472,3473,401.0,32295810,401.0,29010,405.0,29008
3475,3473,3474,401.0,32324820,405.0,29008,407.0,144962
3476,3474,3475,405.0,32353824,407.0,144962,407.0,144962
3477,3475,3476,407.0,161914077,407.0,144962,562.0,513988
3478,3476,3477,407.0,162059039,562.0,513988,538.0,37416
3479,3477,3478,562.0,177461188,538.0,37416,549.0,378111
3480,3478,3479,538.0,32211696,549.0,378111,551.0,80848
3481,3479,3480,549.0,151045581,551.0,80848,521.0,61603
3482,3480,3481,551.0,32373362,521.0,61603,529.0,123604
3483,3481,3482,521.0,32235883,529.0,123604,496.0,612092
3484,3482,3483,529.0,33399380,496.0,612092,478.0,481595
3485,3483,3484,496.0,151104692,478.0,481595,390.0,196935
3486,3484,3485,478.0,150974195,390.0,196935,411.0,26916
3487,3485,3486,390.0,32609543,411.0,26916,411.0,28414
3488,3486,3487,411.0,32439524,411.0,28414,411.0,28414
3489,3487,3488,411.0,32467938,411.0,28414,411.0,28414
3490,3488,3489,411.0,32496352,411.0,28414,411.0,28397
3491,3489,3490,411.0,32524766,411.0,28397,411.0,28414
3492,3490,3491,411.0,32553163,411.0,28414,411.0,28414
3493,3491,3492,411.0,32581577,411.0,28414,411.0,28414
3494,3492,3493,411.0,32609991,411.0,28414,401.0,16209
3495,3493,3494,411.0,32638405,401.0,16209,401.0,29010
3496,3494,3495,401.0,32428817,401.0,29010,401.0,29010
3497,3495,3496,401.0,32457827,401.0,29010,401.0,29010
3498,3496,3497,401.0,32486837,401.0,29010,401.0,29010
3499,3497,3498,401.0,32515847,401.0,29010,407.0,145018
3500,3498,3499,401.0,32544857,407.0,145018,407.0,144962
3501,3499,3500,407.0,162869288,407.0,144962,406.0,28993
3502,3500,3501,407.0,163014250,406.0,28993,350.0,652448
3503,3501,3502,406.0,32631842,350.0,652448,561.0,212382
3504,3502,3503,350.0,162715488,561.0,212382,549.0,314626
3505,3503,3504,561.0,35863966,549.0,314626,549.0,377909
3506,3504,3505,549.0,151921986,549.0,377909,551.0,80797
3507,3505,3506,549.0,152299895,551.0,80797,529.0,109293
3508,3506,3507,551.0,32641523,529.0,109293,527.0,119768
3509,3507,3508,529.0,33567469,527.0,119768,496.0,1043838
3510,3508,3509,527.0,32638210,496.0,1043838,457.0,84862
3511,3509,3510,496.0,152651198,457.0,84862,411.0,9006
3512,3510,3511,457.0,16291166,411.0,9006,411.0,28414
3513,3511,3512,411.0,32659942,411.0,28414,411.0,28414
3514,3512,3513,411.0,32688356,411.0,28414,416.0,28423
3515,3513,3514,411.0,32716770,416.0,28423,411.0,28404
3516,3514,3515,416.0,32745141,411.0,28404,411.0,28414
3517,3515,3516,411.0,32773580,411.0,28414,411.0,28414
3518,3516,3517,411.0,32801994,411.0,28414,411.0,28414
3519,3517,3518,411.0,32830408,411.0,28414,411.0,28397
3520,3518,3519,411.0,32858822,411.0,28397,401.0,26927
3521,3519,3520,411.0,32887219,401.0,26927,401.0,29010
3522,3520,3521,401.0,32677863,401.0,29010,401.0,29010
3523,3521,3522,401.0,32706873,401.0,29010,401.0,29010
3524,3522,3523,401.0,32735883,401.0,29010,406.0,28996
3525,3523,3524,401.0,32764893,406.0,28996,407.0,144962
3526,3524,3525,406.0,32793888,407.0,144962,401.0,29015
3527,3525,3526,407.0,164114402,401.0,29015,401.0,29010
3528,3526,3527,401.0,32851939,401.0,29010,562.0,127040
3529,3527,3528,401.0,32880949,562.0,127040,549.0,76265
3530,3528,3529,562.0,179695680,549.0,76265,549.0,377908
3531,3529,3530,549.0,152798385,549.0,377908,551.0,80801
3532,3530,3531,549.0,153176293,551.0,80801,521.0,30321
3533,3531,3532,551.0,32828891,521.0,30321,527.0,119778
3534,3532,3533,521.0,32681257,527.0,119778,496.0,307242
3535,3533,3534,527.0,32801032,496.0,307242,478.0,261092
3536,3534,3535,496.0,153029362,478.0,261092,478.0,844709
3537,3535,3536,478.0,152983212,478.0,844709,411.0,19509
3538,3536,3537,478.0,153827921,411.0,19509,411.0,28414
3539,3537,3538,411.0,32908773,411.0,28414,417.0,142242
3540,3538,3539,411.0,32937187,417.0,142242,411.0,28411
3541,3539,3540,417.0,164827882,411.0,28411,411.0,28414
3542,3540,3541,411.0,32993997,411.0,28414,411.0,28414
3543,3541,3542,411.0,33022411,411.0,28414,417.0,142097
3544,3542,3543,411.0,33050825,417.0,142097,411.0,28403
3545,3543,3544,417.0,165395967,411.0,28403,401.0,8634
3546,3544,3545,411.0,33107635,401.0,8634,401.0,29010
3547,3545,3546,401.0,32897898,401.0,29010,401.0,29010
3548,3546,3547,401.0,32926908,401.0,29010,405.0,29008
3549,3547,3548,401.0,32955918,405.0,29008,407.0,144962
3550,3548,3549,405.0,32984922,407.0,144962,407.0,144962
3551,3549,3550,407.0,165069567,407.0,144962,401.0,29012
3552,3550,3551,407.0,165214529,401.0,29012,401.0,29010
3553,3551,3552,401.0,33071974,401.0,29010,350.0,156616
3554,3552,3553,401.0,33100984,350.0,156616,561.0,134976
3555,3553,3554,350.0,164602936,561.0,134976,551.0,46190
3556,3554,3555,561.0,36310848,551.0,46190,551.0,80792
3557,3555,3556,551.0,32935454,551.0,80792,553.0,83453
3558,3556,3557,551.0,33016246,553.0,83453,527.0,74578
3559,3557,3558,553.0,34164797,527.0,74578,527.0,119747
3560,3558,3559,527.0,32963842,527.0,119747,496.0,738928
3561,3559,3560,527.0,33083589,496.0,738928,478.0,573289
3562,3560,3561,496.0,154575808,478.0,573289,411.0,1597
3563,3561,3562,478.0,154410169,411.0,1597,416.0,28405
3564,3562,3563,411.0,33129189,416.0,28405,411.0,28399
3565,3563,3564,416.0,33157547,411.0,28399,411.0,28414
3566,3564,3565,411.0,33185999,411.0,28414,411.0,28414
3567,3565,3566,411.0,33214413,411.0,28414,411.0,28414
3568,3566,3567,411.0,33242827,411.0,28414,415.0,28442
3569,3567,3568,411.0,33271241,415.0,28442,411.0,28409
3570,3568,3569,415.0,33299626,411.0,28409,411.0,28414
3571,3569,3570,411.0,33328051,411.0,28414,401.0,19351
3572,3570,3571,411.0,33356465,401.0,19351,401.0,29010
3573,3571,3572,401.0,33146943,401.0,29010,406.0,28996
3574,3572,3573,401.0,33175953,406.0,28996,407.0,144962
3575,3573,3574,406.0,33204948,407.0,144962,401.0,29015
3576,3574,3575,407.0,166169702,401.0,29015,401.0,29010
3577,3575,3576,401.0,33262999,401.0,29010,401.0,29010
3578,3576,3577,401.0,33292009,401.0,29010,401.0,29010
3579,3577,3578,401.0,33321019,401.0,29010,350.0,858487
3580,3578,3579,401.0,33350029,350.0,858487,562.0,1222737
3581,3579,3580,350.0,166496447,562.0,1222737,552.0,77298
3582,3580,3581,562.0,183412817,552.0,77298,553.0,83438
3583,3581,3582,552.0,33739206,553.0,83438,549.0,378013
3584,3582,3583,553.0,34358190,549.0,378013,527.0,118807
3585,3583,3584,549.0,156063353,527.0,118807,496.0,2277
3586,3584,3585,527.0,33246399,496.0,2277,457.0,4364
3587,3585,3586,496.0,154953917,457.0,4364,482.0,186422
3588,3586,3587,457.0,16568160,482.0,186422,417.0,60297
3589,3587,3588,482.0,34391670,417.0,60297,411.0,28405
3590,3588,3589,417.0,166889897,411.0,28405,411.0,28414
3591,3589,3590,411.0,33406415,411.0,28414,411.0,28414
3592,3590,3591,411.0,33434829,411.0,28414,417.0,141990
3593,3591,3592,411.0,33463243,417.0,141990,411.0,28397
3594,3592,3593,417.0,167457980,411.0,28397,411.0,28414
3595,3593,3594,411.0,33520053,411.0,28414,411.0,28414
3596,3594,3595,411.0,33548467,411.0,28414,401.0,1058
3597,3595,3596,411.0,33576881,401.0,1058,405.0,29008
3598,3596,3597,401.0,33366978,405.0,29008,407.0,144962
3599,3597,3598,405.0,33395982,407.0,144962,407.0,144962
3600,3598,3599,407.0,167124867,407.0,144962,401.0,29012
3601,3599,3600,407.0,167269829,401.0,29012,401.0,29010
3602,3600,3601,401.0,33483034,401.0,29010,401.0,29010
3603,3601,3602,401.0,33512044,401.0,29010,401.0,29010
3604,3602,3603,401.0,33541054,401.0,29010,401.0,29010
3605,3603,3604,401.0,33570064,401.0,29010,562.0,287810
3606,3604,3605,401.0,33599074,562.0,287810,552.0,25493
3607,3605,3606,562.0,183788610,552.0,25493,553.0,83425
3608,3606,3607,552.0,33929573,553.0,83425,545.0,75598
3609,3607,3608,553.0,34551585,545.0,75598,527.0,43292
3610,3608,3609,545.0,31387942,527.0,43292,521.0,119783
3611,3609,3610,527.0,33409212,521.0,119783,496.0,433974
3612,3610,3611,521.0,33529041,496.0,433974,470.0,36510
3613,3611,3612,496.0,156500374,470.0,36510,390.0,77027
3614,3612,3613,470.0,16181310,390.0,77027,411.0,22584
3615,3613,3614,390.0,33681275,411.0,22584,411.0,28414
3616,3614,3615,411.0,33626832,411.0,28414,411.0,28414
3617,3615,3616,411.0,33655246,411.0,28414,416.0,28423
3618,3616,3617,411.0,33683660,416.0,28423,411.0,28404
3619,3617,3618,416.0,33712031,411.0,28404,411.0,28414
3620,3618,3619,411.0,33740470,411.0,28414,411.0,28414
3621,3619,3620,411.0,33768884,411.0,28414,411.0,28414
3622,3620,3621,411.0,33797298,411.0,28414,406.0,11763
3623,3621,3622,411.0,33825712,406.0,11763,407.0,144962
3624,3622,3623,406.0,33616011,407.0,144962,401.0,29016
3625,3623,3624,407.0,168225017,401.0,29016,401.0,29010
3626,3624,3625,401.0,33674060,401.0,29010,401.0,29010
3627,3625,3626,401.0,33703070,401.0,29010,401.0,29010
3628,3626,3627,401.0,33732080,401.0,29010,401.0,29010
3629,3627,3628,401.0,33761090,401.0,29010,401.0,29010
3630,3628,3629,401.0,33790100,401.0,29010,350.0,362632
3631,3629,3630,401.0,33819110,350.0,362632,562.0,835690
3632,3630,3631,350.0,168383872,562.0,835690,553.0,56732
3633,3631,3632,562.0,185647210,553.0,56732,549.0,377975
3634,3632,3633,553.0,34744988,549.0,377975,551.0,80817
3635,3633,3634,549.0,157816075,551.0,80817,528.0,88964
3636,3634,3635,551.0,33820845,528.0,88964,529.0,123634
3637,3635,3636,528.0,34235216,529.0,123634,496.0,865680
3638,3636,3637,529.0,34902322,496.0,865680,478.0,664856
3639,3637,3638,496.0,158046840,478.0,664856,411.0,4673
3640,3638,3639,478.0,157846016,411.0,4673,411.0,28414
3641,3639,3640,411.0,33847249,411.0,28414,411.0,28414
3642,3640,3641,411.0,33875663,411.0,28414,417.0,142242
3643,3641,3642,411.0,33904077,417.0,142242,411.0,28411
3644,3642,3643,417.0,169662332,411.0,28411,411.0,28414
3645,3643,3644,411.0,33960887,411.0,28414,411.0,28414
3646,3644,3645,411.0,33989301,411.0,28414,417.0,142097
3647,3645,3646,411.0,34017715,417.0,142097,411.0,28403
3648,3646,3647,417.0,170230417,411.0,28403,407.0,112281
3649,3647,3648,411.0,34074525,407.0,112281,401.0,29013
3650,3648,3649,407.0,169325161,401.0,29013,401.0,29010
3651,3649,3650,401.0,33894095,401.0,29010,401.0,29010
3652,3650,3651,401.0,33923105,401.0,29010,401.0,29010
3653,3651,3652,401.0,33952115,401.0,29010,401.0,29010
3654,3652,3653,401.0,33981125,401.0,29010,401.0,29010
3655,3653,3654,401.0,34010135,401.0,29010,401.0,29010
3656,3654,3655,401.0,34039145,401.0,29010,350.0,1064504
3657,3655,3656,401.0,34068155,350.0,1064504,553.0,4111
3658,3656,3657,350.0,170277384,553.0,4111,549.0,377948
3659,3657,3658,553.0,34938383,549.0,377948,551.0,80811
3660,3658,3659,549.0,158692428,551.0,80811,528.0,12231
3661,3659,3660,551.0,34008203,528.0,12231,529.0,123635
3662,3660,3661,528.0,34400655,529.0,123635,496.0,129040
3663,3661,3662,529.0,35070387,496.0,129040,482.0,29242
3664,3662,3663,496.0,158424960,482.0,29242,482.0,186376
3665,3663,3664,482.0,34963514,482.0,186376,411.0,15175
3666,3664,3665,482.0,35149890,411.0,15175,416.0,28405
3667,3665,3666,411.0,34096079,416.0,28405,411.0,28399
3668,3666,3667,416.0,34124437,411.0,28399,411.0,28414
3669,3667,3668,411.0,34152889,411.0,28414,411.0,28414
3670,3668,3669,411.0,34181303,411.0,28414,411.0,28414
3671,3669,3670,411.0,34209717,411.0,28414,416.0,28441
3672,3670,3671,411.0,34238131,416.0,28441,411.0,28409
3673,3671,3672,416.0,34266515,411.0,28409,406.0,4155
3674,3672,3673,411.0,34294941,406.0,4155,401.0,29010
3675,3673,3674,406.0,34085059,401.0,29010,401.0,29010
3676,3674,3675,401.0,34114130,401.0,29010,401.0,29010
3677,3675,3676,401.0,34143140,401.0,29010,401.0,29010
3678,3676,3677,401.0,34172150,401.0,29010,401.0,29010
3679,3677,3678,401.0,34201160,401.0,29010,401.0,29010
3680,3678,3679,401.0,34230170,401.0,29010,401.0,29010
3681,3679,3680,401.0,34259180,401.0,29010,401.0,29010
3682,3680,3681,401.0,34288190,401.0,29010,562.0,448620
3683,3681,3682,401.0,34317200,562.0,448620,549.0,158099
3684,3682,3683,562.0,187881580,549.0,158099,551.0,80805
3685,3683,3684,549.0,159568779,551.0,80805,538.0,80811
3686,3684,3685,551.0,34195561,538.0,80811,529.0,58164
3687,3685,3686,538.0,34276415,529.0,58164,527.0,119771
3688,3686,3687,529.0,35238452,527.0,119771,496.0,560734
3689,3687,3688,527.0,34256971,496.0,560734,470.0,45968
3690,3688,3689,496.0,159971414,470.0,45968,390.0,162280
3691,3689,3690,470.0,16536728,390.0,162280,416.0,25637
3692,3690,3691,390.0,34481512,416.0,25637,411.0,28405
3693,3691,3692,416.0,34344869,411.0,28405,411.0,28414
3694,3692,3693,411.0,34373305,411.0,28414,411.0,28414
3695,3693,3694,411.0,34401719,411.0,28414,417.0,141989
3696,3694,3695,411.0,34430133,417.0,141989,411.0,28397
3697,3695,3696,417.0,172292429,411.0,28397,411.0,28414
3698,3696,3697,411.0,34486943,411.0,28414,411.0,28414
3699,3697,3698,411.0,34515357,411.0,28414,401.0,14934
3700,3698,3699,411.0,34543771,401.0,14934,401.0,29010
3701,3699,3700,401.0,34334166,401.0,29010,401.0,29010
3702,3700,3701,401.0,34363176,401.0,29010,401.0,29010
3703,3701,3702,401.0,34392186,401.0,29010,401.0,29010
3704,3702,3703,401.0,34421196,401.0,29010,401.0,29010
3705,3703,3704,401.0,34450206,401.0,29010,401.0,29010
3706,3704,3705,401.0,34479216,401.0,29010,401.0,29010
3707,3705,3706,401.0,34508226,401.0,29010,350.0,568649
3708,3706,3707,401.0,34537236,350.0,568649,562.0,996500
3709,3707,3708,350.0,172164809,562.0,996500,551.0,63690
3710,3708,3709,562.0,189740180,551.0,63690,538.0,80805
3711,3709,3710,551.0,34382922,538.0,80805,549.0,378089
3712,3710,3711,538.0,34463773,549.0,378089,527.0,100555
3713,3711,3712,549.0,161579519,527.0,100555,527.0,119747
3714,3712,3713,527.0,34419787,527.0,119747,496.0,992447
3715,3713,3714,527.0,34539534,496.0,992447,478.0,756446
3716,3714,3715,496.0,161517887,478.0,756446,416.0,7745
3717,3715,3716,478.0,161281886,416.0,7745,411.0,28413
3718,3716,3717,416.0,34565305,411.0,28413,411.0,28414
3719,3717,3718,411.0,34593723,411.0,28414,411.0,28414
3720,3718,3719,411.0,34622137,411.0,28414,417.0,142135
3721,3719,3720,411.0,34650551,417.0,142135,411.0,28405
3722,3720,3721,417.0,173394625,411.0,28405,411.0,28414
3723,3721,3722,411.0,34707361,411.0,28414,411.0,28414
3724,3722,3723,411.0,34735775,411.0,28414,417.0,141989
3725,3723,3724,411.0,34764189,417.0,141989,401.0,25652
3726,3724,3725,417.0,173962709,401.0,25652,401.0,29010
3727,3725,3726,401.0,34583212,401.0,29010,401.0,29010
3728,3726,3727,401.0,34612222,401.0,29010,401.0,29010
3729,3727,3728,401.0,34641232,401.0,29010,401.0,29010
3730,3728,3729,401.0,34670242,401.0,29010,401.0,29010
3731,3729,3730,401.0,34699252,401.0,29010,401.0,29010
3732,3730,3731,401.0,34728262,401.0,29010,401.0,29010
3733,3731,3732,401.0,34757272,401.0,29010,562.0,61611
3734,3732,3733,401.0,34786282,562.0,61611,551.0,12728
3735,3733,3734,562.0,190116011,551.0,12728,538.0,80809
3736,3734,3735,551.0,34570288,538.0,80809,549.0,378097
3737,3735,3736,538.0,34651141,549.0,378097,527.0,25047
3738,3736,3737,549.0,162455907,527.0,25047,527.0,119747
3739,3737,3738,527.0,34582607,527.0,119747,496.0,255841
3740,3738,3739,527.0,34702354,496.0,255841,482.0,49467
3741,3739,3740,496.0,161896041,482.0,49467,482.0,186376
3742,3740,3741,482.0,35721787,482.0,186376,411.0,18252
3743,3741,3742,482.0,35908163,411.0,18252,411.0,28414
3744,3742,3743,411.0,34814140,411.0,28414,411.0,28414
3745,3743,3744,411.0,34842554,411.0,28414,416.0,28452
3746,3744,3745,411.0,34870968,416.0,28452,411.0,28412
3747,3745,3746,416.0,34899360,411.0,28412,411.0,28414
3748,3746,3747,411.0,34927778,411.0,28414,411.0,28414
3749,3747,3748,411.0,34956192,411.0,28414,416.0,28423
3750,3748,3749,411.0,34984606,416.0,28423,401.0,7360
3751,3749,3750,416.0,35012977,401.0,7360,401.0,29010
3752,3750,3751,401.0,34803248,401.0,29010,401.0,29010
3753,3751,3752,401.0,34832258,401.0,29010,401.0,29010
3754,3752,3753,401.0,34861268,401.0,29010,401.0,29010
3755,3753,3754,401.0,34890278,401.0,29010,401.0,29010
3756,3754,3755,401.0,34919288,401.0,29010,401.0,29010
3757,3755,3756,401.0,34948298,401.0,29010,401.0,29010
3758,3756,3757,401.0,34977308,401.0,29010,350.0,72846
3759,3757,3758,401.0,35006318,350.0,72846,562.0,609492
3760,3758,3759,350.0,174052286,562.0,609492,538.0,42611
3761,3759,3760,562.0,191974612,538.0,42611,549.0,378085
3762,3760,3761,538.0,34838499,549.0,378085,551.0,80842
3763,3761,3762,549.0,163332275,551.0,80842,527.0,69281
3764,3762,3763,551.0,35000172,527.0,69281,528.0,121684
3765,3763,3764,527.0,34865169,528.0,121684,496.0,687547
3766,3764,3765,528.0,35549230,496.0,687547,470.0,55455
3767,3765,3766,496.0,163442507,470.0,55455,411.0,341
3768,3766,3767,470.0,16892175,411.0,341,411.0,28414
3769,3767,3768,411.0,35034557,411.0,28414,415.0,28413
3770,3768,3769,411.0,35062971,415.0,28413,411.0,28401
3771,3769,3770,415.0,35091335,411.0,28401,411.0,28414
3772,3770,3771,411.0,35119781,411.0,28414,411.0,28414
3773,3771,3772,411.0,35148195,411.0,28414,411.0,28414
3774,3772,3773,411.0,35176609,411.0,28414,417.0,142242
3775,3773,3774,411.0,35205023,417.0,142242,411.0,28411
3776,3774,3775,417.0,176167062,411.0,28411,401.0,18078
3777,3775,3776,411.0,35261833,401.0,18078,401.0,29010
3778,3776,3777,401.0,35052294,401.0,29010,401.0,29010
3779,3777,3778,401.0,35081304,401.0,29010,401.0,29010
3780,3778,3779,401.0,35110314,401.0,29010,401.0,29010
3781,3779,3780,401.0,35139324,401.0,29010,401.0,29010
3782,3780,3781,401.0,35168334,401.0,29010,407.0,145073
3783,3781,3782,401.0,35197344,407.0,145073,407.0,144962
3784,3782,3783,407.0,176131763,407.0,144962,350.0,774723
3785,3783,3784,407.0,176276725,350.0,774723,562.0,1157355
3786,3784,3785,350.0,175945803,562.0,1157355,549.0,338909
3787,3785,3786,562.0,193833195,549.0,338909,551.0,80836
3788,3786,3787,549.0,164208629,551.0,80836,552.0,82132
3789,3787,3788,551.0,35187530,552.0,82132,528.0,115385
3790,3788,3789,552.0,35837215,528.0,115385,521.0,119725
3791,3789,3790,528.0,35714669,521.0,119725,478.0,3365
3792,3790,3791,521.0,35267525,478.0,3365,478.0,844709
3793,3791,3792,478.0,163873085,478.0,844709,411.0,10843
3794,3792,3793,478.0,164717794,411.0,10843,416.0,28434
3795,3793,3794,411.0,35283387,416.0,28434,411.0,28407
3796,3794,3795,416.0,35311766,411.0,28407,411.0,28414
3797,3795,3796,411.0,35340197,411.0,28414,411.0,28414
3798,3796,3797,411.0,35368611,411.0,28414,416.0,28405
3799,3797,3798,411.0,35397025,416.0,28405,411.0,28399
3800,3798,3799,416.0,35425383,411.0,28399,411.0,28414
3801,3799,3800,411.0,35453835,411.0,28414,411.0,28414
3802,3800,3801,411.0,35482249,411.0,28414,401.0,28795
3803,3801,3802,411.0,35510663,401.0,28795,401.0,29010
3804,3802,3803,401.0,35301339,401.0,29010,401.0,29010
3805,3803,3804,401.0,35330349,401.0,29010,401.0,29010
3806,3804,3805,401.0,35359359,401.0,29010,401.0,29010
3807,3805,3806,401.0,35388369,401.0,29010,407.0,145017
3808,3806,3807,401.0,35417379,407.0,145017,407.0,144962
3809,3807,3808,407.0,177231897,407.0,144962,406.0,28993
3810,3808,3809,407.0,177376859,406.0,28993,561.0,44482
3811,3809,3810,406.0,35504364,561.0,44482,549.0,100489
3812,3810,3811,561.0,38841794,549.0,100489,551.0,80827
3813,3811,3812,549.0,165084969,551.0,80827,552.0,82105
3814,3812,3813,551.0,35374885,552.0,82105,528.0,38643
3815,3813,3814,552.0,36027574,528.0,38643,529.0,123645
3816,3814,3815,528.0,35880099,529.0,123645,496.0,382585
3817,3815,3816,529.0,36573309,496.0,382585,483.0,69664
3818,3816,3817,496.0,165367065,483.0,69664,390.0,42352
3819,3817,3818,483.0,36480032,390.0,42352,416.0,21324
3820,3818,3819,390.0,35553224,416.0,21324,411.0,28413
3821,3819,3820,416.0,35532196,411.0,28413,411.0,28414
3822,3820,3821,411.0,35560613,411.0,28414,411.0,28414
3823,3821,3822,411.0,35589027,411.0,28414,417.0,142134
3824,3822,3823,411.0,35617441,417.0,142134,411.0,28405
3825,3823,3824,417.0,178229074,411.0,28405,411.0,28414
3826,3824,3825,411.0,35674251,411.0,28414,411.0,28414
3827,3825,3826,411.0,35702665,411.0,28414,401.0,10502
3828,3826,3827,411.0,35731079,401.0,10502,401.0,29010
3829,3827,3828,401.0,35521374,401.0,29010,401.0,29010
3830,3828,3829,401.0,35550384,401.0,29010,401.0,29010
3831,3829,3830,401.0,35579394,401.0,29010,407.0,145073
3832,3830,3831,401.0,35608404,407.0,145073,407.0,144962
3833,3831,3832,407.0,178187063,407.0,144962,406.0,28993
3834,3832,3833,407.0,178332025,406.0,28993,401.0,29014
3835,3833,3834,406.0,35695397,401.0,29014,350.0,278820
3836,3834,3835,401.0,35724460,350.0,278820,562.0,770269
3837,3835,3836,350.0,177833180,562.0,770269,551.0,51371
3838,3836,3837,562.0,196067549,551.0,51371,538.0,80846
3839,3837,3838,551.0,35562243,538.0,80846,553.0,83394
3840,3838,3839,538.0,35643116,553.0,83394,529.0,84990
3841,3839,3840,553.0,36876290,529.0,84990,527.0,119776
3842,3840,3841,529.0,36741374,527.0,119776,496.0,814280
3843,3841,3842,527.0,35712922,496.0,814280,464.0,67091
3844,3842,3843,496.0,166913520,464.0,67091,411.0,3416
3845,3843,3844,464.0,17822527,411.0,3416,411.0,28414
3846,3844,3845,411.0,35752616,411.0,28414,411.0,28414
3847,3845,3846,411.0,35781030,411.0,28414,411.0,28414
3848,3846,3847,411.0,35809444,411.0,28414,416.0,28452
3849,3847,3848,411.0,35837858,416.0,28452,411.0,28412
3850,3848,3849,416.0,35866250,411.0,28412,411.0,28414
3851,3849,3850,411.0,35894668,411.0,28414,411.0,28414
3852,3850,3851,411.0,35923082,411.0,28414,416.0,28423
3853,3851,3852,411.0,35951496,416.0,28423,401.0,21219
3854,3852,3853,416.0,35979867,401.0,21219,401.0,29010
3855,3853,3854,401.0,35770419,401.0,29010,401.0,29010
3856,3854,3855,401.0,35799429,401.0,29010,407.0,145017
3857,3855,3856,401.0,35828439,407.0,145017,407.0,144962
3858,3856,3857,407.0,179287197,407.0,144962,406.0,28993
3859,3857,3858,407.0,179432159,406.0,28993,401.0,29011
3860,3858,3859,406.0,35915424,401.0,29011,401.0,29010
3861,3859,3860,401.0,35944495,401.0,29010,350.0,980692
3862,3860,3861,401.0,35973505,350.0,980692,551.0,401
3863,3861,3862,350.0,179726692,551.0,401,538.0,80833
3864,3862,3863,551.0,35749601,538.0,80833,545.0,75630
3865,3863,3864,538.0,35830467,545.0,75630,529.0,7039
3866,3864,3865,545.0,33594410,529.0,7039,527.0,119776
3867,3865,3866,529.0,36909439,527.0,119776,496.0,77638
3868,3866,3867,527.0,35875734,496.0,77638,478.0,94901
3869,3867,3868,496.0,167291638,478.0,94901,478.0,844709
3870,3868,3869,478.0,167308901,478.0,844709,411.0,13918
3871,3869,3870,478.0,168153610,411.0,13918,411.0,28414
3872,3870,3871,411.0,36001446,411.0,28414,417.0,142043
3873,3871,3872,411.0,36029860,417.0,142043,411.0,28400
3874,3872,3873,417.0,180291103,411.0,28400,411.0,28414
3875,3873,3874,411.0,36086670,411.0,28414,411.0,28414
3876,3874,3875,411.0,36115084,411.0,28414,411.0,28414
3877,3875,3876,411.0,36143498,411.0,28414,417.0,142225
3878,3876,3877,411.0,36171912,417.0,142225,401.0,2926
3879,3877,3878,417.0,181001495,401.0,2926,401.0,29010
3880,3878,3879,401.0,35990454,401.0,29010,407.0,145073
3881,3879,3880,401.0,36019464,407.0,145073,407.0,144962
3882,3880,3881,407.0,180242363,407.0,144962,406.0,28993
3883,3881,3882,407.0,180387325,406.0,28993,401.0,29014
3884,3882,3883,406.0,36106457,401.0,29014,401.0,29010
3885,3883,3884,401.0,36135520,401.0,29010,401.0,29010
3886,3884,3885,401.0,36164530,401.0,29010,401.0,29010
3887,3885,3886,401.0,36193540,401.0,29010,562.0,383199
3888,3886,3887,401.0,36222550,562.0,383199,538.0,30288
3889,3887,3888,562.0,198301919,538.0,30288,549.0,378115
3890,3888,3889,538.0,36017816,549.0,378115,550.0,6516
3891,3889,3890,549.0,168848395,550.0,6516,527.0,51018
3892,3890,3891,550.0,2917696,527.0,51018,527.0,119747
3893,3891,3892,527.0,36038546,527.0,119747,496.0,509333
3894,3892,3893,527.0,36158293,496.0,509333,478.0,407111
3895,3893,3894,496.0,168838093,478.0,407111,390.0,127598
3896,3894,3895,478.0,168735871,390.0,127598,411.0,24420
3897,3895,3896,390.0,36353454,411.0,24420,417.0,142151
3898,3896,3897,411.0,36250276,417.0,142151,411.0,28406
3899,3897,3898,417.0,181393261,411.0,28406,411.0,28414
3900,3898,3899,411.0,36307086,411.0,28414,411.0,28414
3901,3899,3900,411.0,36335500,411.0,28414,417.0,142006
3902,3900,3901,411.0,36363914,417.0,142006,411.0,28398
3903,3901,3902,417.0,181961346,411.0,28398,411.0,28414
3904,3902,3903,411.0,36420724,411.0,28414,401.0,13643
3905,3903,3904,411.0,36449138,401.0,13643,407.0,145017
3906,3904,3905,401.0,36239499,407.0,145017,407.0,144962
3907,3905,3906,407.0,181342497,407.0,144962,406.0,28993
3908,3906,3907,407.0,181487459,406.0,28993,401.0,29011
3909,3907,3908,406.0,36326484,401.0,29011,401.0,29010
3910,3908,3909,401.0,36355555,401.0,29010,401.0,29010
3911,3909,3910,401.0,36384565,401.0,29010,401.0,29010
3912,3910,3911,401.0,36413575,401.0,29010,350.0,484785
3913,3911,3912,401.0,36442585,350.0,484785,562.0,931038
3914,3912,3913,350.0,181614065,562.0,931038,549.0,281211
3915,3913,3914,562.0,200160478,549.0,281211,551.0,80839
3916,3914,3915,549.0,169724731,551.0,80839,552.0,82141
3917,3915,3916,551.0,36366835,552.0,82141,527.0,95245
3918,3916,3917,552.0,37035547,527.0,95245,521.0,119776
3919,3917,3918,527.0,36321101,521.0,119776,496.0,941007
3920,3918,3919,521.0,36440926,496.0,941007,482.0,158756
3921,3919,3920,496.0,170384527,482.0,158756,411.0,6508
3922,3920,3921,482.0,37553188,411.0,6508,416.0,28452
3923,3921,3922,411.0,36470692,416.0,28452,411.0,28412
3924,3922,3923,416.0,36499084,411.0,28412,411.0,28414
3925,3923,3924,411.0,36527502,411.0,28414,411.0,28414
3926,3924,3925,411.0,36555916,411.0,28414,416.0,28423
3927,3925,3926,411.0,36584330,416.0,28423,411.0,28404
3928,3926,3927,416.0,36612701,411.0,28404,411.0,28414
3929,3927,3928,411.0,36641140,411.0,28414,411.0,28414
3930,3928,3929,411.0,36669554,411.0,28414,406.0,24343
3931,3929,3930,411.0,36697968,406.0,24343,407.0,144962
3932,3930,3931,406.0,36488527,407.0,144962,401.0,29014
3933,3931,3932,407.0,182587597,401.0,29014,401.0,29010
3934,3932,3933,401.0,36546580,401.0,29010,401.0,29010
3935,3933,3934,401.0,36575590,401.0,29010,401.0,29010
3936,3934,3935,401.0,36604600,401.0,29010,401.0,29010
3937,3935,3936,401.0,36633610,401.0,29010,401.0,29010
3938,3936,3937,401.0,36662620,401.0,29010,350.0,1186657
3939,3937,3938,401.0,36691630,350.0,1186657,549.0,42804
3940,3938,3939,350.0,183507577,549.0,42804,551.0,80833
3941,3939,3940,549.0,170601084,551.0,80833,552.0,82123
3942,3940,3941,551.0,36554193,552.0,82123,527.0,19729
3943,3941,3942,552.0,37225915,527.0,19729,521.0,119776
3944,3942,3943,527.0,36483913,521.0,119776,496.0,204365
3945,3943,3944,521.0,36603738,496.0,204365,470.0,19310
3946,3944,3945,496.0,170762645,470.0,19310,464.0,90301
3947,3945,3946,470.0,17663270,464.0,90301,411.0,16993
3948,3946,3947,464.0,18342357,411.0,16993,411.0,28414
3949,3947,3948,411.0,36719505,411.0,28414,411.0,28414
3950,3948,3949,411.0,36747919,411.0,28414,411.0,28414
3951,3949,3950,411.0,36776333,411.0,28414,417.0,142242
3952,3950,3951,411.0,36804747,417.0,142242,411.0,28411
3953,3951,3952,417.0,184165682,411.0,28411,411.0,28414
3954,3952,3953,411.0,36861557,411.0,28414,411.0,28414
3955,3953,3954,411.0,36889971,411.0,28414,407.0,30226
3956,3954,3955,411.0,36918385,407.0,30226,407.0,144962
3957,3955,3956,407.0,183542786,407.0,144962,401.0,29012
3958,3956,3957,407.0,183687748,401.0,29012,401.0,29010
3959,3957,3958,401.0,36766616,401.0,29010,401.0,29010
3960,3958,3959,401.0,36795626,401.0,29010,401.0,29010
3961,3959,3960,401.0,36824636,401.0,29010,401.0,29010
3962,3960,3961,401.0,36853646,401.0,29010,401.0,29010
3963,3961,3962,401.0,36882656,401.0,29010,401.0,29010
3964,3962,3963,401.0,36911666,401.0,29010,562.0,544008
3965,3963,3964,401.0,36940676,562.0,544008,551.0,39046
3966,3964,3965,562.0,202394888,551.0,39046,552.0,82126
3967,3965,3966,551.0,36741558,552.0,82126,553.0,83422
3968,3966,3967,552.0,37416304,553.0,83422,528.0,65028
3969,3967,3968,553.0,38093662,528.0,65028,529.0,123637
3970,3968,3969,528.0,37359516,529.0,123637,496.0,636092
3971,3969,3970,529.0,38076213,496.0,636092,478.0,498689
3972,3970,3971,496.0,172309132,478.0,498689,390.0,212851
3973,3971,3972,478.0,172171729,390.0,212851,411.0,27496
3974,3972,3973,390.0,37153691,411.0,27496,411.0,28414
3975,3973,3974,411.0,36968336,411.0,28414,417.0,142043
3976,3974,3975,411.0,36996750,417.0,142043,411.0,28400
3977,3975,3976,417.0,185125553,411.0,28400,411.0,28414
3978,3976,3977,411.0,37053560,411.0,28414,411.0,28414
3979,3977,3978,411.0,37081974,411.0,28414,411.0,28414
3980,3978,3979,411.0,37110388,411.0,28414,416.0,28445
3981,3979,3980,411.0,37138802,416.0,28445,405.0,16741
3982,3980,3981,416.0,37167189,405.0,16741,401.0,29010
3983,3981,3982,405.0,36957581,401.0,29010,401.0,29010
3984,3982,3983,401.0,36986652,401.0,29010,401.0,29010
3985,3983,3984,401.0,37015662,401.0,29010,401.0,29010
3986,3984,3985,401.0,37044672,401.0,29010,401.0,29010
3987,3985,3986,401.0,37073682,401.0,29010,401.0,29010
3988,3986,3987,401.0,37102692,401.0,29010,401.0,29010
3989,3987,3988,401.0,37131702,401.0,29010,350.0,690854
3990,3988,3989,401.0,37160712,350.0,690854,562.0,1091889
3991,3989,3990,350.0,185395054,562.0,1091889,552.0,70022
3992,3990,3991,562.0,204253489,552.0,70022,553.0,83416
3993,3991,3992,552.0,37606682,553.0,83416,549.0,377967
3994,3992,3993,553.0,38287064,549.0,377967,529.0,111804
3995,3993,3994,549.0,173866117,529.0,111804,527.0,119775
3996,3994,3995,529.0,38244284,527.0,119775,496.0,1067799
3997,3995,3996,527.0,37168867,496.0,1067799,482.0,178968
3998,3996,3997,496.0,173855599,482.0,178968,411.0,9585
3999,3997,3998,482.0,38311448,411.0,9585,411.0,28414
4000,3998,3999,411.0,37188753,411.0,28414,416.0,28434
4001,3999,4000,411.0,37217167,416.0,28434,411.0,28407
4002,4000,4001,416.0,37245546,411.0,28407,411.0,28414
4003,4001,4002,411.0,37273977,411.0,28414,411.0,28414
4004,4002,4003,411.0,37302391,411.0,28414,416.0,28405
4005,4003,4004,411.0,37330805,416.0,28405,411.0,28399
4006,4004,4005,416.0,37359163,411.0,28399,411.0,28414
4007,4005,4006,411.0,37387615,411.0,28414,401.0,27520
4008,4006,4007,411.0,37416029,401.0,27520,401.0,29010
4009,4007,4008,401.0,37206688,401.0,29010,401.0,29010
4010,4008,4009,401.0,37235698,401.0,29010,401.0,29010
4011,4009,4010,401.0,37264708,401.0,29010,401.0,29010
4012,4010,4011,401.0,37293718,401.0,29010,401.0,29010
4013,4011,4012,401.0,37322728,401.0,29010,401.0,29010
4014,4012,4013,401.0,37351738,401.0,29010,401.0,29010
4015,4013,4014,401.0,37380748,401.0,29010,561.0,31400
4016,4014,4015,401.0,37409758,561.0,31400,552.0,18240
4017,4015,4016,561.0,40925864,552.0,18240,553.0,83419
4018,4016,4017,552.0,37797072,553.0,83419,549.0,377973
4019,4017,4018,553.0,38480475,549.0,377973,521.0,32749
4020,4018,4019,549.0,174742503,521.0,32749,527.0,119783
4021,4019,4020,521.0,37211917,527.0,119783,496.0,331194
4022,4020,4021,527.0,37331687,496.0,331194,478.0,278114
4023,4021,4022,496.0,174233754,478.0,278114,390.0,7677
4024,4022,4023,478.0,174180674,390.0,7677,411.0,20088
4025,4023,4024,390.0,37425173,411.0,20088,411.0,28397
4026,4024,4025,411.0,37437584,411.0,28397,411.0,28414
4027,4025,4026,411.0,37465981,411.0,28414,411.0,28414
4028,4026,4027,411.0,37494395,411.0,28414,411.0,28414
4029,4027,4028,411.0,37522809,411.0,28414,416.0,28434
4030,4028,4029,411.0,37551223,416.0,28434,411.0,28407
4031,4029,4030,416.0,37579602,411.0,28407,411.0,28414
4032,4030,4031,411.0,37608033,411.0,28414,401.0,9229
4033,4031,4032,411.0,37636447,401.0,9229,401.0,29010
4034,4032,4033,401.0,37426725,401.0,29010,401.0,29010
4035,4033,4034,401.0,37455735,401.0,29010,401.0,29010
4036,4034,4035,401.0,37484745,401.0,29010,401.0,29010
4037,4035,4036,401.0,37513755,401.0,29010,401.0,29010
4038,4036,4037,401.0,37542765,401.0,29010,401.0,29010
4039,4037,4038,401.0,37571775,401.0,29010,401.0,29010
4040,4038,4039,401.0,37600785,401.0,29010,350.0,195102
4041,4039,4040,401.0,37629795,350.0,195102,562.0,704921
4042,4040,4041,350.0,187282582,562.0,704921,553.0,49382
4043,4041,4042,562.0,206487961,553.0,49382,549.0,377996
4044,4042,4043,553.0,38673894,549.0,377996,551.0,80822
4045,4043,4044,549.0,175618906,551.0,80822,529.0,79510
4046,4044,4045,551.0,37626968,529.0,79510,527.0,119757
4047,4045,4046,529.0,38704022,527.0,119757,496.0,762938
4048,4046,4047,527.0,37614257,496.0,762938,478.0,590398
4049,4047,4048,496.0,175780258,478.0,590398,417.0,10671
4050,4048,4049,478.0,175607718,417.0,10671,411.0,28404
4051,4049,4050,417.0,188289791,411.0,28404,411.0,28414
4052,4050,4051,411.0,37686398,411.0,28414,411.0,28414
4053,4051,4052,411.0,37714812,411.0,28414,411.0,28414
4054,4052,4053,411.0,37743226,411.0,28414,411.0,28397
4055,4053,4054,411.0,37771640,411.0,28397,411.0,28414
4056,4054,4055,411.0,37800037,411.0,28414,411.0,28414
4057,4055,4056,411.0,37828451,411.0,28414,411.0,28414
4058,4056,4057,411.0,37856865,411.0,28414,401.0,19948
4059,4057,4058,411.0,37885279,401.0,19948,401.0,29010
4060,4058,4059,401.0,37675772,401.0,29010,401.0,29010
4061,4059,4060,401.0,37704782,401.0,29010,401.0,29010
4062,4060,4061,401.0,37733792,401.0,29010,401.0,29010
4063,4061,4062,401.0,37762802,401.0,29010,401.0,29010
4064,4062,4063,401.0,37791812,401.0,29010,401.0,29010
4065,4063,4064,401.0,37820822,401.0,29010,401.0,29010
4066,4064,4065,401.0,37849832,401.0,29010,350.0,897077
4067,4065,4066,401.0,37878842,350.0,897077,562.0,1252860
4068,4066,4067,350.0,189176197,562.0,1252860,549.0,363244
4069,4067,4068,562.0,208346620,549.0,363244,551.0,80831
4070,4068,4069,549.0,176495324,551.0,80831,529.0,1591
4071,4069,4070,551.0,37814341,529.0,1591,527.0,119773
4072,4070,4071,529.0,38872119,527.0,119773,496.0,26369
4073,4071,4072,527.0,37777085,496.0,26369,470.0,5982
4074,4072,4073,496.0,176158449,470.0,5982,464.0,90292
4075,4073,4074,470.0,18226542,464.0,90292,411.0,12665
4076,4074,4075,464.0,18924404,411.0,12665,411.0,28414
4077,4075,4076,411.0,37906817,411.0,28414,411.0,28414
4078,4076,4077,411.0,37935231,411.0,28414,417.0,142135
4079,4077,4078,411.0,37963645,417.0,142135,411.0,28405
4080,4078,4079,417.0,189960095,411.0,28405,411.0,28414
4081,4079,4080,411.0,38020455,411.0,28414,411.0,28414
4082,4080,4081,411.0,38048869,411.0,28414,417.0,141989
4083,4081,4082,411.0,38077283,417.0,141989,401.0,1657
4084,4082,4083,417.0,190528179,401.0,1657,401.0,29010
4085,4083,4084,401.0,37895809,401.0,29010,401.0,29010
4086,4084,4085,401.0,37924819,401.0,29010,401.0,29010
4087,4085,4086,401.0,37953829,401.0,29010,401.0,29010
4088,4086,4087,401.0,37982839,401.0,29010,401.0,29010
4089,4087,4088,401.0,38011849,401.0,29010,401.0,29010
4090,4088,4089,401.0,38040859,401.0,29010,401.0,29010
4091,4089,4090,401.0,38069869,401.0,29010,407.0,145018
4092,4090,4091,401.0,38098879,407.0,145018,562.0,317995
4093,4091,4092,407.0,190639398,562.0,317995,549.0,124888
4094,4092,4093,562.0,208722475,549.0,124888,551.0,80836
4095,4093,4094,549.0,177371728,551.0,80836,552.0,82132
4096,4094,4095,551.0,38001710,552.0,82132,527.0,45756
4097,4095,4096,552.0,38696785,527.0,45756,527.0,119747
4098,4096,4097,527.0,37939908,527.0,119747,496.0,458114
4099,4097,4098,527.0,38059655,496.0,458114,478.0,369935
4100,4098,4099,496.0,177704954,478.0,369935,390.0,93031
4101,4099,4100,478.0,177616775,390.0,93031,411.0,23168
4102,4100,4101,390.0,38225511,411.0,23168,411.0,28414
4103,4101,4102,411.0,38155648,411.0,28414,416.0,28452
4104,4102,4103,411.0,38184062,416.0,28452,411.0,28412
4105,4103,4104,416.0,38212454,411.0,28412,411.0,28414
4106,4104,4105,411.0,38240872,411.0,28414,411.0,28414
4107,4105,4106,411.0,38269286,411.0,28414,416.0,28423
4108,4106,4107,411.0,38297700,416.0,28423,411.0,28404
4109,4107,4108,416.0,38326071,411.0,28404,401.0,12374
4110,4108,4109,411.0,38354510,401.0,12374,401.0,29010
4111,4109,4110,401.0,38144854,401.0,29010,401.0,29010
4112,4110,4111,401.0,38173864,401.0,29010,401.0,29010
4113,4111,4112,401.0,38202874,401.0,29010,401.0,29010
4114,4112,4113,401.0,38231884,401.0,29010,401.0,29010
4115,4113,4114,401.0,38260894,401.0,29010,407.0,145073
4116,4114,4115,401.0,38289904,407.0,145073,407.0,144962
4117,4115,4116,407.0,191594563,407.0,144962,350.0,401228
4118,4116,4117,407.0,191739525,350.0,401228,562.0,865816
4119,4117,4118,350.0,191063628,562.0,865816,551.0,56581
4120,4118,4119,562.0,210581016,551.0,56581,552.0,82092
4121,4119,4120,551.0,38189061,552.0,82092,553.0,83398
4122,4120,4121,552.0,38887131,553.0,83398,527.0,89979
4123,4121,4122,553.0,39587846,527.0,89979,528.0,121654
4124,4122,4123,527.0,38222459,528.0,121654,496.0,889769
4125,4123,4124,528.0,38960650,496.0,889769,476.0,11758
4126,4124,4125,496.0,179251369,476.0,11758,411.0,5256
4127,4125,4126,476.0,3086958,411.0,5256,417.0,142043
4128,4126,4127,411.0,38376064,417.0,142043,411.0,28400
4129,4127,4128,417.0,192022123,411.0,28400,411.0,28414
4130,4128,4129,411.0,38432874,411.0,28414,411.0,28414
4131,4129,4130,411.0,38461288,411.0,28414,411.0,28414
4132,4130,4131,411.0,38489702,411.0,28414,416.0,28445
4133,4131,4132,411.0,38518116,416.0,28445,411.0,28410
4134,4132,4133,416.0,38546503,411.0,28410,411.0,28414
4135,4133,4134,411.0,38574926,411.0,28414,401.0,23091
4136,4134,4135,411.0,38603340,401.0,23091,401.0,29010
4137,4135,4136,401.0,38393899,401.0,29010,401.0,29010
4138,4136,4137,401.0,38422909,401.0,29010,401.0,29010
4139,4137,4138,401.0,38451919,401.0,29010,401.0,29010
4140,4138,4139,401.0,38480929,401.0,29010,407.0,145018
4141,4139,4140,401.0,38509939,407.0,145018,407.0,144962
4142,4140,4141,407.0,192694698,407.0,144962,406.0,28993
4143,4141,4142,407.0,192839660,406.0,28993,350.0,1103078
4144,4142,4143,406.0,38596924,350.0,1103078,551.0,5608
4145,4143,4144,350.0,192957118,551.0,5608,538.0,80831
4146,4144,4145,551.0,38376416,538.0,80831,549.0,378141
4147,4145,4146,538.0,38457281,549.0,378141,527.0,14461
4148,4146,4147,549.0,180258761,527.0,14461,521.0,119780
4149,4147,4148,527.0,38385269,521.0,119780,496.0,153117
4150,4148,4149,521.0,38505096,496.0,153117,464.0,15978
4151,4149,4150,496.0,179629477,464.0,15978,457.0,90289
4152,4150,4151,464.0,19201382,457.0,90289,416.0,15718
4153,4151,4152,457.0,19291689,416.0,15718,411.0,28406
4154,4152,4153,416.0,38624854,411.0,28406,411.0,28414
4155,4153,4154,411.0,38653290,411.0,28414,411.0,28414
4156,4154,4155,411.0,38681704,411.0,28414,417.0,142006
4157,4155,4156,411.0,38710118,417.0,142006,411.0,28398
4158,4156,4157,417.0,193692366,411.0,28398,411.0,28414
4159,4157,4158,411.0,38766928,411.0,28414,411.0,28414
4160,4158,4159,411.0,38795342,411.0,28414,401.0,4798
4161,4159,4160,411.0,38823756,401.0,4798,401.0,29010
4162,4160,4161,401.0,38613934,401.0,29010,401.0,29010
4163,4161,4162,401.0,38642944,401.0,29010,401.0,29010
4164,4162,4163,401.0,38671954,401.0,29010,407.0,145073
4165,4163,4164,401.0,38700964,407.0,145073,407.0,144962
4166,4164,4165,407.0,193649863,407.0,144962,406.0,28993
4167,4165,4166,407.0,193794825,406.0,28993,401.0,29014
4168,4166,4167,406.0,38787957,401.0,29014,401.0,29010
4169,4167,4168,401.0,38817020,401.0,29010,562.0,478747
4170,4168,4169,401.0,38846030,562.0,478747,538.0,35501
4171,4169,4170,562.0,212815387,538.0,35501,549.0,378125
4172,4170,4171,538.0,38644637,549.0,378125,549.0,377908
4173,4171,4172,549.0,181135125,549.0,377908,528.0,59662
4174,4172,4173,549.0,181513033,528.0,59662,529.0,123629
4175,4173,4174,528.0,39291526,529.0,123629,496.0,584818
4176,4174,4175,529.0,40038893,496.0,584818,478.0,461430
4177,4175,4176,496.0,181175938,478.0,461430,390.0,178249
4178,4176,4177,478.0,181052550,390.0,178249,411.0,26242
4179,4177,4178,390.0,39025713,411.0,26242,411.0,28414
4180,4178,4179,411.0,38873706,411.0,28414,411.0,28414
4181,4179,4180,411.0,38902120,411.0,28414,416.0,28423
4182,4180,4181,411.0,38930534,416.0,28423,411.0,28404
4183,4181,4182,416.0,38958905,411.0,28404,411.0,28414
4184,4182,4183,411.0,38987344,411.0,28414,411.0,28414
4185,4183,4184,411.0,39015758,411.0,28414,411.0,28414
4186,4184,4185,411.0,39044172,411.0,28414,401.0,15515
4187,4185,4186,411.0,39072586,401.0,15515,401.0,29010
4188,4186,4187,401.0,38862979,401.0,29010,401.0,29010
4189,4187,4188,401.0,38891989,401.0,29010,407.0,145018
4190,4188,4189,401.0,38920999,407.0,145018,407.0,144962
4191,4189,4190,407.0,194749998,407.0,144962,406.0,28993
4192,4190,4191,407.0,194894960,406.0,28993,401.0,29011
4193,4191,4192,406.0,39007984,401.0,29011,401.0,29010
4194,4192,4193,401.0,39037055,401.0,29010,350.0,607195
4195,4193,4194,401.0,39066065,350.0,607195,562.0,1026587
4196,4194,4195,350.0,194844515,562.0,1026587,549.0,305582
4197,4195,4196,562.0,214673947,549.0,305582,551.0,80841
4198,4196,4197,549.0,182011462,551.0,80841,552.0,82147
4199,4197,4198,551.0,38993653,552.0,82147,529.0,106343
4200,4198,4199,552.0,39704737,529.0,106343,527.0,119765
4201,4199,4200,529.0,40206951,527.0,119765,496.0,1016498
4202,4200,4201,527.0,39070211,496.0,1016498,478.0,773617
4203,4201,4202,496.0,182722378,478.0,773617,411.0,8330
4204,4202,4203,478.0,182479497,411.0,8330,411.0,28414
4205,4203,4204,411.0,39094122,411.0,28414,411.0,28414
4206,4204,4205,411.0,39122536,411.0,28414,417.0,142225
4207,4205,4206,411.0,39150950,417.0,142225,411.0,28410
4208,4206,4207,417.0,195896685,411.0,28410,411.0,28414
4209,4207,4208,411.0,39207760,411.0,28414,411.0,28414
4210,4208,4209,411.0,39236174,411.0,28414,416.0,28416
4211,4209,4210,411.0,39264588,416.0,28416,411.0,28402
4212,4210,4211,416.0,39292954,411.0,28402,401.0,26232
4213,4211,4212,411.0,39321398,401.0,26232,407.0,145073
4214,4212,4213,401.0,39112024,407.0,145073,407.0,144962
4215,4213,4214,407.0,195705163,407.0,144962,406.0,28993
4216,4214,4215,407.0,195850125,406.0,28993,401.0,29014
4217,4215,4216,406.0,39199017,401.0,29014,401.0,29010
4218,4216,4217,401.0,39228080,401.0,29010,401.0,29010
4219,4217,4218,401.0,39257090,401.0,29010,401.0,29010
4220,4218,4219,401.0,39286100,401.0,29010,562.0,91660
4221,4219,4220,401.0,39315110,562.0,91660,549.0,67174
4222,4220,4221,562.0,215049740,549.0,67174,551.0,80835
4223,4221,4222,549.0,182887814,551.0,80835,552.0,82129
4224,4222,4223,551.0,39181011,552.0,82129,529.0,28392
4225,4223,4224,552.0,39895105,529.0,28392,527.0,119766
4226,4224,4225,529.0,40375016,527.0,119766,496.0,279861
4227,4225,4226,527.0,39233024,496.0,279861,457.0,25765
4228,4226,4227,496.0,183100501,457.0,25765,482.0,186384
4229,4227,4228,457.0,19568661,482.0,186384,411.0,18833
4230,4228,4229,482.0,40586256,411.0,18833,416.0,28405
4231,4229,4230,411.0,39342953,416.0,28405,411.0,28399
4232,4230,4231,416.0,39371311,411.0,28399,411.0,28414
4233,4231,4232,411.0,39399763,411.0,28414,411.0,28414
4234,4232,4233,411.0,39428177,411.0,28414,411.0,28414
4235,4233,4234,411.0,39456591,411.0,28414,416.0,28441
4236,4234,4235,411.0,39485005,416.0,28441,411.0,28409
4237,4235,4236,416.0,39513389,411.0,28409,401.0,7940
4238,4236,4237,411.0,39541815,401.0,7940,405.0,29008
4239,4237,4238,401.0,39332060,405.0,29008,407.0,144962
4240,4238,4239,405.0,39361064,407.0,144962,407.0,144962
4241,4239,4240,407.0,196950277,407.0,144962,401.0,29012
4242,4240,4241,407.0,197095239,401.0,29012,401.0,29010
4243,4241,4242,401.0,39448116,401.0,29010,401.0,29010
4244,4242,4243,401.0,39477126,401.0,29010,401.0,29010
4245,4243,4244,401.0,39506136,401.0,29010,350.0,111340
4246,4244,4245,401.0,39535146,350.0,111340,562.0,639540
4247,4245,4246,350.0,196731940,562.0,639540,551.0,44253
4248,4246,4247,562.0,216908340,551.0,44253,552.0,82123
4249,4247,4248,551.0,39368373,552.0,82123,553.0,83420
4250,4248,4249,552.0,40085485,553.0,83420,527.0,71720
4251,4249,4250,553.0,40805212,527.0,71720,527.0,119747
4252,4250,4251,527.0,39395840,527.0,119747,496.0,711574
4253,4251,4252,527.0,39515587,496.0,711574,470.0,57235
4254,4252,4253,496.0,184646974,470.0,57235,411.0,922
4255,4253,4254,470.0,19085035,411.0,922,417.0,142151
4256,4254,4255,411.0,39563370,417.0,142151,411.0,28406
4257,4255,4256,417.0,197958731,411.0,28406,411.0,28414
4258,4256,4257,411.0,39620180,411.0,28414,411.0,28414
4259,4257,4258,411.0,39648594,411.0,28414,417.0,142006
4260,4258,4259,411.0,39677008,417.0,142006,411.0,28398
4261,4259,4260,417.0,198526816,411.0,28398,411.0,28414
4262,4260,4261,411.0,39733818,411.0,28414,411.0,28414
4263,4261,4262,411.0,39762232,411.0,28414,406.0,18644
4264,4262,4263,411.0,39790646,406.0,18644,407.0,144961
4265,4263,4264,406.0,39581092,407.0,144961,401.0,29016
4266,4264,4265,407.0,198050421,401.0,29016,401.0,29010
4267,4265,4266,401.0,39639142,401.0,29010,401.0,29010
4268,4266,4267,401.0,39668152,401.0,29010,401.0,29010
4269,4267,4268,401.0,39697162,401.0,29010,401.0,29010
4270,4268,4269,401.0,39726172,401.0,29010,401.0,29010
4271,4269,4270,401.0,39755182,401.0,29010,350.0,813263
4272,4270,4271,401.0,39784192,350.0,813263,562.0,1187437
4273,4271,4272,350.0,198625503,562.0,1187437,552.0,75321
4274,4272,4273,562.0,218766957,552.0,75321,553.0,83421
4275,4273,4274,552.0,40275873,553.0,83421,549.0,377977
4276,4274,4275,553.0,40998621,549.0,377977,527.0,115957
4277,4275,4276,549.0,186152847,527.0,115957,528.0,121654
4278,4276,4277,527.0,39678405,528.0,121654,478.0,20539
4279,4277,4278,528.0,40440079,478.0,20539,478.0,844709
4280,4278,4279,478.0,185070699,478.0,844709,416.0,11404
4281,4279,4280,478.0,185915408,416.0,11404,411.0,28413
4282,4280,4281,416.0,39812180,411.0,28413,411.0,28414
4283,4281,4282,411.0,39840597,411.0,28414,411.0,28414
4284,4282,4283,411.0,39869011,411.0,28414,417.0,142135
4285,4283,4284,411.0,39897425,417.0,142135,411.0,28405
4286,4284,4285,417.0,199628995,411.0,28405,411.0,28414
4287,4285,4286,411.0,39954235,411.0,28414,411.0,28414
4288,4286,4287,411.0,39982649,411.0,28414,407.0,1732
4289,4287,4288,411.0,40011063,407.0,1732,407.0,144962
4290,4288,4289,407.0,199005612,407.0,144962,401.0,29013
4291,4289,4290,407.0,199150574,401.0,29013,401.0,29010
4292,4290,4291,401.0,39859177,401.0,29010,401.0,29010
4293,4291,4292,401.0,39888187,401.0,29010,401.0,29010
4294,4292,4293,401.0,39917197,401.0,29010,401.0,29010
4295,4293,4294,401.0,39946207,401.0,29010,401.0,29010
4296,4294,4295,401.0,39975217,401.0,29010,401.0,29010
4297,4295,4296,401.0,40004227,401.0,29010,562.0,252510
4298,4296,4297,401.0,40033237,562.0,252510,552.0,23516
4299,4297,4298,562.0,219142750,552.0,23516,553.0,83408
4300,4298,4299,552.0,40466240,553.0,83408,549.0,377950
4301,4299,4300,553.0,41192016,549.0,377950,527.0,40441
4302,4300,4301,549.0,187029200,527.0,40441,528.0,121654
4303,4301,4302,527.0,39841217,528.0,121654,496.0,406651
4304,4302,4303,528.0,40605517,496.0,406651,482.0,73466
4305,4303,4304,496.0,186571571,482.0,73466,390.0,58310
4306,4304,4305,482.0,41158138,390.0,58310,411.0,21909
4307,4305,4306,390.0,40097414,411.0,21909,411.0,28414
4308,4306,4307,411.0,40061013,411.0,28414,411.0,28414
4309,4307,4308,411.0,40089427,411.0,28414,417.0,142242
4310,4308,4309,411.0,40117841,417.0,142242,411.0,28411
4311,4309,4310,417.0,200731152,411.0,28411,411.0,28414
4312,4310,4311,411.0,40174651,411.0,28414,411.0,28414
4313,4311,4312,411.0,40203065,411.0,28414,417.0,142097
4314,4312,4313,411.0,40231479,417.0,142097,407.0,55187
4315,4313,4314,417.0,201299237,407.0,55187,401.0,29010
4316,4314,4315,407.0,200250707,401.0,29010,401.0,29010
4317,4315,4316,401.0,40079212,401.0,29010,401.0,29010
4318,4316,4317,401.0,40108222,401.0,29010,401.0,29010
4319,4317,4318,401.0,40137232,401.0,29010,401.0,29010
4320,4318,4319,401.0,40166242,401.0,29010,401.0,29010
4321,4319,4320,401.0,40195252,401.0,29010,401.0,29010
4322,4320,4321,401.0,40224262,401.0,29010,350.0,317357
4323,4321,4322,401.0,40253272,350.0,317357,562.0,800350
4324,4322,4323,350.0,200512877,562.0,800350,549.0,247948
4325,4323,4324,562.0,221001310,549.0,247948,549.0,377908
4326,4324,4325,549.0,187527628,549.0,377908,551.0,80802
4327,4325,4326,549.0,187905536,551.0,80802,521.0,84748
4328,4326,4327,551.0,40253764,521.0,84748,529.0,123623
4329,4327,4328,521.0,40123852,529.0,123623,496.0,838329
4330,4328,4329,529.0,41541799,496.0,838329,464.0,68944
4331,4329,4330,496.0,188118009,464.0,68944,411.0,3997
4332,4330,4331,464.0,20088496,411.0,3997,411.0,28414
4333,4331,4332,411.0,40281429,411.0,28414,416.0,28405
4334,4332,4333,411.0,40309843,416.0,28405,411.0,28399
4335,4333,4334,416.0,40338201,411.0,28399,411.0,28414
4336,4334,4335,411.0,40366653,411.0,28414,411.0,28414
4337,4335,4336,411.0,40395067,411.0,28414,411.0,28414
4338,4336,4337,411.0,40423481,411.0,28414,415.0,28442
4339,4337,4338,411.0,40451895,415.0,28442,411.0,28409
4340,4338,4339,415.0,40480280,411.0,28409,401.0,21816
4341,4339,4340,411.0,40508705,401.0,21816,401.0,29010
4342,4340,4341,401.0,40299248,401.0,29010,401.0,29010
4343,4341,4342,401.0,40328258,401.0,29010,401.0,29010
4344,4342,4343,401.0,40357268,401.0,29010,401.0,29010
4345,4343,4344,401.0,40386278,401.0,29010,401.0,29010
4346,4344,4345,401.0,40415288,401.0,29010,401.0,29010
4347,4345,4346,401.0,40444298,401.0,29010,401.0,29010
4348,4346,4347,401.0,40473308,401.0,29010,348.0,3288
4349,4347,4348,401.0,40502318,348.0,3288,547.0,162
4350,4348,4349,348.0,652924,547.0,162,549.0,377912
4351,4349,4350,547.0,3248342,549.0,377912,551.0,80803
4352,4350,4351,549.0,188781922,551.0,80803,528.0,9338
4353,4351,4352,551.0,40441129,528.0,9338,529.0,123638
4354,4352,4353,528.0,40936406,529.0,123638,496.0,101720
4355,4353,4354,529.0,41709878,496.0,101720,478.0,112119
4356,4354,4355,496.0,188496160,478.0,112119,478.0,844709
4357,4355,4356,478.0,188506559,478.0,844709,411.0,14500
4358,4356,4357,478.0,189351268,411.0,14500,417.0,142151
4359,4357,4358,411.0,40530260,417.0,142151,411.0,28406
4360,4358,4359,417.0,202793181,411.0,28406,411.0,28414
4361,4359,4360,411.0,40587070,411.0,28414,411.0,28414
4362,4360,4361,411.0,40615484,411.0,28414,417.0,142006
4363,4361,4362,411.0,40643898,417.0,142006,411.0,28398
4364,4362,4363,417.0,203361266,411.0,28398,411.0,28414
4365,4363,4364,411.0,40700708,411.0,28414,401.0,3524
4366,4364,4365,411.0,40729122,401.0,3524,401.0,29010
4367,4365,4366,401.0,40519284,401.0,29010,401.0,29010
4368,4366,4367,401.0,40548294,401.0,29010,401.0,29010
4369,4367,4368,401.0,40577304,401.0,29010,401.0,29010
4370,4368,4369,401.0,40606314,401.0,29010,401.0,29010
4371,4369,4370,401.0,40635324,401.0,29010,401.0,29010
4372,4370,4371,401.0,40664334,401.0,29010,401.0,29010
4373,4371,4372,401.0,40693344,401.0,29010,401.0,29010
4374,4372,4373,401.0,40722354,401.0,29010,561.0,82672
4375,4373,4374,401.0,40751364,561.0,82672,549.0,149108
4376,4374,4375,561.0,44647152,549.0,149108,551.0,80804
4377,4375,4376,549.0,189658308,551.0,80804,538.0,80809
4378,4376,4377,551.0,40628494,538.0,80809,521.0,53450
4379,4377,4378,538.0,40709347,521.0,53450,527.0,119780
4380,4378,4379,521.0,40569210,527.0,119780,496.0,533448
4381,4379,4380,527.0,40688984,496.0,533448,482.0,93686
4382,4380,4381,496.0,190042648,482.0,93686,390.0,143587
4383,4381,4382,482.0,41916406,390.0,143587,416.0,24985
4384,4382,4383,390.0,40897675,416.0,24985,411.0,28414
4385,4383,4384,416.0,40779073,411.0,28414,411.0,28414
4386,4384,4385,411.0,40807488,411.0,28414,411.0,28414
4387,4385,4386,411.0,40835902,411.0,28414,417.0,142151
4388,4386,4387,411.0,40864316,417.0,142151,411.0,28406
4389,4387,4388,417.0,204463461,411.0,28406,411.0,28414
4390,4388,4389,411.0,40921126,411.0,28414,411.0,28414
4391,4389,4390,411.0,40949540,411.0,28414,401.0,14243
4392,4390,4391,411.0,40977954,401.0,14243,401.0,29010
4393,4391,4392,401.0,40768331,401.0,29010,401.0,29010
4394,4392,4393,401.0,40797341,401.0,29010,401.0,29010
4395,4393,4394,401.0,40826351,401.0,29010,401.0,29010
4396,4394,4395,401.0,40855361,401.0,29010,401.0,29010
4397,4395,4396,401.0,40884371,401.0,29010,401.0,29010
4398,4396,4397,401.0,40913381,401.0,29010,401.0,29010
4399,4397,4398,401.0,40942391,401.0,29010,350.0,523529
4400,4398,4399,401.0,40971401,350.0,523529,561.0,192256
4401,4399,4400,350.0,204293969,561.0,192256,551.0,61776
4402,4400,4401,561.0,45018880,551.0,61776,538.0,80822
4403,4401,4402,551.0,40815864,538.0,80822,549.0,378123
4404,4402,4403,538.0,40896724,549.0,378123,529.0,100880
4405,4403,4404,549.0,191669083,529.0,100880,527.0,119754
4406,4404,4405,529.0,42169616,527.0,119754,496.0,965192
4407,4405,4406,527.0,40971554,496.0,965192,479.0,12700
4408,4406,4407,496.0,191589152,479.0,12700,411.0,7076
4409,4407,4408,479.0,3299320,411.0,7076,411.0,28414
4410,4408,4409,411.0,40999492,411.0,28414,411.0,28414
4411,4409,4410,411.0,41027906,411.0,28414,411.0,28414
4412,4410,4411,411.0,41056320,411.0,28414,411.0,28397
4413,4411,4412,411.0,41084734,411.0,28397,411.0,28414
4414,4412,4413,411.0,41113131,411.0,28414,411.0,28414
4415,4413,4414,411.0,41141545,411.0,28414,411.0,28414
4416,4414,4415,411.0,41169959,411.0,28414,416.0,28434
4417,4415,4416,411.0,41198373,416.0,28434,401.0,24962
4418,4416,4417,416.0,41226752,401.0,24962,401.0,29010
4419,4417,4418,401.0,41017378,401.0,29010,401.0,29010
4420,4418,4419,401.0,41046388,401.0,29010,401.0,29010
4421,4419,4420,401.0,41075398,401.0,29010,401.0,29010
4422,4420,4421,401.0,41104408,401.0,29010,401.0,29010
4423,4421,4422,401.0,41133418,401.0,29010,401.0,29010
4424,4422,4423,401.0,41162428,401.0,29010,407.0,145000
4425,4423,4424,401.0,41191438,407.0,145000,562.0,26415
4426,4424,4425,407.0,206102180,562.0,26415,551.0,10817
4427,4425,4426,562.0,225470255,551.0,10817,538.0,80833
4428,4426,4427,551.0,41003233,538.0,80833,545.0,75630
4429,4427,4428,538.0,41084099,545.0,75630,529.0,22952
4430,4428,4429,545.0,38509098,529.0,22952,527.0,119766
4431,4429,4430,529.0,42337704,527.0,119766,496.0,228605
4432,4430,4431,527.0,41134378,496.0,228605,483.0,45006
4433,4431,4432,496.0,191967325,483.0,45006,478.0,844726
4434,4432,4433,483.0,42359758,478.0,844726,411.0,17580
4435,4433,4434,478.0,192787316,411.0,17580,411.0,28414
4436,4434,4435,411.0,41248324,411.0,28414,416.0,28423
4437,4435,4436,411.0,41276738,416.0,28423,411.0,28404
4438,4436,4437,416.0,41305109,411.0,28404,411.0,28414
4439,4437,4438,411.0,41333548,411.0,28414,411.0,28414
4440,4438,4439,411.0,41361962,411.0,28414,411.0,28414
4441,4439,4440,411.0,41390376,411.0,28414,411.0,28397
4442,4440,4441,411.0,41418790,411.0,28397,401.0,6671
4443,4441,4442,411.0,41447187,401.0,6671,401.0,29010
4444,4442,4443,401.0,41237415,401.0,29010,401.0,29010
4445,4443,4444,401.0,41266425,401.0,29010,401.0,29010
4446,4444,4445,401.0,41295435,401.0,29010,401.0,29010
4447,4445,4446,401.0,41324445,401.0,29010,401.0,29010
4448,4446,4447,401.0,41353455,401.0,29010,401.0,29010
4449,4447,4448,401.0,41382465,401.0,29010,406.0,28996
4450,4448,4449,401.0,41411475,406.0,28996,350.0,27806
4451,4449,4450,406.0,41440470,350.0,27806,561.0,114867
4452,4450,4451,350.0,206181526,561.0,114867,538.0,40730
4453,4451,4452,561.0,45465779,538.0,40730,547.0,6520
4454,4452,4453,538.0,41271474,547.0,6520,549.0,377917
4455,4453,4454,547.0,3334860,549.0,377917,527.0,66457
4456,4454,4455,549.0,193799797,527.0,66457,527.0,119747
4457,4455,4456,527.0,41297201,527.0,119747,496.0,660349
4458,4456,4457,527.0,41416948,496.0,660349,470.0,53371
4459,4457,4458,496.0,193513829,470.0,53371,390.0,228930
4460,4458,4459,470.0,20003731,390.0,228930,411.0,28083
4461,4459,4460,390.0,41698002,411.0,28083,417.0,142242
4462,4460,4461,411.0,41497155,417.0,142242,411.0,28411
4463,4461,4462,417.0,207627722,411.0,28411,411.0,28414
4464,4462,4463,411.0,41553965,411.0,28414,411.0,28414
4465,4463,4464,411.0,41582379,411.0,28414,417.0,142097
4466,4464,4465,411.0,41610793,417.0,142097,411.0,28403
4467,4465,4466,417.0,208195807,411.0,28403,411.0,28414
4468,4466,4467,411.0,41667603,411.0,28414,401.0,17388
4469,4467,4468,411.0,41696017,401.0,17388,401.0,29010
4470,4468,4469,401.0,41486460,401.0,29010,401.0,29010
4471,4469,4470,401.0,41515470,401.0,29010,401.0,29010
4472,4470,4471,401.0,41544480,401.0,29010,401.0,29010
4473,4471,4472,401.0,41573490,401.0,29010,406.0,29007
4474,4472,4473,401.0,41602500,406.0,29007,407.0,144962
4475,4473,4474,406.0,41631503,407.0,144962,407.0,144962
4476,4474,4475,407.0,208302477,407.0,144962,350.0,729632
4477,4475,4476,407.0,208447439,350.0,729632,562.0,1122158
4478,4476,4477,350.0,208074992,562.0,1122158,549.0,329970
4479,4477,4478,562.0,229187438,549.0,329970,551.0,80848
4480,4478,4479,549.0,194298210,551.0,80848,551.0,80792
4481,4479,4480,551.0,41620476,551.0,80792,527.0,110682
4482,4480,4481,551.0,41701268,527.0,110682,521.0,119774
4483,4481,4482,527.0,41579754,521.0,119774,496.0,1092014
4484,4482,4483,521.0,41699578,496.0,1092014,478.0,827983
4485,4483,4484,496.0,195060254,478.0,827983,416.0,10115
4486,4484,4485,478.0,194796223,416.0,10115,411.0,28399
4487,4485,4486,416.0,41717515,411.0,28399,411.0,28414
4488,4486,4487,411.0,41745967,411.0,28414,411.0,28414
4489,4487,4488,411.0,41774381,411.0,28414,411.0,28414
4490,4488,4489,411.0,41802795,411.0,28414,415.0,28442
4491,4489,4490,411.0,41831209,415.0,28442,411.0,28409
4492,4490,4491,415.0,41859594,411.0,28409,411.0,28414
4493,4491,4492,411.0,41888019,411.0,28414,411.0,28414
4494,4492,4493,411.0,41916433,411.0,28414,401.0,28105
4495,4493,4494,411.0,41944847,401.0,28105,401.0,29010
4496,4494,4495,401.0,41735505,401.0,29010,401.0,29010
4497,4495,4496,401.0,41764515,401.0,29010,401.0,29010
4498,4496,4497,401.0,41793525,401.0,29010,406.0,28996
4499,4497,4498,401.0,41822535,406.0,28996,407.0,144961
4500,4498,4499,406.0,41851530,407.0,144961,401.0,29015
4501,4499,4500,407.0,209402611,401.0,29015,401.0,29010
4502,4500,4501,401.0,41909581,401.0,29010,562.0,187250
4503,4501,4502,401.0,41938591,562.0,187250,549.0,91578
4504,4502,4503,562.0,229563250,549.0,91578,551.0,80845
4505,4503,4504,549.0,195174578,551.0,80845,551.0,80792
4506,4504,4505,551.0,41807837,551.0,80792,527.0,35169
4507,4505,4506,551.0,41888629,527.0,35169,521.0,119780
4508,4506,4507,527.0,41742569,521.0,119780,496.0,355385
4509,4507,4508,521.0,41862396,496.0,355385,478.0,295497
4510,4508,4509,496.0,195438385,478.0,295497,390.0,23714
4511,4509,4510,478.0,195378497,390.0,23714,411.0,20656
4512,4510,4511,390.0,41969442,411.0,20656,411.0,28414
4513,4511,4512,411.0,41966384,411.0,28414,411.0,28414
4514,4512,4513,411.0,41994798,411.0,28414,417.0,142006
4515,4513,4514,411.0,42023212,417.0,142006,411.0,28398
4516,4514,4515,417.0,210257836,411.0,28398,411.0,28414
4517,4515,4516,411.0,42080022,411.0,28414,411.0,28414
4518,4516,4517,411.0,42108436,411.0,28414,411.0,28414
4519,4517,4518,411.0,42136850,411.0,28414,401.0,9813
4520,4518,4519,411.0,42165264,401.0,9813,401.0,29010
4521,4519,4520,401.0,41955541,401.0,29010,401.0,29010
4522,4520,4521,401.0,41984551,401.0,29010,407.0,145055
4523,4521,4522,401.0,42013561,407.0,145055,406.0,28993
4524,4522,4523,407.0,210212835,406.0,28993,407.0,144961
4525,4523,4524,406.0,42071559,407.0,144961,401.0,29013
4526,4524,4525,407.0,210502756,401.0,29013,401.0,29010
4527,4525,4526,401.0,42129617,401.0,29010,350.0,233802
4528,4526,4527,401.0,42158627,350.0,233802,562.0,735130
4529,4527,4528,350.0,209962442,562.0,735130,551.0,49471
4530,4528,4529,562.0,231421850,551.0,49471,551.0,80792
4531,4529,4530,551.0,41995199,551.0,80792,553.0,83442
4532,4530,4531,551.0,42075991,553.0,83442,528.0,80711
4533,4531,4532,553.0,43516786,528.0,80711,529.0,123634
4534,4532,4533,528.0,42702983,529.0,123634,496.0,787097
4535,4533,4534,529.0,43504498,496.0,787097,457.0,64976
4536,4534,4535,496.0,196984857,457.0,64976,411.0,2745
4537,4535,4536,457.0,21037840,411.0,2745,411.0,28414
4538,4536,4537,411.0,42186801,411.0,28414,411.0,28414
4539,4537,4538,411.0,42215215,411.0,28414,417.0,142135
4540,4538,4539,411.0,42243629,417.0,142135,411.0,28405
4541,4539,4540,417.0,211360015,411.0,28405,411.0,28414
4542,4540,4541,411.0,42300439,411.0,28414,411.0,28414
4543,4541,4542,411.0,42328853,411.0,28414,417.0,141990
4544,4542,4543,411.0,42357267,417.0,141990,411.0,28397
4545,4543,4544,417.0,211928100,411.0,28397,401.0,20530
4546,4544,4545,411.0,42414077,401.0,20530,401.0,29010
4547,4545,4546,401.0,42204586,401.0,29010,407.0,145000
4548,4546,4547,401.0,42233596,407.0,145000,406.0,28993
4549,4547,4548,407.0,211312970,406.0,28993,401.0,29016
4550,4548,4549,406.0,42291586,401.0,29016,401.0,29010
4551,4549,4550,401.0,42320642,401.0,29010,401.0,29010
4552,4550,4551,401.0,42349652,401.0,29010,401.0,29010
4553,4551,4552,401.0,42378662,401.0,29010,350.0,935674
4554,4552,4553,401.0,42407672,350.0,935674,562.0,1282987
4555,4553,4554,350.0,211855954,562.0,1282987,552.0,80620
4556,4554,4555,562.0,233280427,552.0,80620,553.0,83426
4557,4555,4556,552.0,42945064,553.0,83426,528.0,3974
4558,4556,4557,553.0,43710178,528.0,3974,529.0,123632
4559,4557,4558,528.0,42868418,529.0,123632,496.0,50451
4560,4558,4559,529.0,43672560,496.0,50451,478.0,74868
4561,4559,4560,496.0,197362971,478.0,74868,470.0,87390
4562,4560,4561,478.0,197387388,470.0,87390,411.0,13247
4563,4561,4562,470.0,20506800,411.0,13247,411.0,28414
4564,4562,4563,411.0,42435631,411.0,28414,417.0,142242
4565,4563,4564,411.0,42464045,417.0,142242,411.0,28411
4566,4564,4565,417.0,212462172,411.0,28411,411.0,28414
4567,4565,4566,411.0,42520855,411.0,28414,411.0,28414
4568,4566,4567,411.0,42549269,411.0,28414,417.0,142097
4569,4567,4568,411.0,42577683,417.0,142097,411.0,28403
4570,4568,4569,417.0,213030257,411.0,28403,401.0,2237
4571,4569,4570,411.0,42634493,401.0,2237,407.0,145055
4572,4570,4571,401.0,42424621,407.0,145055,406.0,28993
4573,4571,4572,407.0,212268135,406.0,28993,407.0,144961
4574,4572,4573,406.0,42482619,407.0,144961,401.0,29013
4575,4573,4574,407.0,212558056,401.0,29013,401.0,29010
4576,4574,4575,401.0,42540677,401.0,29010,401.0,29010
4577,4575,4576,401.0,42569687,401.0,29010,401.0,29010
4578,4576,4577,401.0,42598697,401.0,29010,401.0,29010
4579,4577,4578,401.0,42627707,401.0,29010,562.0,348059
4580,4578,4579,401.0,42656717,562.0,348059,552.0,28815
4581,4579,4580,562.0,233656219,552.0,28815,553.0,83413
4582,4580,4581,552.0,43135431,553.0,83413,545.0,75593
4583,4581,4582,553.0,43903573,545.0,75593,529.0,49776
4584,4582,4583,545.0,39863187,529.0,49776,527.0,119769
4585,4583,4584,529.0,43840624,527.0,119769,496.0,482142
4586,4584,4585,527.0,42590327,496.0,482142,478.0,387072
4587,4585,4586,496.0,198909422,478.0,387072,390.0,108965
4588,4586,4587,478.0,198814352,390.0,108965,416.0,23693
4589,4587,4588,390.0,42769677,416.0,23693,411.0,28399
4590,4588,4589,416.0,42684405,411.0,28399,411.0,28414
4591,4589,4590,411.0,42712857,411.0,28414,411.0,28414
4592,4590,4591,411.0,42741271,411.0,28414,411.0,28414
4593,4591,4592,411.0,42769685,411.0,28414,416.0,28441
4594,4592,4593,411.0,42798099,416.0,28441,411.0,28409
4595,4593,4594,416.0,42826483,411.0,28409,411.0,28414
4596,4594,4595,411.0,42854909,411.0,28414,407.0,64707
4597,4595,4596,411.0,42883323,407.0,64707,407.0,144962
4598,4596,4597,407.0,213368267,407.0,144962,401.0,29016
4599,4597,4598,407.0,213513229,401.0,29016,401.0,29010
4600,4598,4599,401.0,42731702,401.0,29010,401.0,29010
4601,4599,4600,401.0,42760712,401.0,29010,401.0,29010
4602,4600,4601,401.0,42789722,401.0,29010,401.0,29010
4603,4601,4602,401.0,42818732,401.0,29010,401.0,29010
4604,4602,4603,401.0,42847742,401.0,29010,350.0,439768
4605,4603,4604,401.0,42876752,350.0,439768,562.0,895900
4606,4604,4605,350.0,213743328,562.0,895900,553.0,60097
4607,4605,4606,562.0,235514780,553.0,60097,549.0,377919
4608,4606,4607,553.0,44096961,549.0,377919,551.0,80805
4609,4607,4608,549.0,200192269,551.0,80805,527.0,92425
4610,4608,4609,551.0,42880583,527.0,92425,527.0,119747
4611,4609,4610,527.0,42753137,527.0,119747,496.0,913828
4612,4610,4611,527.0,42872884,496.0,913828,482.0,154329
4613,4611,4612,496.0,200455868,482.0,154329,416.0,5798
4614,4612,4613,482.0,44191193,416.0,5798,411.0,28406
4615,4613,4614,416.0,42904838,411.0,28406,411.0,28414
4616,4614,4615,411.0,42933274,411.0,28414,411.0,28414
4617,4615,4616,411.0,42961688,411.0,28414,417.0,142006
4618,4616,4617,411.0,42990102,417.0,142006,411.0,28398
4619,4617,4618,417.0,215092286,411.0,28398,411.0,28414
4620,4618,4619,411.0,43046912,411.0,28414,411.0,28414
4621,4619,4620,411.0,43075326,411.0,28414,411.0,28414
4622,4620,4621,411.0,43103740,411.0,28414,405.0,23639
4623,4621,4622,411.0,43132154,405.0,23639,401.0,29014
4624,4622,4623,405.0,42922679,401.0,29014,401.0,29010
4625,4623,4624,401.0,42951738,401.0,29010,401.0,29010
4626,4624,4625,401.0,42980748,401.0,29010,401.0,29010
4627,4625,4626,401.0,43009758,401.0,29010,401.0,29010
4628,4626,4627,401.0,43038768,401.0,29010,401.0,29010
4629,4627,4628,401.0,43067778,401.0,29010,401.0,29010
4630,4628,4629,401.0,43096788,401.0,29010,350.0,1141690
4631,4629,4630,401.0,43125798,350.0,1141690,553.0,7491
4632,4630,4631,350.0,215636890,553.0,7491,549.0,377923
4633,4631,4632,553.0,44290371,549.0,377923,551.0,80806
4634,4632,4633,549.0,201068653,551.0,80806,527.0,16917
4635,4633,4634,551.0,43067948,527.0,16917,527.0,119747
4636,4634,4635,527.0,42915957,527.0,119747,496.0,177222
4637,4635,4636,527.0,43035704,496.0,177222,478.0,166464
4638,4636,4637,496.0,200834022,478.0,166464,470.0,87373
4639,4637,4638,478.0,200823264,470.0,87373,411.0,16323
4640,4638,4639,470.0,20862223,411.0,16323,411.0,28414
4641,4639,4640,411.0,43153691,411.0,28414,411.0,28414
4642,4640,4641,411.0,43182105,411.0,28414,417.0,142135
4643,4641,4642,411.0,43210519,417.0,142135,411.0,28405
4644,4642,4643,417.0,216194465,411.0,28405,411.0,28414
4645,4643,4644,411.0,43267329,411.0,28414,411.0,28414
4646,4644,4645,411.0,43295743,411.0,28414,417.0,141990
4647,4645,4646,411.0,43324157,417.0,141990,407.0,26693
4648,4646,4647,417.0,216762550,407.0,26693,401.0,29012
4649,4647,4648,407.0,215713533,401.0,29012,401.0,29010
4650,4648,4649,401.0,43171774,401.0,29010,401.0,29010
4651,4649,4650,401.0,43200784,401.0,29010,401.0,29010
4652,4650,4651,401.0,43229794,401.0,29010,401.0,29010
4653,4651,4652,401.0,43258804,401.0,29010,401.0,29010
4654,4652,4653,401.0,43287814,401.0,29010,401.0,29010
4655,4653,4654,401.0,43316824,401.0,29010,401.0,29010
4656,4654,4655,401.0,43345834,401.0,29010,562.0,508909
4657,4655,4656,401.0,43374844,562.0,508909,549.0,173477
4658,4656,4657,562.0,237749229,549.0,173477,551.0,80806
4659,4657,4658,549.0,201945037,551.0,80806,538.0,80814
4660,4658,4659,551.0,43255312,538.0,80814,527.0,61154
4661,4659,4660,538.0,43336168,527.0,61154,528.0,121669
4662,4660,4661,527.0,43198522,528.0,121669,496.0,608941
4663,4661,4662,528.0,44016982,496.0,608941,478.0,478710
4664,4662,4663,496.0,202380501,478.0,478710,390.0,194243
4665,4663,4664,478.0,202250270,390.0,194243,411.0,26826
4666,4664,4665,390.0,43569939,411.0,26826,411.0,28414
4667,4665,4666,411.0,43402522,411.0,28414,416.0,28452
4668,4666,4667,411.0,43430936,416.0,28452,411.0,28412
4669,4667,4668,416.0,43459328,411.0,28412,411.0,28414
4670,4668,4669,411.0,43487746,411.0,28414,411.0,28414
4671,4669,4670,411.0,43516160,411.0,28414,416.0,28423
4672,4670,4671,411.0,43544574,416.0,28423,411.0,28404
4673,4671,4672,416.0,43572945,411.0,28404,401.0,16114
4674,4672,4673,411.0,43601384,401.0,16114,401.0,29010
4675,4673,4674,401.0,43391810,401.0,29010,401.0,29010
4676,4674,4675,401.0,43420820,401.0,29010,401.0,29010
4677,4675,4676,401.0,43449830,401.0,29010,401.0,29010
4678,4676,4677,401.0,43478840,401.0,29010,401.0,29010
4679,4677,4678,401.0,43507850,401.0,29010,401.0,29010
4680,4678,4679,401.0,43536860,401.0,29010,401.0,29010
4681,4679,4680,401.0,43565870,401.0,29010,350.0,645888
4682,4680,4681,401.0,43594880,350.0,645888,561.0,211358
4683,4681,4682,350.0,217524368,561.0,211358,551.0,66979
4684,4682,4683,561.0,47921566,551.0,66979,538.0,80811
4685,4683,4684,551.0,43442675,538.0,80811,549.0,378101
4686,4684,4685,538.0,43523529,549.0,378101,528.0,107129
4687,4685,4686,549.0,203955781,528.0,107129,521.0,119723
4688,4686,4687,528.0,44182433,521.0,119723,496.0,1040653
4689,4687,4688,521.0,43600881,496.0,1040653,482.0,174588
4690,4688,4689,496.0,203926973,482.0,174588,411.0,8915
4691,4689,4690,482.0,44949500,411.0,8915,415.0,28413
4692,4690,4691,411.0,43622939,415.0,28413,411.0,28401
4693,4691,4692,415.0,43651303,411.0,28401,411.0,28414
4694,4692,4693,411.0,43679749,411.0,28414,411.0,28414
4695,4693,4694,411.0,43708163,411.0,28414,411.0,28414
4696,4694,4695,411.0,43736577,411.0,28414,417.0,142242
4697,4695,4696,411.0,43764991,417.0,142242,411.0,28411
4698,4696,4697,417.0,218966902,411.0,28411,411.0,28414
4699,4697,4698,411.0,43821801,411.0,28414,401.0,26832
4700,4698,4699,411.0,43850215,401.0,26832,401.0,29010
4701,4699,4700,401.0,43640856,401.0,29010,401.0,29010
4702,4700,4701,401.0,43669866,401.0,29010,401.0,29010
4703,4701,4702,401.0,43698876,401.0,29010,401.0,29010
4704,4702,4703,401.0,43727886,401.0,29010,401.0,29010
4705,4703,4704,401.0,43756896,401.0,29010,401.0,29010
4706,4704,4705,401.0,43785906,401.0,29010,401.0,29010
4707,4705,4706,401.0,43814916,401.0,29010,559.0,24381
4708,4706,4707,401.0,43843926,559.0,24381,551.0,16015
4709,4707,4708,559.0,47996733,551.0,16015,538.0,80811
4710,4708,4709,551.0,43630039,538.0,80811,549.0,378101
4711,4709,4710,538.0,43710893,549.0,378101,528.0,30414
4712,4710,4711,549.0,204832161,528.0,30414,521.0,119737
4713,4711,4712,528.0,44347890,521.0,119737,496.0,304040
4714,4712,4713,521.0,43763707,496.0,304040,478.0,258131
4715,4713,4714,496.0,204305120,478.0,258131,470.0,87383
4716,4714,4715,478.0,204259211,470.0,87383,417.0,96925
4717,4715,4716,470.0,21217673,417.0,96925,411.0,28408
4718,4716,4717,417.0,219358685,411.0,28408,411.0,28414
4719,4717,4718,411.0,43900166,411.0,28414,411.0,28414
4720,4718,4719,411.0,43928580,411.0,28414,417.0,142043
4721,4719,4720,411.0,43956994,417.0,142043,411.0,28400
4722,4720,4721,417.0,219926773,411.0,28400,411.0,28414
4723,4721,4722,411.0,44013804,411.0,28414,411.0,28414
4724,4722,4723,411.0,44042218,411.0,28414,401.0,8540
4725,4723,4724,411.0,44070632,401.0,8540,401.0,29010
4726,4724,4725,401.0,43860892,401.0,29010,401.0,29010
4727,4725,4726,401.0,43889902,401.0,29010,401.0,29010
4728,4726,4727,401.0,43918912,401.0,29010,401.0,29010
4729,4727,4728,401.0,43947922,401.0,29010,401.0,29010
4730,4728,4729,401.0,43976932,401.0,29010,401.0,29010
4731,4729,4730,401.0,44005942,401.0,29010,401.0,29010
4732,4730,4731,401.0,44034952,401.0,29010,350.0,150084
4733,4731,4732,401.0,44063962,350.0,150084,562.0,669781
4734,4732,4733,350.0,219411844,562.0,669781,538.0,45901
4735,4733,4734,562.0,241842261,538.0,45901,549.0,378093
4736,4734,4735,538.0,43898253,549.0,378093,551.0,80844
4737,4735,4736,549.0,205708533,551.0,80844,521.0,74178
4738,4736,4737,551.0,44059924,521.0,74178,529.0,123594
4739,4737,4738,521.0,43926530,529.0,123594,496.0,735755
4740,4738,4739,529.0,45467146,496.0,735755,478.0,570371
4741,4739,4740,496.0,205851595,478.0,570371,411.0,1490
4742,4740,4741,478.0,205686211,411.0,1490,411.0,28414
4743,4741,4742,411.0,44092170,411.0,28414,411.0,28414
4744,4742,4743,411.0,44120584,411.0,28414,411.0,28414
4745,4743,4744,411.0,44148998,411.0,28414,417.0,142188
4746,4744,4745,411.0,44177412,417.0,142188,411.0,28408
4747,4745,4746,417.0,221028968,411.0,28408,411.0,28414
4748,4746,4747,411.0,44234222,411.0,28414,411.0,28414
4749,4747,4748,411.0,44262636,411.0,28414,417.0,142043
4750,4748,4749,411.0,44291050,417.0,142043,401.0,19258
4751,4749,4750,417.0,221597053,401.0,19258,401.0,29010
4752,4750,4751,401.0,44109938,401.0,29010,401.0,29010
4753,4751,4752,401.0,44138948,401.0,29010,401.0,29010
4754,4752,4753,401.0,44167958,401.0,29010,401.0,29010
4755,4753,4754,401.0,44196968,401.0,29010,401.0,29010
4756,4754,4755,401.0,44225978,401.0,29010,401.0,29010
4757,4755,4756,401.0,44254988,401.0,29010,407.0,145000
4758,4756,4757,401.0,44283998,407.0,145000,350.0,851984
4759,4757,4758,407.0,221564980,350.0,851984,562.0,1217661
4760,4758,4759,350.0,221305384,562.0,1217661,549.0,354302
4761,4759,4760,562.0,243700861,549.0,354302,551.0,80841
4762,4760,4761,549.0,206584902,551.0,80841,552.0,82147
4763,4761,4762,551.0,44247285,552.0,82147,529.0,122256
4764,4762,4763,552.0,45043105,529.0,122256,527.0,119754
4765,4763,4764,529.0,45635216,527.0,119754,464.0,4031
4766,4764,4765,527.0,44328854,464.0,4031,457.0,90275
4767,4765,4766,464.0,22049371,457.0,90275,411.0,11992
4768,4766,4767,457.0,22139676,411.0,11992,411.0,28414
4769,4767,4768,411.0,44341000,411.0,28414,411.0,28414
4770,4768,4769,411.0,44369414,411.0,28414,411.0,28397
4771,4769,4770,411.0,44397828,411.0,28397,411.0,28414
4772,4770,4771,411.0,44426225,411.0,28414,411.0,28414
4773,4771,4772,411.0,44454639,411.0,28414,411.0,28414
4774,4772,4773,411.0,44483053,411.0,28414,416.0,28434
4775,4773,4774,411.0,44511467,416.0,28434,401.0,966
4776,4774,4775,416.0,44539846,401.0,966,401.0,29010
4777,4775,4776,401.0,44329974,401.0,29010,401.0,29010
4778,4776,4777,401.0,44358984,401.0,29010,401.0,29010
4779,4777,4778,401.0,44387994,401.0,29010,401.0,29010
4780,4778,4779,401.0,44417004,401.0,29010,401.0,29010
4781,4779,4780,401.0,44446014,401.0,29010,407.0,145073
4782,4780,4781,401.0,44475024,407.0,145073,407.0,144962
4783,4781,4782,407.0,222520163,407.0,144962,406.0,28993
4784,4782,4783,407.0,222665125,406.0,28993,562.0,282740
4785,4783,4784,406.0,44562017,562.0,282740,549.0,115900
4786,4784,4785,562.0,244076660,549.0,115900,551.0,80836
4787,4785,4786,549.0,207461260,551.0,80836,552.0,82132
4788,4786,4787,551.0,44434644,552.0,82132,529.0,44307
4789,4787,4788,552.0,45233476,529.0,44307,527.0,119756
4790,4788,4789,529.0,45803283,527.0,119756,496.0,430827
4791,4789,4790,527.0,44491668,496.0,430827,478.0,349751
4792,4790,4791,496.0,207776187,478.0,349751,390.0,74337
4793,4791,4792,478.0,207695111,390.0,74337,411.0,22494
4794,4792,4793,390.0,44641673,411.0,22494,417.0,142080
4795,4793,4794,411.0,44589830,417.0,142080,411.0,28402
4796,4794,4795,417.0,223090980,411.0,28402,411.0,28414
4797,4795,4796,411.0,44646640,411.0,28414,411.0,28414
4798,4796,4797,411.0,44675054,411.0,28414,411.0,28414
4799,4797,4798,411.0,44703468,411.0,28414,416.0,28452
4800,4798,4799,411.0,44731882,416.0,28452,411.0,28412
4801,4799,4800,416.0,44760274,411.0,28412,401.0,11682
4802,4800,4801,411.0,44788692,401.0,11682,401.0,29010
4803,4801,4802,401.0,44579018,401.0,29010,401.0,29010
4804,4802,4803,401.0,44608028,401.0,29010,401.0,29010
4805,4803,4804,401.0,44637038,401.0,29010,401.0,29010
4806,4804,4805,401.0,44666048,401.0,29010,407.0,145000
4807,4805,4806,401.0,44695058,407.0,145000,406.0,28993
4808,4806,4807,407.0,223620280,406.0,28993,401.0,29016
4809,4807,4808,406.0,44753048,401.0,29016,350.0,356058
4810,4808,4809,401.0,44782104,350.0,356058,562.0,830558
4811,4809,4810,350.0,223192738,562.0,830558,551.0,54659
4812,4810,4811,562.0,245935198,551.0,54659,552.0,82092
4813,4811,4812,551.0,44621995,552.0,82092,553.0,83398
4814,4812,4813,552.0,45423822,553.0,83398,527.0,87137
4815,4813,4814,553.0,46228294,527.0,87137,528.0,121684
4816,4814,4815,527.0,44654473,528.0,121684,496.0,862487
4817,4815,4816,528.0,45496426,496.0,862487,478.0,661908
4818,4816,4817,496.0,209322607,478.0,661908,411.0,4582
4819,4817,4818,478.0,209122028,411.0,4582,417.0,142188
4820,4818,4819,411.0,44810246,417.0,142188,411.0,28408
4821,4819,4820,417.0,224193138,411.0,28408,411.0,28414
4822,4820,4821,411.0,44867056,411.0,28414,411.0,28414
4823,4821,4822,411.0,44895470,411.0,28414,417.0,142043
4824,4822,4823,411.0,44923884,417.0,142043,411.0,28400
4825,4823,4824,417.0,224761223,411.0,28400,411.0,28414
4826,4824,4825,411.0,44980694,411.0,28414,411.0,28414
4827,4825,4826,411.0,45009108,411.0,28414,401.0,22399
4828,4826,4827,411.0,45037522,401.0,22399,401.0,29010
4829,4827,4828,401.0,44828063,401.0,29010,401.0,29010
4830,4828,4829,401.0,44857073,401.0,29010,407.0,145055
4831,4829,4830,401.0,44886083,407.0,145055,406.0,28993
4832,4830,4831,407.0,224575445,406.0,28993,407.0,144962
4833,4831,4832,406.0,44944081,407.0,144962,401.0,29013
4834,4832,4833,407.0,224865367,401.0,29013,401.0,29010
4835,4833,4834,401.0,45002139,401.0,29010,350.0,1057930
4836,4834,4835,401.0,45031149,350.0,1057930,551.0,3689
4837,4835,4836,350.0,225086250,551.0,3689,538.0,80838
4838,4836,4837,551.0,44809353,538.0,80838,549.0,378156
4839,4837,4838,538.0,44890222,549.0,378156,527.0,11622
4840,4838,4839,549.0,210348306,527.0,11622,528.0,121687
4841,4839,4840,527.0,44817286,528.0,121687,496.0,125850
4842,4840,4841,528.0,45661867,496.0,125850,482.0,28562
4843,4841,4842,496.0,209700730,482.0,28562,451.0,2913
4844,4842,4843,482.0,46279570,451.0,2913,411.0,15067
4845,4843,4844,451.0,726032,411.0,15067,411.0,28414
4846,4844,4845,411.0,45059059,411.0,28414,411.0,28414
4847,4845,4846,411.0,45087473,411.0,28414,411.0,28414
4848,4846,4847,411.0,45115887,411.0,28414,416.0,28434
4849,4847,4848,411.0,45144301,416.0,28434,411.0,28407
4850,4848,4849,416.0,45172680,411.0,28407,411.0,28414
4851,4849,4850,411.0,45201111,411.0,28414,411.0,28414
4852,4850,4851,411.0,45229525,411.0,28414,401.0,4107
4853,4851,4852,411.0,45257939,401.0,4107,401.0,29010
4854,4852,4853,401.0,45048099,401.0,29010,401.0,29010
4855,4853,4854,401.0,45077109,401.0,29010,407.0,145018
4856,4854,4855,401.0,45106119,407.0,145018,407.0,144962
4857,4855,4856,407.0,225675598,407.0,144962,406.0,28993
4858,4856,4857,407.0,225820560,406.0,28993,401.0,29011
4859,4857,4858,406.0,45193104,401.0,29011,401.0,29010
4860,4858,4859,401.0,45222175,401.0,29010,401.0,29010
4861,4859,4860,401.0,45251185,401.0,29010,562.0,443528
4862,4860,4861,401.0,45280195,562.0,443528,538.0,33594
4863,4861,4862,562.0,248169608,538.0,33594,549.0,378156
4864,4862,4863,538.0,45077586,549.0,378156,549.0,377909
4865,4863,4864,549.0,211224686,549.0,377909,528.0,56814
4866,4864,4865,549.0,211602595,528.0,56814,521.0,119739
4867,4865,4866,528.0,45827322,521.0,119739,506.0,9503
4868,4866,4867,521.0,45219655,506.0,9503,470.0,45666
4869,4867,4868,506.0,3642083,470.0,45666,390.0,159579
4870,4868,4869,470.0,21841146,390.0,159579,411.0,25570
4871,4869,4870,390.0,45441899,411.0,25570,411.0,28414
4872,4870,4871,411.0,45307890,411.0,28414,411.0,28414
4873,4871,4872,411.0,45336304,411.0,28414,411.0,28397
4874,4872,4873,411.0,45364718,411.0,28397,411.0,28414
4875,4873,4874,411.0,45393115,411.0,28414,411.0,28414
4876,4874,4875,411.0,45421529,411.0,28414,411.0,28414
4877,4875,4876,411.0,45449943,411.0,28414,416.0,28434
4878,4876,4877,411.0,45478357,416.0,28434,401.0,14826
4879,4877,4878,416.0,45506736,401.0,14826,401.0,29010
4880,4878,4879,401.0,45297146,401.0,29010,407.0,145000
4881,4879,4880,401.0,45326156,407.0,145000,406.0,28993
4882,4880,4881,407.0,226775770,406.0,28993,401.0,29016
4883,4881,4882,406.0,45384146,401.0,29016,401.0,29010
4884,4882,4883,401.0,45413202,401.0,29010,401.0,29010
4885,4883,4884,401.0,45442212,401.0,29010,401.0,29010
4886,4884,4885,401.0,45471222,401.0,29010,350.0,562178
4887,4885,4886,401.0,45500232,350.0,562178,562.0,991449
4888,4886,4887,350.0,226973778,562.0,991449,553.0,65478
4889,4887,4888,562.0,250028249,553.0,65478,549.0,377929
4890,4888,4889,553.0,46808518,549.0,377929,551.0,80807
4891,4889,4890,549.0,212478999,551.0,80807,521.0,100174
4892,4890,4891,551.0,45507401,521.0,100174,529.0,123611
4893,4891,4892,521.0,45382494,529.0,123611,501.0,16893
4894,4892,4893,529.0,46970075,501.0,16893,477.0,150718
4895,4893,4894,501.0,3668693,477.0,150718,411.0,7660
4896,4894,4895,477.0,42511598,411.0,7660,411.0,28414
4897,4895,4896,411.0,45528308,411.0,28414,416.0,28423
4898,4896,4897,411.0,45556722,416.0,28423,411.0,28404
4899,4897,4898,416.0,45585093,411.0,28404,411.0,28414
4900,4898,4899,411.0,45613532,411.0,28414,411.0,28414
4901,4899,4900,411.0,45641946,411.0,28414,411.0,28414
4902,4900,4901,411.0,45670360,411.0,28414,411.0,28397
4903,4901,4902,411.0,45698774,411.0,28397,411.0,28414
4904,4902,4903,411.0,45727171,411.0,28414,406.0,25544
4905,4903,4904,411.0,45755585,406.0,25544,407.0,144961
4906,4904,4905,406.0,45546192,407.0,144961,407.0,144962
4907,4905,4906,407.0,227875921,407.0,144962,401.0,29014
4908,4906,4907,407.0,228020883,401.0,29014,401.0,29010
4909,4907,4908,401.0,45633238,401.0,29010,401.0,29010
4910,4908,4909,401.0,45662248,401.0,29010,401.0,29010
4911,4909,4910,401.0,45691258,401.0,29010,401.0,29010
4912,4910,4911,401.0,45720268,401.0,29010,561.0,11312
4913,4911,4912,401.0,45749278,561.0,11312,553.0,12872
4914,4912,4913,561.0,50080816,553.0,12872,549.0,377934
4915,4913,4914,553.0,47001928,549.0,377934,551.0,80808
4916,4914,4915,549.0,213355384,551.0,80808,521.0,24674
4917,4915,4916,551.0,45694766,521.0,24674,529.0,123626
4918,4916,4917,521.0,45545322,529.0,123626,511.0,4534
4919,4917,4918,529.0,47138154,511.0,4534,457.0,23639
4920,4918,4919,511.0,3675554,457.0,23639,482.0,186409
4921,4919,4920,457.0,22783963,482.0,186409,411.0,18163
4922,4920,4921,482.0,47224297,411.0,18163,417.0,142242
4923,4921,4922,411.0,45777139,417.0,142242,411.0,28411
4924,4922,4923,417.0,229027642,411.0,28411,411.0,28414
4925,4923,4924,411.0,45833949,411.0,28414,411.0,28414
4926,4924,4925,411.0,45862363,411.0,28414,417.0,142097
4927,4925,4926,411.0,45890777,417.0,142097,411.0,28403
4928,4926,4927,417.0,229595727,411.0,28403,411.0,28414
4929,4927,4928,411.0,45947587,411.0,28414,407.0,36214
4930,4928,4929,411.0,45976001,407.0,36214,406.0,28993
4931,4929,4930,407.0,228831094,406.0,28993,407.0,144962
4932,4930,4931,406.0,45795211,407.0,144962,401.0,29011
4933,4931,4932,407.0,229121017,401.0,29011,401.0,29010
4934,4932,4933,401.0,45853273,401.0,29010,401.0,29010
4935,4933,4934,401.0,45882283,401.0,29010,401.0,29010
4936,4934,4935,401.0,45911293,401.0,29010,401.0,29010
4937,4935,4936,401.0,45940303,401.0,29010,350.0,66323
4938,4936,4937,401.0,45969313,350.0,66323,561.0,120880
4939,4937,4938,350.0,228861203,561.0,120880,545.0,39561
4940,4938,4939,561.0,50452528,545.0,39561,551.0,80798
4941,4939,4940,545.0,42846345,551.0,80798,538.0,80796
4942,4940,4941,551.0,45882120,538.0,80796,529.0,71139
4943,4941,4942,538.0,45962966,529.0,71139,527.0,119763
4944,4942,4943,529.0,47306211,527.0,119763,496.0,683289
4945,4943,4944,527.0,45947621,496.0,683289,470.0,55154
4946,4944,4945,496.0,214717209,470.0,55154,416.0,194
4947,4945,4946,470.0,22196594,416.0,194,411.0,28399
4948,4946,4947,416.0,45997498,411.0,28399,411.0,28414
4949,4947,4948,411.0,46025951,411.0,28414,411.0,28414
4950,4948,4949,411.0,46054365,411.0,28414,411.0,28414
4951,4949,4950,411.0,46082779,411.0,28414,416.0,28441
4952,4950,4951,411.0,46111193,416.0,28441,411.0,28409
4953,4951,4952,416.0,46139577,411.0,28409,411.0,28414
4954,4952,4953,411.0,46168003,411.0,28414,411.0,28414
4955,4953,4954,411.0,46196417,411.0,28414,407.0,89679
4956,4954,4955,411.0,46224831,407.0,89679,401.0,29015
4957,4955,4956,407.0,230076199,401.0,29015,401.0,29010
4958,4956,4957,401.0,46044299,401.0,29010,401.0,29010
4959,4957,4958,401.0,46073309,401.0,29010,401.0,29010
4960,4958,4959,401.0,46102319,401.0,29010,401.0,29010
4961,4959,4960,401.0,46131329,401.0,29010,401.0,29010
4962,4960,4961,401.0,46160339,401.0,29010,401.0,29010
4963,4961,4962,401.0,46189349,401.0,29010,350.0,768246
4964,4962,4963,401.0,46218359,350.0,768246,562.0,1152299
4965,4963,4964,350.0,230754766,562.0,1152299,551.0,72181
4966,4964,4965,562.0,254121259,551.0,72181,538.0,80798
4967,4965,4966,551.0,46069485,538.0,80798,549.0,378074
4968,4966,4967,538.0,46150332,549.0,378074,527.0,113136
4969,4967,4968,549.0,216242474,527.0,113136,527.0,119747
4970,4968,4969,527.0,46110440,527.0,119747,478.0,512
4971,4969,4970,527.0,46230187,478.0,512,478.0,844709
4972,4970,4971,478.0,215149192,478.0,844709,411.0,10736
4973,4971,4972,478.0,215993901,411.0,10736,411.0,28414
4974,4972,4973,411.0,46246368,411.0,28414,411.0,28414
4975,4973,4974,411.0,46274782,411.0,28414,417.0,142006
4976,4974,4975,411.0,46303196,417.0,142006,411.0,28398
4977,4975,4976,417.0,231657756,411.0,28398,411.0,28414
4978,4976,4977,411.0,46360006,411.0,28414,411.0,28414
4979,4977,4978,411.0,46388420,411.0,28414,411.0,28414
4980,4978,4979,411.0,46416834,411.0,28414,417.0,142188
4981,4979,4980,411.0,46445248,417.0,142188,401.0,28703
4982,4980,4981,417.0,232368148,401.0,28703,401.0,29010
4983,4981,4982,401.0,46264335,401.0,29010,401.0,29010
4984,4982,4983,401.0,46293345,401.0,29010,401.0,29010
4985,4983,4984,401.0,46322355,401.0,29010,401.0,29010
4986,4984,4985,401.0,46351365,401.0,29010,401.0,29010
4987,4985,4986,401.0,46380375,401.0,29010,401.0,29010
4988,4986,4987,401.0,46409385,401.0,29010,401.0,29010
4989,4987,4988,401.0,46438395,401.0,29010,561.0,43482
4990,4988,4989,401.0,46467405,561.0,43482,551.0,21219
4991,4989,4990,561.0,50899418,551.0,21219,538.0,80803
4992,4990,4991,551.0,46256851,538.0,80803,549.0,378085
4993,4991,4992,538.0,46337701,549.0,378085,527.0,37629
4994,4992,4993,549.0,217118865,527.0,37629,527.0,119747
4995,4993,4994,527.0,46273261,527.0,119747,496.0,378415
4996,4994,4995,527.0,46393008,496.0,378415,457.0,33436
4997,4995,4996,496.0,216641855,457.0,33436,390.0,39707
4998,4996,4997,457.0,23151252,390.0,39707,411.0,21240
4999,4997,4998,390.0,46513667,411.0,21240,411.0,28414
5000,4998,4999,411.0,46495200,411.0,28414,417.0,142151
5001,4999,5000,411.0,46523614,417.0,142151,411.0,28406
5002,5000,5001,417.0,232759951,411.0,28406,411.0,28414
5003,5001,5002,411.0,46580424,411.0,28414,411.0,28414
5004,5002,5003,411.0,46608838,411.0,28414,417.0,142006
5005,5003,5004,411.0,46637252,417.0,142006,411.0,28398
5006,5004,5005,417.0,233328036,411.0,28398,401.0,10411
5007,5005,5006,411.0,46694062,401.0,10411,401.0,29010
5008,5006,5007,401.0,46484371,401.0,29010,401.0,29010
5009,5007,5008,401.0,46513381,401.0,29010,401.0,29010
5010,5008,5009,401.0,46542391,401.0,29010,401.0,29010
5011,5009,5010,401.0,46571401,401.0,29010,401.0,29010
5012,5010,5011,401.0,46600411,401.0,29010,401.0,29010
5013,5011,5012,401.0,46629421,401.0,29010,401.0,29010
5014,5012,5013,401.0,46658431,401.0,29010,350.0,272443
5015,5013,5014,401.0,46687441,350.0,272443,561.0,153058
5016,5014,5015,350.0,232642243,561.0,153058,538.0,51098
5017,5015,5016,561.0,51271138,538.0,51098,549.0,378070
5018,5016,5017,538.0,46525058,549.0,378070,551.0,80839
5019,5017,5018,549.0,217995230,551.0,80839,527.0,81863
5020,5018,5019,551.0,46686735,527.0,81863,528.0,121672
5021,5019,5020,527.0,46555823,528.0,121672,496.0,810120
5022,5020,5021,528.0,47428435,496.0,810120,480.0,4309
5023,5021,5022,496.0,218188320,480.0,4309,411.0,3329
5024,5022,5023,480.0,1503469,411.0,3329,411.0,28414
5025,5023,5024,411.0,46715617,411.0,28414,417.0,142279
5026,5024,5025,411.0,46744031,417.0,142279,411.0,28413
5027,5025,5026,417.0,233862129,411.0,28413,411.0,28414
5028,5026,5027,411.0,46800841,411.0,28414,411.0,28414
5029,5027,5028,411.0,46829255,411.0,28414,417.0,142134
5030,5028,5029,411.0,46857669,417.0,142134,411.0,28405
5031,5029,5030,417.0,234430214,411.0,28405,411.0,28414
5032,5030,5031,411.0,46914479,411.0,28414,401.0,21129
5033,5031,5032,411.0,46942893,401.0,21129,401.0,29010
5034,5032,5033,401.0,46733417,401.0,29010,401.0,29010
5035,5033,5034,401.0,46762427,401.0,29010,401.0,29010
5036,5034,5035,401.0,46791437,401.0,29010,401.0,29010
5037,5035,5036,401.0,46820447,401.0,29010,401.0,29010
5038,5036,5037,401.0,46849457,401.0,29010,401.0,29010
5039,5037,5038,401.0,46878467,401.0,29010,401.0,29010
5040,5038,5039,401.0,46907477,401.0,29010,350.0,974366
5041,5039,5040,401.0,46936487,350.0,974366,538.0,137
5042,5040,5041,350.0,234535806,538.0,137,549.0,378076
5043,5041,5042,538.0,46712425,549.0,378076,551.0,80840
5044,5042,5043,549.0,218871616,551.0,80840,527.0,6355
5045,5043,5044,551.0,46874100,527.0,6355,528.0,121696
5046,5044,5045,527.0,46718643,528.0,121696,496.0,73514
5047,5045,5046,528.0,47593897,496.0,73514,478.0,92199
5048,5046,5047,496.0,218566474,478.0,92199,478.0,844709
5049,5047,5048,478.0,218585159,478.0,844709,417.0,68911
5050,5048,5049,478.0,219429868,417.0,68911,411.0,28402
5051,5049,5050,417.0,234821991,411.0,28402,411.0,28414
5052,5050,5051,411.0,46992844,411.0,28414,411.0,28414
5053,5051,5052,411.0,47021258,411.0,28414,411.0,28414
5054,5052,5053,411.0,47049672,411.0,28414,416.0,28452
5055,5053,5054,411.0,47078086,416.0,28452,411.0,28412
5056,5054,5055,416.0,47106478,411.0,28412,411.0,28414
5057,5055,5056,411.0,47134896,411.0,28414,401.0,2837
5058,5056,5057,411.0,47163310,401.0,2837,401.0,29010
5059,5057,5058,401.0,46953453,401.0,29010,401.0,29010
5060,5058,5059,401.0,46982463,401.0,29010,401.0,29010
5061,5059,5060,401.0,47011473,401.0,29010,401.0,29010
5062,5060,5061,401.0,47040483,401.0,29010,401.0,29010
5063,5061,5062,401.0,47069493,401.0,29010,401.0,29010
5064,5062,5063,401.0,47098503,401.0,29010,401.0,29010
5065,5063,5064,401.0,47127513,401.0,29010,407.0,145055
5066,5064,5065,401.0,47156523,407.0,145055,562.0,378282
5067,5065,5066,407.0,235927645,562.0,378282,549.0,140265
5068,5066,5067,562.0,258590122,549.0,140265,551.0,80838
5069,5067,5068,549.0,219747985,551.0,80838,552.0,82138
5070,5068,5069,551.0,47061462,552.0,82138,528.0,51462
5071,5069,5070,552.0,47902666,528.0,51462,521.0,119741
5072,5070,5071,528.0,47759346,521.0,119741,496.0,505222
5073,5071,5072,521.0,47121011,496.0,505222,457.0,43237
5074,5072,5073,496.0,220112942,457.0,43237,390.0,124991
5075,5073,5074,457.0,23518545,390.0,124991,411.0,24317
5076,5074,5075,390.0,47313935,411.0,24317,411.0,28414
5077,5075,5076,411.0,47213261,411.0,28414,411.0,28414
5078,5076,5077,411.0,47241675,411.0,28414,415.0,28413
5079,5077,5078,411.0,47270089,415.0,28413,411.0,28401
5080,5078,5079,415.0,47298453,411.0,28401,411.0,28414
5081,5079,5080,411.0,47326899,411.0,28414,411.0,28414
5082,5080,5081,411.0,47355313,411.0,28414,411.0,28414
5083,5081,5082,411.0,47383727,411.0,28414,401.0,13555
5084,5082,5083,411.0,47412141,401.0,13555,401.0,29010
5085,5083,5084,401.0,47202499,401.0,29010,401.0,29010
5086,5084,5085,401.0,47231509,401.0,29010,401.0,29010
5087,5085,5086,401.0,47260519,401.0,29010,401.0,29010
5088,5086,5087,401.0,47289529,401.0,29010,401.0,29010
5089,5087,5088,401.0,47318539,401.0,29010,401.0,29010
5090,5088,5089,401.0,47347549,401.0,29010,407.0,145017
5091,5089,5090,401.0,47376559,407.0,145017,350.0,478540
5092,5090,5091,407.0,237027797,350.0,478540,562.0,926164
5093,5091,5092,350.0,236423260,562.0,926164,551.0,59880
5094,5092,5093,562.0,260448724,551.0,59880,552.0,82132
5095,5093,5094,551.0,47248824,552.0,82132,553.0,83426
5096,5094,5095,552.0,48093046,553.0,83426,521.0,94888
5097,5095,5096,553.0,48939874,521.0,94888,529.0,123596
5098,5096,5097,521.0,47283832,529.0,123596,496.0,936934
5099,5097,5098,529.0,48932748,496.0,936934,478.0,716311
5100,5098,5099,496.0,221659414,478.0,716311,411.0,6406
5101,5099,5100,478.0,221438791,411.0,6406,411.0,28414
5102,5100,5101,411.0,47433678,411.0,28414,411.0,28414
5103,5101,5102,411.0,47462092,411.0,28414,417.0,142188
5104,5102,5103,411.0,47490506,417.0,142188,411.0,28408
5105,5103,5104,417.0,237594438,411.0,28408,411.0,28414
5106,5104,5105,411.0,47547316,411.0,28414,411.0,28414
5107,5105,5106,411.0,47575730,411.0,28414,417.0,142043
5108,5106,5107,411.0,47604144,417.0,142043,411.0,28400
5109,5107,5108,417.0,238162523,411.0,28400,401.0,24273
5110,5108,5109,411.0,47660954,401.0,24273,401.0,29010
5111,5109,5110,401.0,47451545,401.0,29010,401.0,29010
5112,5110,5111,401.0,47480555,401.0,29010,401.0,29010
5113,5111,5112,401.0,47509565,401.0,29010,401.0,29010
5114,5112,5113,401.0,47538575,401.0,29010,401.0,29010
5115,5113,5114,401.0,47567585,401.0,29010,406.0,28996
5116,5114,5115,401.0,47596595,406.0,28996,407.0,144961
5117,5115,5116,406.0,47625590,407.0,144961,349.0,236088
5118,5116,5117,407.0,238272911,349.0,236088,551.0,8913
5119,5117,5118,349.0,47663360,551.0,8913,552.0,82123
5120,5118,5119,551.0,47436185,552.0,82123,553.0,83420
5121,5119,5120,552.0,48283423,553.0,83420,521.0,19380
5122,5120,5121,553.0,49133276,521.0,19380,529.0,123603
5123,5121,5122,521.0,47446652,529.0,123603,496.0,200307
5124,5122,5123,529.0,49100819,496.0,200307,478.0,183828
5125,5123,5124,496.0,222037547,478.0,183828,478.0,844709
5126,5124,5125,478.0,222021068,478.0,844709,411.0,16908
5127,5125,5126,478.0,222865777,411.0,16908,411.0,28414
5128,5126,5127,411.0,47682508,411.0,28414,411.0,28397
5129,5127,5128,411.0,47710922,411.0,28397,411.0,28414
5130,5128,5129,411.0,47739319,411.0,28414,411.0,28414
5131,5129,5130,411.0,47767733,411.0,28414,411.0,28414
5132,5130,5131,411.0,47796147,411.0,28414,416.0,28434
5133,5131,5132,411.0,47824561,416.0,28434,411.0,28407
5134,5132,5133,416.0,47852940,411.0,28407,401.0,5981
5135,5133,5134,411.0,47881371,401.0,5981,401.0,29010
5136,5134,5135,401.0,47671581,401.0,29010,401.0,29010
5137,5135,5136,401.0,47700591,401.0,29010,401.0,29010
5138,5136,5137,401.0,47729601,401.0,29010,401.0,29010
5139,5137,5138,401.0,47758611,401.0,29010,407.0,145055
5140,5138,5139,401.0,47787621,407.0,145055,406.0,28993
5141,5139,5140,407.0,239083135,406.0,28993,407.0,144961
5142,5140,5141,406.0,47845619,407.0,144961,401.0,29013
5143,5141,5142,407.0,239373056,401.0,29013,562.0,539157
5144,5142,5143,401.0,47903677,562.0,539157,552.0,39413
5145,5143,5144,562.0,262683157,552.0,39413,553.0,83423
5146,5144,5145,552.0,48473813,553.0,83423,549.0,377981
5147,5145,5146,553.0,49326687,549.0,377981,529.0,65700
5148,5146,5147,549.0,223889391,529.0,65700,527.0,119764
5149,5147,5148,529.0,49268900,527.0,119764,496.0,632038
5150,5148,5149,527.0,47848976,496.0,632038,464.0,53013
5151,5149,5150,496.0,223584038,464.0,53013,390.0,210279
5152,5150,5151,464.0,23885813,390.0,210279,416.0,27367
5153,5151,5152,390.0,48114207,416.0,27367,411.0,28404
5154,5152,5153,416.0,47931295,411.0,28404,411.0,28414
5155,5153,5154,411.0,47959736,411.0,28414,411.0,28414
5156,5154,5155,411.0,47988150,411.0,28414,411.0,28414
5157,5155,5156,411.0,48016564,411.0,28414,411.0,28397
5158,5156,5157,411.0,48044978,411.0,28397,411.0,28414
5159,5157,5158,411.0,48073375,411.0,28414,411.0,28414
5160,5158,5159,411.0,48101789,411.0,28414,401.0,16700
5161,5159,5160,411.0,48130203,401.0,16700,401.0,29010
5162,5160,5161,401.0,47920628,401.0,29010,401.0,29010
5163,5161,5162,401.0,47949638,401.0,29010,401.0,29010
5164,5162,5163,401.0,47978648,401.0,29010,406.0,29007
5165,5163,5164,401.0,48007658,406.0,29007,407.0,144961
5166,5164,5165,406.0,48036661,407.0,144961,407.0,144962
5167,5165,5166,407.0,240328266,407.0,144962,401.0,29012
5168,5166,5167,407.0,240473228,401.0,29012,350.0,684691
5169,5167,5168,401.0,48123714,350.0,684691,562.0,1087078
5170,5168,5169,350.0,240204331,562.0,1087078,553.0,70890
5171,5169,5170,562.0,264541798,553.0,70890,549.0,378004
5172,5170,5171,553.0,49520106,549.0,378004,551.0,80824
5173,5171,5172,549.0,224765794,551.0,80824,527.0,107872
5174,5172,5173,551.0,48134234,527.0,107872,527.0,119747
5175,5173,5174,527.0,48011800,527.0,119747,496.0,1063787
5176,5174,5175,527.0,48131547,496.0,1063787,478.0,808031
5177,5175,5176,496.0,225130547,478.0,808031,417.0,47395
5178,5176,5177,478.0,224874791,417.0,47395,411.0,28412
5179,5177,5178,417.0,240758675,411.0,28412,411.0,28414
5180,5178,5179,411.0,48180154,411.0,28414,411.0,28414
5181,5179,5180,411.0,48208568,411.0,28414,416.0,28423
5182,5180,5181,411.0,48236982,416.0,28423,411.0,28404
5183,5181,5182,416.0,48265353,411.0,28404,411.0,28414
5184,5182,5183,411.0,48293792,411.0,28414,411.0,28414
5185,5183,5184,411.0,48322206,411.0,28414,411.0,28414
5186,5184,5185,411.0,48350620,411.0,28414,401.0,27418
5187,5185,5186,411.0,48379034,401.0,27418,401.0,29010
5188,5186,5187,401.0,48169674,401.0,29010,401.0,29010
5189,5187,5188,401.0,48198684,401.0,29010,407.0,145000
5190,5188,5189,401.0,48227694,407.0,145000,406.0,28993
5191,5189,5190,407.0,241283460,406.0,28993,401.0,29016
5192,5190,5191,406.0,48285684,401.0,29016,401.0,29010
5193,5191,5192,401.0,48314740,401.0,29010,401.0,29010
5194,5192,5193,401.0,48343750,401.0,29010,561.0,30438
5195,5193,5194,401.0,48372760,561.0,30438,553.0,18285
5196,5194,5195,561.0,52983526,553.0,18285,545.0,75603
5197,5195,5196,553.0,49713517,545.0,75603,551.0,80825
5198,5196,5197,545.0,45128437,551.0,80825,527.0,32363
5199,5197,5198,551.0,48321599,527.0,32363,527.0,119747
5200,5198,5199,527.0,48174619,527.0,119747,496.0,327177
5201,5199,5200,527.0,48294366,496.0,327177,482.0,60821
5202,5200,5201,496.0,225508697,482.0,60821,390.0,5129
5203,5201,5202,482.0,49756053,390.0,5129,411.0,19987
5204,5202,5203,390.0,48385713,411.0,19987,411.0,28414
5205,5203,5204,411.0,48400571,411.0,28414,411.0,28414
5206,5204,5205,411.0,48428985,411.0,28414,417.0,142242
5207,5205,5206,411.0,48457399,417.0,142242,411.0,28411
5208,5206,5207,417.0,242428942,411.0,28411,411.0,28414
5209,5207,5208,411.0,48514209,411.0,28414,411.0,28414
5210,5208,5209,411.0,48542623,411.0,28414,417.0,142097
5211,5209,5210,411.0,48571037,417.0,142097,401.0,9125
5212,5210,5211,417.0,242997027,401.0,9125,401.0,29010
5213,5211,5212,401.0,48389709,401.0,29010,407.0,145055
5214,5212,5213,401.0,48418719,407.0,145055,406.0,28993
5215,5213,5214,407.0,242238625,406.0,28993,407.0,144962
5216,5214,5215,406.0,48476717,407.0,144962,401.0,29013
5217,5215,5216,407.0,242528547,401.0,29013,401.0,29010
5218,5216,5217,401.0,48534775,401.0,29010,401.0,29010
5219,5217,5218,401.0,48563785,401.0,29010,350.0,188836
5220,5218,5219,401.0,48592795,350.0,188836,561.0,140006
5221,5219,5220,350.0,242091756,561.0,140006,549.0,222237
5222,5220,5221,561.0,53355238,549.0,222237,551.0,80815
5223,5221,5222,549.0,226518517,551.0,80815,538.0,80833
5224,5222,5223,551.0,48508953,538.0,80833,527.0,76590
5225,5223,5224,538.0,48589819,527.0,76590,528.0,121663
5226,5224,5225,527.0,48457174,528.0,121663,496.0,758850
5227,5225,5226,528.0,49360447,496.0,758850,464.0,62817
5228,5226,5227,496.0,227055130,464.0,62817,411.0,2075
5229,5227,5228,464.0,24253109,411.0,2075,411.0,28414
5230,5228,5229,411.0,48620987,411.0,28414,416.0,28405
5231,5229,5230,411.0,48649401,416.0,28405,411.0,28399
5232,5230,5231,416.0,48677759,411.0,28399,411.0,28414
5233,5231,5232,411.0,48706211,411.0,28414,411.0,28414
5234,5232,5233,411.0,48734625,411.0,28414,411.0,28414
5235,5233,5234,411.0,48763039,411.0,28414,416.0,28441
5236,5234,5235,411.0,48791453,416.0,28441,411.0,28409
5237,5235,5236,416.0,48819837,411.0,28409,401.0,19842
5238,5236,5237,411.0,48848263,401.0,19842,407.0,145000
5239,5237,5238,401.0,48638754,407.0,145000,406.0,28993
5240,5238,5239,407.0,243338760,406.0,28993,401.0,29016
5241,5239,5240,406.0,48696744,401.0,29016,401.0,29010
5242,5240,5241,401.0,48725800,401.0,29010,401.0,29010
5243,5241,5242,401.0,48754810,401.0,29010,401.0,29010
5244,5242,5243,401.0,48783820,401.0,29010,401.0,29010
5245,5243,5244,401.0,48812830,401.0,29010,350.0,890707
5246,5244,5245,401.0,48841840,350.0,890707,562.0,1247887
5247,5245,5246,350.0,243985267,562.0,1247887,551.0,77399
5248,5246,5247,562.0,268634767,551.0,77399,538.0,80820
5249,5247,5248,551.0,48696311,538.0,80820,527.0,1074
5250,5248,5249,538.0,48777170,527.0,1074,528.0,121663
5251,5249,5250,527.0,48619986,528.0,121663,496.0,22208
5252,5250,5251,528.0,49525885,496.0,22208,478.0,54891
5253,5251,5252,496.0,227433248,478.0,54891,478.0,844709
5254,5252,5253,478.0,227465931,478.0,844709,411.0,12577
5255,5253,5254,478.0,228310640,411.0,12577,417.0,142135
5256,5254,5255,411.0,48869817,417.0,142135,411.0,28405
5257,5255,5256,417.0,244490955,411.0,28405,411.0,28414
5258,5256,5257,411.0,48926627,411.0,28414,411.0,28414
5259,5257,5258,411.0,48955041,411.0,28414,417.0,141989
5260,5258,5259,411.0,48983455,417.0,141989,411.0,28397
5261,5259,5260,417.0,245059039,411.0,28397,411.0,28414
5262,5260,5261,411.0,49040265,411.0,28414,406.0,1544
5263,5261,5262,411.0,49068679,406.0,1544,407.0,144962
5264,5262,5263,406.0,48858784,407.0,144962,407.0,144962
5265,5263,5264,407.0,244438882,407.0,144962,401.0,29012
5266,5264,5265,407.0,244583844,401.0,29012,401.0,29010
5267,5265,5266,401.0,48945834,401.0,29010,401.0,29010
5268,5266,5267,401.0,48974844,401.0,29010,401.0,29010
5269,5267,5268,401.0,49003854,401.0,29010,401.0,29010
5270,5268,5269,401.0,49032864,401.0,29010,401.0,29010
5271,5269,5270,401.0,49061874,401.0,29010,562.0,312920
5272,5270,5271,401.0,49090884,562.0,312920,551.0,26421
5273,5271,5272,562.0,269010520,551.0,26421,538.0,80789
5274,5272,5273,551.0,48883661,538.0,80789,549.0,378056
5275,5273,5274,538.0,48964503,549.0,378056,521.0,45374
5276,5274,5275,549.0,229405556,521.0,45374,529.0,123619
5277,5275,5276,521.0,48902614,529.0,123619,496.0,453865
5278,5276,5277,529.0,50603747,496.0,453865,478.0,367044
5279,5277,5278,496.0,228979665,478.0,367044,390.0,90336
5280,5278,5279,478.0,228892844,390.0,90336,417.0,115257
5281,5279,5280,390.0,49185904,417.0,115257,411.0,28410
5282,5280,5281,417.0,245593097,411.0,28410,411.0,28414
5283,5281,5282,411.0,49147042,411.0,28414,411.0,28414
5284,5282,5283,411.0,49175456,411.0,28414,416.0,28416
5285,5283,5284,411.0,49203870,416.0,28416,411.0,28402
5286,5284,5285,416.0,49232236,411.0,28402,411.0,28414
5287,5285,5286,411.0,49260680,411.0,28414,411.0,28414
5288,5286,5287,411.0,49289094,411.0,28414,406.0,12233
5289,5287,5288,411.0,49317508,406.0,12233,401.0,29015
5290,5288,5289,406.0,49107801,401.0,29015,401.0,29010
5291,5289,5290,401.0,49136859,401.0,29010,401.0,29010
5292,5290,5291,401.0,49165869,401.0,29010,401.0,29010
5293,5291,5292,401.0,49194879,401.0,29010,401.0,29010
5294,5292,5293,401.0,49223889,401.0,29010,401.0,29010
5295,5293,5294,401.0,49252899,401.0,29010,401.0,29010
5296,5294,5295,401.0,49281909,401.0,29010,350.0,394750
5297,5295,5296,401.0,49310919,350.0,394750,561.0,172152
5298,5296,5297,350.0,245872590,561.0,172152,553.0,58159
5299,5297,5298,561.0,54173816,553.0,58159,549.0,378015
5300,5298,5299,553.0,50737455,549.0,378015,551.0,80826
5301,5299,5300,549.0,230281895,551.0,80826,529.0,92508
5302,5300,5301,551.0,49313538,529.0,92508,527.0,119760
5303,5301,5302,529.0,50771804,527.0,119760,496.0,885543
5304,5302,5303,527.0,49304918,496.0,885543,483.0,149949
5305,5303,5304,496.0,230526103,483.0,149949,411.0,5149
5306,5304,5305,483.0,50829245,411.0,5149,411.0,28414
5307,5305,5306,411.0,49339045,411.0,28414,411.0,28414
5308,5306,5307,411.0,49367459,411.0,28414,411.0,28414
5309,5307,5308,411.0,49395873,411.0,28414,415.0,28442
5310,5308,5309,411.0,49424287,415.0,28442,411.0,28409
5311,5309,5310,415.0,49452672,411.0,28409,411.0,28414
5312,5310,5311,411.0,49481097,411.0,28414,411.0,28414
5313,5311,5312,411.0,49509511,411.0,28414,415.0,28413
5314,5312,5313,411.0,49537925,415.0,28413,401.0,22999
5315,5313,5314,415.0,49566289,401.0,22999,401.0,29010
5316,5314,5315,401.0,49356895,401.0,29010,401.0,29010
5317,5315,5316,401.0,49385905,401.0,29010,401.0,29010
5318,5316,5317,401.0,49414915,401.0,29010,401.0,29010
5319,5317,5318,401.0,49443925,401.0,29010,401.0,29010
5320,5318,5319,401.0,49472935,401.0,29010,401.0,29010
5321,5319,5320,401.0,49501945,401.0,29010,401.0,29010
5322,5320,5321,401.0,49530955,401.0,29010,350.0,1096673
5323,5321,5322,401.0,49559965,350.0,1096673,553.0,5554
5324,5322,5323,350.0,247766153,553.0,5554,549.0,378021
5325,5323,5324,553.0,50930866,549.0,378021,551.0,80828
5326,5324,5325,549.0,231158281,551.0,80828,529.0,14574
5327,5325,5326,551.0,49500904,529.0,14574,527.0,119768
5328,5326,5327,529.0,50939886,527.0,119768,496.0,148938
5329,5327,5328,527.0,49467738,496.0,148938,470.0,15175
5330,5328,5329,496.0,230904258,470.0,15175,470.0,87368
5331,5329,5330,470.0,23886415,470.0,87368,411.0,15652
5332,5330,5331,470.0,23973783,411.0,15652,411.0,28414
5333,5331,5332,411.0,49587876,411.0,28414,417.0,142006
5334,5332,5333,411.0,49616290,417.0,142006,411.0,28398
5335,5333,5334,417.0,248223226,411.0,28398,411.0,28414
5336,5334,5335,411.0,49673100,411.0,28414,411.0,28414
5337,5335,5336,411.0,49701514,411.0,28414,411.0,28414
5338,5336,5337,411.0,49729928,411.0,28414,417.0,142188
5339,5337,5338,411.0,49758342,417.0,142188,401.0,4707
5340,5338,5339,417.0,248933618,401.0,4707,401.0,29010
5341,5339,5340,401.0,49576931,401.0,29010,401.0,29010
5342,5340,5341,401.0,49605941,401.0,29010,401.0,29010
5343,5341,5342,401.0,49634951,401.0,29010,401.0,29010
5344,5342,5343,401.0,49663961,401.0,29010,401.0,29010
5345,5343,5344,401.0,49692971,401.0,29010,401.0,29010
5346,5344,5345,401.0,49721981,401.0,29010,401.0,29010
5347,5345,5346,401.0,49750991,401.0,29010,401.0,29010
5348,5346,5347,401.0,49780001,401.0,29010,562.0,473770
5349,5347,5348,401.0,49809011,562.0,473770,549.0,164584
5350,5348,5349,562.0,273103530,549.0,164584,551.0,80828
5351,5349,5350,549.0,232034664,551.0,80828,552.0,82108
5352,5350,5351,551.0,49688268,552.0,82108,527.0,58333
5353,5351,5352,552.0,50571820,527.0,58333,527.0,119747
5354,5352,5353,527.0,49630557,527.0,119747,496.0,580664
5355,5353,5354,527.0,49750304,496.0,580664,478.0,458682
5356,5354,5355,496.0,232450744,478.0,458682,390.0,175614
5357,5355,5356,478.0,232328762,390.0,175614,411.0,26155
5358,5356,5357,390.0,49986166,411.0,26155,417.0,142134
5359,5357,5358,411.0,49836707,417.0,142134,411.0,28405
5360,5358,5359,417.0,249325404,411.0,28405,411.0,28414
5361,5359,5360,411.0,49893517,411.0,28414,411.0,28414
5362,5360,5361,411.0,49921931,411.0,28414,417.0,141990
5363,5361,5362,411.0,49950345,417.0,141990,411.0,28397
5364,5362,5363,417.0,249893490,411.0,28397,411.0,28414
5365,5363,5364,411.0,50007155,411.0,28414,401.0,15425
5366,5364,5365,411.0,50035569,401.0,15425,401.0,29010
5367,5365,5366,401.0,49825977,401.0,29010,401.0,29010
5368,5366,5367,401.0,49854987,401.0,29010,401.0,29010
5369,5367,5368,401.0,49883997,401.0,29010,401.0,29010
5370,5368,5369,401.0,49913007,401.0,29010,401.0,29010
5371,5369,5370,401.0,49942017,401.0,29010,401.0,29010
5372,5370,5371,401.0,49971027,401.0,29010,401.0,29010
5373,5371,5372,401.0,50000037,401.0,29010,350.0,600869
5374,5372,5373,401.0,50029047,350.0,600869,562.0,1021650
5375,5373,5374,350.0,249653629,562.0,1021650,551.0,65078
5376,5374,5375,562.0,274962130,551.0,65078,552.0,82102
5377,5375,5376,551.0,49875630,552.0,82102,553.0,83405
5378,5376,5377,552.0,50762200,553.0,83405,527.0,102568
5379,5377,5378,553.0,51651405,527.0,102568,528.0,121663
5380,5378,5379,527.0,49913120,528.0,121663,496.0,1012374
5381,5379,5380,528.0,50839876,496.0,1012374,482.0,170153
5382,5380,5381,496.0,233997214,482.0,170153,411.0,8244
5383,5381,5382,482.0,51587497,411.0,8244,416.0,28452
5384,5382,5383,411.0,50057124,416.0,28452,411.0,28412
5385,5383,5384,416.0,50085516,411.0,28412,411.0,28414
5386,5384,5385,411.0,50113934,411.0,28414,411.0,28414
5387,5385,5386,411.0,50142348,411.0,28414,416.0,28423
5388,5386,5387,411.0,50170762,416.0,28423,411.0,28404
5389,5387,5388,416.0,50199133,411.0,28404,411.0,28414
5390,5388,5389,411.0,50227572,411.0,28414,411.0,28414
5391,5389,5390,411.0,50255986,411.0,28414,401.0,26143
5392,5390,5391,411.0,50284400,401.0,26143,401.0,29010
5393,5391,5392,401.0,50075023,401.0,29010,401.0,29010
5394,5392,5393,401.0,50104033,401.0,29010,401.0,29010
5395,5393,5394,401.0,50133043,401.0,29010,401.0,29010
5396,5394,5395,401.0,50162053,401.0,29010,401.0,29010
5397,5395,5396,401.0,50191063,401.0,29010,401.0,29010
5398,5396,5397,401.0,50220073,401.0,29010,406.0,29011
5399,5397,5398,401.0,50249083,406.0,29011,562.0,86747
5400,5398,5399,406.0,50278089,562.0,86747,551.0,14113
5401,5399,5400,562.0,275337947,551.0,14113,552.0,82099
5402,5400,5401,551.0,50062993,552.0,82099,553.0,83403
5403,5401,5402,552.0,50952583,553.0,83403,527.0,27057
5404,5402,5403,553.0,51844811,527.0,27057,528.0,121678
5405,5403,5404,527.0,50075937,528.0,121678,496.0,275755
5406,5404,5405,528.0,51005329,496.0,275755,478.0,238091
5407,5405,5406,496.0,234375355,478.0,238091,470.0,87372
5408,5406,5407,478.0,234337691,470.0,87372,411.0,18730
5409,5407,5408,470.0,24329232,411.0,18730,411.0,28414
5410,5408,5409,411.0,50305938,411.0,28414,411.0,28414
5411,5409,5410,411.0,50334352,411.0,28414,411.0,28414
5412,5410,5411,411.0,50362766,411.0,28414,416.0,28452
5413,5411,5412,411.0,50391180,416.0,28452,411.0,28412
5414,5412,5413,416.0,50419572,411.0,28412,411.0,28414
5415,5413,5414,411.0,50447990,411.0,28414,411.0,28414
5416,5414,5415,411.0,50476404,411.0,28414,401.0,7852
5417,5415,5416,411.0,50504818,401.0,7852,401.0,29010
5418,5416,5417,401.0,50295060,401.0,29010,401.0,29010
5419,5417,5418,401.0,50324070,401.0,29010,401.0,29010
5420,5418,5419,401.0,50353080,401.0,29010,401.0,29010
5421,5419,5420,401.0,50382090,401.0,29010,401.0,29010
5422,5420,5421,401.0,50411100,401.0,29010,401.0,29010
5423,5421,5422,401.0,50440110,401.0,29010,405.0,29008
5424,5422,5423,401.0,50469120,405.0,29008,347.0,21020
5425,5423,5424,405.0,50498124,347.0,21020,561.0,126933
5426,5424,5425,347.0,50308228,561.0,126933,552.0,44689
5427,5425,5426,561.0,55439317,552.0,44689,553.0,83411
5428,5426,5427,552.0,51142981,553.0,83411,549.0,377956
5429,5427,5428,553.0,52038227,549.0,377956,528.0,72504
5430,5428,5429,549.0,236176086,528.0,72504,521.0,119741
5431,5429,5430,528.0,51170796,521.0,119741,496.0,707490
5432,5430,5431,521.0,50478311,496.0,707490,478.0,550361
5433,5431,5432,496.0,235921850,478.0,550361,411.0,819
5434,5432,5433,478.0,235764721,411.0,819,411.0,28414
5435,5433,5434,411.0,50526355,411.0,28414,411.0,28414
5436,5434,5435,411.0,50554769,411.0,28414,416.0,28412
5437,5435,5436,411.0,50583183,416.0,28412,411.0,28401
5438,5436,5437,416.0,50611546,411.0,28401,411.0,28414
5439,5437,5438,411.0,50639993,411.0,28414,411.0,28414
5440,5438,5439,411.0,50668407,411.0,28414,411.0,28414
5441,5439,5440,411.0,50696821,411.0,28414,417.0,142242
5442,5440,5441,411.0,50725235,417.0,142242,401.0,18569
5443,5441,5442,417.0,253768122,401.0,18569,401.0,29010
5444,5442,5443,401.0,50544105,401.0,29010,401.0,29010
5445,5443,5444,401.0,50573115,401.0,29010,401.0,29010
5446,5444,5445,401.0,50602125,401.0,29010,401.0,29010
5447,5445,5446,401.0,50631135,401.0,29010,401.0,29010
5448,5446,5447,401.0,50660145,401.0,29010,406.0,28996
5449,5447,5448,401.0,50689155,406.0,28996,407.0,144962
5450,5448,5449,406.0,50718150,407.0,144962,350.0,806945
5451,5449,5450,407.0,253735712,350.0,806945,561.0,236501
5452,5450,5451,350.0,253434625,561.0,236501,547.0,5954
5453,5451,5452,561.0,55811029,547.0,5954,549.0,377915
5454,5452,5453,547.0,4080594,549.0,377915,551.0,80804
5455,5453,5454,549.0,237052425,551.0,80804,521.0,115582
5456,5454,5455,551.0,50761030,521.0,115582,527.0,119783
5457,5455,5456,521.0,50641118,527.0,119783,457.0,1906
5458,5456,5457,527.0,50760887,457.0,1906,482.0,186405
5459,5457,5458,457.0,25264674,482.0,186405,411.0,11321
5460,5458,5459,482.0,52345765,411.0,11321,411.0,28414
5461,5459,5460,411.0,50775185,411.0,28414,416.0,28434
5462,5460,5461,411.0,50803599,416.0,28434,411.0,28407
5463,5461,5462,416.0,50831978,411.0,28407,411.0,28414
5464,5462,5463,411.0,50860409,411.0,28414,411.0,28414
5465,5463,5464,411.0,50888823,411.0,28414,416.0,28405
5466,5464,5465,411.0,50917237,416.0,28405,411.0,28399
5467,5465,5466,416.0,50945595,411.0,28399,401.0,276
5468,5466,5467,411.0,50974047,401.0,276,401.0,29010
5469,5467,5468,401.0,50764140,401.0,29010,401.0,29010
5470,5468,5469,401.0,50793150,401.0,29010,401.0,29010
5471,5469,5470,401.0,50822160,401.0,29010,401.0,29010
5472,5470,5471,401.0,50851170,401.0,29010,405.0,29008
5473,5471,5472,401.0,50880180,405.0,29008,407.0,144962
5474,5472,5473,405.0,50909184,407.0,144962,407.0,144962
5475,5473,5474,407.0,254690877,407.0,144962,401.0,29012
5476,5474,5475,407.0,254835839,401.0,29012,562.0,247579
5477,5475,5476,401.0,50996236,562.0,247579,549.0,106989
5478,5476,5477,562.0,279430939,549.0,106989,549.0,377908
5479,5477,5478,549.0,237550869,549.0,377908,551.0,80797
5480,5478,5479,549.0,237928777,551.0,80797,521.0,40065
5481,5479,5480,551.0,50948387,521.0,40065,527.0,119783
5482,5480,5481,521.0,50803929,527.0,119783,496.0,402529
5483,5481,5482,527.0,50923699,496.0,402529,470.0,34130
5484,5482,5483,496.0,237846409,470.0,34130,390.0,55696
5485,5483,5484,470.0,24597290,390.0,55696,411.0,21823
5486,5484,5485,390.0,51057888,411.0,21823,417.0,142279
5487,5485,5486,411.0,51024015,417.0,142279,411.0,28413
5488,5486,5487,417.0,255262049,411.0,28413,411.0,28414
5489,5487,5488,411.0,51080825,411.0,28414,411.0,28414
5490,5488,5489,411.0,51109239,411.0,28414,417.0,142135
5491,5489,5490,411.0,51137653,417.0,142135,411.0,28405
5492,5490,5491,417.0,255830135,411.0,28405,411.0,28414
5493,5491,5492,411.0,51194463,411.0,28414,401.0,10993
5494,5492,5493,411.0,51222877,401.0,10993,401.0,29010
5495,5493,5494,401.0,51013185,401.0,29010,401.0,29010
5496,5494,5495,401.0,51042195,401.0,29010,401.0,29010
5497,5495,5496,401.0,51071205,401.0,29010,406.0,28996
5498,5496,5497,401.0,51100215,406.0,28996,407.0,144962
5499,5497,5498,406.0,51129210,407.0,144962,401.0,29015
5500,5498,5499,407.0,255791012,401.0,29015,401.0,29010
5501,5499,5500,401.0,51187261,401.0,29010,350.0,311040
5502,5500,5501,401.0,51216271,350.0,311040,562.0,795419
5503,5501,5502,350.0,255322000,562.0,795419,551.0,52759
5504,5502,5503,562.0,281289499,551.0,52759,551.0,80792
5505,5503,5504,551.0,51054951,551.0,80792,553.0,83447
5506,5504,5505,551.0,51135743,553.0,83447,527.0,84317
5507,5505,5506,553.0,52868791,527.0,84317,527.0,119747
5508,5506,5507,527.0,51086509,527.0,119747,496.0,834215
5509,5507,5508,527.0,51206256,496.0,834215,478.0,641888
5510,5508,5509,496.0,239392855,478.0,641888,417.0,19306
5511,5509,5510,478.0,239200528,417.0,19306,411.0,28402
5512,5510,5511,417.0,256221906,411.0,28402,411.0,28414
5513,5511,5512,411.0,51272828,411.0,28414,411.0,28414
5514,5512,5513,411.0,51301242,411.0,28414,411.0,28414
5515,5513,5514,411.0,51329656,411.0,28414,416.0,28452
5516,5514,5515,411.0,51358070,416.0,28452,411.0,28412
5517,5515,5516,416.0,51386462,411.0,28412,411.0,28414
5518,5516,5517,411.0,51414880,411.0,28414,411.0,28414
5519,5517,5518,411.0,51443294,411.0,28414,401.0,21711
5520,5518,5519,411.0,51471708,401.0,21711,401.0,29010
5521,5519,5520,401.0,51262231,401.0,29010,406.0,29011
5522,5520,5521,401.0,51291241,406.0,29011,407.0,144961
5523,5521,5522,406.0,51320247,407.0,144961,407.0,144962
5524,5522,5523,407.0,256746196,407.0,144962,401.0,29013
5525,5523,5524,407.0,256891158,401.0,29013,401.0,29010
5526,5524,5525,401.0,51407297,401.0,29010,401.0,29010
5527,5525,5526,401.0,51436307,401.0,29010,350.0,1012963
5528,5526,5527,401.0,51465317,350.0,1012963,551.0,1796
5529,5527,5528,350.0,257215563,551.0,1796,551.0,80792
5530,5528,5529,551.0,51242316,551.0,80792,553.0,83449
5531,5529,5530,551.0,51323108,553.0,83449,529.0,9098
5532,5530,5531,553.0,53062201,529.0,9098,527.0,119751
5533,5531,5532,529.0,52902538,527.0,119751,496.0,97605
5534,5532,5533,527.0,51369075,496.0,97605,482.0,24174
5535,5533,5534,496.0,239771005,482.0,24174,483.0,186415
5536,5534,5535,482.0,52917614,483.0,186415,411.0,14397
5537,5535,5536,483.0,53104047,411.0,14397,411.0,28414
5538,5536,5537,411.0,51493245,411.0,28414,411.0,28414
5539,5537,5538,411.0,51521659,411.0,28414,415.0,28413
5540,5538,5539,411.0,51550073,415.0,28413,411.0,28401
5541,5539,5540,415.0,51578437,411.0,28401,411.0,28414
5542,5540,5541,411.0,51606883,411.0,28414,411.0,28414
5543,5541,5542,411.0,51635297,411.0,28414,411.0,28414
5544,5542,5543,411.0,51663711,411.0,28414,401.0,3419
5545,5543,5544,411.0,51692125,401.0,3419,401.0,29010
5546,5544,5545,401.0,51482267,401.0,29010,407.0,145018
5547,5545,5546,401.0,51511277,407.0,145018,407.0,144962
5548,5546,5547,407.0,257701388,407.0,144962,406.0,28993
5549,5547,5548,407.0,257846350,406.0,28993,401.0,29011
5550,5548,5549,406.0,51598262,401.0,29011,401.0,29010
5551,5549,5550,401.0,51627333,401.0,29010,401.0,29010
5552,5550,5551,401.0,51656343,401.0,29010,401.0,29010
5553,5551,5552,401.0,51685353,401.0,29010,562.0,408429
5554,5552,5553,401.0,51714363,562.0,408429,551.0,31624
5555,5553,5554,562.0,283523949,551.0,31624,553.0,83449
5556,5554,5555,551.0,51510472,553.0,83449,548.0,75607
5557,5555,5556,553.0,53255609,548.0,75607,527.0,53045
5558,5556,5557,548.0,48338451,527.0,53045,528.0,121708
5559,5557,5558,527.0,51531893,528.0,121708,496.0,529324
5560,5558,5559,528.0,52484788,496.0,529324,470.0,43607
5561,5559,5560,496.0,241317484,470.0,43607,390.0,140971
5562,5560,5561,470.0,24952727,390.0,140971,411.0,24900
5563,5561,5562,390.0,51858147,411.0,24900,411.0,28414
5564,5562,5563,411.0,51742076,411.0,28414,417.0,142188
5565,5563,5564,411.0,51770490,417.0,142188,411.0,28408
5566,5564,5565,417.0,258994358,411.0,28408,411.0,28414
5567,5565,5566,411.0,51827300,411.0,28414,411.0,28414
5568,5566,5567,411.0,51855714,411.0,28414,417.0,142043
5569,5567,5568,411.0,51884128,417.0,142043,411.0,28400
5570,5568,5569,417.0,259562443,411.0,28400,406.0,14135
5571,5569,5570,411.0,51940938,406.0,14135,407.0,144961
5572,5570,5571,406.0,51731311,407.0,144961,407.0,144962
5573,5571,5572,407.0,258801516,407.0,144962,401.0,29014
5574,5572,5573,407.0,258946478,401.0,29014,401.0,29010
5575,5573,5574,401.0,51818358,401.0,29010,401.0,29010
5576,5574,5575,401.0,51847368,401.0,29010,401.0,29010
5577,5575,5576,401.0,51876378,401.0,29010,401.0,29010
5578,5576,5577,401.0,51905388,401.0,29010,350.0,517108
5579,5577,5578,401.0,51934398,350.0,517108,562.0,956269
5580,5578,5579,350.0,259102988,562.0,956269,553.0,63524
5581,5579,5580,562.0,285382509,553.0,63524,549.0,377992
5582,5580,5581,553.0,53448996,549.0,377992,551.0,80821
5583,5581,5582,549.0,242568592,551.0,80821,528.0,98893
5584,5582,5583,551.0,51940349,528.0,98893,521.0,119735
5585,5583,5584,528.0,52650217,521.0,119735,496.0,961001
5586,5584,5585,521.0,51934251,496.0,961001,478.0,733507
5587,5585,5586,496.0,242863921,478.0,733507,411.0,6988
5588,5586,5587,478.0,242636427,411.0,6988,411.0,28414
5589,5587,5588,411.0,51962492,411.0,28414,411.0,28397
5590,5588,5589,411.0,51990906,411.0,28397,411.0,28414
5591,5589,5590,411.0,52019303,411.0,28414,411.0,28414
5592,5590,5591,411.0,52047717,411.0,28414,411.0,28414
5593,5591,5592,411.0,52076131,411.0,28414,416.0,28434
5594,5592,5593,411.0,52104545,416.0,28434,411.0,28407
5595,5593,5594,416.0,52132924,411.0,28407,411.0,28414
5596,5594,5595,411.0,52161355,411.0,28414,407.0,124160
5597,5595,5596,411.0,52189769,407.0,124160,406.0,28993
5598,5596,5597,407.0,259901680,406.0,28993,401.0,29012
5599,5597,5598,406.0,52009328,401.0,29012,401.0,29010
5600,5598,5599,401.0,52038394,401.0,29010,401.0,29010
5601,5599,5600,401.0,52067404,401.0,29010,401.0,29010
5602,5600,5601,401.0,52096414,401.0,29010,401.0,29010
5603,5601,5602,401.0,52125424,401.0,29010,401.0,29010
5604,5602,5603,401.0,52154434,401.0,29010,561.0,4276
5605,5603,5604,401.0,52183444,561.0,4276,553.0,10919
5606,5604,5605,561.0,57151668,553.0,10919,549.0,377998
5607,5605,5606,553.0,53642407,549.0,377998,551.0,80822
5608,5606,5607,549.0,243444978,551.0,80822,527.0,21764
5609,5607,5608,551.0,52127714,527.0,21764,521.0,119752
5610,5608,5609,527.0,51977268,521.0,119752,496.0,224395
5611,5609,5610,521.0,52097080,496.0,224395,482.0,44384
5612,5610,5611,496.0,243242075,482.0,44384,483.0,186392
5613,5611,5612,482.0,53675872,483.0,186392,416.0,17445
5614,5612,5613,483.0,53862296,416.0,17445,411.0,28403
5615,5613,5614,416.0,52211277,411.0,28403,411.0,28414
5616,5614,5615,411.0,52239719,411.0,28414,411.0,28414
5617,5615,5616,411.0,52268133,411.0,28414,411.0,28414
5618,5616,5617,411.0,52296547,411.0,28414,417.0,142279
5619,5617,5618,411.0,52324961,417.0,142279,411.0,28413
5620,5618,5619,417.0,261766779,411.0,28413,411.0,28414
5621,5619,5620,411.0,52381771,411.0,28414,407.0,32653
5622,5620,5621,411.0,52410185,407.0,32653,401.0,29016
5623,5621,5622,407.0,261001813,401.0,29016,401.0,29010
5624,5622,5623,401.0,52229420,401.0,29010,401.0,29010
5625,5623,5624,401.0,52258430,401.0,29010,401.0,29010
5626,5624,5625,401.0,52287440,401.0,29010,401.0,29010
5627,5625,5626,401.0,52316450,401.0,29010,401.0,29010
5628,5626,5627,401.0,52345460,401.0,29010,401.0,29010
5629,5627,5628,401.0,52374470,401.0,29010,350.0,21305
5630,5628,5629,401.0,52403480,350.0,21305,561.0,113852
5631,5629,5630,350.0,260990465,561.0,113852,549.0,188907
5632,5630,5631,561.0,57523388,549.0,188907,551.0,80820
5633,5631,5632,549.0,244321347,551.0,80820,538.0,80844
5634,5632,5633,551.0,52315076,538.0,80844,521.0,66069
5635,5633,5634,538.0,52395948,521.0,66069,529.0,123606
5636,5634,5635,521.0,52259901,529.0,123606,496.0,656105
5637,5635,5636,529.0,54069334,496.0,656105,470.0,53077
5638,5636,5637,496.0,244788545,470.0,53077,390.0,226238
5639,5637,5638,470.0,25308157,390.0,226238,411.0,27976
5640,5638,5639,390.0,52658398,411.0,27976,411.0,28414
5641,5639,5640,411.0,52460136,411.0,28414,411.0,28414
5642,5640,5641,411.0,52488550,411.0,28414,416.0,28416
5643,5641,5642,411.0,52516964,416.0,28416,411.0,28402
5644,5642,5643,416.0,52545330,411.0,28402,411.0,28414
5645,5643,5644,411.0,52573774,411.0,28414,411.0,28414
5646,5644,5645,411.0,52602188,411.0,28414,411.0,28414
5647,5645,5646,411.0,52630602,411.0,28414,401.0,17296
5648,5646,5647,411.0,52659016,401.0,17296,401.0,29010
5649,5647,5648,401.0,52449456,401.0,29010,401.0,29010
5650,5648,5649,401.0,52478466,401.0,29010,401.0,29010
5651,5649,5650,401.0,52507476,401.0,29010,401.0,29010
5652,5650,5651,401.0,52536486,401.0,29010,401.0,29010
5653,5651,5652,401.0,52565496,401.0,29010,401.0,29010
5654,5652,5653,401.0,52594506,401.0,29010,401.0,29010
5655,5653,5654,401.0,52623516,401.0,29010,350.0,723229
5656,5654,5655,401.0,52652526,350.0,723229,562.0,1117160
5657,5655,5656,350.0,262884029,562.0,1117160,551.0,70281
5658,5656,5657,562.0,289475560,551.0,70281,538.0,80846
5659,5657,5658,551.0,52502441,538.0,80846,553.0,83394
5660,5658,5659,538.0,52583314,553.0,83394,529.0,113893
5661,5659,5660,553.0,54362946,529.0,113893,527.0,119764
5662,5660,5661,529.0,54237413,527.0,119764,496.0,1087829
5663,5661,5662,527.0,52662222,496.0,1087829,478.0,825189
5664,5662,5663,496.0,246335029,478.0,825189,411.0,10066
5665,5663,5664,478.0,246072389,411.0,10066,411.0,28414
5666,5664,5665,411.0,52680554,411.0,28414,411.0,28414
5667,5665,5666,411.0,52708968,411.0,28414,416.0,28445
5668,5666,5667,411.0,52737382,416.0,28445,411.0,28410
5669,5667,5668,416.0,52765769,411.0,28410,411.0,28414
5670,5668,5669,411.0,52794192,411.0,28414,411.0,28414
5671,5669,5670,411.0,52822606,411.0,28414,417.0,142080
5672,5670,5671,411.0,52851020,417.0,142080,411.0,28402
5673,5671,5672,417.0,264396930,411.0,28402,401.0,28014
5674,5672,5673,411.0,52907830,401.0,28014,401.0,29010
5675,5673,5674,401.0,52698502,401.0,29010,401.0,29010
5676,5674,5675,401.0,52727512,401.0,29010,401.0,29010
5677,5675,5676,401.0,52756522,401.0,29010,401.0,29010
5678,5676,5677,401.0,52785532,401.0,29010,401.0,29010
5679,5677,5678,401.0,52814542,401.0,29010,401.0,29010
5680,5678,5679,401.0,52843552,401.0,29010,401.0,29010
5681,5679,5680,401.0,52872562,401.0,29010,562.0,182271
5682,5680,5681,401.0,52901572,562.0,182271,551.0,19318
5683,5681,5682,562.0,289851391,551.0,19318,538.0,80848
5684,5682,5683,551.0,52689806,538.0,80848,553.0,83396
5685,5683,5684,538.0,52770680,553.0,83396,529.0,35957
5686,5684,5685,553.0,54556356,529.0,35957,527.0,119772
5687,5685,5686,529.0,54405493,527.0,119772,496.0,351224
5688,5686,5687,527.0,52825042,496.0,351224,457.0,31283
5689,5687,5688,496.0,246713184,457.0,31283,390.0,21074
5690,5688,5689,457.0,26366527,390.0,21074,411.0,20569
5691,5689,5690,390.0,52929890,411.0,20569,416.0,28405
5692,5690,5691,411.0,52929385,416.0,28405,411.0,28399
5693,5691,5692,416.0,52957743,411.0,28399,411.0,28414
5694,5692,5693,411.0,52986195,411.0,28414,411.0,28414
5695,5693,5694,411.0,53014609,411.0,28414,411.0,28414
5696,5694,5695,411.0,53043023,411.0,28414,415.0,28442
5697,5695,5696,411.0,53071437,415.0,28442,411.0,28409
5698,5696,5697,415.0,53099822,411.0,28409,401.0,9722
5699,5697,5698,411.0,53128247,401.0,9722,401.0,29010
5700,5698,5699,401.0,52918538,401.0,29010,401.0,29010
5701,5699,5700,401.0,52947548,401.0,29010,401.0,29010
5702,5700,5701,401.0,52976558,401.0,29010,401.0,29010
5703,5701,5702,401.0,53005568,401.0,29010,401.0,29010
5704,5702,5703,401.0,53034578,401.0,29010,401.0,29010
5705,5703,5704,401.0,53063588,401.0,29010,401.0,29010
5706,5704,5705,401.0,53092598,401.0,29010,350.0,227425
5707,5705,5706,401.0,53121608,350.0,227425,562.0,730151
5708,5706,5707,350.0,264771505,562.0,730151,538.0,49224
5709,5707,5708,562.0,291709991,538.0,49224,547.0,6520
5710,5708,5709,538.0,52958040,547.0,6520,549.0,377917
5711,5709,5710,547.0,4277325,549.0,377917,527.0,79042
5712,5710,5711,549.0,248462767,527.0,79042,527.0,119747
5713,5711,5712,527.0,52987858,527.0,119747,496.0,782936
5714,5712,5713,527.0,53107605,496.0,782936,470.0,62574
5715,5713,5714,496.0,248259656,470.0,62574,411.0,2658
5716,5714,5715,470.0,25663614,411.0,2658,417.0,142151
5717,5715,5716,411.0,53149802,417.0,142151,411.0,28406
5718,5716,5717,417.0,265890891,411.0,28406,411.0,28414
5719,5717,5718,411.0,53206612,411.0,28414,411.0,28414
5720,5718,5719,411.0,53235026,411.0,28414,417.0,142006
5721,5719,5720,411.0,53263440,417.0,142006,411.0,28398
5722,5720,5721,417.0,266458976,411.0,28398,411.0,28414
5723,5721,5722,411.0,53320250,411.0,28414,411.0,28414
5724,5722,5723,411.0,53348664,411.0,28414,401.0,20440
5725,5723,5724,411.0,53377078,401.0,20440,401.0,29010
5726,5724,5725,401.0,53167584,401.0,29010,401.0,29010
5727,5725,5726,401.0,53196594,401.0,29010,401.0,29010
5728,5726,5727,401.0,53225604,401.0,29010,401.0,29010
5729,5727,5728,401.0,53254614,401.0,29010,401.0,29010
5730,5728,5729,401.0,53283624,401.0,29010,401.0,29010
5731,5729,5730,401.0,53312634,401.0,29010,407.0,145073
5732,5730,5731,401.0,53341644,407.0,145073,350.0,929326
5733,5731,5732,407.0,266853263,350.0,929326,562.0,1278032
5734,5732,5733,350.0,266665046,562.0,1278032,549.0,369748
5735,5733,5734,562.0,293568592,549.0,369748,549.0,377908
5736,5734,5735,549.0,248961228,549.0,377908,527.0,3530
5737,5735,5736,549.0,249339136,527.0,3530,527.0,119747
5738,5736,5737,527.0,53150674,527.0,119747,496.0,46313
5739,5737,5738,527.0,53270421,496.0,46313,478.0,72145
5740,5738,5739,496.0,248637793,478.0,72145,478.0,844709
5741,5739,5740,478.0,248663625,478.0,844709,416.0,13139
5742,5740,5741,478.0,249508334,416.0,13139,411.0,28413
5743,5741,5742,416.0,53398611,411.0,28413,411.0,28414
5744,5742,5743,411.0,53427029,411.0,28414,411.0,28414
5745,5743,5744,411.0,53455443,411.0,28414,417.0,142135
5746,5744,5745,411.0,53483857,417.0,142135,411.0,28405
5747,5745,5746,417.0,267561155,411.0,28405,411.0,28414
5748,5746,5747,411.0,53540667,411.0,28414,411.0,28414
5749,5747,5748,411.0,53569081,411.0,28414,401.0,2148
5750,5748,5749,411.0,53597495,401.0,2148,401.0,29010
5751,5749,5750,401.0,53387620,401.0,29010,401.0,29010
5752,5750,5751,401.0,53416630,401.0,29010,401.0,29010
5753,5751,5752,401.0,53445640,401.0,29010,401.0,29010
5754,5752,5753,401.0,53474650,401.0,29010,401.0,29010
5755,5753,5754,401.0,53503660,401.0,29010,401.0,29010
5756,5754,5755,401.0,53532670,401.0,29010,406.0,29007
5757,5755,5756,401.0,53561680,406.0,29007,407.0,144962
5758,5756,5757,406.0,53590683,407.0,144962,562.0,343126
5759,5757,5758,407.0,268098377,562.0,343126,549.0,131358
5760,5758,5759,562.0,293944406,549.0,131358,549.0,377908
5761,5759,5760,549.0,249837598,549.0,377908,551.0,80799
5762,5760,5761,549.0,250215506,551.0,80799,527.0,47764
5763,5761,5762,551.0,53575205,527.0,47764,528.0,121675
5764,5762,5763,527.0,53433236,528.0,121675,496.0,478018
5765,5763,5764,528.0,54416776,496.0,478018,482.0,84864
5766,5764,5765,496.0,250184258,482.0,84864,390.0,106349
5767,5765,5766,482.0,55192448,390.0,106349,411.0,23645
5768,5766,5767,390.0,53730149,411.0,23645,411.0,28414
5769,5767,5768,411.0,53647445,411.0,28414,411.0,28414
5770,5768,5769,411.0,53675859,411.0,28414,417.0,142242
5771,5769,5770,411.0,53704273,417.0,142242,411.0,28411
5772,5770,5771,417.0,268663312,411.0,28411,411.0,28414
5773,5771,5772,411.0,53761083,411.0,28414,411.0,28414
5774,5772,5773,411.0,53789497,411.0,28414,417.0,142097
5775,5773,5774,411.0,53817911,417.0,142097,401.0,12865
5776,5774,5775,417.0,269231397,401.0,12865,401.0,29010
5777,5775,5776,401.0,53636665,401.0,29010,401.0,29010
5778,5776,5777,401.0,53665675,401.0,29010,401.0,29010
5779,5777,5778,401.0,53694685,401.0,29010,401.0,29010
5780,5778,5779,401.0,53723695,401.0,29010,401.0,29010
5781,5779,5780,401.0,53752705,401.0,29010,406.0,28996
5782,5780,5781,401.0,53781715,406.0,28996,407.0,144961
5783,5781,5782,406.0,53810710,407.0,144961,350.0,433448
5784,5782,5783,407.0,269198511,350.0,433448,559.0,178194
5785,5783,5784,350.0,268552448,559.0,178194,551.0,57969
5786,5784,5785,559.0,59160594,551.0,57969,551.0,80792
5787,5785,5786,551.0,53681769,551.0,80792,553.0,83451
5788,5786,5787,551.0,53762561,553.0,83451,528.0,93510
5789,5787,5788,553.0,55580347,528.0,93510,529.0,123641
5790,5788,5789,528.0,54582210,529.0,123641,496.0,909703
5791,5789,5790,529.0,55572281,496.0,909703,470.0,72036
5792,5790,5791,496.0,251730703,470.0,72036,411.0,5734
5793,5791,5792,470.0,26019036,411.0,5734,411.0,28414
5794,5792,5793,411.0,53867862,411.0,28414,417.0,142043
5795,5793,5794,411.0,53896276,417.0,142043,411.0,28400
5796,5794,5795,417.0,269623183,411.0,28400,411.0,28414
5797,5795,5796,411.0,53953086,411.0,28414,411.0,28414
5798,5796,5797,411.0,53981500,411.0,28414,411.0,28414
5799,5797,5798,411.0,54009914,411.0,28414,417.0,142225
5800,5798,5799,411.0,54038328,417.0,142225,411.0,28410
5801,5799,5800,417.0,270333575,411.0,28410,401.0,23582
5802,5800,5801,411.0,54095138,401.0,23582,401.0,29010
5803,5801,5802,401.0,53885710,401.0,29010,401.0,29010
5804,5802,5803,401.0,53914720,401.0,29010,401.0,29010
5805,5803,5804,401.0,53943730,401.0,29010,406.0,29007
5806,5804,5805,401.0,53972740,406.0,29007,407.0,144962
5807,5805,5806,406.0,54001743,407.0,144962,407.0,144962
5808,5806,5807,407.0,270153677,407.0,144962,401.0,29012
5809,5807,5808,407.0,270298639,401.0,29012,350.0,1135322
5810,5808,5809,401.0,54088796,350.0,1135322,551.0,6999
5811,5809,5810,350.0,270445962,551.0,6999,552.0,82147
5812,5810,5811,551.0,53869127,552.0,82147,553.0,83437
5813,5811,5812,552.0,54820138,553.0,83437,528.0,16775
5814,5812,5813,553.0,55773741,528.0,16775,529.0,123640
5815,5813,5814,528.0,54747647,529.0,123640,496.0,173059
5816,5814,5815,529.0,55740344,496.0,173059,478.0,163703
5817,5815,5816,496.0,252108819,478.0,163703,478.0,844709
5818,5816,5817,478.0,252099463,478.0,844709,411.0,16236
5819,5817,5818,478.0,252944172,411.0,16236,417.0,142151
5820,5818,5819,411.0,54116692,417.0,142151,411.0,28406
5821,5819,5820,417.0,270725341,411.0,28406,411.0,28414
5822,5820,5821,411.0,54173502,411.0,28414,411.0,28414
5823,5821,5822,411.0,54201916,411.0,28414,417.0,142006
5824,5822,5823,411.0,54230330,417.0,142006,411.0,28398
5825,5823,5824,417.0,271293426,411.0,28398,411.0,28414
5826,5824,5825,411.0,54287140,411.0,28414,401.0,5289
5827,5825,5826,411.0,54315554,401.0,5289,401.0,29010
5828,5826,5827,401.0,54105745,401.0,29010,401.0,29010
5829,5827,5828,401.0,54134755,401.0,29010,401.0,29010
5830,5828,5829,401.0,54163765,401.0,29010,406.0,28996
5831,5829,5830,401.0,54192775,406.0,28996,407.0,144961
5832,5830,5831,406.0,54221770,407.0,144961,401.0,29015
5833,5831,5832,407.0,271253811,401.0,29015,401.0,29010
5834,5832,5833,401.0,54279821,401.0,29010,401.0,29010
5835,5833,5834,401.0,54308831,401.0,29010,562.0,503898
5836,5834,5835,401.0,54337841,562.0,503898,552.0,37459
5837,5835,5836,562.0,298037338,552.0,37459,553.0,83422
5838,5836,5837,552.0,55010503,553.0,83422,549.0,377979
5839,5837,5838,553.0,55967134,549.0,377979,529.0,62775
5840,5838,5839,549.0,253978919,529.0,62775,527.0,119773
5841,5839,5840,529.0,55908407,527.0,119773,496.0,604752
5842,5840,5841,527.0,54280989,496.0,604752,483.0,105041
5843,5841,5842,496.0,253655272,483.0,105041,390.0,191586
5844,5842,5843,483.0,55950673,390.0,191586,417.0,133575
5845,5843,5844,390.0,54530370,417.0,133575,411.0,28412
5846,5844,5845,417.0,271827495,411.0,28412,411.0,28414
5847,5845,5846,411.0,54393918,411.0,28414,411.0,28414
5848,5846,5847,411.0,54422332,411.0,28414,416.0,28423
5849,5847,5848,411.0,54450746,416.0,28423,411.0,28404
5850,5848,5849,416.0,54479117,411.0,28404,411.0,28414
5851,5849,5850,411.0,54507556,411.0,28414,411.0,28414
5852,5850,5851,411.0,54535970,411.0,28414,401.0,16006
5853,5851,5852,411.0,54564384,401.0,16006,401.0,29010
5854,5852,5853,401.0,54354790,401.0,29010,406.0,29007
5855,5853,5854,401.0,54383800,406.0,29007,407.0,144962
5856,5854,5855,406.0,54412803,407.0,144962,407.0,144962
5857,5855,5856,407.0,272208977,407.0,144962,401.0,29012
5858,5856,5857,407.0,272353939,401.0,29012,401.0,29010
5859,5857,5858,401.0,54499856,401.0,29010,401.0,29010
5860,5858,5859,401.0,54528866,401.0,29010,349.0,127883
5861,5859,5860,401.0,54557876,349.0,127883,562.0,1051737
5862,5860,5861,349.0,54466667,562.0,1051737,553.0,68873
5863,5861,5862,562.0,299895897,553.0,68873,549.0,377936
5864,5862,5863,553.0,56160521,549.0,377936,551.0,80808
5865,5863,5864,549.0,254855256,551.0,80808,527.0,105013
5866,5864,5865,551.0,54567152,527.0,105013,527.0,119747
5867,5865,5866,527.0,54443797,527.0,119747,496.0,1036428
5868,5866,5867,527.0,54563544,496.0,1036428,457.0,84247
5869,5867,5868,496.0,255201708,457.0,84247,411.0,8809
5870,5868,5869,457.0,27253639,411.0,8809,411.0,28414
5871,5869,5870,411.0,54585921,411.0,28414,411.0,28414
5872,5870,5871,411.0,54614335,411.0,28414,411.0,28414
5873,5871,5872,411.0,54642749,411.0,28414,417.0,142242
5874,5872,5873,411.0,54671163,417.0,142242,411.0,28411
5875,5873,5874,417.0,273497762,411.0,28411,411.0,28414
5876,5874,5875,411.0,54727973,411.0,28414,411.0,28414
5877,5875,5876,411.0,54756387,411.0,28414,417.0,142097
5878,5876,5877,411.0,54784801,417.0,142097,401.0,26724
5879,5877,5878,417.0,274065847,401.0,26724,407.0,145000
5880,5878,5879,401.0,54603836,407.0,145000,406.0,28993
5881,5879,5880,407.0,273164170,406.0,28993,401.0,29016
5882,5880,5881,406.0,54661826,401.0,29016,401.0,29010
5883,5881,5882,401.0,54690882,401.0,29010,401.0,29010
5884,5882,5883,401.0,54719892,401.0,29010,401.0,29010
5885,5883,5884,401.0,54748902,401.0,29010,401.0,29010
5886,5884,5885,401.0,54777912,401.0,29010,562.0,116850
5887,5885,5886,401.0,54806922,562.0,116850,553.0,16268
5888,5886,5887,562.0,300271730,553.0,16268,549.0,377942
5889,5887,5888,553.0,56353932,549.0,377942,551.0,80810
5890,5888,5889,549.0,255731642,551.0,80810,527.0,29506
5891,5889,5890,551.0,54754518,527.0,29506,527.0,119747
5892,5890,5891,527.0,54606618,527.0,119747,496.0,299827
5893,5891,5892,527.0,54726365,496.0,299827,478.0,255295
5894,5892,5893,496.0,255579867,478.0,255295,478.0,844709
5895,5893,5894,478.0,255535335,478.0,844709,411.0,19312
5896,5894,5895,478.0,256380044,411.0,19312,411.0,28414
5897,5895,5896,411.0,54834752,411.0,28414,417.0,142043
5898,5896,5897,411.0,54863166,417.0,142043,411.0,28400
5899,5897,5898,417.0,274457633,411.0,28400,411.0,28414
5900,5898,5899,411.0,54919976,411.0,28414,411.0,28414
5901,5899,5900,411.0,54948390,411.0,28414,411.0,28414
5902,5900,5901,411.0,54976804,411.0,28414,416.0,28445
5903,5901,5902,411.0,55005218,416.0,28445,405.0,8431
5904,5902,5903,416.0,55033605,405.0,8431,407.0,144962
5905,5903,5904,405.0,54823871,407.0,144962,407.0,144962
5906,5904,5905,407.0,274264312,407.0,144962,401.0,29013
5907,5905,5906,407.0,274409274,401.0,29013,401.0,29010
5908,5906,5907,401.0,54910917,401.0,29010,401.0,29010
5909,5907,5908,401.0,54939927,401.0,29010,401.0,29010
5910,5908,5909,401.0,54968937,401.0,29010,401.0,29010
5911,5909,5910,401.0,54997947,401.0,29010,350.0,143561
5912,5910,5911,401.0,55026957,350.0,143561,561.0,132938
5913,5911,5912,350.0,274220761,561.0,132938,549.0,213180
5914,5912,5913,561.0,60426058,549.0,213180,551.0,80800
5915,5913,5914,549.0,256607980,551.0,80800,538.0,80800
5916,5914,5915,551.0,54941872,538.0,80800,527.0,73732
5917,5915,5916,538.0,55022720,527.0,73732,521.0,119778
5918,5916,5917,527.0,54889172,521.0,119778,496.0,731496
5919,5917,5918,521.0,55008998,496.0,731496,478.0,567465
5920,5918,5919,496.0,257126296,478.0,567465,411.0,1399
5921,5919,5920,478.0,256962265,411.0,1399,411.0,28414
5922,5920,5921,411.0,55055167,411.0,28414,417.0,142134
5923,5921,5922,411.0,55083581,417.0,142134,411.0,28405
5924,5922,5923,417.0,275559774,411.0,28405,411.0,28414
5925,5923,5924,411.0,55140391,411.0,28414,411.0,28414
5926,5924,5925,411.0,55168805,411.0,28414,417.0,141990
5927,5925,5926,411.0,55197219,417.0,141990,411.0,28397
5928,5926,5927,417.0,276127860,411.0,28397,411.0,28414
5929,5927,5928,411.0,55254029,411.0,28414,406.0,19118
5930,5928,5929,411.0,55282443,406.0,19118,401.0,29016
5931,5929,5930,406.0,55072886,401.0,29016,401.0,29010
5932,5930,5931,401.0,55101942,401.0,29010,401.0,29010
5933,5931,5932,401.0,55130952,401.0,29010,401.0,29010
5934,5932,5933,401.0,55159962,401.0,29010,401.0,29010
5935,5933,5934,401.0,55188972,401.0,29010,401.0,29010
5936,5934,5935,401.0,55217982,401.0,29010,401.0,29010
5937,5935,5936,401.0,55246992,401.0,29010,350.0,845432
5938,5936,5937,401.0,55276002,350.0,845432,562.0,1212547
5939,5937,5938,350.0,276114272,562.0,1212547,551.0,75462
5940,5938,5939,562.0,303988867,551.0,75462,538.0,80787
5941,5939,5940,551.0,55129230,538.0,80787,549.0,378052
5942,5940,5941,538.0,55210071,549.0,378052,521.0,118043
5943,5941,5942,549.0,258618702,521.0,118043,529.0,123624
5944,5942,5943,521.0,55171811,529.0,123624,457.0,3742
5945,5943,5944,529.0,57075176,457.0,3742,482.0,186418
5946,5944,5945,457.0,27530626,482.0,186418,411.0,11901
5947,5945,5946,482.0,57023858,411.0,11901,417.0,142242
5948,5946,5947,411.0,55303997,417.0,142242,411.0,28411
5949,5947,5948,417.0,276661932,411.0,28411,411.0,28414
5950,5948,5949,411.0,55360807,411.0,28414,411.0,28414
5951,5949,5950,411.0,55389221,411.0,28414,417.0,142097
5952,5950,5951,411.0,55417635,417.0,142097,411.0,28403
5953,5951,5952,417.0,277230017,411.0,28403,411.0,28414
5954,5952,5953,411.0,55474445,411.0,28414,407.0,4084
5955,5953,5954,411.0,55502859,407.0,4084,401.0,29013
5956,5954,5955,407.0,276464564,401.0,29013,401.0,29010
5957,5955,5956,401.0,55321977,401.0,29010,401.0,29010
5958,5956,5957,401.0,55350987,401.0,29010,401.0,29010
5959,5957,5958,401.0,55379997,401.0,29010,401.0,29010
5960,5958,5959,401.0,55409007,401.0,29010,401.0,29010
5961,5959,5960,401.0,55438017,401.0,29010,401.0,29010
5962,5960,5961,401.0,55467027,401.0,29010,401.0,29010
5963,5961,5962,401.0,55496037,401.0,29010,562.0,277620
5964,5962,5963,401.0,55525047,562.0,277620,551.0,24492
5965,5963,5964,562.0,304364660,551.0,24492,553.0,83444
5966,5964,5965,551.0,55316588,553.0,83444,549.0,378025
5967,5965,5966,553.0,57184500,549.0,378025,521.0,42527
5968,5966,5967,549.0,259495055,521.0,42527,529.0,123624
5969,5967,5968,521.0,55334623,529.0,123624,496.0,426549
5970,5968,5969,529.0,57243240,496.0,426549,470.0,35906
5971,5969,5970,496.0,259050869,470.0,35906,390.0,71625
5972,5970,5971,470.0,26790146,390.0,71625,411.0,22386
5973,5971,5972,390.0,55602049,411.0,22386,411.0,28414
5974,5972,5973,411.0,55552810,411.0,28414,411.0,28414
5975,5973,5974,411.0,55581224,411.0,28414,411.0,28414
5976,5974,5975,411.0,55609638,411.0,28414,417.0,142225
5977,5975,5976,411.0,55638052,417.0,142225,411.0,28410
5978,5976,5977,417.0,278332195,411.0,28410,411.0,28414
5979,5977,5978,411.0,55694862,411.0,28414,411.0,28414
5980,5978,5979,411.0,55723276,411.0,28414,401.0,11589
5981,5979,5980,411.0,55751690,401.0,11589,401.0,29010
5982,5980,5981,401.0,55542013,401.0,29010,401.0,29010
5983,5981,5982,401.0,55571023,401.0,29010,401.0,29010
5984,5982,5983,401.0,55600033,401.0,29010,401.0,29010
5985,5983,5984,401.0,55629043,401.0,29010,401.0,29010
5986,5984,5985,401.0,55658053,401.0,29010,401.0,29010
5987,5985,5986,401.0,55687063,401.0,29010,401.0,29010
5988,5986,5987,401.0,55716073,401.0,29010,350.0,349577
5989,5987,5988,401.0,55745083,350.0,349577,562.0,825500
5990,5988,5989,350.0,278001697,562.0,825500,553.0,56174
5991,5989,5990,562.0,306223260,553.0,56174,549.0,378013
5992,5990,5991,553.0,57377902,549.0,378013,551.0,80826
5993,5991,5992,549.0,260371423,551.0,80826,529.0,89585
5994,5992,5993,551.0,55746472,529.0,89585,527.0,119770
5995,5993,5994,529.0,57411313,527.0,119770,496.0,858262
5996,5994,5995,527.0,55736932,496.0,858262,478.0,659053
5997,5995,5996,496.0,260597342,478.0,659053,411.0,4475
5998,5996,5997,478.0,260398133,411.0,4475,411.0,28414
5999,5997,5998,411.0,55773227,411.0,28414,411.0,28414
6000,5998,5999,411.0,55801641,411.0,28414,416.0,28405
6001,5999,6000,411.0,55830055,416.0,28405,411.0,28399
6002,6000,6001,416.0,55858413,411.0,28399,411.0,28414
6003,6001,6002,411.0,55886865,411.0,28414,411.0,28414
6004,6002,6003,411.0,55915279,411.0,28414,411.0,28414
6005,6003,6004,411.0,55943693,411.0,28414,416.0,28441
6006,6004,6005,411.0,55972107,416.0,28441,401.0,22307
6007,6005,6006,416.0,56000491,401.0,22307,401.0,29010
6008,6006,6007,401.0,55791059,401.0,29010,401.0,29010
6009,6007,6008,401.0,55820069,401.0,29010,401.0,29010
6010,6008,6009,401.0,55849079,401.0,29010,401.0,29010
6011,6009,6010,401.0,55878089,401.0,29010,401.0,29010
6012,6010,6011,401.0,55907099,401.0,29010,401.0,29010
6013,6011,6012,401.0,55936109,401.0,29010,401.0,29010
6014,6012,6013,401.0,55965119,401.0,29010,350.0,1051501
6015,6013,6014,401.0,55994129,350.0,1051501,553.0,3569
6016,6014,6015,350.0,279895261,553.0,3569,549.0,378019
6017,6015,6016,553.0,57571313,549.0,378019,551.0,80827
6018,6016,6017,549.0,261247809,551.0,80827,529.0,11648
6019,6017,6018,551.0,55933837,529.0,11648,527.0,119777
6020,6018,6019,529.0,57579392,527.0,119777,496.0,121651
6021,6019,6020,527.0,55899751,496.0,121651,457.0,13533
6022,6020,6021,496.0,260975491,457.0,13533,482.0,186409
6023,6021,6022,457.0,27897909,482.0,186409,411.0,14978
6024,6022,6023,482.0,57782121,411.0,14978,411.0,28414
6025,6023,6024,411.0,56022058,411.0,28414,417.0,142151
6026,6024,6025,411.0,56050472,417.0,142151,411.0,28406
6027,6025,6026,417.0,280394241,411.0,28406,411.0,28414
6028,6026,6027,411.0,56107282,411.0,28414,411.0,28414
6029,6027,6028,411.0,56135696,411.0,28414,417.0,142006
6030,6028,6029,411.0,56164110,417.0,142006,411.0,28398
6031,6029,6030,417.0,280962326,411.0,28398,401.0,4015
6032,6030,6031,411.0,56220920,401.0,4015,401.0,29010
6033,6031,6032,401.0,56011095,401.0,29010,401.0,29010
6034,6032,6033,401.0,56040105,401.0,29010,401.0,29010
6035,6033,6034,401.0,56069115,401.0,29010,401.0,29010
6036,6034,6035,401.0,56098125,401.0,29010,401.0,29010
6037,6035,6036,401.0,56127135,401.0,29010,401.0,29010
6038,6036,6037,401.0,56156145,401.0,29010,401.0,29010
6039,6037,6038,401.0,56185155,401.0,29010,407.0,145055
6040,6038,6039,401.0,56214165,407.0,145055,562.0,438491
6041,6039,6040,407.0,281215855,562.0,438491,549.0,155578
6042,6040,6041,562.0,308457691,549.0,155578,551.0,80825
6043,6041,6042,549.0,262124178,551.0,80825,552.0,82099
6044,6042,6043,551.0,56121199,552.0,82099,527.0,55488
6045,6043,6044,552.0,57108502,527.0,55488,527.0,119747
6046,6044,6045,527.0,56062568,527.0,119747,496.0,553369
6047,6045,6046,527.0,56182315,496.0,553369,478.0,438486
6048,6046,6047,496.0,262521969,478.0,438486,390.0,156915
6049,6047,6048,478.0,262407086,390.0,156915,411.0,25481
6050,6048,6049,390.0,56402323,411.0,25481,417.0,142279
6051,6049,6050,411.0,56270889,417.0,142279,411.0,28413
6052,6050,6051,417.0,281496419,411.0,28413,411.0,28414
6053,6051,6052,411.0,56327699,411.0,28414,411.0,28414
6054,6052,6053,411.0,56356113,411.0,28414,417.0,142135
6055,6053,6054,411.0,56384527,417.0,142135,411.0,28405
6056,6054,6055,417.0,282064505,411.0,28405,411.0,28414
6057,6055,6056,411.0,56441337,411.0,28414,401.0,14733
6058,6056,6057,411.0,56469751,401.0,14733,401.0,29010
6059,6057,6058,401.0,56260141,401.0,29010,401.0,29010
6060,6058,6059,401.0,56289151,401.0,29010,401.0,29010
6061,6059,6060,401.0,56318161,401.0,29010,401.0,29010
6062,6060,6061,401.0,56347171,401.0,29010,401.0,29010
6063,6061,6062,401.0,56376181,401.0,29010,401.0,29010
6064,6062,6063,401.0,56405191,401.0,29010,407.0,145018
6065,6063,6064,401.0,56434201,407.0,145018,350.0,555676
6066,6064,6065,407.0,282316008,350.0,555676,562.0,986373
6067,6065,6066,350.0,281782716,562.0,986373,551.0,63153
6068,6066,6067,562.0,310316293,551.0,63153,552.0,82092
6069,6067,6068,551.0,56308561,552.0,82092,553.0,83398
6070,6068,6069,552.0,57298881,553.0,83398,527.0,99722
6071,6069,6070,553.0,58291846,527.0,99722,528.0,121681
6072,6070,6071,527.0,56345130,528.0,121681,496.0,985074
6073,6071,6072,528.0,57375640,496.0,985074,478.0,750711
6074,6072,6073,496.0,264068434,478.0,750711,417.0,37609
6075,6073,6074,478.0,263834071,417.0,37609,411.0,28402
6076,6074,6075,417.0,282456289,411.0,28402,411.0,28414
6077,6075,6076,411.0,56519702,411.0,28414,411.0,28414
6078,6076,6077,411.0,56548116,411.0,28414,411.0,28414
6079,6077,6078,411.0,56576530,411.0,28414,416.0,28452
6080,6078,6079,411.0,56604944,416.0,28452,411.0,28412
6081,6079,6080,416.0,56633336,411.0,28412,411.0,28414
6082,6080,6081,411.0,56661754,411.0,28414,411.0,28414
6083,6081,6082,411.0,56690168,411.0,28414,401.0,25451
6084,6082,6083,411.0,56718582,401.0,25451,401.0,29010
6085,6083,6084,401.0,56509187,401.0,29010,401.0,29010
6086,6084,6085,401.0,56538197,401.0,29010,401.0,29010
6087,6085,6086,401.0,56567207,401.0,29010,401.0,29010
6088,6086,6087,401.0,56596217,401.0,29010,401.0,29010
6089,6087,6088,401.0,56625227,401.0,29010,406.0,28996
6090,6088,6089,401.0,56654237,406.0,28996,407.0,144961
6091,6089,6090,406.0,56683232,407.0,144961,562.0,51466
6092,6090,6091,407.0,283561121,562.0,51466,551.0,12186
6093,6091,6092,562.0,310692106,551.0,12186,538.0,80844
6094,6092,6093,551.0,56495922,538.0,80844,547.0,6520
6095,6093,6094,538.0,56576794,547.0,6520,527.0,24209
6096,6094,6095,547.0,4569160,527.0,24209,528.0,121690
6097,6095,6096,527.0,56507945,528.0,121690,496.0,248446
6098,6096,6097,528.0,57541087,496.0,248446,457.0,23325
6099,6097,6098,496.0,264446566,457.0,23325,482.0,186401
6100,6098,6099,457.0,28265193,482.0,186401,411.0,18055
6101,6099,6100,482.0,58540385,411.0,18055,411.0,28414
6102,6100,6101,411.0,56740119,411.0,28414,411.0,28414
6103,6101,6102,411.0,56768533,411.0,28414,415.0,28413
6104,6102,6103,411.0,56796947,415.0,28413,411.0,28401
6105,6103,6104,415.0,56825311,411.0,28401,411.0,28414
6106,6104,6105,411.0,56853757,411.0,28414,411.0,28414
6107,6105,6106,411.0,56882171,411.0,28414,411.0,28414
6108,6106,6107,411.0,56910585,411.0,28414,401.0,7159
6109,6107,6108,411.0,56938999,401.0,7159,401.0,29010
6110,6108,6109,401.0,56729223,401.0,29010,401.0,29010
6111,6109,6110,401.0,56758233,401.0,29010,401.0,29010
6112,6110,6111,401.0,56787243,401.0,29010,401.0,29010
6113,6111,6112,401.0,56816253,401.0,29010,406.0,29011
6114,6112,6113,401.0,56845263,406.0,29011,407.0,144961
6115,6113,6114,406.0,56874269,407.0,144961,407.0,144962
6116,6114,6115,407.0,284516306,407.0,144962,350.0,59829
6117,6115,6116,407.0,284661268,350.0,59829,562.0,599331
6118,6116,6117,350.0,283670149,562.0,599331,538.0,42083
6119,6117,6118,562.0,312550691,538.0,42083,545.0,75630
6120,6118,6119,538.0,56764147,545.0,75630,549.0,377909
6121,6119,6120,545.0,53177530,549.0,377909,528.0,69593
6122,6120,6121,549.0,266265554,528.0,69593,521.0,119732
6123,6121,6122,528.0,57706529,521.0,119732,496.0,680144
6124,6122,6123,521.0,56910306,496.0,680144,470.0,54863
6125,6123,6124,496.0,265993024,470.0,54863,411.0,144
6126,6124,6125,470.0,27501023,411.0,144,411.0,28414
6127,6125,6126,411.0,56960536,411.0,28414,411.0,28414
6128,6126,6127,411.0,56988950,411.0,28414,417.0,142188
6129,6127,6128,411.0,57017364,417.0,142188,411.0,28408
6130,6128,6129,417.0,285228728,411.0,28408,411.0,28414
6131,6129,6130,411.0,57074174,411.0,28414,411.0,28414
6132,6130,6131,411.0,57102588,411.0,28414,417.0,142043
6133,6131,6132,411.0,57131002,417.0,142043,411.0,28400
6134,6132,6133,417.0,285796813,411.0,28400,401.0,17876
6135,6133,6134,411.0,57187812,401.0,17876,401.0,29010
6136,6134,6135,401.0,56978268,401.0,29010,401.0,29010
6137,6135,6136,401.0,57007278,401.0,29010,401.0,29010
6138,6136,6137,401.0,57036288,401.0,29010,407.0,145000
6139,6137,6138,401.0,57065298,407.0,145000,406.0,28993
6140,6138,6139,407.0,285471480,406.0,28993,401.0,29016
6141,6139,6140,406.0,57123288,401.0,29016,401.0,29010
6142,6140,6141,401.0,57152344,401.0,29010,350.0,761723
6143,6141,6142,401.0,57181354,350.0,761723,562.0,1147206
6144,6142,6143,350.0,285563683,562.0,1147206,549.0,336372
6145,6143,6144,562.0,314409286,549.0,336372,545.0,75582
6146,6144,6145,549.0,266764012,545.0,75582,551.0,80796
6147,6145,6146,545.0,53428385,551.0,80796,521.0,112734
6148,6146,6147,551.0,57193956,521.0,112734,529.0,123586
6149,6147,6148,521.0,57073126,529.0,123586,496.0,1111853
6150,6148,6149,529.0,59037826,496.0,1111853,478.0,842319
6151,6149,6150,496.0,267539493,478.0,842319,411.0,10646
6152,6150,6151,478.0,267269959,411.0,10646,411.0,28414
6153,6151,6152,411.0,57209366,411.0,28414,411.0,28397
6154,6152,6153,411.0,57237780,411.0,28397,411.0,28414
6155,6153,6154,411.0,57266177,411.0,28414,411.0,28414
6156,6154,6155,411.0,57294591,411.0,28414,411.0,28414
6157,6155,6156,411.0,57323005,411.0,28414,416.0,28434
6158,6156,6157,411.0,57351419,416.0,28434,411.0,28407
6159,6157,6158,416.0,57379798,411.0,28407,411.0,28414
6160,6158,6159,411.0,57408229,411.0,28414,401.0,28594
6161,6159,6160,411.0,57436643,401.0,28594,401.0,29010
6162,6160,6161,401.0,57227314,401.0,29010,407.0,145073
6163,6161,6162,401.0,57256324,407.0,145073,407.0,144962
6164,6162,6163,407.0,286426663,407.0,144962,406.0,28993
6165,6163,6164,407.0,286571625,406.0,28993,401.0,29014
6166,6164,6165,406.0,57343317,401.0,29014,401.0,29010
6167,6165,6166,401.0,57372380,401.0,29010,401.0,29010
6168,6166,6167,401.0,57401390,401.0,29010,562.0,212319
6169,6167,6168,401.0,57430400,562.0,212319,549.0,97997
6170,6168,6169,562.0,314785119,549.0,97997,545.0,75582
6171,6169,6170,549.0,267640397,545.0,75582,551.0,80797
6172,6170,6171,545.0,53603662,551.0,80797,521.0,37234
6173,6171,6172,551.0,57381321,521.0,37234,529.0,123601
6174,6172,6173,521.0,57235954,529.0,123601,496.0,375243
6175,6173,6174,529.0,59205905,496.0,375243,457.0,33119
6176,6174,6175,496.0,267917643,457.0,33119,390.0,37003
6177,6175,6176,457.0,28632479,390.0,37003,415.0,21105
6178,6176,6177,390.0,57474051,415.0,21105,411.0,28403
6179,6177,6178,415.0,57458153,411.0,28403,411.0,28414
6180,6178,6179,411.0,57486593,411.0,28414,411.0,28414
6181,6179,6180,411.0,57515007,411.0,28414,411.0,28414
6182,6180,6181,411.0,57543421,411.0,28414,417.0,142279
6183,6181,6182,411.0,57571835,417.0,142279,411.0,28413
6184,6182,6183,417.0,288001149,411.0,28413,411.0,28414
6185,6183,6184,411.0,57628645,411.0,28414,401.0,10301
6186,6184,6185,411.0,57657059,401.0,10301,401.0,29010
6187,6185,6186,401.0,57447349,401.0,29010,407.0,145018
6188,6186,6187,401.0,57476359,407.0,145018,407.0,144962
6189,6187,6188,407.0,287526798,407.0,144962,406.0,28993
6190,6188,6189,407.0,287671760,406.0,28993,401.0,29011
6191,6189,6190,406.0,57563344,401.0,29011,401.0,29010
6192,6190,6191,401.0,57592415,401.0,29010,401.0,29010
6193,6191,6192,401.0,57621425,401.0,29010,350.0,265868
6194,6192,6193,401.0,57650435,350.0,265868,562.0,760159
6195,6193,6194,350.0,287451108,562.0,760159,551.0,50836
6196,6194,6195,562.0,316643679,551.0,50836,551.0,80792
6197,6195,6196,551.0,57487884,551.0,80792,553.0,83444
6198,6196,6197,551.0,57568676,553.0,83444,529.0,84107
6199,6197,6198,553.0,59509236,529.0,84107,527.0,119752
6200,6198,6199,529.0,59373963,527.0,119752,496.0,806924
6201,6199,6200,527.0,57638268,496.0,806924,470.0,64331
6202,6200,6201,496.0,269464084,470.0,64331,417.0,16042
6203,6201,6202,470.0,27856451,417.0,16042,411.0,28410
6204,6202,6203,417.0,288392922,411.0,28410,411.0,28414
6205,6203,6204,411.0,57707010,411.0,28414,411.0,28414
6206,6204,6205,411.0,57735424,411.0,28414,416.0,28416
6207,6205,6206,411.0,57763838,416.0,28416,411.0,28402
6208,6206,6207,416.0,57792204,411.0,28402,411.0,28414
6209,6207,6208,411.0,57820648,411.0,28414,411.0,28414
6210,6208,6209,411.0,57849062,411.0,28414,411.0,28414
6211,6209,6210,411.0,57877476,411.0,28414,401.0,21019
6212,6210,6211,411.0,57905890,401.0,21019,406.0,28996
6213,6211,6212,401.0,57696395,406.0,28996,407.0,144962
6214,6212,6213,406.0,57725390,407.0,144962,401.0,29015
6215,6213,6214,407.0,288771912,401.0,29015,401.0,29010
6216,6214,6215,401.0,57783441,401.0,29010,401.0,29010
6217,6215,6216,401.0,57812451,401.0,29010,401.0,29010
6218,6216,6217,401.0,57841461,401.0,29010,401.0,29010
6219,6217,6218,401.0,57870471,401.0,29010,350.0,967791
6220,6218,6219,401.0,57899481,350.0,967791,562.0,1308056
6221,6219,6220,350.0,289344671,562.0,1308056,551.0,80665
6222,6220,6221,562.0,318502296,551.0,80665,553.0,83447
6223,6221,6222,551.0,57756041,553.0,83447,529.0,6172
6224,6222,6223,553.0,59702647,529.0,6172,527.0,119760
6225,6223,6224,529.0,59542044,527.0,119760,496.0,70319
6226,6224,6225,527.0,57801088,496.0,70319,478.0,89248
6227,6225,6226,496.0,269842239,478.0,89248,478.0,844709
6228,6226,6227,478.0,269861168,478.0,844709,411.0,13723
6229,6227,6228,478.0,270705877,411.0,13723,411.0,28414
6230,6228,6229,411.0,57927427,411.0,28414,411.0,28414
6231,6229,6230,411.0,57955841,411.0,28414,415.0,28442
6232,6230,6231,411.0,57984255,415.0,28442,411.0,28409
6233,6231,6232,415.0,58012640,411.0,28409,411.0,28414
6234,6232,6233,411.0,58041065,411.0,28414,411.0,28414
6235,6233,6234,411.0,58069479,411.0,28414,416.0,28412
6236,6234,6235,411.0,58097893,416.0,28412,407.0,13600
6237,6235,6236,416.0,58126256,407.0,13600,406.0,28993
6238,6236,6237,407.0,289582120,406.0,28993,407.0,144962
6239,6237,6238,406.0,57945416,407.0,144962,401.0,29012
6240,6238,6239,407.0,289872042,401.0,29012,401.0,29010
6241,6239,6240,401.0,58003476,401.0,29010,401.0,29010
6242,6240,6241,401.0,58032486,401.0,29010,401.0,29010
6243,6241,6242,401.0,58061496,401.0,29010,401.0,29010
6244,6242,6243,401.0,58090506,401.0,29010,401.0,29010
6245,6243,6244,401.0,58119516,401.0,29010,562.0,373129
6246,6244,6245,401.0,58148526,562.0,373129,552.0,30228
6247,6245,6246,562.0,318878089,552.0,30228,553.0,83432
6248,6246,6247,552.0,58878024,553.0,83432,549.0,378000
6249,6247,6248,553.0,59896040,549.0,378000,527.0,50195
6250,6248,6249,549.0,271781750,527.0,50195,528.0,121714
6251,6249,6250,527.0,57963899,528.0,121714,496.0,502006
6252,6250,6251,528.0,59020540,496.0,502006,482.0,88609
6253,6251,6252,496.0,271388686,482.0,88609,390.0,122258
6254,6252,6253,482.0,59870497,390.0,122258,411.0,24225
6255,6253,6254,390.0,58274290,411.0,24225,417.0,141990
6256,6254,6255,411.0,58176257,417.0,141990,411.0,28397
6257,6255,6256,417.0,291023050,411.0,28397,411.0,28414
6258,6256,6257,411.0,58233067,411.0,28414,411.0,28414
6259,6257,6258,411.0,58261481,411.0,28414,411.0,28414
6260,6258,6259,411.0,58289895,411.0,28414,416.0,28434
6261,6259,6260,411.0,58318309,416.0,28434,411.0,28407
6262,6260,6261,416.0,58346688,411.0,28407,407.0,67059
6263,6261,6262,411.0,58375119,407.0,67059,401.0,29015
6264,6262,6263,407.0,290827219,401.0,29015,401.0,29010
6265,6263,6264,401.0,58194501,401.0,29010,401.0,29010
6266,6264,6265,401.0,58223511,401.0,29010,401.0,29010
6267,6265,6266,401.0,58252521,401.0,29010,401.0,29010
6268,6266,6267,401.0,58281531,401.0,29010,401.0,29010
6269,6267,6268,401.0,58310541,401.0,29010,401.0,29010
6270,6268,6269,401.0,58339551,401.0,29010,350.0,471885
6271,6269,6270,401.0,58368561,350.0,471885,562.0,920969
6272,6270,6271,350.0,291232045,562.0,920969,553.0,61523
6273,6271,6272,562.0,320736649,553.0,61523,549.0,377956
6274,6272,6273,553.0,60089427,549.0,377956,551.0,80813
6275,6273,6274,549.0,272658086,551.0,80813,528.0,95999
6276,6274,6275,551.0,58373275,528.0,95999,521.0,119738
6277,6275,6276,528.0,59185967,521.0,119738,496.0,933681
6278,6276,6277,521.0,58366258,496.0,933681,464.0,76278
6279,6277,6278,496.0,272935121,464.0,76278,411.0,6313
6280,6278,6279,464.0,29152294,411.0,6313,417.0,142097
6281,6279,6280,411.0,58396673,417.0,142097,411.0,28403
6282,6280,6281,417.0,292125207,411.0,28403,411.0,28414
6283,6281,6282,411.0,58453483,411.0,28414,411.0,28414
6284,6282,6283,411.0,58481897,411.0,28414,411.0,28414
6285,6283,6284,411.0,58510311,411.0,28414,417.0,142279
6286,6284,6285,411.0,58538725,417.0,142279,411.0,28413
6287,6285,6286,417.0,292835599,411.0,28413,411.0,28414
6288,6286,6287,411.0,58595535,411.0,28414,401.0,24177
6289,6287,6288,411.0,58623949,401.0,24177,401.0,29010
6290,6288,6289,401.0,58414537,401.0,29010,401.0,29010
6291,6289,6290,401.0,58443547,401.0,29010,401.0,29010
6292,6290,6291,401.0,58472557,401.0,29010,401.0,29010
6293,6291,6292,401.0,58501567,401.0,29010,401.0,29010
6294,6292,6293,401.0,58530577,401.0,29010,401.0,29010
6295,6293,6294,401.0,58559587,401.0,29010,401.0,29010
6296,6294,6295,401.0,58588597,401.0,29010,350.0,1173808
6297,6295,6296,401.0,58617607,350.0,1173808,553.0,8918
6298,6296,6297,350.0,293125608,553.0,8918,549.0,377963
6299,6297,6298,553.0,60282838,549.0,377963,551.0,80815
6300,6298,6299,549.0,273534473,551.0,80815,527.0,18914
6301,6299,6300,551.0,58560641,527.0,18914,521.0,119756
6302,6300,6301,527.0,58409274,521.0,119756,496.0,197076
6303,6301,6302,521.0,58529088,496.0,197076,478.0,180823
6304,6302,6303,496.0,273313276,478.0,180823,478.0,844709
6305,6303,6304,478.0,273297023,478.0,844709,416.0,16789
6306,6304,6305,478.0,274141732,416.0,16789,411.0,28410
6307,6305,6306,416.0,58645477,411.0,28410,411.0,28414
6308,6306,6307,411.0,58673900,411.0,28414,411.0,28414
6309,6307,6308,411.0,58702314,411.0,28414,416.0,28416
6310,6308,6309,411.0,58730728,416.0,28416,411.0,28402
6311,6309,6310,416.0,58759094,411.0,28402,411.0,28414
6312,6310,6311,411.0,58787538,411.0,28414,411.0,28414
6313,6311,6312,411.0,58815952,411.0,28414,401.0,5885
6314,6312,6313,411.0,58844366,401.0,5885,401.0,29010
6315,6313,6314,401.0,58634573,401.0,29010,401.0,29010
6316,6314,6315,401.0,58663583,401.0,29010,401.0,29010
6317,6315,6316,401.0,58692593,401.0,29010,401.0,29010
6318,6316,6317,401.0,58721603,401.0,29010,401.0,29010
6319,6317,6318,401.0,58750613,401.0,29010,401.0,29010
6320,6318,6319,401.0,58779623,401.0,29010,401.0,29010
6321,6319,6320,401.0,58808633,401.0,29010,401.0,29010
6322,6320,6321,401.0,58837643,401.0,29010,562.0,533979
6323,6321,6322,401.0,58866653,562.0,533979,549.0,179897
6324,6322,6323,562.0,322971099,549.0,179897,551.0,80815
6325,6323,6324,549.0,274410857,551.0,80815,538.0,80833
6326,6324,6325,551.0,58748005,538.0,80833,521.0,63227
6327,6325,6326,538.0,58828871,521.0,63227,529.0,123616
6328,6326,6327,521.0,58691915,529.0,123616,496.0,628799
6329,6327,6328,529.0,60708832,496.0,628799,482.0,108823
6330,6328,6329,496.0,274859759,482.0,108823,390.0,207532
6331,6329,6330,482.0,60628759,390.0,207532,411.0,27302
6332,6330,6331,390.0,59074548,411.0,27302,411.0,28414
6333,6331,6332,411.0,58894318,411.0,28414,411.0,28414
6334,6332,6333,411.0,58922732,411.0,28414,417.0,142225
6335,6333,6334,411.0,58951146,417.0,142225,411.0,28410
6336,6334,6335,417.0,294897665,411.0,28410,411.0,28414
6337,6335,6336,411.0,59007956,411.0,28414,411.0,28414
6338,6336,6337,411.0,59036370,411.0,28414,416.0,28416
6339,6337,6338,411.0,59064784,416.0,28416,401.0,16603
6340,6338,6339,416.0,59093150,401.0,16603,401.0,29010
6341,6339,6340,401.0,58883619,401.0,29010,401.0,29010
6342,6340,6341,401.0,58912629,401.0,29010,401.0,29010
6343,6341,6342,401.0,58941639,401.0,29010,401.0,29010
6344,6342,6343,401.0,58970649,401.0,29010,401.0,29010
6345,6343,6344,401.0,58999659,401.0,29010,401.0,29010
6346,6344,6345,401.0,59028669,401.0,29010,401.0,29010
6347,6345,6346,401.0,59057679,401.0,29010,350.0,678005
6348,6346,6347,401.0,59086689,350.0,678005,562.0,1081860
6349,6347,6348,350.0,295013085,562.0,1081860,551.0,68351
6350,6348,6349,562.0,324829700,551.0,68351,538.0,80829
6351,6349,6350,551.0,58935367,538.0,80829,549.0,378137
6352,6350,6351,538.0,59016231,549.0,378137,529.0,110953
6353,6351,6352,549.0,276421597,529.0,110953,527.0,119766
6354,6352,6353,529.0,60876905,527.0,119766,496.0,1060511
6355,6353,6354,527.0,59094228,496.0,1060511,470.0,83284
6356,6354,6355,496.0,276406231,470.0,83284,411.0,9391
6357,6355,6356,470.0,28567324,411.0,9391,411.0,28414
6358,6356,6357,411.0,59114735,411.0,28414,416.0,28405
6359,6357,6358,411.0,59143149,416.0,28405,411.0,28399
6360,6358,6359,416.0,59171507,411.0,28399,411.0,28414
6361,6359,6360,411.0,59199959,411.0,28414,411.0,28414
6362,6360,6361,411.0,59228373,411.0,28414,411.0,28414
6363,6361,6362,411.0,59256787,411.0,28414,416.0,28441
6364,6362,6363,411.0,59285201,416.0,28441,411.0,28409
6365,6363,6364,416.0,59313585,411.0,28409,401.0,27321
6366,6364,6365,411.0,59342011,401.0,27321,401.0,29010
6367,6365,6366,401.0,59132665,401.0,29010,401.0,29010
6368,6366,6367,401.0,59161675,401.0,29010,401.0,29010
6369,6367,6368,401.0,59190685,401.0,29010,401.0,29010
6370,6368,6369,401.0,59219695,401.0,29010,401.0,29010
6371,6369,6370,401.0,59248705,401.0,29010,401.0,29010
6372,6370,6371,401.0,59277715,401.0,29010,406.0,29011
6373,6371,6372,401.0,59306725,406.0,29011,561.0,29391
6374,6372,6373,406.0,59335731,561.0,29391,551.0,17386
6375,6373,6374,561.0,65041103,551.0,17386,538.0,80827
6376,6374,6375,551.0,59122730,538.0,80827,549.0,378133
6377,6375,6376,538.0,59203593,549.0,378133,529.0,33012
6378,6376,6377,549.0,277297973,529.0,33012,527.0,119771
6379,6377,6378,529.0,61044980,527.0,119771,506.0,5542
6380,6378,6379,527.0,59257045,506.0,5542,478.0,272486
6381,6379,6380,506.0,4772102,478.0,272486,390.0,2352
6382,6380,6381,478.0,276732966,390.0,2352,411.0,19893
6383,6381,6382,390.0,59346024,411.0,19893,417.0,142135
6384,6382,6383,411.0,59363565,417.0,142135,411.0,28405
6385,6383,6384,417.0,296959695,411.0,28405,411.0,28414
6386,6384,6385,411.0,59420375,411.0,28414,411.0,28414
6387,6385,6386,411.0,59448789,411.0,28414,417.0,141989
6388,6386,6387,411.0,59477203,417.0,141989,411.0,28397
6389,6387,6388,417.0,297527779,411.0,28397,411.0,28414
6390,6388,6389,411.0,59534013,411.0,28414,401.0,9028
6391,6389,6390,411.0,59562427,401.0,9028,401.0,29010
6392,6390,6391,401.0,59352700,401.0,29010,401.0,29010
6393,6391,6392,401.0,59381710,401.0,29010,401.0,29010
6394,6392,6393,401.0,59410720,401.0,29010,401.0,29010
6395,6393,6394,401.0,59439730,401.0,29010,401.0,29010
6396,6394,6395,401.0,59468740,401.0,29010,401.0,29010
6397,6395,6396,401.0,59497750,401.0,29010,407.0,145000
6398,6396,6397,401.0,59526760,407.0,145000,350.0,182127
6399,6397,6398,407.0,297778790,350.0,182127,562.0,449411
6400,6398,6399,350.0,296900487,562.0,449411,551.0,33863
6401,6399,6400,562.0,326818691,551.0,33863,538.0,80794
6402,6400,6401,551.0,59377535,538.0,80794,549.0,378066
6403,6401,6402,538.0,59458380,549.0,378066,529.0,58236
6404,6402,6403,549.0,278489806,529.0,58236,527.0,119775
6405,6403,6404,529.0,61316220,527.0,119775,496.0,561394
6406,6404,6405,527.0,59519805,496.0,561394,478.0,444853
6407,6405,6406,496.0,278136634,478.0,444853,180.0,1
