type,region,thread,data1,data2,data3,data4,data5,data6,data7,data8,data9,data10,data11,data12,data13,data14,data15,data16,data17,data18,data19,data20,data21,data22,data23,data24,data25,data26,data27,data28,data29,data30,data31,data32,data33,data34,data35,data36,data37,data38,data39,data40,data41,data42,data43,data44,data45,data46,data47,data48,data49,data50,data51,data52,data53,data54,data55,data56,data57,data58,data59,data60,data61,data62,data63,data64,data65,data66,data67,data68,data69,data70,data71,data72,data73,data74,data75,data76,data77,data78,data79,data80,data81,data82,data83,data84,data85,data86,data87,data88,data89,data90,data91,data92,data93,data94,data95,data96,data97,data98,data99,data100,data101,data102,data103,data104,data105,data106,data107,data108,data109,data110,data111,data112,data113,data114,data115,data116,data117,data118,data119,data120,data121,data122,data123,data124,data125,data126,data127,data128,data129,data130,data131,data132,data133,data134,data135,data136,data137,data138,data139,data140,data141,data142,data143
bbv,0,0,1,1,1,1,11446,11446,11446,1476534,11446,11446,11446,11446,11446,11446,1464970,11445,11445,,,,,,,,,,,,,,,,,,,,,,,,,,,,,,,,,,,,,,,,,,,,,,,,,,,,,,,,,,,,,,,,,,,,,,,,,,,,,,,,,,,,,,,,,,,,,,,,,,,,,,,,,,,,,,,,,,,,,,,,,,,,,,
csv,0,0,230,256,315,333,99995307,99995337,99995340,99999597,99999599,99999602,99999623,99999629,99999664,99999677,100000017,99995295,99995298,,,,,,,,,,,,,,,,,,,,,,,,,,,,,,,,,,,,,,,,,,,,,,,,,,,,,,,,,,,,,,,,,,,,,,,,,,,,,,,,,,,,,,,,,,,,,,,,,,,,,,,,,,,,,,,,,,,,,,,,,,,,,,
bb_id,0,0,27,143,358,359,361,362,363,364,365,367,368,369,370,371,372,373,375,,,,,,,,,,,,,,,,,,,,,,,,,,,,,,,,,,,,,,,,,,,,,,,,,,,,,,,,,,,,,,,,,,,,,,,,,,,,,,,,,,,,,,,,,,,,,,,,,,,,,,,,,,,,,,,,,,,,,,,,,,,,,,
bbv,1,0,11446,11446,11446,1476435,11445,11445,11445,11445,11445,11445,1465078,11446,11446,,,,,,,,,,,,,,,,,,,,,,,,,,,,,,,,,,,,,,,,,,,,,,,,,,,,,,,,,,,,,,,,,,,,,,,,,,,,,,,,,,,,,,,,,,,,,,,,,,,,,,,,,,,,,,,,,,,,,,,,,,,,,,,,,,
csv,1,0,99998992,99999022,99999025,100000015,99994547,99994550,99994571,99994577,99994612,99994625,99998977,99998980,99998983,,,,,,,,,,,,,,,,,,,,,,,,,,,,,,,,,,,,,,,,,,,,,,,,,,,,,,,,,,,,,,,,,,,,,,,,,,,,,,,,,,,,,,,,,,,,,,,,,,,,,,,,,,,,,,,,,,,,,,,,,,,,,,,,,,
bb_id,1,0,361,362,363,364,365,367,368,369,370,371,372,373,375,,,,,,,,,,,,,,,,,,,,,,,,,,,,,,,,,,,,,,,,,,,,,,,,,,,,,,,,,,,,,,,,,,,,,,,,,,,,,,,,,,,,,,,,,,,,,,,,,,,,,,,,,,,,,,,,,,,,,,,,,,,,,,,,,,
bbv,2,0,11445,11445,11445,1476504,11446,11446,11446,11446,11446,11446,1465010,11445,11445,,,,,,,,,,,,,,,,,,,,,,,,,,,,,,,,,,,,,,,,,,,,,,,,,,,,,,,,,,,,,,,,,,,,,,,,,,,,,,,,,,,,,,,,,,,,,,,,,,,,,,,,,,,,,,,,,,,,,,,,,,,,,,,,,,
csv,2,0,99993942,99993972,99993975,99998232,99998234,99998237,99998258,99998264,99998299,99998312,100000012,99993930,99993933,,,,,,,,,,,,,,,,,,,,,,,,,,,,,,,,,,,,,,,,,,,,,,,,,,,,,,,,,,,,,,,,,,,,,,,,,,,,,,,,,,,,,,,,,,,,,,,,,,,,,,,,,,,,,,,,,,,,,,,,,,,,,,,,,,
bb_id,2,0,361,362,363,364,365,367,368,369,370,371,372,373,375,,,,,,,,,,,,,,,,,,,,,,,,,,,,,,,,,,,,,,,,,,,,,,,,,,,,,,,,,,,,,,,,,,,,,,,,,,,,,,,,,,,,,,,,,,,,,,,,,,,,,,,,,,,,,,,,,,,,,,,,,,,,,,,,,,
bbv,3,0,11446,11446,11446,1476476,11445,11445,11445,11445,11445,11445,1465038,11446,11446,,,,,,,,,,,,,,,,,,,,,,,,,,,,,,,,,,,,,,,,,,,,,,,,,,,,,,,,,,,,,,,,,,,,,,,,,,,,,,,,,,,,,,,,,,,,,,,,,,,,,,,,,,,,,,,,,,,,,,,,,,,,,,,,,,
csv,3,0,99997632,99997662,99997665,100000008,99993187,99993190,99993211,99993217,99993252,99993265,99997617,99997620,99997623,,,,,,,,,,,,,,,,,,,,,,,,,,,,,,,,,,,,,,,,,,,,,,,,,,,,,,,,,,,,,,,,,,,,,,,,,,,,,,,,,,,,,,,,,,,,,,,,,,,,,,,,,,,,,,,,,,,,,,,,,,,,,,,,,,
bb_id,3,0,361,362,363,364,365,367,368,369,370,371,372,373,375,,,,,,,,,,,,,,,,,,,,,,,,,,,,,,,,,,,,,,,,,,,,,,,,,,,,,,,,,,,,,,,,,,,,,,,,,,,,,,,,,,,,,,,,,,,,,,,,,,,,,,,,,,,,,,,,,,,,,,,,,,,,,,,,,,
bbv,4,0,11445,11445,11445,1476463,11446,11446,11446,11446,11446,11446,1465050,11445,11445,,,,,,,,,,,,,,,,,,,,,,,,,,,,,,,,,,,,,,,,,,,,,,,,,,,,,,,,,,,,,,,,,,,,,,,,,,,,,,,,,,,,,,,,,,,,,,,,,,,,,,,,,,,,,,,,,,,,,,,,,,,,,,,,,,
csv,4,0,99992589,99992619,99992622,99996879,99996881,99996884,99996905,99996911,99996946,99996959,100000019,99992577,99992580,,,,,,,,,,,,,,,,,,,,,,,,,,,,,,,,,,,,,,,,,,,,,,,,,,,,,,,,,,,,,,,,,,,,,,,,,,,,,,,,,,,,,,,,,,,,,,,,,,,,,,,,,,,,,,,,,,,,,,,,,,,,,,,,,,
bb_id,4,0,361,362,363,364,365,367,368,369,370,371,372,373,375,,,,,,,,,,,,,,,,,,,,,,,,,,,,,,,,,,,,,,,,,,,,,,,,,,,,,,,,,,,,,,,,,,,,,,,,,,,,,,,,,,,,,,,,,,,,,,,,,,,,,,,,,,,,,,,,,,,,,,,,,,,,,,,,,,
bbv,5,0,1,1,1,1,1,1,1,1,1,1,1,1,1,1,258,258,258,66564,256,256,256,256,256,256,256,66048,32768,1,8308,8308,8308,1071732,8308,8308,8308,8308,8308,8308,1063462,8309,8309,1,1,6581,6581,6580,6580,842254,,,,,,,,,,,,,,,,,,,,,,,,,,,,,,,,,,,,,,,,,,,,,,,,,,,,,,,,,,,,,,,,,,,,,,,,,,,,,,,,,,,,,,,,,,,,,,,
csv,5,0,77061668,77061686,72588341,77061656,77061660,77061661,72588358,77061651,77061652,72588394,72588397,75460219,75460223,77061631,77055426,77055434,77061629,77061626,75448993,75449001,75449004,75453999,75454002,75454010,75460205,75460202,75453996,72588297,72579566,72579596,72579599,72583856,72583858,72583861,72583882,72583888,72583923,72583936,72588288,72588291,72588294,77061734,77061745,99999629,99999644,99999620,99999625,100000022,,,,,,,,,,,,,,,,,,,,,,,,,,,,,,,,,,,,,,,,,,,,,,,,,,,,,,,,,,,,,,,,,,,,,,,,,,,,,,,,,,,,,,,,,,,,,,,
bb_id,5,0,29,138,145,147,149,151,324,326,328,329,330,331,332,333,334,335,336,337,338,339,340,341,343,344,345,346,347,360,361,362,363,364,365,367,368,369,370,371,372,373,375,378,379,383,384,385,387,388,,,,,,,,,,,,,,,,,,,,,,,,,,,,,,,,,,,,,,,,,,,,,,,,,,,,,,,,,,,,,,,,,,,,,,,,,,,,,,,,,,,,,,,,,,,,,,,
bbv,6,0,28686,28686,28686,28686,3671831,,,,,,,,,,,,,,,,,,,,,,,,,,,,,,,,,,,,,,,,,,,,,,,,,,,,,,,,,,,,,,,,,,,,,,,,,,,,,,,,,,,,,,,,,,,,,,,,,,,,,,,,,,,,,,,,,,,,,,,,,,,,,,,,,,,,,,,,,,
csv,6,0,99999003,99999018,99998994,99998999,100000017,,,,,,,,,,,,,,,,,,,,,,,,,,,,,,,,,,,,,,,,,,,,,,,,,,,,,,,,,,,,,,,,,,,,,,,,,,,,,,,,,,,,,,,,,,,,,,,,,,,,,,,,,,,,,,,,,,,,,,,,,,,,,,,,,,,,,,,,,,
bb_id,6,0,383,384,385,387,388,,,,,,,,,,,,,,,,,,,,,,,,,,,,,,,,,,,,,,,,,,,,,,,,,,,,,,,,,,,,,,,,,,,,,,,,,,,,,,,,,,,,,,,,,,,,,,,,,,,,,,,,,,,,,,,,,,,,,,,,,,,,,,,,,,,,,,,,,,
bbv,7,0,28686,28686,28686,28686,3671831,,,,,,,,,,,,,,,,,,,,,,,,,,,,,,,,,,,,,,,,,,,,,,,,,,,,,,,,,,,,,,,,,,,,,,,,,,,,,,,,,,,,,,,,,,,,,,,,,,,,,,,,,,,,,,,,,,,,,,,,,,,,,,,,,,,,,,,,,,
csv,7,0,99998382,99998397,99998373,99998378,100000017,,,,,,,,,,,,,,,,,,,,,,,,,,,,,,,,,,,,,,,,,,,,,,,,,,,,,,,,,,,,,,,,,,,,,,,,,,,,,,,,,,,,,,,,,,,,,,,,,,,,,,,,,,,,,,,,,,,,,,,,,,,,,,,,,,,,,,,,,,
bb_id,7,0,383,384,385,387,388,,,,,,,,,,,,,,,,,,,,,,,,,,,,,,,,,,,,,,,,,,,,,,,,,,,,,,,,,,,,,,,,,,,,,,,,,,,,,,,,,,,,,,,,,,,,,,,,,,,,,,,,,,,,,,,,,,,,,,,,,,,,,,,,,,,,,,,,,,
bbv,8,0,1,1,1,1,1,1,1,1,1,1,1,1,6592,6592,6591,6591,6591,843648,850349,1,1,1,1583,1583,1584,1584,202692,,,,,,,,,,,,,,,,,,,,,,,,,,,,,,,,,,,,,,,,,,,,,,,,,,,,,,,,,,,,,,,,,,,,,,,,,,,,,,,,,,,,,,,,,,,,,,,,,,,,,,,,,,,,,,,,,,,,
csv,8,0,5520255,5520257,5520267,5520271,5520274,5520243,5520244,5520292,5520294,5520329,5520384,5520387,99995796,99995826,99986397,99986434,99995781,99995778,100000006,5520193,5520203,5520205,5516703,5516718,5520180,5520185,5520174,,,,,,,,,,,,,,,,,,,,,,,,,,,,,,,,,,,,,,,,,,,,,,,,,,,,,,,,,,,,,,,,,,,,,,,,,,,,,,,,,,,,,,,,,,,,,,,,,,,,,,,,,,,,,,,,,,,,
bb_id,8,0,31,32,33,34,35,140,142,152,153,179,348,349,351,352,353,354,355,356,357,380,381,382,383,384,385,387,388,,,,,,,,,,,,,,,,,,,,,,,,,,,,,,,,,,,,,,,,,,,,,,,,,,,,,,,,,,,,,,,,,,,,,,,,,,,,,,,,,,,,,,,,,,,,,,,,,,,,,,,,,,,,,,,,,,,,
bbv,9,0,6976,6976,6977,6977,6976,893000,899923,,,,,,,,,,,,,,,,,,,,,,,,,,,,,,,,,,,,,,,,,,,,,,,,,,,,,,,,,,,,,,,,,,,,,,,,,,,,,,,,,,,,,,,,,,,,,,,,,,,,,,,,,,,,,,,,,,,,,,,,,,,,,,,,,,,,,,,,
csv,9,0,99989774,99989804,99994709,99994746,99989759,100000002,99994706,,,,,,,,,,,,,,,,,,,,,,,,,,,,,,,,,,,,,,,,,,,,,,,,,,,,,,,,,,,,,,,,,,,,,,,,,,,,,,,,,,,,,,,,,,,,,,,,,,,,,,,,,,,,,,,,,,,,,,,,,,,,,,,,,,,,,,,,
bb_id,9,0,351,352,353,354,355,356,357,,,,,,,,,,,,,,,,,,,,,,,,,,,,,,,,,,,,,,,,,,,,,,,,,,,,,,,,,,,,,,,,,,,,,,,,,,,,,,,,,,,,,,,,,,,,,,,,,,,,,,,,,,,,,,,,,,,,,,,,,,,,,,,,,,,,,,,,
bbv,10,0,6,6,6,5988,5988,5988,80492,5988,5972,5988,11944,5,5,5,5,5,7,1,1,4,6,7,7,7,7,6,5,5,5,5,5,5,5,5,5,5,5,5,5,5,1493,1493,1493,21612,1493,1493,1493,1089,1089,1089,17424,1089,1493,1493,1493,1378,1378,19736,1378,1493,1493,1493,1378,1378,19736,1378,1493,1493,1493,1378,1378,19736,1378,1493,1493,2259,2259,2259,6883,6,6,5,1536,1536,1536,25764,1536,1536,1536,1516,1516,1516,24164,1515,20,1535,72,17,17,17,17,17,17,17,17,474,474,474,30492,440,440,440,440,440,440,440,29544,14332,6,6,7,8276,8276,8276,8276,8277,660096,668316,5,5,5,5456,5456,5456,155248,5456,5456,5456,5440,5440,5456,5456,299584
csv,10,0,80571457,80571459,81386034,81385848,81385865,81385868,81386012,81386014,81386016,81386031,81386028,84413645,99306825,99595884,99595888,99595889,75837541,75840143,75840151,80571424,75835123,75836625,75837508,75837512,75837513,99595912,80495804,80571327,80571331,80571332,81386082,81386091,84413608,84413611,84413614,84413618,84413619,81386137,81386156,84413579,84410808,84410828,84410831,84411239,84411241,84411244,84411267,84411293,84411317,84411321,84411817,84411819,84411821,84411852,84411867,84411892,84411896,84412392,84412394,84412396,84412427,84412442,84412467,84412471,84412967,84412969,84412971,84413002,84413017,84413042,84413046,84413542,84413544,84413546,84413576,84413573,84412998,84412423,84411848,99595963,99595973,80495771,99998687,99998717,99998720,99999809,99999811,99999814,99999832,99999838,99999861,99999875,100000019,99998675,75859448,99998678,75859612,99306842,99595879,99595880,99306878,99306881,99490319,99490323,99595859,99594262,99594270,99595857,99595854,99487445,99487453,99487456,99488707,99488710,99488718,99490305,99490302,99488704,75835178,75835181,75836576,75836240,75836270,75836387,75836424,75836573,75836570,75836384,84413704,84413722,99306781,99303151,99303181,99303184,99304273,99304275,99304278,99304299,99304305,99304340,99304343,99306778,99306775
bb_id,10,0,106,107,108,109,110,111,112,113,114,115,116,143,145,147,149,151,154,155,156,157,179,181,183,185,187,188,190,192,194,196,197,199,200,202,204,206,208,209,210,211,212,213,214,215,216,218,219,220,221,222,223,224,225,226,227,228,229,230,231,232,233,234,235,236,237,238,239,240,241,242,243,244,245,246,247,248,249,250,251,304,305,306,307,308,309,310,311,313,314,315,316,317,318,319,320,321,322,324,326,328,329,330,331,332,333,334,335,336,337,338,339,340,341,343,344,345,346,347,348,349,350,351,352,353,354,355,356,357,358,359,360,361,362,363,364,365,367,368,369,370,374,375,376
bbv,11,0,1,1,1,16900,16900,16900,540800,16900,16900,16900,33800,1,1,1,1,1,1,1,1,1,1,1,1,1,1,1,1,4225,4225,4225,139425,4225,4225,4225,4225,4225,4225,135200,4225,4225,4225,4225,4225,4225,135200,4225,4225,4225,4225,4225,4225,135200,4225,4225,4225,4225,4225,4225,135200,4225,4225,4225,4225,4225,4225,4225,1,3924,3924,3924,129492,3924,3924,3924,3924,3924,3924,125596,3925,3925,1,1,1,1,1,1,1,1,66,66,66,4356,64,64,64,64,64,64,64,4224,2048,1,1,8861,8861,8861,575965,8861,8861,8861,8861,8861,8861,8860,1134169,,,,,,,,,,,,,,,,,,,,,,,,,,,,
csv,11,0,9531259,9531261,15125164,15124834,15124851,15124854,15125142,15125144,15125146,15125161,15125158,36875655,9531226,9242070,9531129,9531133,9531134,15125212,15125221,36875618,36875621,36875624,36875628,36875629,15125267,15125286,36875589,36870450,36870470,36870473,36871265,36871267,36871270,36871293,36871319,36871343,36871347,36872339,36872341,36872343,36872374,36872389,36872414,36872418,36873410,36873412,36873414,36873445,36873460,36873485,36873489,36874481,36874483,36874485,36874516,36874531,36874556,36874560,36875552,36875554,36875556,36875586,36875583,36874512,36873441,36872370,9242037,9239688,9239718,9239721,9240810,9240812,9240815,9240833,9240839,9240862,9240876,9242028,9242031,9242034,9242087,9531124,9531125,9242123,9242126,9425564,9425568,9531104,9529507,9529515,9531102,9531099,9422690,9422698,9422701,9423952,9423955,9423963,9425550,9425547,9423949,36875714,36875732,99994381,99994411,99994414,99996559,99996561,99996564,99996585,99996591,99996626,99996629,99994372,100000011,,,,,,,,,,,,,,,,,,,,,,,,,,,,
bb_id,11,0,106,107,108,109,110,111,112,113,114,115,116,143,157,190,192,194,196,197,199,200,202,204,206,208,209,210,211,212,213,214,215,216,218,219,220,221,222,223,224,225,226,227,228,229,230,231,232,233,234,235,236,237,238,239,240,241,242,243,244,245,246,247,248,249,250,251,306,307,308,309,310,311,313,314,315,316,317,318,319,321,324,326,328,329,330,331,332,333,334,335,336,337,338,339,340,341,343,344,345,346,347,358,359,361,362,363,364,365,367,368,369,370,374,375,376,,,,,,,,,,,,,,,,,,,,,,,,,,,,
bbv,12,0,1,1,1,1,1,1,1,9922,9922,9922,644930,9922,9922,9922,9922,9922,9922,634997,9921,9921,1,1,1,1,1,1,1,1,130,130,130,16900,128,128,128,128,128,128,128,16640,8192,1,7523,7523,7523,488995,7523,7523,7523,7523,7523,7523,7524,962983,,,,,,,,,,,,,,,,,,,,,,,,,,,,,,,,,,,,,,,,,,,,,,,,,,,,,,,,,,,,,,,,,,,,,,,,,,,,,,,,,,,,,,,,,
csv,12,0,53595384,54726235,54726239,54726240,54726263,54726314,54726324,99995856,99995886,99995889,99998034,99998036,99998039,99998057,99998063,99998086,99998100,100000008,99995844,99995847,53595401,54726230,54726231,53595437,53595440,54318654,54318658,54726210,54723077,54723085,54726208,54726205,54312996,54313004,54313007,54315506,54315509,54315517,54318640,54318637,54315503,53595340,53588222,53588252,53588255,53590400,53590402,53590405,53590426,53590432,53590467,53590470,53595337,53595334,,,,,,,,,,,,,,,,,,,,,,,,,,,,,,,,,,,,,,,,,,,,,,,,,,,,,,,,,,,,,,,,,,,,,,,,,,,,,,,,,,,,,,,,,
bb_id,12,0,145,147,149,151,188,304,305,307,308,309,310,311,313,314,315,316,317,318,319,321,324,326,328,329,330,331,332,333,334,335,336,337,338,339,340,341,343,344,345,346,347,360,361,362,363,364,365,367,368,369,370,374,375,376,,,,,,,,,,,,,,,,,,,,,,,,,,,,,,,,,,,,,,,,,,,,,,,,,,,,,,,,,,,,,,,,,,,,,,,,,,,,,,,,,,,,,,,,,
bbv,13,0,1,1,1,1,1,1,1,1,1,7020,7020,7020,456300,7020,7020,7020,7020,7020,7020,449280,7020,7020,7020,7020,7020,7020,449280,7020,7020,7020,7020,7020,7020,449242,7019,7019,7019,7019,7019,7019,449216,7019,7019,7019,7019,7019,7020,7020,1,6462,6462,6462,420030,6462,6462,6462,6462,6462,6462,413579,6463,6463,1,1,1,1,1,1,1,1,130,130,130,16900,128,128,128,128,128,128,128,16640,8192,,,,,,,,,,,,,,,,,,,,,,,,,,,,,,,,,,,,,,,,,,,,,,,,,,,,,,,,,,,,
csv,13,0,30617492,29486544,30617395,30617399,30617400,30617540,30617549,30617595,30617614,99993422,99993442,99993445,99995005,99995007,99995010,99995033,99995059,99995083,99995087,99997071,99997073,99997075,99997106,99997121,99997146,99997150,99999134,99999136,99999138,99999169,99999184,99999209,99999213,100000019,99991315,99991317,99991348,99991363,99991388,99991392,99993376,99993378,99993380,99993410,99993407,99991344,99999165,99997102,29486511,29481954,29481984,29481987,29484132,29484134,29484137,29484155,29484161,29484184,29484198,29486502,29486505,29486508,29486561,30617390,30617391,29486597,29486600,30209814,30209818,30617370,30614237,30614245,30617368,30617365,30204156,30204164,30204167,30206666,30206669,30206677,30209800,30209797,30206663,,,,,,,,,,,,,,,,,,,,,,,,,,,,,,,,,,,,,,,,,,,,,,,,,,,,,,,,,,,,
bb_id,13,0,157,190,192,194,196,197,199,209,210,212,213,214,215,216,218,219,220,221,222,223,224,225,226,227,228,229,230,231,232,233,234,235,236,237,238,239,240,241,242,243,244,245,246,247,248,249,250,251,306,307,308,309,310,311,313,314,315,316,317,318,319,321,324,326,328,329,330,331,332,333,334,335,336,337,338,339,340,341,343,344,345,346,347,,,,,,,,,,,,,,,,,,,,,,,,,,,,,,,,,,,,,,,,,,,,,,,,,,,,,,,,,,,,
bbv,14,0,1,1,1,1,1,1,1,9621,9621,9621,625365,9621,9621,9621,9621,9621,9621,615744,9621,9621,9621,9621,9621,9621,615744,9621,9621,9621,9621,9621,9621,615782,9622,9622,9622,9622,9622,9622,615808,9622,9622,9622,9622,9622,9621,9621,1,1,562,562,562,72403,561,561,561,561,561,561,71808,561,561,,,,,,,,,,,,,,,,,,,,,,,,,,,,,,,,,,,,,,,,,,,,,,,,,,,,,,,,,,,,,,,,,,,,,,,,,,,,,,,,,,
csv,14,0,95097308,95097271,95097274,95097277,95097281,95097282,95097242,95087367,95087387,95087390,95088950,95088952,95088955,95088978,95089004,95089028,95089032,95091016,95091018,95091020,95091051,95091066,95091091,95091095,95093079,95093081,95093083,95093114,95093129,95093154,95093158,95095142,95095144,95095146,95095177,95095192,95095217,95095221,95097205,95097207,95097209,95097239,95097236,95095173,95093110,95091047,95097367,95097385,99998851,99998881,99998884,100000006,99994406,99994409,99994430,99994436,99994471,99994484,99998836,99998839,99998842,,,,,,,,,,,,,,,,,,,,,,,,,,,,,,,,,,,,,,,,,,,,,,,,,,,,,,,,,,,,,,,,,,,,,,,,,,,,,,,,,,
bb_id,14,0,143,200,202,204,206,208,211,212,213,214,215,216,218,219,220,221,222,223,224,225,226,227,228,229,230,231,232,233,234,235,236,237,238,239,240,241,242,243,244,245,246,247,248,249,250,251,358,359,361,362,363,364,365,367,368,369,370,371,372,373,375,,,,,,,,,,,,,,,,,,,,,,,,,,,,,,,,,,,,,,,,,,,,,,,,,,,,,,,,,,,,,,,,,,,,,,,,,,,,,,,,,,
bbv,15,0,11445,11445,11445,1476500,11446,11446,11446,11446,11446,11446,1465014,11445,11445,,,,,,,,,,,,,,,,,,,,,,,,,,,,,,,,,,,,,,,,,,,,,,,,,,,,,,,,,,,,,,,,,,,,,,,,,,,,,,,,,,,,,,,,,,,,,,,,,,,,,,,,,,,,,,,,,,,,,,,,,,,,,,,,,,
csv,15,0,99993810,99993840,99993843,99998100,99998102,99998105,99998126,99998132,99998167,99998180,100000016,99993798,99993801,,,,,,,,,,,,,,,,,,,,,,,,,,,,,,,,,,,,,,,,,,,,,,,,,,,,,,,,,,,,,,,,,,,,,,,,,,,,,,,,,,,,,,,,,,,,,,,,,,,,,,,,,,,,,,,,,,,,,,,,,,,,,,,,,,
bb_id,15,0,361,362,363,364,365,367,368,369,370,371,372,373,375,,,,,,,,,,,,,,,,,,,,,,,,,,,,,,,,,,,,,,,,,,,,,,,,,,,,,,,,,,,,,,,,,,,,,,,,,,,,,,,,,,,,,,,,,,,,,,,,,,,,,,,,,,,,,,,,,,,,,,,,,,,,,,,,,,
bbv,16,0,11446,11446,11446,1476480,11445,11445,11445,11445,11445,11445,1465034,11446,11446,,,,,,,,,,,,,,,,,,,,,,,,,,,,,,,,,,,,,,,,,,,,,,,,,,,,,,,,,,,,,,,,,,,,,,,,,,,,,,,,,,,,,,,,,,,,,,,,,,,,,,,,,,,,,,,,,,,,,,,,,,,,,,,,,,
csv,16,0,99997496,99997526,99997529,100000004,99993051,99993054,99993075,99993081,99993116,99993129,99997481,99997484,99997487,,,,,,,,,,,,,,,,,,,,,,,,,,,,,,,,,,,,,,,,,,,,,,,,,,,,,,,,,,,,,,,,,,,,,,,,,,,,,,,,,,,,,,,,,,,,,,,,,,,,,,,,,,,,,,,,,,,,,,,,,,,,,,,,,,
bb_id,16,0,361,362,363,364,365,367,368,369,370,371,372,373,375,,,,,,,,,,,,,,,,,,,,,,,,,,,,,,,,,,,,,,,,,,,,,,,,,,,,,,,,,,,,,,,,,,,,,,,,,,,,,,,,,,,,,,,,,,,,,,,,,,,,,,,,,,,,,,,,,,,,,,,,,,,,,,,,,,
bbv,17,0,11445,11445,11445,1476459,11446,11446,11446,11446,11446,11446,1465054,11445,11445,,,,,,,,,,,,,,,,,,,,,,,,,,,,,,,,,,,,,,,,,,,,,,,,,,,,,,,,,,,,,,,,,,,,,,,,,,,,,,,,,,,,,,,,,,,,,,,,,,,,,,,,,,,,,,,,,,,,,,,,,,,,,,,,,,
csv,17,0,99992457,99992487,99992490,99996747,99996749,99996752,99996773,99996779,99996814,99996827,100000023,99992445,99992448,,,,,,,,,,,,,,,,,,,,,,,,,,,,,,,,,,,,,,,,,,,,,,,,,,,,,,,,,,,,,,,,,,,,,,,,,,,,,,,,,,,,,,,,,,,,,,,,,,,,,,,,,,,,,,,,,,,,,,,,,,,,,,,,,,
bb_id,17,0,361,362,363,364,365,367,368,369,370,371,372,373,375,,,,,,,,,,,,,,,,,,,,,,,,,,,,,,,,,,,,,,,,,,,,,,,,,,,,,,,,,,,,,,,,,,,,,,,,,,,,,,,,,,,,,,,,,,,,,,,,,,,,,,,,,,,,,,,,,,,,,,,,,,,,,,,,,,
bbv,18,0,11446,11446,11446,1476522,11445,11445,11445,11445,11445,11445,1464994,11446,11446,,,,,,,,,,,,,,,,,,,,,,,,,,,,,,,,,,,,,,,,,,,,,,,,,,,,,,,,,,,,,,,,,,,,,,,,,,,,,,,,,,,,,,,,,,,,,,,,,,,,,,,,,,,,,,,,,,,,,,,,,,,,,,,,,,
csv,18,0,99996136,99996166,99996169,100000030,99991691,99991694,99991715,99991721,99991756,99991769,99996121,99996124,99996127,,,,,,,,,,,,,,,,,,,,,,,,,,,,,,,,,,,,,,,,,,,,,,,,,,,,,,,,,,,,,,,,,,,,,,,,,,,,,,,,,,,,,,,,,,,,,,,,,,,,,,,,,,,,,,,,,,,,,,,,,,,,,,,,,,
bb_id,18,0,361,362,363,364,365,367,368,369,370,371,372,373,375,,,,,,,,,,,,,,,,,,,,,,,,,,,,,,,,,,,,,,,,,,,,,,,,,,,,,,,,,,,,,,,,,,,,,,,,,,,,,,,,,,,,,,,,,,,,,,,,,,,,,,,,,,,,,,,,,,,,,,,,,,,,,,,,,,
bbv,19,0,11446,11446,11446,1476422,11446,11446,11446,11446,11446,11446,1465088,11446,11446,,,,,,,,,,,,,,,,,,,,,,,,,,,,,,,,,,,,,,,,,,,,,,,,,,,,,,,,,,,,,,,,,,,,,,,,,,,,,,,,,,,,,,,,,,,,,,,,,,,,,,,,,,,,,,,,,,,,,,,,,,,,,,,,,,
csv,19,0,99999808,99999838,99999841,100000006,99995363,99995366,99995387,99995393,99995428,99995441,99999793,99999796,99999799,,,,,,,,,,,,,,,,,,,,,,,,,,,,,,,,,,,,,,,,,,,,,,,,,,,,,,,,,,,,,,,,,,,,,,,,,,,,,,,,,,,,,,,,,,,,,,,,,,,,,,,,,,,,,,,,,,,,,,,,,,,,,,,,,,
bb_id,19,0,361,362,363,364,365,367,368,369,370,371,372,373,375,,,,,,,,,,,,,,,,,,,,,,,,,,,,,,,,,,,,,,,,,,,,,,,,,,,,,,,,,,,,,,,,,,,,,,,,,,,,,,,,,,,,,,,,,,,,,,,,,,,,,,,,,,,,,,,,,,,,,,,,,,,,,,,,,,
bbv,20,0,1,1,1,1,1,1,1,3101,3101,3101,400029,3101,3101,3101,3101,3101,3101,396855,3100,3100,1,1,1,1,1,1,1,1,258,258,258,66564,256,256,256,256,256,256,256,66048,32768,1,7746,7746,7746,999358,7747,7747,7747,7747,7747,7747,991616,7747,7747,,,,,,,,,,,,,,,,,,,,,,,,,,,,,,,,,,,,,,,,,,,,,,,,,,,,,,,,,,,,,,,,,,,,,,,,,,,,,,,,,,,,,,,,
csv,20,0,67685379,72158694,72158698,72158699,72158722,72158773,72158783,99993692,99993722,99993725,99997982,99997984,99997987,99998005,99998011,99998034,99998048,100000028,99993680,99993683,67685396,72158689,72158690,67685432,67685435,70557257,70557261,72158669,72152464,72152472,72158667,72158664,70546031,70546039,70546042,70551037,70551040,70551048,70557243,70557240,70551034,67685335,67676604,67676634,67676637,67680894,67680896,67680899,67680920,67680926,67680961,67680974,67685326,67685329,67685332,,,,,,,,,,,,,,,,,,,,,,,,,,,,,,,,,,,,,,,,,,,,,,,,,,,,,,,,,,,,,,,,,,,,,,,,,,,,,,,,,,,,,,,,
bb_id,20,0,145,147,149,151,188,304,305,307,308,309,310,311,313,314,315,316,317,318,319,321,324,326,328,329,330,331,332,333,334,335,336,337,338,339,340,341,343,344,345,346,347,360,361,362,363,364,365,367,368,369,370,371,372,373,375,,,,,,,,,,,,,,,,,,,,,,,,,,,,,,,,,,,,,,,,,,,,,,,,,,,,,,,,,,,,,,,,,,,,,,,,,,,,,,,,,,,,,,,,
bbv,21,0,11137,11137,11137,1436673,11137,11137,11137,11137,11137,11137,1425561,11137,11137,,,,,,,,,,,,,,,,,,,,,,,,,,,,,,,,,,,,,,,,,,,,,,,,,,,,,,,,,,,,,,,,,,,,,,,,,,,,,,,,,,,,,,,,,,,,,,,,,,,,,,,,,,,,,,,,,,,,,,,,,,,,,,,,,,
csv,21,0,99992787,99992817,99992820,99997077,99997079,99997082,99997100,99997106,99997129,99997143,100000023,99992775,99992778,,,,,,,,,,,,,,,,,,,,,,,,,,,,,,,,,,,,,,,,,,,,,,,,,,,,,,,,,,,,,,,,,,,,,,,,,,,,,,,,,,,,,,,,,,,,,,,,,,,,,,,,,,,,,,,,,,,,,,,,,,,,,,,,,,
bb_id,21,0,307,308,309,310,311,313,314,315,316,317,318,319,321,,,,,,,,,,,,,,,,,,,,,,,,,,,,,,,,,,,,,,,,,,,,,,,,,,,,,,,,,,,,,,,,,,,,,,,,,,,,,,,,,,,,,,,,,,,,,,,,,,,,,,,,,,,,,,,,,,,,,,,,,,,,,,,,,,
bbv,22,0,11137,11137,11137,1436673,11137,11137,11137,11137,11137,11137,1425561,11137,11137,,,,,,,,,,,,,,,,,,,,,,,,,,,,,,,,,,,,,,,,,,,,,,,,,,,,,,,,,,,,,,,,,,,,,,,,,,,,,,,,,,,,,,,,,,,,,,,,,,,,,,,,,,,,,,,,,,,,,,,,,,,,,,,,,,
csv,22,0,99991887,99991917,99991920,99996177,99996179,99996182,99996200,99996206,99996229,99996243,100000023,99991875,99991878,,,,,,,,,,,,,,,,,,,,,,,,,,,,,,,,,,,,,,,,,,,,,,,,,,,,,,,,,,,,,,,,,,,,,,,,,,,,,,,,,,,,,,,,,,,,,,,,,,,,,,,,,,,,,,,,,,,,,,,,,,,,,,,,,,
bb_id,22,0,307,308,309,310,311,313,314,315,316,317,318,319,321,,,,,,,,,,,,,,,,,,,,,,,,,,,,,,,,,,,,,,,,,,,,,,,,,,,,,,,,,,,,,,,,,,,,,,,,,,,,,,,,,,,,,,,,,,,,,,,,,,,,,,,,,,,,,,,,,,,,,,,,,,,,,,,,,,
bbv,23,0,11138,11138,11138,1436674,11137,11137,11137,11137,11137,11137,1425559,11138,11138,,,,,,,,,,,,,,,,,,,,,,,,,,,,,,,,,,,,,,,,,,,,,,,,,,,,,,,,,,,,,,,,,,,,,,,,,,,,,,,,,,,,,,,,,,,,,,,,,,,,,,,,,,,,,,,,,,,,,,,,,,,,,,,,,,
csv,23,0,99999966,99999996,99999999,100000032,99995279,99995282,99995300,99995306,99995329,99995343,99999951,99999954,99999957,,,,,,,,,,,,,,,,,,,,,,,,,,,,,,,,,,,,,,,,,,,,,,,,,,,,,,,,,,,,,,,,,,,,,,,,,,,,,,,,,,,,,,,,,,,,,,,,,,,,,,,,,,,,,,,,,,,,,,,,,,,,,,,,,,
bb_id,23,0,307,308,309,310,311,313,314,315,316,317,318,319,321,,,,,,,,,,,,,,,,,,,,,,,,,,,,,,,,,,,,,,,,,,,,,,,,,,,,,,,,,,,,,,,,,,,,,,,,,,,,,,,,,,,,,,,,,,,,,,,,,,,,,,,,,,,,,,,,,,,,,,,,,,,,,,,,,,
bbv,24,0,11137,11137,11137,1436700,11137,11137,11137,11137,11137,11137,1425536,11137,11137,,,,,,,,,,,,,,,,,,,,,,,,,,,,,,,,,,,,,,,,,,,,,,,,,,,,,,,,,,,,,,,,,,,,,,,,,,,,,,,,,,,,,,,,,,,,,,,,,,,,,,,,,,,,,,,,,,,,,,,,,,,,,,,,,,
csv,24,0,99999057,99999087,99999090,100000014,99994370,99994373,99994391,99994397,99994420,99994434,99999042,99999045,99999048,,,,,,,,,,,,,,,,,,,,,,,,,,,,,,,,,,,,,,,,,,,,,,,,,,,,,,,,,,,,,,,,,,,,,,,,,,,,,,,,,,,,,,,,,,,,,,,,,,,,,,,,,,,,,,,,,,,,,,,,,,,,,,,,,,
bb_id,24,0,307,308,309,310,311,313,314,315,316,317,318,319,321,,,,,,,,,,,,,,,,,,,,,,,,,,,,,,,,,,,,,,,,,,,,,,,,,,,,,,,,,,,,,,,,,,,,,,,,,,,,,,,,,,,,,,,,,,,,,,,,,,,,,,,,,,,,,,,,,,,,,,,,,,,,,,,,,,
bbv,25,0,11137,11137,11137,1436700,11137,11137,11137,11137,11137,11137,1425536,11137,11137,,,,,,,,,,,,,,,,,,,,,,,,,,,,,,,,,,,,,,,,,,,,,,,,,,,,,,,,,,,,,,,,,,,,,,,,,,,,,,,,,,,,,,,,,,,,,,,,,,,,,,,,,,,,,,,,,,,,,,,,,,,,,,,,,,
csv,25,0,99998166,99998196,99998199,100000014,99993479,99993482,99993500,99993506,99993529,99993543,99998151,99998154,99998157,,,,,,,,,,,,,,,,,,,,,,,,,,,,,,,,,,,,,,,,,,,,,,,,,,,,,,,,,,,,,,,,,,,,,,,,,,,,,,,,,,,,,,,,,,,,,,,,,,,,,,,,,,,,,,,,,,,,,,,,,,,,,,,,,,
bb_id,25,0,307,308,309,310,311,313,314,315,316,317,318,319,321,,,,,,,,,,,,,,,,,,,,,,,,,,,,,,,,,,,,,,,,,,,,,,,,,,,,,,,,,,,,,,,,,,,,,,,,,,,,,,,,,,,,,,,,,,,,,,,,,,,,,,,,,,,,,,,,,,,,,,,,,,,,,,,,,,
bbv,26,0,1,1,1,1,1,1,1,1,6749,6749,6749,870695,6750,6750,6750,6750,6750,6750,864000,6750,6750,1,1,1,1,1,1,1,1,258,258,258,66564,256,256,256,256,256,256,256,66048,32768,1,1,3997,3997,3997,515613,3997,3997,3997,3997,3997,3997,511568,3996,3996,,,,,,,,,,,,,,,,,,,,,,,,,,,,,,,,,,,,,,,,,,,,,,,,,,,,,,,,,,,,,,,,,,,,,,,,,,,,,,,,,,,,,,
csv,26,0,65079775,65079801,65079768,60606429,65079744,65079748,65079749,60606396,60597423,60597453,60597456,60601713,60601715,60601718,60601736,60601742,60601765,60601779,60606387,60606390,60606393,60606446,65079739,65079740,60606482,60606485,63478307,63478311,65079719,65073514,65073522,65079717,65079714,63467081,63467089,63467092,63472087,63472090,63472098,63478293,63478290,63472084,65079860,65079878,99992939,99992969,99992972,99997229,99997231,99997234,99997255,99997261,99997296,99997309,100000029,99992927,99992930,,,,,,,,,,,,,,,,,,,,,,,,,,,,,,,,,,,,,,,,,,,,,,,,,,,,,,,,,,,,,,,,,,,,,,,,,,,,,,,,,,,,,,
bb_id,26,0,37,143,158,190,192,194,196,306,307,308,309,310,311,313,314,315,316,317,318,319,321,324,326,328,329,330,331,332,333,334,335,336,337,338,339,340,341,343,344,345,346,347,358,359,361,362,363,364,365,367,368,369,370,371,372,373,375,,,,,,,,,,,,,,,,,,,,,,,,,,,,,,,,,,,,,,,,,,,,,,,,,,,,,,,,,,,,,,,,,,,,,,,,,,,,,,,,,,,,,,
bbv,27,0,11446,11446,11446,1476507,11445,11445,11445,11445,11445,11445,1465008,11446,11446,,,,,,,,,,,,,,,,,,,,,,,,,,,,,,,,,,,,,,,,,,,,,,,,,,,,,,,,,,,,,,,,,,,,,,,,,,,,,,,,,,,,,,,,,,,,,,,,,,,,,,,,,,,,,,,,,,,,,,,,,,,,,,,,,,
csv,27,0,99996612,99996642,99996645,100000011,99992167,99992170,99992191,99992197,99992232,99992245,99996597,99996600,99996603,,,,,,,,,,,,,,,,,,,,,,,,,,,,,,,,,,,,,,,,,,,,,,,,,,,,,,,,,,,,,,,,,,,,,,,,,,,,,,,,,,,,,,,,,,,,,,,,,,,,,,,,,,,,,,,,,,,,,,,,,,,,,,,,,,
bb_id,27,0,361,362,363,364,365,367,368,369,370,371,372,373,375,,,,,,,,,,,,,,,,,,,,,,,,,,,,,,,,,,,,,,,,,,,,,,,,,,,,,,,,,,,,,,,,,,,,,,,,,,,,,,,,,,,,,,,,,,,,,,,,,,,,,,,,,,,,,,,,,,,,,,,,,,,,,,,,,,
bbv,28,0,11445,11445,11445,1476432,11446,11446,11446,11446,11446,11446,1465080,11445,11445,,,,,,,,,,,,,,,,,,,,,,,,,,,,,,,,,,,,,,,,,,,,,,,,,,,,,,,,,,,,,,,,,,,,,,,,,,,,,,,,,,,,,,,,,,,,,,,,,,,,,,,,,,,,,,,,,,,,,,,,,,,,,,,,,,
csv,28,0,99991566,99991596,99991599,99995856,99995858,99995861,99995882,99995888,99995923,99995936,100000016,99991554,99991557,,,,,,,,,,,,,,,,,,,,,,,,,,,,,,,,,,,,,,,,,,,,,,,,,,,,,,,,,,,,,,,,,,,,,,,,,,,,,,,,,,,,,,,,,,,,,,,,,,,,,,,,,,,,,,,,,,,,,,,,,,,,,,,,,,
bb_id,28,0,361,362,363,364,365,367,368,369,370,371,372,373,375,,,,,,,,,,,,,,,,,,,,,,,,,,,,,,,,,,,,,,,,,,,,,,,,,,,,,,,,,,,,,,,,,,,,,,,,,,,,,,,,,,,,,,,,,,,,,,,,,,,,,,,,,,,,,,,,,,,,,,,,,,,,,,,,,,
bbv,29,0,11446,11446,11446,1476534,11446,11446,11446,11446,11446,11446,1464980,11446,11446,,,,,,,,,,,,,,,,,,,,,,,,,,,,,,,,,,,,,,,,,,,,,,,,,,,,,,,,,,,,,,,,,,,,,,,,,,,,,,,,,,,,,,,,,,,,,,,,,,,,,,,,,,,,,,,,,,,,,,,,,,,,,,,,,,
csv,29,0,99995252,99995282,99995285,99999542,99999544,99999547,99999568,99999574,99999609,99999622,100000030,99995240,99995243,,,,,,,,,,,,,,,,,,,,,,,,,,,,,,,,,,,,,,,,,,,,,,,,,,,,,,,,,,,,,,,,,,,,,,,,,,,,,,,,,,,,,,,,,,,,,,,,,,,,,,,,,,,,,,,,,,,,,,,,,,,,,,,,,,
bb_id,29,0,361,362,363,364,365,367,368,369,370,371,372,373,375,,,,,,,,,,,,,,,,,,,,,,,,,,,,,,,,,,,,,,,,,,,,,,,,,,,,,,,,,,,,,,,,,,,,,,,,,,,,,,,,,,,,,,,,,,,,,,,,,,,,,,,,,,,,,,,,,,,,,,,,,,,,,,,,,,
bbv,30,0,11446,11446,11446,1476437,11445,11445,11445,11445,11445,11445,1465076,11446,11446,,,,,,,,,,,,,,,,,,,,,,,,,,,,,,,,,,,,,,,,,,,,,,,,,,,,,,,,,,,,,,,,,,,,,,,,,,,,,,,,,,,,,,,,,,,,,,,,,,,,,,,,,,,,,,,,,,,,,,,,,,,,,,,,,,
csv,30,0,99998924,99998954,99998957,100000013,99994479,99994482,99994503,99994509,99994544,99994557,99998909,99998912,99998915,,,,,,,,,,,,,,,,,,,,,,,,,,,,,,,,,,,,,,,,,,,,,,,,,,,,,,,,,,,,,,,,,,,,,,,,,,,,,,,,,,,,,,,,,,,,,,,,,,,,,,,,,,,,,,,,,,,,,,,,,,,,,,,,,,
bb_id,30,0,361,362,363,364,365,367,368,369,370,371,372,373,375,,,,,,,,,,,,,,,,,,,,,,,,,,,,,,,,,,,,,,,,,,,,,,,,,,,,,,,,,,,,,,,,,,,,,,,,,,,,,,,,,,,,,,,,,,,,,,,,,,,,,,,,,,,,,,,,,,,,,,,,,,,,,,,,,,
bbv,31,0,11445,11445,11445,1476502,11446,11446,11446,11446,11446,11446,1465012,11445,11445,,,,,,,,,,,,,,,,,,,,,,,,,,,,,,,,,,,,,,,,,,,,,,,,,,,,,,,,,,,,,,,,,,,,,,,,,,,,,,,,,,,,,,,,,,,,,,,,,,,,,,,,,,,,,,,,,,,,,,,,,,,,,,,,,,
csv,31,0,99993876,99993906,99993909,99998166,99998168,99998171,99998192,99998198,99998233,99998246,100000014,99993864,99993867,,,,,,,,,,,,,,,,,,,,,,,,,,,,,,,,,,,,,,,,,,,,,,,,,,,,,,,,,,,,,,,,,,,,,,,,,,,,,,,,,,,,,,,,,,,,,,,,,,,,,,,,,,,,,,,,,,,,,,,,,,,,,,,,,,
bb_id,31,0,361,362,363,364,365,367,368,369,370,371,372,373,375,,,,,,,,,,,,,,,,,,,,,,,,,,,,,,,,,,,,,,,,,,,,,,,,,,,,,,,,,,,,,,,,,,,,,,,,,,,,,,,,,,,,,,,,,,,,,,,,,,,,,,,,,,,,,,,,,,,,,,,,,,,,,,,,,,
bbv,32,0,1,1,1,1,1,1,1,1,1,1,1,1,1,1,1,1,1,1,1,258,258,258,66564,256,256,256,256,256,256,256,66048,32768,1,1,4037,4037,4037,4037,4036,516632,520773,1,4311,4311,4311,556119,4311,4311,4311,4311,4311,4311,551884,4312,4312,,,,,,,,,,,,,,,,,,,,,,,,,,,,,,,,,,,,,,,,,,,,,,,,,,,,,,,,,,,,,,,,,,,,,,,,,,,,,,,,,,,,,,,,
csv,32,0,42141185,42141188,42141171,42141175,37667844,42141159,42141163,42141164,42141206,42141208,42141243,37667861,42141154,42141155,37667897,37667900,40539722,40539726,42141134,42134929,42134937,42141132,42141129,40528496,40528504,40528507,40533502,40533505,40533513,40539708,40539705,40533499,42141298,42141301,99993340,99993370,99998275,99998312,99993325,100000064,99998272,37667800,37659069,37659099,37659102,37663359,37663361,37663364,37663385,37663391,37663426,37663439,37667791,37667794,37667797,,,,,,,,,,,,,,,,,,,,,,,,,,,,,,,,,,,,,,,,,,,,,,,,,,,,,,,,,,,,,,,,,,,,,,,,,,,,,,,,,,,,,,,,
bb_id,32,0,33,35,40,42,145,147,149,151,152,153,179,324,326,328,329,330,331,332,333,334,335,336,337,338,339,340,341,343,344,345,346,347,348,349,351,352,353,354,355,356,357,360,361,362,363,364,365,367,368,369,370,371,372,373,375,,,,,,,,,,,,,,,,,,,,,,,,,,,,,,,,,,,,,,,,,,,,,,,,,,,,,,,,,,,,,,,,,,,,,,,,,,,,,,,,,,,,,,,,
bbv,33,0,6976,6976,6976,6976,6976,893011,899904,,,,,,,,,,,,,,,,,,,,,,,,,,,,,,,,,,,,,,,,,,,,,,,,,,,,,,,,,,,,,,,,,,,,,,,,,,,,,,,,,,,,,,,,,,,,,,,,,,,,,,,,,,,,,,,,,,,,,,,,,,,,,,,,,,,,,,,,
csv,33,0,99987260,99987290,99992195,99992232,99987245,100000043,99992192,,,,,,,,,,,,,,,,,,,,,,,,,,,,,,,,,,,,,,,,,,,,,,,,,,,,,,,,,,,,,,,,,,,,,,,,,,,,,,,,,,,,,,,,,,,,,,,,,,,,,,,,,,,,,,,,,,,,,,,,,,,,,,,,,,,,,,,,
bb_id,33,0,351,352,353,354,355,356,357,,,,,,,,,,,,,,,,,,,,,,,,,,,,,,,,,,,,,,,,,,,,,,,,,,,,,,,,,,,,,,,,,,,,,,,,,,,,,,,,,,,,,,,,,,,,,,,,,,,,,,,,,,,,,,,,,,,,,,,,,,,,,,,,,,,,,,,,
bbv,34,0,1,1,1,1,1,1,1,1,1,1,1,1,1,1,130,130,130,16900,128,128,128,128,128,128,128,16640,8192,1,1,1,8398,8398,8397,8397,8398,881173,889589,,,,,,,,,,,,,,,,,,,,,,,,,,,,,,,,,,,,,,,,,,,,,,,,,,,,,,,,,,,,,,,,,,,,,,,,,,,,,,,,,,,,,,,,,,,,,,,,,,,,,,,,,,
csv,34,0,78120386,78120421,76989502,78120353,78120357,78120358,76989519,78120348,78120349,76989555,76989558,77712772,77712776,78120328,78117195,78117203,78120326,78120323,77707114,77707122,77707125,77709624,77709627,77709635,77712758,77712755,77709621,78120476,78120479,76989453,99998474,99998504,99993747,99993784,99998459,99998456,100000024,,,,,,,,,,,,,,,,,,,,,,,,,,,,,,,,,,,,,,,,,,,,,,,,,,,,,,,,,,,,,,,,,,,,,,,,,,,,,,,,,,,,,,,,,,,,,,,,,,,,,,,,,,
bb_id,34,0,154,179,181,183,185,187,324,326,328,329,330,331,332,333,334,335,336,337,338,339,340,341,343,344,345,346,347,348,349,350,351,352,353,354,355,356,357,,,,,,,,,,,,,,,,,,,,,,,,,,,,,,,,,,,,,,,,,,,,,,,,,,,,,,,,,,,,,,,,,,,,,,,,,,,,,,,,,,,,,,,,,,,,,,,,,,,,,,,,,,
bbv,35,0,7,7,7,22888,22888,22888,621292,22888,22872,22888,45744,6,5,5,5,5,6,1,1,5,5,6,6,6,6,6,6,6,6,6,6,6,6,6,6,6,6,6,6,6,5718,5718,5718,161037,5718,5718,5718,5314,5314,5314,152624,5314,5718,5718,5718,5603,5603,154936,5603,5718,5718,5718,5603,5603,154936,5603,5718,5718,5718,5603,5603,154936,5603,5718,5718,6484,6484,6484,11108,6,6,6,5460,5460,5460,155256,5460,5460,5460,5440,5440,5440,149760,5440,20,5460,72,17,17,17,17,17,17,17,17,410,410,410,17948,376,376,376,376,376,376,376,17128,8188,5,5,6,2433,2433,2434,2434,2434,105928,108322,6,6,5,9177,9177,9177,397113,9176,9176,9176,9160,9160,9176,9176,775744
csv,35,0,46152069,46152071,51745974,51745644,51745661,51745664,51745952,51745954,51745956,51745971,51745968,73496465,35927616,36216675,36216679,36216680,12458332,12460934,12460942,46152036,12455914,12457416,12458299,12458303,12458304,36216703,45862880,46151939,46151943,46151944,51746022,51746031,73496428,73496431,73496434,73496438,73496439,51746077,51746096,73496399,73491260,73491280,73491283,73492075,73492077,73492080,73492103,73492129,73492153,73492157,73493149,73493151,73493153,73493184,73493199,73493224,73493228,73494220,73494222,73494224,73494255,73494270,73494295,73494299,73495291,73495293,73495295,73495326,73495341,73495366,73495370,73496362,73496364,73496366,73496396,73496393,73495322,73494251,73493180,36216754,36216764,45862847,45860498,45860528,45860531,45861620,45861622,45861625,45861643,45861649,45861672,45861686,45862838,45862841,12480239,45862844,12480403,45862897,46151934,46151935,45862933,45862936,46046374,46046378,46151914,46150317,46150325,46151912,46151909,46043500,46043508,46043511,46044762,46044765,46044773,46046360,46046357,46044759,12455969,12455972,12457367,12457031,12457061,12457178,12457215,12457364,12457361,12457175,73496524,73496542,35927572,99997831,99997861,99997864,100000009,99992887,99992890,99992911,99992917,99992952,99992955,99997822,99997819
bb_id,35,0,106,107,108,109,110,111,112,113,114,115,116,143,145,147,149,151,154,155,156,157,179,181,183,185,187,188,190,192,194,196,197,199,200,202,204,206,208,209,210,211,212,213,214,215,216,218,219,220,221,222,223,224,225,226,227,228,229,230,231,232,233,234,235,236,237,238,239,240,241,242,243,244,245,246,247,248,249,250,251,304,305,306,307,308,309,310,311,313,314,315,316,317,318,319,320,321,322,324,326,328,329,330,331,332,333,334,335,336,337,338,339,340,341,343,344,345,346,347,348,349,350,351,352,353,354,355,356,357,358,359,360,361,362,363,364,365,367,368,369,370,374,375,376
bbv,36,0,1,1,1,1,1,1,1,1897,1897,1897,123282,1896,1896,1896,1896,1896,1896,121344,1896,1896,1,1,1,1,1,1,1,1,130,130,130,16900,128,128,128,128,128,128,128,16640,8192,1,12663,12663,12663,823095,12664,12664,12664,12664,12664,12664,12664,1620992,,,,,,,,,,,,,,,,,,,,,,,,,,,,,,,,,,,,,,,,,,,,,,,,,,,,,,,,,,,,,,,,,,,,,,,,,,,,,,,,,,,,,,,,,
csv,36,0,90216196,91347047,91347051,91347052,91347075,91347126,91347136,99998593,99998623,99998626,100000012,99996210,99996213,99996231,99996237,99996260,99996274,99998578,99998581,99998584,90216213,91347042,91347043,90216249,90216252,90939466,90939470,91347022,91343889,91343897,91347020,91347017,90933808,90933816,90933819,90936318,90936321,90936329,90939452,90939449,90936315,90216152,90209034,90209064,90209067,90211212,90211214,90211217,90211238,90211244,90211279,90211282,90216149,90216146,,,,,,,,,,,,,,,,,,,,,,,,,,,,,,,,,,,,,,,,,,,,,,,,,,,,,,,,,,,,,,,,,,,,,,,,,,,,,,,,,,,,,,,,,
bb_id,36,0,145,147,149,151,188,304,305,307,308,309,310,311,313,314,315,316,317,318,319,321,324,326,328,329,330,331,332,333,334,335,336,337,338,339,340,341,343,344,345,346,347,360,361,362,363,364,365,367,368,369,370,374,375,376,,,,,,,,,,,,,,,,,,,,,,,,,,,,,,,,,,,,,,,,,,,,,,,,,,,,,,,,,,,,,,,,,,,,,,,,,,,,,,,,,,,,,,,,,
bbv,37,0,1,1,1,1,1,1,1,1,1,3315,3315,3315,215475,3315,3315,3315,3315,3315,3315,212160,3315,3315,3315,3315,3315,3315,212160,3315,3315,3315,3315,3315,3315,212103,3314,3314,3314,3314,3314,3314,212096,3314,3314,3314,3314,3314,3315,3315,1,14487,14487,14487,941678,14488,14488,14488,14488,14488,14488,927232,14488,14488,1,1,1,1,1,1,1,1,130,130,130,16900,128,128,128,128,128,128,128,16640,8192,,,,,,,,,,,,,,,,,,,,,,,,,,,,,,,,,,,,,,,,,,,,,,,,,,,,,,,,,,,,
csv,37,0,67238300,66107352,67238203,67238207,67238208,67238348,67238357,67238403,67238422,99994010,99994030,99994033,99995593,99995595,99995598,99995621,99995647,99995671,99995675,99997659,99997661,99997663,99997694,99997709,99997734,99997738,99999722,99999724,99999726,99999757,99999772,99999797,99999801,100000018,99991903,99991905,99991936,99991951,99991976,99991980,99993964,99993966,99993968,99993998,99993995,99991932,99999753,99997690,66107319,66102762,66102792,66102795,66104940,66104942,66104945,66104963,66104969,66104992,66105006,66107310,66107313,66107316,66107369,67238198,67238199,66107405,66107408,66830622,66830626,67238178,67235045,67235053,67238176,67238173,66824964,66824972,66824975,66827474,66827477,66827485,66830608,66830605,66827471,,,,,,,,,,,,,,,,,,,,,,,,,,,,,,,,,,,,,,,,,,,,,,,,,,,,,,,,,,,,
bb_id,37,0,157,190,192,194,196,197,199,209,210,212,213,214,215,216,218,219,220,221,222,223,224,225,226,227,228,229,230,231,232,233,234,235,236,237,238,239,240,241,242,243,244,245,246,247,248,249,250,251,306,307,308,309,310,311,313,314,315,316,317,318,319,321,324,326,328,329,330,331,332,333,334,335,336,337,338,339,340,341,343,344,345,346,347,,,,,,,,,,,,,,,,,,,,,,,,,,,,,,,,,,,,,,,,,,,,,,,,,,,,,,,,,,,,
bbv,38,0,10117,10117,10117,657605,10117,10117,10117,10117,10117,10117,647488,10117,10117,10117,10117,10117,10117,647488,10117,10117,10117,10117,10117,10117,647545,10118,10118,10118,10118,10118,10118,647544,10117,10117,10117,10117,10118,10117,10117,,,,,,,,,,,,,,,,,,,,,,,,,,,,,,,,,,,,,,,,,,,,,,,,,,,,,,,,,,,,,,,,,,,,,,,,,,,,,,,,,,,,,,,,,,,,,,,,,,,,,,,,
csv,38,0,99990420,99990440,99990443,99992003,99992005,99992008,99992031,99992057,99992081,99992085,99994069,99994071,99994073,99994104,99994119,99994144,99994148,99996132,99996134,99996136,99996167,99996182,99996207,99996211,99998195,99998197,99998199,99998230,99998245,99998270,99998274,100000010,99990376,99990378,99990408,99990405,99998226,99996163,99994100,,,,,,,,,,,,,,,,,,,,,,,,,,,,,,,,,,,,,,,,,,,,,,,,,,,,,,,,,,,,,,,,,,,,,,,,,,,,,,,,,,,,,,,,,,,,,,,,,,,,,,,,
bb_id,38,0,212,213,214,215,216,218,219,220,221,222,223,224,225,226,227,228,229,230,231,232,233,234,235,236,237,238,239,240,241,242,243,244,245,246,247,248,249,250,251,,,,,,,,,,,,,,,,,,,,,,,,,,,,,,,,,,,,,,,,,,,,,,,,,,,,,,,,,,,,,,,,,,,,,,,,,,,,,,,,,,,,,,,,,,,,,,,,,,,,,,,,
bbv,39,0,1,1,1,1,1,1,1,3209,3209,3209,208585,3209,3209,3209,3209,3209,3209,205376,3209,3209,3209,3209,3209,3209,205376,3209,3209,3209,3209,3209,3209,205376,3209,3209,3209,3209,3209,3209,205384,3210,3210,3210,3210,3209,3209,3209,1,1,7816,7816,7816,1008200,7815,7815,7815,7815,7815,7815,1000320,7815,7815,,,,,,,,,,,,,,,,,,,,,,,,,,,,,,,,,,,,,,,,,,,,,,,,,,,,,,,,,,,,,,,,,,,,,,,,,,,,,,,,,,
csv,39,0,31718107,31718070,31718073,31718076,31718080,31718081,31718041,31708166,31708186,31708189,31709749,31709751,31709754,31709777,31709803,31709827,31709831,31711815,31711817,31711819,31711850,31711865,31711890,31711894,31713878,31713880,31713882,31713913,31713928,31713953,31713957,31715941,31715943,31715945,31715976,31715991,31716016,31716020,31718004,31718006,31718008,31718038,31718035,31715972,31713909,31711846,31718166,31718184,99997848,99997878,99997881,100000026,99993403,99993406,99993427,99993433,99993468,99993481,99997833,99997836,99997839,,,,,,,,,,,,,,,,,,,,,,,,,,,,,,,,,,,,,,,,,,,,,,,,,,,,,,,,,,,,,,,,,,,,,,,,,,,,,,,,,,
bb_id,39,0,143,200,202,204,206,208,211,212,213,214,215,216,218,219,220,221,222,223,224,225,226,227,228,229,230,231,232,233,234,235,236,237,238,239,240,241,242,243,244,245,246,247,248,249,250,251,358,359,361,362,363,364,365,367,368,369,370,371,372,373,375,,,,,,,,,,,,,,,,,,,,,,,,,,,,,,,,,,,,,,,,,,,,,,,,,,,,,,,,,,,,,,,,,,,,,,,,,,,,,,,,,,
bbv,40,0,11445,11445,11445,1476469,11446,11446,11446,11446,11446,11446,1465044,11445,11445,,,,,,,,,,,,,,,,,,,,,,,,,,,,,,,,,,,,,,,,,,,,,,,,,,,,,,,,,,,,,,,,,,,,,,,,,,,,,,,,,,,,,,,,,,,,,,,,,,,,,,,,,,,,,,,,,,,,,,,,,,,,,,,,,,
csv,40,0,99992787,99992817,99992820,99997077,99997079,99997082,99997103,99997109,99997144,99997157,100000013,99992775,99992778,,,,,,,,,,,,,,,,,,,,,,,,,,,,,,,,,,,,,,,,,,,,,,,,,,,,,,,,,,,,,,,,,,,,,,,,,,,,,,,,,,,,,,,,,,,,,,,,,,,,,,,,,,,,,,,,,,,,,,,,,,,,,,,,,,
bb_id,40,0,361,362,363,364,365,367,368,369,370,371,372,373,375,,,,,,,,,,,,,,,,,,,,,,,,,,,,,,,,,,,,,,,,,,,,,,,,,,,,,,,,,,,,,,,,,,,,,,,,,,,,,,,,,,,,,,,,,,,,,,,,,,,,,,,,,,,,,,,,,,,,,,,,,,,,,,,,,,
bbv,41,0,11446,11446,11446,1476511,11445,11445,11445,11445,11445,11445,1465004,11446,11446,,,,,,,,,,,,,,,,,,,,,,,,,,,,,,,,,,,,,,,,,,,,,,,,,,,,,,,,,,,,,,,,,,,,,,,,,,,,,,,,,,,,,,,,,,,,,,,,,,,,,,,,,,,,,,,,,,,,,,,,,,,,,,,,,,
csv,41,0,99996476,99996506,99996509,100000007,99992031,99992034,99992055,99992061,99992096,99992109,99996461,99996464,99996467,,,,,,,,,,,,,,,,,,,,,,,,,,,,,,,,,,,,,,,,,,,,,,,,,,,,,,,,,,,,,,,,,,,,,,,,,,,,,,,,,,,,,,,,,,,,,,,,,,,,,,,,,,,,,,,,,,,,,,,,,,,,,,,,,,
bb_id,41,0,361,362,363,364,365,367,368,369,370,371,372,373,375,,,,,,,,,,,,,,,,,,,,,,,,,,,,,,,,,,,,,,,,,,,,,,,,,,,,,,,,,,,,,,,,,,,,,,,,,,,,,,,,,,,,,,,,,,,,,,,,,,,,,,,,,,,,,,,,,,,,,,,,,,,,,,,,,,
bbv,42,0,11445,11445,11445,1476428,11446,11446,11446,11446,11446,11446,1465084,11445,11445,,,,,,,,,,,,,,,,,,,,,,,,,,,,,,,,,,,,,,,,,,,,,,,,,,,,,,,,,,,,,,,,,,,,,,,,,,,,,,,,,,,,,,,,,,,,,,,,,,,,,,,,,,,,,,,,,,,,,,,,,,,,,,,,,,
csv,42,0,99991434,99991464,99991467,99995724,99995726,99995729,99995750,99995756,99995791,99995804,100000020,99991422,99991425,,,,,,,,,,,,,,,,,,,,,,,,,,,,,,,,,,,,,,,,,,,,,,,,,,,,,,,,,,,,,,,,,,,,,,,,,,,,,,,,,,,,,,,,,,,,,,,,,,,,,,,,,,,,,,,,,,,,,,,,,,,,,,,,,,
bb_id,42,0,361,362,363,364,365,367,368,369,370,371,372,373,375,,,,,,,,,,,,,,,,,,,,,,,,,,,,,,,,,,,,,,,,,,,,,,,,,,,,,,,,,,,,,,,,,,,,,,,,,,,,,,,,,,,,,,,,,,,,,,,,,,,,,,,,,,,,,,,,,,,,,,,,,,,,,,,,,,
bbv,43,0,11446,11446,11446,1476534,11446,11446,11446,11446,11446,11446,1464980,11446,11446,,,,,,,,,,,,,,,,,,,,,,,,,,,,,,,,,,,,,,,,,,,,,,,,,,,,,,,,,,,,,,,,,,,,,,,,,,,,,,,,,,,,,,,,,,,,,,,,,,,,,,,,,,,,,,,,,,,,,,,,,,,,,,,,,,
csv,43,0,99995116,99995146,99995149,99999406,99999408,99999411,99999432,99999438,99999473,99999486,100000030,99995104,99995107,,,,,,,,,,,,,,,,,,,,,,,,,,,,,,,,,,,,,,,,,,,,,,,,,,,,,,,,,,,,,,,,,,,,,,,,,,,,,,,,,,,,,,,,,,,,,,,,,,,,,,,,,,,,,,,,,,,,,,,,,,,,,,,,,,
bb_id,43,0,361,362,363,364,365,367,368,369,370,371,372,373,375,,,,,,,,,,,,,,,,,,,,,,,,,,,,,,,,,,,,,,,,,,,,,,,,,,,,,,,,,,,,,,,,,,,,,,,,,,,,,,,,,,,,,,,,,,,,,,,,,,,,,,,,,,,,,,,,,,,,,,,,,,,,,,,,,,
bbv,44,0,11446,11446,11446,1476441,11445,11445,11445,11445,11445,11445,1465072,11446,11446,,,,,,,,,,,,,,,,,,,,,,,,,,,,,,,,,,,,,,,,,,,,,,,,,,,,,,,,,,,,,,,,,,,,,,,,,,,,,,,,,,,,,,,,,,,,,,,,,,,,,,,,,,,,,,,,,,,,,,,,,,,,,,,,,,
csv,44,0,99998788,99998818,99998821,100000009,99994343,99994346,99994367,99994373,99994408,99994421,99998773,99998776,99998779,,,,,,,,,,,,,,,,,,,,,,,,,,,,,,,,,,,,,,,,,,,,,,,,,,,,,,,,,,,,,,,,,,,,,,,,,,,,,,,,,,,,,,,,,,,,,,,,,,,,,,,,,,,,,,,,,,,,,,,,,,,,,,,,,,
bb_id,44,0,361,362,363,364,365,367,368,369,370,371,372,373,375,,,,,,,,,,,,,,,,,,,,,,,,,,,,,,,,,,,,,,,,,,,,,,,,,,,,,,,,,,,,,,,,,,,,,,,,,,,,,,,,,,,,,,,,,,,,,,,,,,,,,,,,,,,,,,,,,,,,,,,,,,,,,,,,,,
bbv,45,0,1,1,1,1,1,1,1,10160,10160,10160,1310594,10159,10159,10159,10159,10159,10159,1300352,10159,10159,1,1,1,1,1,1,1,1,258,258,258,66564,256,256,256,256,256,256,256,66048,32768,1,492,492,492,63561,493,493,493,493,493,493,63104,493,493,,,,,,,,,,,,,,,,,,,,,,,,,,,,,,,,,,,,,,,,,,,,,,,,,,,,,,,,,,,,,,,,,,,,,,,,,,,,,,,,,,,,,,,,
csv,45,0,4306158,8779473,8779477,8779478,8779501,8779552,8779562,99997232,99997262,99997265,100000004,99992545,99992548,99992566,99992572,99992595,99992609,99997217,99997220,99997223,4306175,8779468,8779469,4306211,4306214,7178036,7178040,8779448,8773243,8773251,8779446,8779443,7166810,7166818,7166821,7171816,7171819,7171827,7178022,7178019,7171813,4306114,4297383,4297413,4297416,4301673,4301675,4301678,4301699,4301705,4301740,4301753,4306105,4306108,4306111,,,,,,,,,,,,,,,,,,,,,,,,,,,,,,,,,,,,,,,,,,,,,,,,,,,,,,,,,,,,,,,,,,,,,,,,,,,,,,,,,,,,,,,,
bb_id,45,0,145,147,149,151,188,304,305,307,308,309,310,311,313,314,315,316,317,318,319,321,324,326,328,329,330,331,332,333,334,335,336,337,338,339,340,341,343,344,345,346,347,360,361,362,363,364,365,367,368,369,370,371,372,373,375,,,,,,,,,,,,,,,,,,,,,,,,,,,,,,,,,,,,,,,,,,,,,,,,,,,,,,,,,,,,,,,,,,,,,,,,,,,,,,,,,,,,,,,,
bbv,46,0,11137,11137,11137,1436700,11137,11137,11137,11137,11137,11137,1425536,11137,11137,,,,,,,,,,,,,,,,,,,,,,,,,,,,,,,,,,,,,,,,,,,,,,,,,,,,,,,,,,,,,,,,,,,,,,,,,,,,,,,,,,,,,,,,,,,,,,,,,,,,,,,,,,,,,,,,,,,,,,,,,,,,,,,,,,
csv,46,0,99996351,99996381,99996384,100000014,99991664,99991667,99991685,99991691,99991714,99991728,99996336,99996339,99996342,,,,,,,,,,,,,,,,,,,,,,,,,,,,,,,,,,,,,,,,,,,,,,,,,,,,,,,,,,,,,,,,,,,,,,,,,,,,,,,,,,,,,,,,,,,,,,,,,,,,,,,,,,,,,,,,,,,,,,,,,,,,,,,,,,
bb_id,46,0,307,308,309,310,311,313,314,315,316,317,318,319,321,,,,,,,,,,,,,,,,,,,,,,,,,,,,,,,,,,,,,,,,,,,,,,,,,,,,,,,,,,,,,,,,,,,,,,,,,,,,,,,,,,,,,,,,,,,,,,,,,,,,,,,,,,,,,,,,,,,,,,,,,,,,,,,,,,
bbv,47,0,11137,11137,11137,1436692,11138,11138,11138,11138,11138,11138,1425542,11137,11137,,,,,,,,,,,,,,,,,,,,,,,,,,,,,,,,,,,,,,,,,,,,,,,,,,,,,,,,,,,,,,,,,,,,,,,,,,,,,,,,,,,,,,,,,,,,,,,,,,,,,,,,,,,,,,,,,,,,,,,,,,,,,,,,,,
csv,47,0,99995460,99995490,99995493,99999750,99999752,99999755,99999773,99999779,99999802,99999816,100000032,99995448,99995451,,,,,,,,,,,,,,,,,,,,,,,,,,,,,,,,,,,,,,,,,,,,,,,,,,,,,,,,,,,,,,,,,,,,,,,,,,,,,,,,,,,,,,,,,,,,,,,,,,,,,,,,,,,,,,,,,,,,,,,,,,,,,,,,,,
bb_id,47,0,307,308,309,310,311,313,314,315,316,317,318,319,321,,,,,,,,,,,,,,,,,,,,,,,,,,,,,,,,,,,,,,,,,,,,,,,,,,,,,,,,,,,,,,,,,,,,,,,,,,,,,,,,,,,,,,,,,,,,,,,,,,,,,,,,,,,,,,,,,,,,,,,,,,,,,,,,,,
bbv,48,0,11137,11137,11137,1436673,11137,11137,11137,11137,11137,11137,1425561,11137,11137,,,,,,,,,,,,,,,,,,,,,,,,,,,,,,,,,,,,,,,,,,,,,,,,,,,,,,,,,,,,,,,,,,,,,,,,,,,,,,,,,,,,,,,,,,,,,,,,,,,,,,,,,,,,,,,,,,,,,,,,,,,,,,,,,,
csv,48,0,99994551,99994581,99994584,99998841,99998843,99998846,99998864,99998870,99998893,99998907,100000023,99994539,99994542,,,,,,,,,,,,,,,,,,,,,,,,,,,,,,,,,,,,,,,,,,,,,,,,,,,,,,,,,,,,,,,,,,,,,,,,,,,,,,,,,,,,,,,,,,,,,,,,,,,,,,,,,,,,,,,,,,,,,,,,,,,,,,,,,,
bb_id,48,0,307,308,309,310,311,313,314,315,316,317,318,319,321,,,,,,,,,,,,,,,,,,,,,,,,,,,,,,,,,,,,,,,,,,,,,,,,,,,,,,,,,,,,,,,,,,,,,,,,,,,,,,,,,,,,,,,,,,,,,,,,,,,,,,,,,,,,,,,,,,,,,,,,,,,,,,,,,,
bbv,49,0,11137,11137,11137,1436673,11137,11137,11137,11137,11137,11137,1425561,11137,11137,,,,,,,,,,,,,,,,,,,,,,,,,,,,,,,,,,,,,,,,,,,,,,,,,,,,,,,,,,,,,,,,,,,,,,,,,,,,,,,,,,,,,,,,,,,,,,,,,,,,,,,,,,,,,,,,,,,,,,,,,,,,,,,,,,
csv,49,0,99993651,99993681,99993684,99997941,99997943,99997946,99997964,99997970,99997993,99998007,100000023,99993639,99993642,,,,,,,,,,,,,,,,,,,,,,,,,,,,,,,,,,,,,,,,,,,,,,,,,,,,,,,,,,,,,,,,,,,,,,,,,,,,,,,,,,,,,,,,,,,,,,,,,,,,,,,,,,,,,,,,,,,,,,,,,,,,,,,,,,
bb_id,49,0,307,308,309,310,311,313,314,315,316,317,318,319,321,,,,,,,,,,,,,,,,,,,,,,,,,,,,,,,,,,,,,,,,,,,,,,,,,,,,,,,,,,,,,,,,,,,,,,,,,,,,,,,,,,,,,,,,,,,,,,,,,,,,,,,,,,,,,,,,,,,,,,,,,,,,,,,,,,
bbv,50,0,1,1,10828,10828,10828,1396812,10828,10828,10828,10828,10828,10828,1386056,10829,10829,1,1,1,248,248,248,247,247,247,247,63726,31664,,,,,,,,,,,,,,,,,,,,,,,,,,,,,,,,,,,,,,,,,,,,,,,,,,,,,,,,,,,,,,,,,,,,,,,,,,,,,,,,,,,,,,,,,,,,,,,,,,,,,,,,,,,,,,,,,,,,
csv,50,0,97227246,97227213,97218240,97218270,97218273,97222530,97222532,97222535,97222553,97222559,97222582,97222596,97227204,97227207,97227210,97227263,97227299,97227302,99998154,99998162,99998165,99991942,99991945,99991953,99998148,99998145,100000037,,,,,,,,,,,,,,,,,,,,,,,,,,,,,,,,,,,,,,,,,,,,,,,,,,,,,,,,,,,,,,,,,,,,,,,,,,,,,,,,,,,,,,,,,,,,,,,,,,,,,,,,,,,,,,,,,,,,
bb_id,50,0,190,306,307,308,309,310,311,313,314,315,316,317,318,319,321,324,329,330,338,339,340,341,343,344,345,346,347,,,,,,,,,,,,,,,,,,,,,,,,,,,,,,,,,,,,,,,,,,,,,,,,,,,,,,,,,,,,,,,,,,,,,,,,,,,,,,,,,,,,,,,,,,,,,,,,,,,,,,,,,,,,,,,,,,,,
bbv,51,0,1,1,1,1,1,1,1,1,1,1,1,258,258,258,66564,8,8,8,9,9,9,9,2322,1104,1,1,11251,11251,11251,1451379,11251,11251,11251,11251,11251,11251,1440110,11250,11250,,,,,,,,,,,,,,,,,,,,,,,,,,,,,,,,,,,,,,,,,,,,,,,,,,,,,,,,,,,,,,,,,,,,,,,,,,,,,,,,,,,,,,,,,,,,,,,,,,,,,,,,
csv,51,0,1700555,1700581,1700548,1700524,1700528,1700529,1700519,1700520,99087,99091,1700499,1694294,1694302,1700497,1700494,87861,87869,87872,92867,92870,92878,99073,99070,92864,1700640,1700658,99991917,99991947,99991950,99996207,99996209,99996212,99996233,99996239,99996274,99996287,100000027,99991905,99991908,,,,,,,,,,,,,,,,,,,,,,,,,,,,,,,,,,,,,,,,,,,,,,,,,,,,,,,,,,,,,,,,,,,,,,,,,,,,,,,,,,,,,,,,,,,,,,,,,,,,,,,,
bb_id,51,0,37,143,158,192,194,196,326,328,331,332,333,334,335,336,337,338,339,340,341,343,344,345,346,347,358,359,361,362,363,364,365,367,368,369,370,371,372,373,375,,,,,,,,,,,,,,,,,,,,,,,,,,,,,,,,,,,,,,,,,,,,,,,,,,,,,,,,,,,,,,,,,,,,,,,,,,,,,,,,,,,,,,,,,,,,,,,,,,,,,,,,
bbv,52,0,11446,11446,11446,1476534,11446,11446,11446,11446,11446,11446,1464980,11446,11446,,,,,,,,,,,,,,,,,,,,,,,,,,,,,,,,,,,,,,,,,,,,,,,,,,,,,,,,,,,,,,,,,,,,,,,,,,,,,,,,,,,,,,,,,,,,,,,,,,,,,,,,,,,,,,,,,,,,,,,,,,,,,,,,,,
csv,52,0,99995592,99995622,99995625,99999882,99999884,99999887,99999908,99999914,99999949,99999962,100000030,99995580,99995583,,,,,,,,,,,,,,,,,,,,,,,,,,,,,,,,,,,,,,,,,,,,,,,,,,,,,,,,,,,,,,,,,,,,,,,,,,,,,,,,,,,,,,,,,,,,,,,,,,,,,,,,,,,,,,,,,,,,,,,,,,,,,,,,,,
bb_id,52,0,361,362,363,364,365,367,368,369,370,371,372,373,375,,,,,,,,,,,,,,,,,,,,,,,,,,,,,,,,,,,,,,,,,,,,,,,,,,,,,,,,,,,,,,,,,,,,,,,,,,,,,,,,,,,,,,,,,,,,,,,,,,,,,,,,,,,,,,,,,,,,,,,,,,,,,,,,,,
bbv,53,0,11446,11446,11446,1476427,11445,11445,11445,11445,11445,11445,1465086,11446,11446,,,,,,,,,,,,,,,,,,,,,,,,,,,,,,,,,,,,,,,,,,,,,,,,,,,,,,,,,,,,,,,,,,,,,,,,,,,,,,,,,,,,,,,,,,,,,,,,,,,,,,,,,,,,,,,,,,,,,,,,,,,,,,,,,,
csv,53,0,99999264,99999294,99999297,100000023,99994819,99994822,99994843,99994849,99994884,99994897,99999249,99999252,99999255,,,,,,,,,,,,,,,,,,,,,,,,,,,,,,,,,,,,,,,,,,,,,,,,,,,,,,,,,,,,,,,,,,,,,,,,,,,,,,,,,,,,,,,,,,,,,,,,,,,,,,,,,,,,,,,,,,,,,,,,,,,,,,,,,,
bb_id,53,0,361,362,363,364,365,367,368,369,370,371,372,373,375,,,,,,,,,,,,,,,,,,,,,,,,,,,,,,,,,,,,,,,,,,,,,,,,,,,,,,,,,,,,,,,,,,,,,,,,,,,,,,,,,,,,,,,,,,,,,,,,,,,,,,,,,,,,,,,,,,,,,,,,,,,,,,,,,,
bbv,54,0,11445,11445,11445,1476512,11446,11446,11446,11446,11446,11446,1465002,11445,11445,,,,,,,,,,,,,,,,,,,,,,,,,,,,,,,,,,,,,,,,,,,,,,,,,,,,,,,,,,,,,,,,,,,,,,,,,,,,,,,,,,,,,,,,,,,,,,,,,,,,,,,,,,,,,,,,,,,,,,,,,,,,,,,,,,
csv,54,0,99994206,99994236,99994239,99998496,99998498,99998501,99998522,99998528,99998563,99998576,100000004,99994194,99994197,,,,,,,,,,,,,,,,,,,,,,,,,,,,,,,,,,,,,,,,,,,,,,,,,,,,,,,,,,,,,,,,,,,,,,,,,,,,,,,,,,,,,,,,,,,,,,,,,,,,,,,,,,,,,,,,,,,,,,,,,,,,,,,,,,
bb_id,54,0,361,362,363,364,365,367,368,369,370,371,372,373,375,,,,,,,,,,,,,,,,,,,,,,,,,,,,,,,,,,,,,,,,,,,,,,,,,,,,,,,,,,,,,,,,,,,,,,,,,,,,,,,,,,,,,,,,,,,,,,,,,,,,,,,,,,,,,,,,,,,,,,,,,,,,,,,,,,
bbv,55,0,11446,11446,11446,1476468,11445,11445,11445,11445,11445,11445,1465046,11446,11446,,,,,,,,,,,,,,,,,,,,,,,,,,,,,,,,,,,,,,,,,,,,,,,,,,,,,,,,,,,,,,,,,,,,,,,,,,,,,,,,,,,,,,,,,,,,,,,,,,,,,,,,,,,,,,,,,,,,,,,,,,,,,,,,,,
csv,55,0,99997904,99997934,99997937,100000016,99993459,99993462,99993483,99993489,99993524,99993537,99997889,99997892,99997895,,,,,,,,,,,,,,,,,,,,,,,,,,,,,,,,,,,,,,,,,,,,,,,,,,,,,,,,,,,,,,,,,,,,,,,,,,,,,,,,,,,,,,,,,,,,,,,,,,,,,,,,,,,,,,,,,,,,,,,,,,,,,,,,,,
bb_id,55,0,361,362,363,364,365,367,368,369,370,371,372,373,375,,,,,,,,,,,,,,,,,,,,,,,,,,,,,,,,,,,,,,,,,,,,,,,,,,,,,,,,,,,,,,,,,,,,,,,,,,,,,,,,,,,,,,,,,,,,,,,,,,,,,,,,,,,,,,,,,,,,,,,,,,,,,,,,,,
bbv,56,0,1,1,1,1,1,1,1,1,1,1,1,1,1,1,1,1,1,1,1,258,258,258,66564,256,256,256,256,256,256,256,66048,32768,1,1,1482,1482,1482,1482,1481,189627,191178,1,8502,8502,8502,1096824,8503,8503,8503,8503,8503,8503,1088384,8503,8503,,,,,,,,,,,,,,,,,,,,,,,,,,,,,,,,,,,,,,,,,,,,,,,,,,,,,,,,,,,,,,,,,,,,,,,,,,,,,,,,,,,,,,,,
csv,56,0,78761978,78761981,78761964,78761968,74288637,78761952,78761956,78761957,78761999,78762001,78762036,74288654,78761947,78761948,74288690,74288693,77160515,77160519,78761927,78755722,78755730,78761925,78761922,77149289,77149297,77149300,77154295,77154298,77154306,77160501,77160498,77154292,78762091,78762094,99990763,99990793,99995698,99995735,99990748,100000042,99995695,74288593,74279862,74279892,74279895,74284152,74284154,74284157,74284178,74284184,74284219,74284232,74288584,74288587,74288590,,,,,,,,,,,,,,,,,,,,,,,,,,,,,,,,,,,,,,,,,,,,,,,,,,,,,,,,,,,,,,,,,,,,,,,,,,,,,,,,,,,,,,,,
bb_id,56,0,33,35,40,42,145,147,149,151,152,153,179,324,326,328,329,330,331,332,333,334,335,336,337,338,339,340,341,343,344,345,346,347,348,349,351,352,353,354,355,356,357,360,361,362,363,364,365,367,368,369,370,371,372,373,375,,,,,,,,,,,,,,,,,,,,,,,,,,,,,,,,,,,,,,,,,,,,,,,,,,,,,,,,,,,,,,,,,,,,,,,,,,,,,,,,,,,,,,,,
bbv,57,0,6977,6977,6976,6976,6977,892997,899929,,,,,,,,,,,,,,,,,,,,,,,,,,,,,,,,,,,,,,,,,,,,,,,,,,,,,,,,,,,,,,,,,,,,,,,,,,,,,,,,,,,,,,,,,,,,,,,,,,,,,,,,,,,,,,,,,,,,,,,,,,,,,,,,,,,,,,,,
csv,57,0,99999039,99999069,99989640,99989677,99999024,99999021,100000019,,,,,,,,,,,,,,,,,,,,,,,,,,,,,,,,,,,,,,,,,,,,,,,,,,,,,,,,,,,,,,,,,,,,,,,,,,,,,,,,,,,,,,,,,,,,,,,,,,,,,,,,,,,,,,,,,,,,,,,,,,,,,,,,,,,,,,,,
bb_id,57,0,351,352,353,354,355,356,357,,,,,,,,,,,,,,,,,,,,,,,,,,,,,,,,,,,,,,,,,,,,,,,,,,,,,,,,,,,,,,,,,,,,,,,,,,,,,,,,,,,,,,,,,,,,,,,,,,,,,,,,,,,,,,,,,,,,,,,,,,,,,,,,,,,,,,,,
bbv,58,0,6976,6976,6977,6977,6976,892956,900008,,,,,,,,,,,,,,,,,,,,,,,,,,,,,,,,,,,,,,,,,,,,,,,,,,,,,,,,,,,,,,,,,,,,,,,,,,,,,,,,,,,,,,,,,,,,,,,,,,,,,,,,,,,,,,,,,,,,,,,,,,,,,,,,,,,,,,,,
csv,58,0,99993004,99993034,99997939,99997976,99992989,100000020,99997936,,,,,,,,,,,,,,,,,,,,,,,,,,,,,,,,,,,,,,,,,,,,,,,,,,,,,,,,,,,,,,,,,,,,,,,,,,,,,,,,,,,,,,,,,,,,,,,,,,,,,,,,,,,,,,,,,,,,,,,,,,,,,,,,,,,,,,,,
bb_id,58,0,351,352,353,354,355,356,357,,,,,,,,,,,,,,,,,,,,,,,,,,,,,,,,,,,,,,,,,,,,,,,,,,,,,,,,,,,,,,,,,,,,,,,,,,,,,,,,,,,,,,,,,,,,,,,,,,,,,,,,,,,,,,,,,,,,,,,,,,,,,,,,,,,,,,,,
bbv,59,0,7,7,7,22888,22888,22888,621292,22888,22872,22888,45744,5,5,5,5,5,7,1,1,5,6,7,7,7,7,6,6,6,6,6,6,6,5,5,5,5,5,6,6,5,3753,3753,3753,96192,3753,3753,3753,3349,3349,3349,89744,3349,3753,3753,3753,3638,3638,92056,3638,3753,3753,3753,3638,3638,92046,3637,3752,3752,3752,3637,3637,92024,3637,3752,3752,4518,4518,4519,9143,6,6,6,5460,5460,5460,155256,5460,5460,5460,5440,5440,5440,149760,5440,20,5460,72,18,18,18,18,18,18,18,18,540,540,540,34848,504,504,504,504,504,504,504,33768,16380,6,6,7,6409,6409,6409,6409,6410,421164,427473,5,5,5,5456,5456,5456,155248,5456,5456,5456,5440,5440,5456,5456,299584
csv,59,0,82772912,82772914,88366817,88366487,88366504,88366507,88366795,88366797,88366799,88366814,88366811,57655279,72548459,72837518,72837522,72837523,49079175,49081777,49081785,82772879,49076757,49078259,49079142,49079146,49079147,72837546,82483723,82772782,82772786,82772787,88366865,88366874,57655242,57655245,57655248,57655252,57655253,88366920,88366939,57655213,99996283,99996303,99996306,99997098,99997100,99997103,99997126,99997152,99997176,99997180,99998172,99998174,99998176,99998207,99998222,99998247,99998251,99999243,99999245,99999247,99999278,99999293,99999318,99999322,100000004,99995168,99995170,99995201,99995216,99995241,99995245,99996237,99996239,99996241,99996271,99996268,99995197,99999274,99998203,72837597,72837607,82483690,82481341,82481371,82481374,82482463,82482465,82482468,82482486,82482492,82482515,82482529,82483681,82483684,49101082,82483687,49101246,82483740,82772777,82772778,82483776,82483779,82667217,82667221,82772757,82771160,82771168,82772755,82772752,82664343,82664351,82664354,82665605,82665608,82665616,82667203,82667200,82665602,49076812,49076815,49078210,49077874,49077904,49078021,49078058,49078207,49078204,49078018,57655338,57655356,72548415,72544785,72544815,72544818,72545907,72545909,72545912,72545933,72545939,72545974,72545977,72548412,72548409
bb_id,59,0,106,107,108,109,110,111,112,113,114,115,116,143,145,147,149,151,154,155,156,157,179,181,183,185,187,188,190,192,194,196,197,199,200,202,204,206,208,209,210,211,212,213,214,215,216,218,219,220,221,222,223,224,225,226,227,228,229,230,231,232,233,234,235,236,237,238,239,240,241,242,243,244,245,246,247,248,249,250,251,304,305,306,307,308,309,310,311,313,314,315,316,317,318,319,320,321,322,324,326,328,329,330,331,332,333,334,335,336,337,338,339,340,341,343,344,345,346,347,348,349,350,351,352,353,354,355,356,357,358,359,360,361,362,363,364,365,367,368,369,370,374,375,376
bbv,60,0,1,1,1,1,1,1,1,1965,1965,1965,64845,1965,1965,1965,1965,1965,1965,62880,1965,1965,1965,1965,1965,1965,62880,1965,1965,1965,1965,1965,1965,62890,1966,1966,1966,1966,1966,1966,62912,1966,1966,1966,1966,1966,1965,1965,1,1,12617,12617,12617,820105,12617,12617,12617,12617,12617,12617,12616,1614953,,,,,,,,,,,,,,,,,,,,,,,,,,,,,,,,,,,,,,,,,,,,,,,,,,,,,,,,,,,,,,,,,,,,,,,,,,,,,,,,,,,
csv,60,0,10117304,10117267,10117270,10117273,10117277,10117278,10117238,10112099,10112119,10112122,10112914,10112916,10112919,10112942,10112968,10112992,10112996,10113988,10113990,10113992,10114023,10114038,10114063,10114067,10115059,10115061,10115063,10115094,10115109,10115134,10115138,10116130,10116132,10116134,10116165,10116180,10116205,10116209,10117201,10117203,10117205,10117235,10117232,10116161,10115090,10114019,10117363,10117381,99993774,99993804,99993807,99995952,99995954,99995957,99995978,99995984,99996019,99996022,99993765,100000012,,,,,,,,,,,,,,,,,,,,,,,,,,,,,,,,,,,,,,,,,,,,,,,,,,,,,,,,,,,,,,,,,,,,,,,,,,,,,,,,,,,
bb_id,60,0,143,200,202,204,206,208,211,212,213,214,215,216,218,219,220,221,222,223,224,225,226,227,228,229,230,231,232,233,234,235,236,237,238,239,240,241,242,243,244,245,246,247,248,249,250,251,358,359,361,362,363,364,365,367,368,369,370,374,375,376,,,,,,,,,,,,,,,,,,,,,,,,,,,,,,,,,,,,,,,,,,,,,,,,,,,,,,,,,,,,,,,,,,,,,,,,,,,,,,,,,,,
bbv,61,0,1,1,1,1,1,1,1,15787,15787,15787,1026105,15786,15786,15786,15786,15786,15786,1010304,15786,15786,1,1,1,1,1,1,1,1,130,130,130,16900,128,128,128,128,128,128,128,16640,8192,1,3767,3767,3767,244855,3767,3767,3767,3767,3767,3767,3768,482199,,,,,,,,,,,,,,,,,,,,,,,,,,,,,,,,,,,,,,,,,,,,,,,,,,,,,,,,,,,,,,,,,,,,,,,,,,,,,,,,,,,,,,,,,
csv,61,0,26837032,27967883,27967887,27967888,27967911,27967962,27967972,99999499,99999529,99999532,100000027,99997116,99997119,99997137,99997143,99997166,99997180,99999484,99999487,99999490,26837049,27967878,27967879,26837085,26837088,27560302,27560306,27967858,27964725,27964733,27967856,27967853,27554644,27554652,27554655,27557154,27557157,27557165,27560288,27560285,27557151,26836988,26829870,26829900,26829903,26832048,26832050,26832053,26832074,26832080,26832115,26832118,26836985,26836982,,,,,,,,,,,,,,,,,,,,,,,,,,,,,,,,,,,,,,,,,,,,,,,,,,,,,,,,,,,,,,,,,,,,,,,,,,,,,,,,,,,,,,,,,
bb_id,61,0,145,147,149,151,188,304,305,307,308,309,310,311,313,314,315,316,317,318,319,321,324,326,328,329,330,331,332,333,334,335,336,337,338,339,340,341,343,344,345,346,347,360,361,362,363,364,365,367,368,369,370,374,375,376,,,,,,,,,,,,,,,,,,,,,,,,,,,,,,,,,,,,,,,,,,,,,,,,,,,,,,,,,,,,,,,,,,,,,,,,,,,,,,,,,,,,,,,,,
bbv,62,0,1,1,1,1,1,1,1,1,1,9727,9727,9727,632255,9727,9727,9727,9727,9727,9727,622528,9727,9727,9727,9727,9727,9727,622528,9727,9727,9727,9727,9727,9727,622528,9727,9727,9727,9727,9727,9727,622500,9726,9726,9726,9726,9727,9727,9727,1,597,597,597,38855,598,598,598,598,598,598,38272,598,598,1,1,1,1,1,1,1,1,130,130,130,16900,128,128,128,128,128,128,128,16640,8192,,,,,,,,,,,,,,,,,,,,,,,,,,,,,,,,,,,,,,,,,,,,,,,,,,,,,,,,,,,,
csv,62,0,3859121,2728173,3859024,3859028,3859029,3859169,3859178,3859224,3859243,99991039,99991059,99991062,99992622,99992624,99992627,99992650,99992676,99992700,99992704,99994688,99994690,99994692,99994723,99994738,99994763,99994767,99996751,99996753,99996755,99996786,99996801,99996826,99996830,99998814,99998816,99998818,99998849,99998864,99998889,99998893,100000009,99990995,99990997,99991027,99991024,99998845,99996782,99994719,2728140,2723583,2723613,2723616,2725761,2725763,2725766,2725784,2725790,2725813,2725827,2728131,2728134,2728137,2728190,3859019,3859020,2728226,2728229,3451443,3451447,3858999,3855866,3855874,3858997,3858994,3445785,3445793,3445796,3448295,3448298,3448306,3451429,3451426,3448292,,,,,,,,,,,,,,,,,,,,,,,,,,,,,,,,,,,,,,,,,,,,,,,,,,,,,,,,,,,,
bb_id,62,0,157,190,192,194,196,197,199,209,210,212,213,214,215,216,218,219,220,221,222,223,224,225,226,227,228,229,230,231,232,233,234,235,236,237,238,239,240,241,242,243,244,245,246,247,248,249,250,251,306,307,308,309,310,311,313,314,315,316,317,318,319,321,324,326,328,329,330,331,332,333,334,335,336,337,338,339,340,341,343,344,345,346,347,,,,,,,,,,,,,,,,,,,,,,,,,,,,,,,,,,,,,,,,,,,,,,,,,,,,,,,,,,,,
bbv,63,0,1,1,1,1,1,1,1,6914,6914,6914,449410,6914,6914,6914,6914,6914,6914,442496,6914,6914,6914,6914,6914,6914,442496,6914,6914,6914,6914,6914,6914,442496,6914,6914,6914,6914,6914,6914,442524,6915,6915,6915,6915,6914,6914,6914,1,1,3624,3624,3624,467496,3624,3624,3624,3624,3624,3624,463816,3623,3623,,,,,,,,,,,,,,,,,,,,,,,,,,,,,,,,,,,,,,,,,,,,,,,,,,,,,,,,,,,,,,,,,,,,,,,,,,,,,,,,,,
csv,63,0,68338947,68338910,68338913,68338916,68338920,68338921,68338881,68329006,68329026,68329029,68330589,68330591,68330594,68330617,68330643,68330667,68330671,68332655,68332657,68332659,68332690,68332705,68332730,68332734,68334718,68334720,68334722,68334753,68334768,68334793,68334797,68336781,68336783,68336785,68336816,68336831,68336856,68336860,68338844,68338846,68338848,68338878,68338875,68336812,68334749,68332686,68339006,68339024,99993184,99993214,99993217,99997474,99997476,99997479,99997500,99997506,99997541,99997554,100000002,99993172,99993175,,,,,,,,,,,,,,,,,,,,,,,,,,,,,,,,,,,,,,,,,,,,,,,,,,,,,,,,,,,,,,,,,,,,,,,,,,,,,,,,,,
bb_id,63,0,143,200,202,204,206,208,211,212,213,214,215,216,218,219,220,221,222,223,224,225,226,227,228,229,230,231,232,233,234,235,236,237,238,239,240,241,242,243,244,245,246,247,248,249,250,251,358,359,361,362,363,364,365,367,368,369,370,371,372,373,375,,,,,,,,,,,,,,,,,,,,,,,,,,,,,,,,,,,,,,,,,,,,,,,,,,,,,,,,,,,,,,,,,,,,,,,,,,,,,,,,,,
bbv,64,0,11446,11446,11446,1476499,11445,11445,11445,11445,11445,11445,1465016,11446,11446,,,,,,,,,,,,,,,,,,,,,,,,,,,,,,,,,,,,,,,,,,,,,,,,,,,,,,,,,,,,,,,,,,,,,,,,,,,,,,,,,,,,,,,,,,,,,,,,,,,,,,,,,,,,,,,,,,,,,,,,,,,,,,,,,,
csv,64,0,99996884,99996914,99996917,100000019,99992439,99992442,99992463,99992469,99992504,99992517,99996869,99996872,99996875,,,,,,,,,,,,,,,,,,,,,,,,,,,,,,,,,,,,,,,,,,,,,,,,,,,,,,,,,,,,,,,,,,,,,,,,,,,,,,,,,,,,,,,,,,,,,,,,,,,,,,,,,,,,,,,,,,,,,,,,,,,,,,,,,,
bb_id,64,0,361,362,363,364,365,367,368,369,370,371,372,373,375,,,,,,,,,,,,,,,,,,,,,,,,,,,,,,,,,,,,,,,,,,,,,,,,,,,,,,,,,,,,,,,,,,,,,,,,,,,,,,,,,,,,,,,,,,,,,,,,,,,,,,,,,,,,,,,,,,,,,,,,,,,,,,,,,,
bbv,65,0,11445,11445,11445,1476440,11446,11446,11446,11446,11446,11446,1465072,11445,11445,,,,,,,,,,,,,,,,,,,,,,,,,,,,,,,,,,,,,,,,,,,,,,,,,,,,,,,,,,,,,,,,,,,,,,,,,,,,,,,,,,,,,,,,,,,,,,,,,,,,,,,,,,,,,,,,,,,,,,,,,,,,,,,,,,
csv,65,0,99991830,99991860,99991863,99996120,99996122,99996125,99996146,99996152,99996187,99996200,100000008,99991818,99991821,,,,,,,,,,,,,,,,,,,,,,,,,,,,,,,,,,,,,,,,,,,,,,,,,,,,,,,,,,,,,,,,,,,,,,,,,,,,,,,,,,,,,,,,,,,,,,,,,,,,,,,,,,,,,,,,,,,,,,,,,,,,,,,,,,
bb_id,65,0,361,362,363,364,365,367,368,369,370,371,372,373,375,,,,,,,,,,,,,,,,,,,,,,,,,,,,,,,,,,,,,,,,,,,,,,,,,,,,,,,,,,,,,,,,,,,,,,,,,,,,,,,,,,,,,,,,,,,,,,,,,,,,,,,,,,,,,,,,,,,,,,,,,,,,,,,,,,
bbv,66,0,11446,11446,11446,1476534,11446,11446,11446,11446,11446,11446,1464980,11446,11446,,,,,,,,,,,,,,,,,,,,,,,,,,,,,,,,,,,,,,,,,,,,,,,,,,,,,,,,,,,,,,,,,,,,,,,,,,,,,,,,,,,,,,,,,,,,,,,,,,,,,,,,,,,,,,,,,,,,,,,,,,,,,,,,,,
csv,66,0,99995524,99995554,99995557,99999814,99999816,99999819,99999840,99999846,99999881,99999894,100000030,99995512,99995515,,,,,,,,,,,,,,,,,,,,,,,,,,,,,,,,,,,,,,,,,,,,,,,,,,,,,,,,,,,,,,,,,,,,,,,,,,,,,,,,,,,,,,,,,,,,,,,,,,,,,,,,,,,,,,,,,,,,,,,,,,,,,,,,,,
bb_id,66,0,361,362,363,364,365,367,368,369,370,371,372,373,375,,,,,,,,,,,,,,,,,,,,,,,,,,,,,,,,,,,,,,,,,,,,,,,,,,,,,,,,,,,,,,,,,,,,,,,,,,,,,,,,,,,,,,,,,,,,,,,,,,,,,,,,,,,,,,,,,,,,,,,,,,,,,,,,,,
bbv,67,0,11446,11446,11446,1476429,11445,11445,11445,11445,11445,11445,1465084,11446,11446,,,,,,,,,,,,,,,,,,,,,,,,,,,,,,,,,,,,,,,,,,,,,,,,,,,,,,,,,,,,,,,,,,,,,,,,,,,,,,,,,,,,,,,,,,,,,,,,,,,,,,,,,,,,,,,,,,,,,,,,,,,,,,,,,,
csv,67,0,99999196,99999226,99999229,100000021,99994751,99994754,99994775,99994781,99994816,99994829,99999181,99999184,99999187,,,,,,,,,,,,,,,,,,,,,,,,,,,,,,,,,,,,,,,,,,,,,,,,,,,,,,,,,,,,,,,,,,,,,,,,,,,,,,,,,,,,,,,,,,,,,,,,,,,,,,,,,,,,,,,,,,,,,,,,,,,,,,,,,,
bb_id,67,0,361,362,363,364,365,367,368,369,370,371,372,373,375,,,,,,,,,,,,,,,,,,,,,,,,,,,,,,,,,,,,,,,,,,,,,,,,,,,,,,,,,,,,,,,,,,,,,,,,,,,,,,,,,,,,,,,,,,,,,,,,,,,,,,,,,,,,,,,,,,,,,,,,,,,,,,,,,,
bbv,68,0,11445,11445,11445,1476510,11446,11446,11446,11446,11446,11446,1465004,11445,11445,,,,,,,,,,,,,,,,,,,,,,,,,,,,,,,,,,,,,,,,,,,,,,,,,,,,,,,,,,,,,,,,,,,,,,,,,,,,,,,,,,,,,,,,,,,,,,,,,,,,,,,,,,,,,,,,,,,,,,,,,,,,,,,,,,
csv,68,0,99994140,99994170,99994173,99998430,99998432,99998435,99998456,99998462,99998497,99998510,100000006,99994128,99994131,,,,,,,,,,,,,,,,,,,,,,,,,,,,,,,,,,,,,,,,,,,,,,,,,,,,,,,,,,,,,,,,,,,,,,,,,,,,,,,,,,,,,,,,,,,,,,,,,,,,,,,,,,,,,,,,,,,,,,,,,,,,,,,,,,
bb_id,68,0,361,362,363,364,365,367,368,369,370,371,372,373,375,,,,,,,,,,,,,,,,,,,,,,,,,,,,,,,,,,,,,,,,,,,,,,,,,,,,,,,,,,,,,,,,,,,,,,,,,,,,,,,,,,,,,,,,,,,,,,,,,,,,,,,,,,,,,,,,,,,,,,,,,,,,,,,,,,
bbv,69,0,1,1,1,1,1,1,1,6081,6081,6081,784449,6081,6081,6081,6081,6081,6081,778321,6080,6080,1,1,1,1,1,1,1,1,258,258,258,66564,256,256,256,256,256,256,256,66048,32768,1,4684,4684,4684,604236,4684,4684,4684,4684,4684,4684,599636,4685,4685,,,,,,,,,,,,,,,,,,,,,,,,,,,,,,,,,,,,,,,,,,,,,,,,,,,,,,,,,,,,,,,,,,,,,,,,,,,,,,,,,,,,,,,,
csv,69,0,40927017,45400332,45400336,45400337,45400360,45400411,45400421,99992750,99992780,99992783,99997040,99997042,99997045,99997063,99997069,99997092,99997106,100000022,99992738,99992741,40927034,45400327,45400328,40927070,40927073,43798895,43798899,45400307,45394102,45394110,45400305,45400302,43787669,43787677,43787680,43792675,43792678,43792686,43798881,43798878,43792672,40926973,40918242,40918272,40918275,40922532,40922534,40922537,40922558,40922564,40922599,40922612,40926964,40926967,40926970,,,,,,,,,,,,,,,,,,,,,,,,,,,,,,,,,,,,,,,,,,,,,,,,,,,,,,,,,,,,,,,,,,,,,,,,,,,,,,,,,,,,,,,,
bb_id,69,0,145,147,149,151,188,304,305,307,308,309,310,311,313,314,315,316,317,318,319,321,324,326,328,329,330,331,332,333,334,335,336,337,338,339,340,341,343,344,345,346,347,360,361,362,363,364,365,367,368,369,370,371,372,373,375,,,,,,,,,,,,,,,,,,,,,,,,,,,,,,,,,,,,,,,,,,,,,,,,,,,,,,,,,,,,,,,,,,,,,,,,,,,,,,,,,,,,,,,,
bbv,70,0,11137,11137,11137,1436673,11137,11137,11137,11137,11137,11137,1425561,11137,11137,,,,,,,,,,,,,,,,,,,,,,,,,,,,,,,,,,,,,,,,,,,,,,,,,,,,,,,,,,,,,,,,,,,,,,,,,,,,,,,,,,,,,,,,,,,,,,,,,,,,,,,,,,,,,,,,,,,,,,,,,,,,,,,,,,
csv,70,0,99991851,99991881,99991884,99996141,99996143,99996146,99996164,99996170,99996193,99996207,100000023,99991839,99991842,,,,,,,,,,,,,,,,,,,,,,,,,,,,,,,,,,,,,,,,,,,,,,,,,,,,,,,,,,,,,,,,,,,,,,,,,,,,,,,,,,,,,,,,,,,,,,,,,,,,,,,,,,,,,,,,,,,,,,,,,,,,,,,,,,
bb_id,70,0,307,308,309,310,311,313,314,315,316,317,318,319,321,,,,,,,,,,,,,,,,,,,,,,,,,,,,,,,,,,,,,,,,,,,,,,,,,,,,,,,,,,,,,,,,,,,,,,,,,,,,,,,,,,,,,,,,,,,,,,,,,,,,,,,,,,,,,,,,,,,,,,,,,,,,,,,,,,
bbv,71,0,11138,11138,11138,1436675,11137,11137,11137,11137,11137,11137,1425558,11138,11138,,,,,,,,,,,,,,,,,,,,,,,,,,,,,,,,,,,,,,,,,,,,,,,,,,,,,,,,,,,,,,,,,,,,,,,,,,,,,,,,,,,,,,,,,,,,,,,,,,,,,,,,,,,,,,,,,,,,,,,,,,,,,,,,,,
csv,71,0,99999930,99999960,99999963,100000029,99995243,99995246,99995264,99995270,99995293,99995307,99999915,99999918,99999921,,,,,,,,,,,,,,,,,,,,,,,,,,,,,,,,,,,,,,,,,,,,,,,,,,,,,,,,,,,,,,,,,,,,,,,,,,,,,,,,,,,,,,,,,,,,,,,,,,,,,,,,,,,,,,,,,,,,,,,,,,,,,,,,,,
bb_id,71,0,307,308,309,310,311,313,314,315,316,317,318,319,321,,,,,,,,,,,,,,,,,,,,,,,,,,,,,,,,,,,,,,,,,,,,,,,,,,,,,,,,,,,,,,,,,,,,,,,,,,,,,,,,,,,,,,,,,,,,,,,,,,,,,,,,,,,,,,,,,,,,,,,,,,,,,,,,,,
bbv,72,0,11137,11137,11137,1436700,11137,11137,11137,11137,11137,11137,1425536,11137,11137,,,,,,,,,,,,,,,,,,,,,,,,,,,,,,,,,,,,,,,,,,,,,,,,,,,,,,,,,,,,,,,,,,,,,,,,,,,,,,,,,,,,,,,,,,,,,,,,,,,,,,,,,,,,,,,,,,,,,,,,,,,,,,,,,,
csv,72,0,99999024,99999054,99999057,100000014,99994337,99994340,99994358,99994364,99994387,99994401,99999009,99999012,99999015,,,,,,,,,,,,,,,,,,,,,,,,,,,,,,,,,,,,,,,,,,,,,,,,,,,,,,,,,,,,,,,,,,,,,,,,,,,,,,,,,,,,,,,,,,,,,,,,,,,,,,,,,,,,,,,,,,,,,,,,,,,,,,,,,,
bb_id,72,0,307,308,309,310,311,313,314,315,316,317,318,319,321,,,,,,,,,,,,,,,,,,,,,,,,,,,,,,,,,,,,,,,,,,,,,,,,,,,,,,,,,,,,,,,,,,,,,,,,,,,,,,,,,,,,,,,,,,,,,,,,,,,,,,,,,,,,,,,,,,,,,,,,,,,,,,,,,,
bbv,73,0,11137,11137,11137,1436700,11137,11137,11137,11137,11137,11137,1425536,11137,11137,,,,,,,,,,,,,,,,,,,,,,,,,,,,,,,,,,,,,,,,,,,,,,,,,,,,,,,,,,,,,,,,,,,,,,,,,,,,,,,,,,,,,,,,,,,,,,,,,,,,,,,,,,,,,,,,,,,,,,,,,,,,,,,,,,
csv,73,0,99998133,99998163,99998166,100000014,99993446,99993449,99993467,99993473,99993496,99993510,99998118,99998121,99998124,,,,,,,,,,,,,,,,,,,,,,,,,,,,,,,,,,,,,,,,,,,,,,,,,,,,,,,,,,,,,,,,,,,,,,,,,,,,,,,,,,,,,,,,,,,,,,,,,,,,,,,,,,,,,,,,,,,,,,,,,,,,,,,,,,
bb_id,73,0,307,308,309,310,311,313,314,315,316,317,318,319,321,,,,,,,,,,,,,,,,,,,,,,,,,,,,,,,,,,,,,,,,,,,,,,,,,,,,,,,,,,,,,,,,,,,,,,,,,,,,,,,,,,,,,,,,,,,,,,,,,,,,,,,,,,,,,,,,,,,,,,,,,,,,,,,,,,
bbv,74,0,11137,11137,11137,1436700,11137,11137,11137,11137,11137,11137,1425536,11137,11137,,,,,,,,,,,,,,,,,,,,,,,,,,,,,,,,,,,,,,,,,,,,,,,,,,,,,,,,,,,,,,,,,,,,,,,,,,,,,,,,,,,,,,,,,,,,,,,,,,,,,,,,,,,,,,,,,,,,,,,,,,,,,,,,,,
csv,74,0,99997242,99997272,99997275,100000014,99992555,99992558,99992576,99992582,99992605,99992619,99997227,99997230,99997233,,,,,,,,,,,,,,,,,,,,,,,,,,,,,,,,,,,,,,,,,,,,,,,,,,,,,,,,,,,,,,,,,,,,,,,,,,,,,,,,,,,,,,,,,,,,,,,,,,,,,,,,,,,,,,,,,,,,,,,,,,,,,,,,,,
bb_id,74,0,307,308,309,310,311,313,314,315,316,317,318,319,321,,,,,,,,,,,,,,,,,,,,,,,,,,,,,,,,,,,,,,,,,,,,,,,,,,,,,,,,,,,,,,,,,,,,,,,,,,,,,,,,,,,,,,,,,,,,,,,,,,,,,,,,,,,,,,,,,,,,,,,,,,,,,,,,,,
bbv,75,0,1,1,1,1,1,1,1,1,3769,3769,3769,486247,3770,3770,3770,3770,3770,3770,482560,3770,3770,1,1,1,1,1,1,1,1,258,258,258,66564,256,256,256,256,256,256,256,66048,32768,1,1,7060,7060,7060,910731,7059,7059,7059,7059,7059,7059,903552,7059,7059,,,,,,,,,,,,,,,,,,,,,,,,,,,,,,,,,,,,,,,,,,,,,,,,,,,,,,,,,,,,,,,,,,,,,,,,,,,,,,,,,,,,,,
csv,75,0,38321431,38321457,38321424,33848085,38321400,38321404,38321405,33848052,33839079,33839109,33839112,33843369,33843371,33843374,33843392,33843398,33843421,33843435,33848043,33848046,33848049,33848102,38321395,38321396,33848138,33848141,36719963,36719967,38321375,38315170,38315178,38321373,38321370,36708737,36708745,36708748,36713743,36713746,36713754,36719949,36719946,36713740,38321516,38321534,99996026,99996056,99996059,100000019,99991581,99991584,99991605,99991611,99991646,99991659,99996011,99996014,99996017,,,,,,,,,,,,,,,,,,,,,,,,,,,,,,,,,,,,,,,,,,,,,,,,,,,,,,,,,,,,,,,,,,,,,,,,,,,,,,,,,,,,,,
bb_id,75,0,37,143,158,190,192,194,196,306,307,308,309,310,311,313,314,315,316,317,318,319,321,324,326,328,329,330,331,332,333,334,335,336,337,338,339,340,341,343,344,345,346,347,358,359,361,362,363,364,365,367,368,369,370,371,372,373,375,,,,,,,,,,,,,,,,,,,,,,,,,,,,,,,,,,,,,,,,,,,,,,,,,,,,,,,,,,,,,,,,,,,,,,,,,,,,,,,,,,,,,,
bbv,76,0,11446,11446,11446,1476422,11446,11446,11446,11446,11446,11446,1465088,11446,11446,,,,,,,,,,,,,,,,,,,,,,,,,,,,,,,,,,,,,,,,,,,,,,,,,,,,,,,,,,,,,,,,,,,,,,,,,,,,,,,,,,,,,,,,,,,,,,,,,,,,,,,,,,,,,,,,,,,,,,,,,,,,,,,,,,
csv,76,0,99999709,99999739,99999742,100000006,99995264,99995267,99995288,99995294,99995329,99995342,99999694,99999697,99999700,,,,,,,,,,,,,,,,,,,,,,,,,,,,,,,,,,,,,,,,,,,,,,,,,,,,,,,,,,,,,,,,,,,,,,,,,,,,,,,,,,,,,,,,,,,,,,,,,,,,,,,,,,,,,,,,,,,,,,,,,,,,,,,,,,
bb_id,76,0,361,362,363,364,365,367,368,369,370,371,372,373,375,,,,,,,,,,,,,,,,,,,,,,,,,,,,,,,,,,,,,,,,,,,,,,,,,,,,,,,,,,,,,,,,,,,,,,,,,,,,,,,,,,,,,,,,,,,,,,,,,,,,,,,,,,,,,,,,,,,,,,,,,,,,,,,,,,
bbv,77,0,11445,11445,11445,1476526,11446,11446,11446,11446,11446,11446,1464989,11445,11445,,,,,,,,,,,,,,,,,,,,,,,,,,,,,,,,,,,,,,,,,,,,,,,,,,,,,,,,,,,,,,,,,,,,,,,,,,,,,,,,,,,,,,,,,,,,,,,,,,,,,,,,,,,,,,,,,,,,,,,,,,,,,,,,,,
csv,77,0,99994668,99994698,99994701,99998958,99998960,99998963,99998984,99998990,99999025,99999038,100000024,99994656,99994659,,,,,,,,,,,,,,,,,,,,,,,,,,,,,,,,,,,,,,,,,,,,,,,,,,,,,,,,,,,,,,,,,,,,,,,,,,,,,,,,,,,,,,,,,,,,,,,,,,,,,,,,,,,,,,,,,,,,,,,,,,,,,,,,,,
bb_id,77,0,361,362,363,364,365,367,368,369,370,371,372,373,375,,,,,,,,,,,,,,,,,,,,,,,,,,,,,,,,,,,,,,,,,,,,,,,,,,,,,,,,,,,,,,,,,,,,,,,,,,,,,,,,,,,,,,,,,,,,,,,,,,,,,,,,,,,,,,,,,,,,,,,,,,,,,,,,,,
bbv,78,0,11446,11446,11446,1476455,11445,11445,11445,11445,11445,11445,1465059,11446,11446,,,,,,,,,,,,,,,,,,,,,,,,,,,,,,,,,,,,,,,,,,,,,,,,,,,,,,,,,,,,,,,,,,,,,,,,,,,,,,,,,,,,,,,,,,,,,,,,,,,,,,,,,,,,,,,,,,,,,,,,,,,,,,,,,,
csv,78,0,99998346,99998376,99998379,100000029,99993901,99993904,99993925,99993931,99993966,99993979,99998331,99998334,99998337,,,,,,,,,,,,,,,,,,,,,,,,,,,,,,,,,,,,,,,,,,,,,,,,,,,,,,,,,,,,,,,,,,,,,,,,,,,,,,,,,,,,,,,,,,,,,,,,,,,,,,,,,,,,,,,,,,,,,,,,,,,,,,,,,,
bb_id,78,0,361,362,363,364,365,367,368,369,370,371,372,373,375,,,,,,,,,,,,,,,,,,,,,,,,,,,,,,,,,,,,,,,,,,,,,,,,,,,,,,,,,,,,,,,,,,,,,,,,,,,,,,,,,,,,,,,,,,,,,,,,,,,,,,,,,,,,,,,,,,,,,,,,,,,,,,,,,,
bbv,79,0,11445,11445,11445,1476484,11446,11446,11446,11446,11446,11446,1465030,11445,11445,,,,,,,,,,,,,,,,,,,,,,,,,,,,,,,,,,,,,,,,,,,,,,,,,,,,,,,,,,,,,,,,,,,,,,,,,,,,,,,,,,,,,,,,,,,,,,,,,,,,,,,,,,,,,,,,,,,,,,,,,,,,,,,,,,
csv,79,0,99993282,99993312,99993315,99997572,99997574,99997577,99997598,99997604,99997639,99997652,100000032,99993270,99993273,,,,,,,,,,,,,,,,,,,,,,,,,,,,,,,,,,,,,,,,,,,,,,,,,,,,,,,,,,,,,,,,,,,,,,,,,,,,,,,,,,,,,,,,,,,,,,,,,,,,,,,,,,,,,,,,,,,,,,,,,,,,,,,,,,
bb_id,79,0,361,362,363,364,365,367,368,369,370,371,372,373,375,,,,,,,,,,,,,,,,,,,,,,,,,,,,,,,,,,,,,,,,,,,,,,,,,,,,,,,,,,,,,,,,,,,,,,,,,,,,,,,,,,,,,,,,,,,,,,,,,,,,,,,,,,,,,,,,,,,,,,,,,,,,,,,,,,
bbv,80,0,11446,11446,11446,1476497,11445,11445,11445,11445,11445,11445,1465018,11446,11446,,,,,,,,,,,,,,,,,,,,,,,,,,,,,,,,,,,,,,,,,,,,,,,,,,,,,,,,,,,,,,,,,,,,,,,,,,,,,,,,,,,,,,,,,,,,,,,,,,,,,,,,,,,,,,,,,,,,,,,,,,,,,,,,,,
csv,80,0,99996952,99996982,99996985,100000021,99992507,99992510,99992531,99992537,99992572,99992585,99996937,99996940,99996943,,,,,,,,,,,,,,,,,,,,,,,,,,,,,,,,,,,,,,,,,,,,,,,,,,,,,,,,,,,,,,,,,,,,,,,,,,,,,,,,,,,,,,,,,,,,,,,,,,,,,,,,,,,,,,,,,,,,,,,,,,,,,,,,,,
bb_id,80,0,361,362,363,364,365,367,368,369,370,371,372,373,375,,,,,,,,,,,,,,,,,,,,,,,,,,,,,,,,,,,,,,,,,,,,,,,,,,,,,,,,,,,,,,,,,,,,,,,,,,,,,,,,,,,,,,,,,,,,,,,,,,,,,,,,,,,,,,,,,,,,,,,,,,,,,,,,,,
bbv,81,0,1,1,1,1,1,1,1,1,1,1,1,1,1,1,1,1,1,1,1,1,258,258,258,66564,256,256,256,256,256,256,256,66048,32768,1,1,5904,5904,5903,5903,5903,755584,761577,1,1248,1248,1248,161029,1249,1249,1249,1249,1249,1249,159872,1249,1249,,,,,,,,,,,,,,,,,,,,,,,,,,,,,,,,,,,,,,,,,,,,,,,,,,,,,,,,,,,,,,,,,,,,,,,,,,,,,,,,,,,,,,,
csv,81,0,15382823,15382827,15382830,15382809,15382813,10909482,15382797,15382801,15382802,15382848,15382850,15382885,10909499,15382792,15382793,10909535,10909538,13781360,13781364,15382772,15376567,15376575,15382770,15382767,13770134,13770142,13770145,13775140,13775143,13775151,13781346,13781343,13775137,15382940,15382943,99996560,99996590,99987161,99987198,99996545,99996542,100000010,10909438,10900707,10900737,10900740,10904997,10904999,10905002,10905023,10905029,10905064,10905077,10909429,10909432,10909435,,,,,,,,,,,,,,,,,,,,,,,,,,,,,,,,,,,,,,,,,,,,,,,,,,,,,,,,,,,,,,,,,,,,,,,,,,,,,,,,,,,,,,,
bb_id,81,0,33,34,35,40,42,145,147,149,151,152,153,179,324,326,328,329,330,331,332,333,334,335,336,337,338,339,340,341,343,344,345,346,347,348,349,351,352,353,354,355,356,357,360,361,362,363,364,365,367,368,369,370,371,372,373,375,,,,,,,,,,,,,,,,,,,,,,,,,,,,,,,,,,,,,,,,,,,,,,,,,,,,,,,,,,,,,,,,,,,,,,,,,,,,,,,,,,,,,,,
bbv,82,0,6976,6976,6977,6977,6976,892990,899943,,,,,,,,,,,,,,,,,,,,,,,,,,,,,,,,,,,,,,,,,,,,,,,,,,,,,,,,,,,,,,,,,,,,,,,,,,,,,,,,,,,,,,,,,,,,,,,,,,,,,,,,,,,,,,,,,,,,,,,,,,,,,,,,,,,,,,,,
csv,82,0,99990534,99990564,99995469,99995506,99990519,100000032,99995466,,,,,,,,,,,,,,,,,,,,,,,,,,,,,,,,,,,,,,,,,,,,,,,,,,,,,,,,,,,,,,,,,,,,,,,,,,,,,,,,,,,,,,,,,,,,,,,,,,,,,,,,,,,,,,,,,,,,,,,,,,,,,,,,,,,,,,,,
bb_id,82,0,351,352,353,354,355,356,357,,,,,,,,,,,,,,,,,,,,,,,,,,,,,,,,,,,,,,,,,,,,,,,,,,,,,,,,,,,,,,,,,,,,,,,,,,,,,,,,,,,,,,,,,,,,,,,,,,,,,,,,,,,,,,,,,,,,,,,,,,,,,,,,,,,,,,,,
bbv,83,0,6,6,6,5988,5988,5988,80492,5988,5972,5988,11944,5,4,4,4,4,7,1,1,4,6,7,7,7,7,5,5,5,5,5,5,5,5,5,5,5,5,5,5,5,1493,1493,1493,21612,1493,1493,1493,1089,1089,1089,17424,1089,1493,1493,1493,1378,1378,19736,1378,1493,1493,1493,1378,1378,19736,1378,1493,1493,1493,1378,1378,19736,1378,1493,1493,2259,2259,2259,6883,5,5,5,1364,1364,1364,20088,1364,1364,1364,1344,1344,1344,18688,1344,20,1364,72,16,16,16,16,16,16,16,16,408,408,408,26136,376,376,376,376,376,376,376,25320,12284,6,6,7,8964,8964,8964,8964,8965,748170,757068,5,5,4,2935,2935,2935,72042,2934,2934,2934,2918,2918,2934,2934,138176
csv,83,0,90433979,90433981,91248556,91248370,91248387,91248390,91248534,91248536,91248538,91248553,91248550,94276167,89001654,89077177,89077181,89077182,85700063,85702665,85702673,90433946,85697645,85699147,85700030,85700034,85700035,89077205,90358326,90433849,90433853,90433854,91248604,91248613,94276130,94276133,94276136,94276140,94276141,91248659,91248678,94276101,94273330,94273350,94273353,94273761,94273763,94273766,94273789,94273815,94273839,94273843,94274339,94274341,94274343,94274374,94274389,94274414,94274418,94274914,94274916,94274918,94274949,94274964,94274989,94274993,94275489,94275491,94275493,94275524,94275539,94275564,94275568,94276064,94276066,94276068,94276098,94276095,94275520,94274945,94274370,89077256,89077266,90358293,90357048,90357078,90357081,90357642,90357644,90357647,90357665,90357671,90357694,90357708,90358284,90358287,85721970,90358290,85722134,90358343,90433844,90433845,90358379,90358382,90405564,90405568,90433824,90432995,90433003,90433822,90433819,90404082,90404090,90404093,90404720,90404723,90404731,90405550,90405547,90404717,85697700,85697703,85699098,85698762,85698792,85698909,85698946,85699095,85699092,85698906,94276226,94276244,89001610,99999317,99999347,99999350,100000010,99996805,99996808,99996829,99996835,99996870,99996873,99999308,99999305
bb_id,83,0,106,107,108,109,110,111,112,113,114,115,116,143,145,147,149,151,154,155,156,157,179,181,183,185,187,188,190,192,194,196,197,199,200,202,204,206,208,209,210,211,212,213,214,215,216,218,219,220,221,222,223,224,225,226,227,228,229,230,231,232,233,234,235,236,237,238,239,240,241,242,243,244,245,246,247,248,249,250,251,304,305,306,307,308,309,310,311,313,314,315,316,317,318,319,320,321,322,324,326,328,329,330,331,332,333,334,335,336,337,338,339,340,341,343,344,345,346,347,348,349,350,351,352,353,354,355,356,357,358,359,360,361,362,363,364,365,367,368,369,370,374,375,376
bbv,84,0,1,1,1,16900,16900,16900,540800,16900,16900,16900,33800,1,1,1,1,1,1,1,1,1,1,1,1,1,1,1,1,1,1,1,1,1,4225,4225,4225,139425,4225,4225,4225,4225,4225,4225,135200,4225,4225,4225,4225,4225,4225,135200,4225,4225,4225,4225,4225,4225,135200,4225,4225,4225,4225,4225,4225,135200,4225,4225,4225,4225,4225,4225,4225,1,1,1,4096,4096,4096,135168,4096,4096,4096,4096,4096,4096,131072,4096,4096,2,2,2,2,2,2,2,2,132,132,132,8712,128,128,128,128,128,128,128,8448,4096,1,1,1,9998,9998,9998,569211,9999,9999,9999,9999,9999,9999,9998,1118349,,,,,,,,,,,,,,,,,,,,
csv,84,0,19393790,19393792,24987695,24987365,24987382,24987385,24987673,24987675,24987677,24987692,24987689,46738186,9169337,9458396,9458400,9458401,19393757,9458424,19104601,19393660,19393664,19393665,24987743,24987752,46738149,46738152,46738155,46738159,46738160,24987798,24987817,46738120,46732981,46733001,46733004,46733796,46733798,46733801,46733824,46733850,46733874,46733878,46734870,46734872,46734874,46734905,46734920,46734945,46734949,46735941,46735943,46735945,46735976,46735991,46736016,46736020,46737012,46737014,46737016,46737047,46737062,46737087,46737091,46738083,46738085,46738087,46738117,46738114,46737043,46735972,46734901,9458475,9458485,19104568,19102219,19102249,19102252,19103341,19103343,19103346,19103364,19103370,19103393,19103407,19104559,19104562,19104565,19104618,19393655,19393656,19104654,19104657,19288095,19288099,19393635,19392038,19392046,19393633,19393630,19285221,19285229,19285232,19286483,19286486,19286494,19288081,19288078,19286480,46738245,46738263,9169293,99997296,99997326,99997329,99999474,99999476,99999479,99999500,99999506,99999541,99999544,99997287,100000038,,,,,,,,,,,,,,,,,,,,
bb_id,84,0,106,107,108,109,110,111,112,113,114,115,116,143,145,147,149,151,157,188,190,192,194,196,197,199,200,202,204,206,208,209,210,211,212,213,214,215,216,218,219,220,221,222,223,224,225,226,227,228,229,230,231,232,233,234,235,236,237,238,239,240,241,242,243,244,245,246,247,248,249,250,251,304,305,306,307,308,309,310,311,313,314,315,316,317,318,319,321,324,326,328,329,330,331,332,333,334,335,336,337,338,339,340,341,343,344,345,346,347,358,359,360,361,362,363,364,365,367,368,369,370,374,375,376,,,,,,,,,,,,,,,,,,,,
bbv,85,0,1,1,1,1,1,1,1,7761,7761,7761,504465,7761,7761,7761,7761,7761,7761,496642,7760,7760,1,1,1,1,1,1,1,1,130,130,130,16900,128,128,128,128,128,128,128,16640,8192,1,8907,8907,8907,578955,8907,8907,8907,8907,8907,8907,8908,1140211,,,,,,,,,,,,,,,,,,,,,,,,,,,,,,,,,,,,,,,,,,,,,,,,,,,,,,,,,,,,,,,,,,,,,,,,,,,,,,,,,,,,,,,,,
csv,85,0,63457888,64588739,64588743,64588744,64588767,64588818,64588828,99997717,99997747,99997750,99999895,99999897,99999900,99999918,99999924,99999947,99999961,100000033,99997705,99997708,63457905,64588734,64588735,63457941,63457944,64181158,64181162,64588714,64585581,64585589,64588712,64588709,64175500,64175508,64175511,64178010,64178013,64178021,64181144,64181141,64178007,63457844,63450726,63450756,63450759,63452904,63452906,63452909,63452930,63452936,63452971,63452974,63457841,63457838,,,,,,,,,,,,,,,,,,,,,,,,,,,,,,,,,,,,,,,,,,,,,,,,,,,,,,,,,,,,,,,,,,,,,,,,,,,,,,,,,,,,,,,,,
bb_id,85,0,145,147,149,151,188,304,305,307,308,309,310,311,313,314,315,316,317,318,319,321,324,326,328,329,330,331,332,333,334,335,336,337,338,339,340,341,343,344,345,346,347,360,361,362,363,364,365,367,368,369,370,374,375,376,,,,,,,,,,,,,,,,,,,,,,,,,,,,,,,,,,,,,,,,,,,,,,,,,,,,,,,,,,,,,,,,,,,,,,,,,,,,,,,,,,,,,,,,,
bbv,86,0,1,1,1,1,1,1,1,1,1,6022,6022,6022,391430,6022,6022,6022,6022,6022,6022,385408,6022,6022,6022,6022,6022,6022,385408,6022,6022,6022,6022,6022,6022,385408,6022,6022,6022,6022,6022,6022,385360,6021,6021,6021,6021,6022,6022,6022,1,8623,8623,8623,560495,8623,8623,8623,8623,8623,8623,551934,8624,8624,1,1,1,1,1,1,1,1,130,130,130,16900,128,128,128,128,128,128,128,16640,8192,,,,,,,,,,,,,,,,,,,,,,,,,,,,,,,,,,,,,,,,,,,,,,,,,,,,,,,,,,,,
csv,86,0,40479971,39349023,40479874,40479878,40479879,40480019,40480028,40480074,40480093,99991669,99991689,99991692,99993252,99993254,99993257,99993280,99993306,99993330,99993334,99995318,99995320,99995322,99995353,99995368,99995393,99995397,99997381,99997383,99997385,99997416,99997431,99997456,99997460,99999444,99999446,99999448,99999479,99999494,99999519,99999523,100000019,99991625,99991627,99991657,99991654,99999475,99997412,99995349,39348990,39344433,39344463,39344466,39346611,39346613,39346616,39346634,39346640,39346663,39346677,39348981,39348984,39348987,39349040,40479869,40479870,39349076,39349079,40072293,40072297,40479849,40476716,40476724,40479847,40479844,40066635,40066643,40066646,40069145,40069148,40069156,40072279,40072276,40069142,,,,,,,,,,,,,,,,,,,,,,,,,,,,,,,,,,,,,,,,,,,,,,,,,,,,,,,,,,,,
bb_id,86,0,157,190,192,194,196,197,199,209,210,212,213,214,215,216,218,219,220,221,222,223,224,225,226,227,228,229,230,231,232,233,234,235,236,237,238,239,240,241,242,243,244,245,246,247,248,249,250,251,306,307,308,309,310,311,313,314,315,316,317,318,319,321,324,326,328,329,330,331,332,333,334,335,336,337,338,339,340,341,343,344,345,346,347,,,,,,,,,,,,,,,,,,,,,,,,,,,,,,,,,,,,,,,,,,,,,,,,,,,,,,,,,,,,
bbv,87,0,10118,10118,10118,657670,10118,10118,10118,10118,10118,10118,647501,10117,10117,10117,10117,10117,10117,647488,10117,10117,10117,10117,10117,10117,647488,10117,10117,10117,10117,10117,10117,647536,10118,10118,10118,10118,10117,10117,10117,,,,,,,,,,,,,,,,,,,,,,,,,,,,,,,,,,,,,,,,,,,,,,,,,,,,,,,,,,,,,,,,,,,,,,,,,,,,,,,,,,,,,,,,,,,,,,,,,,,,,,,,
csv,87,0,99997962,99997982,99997985,99999545,99999547,99999550,99999573,99999599,99999623,99999627,100000030,99991729,99991731,99991762,99991777,99991802,99991806,99993790,99993792,99993794,99993825,99993840,99993865,99993869,99995853,99995855,99995857,99995888,99995903,99995928,99995932,99997916,99997918,99997920,99997950,99997947,99995884,99993821,99991758,,,,,,,,,,,,,,,,,,,,,,,,,,,,,,,,,,,,,,,,,,,,,,,,,,,,,,,,,,,,,,,,,,,,,,,,,,,,,,,,,,,,,,,,,,,,,,,,,,,,,,,,
bb_id,87,0,212,213,214,215,216,218,219,220,221,222,223,224,225,226,227,228,229,230,231,232,233,234,235,236,237,238,239,240,241,242,243,244,245,246,247,248,249,250,251,,,,,,,,,,,,,,,,,,,,,,,,,,,,,,,,,,,,,,,,,,,,,,,,,,,,,,,,,,,,,,,,,,,,,,,,,,,,,,,,,,,,,,,,,,,,,,,,,,,,,,,,
bbv,88,0,1,1,1,1,1,1,1,501,501,501,32565,501,501,501,501,501,501,32115,502,502,502,502,502,502,32128,502,502,502,502,502,502,32128,502,502,502,502,502,502,32128,502,502,502,502,502,502,502,1,1,10878,10878,10878,1403262,10878,10878,10878,10878,10878,10878,1392358,10877,10877,,,,,,,,,,,,,,,,,,,,,,,,,,,,,,,,,,,,,,,,,,,,,,,,,,,,,,,,,,,,,,,,,,,,,,,,,,,,,,,,,,
csv,88,0,4959757,4959720,4959723,4959726,4959730,4959731,4959691,4949816,4949836,4949839,4951399,4951401,4951404,4951427,4951453,4951477,4951481,4953465,4953467,4953469,4953500,4953515,4953540,4953544,4955528,4955530,4955532,4955563,4955578,4955603,4955607,4957591,4957593,4957595,4957626,4957641,4957666,4957670,4959654,4959656,4959658,4959688,4959685,4957622,4955559,4953496,4959816,4959834,99992192,99992222,99992225,99996482,99996484,99996487,99996508,99996514,99996549,99996562,100000030,99992180,99992183,,,,,,,,,,,,,,,,,,,,,,,,,,,,,,,,,,,,,,,,,,,,,,,,,,,,,,,,,,,,,,,,,,,,,,,,,,,,,,,,,,
bb_id,88,0,143,200,202,204,206,208,211,212,213,214,215,216,218,219,220,221,222,223,224,225,226,227,228,229,230,231,232,233,234,235,236,237,238,239,240,241,242,243,244,245,246,247,248,249,250,251,358,359,361,362,363,364,365,367,368,369,370,371,372,373,375,,,,,,,,,,,,,,,,,,,,,,,,,,,,,,,,,,,,,,,,,,,,,,,,,,,,,,,,,,,,,,,,,,,,,,,,,,,,,,,,,,
bbv,89,0,11446,11446,11446,1476530,11445,11445,11445,11445,11445,11445,1464986,11446,11446,,,,,,,,,,,,,,,,,,,,,,,,,,,,,,,,,,,,,,,,,,,,,,,,,,,,,,,,,,,,,,,,,,,,,,,,,,,,,,,,,,,,,,,,,,,,,,,,,,,,,,,,,,,,,,,,,,,,,,,,,,,,,,,,,,
csv,89,0,99995864,99995894,99995897,100000022,99991419,99991422,99991443,99991449,99991484,99991497,99995849,99995852,99995855,,,,,,,,,,,,,,,,,,,,,,,,,,,,,,,,,,,,,,,,,,,,,,,,,,,,,,,,,,,,,,,,,,,,,,,,,,,,,,,,,,,,,,,,,,,,,,,,,,,,,,,,,,,,,,,,,,,,,,,,,,,,,,,,,,
bb_id,89,0,361,362,363,364,365,367,368,369,370,371,372,373,375,,,,,,,,,,,,,,,,,,,,,,,,,,,,,,,,,,,,,,,,,,,,,,,,,,,,,,,,,,,,,,,,,,,,,,,,,,,,,,,,,,,,,,,,,,,,,,,,,,,,,,,,,,,,,,,,,,,,,,,,,,,,,,,,,,
bbv,90,0,11446,11446,11446,1476422,11446,11446,11446,11446,11446,11446,1465088,11446,11446,,,,,,,,,,,,,,,,,,,,,,,,,,,,,,,,,,,,,,,,,,,,,,,,,,,,,,,,,,,,,,,,,,,,,,,,,,,,,,,,,,,,,,,,,,,,,,,,,,,,,,,,,,,,,,,,,,,,,,,,,,,,,,,,,,
csv,90,0,99999544,99999574,99999577,100000006,99995099,99995102,99995123,99995129,99995164,99995177,99999529,99999532,99999535,,,,,,,,,,,,,,,,,,,,,,,,,,,,,,,,,,,,,,,,,,,,,,,,,,,,,,,,,,,,,,,,,,,,,,,,,,,,,,,,,,,,,,,,,,,,,,,,,,,,,,,,,,,,,,,,,,,,,,,,,,,,,,,,,,
bb_id,90,0,361,362,363,364,365,367,368,369,370,371,372,373,375,,,,,,,,,,,,,,,,,,,,,,,,,,,,,,,,,,,,,,,,,,,,,,,,,,,,,,,,,,,,,,,,,,,,,,,,,,,,,,,,,,,,,,,,,,,,,,,,,,,,,,,,,,,,,,,,,,,,,,,,,,,,,,,,,,
bbv,91,0,11445,11445,11445,1476521,11446,11446,11446,11446,11446,11446,1464994,11445,11445,,,,,,,,,,,,,,,,,,,,,,,,,,,,,,,,,,,,,,,,,,,,,,,,,,,,,,,,,,,,,,,,,,,,,,,,,,,,,,,,,,,,,,,,,,,,,,,,,,,,,,,,,,,,,,,,,,,,,,,,,,,,,,,,,,
csv,91,0,99994503,99994533,99994536,99998793,99998795,99998798,99998819,99998825,99998860,99998873,100000029,99994491,99994494,,,,,,,,,,,,,,,,,,,,,,,,,,,,,,,,,,,,,,,,,,,,,,,,,,,,,,,,,,,,,,,,,,,,,,,,,,,,,,,,,,,,,,,,,,,,,,,,,,,,,,,,,,,,,,,,,,,,,,,,,,,,,,,,,,
bb_id,91,0,361,362,363,364,365,367,368,369,370,371,372,373,375,,,,,,,,,,,,,,,,,,,,,,,,,,,,,,,,,,,,,,,,,,,,,,,,,,,,,,,,,,,,,,,,,,,,,,,,,,,,,,,,,,,,,,,,,,,,,,,,,,,,,,,,,,,,,,,,,,,,,,,,,,,,,,,,,,
bbv,92,0,11446,11446,11446,1476460,11445,11445,11445,11445,11445,11445,1465054,11446,11446,,,,,,,,,,,,,,,,,,,,,,,,,,,,,,,,,,,,,,,,,,,,,,,,,,,,,,,,,,,,,,,,,,,,,,,,,,,,,,,,,,,,,,,,,,,,,,,,,,,,,,,,,,,,,,,,,,,,,,,,,,,,,,,,,,
csv,92,0,99998176,99998206,99998209,100000024,99993731,99993734,99993755,99993761,99993796,99993809,99998161,99998164,99998167,,,,,,,,,,,,,,,,,,,,,,,,,,,,,,,,,,,,,,,,,,,,,,,,,,,,,,,,,,,,,,,,,,,,,,,,,,,,,,,,,,,,,,,,,,,,,,,,,,,,,,,,,,,,,,,,,,,,,,,,,,,,,,,,,,
bb_id,92,0,361,362,363,364,365,367,368,369,370,371,372,373,375,,,,,,,,,,,,,,,,,,,,,,,,,,,,,,,,,,,,,,,,,,,,,,,,,,,,,,,,,,,,,,,,,,,,,,,,,,,,,,,,,,,,,,,,,,,,,,,,,,,,,,,,,,,,,,,,,,,,,,,,,,,,,,,,,,
bbv,93,0,1,1,1,1,1,1,1,2003,2003,2003,258343,2002,2002,2002,2002,2002,2002,256256,2002,2002,1,1,1,1,1,1,1,1,258,258,258,66564,256,256,256,256,256,256,256,66048,32768,1,8875,8875,8875,1144949,8876,8876,8876,8876,8876,8876,1136128,8876,8876,,,,,,,,,,,,,,,,,,,,,,,,,,,,,,,,,,,,,,,,,,,,,,,,,,,,,,,,,,,,,,,,,,,,,,,,,,,,,,,,,,,,,,,,
csv,93,0,77547802,82021117,82021121,82021122,82021145,82021196,82021206,99997173,99997203,99997206,100000011,99992486,99992489,99992507,99992513,99992536,99992550,99997158,99997161,99997164,77547819,82021112,82021113,77547855,77547858,80419680,80419684,82021092,82014887,82014895,82021090,82021087,80408454,80408462,80408465,80413460,80413463,80413471,80419666,80419663,80413457,77547758,77539027,77539057,77539060,77543317,77543319,77543322,77543343,77543349,77543384,77543397,77547749,77547752,77547755,,,,,,,,,,,,,,,,,,,,,,,,,,,,,,,,,,,,,,,,,,,,,,,,,,,,,,,,,,,,,,,,,,,,,,,,,,,,,,,,,,,,,,,,
bb_id,93,0,145,147,149,151,188,304,305,307,308,309,310,311,313,314,315,316,317,318,319,321,324,326,328,329,330,331,332,333,334,335,336,337,338,339,340,341,343,344,345,346,347,360,361,362,363,364,365,367,368,369,370,371,372,373,375,,,,,,,,,,,,,,,,,,,,,,,,,,,,,,,,,,,,,,,,,,,,,,,,,,,,,,,,,,,,,,,,,,,,,,,,,,,,,,,,,,,,,,,,
bbv,94,0,11137,11137,11137,1436700,11137,11137,11137,11137,11137,11137,1425536,11137,11137,,,,,,,,,,,,,,,,,,,,,,,,,,,,,,,,,,,,,,,,,,,,,,,,,,,,,,,,,,,,,,,,,,,,,,,,,,,,,,,,,,,,,,,,,,,,,,,,,,,,,,,,,,,,,,,,,,,,,,,,,,,,,,,,,,
csv,94,0,99996285,99996315,99996318,100000014,99991598,99991601,99991619,99991625,99991648,99991662,99996270,99996273,99996276,,,,,,,,,,,,,,,,,,,,,,,,,,,,,,,,,,,,,,,,,,,,,,,,,,,,,,,,,,,,,,,,,,,,,,,,,,,,,,,,,,,,,,,,,,,,,,,,,,,,,,,,,,,,,,,,,,,,,,,,,,,,,,,,,,
bb_id,94,0,307,308,309,310,311,313,314,315,316,317,318,319,321,,,,,,,,,,,,,,,,,,,,,,,,,,,,,,,,,,,,,,,,,,,,,,,,,,,,,,,,,,,,,,,,,,,,,,,,,,,,,,,,,,,,,,,,,,,,,,,,,,,,,,,,,,,,,,,,,,,,,,,,,,,,,,,,,,
bbv,95,0,11137,11137,11137,1436690,11138,11138,11138,11138,11138,11138,1425543,11137,11137,,,,,,,,,,,,,,,,,,,,,,,,,,,,,,,,,,,,,,,,,,,,,,,,,,,,,,,,,,,,,,,,,,,,,,,,,,,,,,,,,,,,,,,,,,,,,,,,,,,,,,,,,,,,,,,,,,,,,,,,,,,,,,,,,,
csv,95,0,99995394,99995424,99995427,99999684,99999686,99999689,99999707,99999713,99999736,99999750,100000002,99995382,99995385,,,,,,,,,,,,,,,,,,,,,,,,,,,,,,,,,,,,,,,,,,,,,,,,,,,,,,,,,,,,,,,,,,,,,,,,,,,,,,,,,,,,,,,,,,,,,,,,,,,,,,,,,,,,,,,,,,,,,,,,,,,,,,,,,,
bb_id,95,0,307,308,309,310,311,313,314,315,316,317,318,319,321,,,,,,,,,,,,,,,,,,,,,,,,,,,,,,,,,,,,,,,,,,,,,,,,,,,,,,,,,,,,,,,,,,,,,,,,,,,,,,,,,,,,,,,,,,,,,,,,,,,,,,,,,,,,,,,,,,,,,,,,,,,,,,,,,,
bbv,96,0,11137,11137,11137,1436673,11137,11137,11137,11137,11137,11137,1425561,11137,11137,,,,,,,,,,,,,,,,,,,,,,,,,,,,,,,,,,,,,,,,,,,,,,,,,,,,,,,,,,,,,,,,,,,,,,,,,,,,,,,,,,,,,,,,,,,,,,,,,,,,,,,,,,,,,,,,,,,,,,,,,,,,,,,,,,
csv,96,0,99994515,99994545,99994548,99998805,99998807,99998810,99998828,99998834,99998857,99998871,100000023,99994503,99994506,,,,,,,,,,,,,,,,,,,,,,,,,,,,,,,,,,,,,,,,,,,,,,,,,,,,,,,,,,,,,,,,,,,,,,,,,,,,,,,,,,,,,,,,,,,,,,,,,,,,,,,,,,,,,,,,,,,,,,,,,,,,,,,,,,
bb_id,96,0,307,308,309,310,311,313,314,315,316,317,318,319,321,,,,,,,,,,,,,,,,,,,,,,,,,,,,,,,,,,,,,,,,,,,,,,,,,,,,,,,,,,,,,,,,,,,,,,,,,,,,,,,,,,,,,,,,,,,,,,,,,,,,,,,,,,,,,,,,,,,,,,,,,,,,,,,,,,
bbv,97,0,11137,11137,11137,1436673,11137,11137,11137,11137,11137,11137,1425561,11137,11137,,,,,,,,,,,,,,,,,,,,,,,,,,,,,,,,,,,,,,,,,,,,,,,,,,,,,,,,,,,,,,,,,,,,,,,,,,,,,,,,,,,,,,,,,,,,,,,,,,,,,,,,,,,,,,,,,,,,,,,,,,,,,,,,,,
csv,97,0,99993615,99993645,99993648,99997905,99997907,99997910,99997928,99997934,99997957,99997971,100000023,99993603,99993606,,,,,,,,,,,,,,,,,,,,,,,,,,,,,,,,,,,,,,,,,,,,,,,,,,,,,,,,,,,,,,,,,,,,,,,,,,,,,,,,,,,,,,,,,,,,,,,,,,,,,,,,,,,,,,,,,,,,,,,,,,,,,,,,,,
bb_id,97,0,307,308,309,310,311,313,314,315,316,317,318,319,321,,,,,,,,,,,,,,,,,,,,,,,,,,,,,,,,,,,,,,,,,,,,,,,,,,,,,,,,,,,,,,,,,,,,,,,,,,,,,,,,,,,,,,,,,,,,,,,,,,,,,,,,,,,,,,,,,,,,,,,,,,,,,,,,,,
bbv,98,0,11137,11137,11137,1436673,11137,11137,11137,11137,11137,11137,1425561,11137,11137,,,,,,,,,,,,,,,,,,,,,,,,,,,,,,,,,,,,,,,,,,,,,,,,,,,,,,,,,,,,,,,,,,,,,,,,,,,,,,,,,,,,,,,,,,,,,,,,,,,,,,,,,,,,,,,,,,,,,,,,,,,,,,,,,,
csv,98,0,99992715,99992745,99992748,99997005,99997007,99997010,99997028,99997034,99997057,99997071,100000023,99992703,99992706,,,,,,,,,,,,,,,,,,,,,,,,,,,,,,,,,,,,,,,,,,,,,,,,,,,,,,,,,,,,,,,,,,,,,,,,,,,,,,,,,,,,,,,,,,,,,,,,,,,,,,,,,,,,,,,,,,,,,,,,,,,,,,,,,,
bb_id,98,0,307,308,309,310,311,313,314,315,316,317,318,319,321,,,,,,,,,,,,,,,,,,,,,,,,,,,,,,,,,,,,,,,,,,,,,,,,,,,,,,,,,,,,,,,,,,,,,,,,,,,,,,,,,,,,,,,,,,,,,,,,,,,,,,,,,,,,,,,,,,,,,,,,,,,,,,,,,,
bbv,99,0,1,1,1,1,1,1,1,1,7848,7848,7848,1012392,7848,7848,7848,7848,7848,7848,1004590,7849,7849,1,1,1,1,1,1,1,1,258,258,258,66564,256,256,256,256,256,256,256,66048,32768,1,1,2868,2868,2868,369972,2868,2868,2868,2868,2868,2868,367103,2867,2867,,,,,,,,,,,,,,,,,,,,,,,,,,,,,,,,,,,,,,,,,,,,,,,,,,,,,,,,,,,,,,,,,,,,,,,,,,,,,,,,,,,,,,
csv,99,0,74942236,74942262,74942229,70468890,74942205,74942209,74942210,70468857,70459884,70459914,70459917,70464174,70464176,70464179,70464197,70464203,70464226,70464240,70468848,70468851,70468854,70468907,74942200,74942201,70468943,70468946,73340768,73340772,74942180,74935975,74935983,74942178,74942175,73329542,73329550,73329553,73334548,73334551,73334559,73340754,73340751,73334545,74942321,74942339,99991327,99991357,99991360,99995617,99995619,99995622,99995643,99995649,99995684,99995697,100000015,99991315,99991318,,,,,,,,,,,,,,,,,,,,,,,,,,,,,,,,,,,,,,,,,,,,,,,,,,,,,,,,,,,,,,,,,,,,,,,,,,,,,,,,,,,,,,
bb_id,99,0,37,143,158,190,192,194,196,306,307,308,309,310,311,313,314,315,316,317,318,319,321,324,326,328,329,330,331,332,333,334,335,336,337,338,339,340,341,343,344,345,346,347,358,359,361,362,363,364,365,367,368,369,370,371,372,373,375,,,,,,,,,,,,,,,,,,,,,,,,,,,,,,,,,,,,,,,,,,,,,,,,,,,,,,,,,,,,,,,,,,,,,,,,,,,,,,,,,,,,,,
bbv,100,0,11446,11446,11446,1476534,11446,11446,11446,11446,11446,11446,1464980,11446,11446,,,,,,,,,,,,,,,,,,,,,,,,,,,,,,,,,,,,,,,,,,,,,,,,,,,,,,,,,,,,,,,,,,,,,,,,,,,,,,,,,,,,,,,,,,,,,,,,,,,,,,,,,,,,,,,,,,,,,,,,,,,,,,,,,,
csv,100,0,99995014,99995044,99995047,99999304,99999306,99999309,99999330,99999336,99999371,99999384,100000030,99995002,99995005,,,,,,,,,,,,,,,,,,,,,,,,,,,,,,,,,,,,,,,,,,,,,,,,,,,,,,,,,,,,,,,,,,,,,,,,,,,,,,,,,,,,,,,,,,,,,,,,,,,,,,,,,,,,,,,,,,,,,,,,,,,,,,,,,,
bb_id,100,0,361,362,363,364,365,367,368,369,370,371,372,373,375,,,,,,,,,,,,,,,,,,,,,,,,,,,,,,,,,,,,,,,,,,,,,,,,,,,,,,,,,,,,,,,,,,,,,,,,,,,,,,,,,,,,,,,,,,,,,,,,,,,,,,,,,,,,,,,,,,,,,,,,,,,,,,,,,,
bbv,101,0,11446,11446,11446,1476444,11445,11445,11445,11445,11445,11445,1465069,11446,11446,,,,,,,,,,,,,,,,,,,,,,,,,,,,,,,,,,,,,,,,,,,,,,,,,,,,,,,,,,,,,,,,,,,,,,,,,,,,,,,,,,,,,,,,,,,,,,,,,,,,,,,,,,,,,,,,,,,,,,,,,,,,,,,,,,
csv,101,0,99998686,99998716,99998719,100000006,99994241,99994244,99994265,99994271,99994306,99994319,99998671,99998674,99998677,,,,,,,,,,,,,,,,,,,,,,,,,,,,,,,,,,,,,,,,,,,,,,,,,,,,,,,,,,,,,,,,,,,,,,,,,,,,,,,,,,,,,,,,,,,,,,,,,,,,,,,,,,,,,,,,,,,,,,,,,,,,,,,,,,
bb_id,101,0,361,362,363,364,365,367,368,369,370,371,372,373,375,,,,,,,,,,,,,,,,,,,,,,,,,,,,,,,,,,,,,,,,,,,,,,,,,,,,,,,,,,,,,,,,,,,,,,,,,,,,,,,,,,,,,,,,,,,,,,,,,,,,,,,,,,,,,,,,,,,,,,,,,,,,,,,,,,
bbv,102,0,11445,11445,11445,1476495,11446,11446,11446,11446,11446,11446,1465019,11445,11445,,,,,,,,,,,,,,,,,,,,,,,,,,,,,,,,,,,,,,,,,,,,,,,,,,,,,,,,,,,,,,,,,,,,,,,,,,,,,,,,,,,,,,,,,,,,,,,,,,,,,,,,,,,,,,,,,,,,,,,,,,,,,,,,,,
csv,102,0,99993645,99993675,99993678,99997935,99997937,99997940,99997961,99997967,99998002,99998015,100000021,99993633,99993636,,,,,,,,,,,,,,,,,,,,,,,,,,,,,,,,,,,,,,,,,,,,,,,,,,,,,,,,,,,,,,,,,,,,,,,,,,,,,,,,,,,,,,,,,,,,,,,,,,,,,,,,,,,,,,,,,,,,,,,,,,,,,,,,,,
bb_id,102,0,361,362,363,364,365,367,368,369,370,371,372,373,375,,,,,,,,,,,,,,,,,,,,,,,,,,,,,,,,,,,,,,,,,,,,,,,,,,,,,,,,,,,,,,,,,,,,,,,,,,,,,,,,,,,,,,,,,,,,,,,,,,,,,,,,,,,,,,,,,,,,,,,,,,,,,,,,,,
bbv,103,0,11446,11446,11446,1476486,11445,11445,11445,11445,11445,11445,1465029,11446,11446,,,,,,,,,,,,,,,,,,,,,,,,,,,,,,,,,,,,,,,,,,,,,,,,,,,,,,,,,,,,,,,,,,,,,,,,,,,,,,,,,,,,,,,,,,,,,,,,,,,,,,,,,,,,,,,,,,,,,,,,,,,,,,,,,,
csv,103,0,99997326,99997356,99997359,100000032,99992881,99992884,99992905,99992911,99992946,99992959,99997311,99997314,99997317,,,,,,,,,,,,,,,,,,,,,,,,,,,,,,,,,,,,,,,,,,,,,,,,,,,,,,,,,,,,,,,,,,,,,,,,,,,,,,,,,,,,,,,,,,,,,,,,,,,,,,,,,,,,,,,,,,,,,,,,,,,,,,,,,,
bb_id,103,0,361,362,363,364,365,367,368,369,370,371,372,373,375,,,,,,,,,,,,,,,,,,,,,,,,,,,,,,,,,,,,,,,,,,,,,,,,,,,,,,,,,,,,,,,,,,,,,,,,,,,,,,,,,,,,,,,,,,,,,,,,,,,,,,,,,,,,,,,,,,,,,,,,,,,,,,,,,,
bbv,104,0,11445,11445,11445,1476453,11446,11446,11446,11446,11446,11446,1465060,11445,11445,,,,,,,,,,,,,,,,,,,,,,,,,,,,,,,,,,,,,,,,,,,,,,,,,,,,,,,,,,,,,,,,,,,,,,,,,,,,,,,,,,,,,,,,,,,,,,,,,,,,,,,,,,,,,,,,,,,,,,,,,,,,,,,,,,
csv,104,0,99992259,99992289,99992292,99996549,99996551,99996554,99996575,99996581,99996616,99996629,100000029,99992247,99992250,,,,,,,,,,,,,,,,,,,,,,,,,,,,,,,,,,,,,,,,,,,,,,,,,,,,,,,,,,,,,,,,,,,,,,,,,,,,,,,,,,,,,,,,,,,,,,,,,,,,,,,,,,,,,,,,,,,,,,,,,,,,,,,,,,
bb_id,104,0,361,362,363,364,365,367,368,369,370,371,372,373,375,,,,,,,,,,,,,,,,,,,,,,,,,,,,,,,,,,,,,,,,,,,,,,,,,,,,,,,,,,,,,,,,,,,,,,,,,,,,,,,,,,,,,,,,,,,,,,,,,,,,,,,,,,,,,,,,,,,,,,,,,,,,,,,,,,
bbv,105,0,1,1,1,1,1,1,1,1,1,1,1,1,1,1,1,258,258,258,66564,256,256,256,256,256,256,256,66048,32768,1,5440,5440,5440,701760,5440,5440,5440,5440,5440,5440,696348,5441,5441,1,1,13769,13769,13768,13768,1762343,,,,,,,,,,,,,,,,,,,,,,,,,,,,,,,,,,,,,,,,,,,,,,,,,,,,,,,,,,,,,,,,,,,,,,,,,,,,,,,,,,,,,,,,,,,,,,
csv,105,0,52003612,52003616,52003634,47530285,52003600,52003604,52003605,47530302,52003595,52003596,47530338,47530341,50402163,50402167,52003575,51997370,51997378,52003573,52003570,50390937,50390945,50390948,50395943,50395946,50395954,50402149,50402146,50395940,47530241,47521510,47521540,47521543,47525800,47525802,47525805,47525826,47525832,47525867,47525880,47530232,47530235,47530238,52003682,52003693,99998945,99998960,99998936,99998941,100000013,,,,,,,,,,,,,,,,,,,,,,,,,,,,,,,,,,,,,,,,,,,,,,,,,,,,,,,,,,,,,,,,,,,,,,,,,,,,,,,,,,,,,,,,,,,,,,
bb_id,105,0,40,42,138,145,147,149,151,324,326,328,329,330,331,332,333,334,335,336,337,338,339,340,341,343,344,345,346,347,360,361,362,363,364,365,367,368,369,370,371,372,373,375,378,379,383,384,385,387,388,,,,,,,,,,,,,,,,,,,,,,,,,,,,,,,,,,,,,,,,,,,,,,,,,,,,,,,,,,,,,,,,,,,,,,,,,,,,,,,,,,,,,,,,,,,,,,
bbv,106,0,28686,28686,28686,28686,3671831,,,,,,,,,,,,,,,,,,,,,,,,,,,,,,,,,,,,,,,,,,,,,,,,,,,,,,,,,,,,,,,,,,,,,,,,,,,,,,,,,,,,,,,,,,,,,,,,,,,,,,,,,,,,,,,,,,,,,,,,,,,,,,,,,,,,,,,,,,
csv,106,0,99998328,99998343,99998319,99998324,100000017,,,,,,,,,,,,,,,,,,,,,,,,,,,,,,,,,,,,,,,,,,,,,,,,,,,,,,,,,,,,,,,,,,,,,,,,,,,,,,,,,,,,,,,,,,,,,,,,,,,,,,,,,,,,,,,,,,,,,,,,,,,,,,,,,,,,,,,,,,
bb_id,106,0,383,384,385,387,388,,,,,,,,,,,,,,,,,,,,,,,,,,,,,,,,,,,,,,,,,,,,,,,,,,,,,,,,,,,,,,,,,,,,,,,,,,,,,,,,,,,,,,,,,,,,,,,,,,,,,,,,,,,,,,,,,,,,,,,,,,,,,,,,,,,,,,,,,,
bbv,107,0,1,1,1,1,1,23081,23081,23082,23082,2954434,,,,,,,,,,,,,,,,,,,,,,,,,,,,,,,,,,,,,,,,,,,,,,,,,,,,,,,,,,,,,,,,,,,,,,,,,,,,,,,,,,,,,,,,,,,,,,,,,,,,,,,,,,,,,,,,,,,,,,,,,,,,,,,,,,,,,
csv,107,0,80462217,80462218,80462167,80462177,80462179,80458677,80458692,80462154,80462159,80462148,,,,,,,,,,,,,,,,,,,,,,,,,,,,,,,,,,,,,,,,,,,,,,,,,,,,,,,,,,,,,,,,,,,,,,,,,,,,,,,,,,,,,,,,,,,,,,,,,,,,,,,,,,,,,,,,,,,,,,,,,,,,,,,,,,,,,
bb_id,107,0,140,142,380,381,382,383,384,385,387,388,,,,,,,,,,,,,,,,,,,,,,,,,,,,,,,,,,,,,,,,,,,,,,,,,,,,,,,,,,,,,,,,,,,,,,,,,,,,,,,,,,,,,,,,,,,,,,,,,,,,,,,,,,,,,,,,,,,,,,,,,,,,,,,,,,,,,
