region,warmup_rid,start_rid,warmup_bid,warmup_count,start_bid,start_count,end_bid,end_count
0,-1,-1,36.0,0,36.0,0,580.0,1313
1,-1,0,36.0,0,580.0,1313,562.0,908
2,0,1,580.0,1313,562.0,908,561.0,1622
3,1,2,562.0,908,561.0,1622,533.0,4
4,2,3,562.0,2530,533.0,4,527.0,26
5,3,4,533.0,4,527.0,26,527.0,26
6,4,5,533.0,30,527.0,26,491.0,1151
7,5,6,533.0,56,491.0,1151,487.0,1599
8,6,7,491.0,1151,487.0,1599,161.0,1
9,7,8,491.0,2750,161.0,1,435.0,782
10,8,9,161.0,1,435.0,782,429.0,1572
11,9,10,435.0,782,429.0,1572,171.0,1
12,10,11,429.0,2355,171.0,1,383.0,1156
13,11,12,171.0,1,383.0,1156,355.0,1572
14,12,13,383.0,1156,355.0,1572,404.0,3545
15,13,14,385.0,2728,404.0,3545,326.0,1534
16,14,15,404.0,3545,326.0,1534,304.0,1572
17,15,16,326.0,1534,304.0,1572,350.0,3370
18,16,17,332.0,3106,350.0,3370,585.0,1639
19,17,18,350.0,3370,585.0,1639,580.0,3318
20,18,19,585.0,5735,580.0,3318,564.0,1422
21,19,20,580.0,7414,564.0,1422,562.0,1622
22,20,21,564.0,5266,562.0,1622,533.0,13
23,21,22,562.0,6889,533.0,13,527.0,25
24,22,23,533.0,75,527.0,25,491.0,60
25,23,24,527.0,101,491.0,60,487.0,1599
26,24,25,509.0,124,487.0,1599,489.0,1598
27,25,26,493.0,5255,489.0,1598,463.0,2641
28,26,27,493.0,6853,463.0,2641,432.0,1281
29,27,28,463.0,6485,432.0,1281,409.0,1572
30,28,29,432.0,5125,409.0,1572,173.0,1
31,29,30,438.0,6697,173.0,1,355.0,1572
32,30,31,173.0,2,355.0,1572,355.0,1572
33,31,32,380.0,5499,355.0,1572,326.0,460
34,32,33,380.0,7071,326.0,460,306.0,1572
35,33,34,326.0,4304,306.0,1572,304.0,1572
36,34,35,306.0,5877,304.0,1572,298.0,1533
37,35,36,329.0,7449,298.0,1533,585.0,3279
38,36,37,298.0,5377,585.0,3279,564.0,314
39,37,38,585.0,11471,564.0,314,562.0,1622
40,38,39,564.0,8002,562.0,1622,561.0,1622
41,39,40,562.0,9625,561.0,1622,533.0,21
42,40,41,564.0,11247,533.0,21,527.0,26
43,41,42,533.0,145,527.0,26,491.0,567
44,42,43,533.0,171,491.0,567,487.0,1599
45,43,44,493.0,7759,487.0,1599,476.0,1
46,44,45,493.0,9358,476.0,1,435.0,207
47,45,46,476.0,3,435.0,207,429.0,1572
48,46,47,435.0,7895,429.0,1572,409.0,1572
49,47,48,429.0,9468,409.0,1572,383.0,581
50,48,49,435.0,11040,383.0,581,355.0,1572
51,49,50,383.0,8269,355.0,1572,376.0,1572
52,50,51,386.0,9841,376.0,1572,323.0,959
53,51,52,376.0,11414,323.0,959,304.0,1572
54,52,53,323.0,8647,304.0,1572,350.0,1050
55,53,54,332.0,10219,350.0,1050,298.0,3537
56,54,55,350.0,8738,298.0,3537,580.0,1006
57,55,56,298.0,11225,580.0,1006,562.0,829
58,56,57,580.0,13294,562.0,829,561.0,1622
59,57,58,562.0,12361,561.0,1622,533.0,3
60,58,59,564.0,13983,533.0,3,527.0,26
61,59,60,533.0,189,527.0,26,527.0,26
62,60,61,533.0,215,527.0,26,491.0,1074
63,61,62,533.0,241,491.0,1074,487.0,1598
64,62,63,493.0,11862,487.0,1598,161.0,1
65,63,64,493.0,13461,161.0,1,432.0,706
66,64,65,161.0,4,432.0,706,409.0,1572
67,65,66,432.0,12238,409.0,1572,171.0,1
68,66,67,438.0,13810,171.0,1,380.0,1080
69,67,68,171.0,4,380.0,1080,355.0,1572
70,68,69,380.0,12612,355.0,1572,404.0,2954
71,69,70,383.0,14184,404.0,2954,306.0,1458
72,70,71,404.0,14486,306.0,1458,304.0,1572
73,71,72,306.0,12990,304.0,1572,350.0,3063
74,72,73,329.0,14562,350.0,3063,585.0,1389
75,73,74,350.0,14595,585.0,1389,580.0,3011
76,74,75,585.0,17773,580.0,3011,562.0,1344
77,75,76,580.0,19395,562.0,1344,561.0,1622
78,76,77,562.0,16720,561.0,1622,533.0,11
79,77,78,562.0,18342,533.0,11,527.0,26
80,78,79,533.0,259,527.0,26,474.0,1
81,79,80,533.0,285,474.0,1,491.0,1581
82,80,81,474.0,5,491.0,1581,487.0,1599
83,81,82,493.0,15965,487.0,1599,463.0,2326
84,82,83,493.0,17564,463.0,2326,432.0,1205
85,83,84,463.0,17702,432.0,1205,409.0,1572
86,84,85,432.0,16581,409.0,1572,173.0,1
87,85,86,435.0,18153,173.0,1,376.0,1572
88,86,87,173.0,5,376.0,1572,355.0,1572
89,87,88,376.0,16955,355.0,1572,323.0,384
90,88,89,380.0,18527,323.0,384,304.0,1572
91,89,90,323.0,15760,304.0,1572,326.0,1572
92,90,91,332.0,17332,326.0,1572,298.0,1227
93,91,92,326.0,18905,298.0,1227,585.0,3029
94,92,93,298.0,16603,585.0,3029,562.0,236
95,93,94,585.0,23509,562.0,236,561.0,1622
96,94,95,562.0,19456,561.0,1622,562.0,1622
97,95,96,564.0,21078,562.0,1622,533.0,20
98,96,97,562.0,22701,533.0,20,527.0,25
99,97,98,533.0,330,527.0,25,491.0,489
100,98,99,533.0,355,491.0,489,487.0,1599
101,99,100,493.0,18469,487.0,1599,499.0,33
102,100,101,493.0,20068,499.0,33,166.0,1
103,101,102,499.0,343,166.0,1,411.0,1572
104,102,103,166.0,6,411.0,1572,409.0,1572
105,103,104,411.0,20924,409.0,1572,383.0,505
106,104,105,432.0,22496,383.0,505,355.0,1572
107,105,106,383.0,19725,355.0,1572,355.0,1572
108,106,107,386.0,21297,355.0,1572,306.0,883
109,107,108,386.0,22869,306.0,883,304.0,1572
110,108,109,306.0,20103,304.0,1572,350.0,743
111,109,110,329.0,21675,350.0,743,298.0,3231
112,110,111,350.0,19963,298.0,3231,580.0,700
113,111,112,298.0,22451,580.0,700,562.0,751
114,112,113,580.0,25276,562.0,751,561.0,1622
115,113,114,562.0,23815,561.0,1622,471.0,1
116,114,115,562.0,25437,471.0,1,527.0,26
117,115,116,471.0,7,527.0,26,527.0,26
118,116,117,533.0,400,527.0,26,491.0,997
119,117,118,533.0,426,491.0,997,489.0,1598
120,118,119,493.0,22573,489.0,1598,483.0,3749
121,119,120,493.0,24171,483.0,3749,432.0,630
122,120,121,483.0,26813,432.0,630,409.0,1572
123,121,122,432.0,23694,409.0,1572,432.0,1572
124,122,123,438.0,25266,432.0,1572,380.0,1004
125,123,124,432.0,26839,380.0,1004,355.0,1572
126,124,125,380.0,24068,355.0,1572,404.0,2364
127,125,126,380.0,25640,404.0,2364,332.0,1381
128,126,127,404.0,25428,332.0,1381,329.0,1572
129,127,128,332.0,24445,329.0,1572,350.0,2756
130,128,129,329.0,26018,350.0,2756,585.0,1139
131,129,130,350.0,25820,585.0,1139,580.0,2705
132,130,131,585.0,29811,580.0,2705,564.0,1265
133,131,132,580.0,31377,564.0,1265,562.0,1622
134,132,133,564.0,28173,562.0,1622,533.0,10
135,133,134,562.0,29796,533.0,10,527.0,26
136,134,135,533.0,444,527.0,26,474.0,1
137,135,136,533.0,470,474.0,1,491.0,1504
138,136,137,474.0,8,491.0,1504,487.0,1599
139,137,138,493.0,26676,487.0,1599,463.0,2011
140,138,139,493.0,28275,463.0,2011,429.0,1129
141,139,140,463.0,28919,429.0,1129,409.0,1572
142,140,141,429.0,28037,409.0,1572,456.0,3311
143,141,142,435.0,29609,456.0,3311,386.0,1502
144,142,143,456.0,30219,386.0,1502,376.0,1572
145,143,144,386.0,28410,376.0,1572,306.0,308
146,144,145,376.0,29983,306.0,308,304.0,1572
147,145,146,306.0,27216,304.0,1572,326.0,1572
148,146,147,329.0,28788,326.0,1572,298.0,921
149,147,148,326.0,30361,298.0,921,585.0,2778
150,148,149,298.0,27829,585.0,2778,468.0,1
151,149,150,585.0,35546,468.0,1,562.0,1622
152,150,151,468.0,9,562.0,1622,561.0,1622
153,151,152,562.0,32532,561.0,1622,533.0,18
154,152,153,564.0,34154,533.0,18,527.0,26
155,153,154,533.0,514,527.0,26,491.0,412
156,154,155,533.0,540,491.0,412,487.0,1598
157,155,156,493.0,29180,487.0,1598,504.0,14
158,156,157,493.0,30779,504.0,14,166.0,1
159,157,158,504.0,510,166.0,1,409.0,1572
160,158,159,166.0,9,409.0,1572,432.0,1572
161,159,160,438.0,32379,432.0,1572,380.0,429
162,160,161,432.0,33952,380.0,429,355.0,1572
163,161,162,380.0,31181,355.0,1572,355.0,1572
164,162,163,383.0,32753,355.0,1572,332.0,806
165,163,164,386.0,34325,332.0,806,329.0,1572
166,164,165,332.0,31558,329.0,1572,181.0,1
167,165,166,329.0,33131,181.0,1,298.0,2925
168,166,167,181.0,9,298.0,2925,466.0,1
169,167,168,298.0,33677,466.0,1,562.0,672
170,168,169,466.0,10,562.0,672,561.0,1622
171,169,170,562.0,35268,561.0,1622,471.0,1
172,170,171,564.0,36890,471.0,1,527.0,26
173,171,172,471.0,10,527.0,26,527.0,25
174,172,173,533.0,585,527.0,25,491.0,919
175,173,174,533.0,610,491.0,919,487.0,1599
176,174,175,493.0,33283,487.0,1599,483.0,3144
177,175,176,493.0,34882,483.0,3144,429.0,554
178,176,177,483.0,37740,429.0,554,409.0,1572
179,177,178,429.0,35150,409.0,1572,429.0,1572
180,178,179,435.0,36722,429.0,1572,376.0,928
181,179,180,429.0,38295,376.0,928,355.0,1572
182,180,181,376.0,35524,355.0,1572,404.0,1773
183,181,182,380.0,37096,404.0,1773,329.0,1305
184,182,183,404.0,36369,329.0,1305,326.0,1572
185,183,184,329.0,35901,326.0,1572,350.0,2448
186,184,185,326.0,37474,350.0,2448,585.0,888
187,185,186,350.0,37044,585.0,888,580.0,2399
188,186,187,585.0,41848,580.0,2399,562.0,1187
189,187,188,580.0,43359,562.0,1187,561.0,1622
190,188,189,562.0,39627,561.0,1622,533.0,9
191,189,190,562.0,41249,533.0,9,527.0,26
192,190,191,533.0,629,527.0,26,527.0,26
193,191,192,533.0,655,527.0,26,491.0,1426
194,192,193,533.0,681,491.0,1426,487.0,1599
195,193,194,493.0,37386,487.0,1599,463.0,1697
196,194,195,493.0,38985,463.0,1697,438.0,1052
197,195,196,463.0,40137,438.0,1052,432.0,1572
198,196,197,438.0,39492,432.0,1572,456.0,2724
199,197,198,432.0,41065,456.0,2724,386.0,1426
200,198,199,456.0,41164,386.0,1426,357.0,1572
201,199,200,386.0,39866,357.0,1572,332.0,231
202,200,201,357.0,41439,332.0,231,329.0,1572
203,201,202,332.0,38671,329.0,1572,323.0,1572
204,202,203,329.0,40244,323.0,1572,183.0,1
205,203,204,323.0,41817,183.0,1,585.0,2528
206,204,205,183.0,11,585.0,2528,468.0,1
207,205,206,585.0,47584,468.0,1,561.0,1622
208,206,207,468.0,12,561.0,1622,562.0,1622
209,207,208,564.0,43985,562.0,1622,533.0,17
210,208,209,562.0,45608,533.0,17,527.0,26
211,209,210,533.0,699,527.0,26,491.0,335
212,210,211,533.0,725,491.0,335,489.0,1598
213,211,212,493.0,39891,489.0,1598,487.0,1599
214,212,213,493.0,41489,487.0,1599,463.0,3758
215,213,214,493.0,43088,463.0,3758,435.0,1551
216,214,215,463.0,46042,435.0,1551,429.0,1572
217,215,216,435.0,43835,429.0,1572,380.0,353
218,216,217,429.0,45408,380.0,353,355.0,1572
219,217,218,380.0,42637,355.0,1572,355.0,1572
220,218,219,383.0,44209,355.0,1572,329.0,730
221,219,220,383.0,45781,329.0,730,326.0,1572
222,220,221,329.0,43014,326.0,1572,181.0,1
223,221,222,326.0,44587,181.0,1,298.0,2619
224,222,223,181.0,12,298.0,2619,466.0,1
225,223,224,298.0,44903,466.0,1,564.0,593
226,224,225,466.0,13,564.0,593,562.0,1622
227,225,226,564.0,46721,562.0,1622,561.0,1622
228,226,227,562.0,48344,561.0,1622,533.0,25
229,227,228,564.0,49966,533.0,25,527.0,26
230,228,229,533.0,769,527.0,26,491.0,842
231,229,230,533.0,795,491.0,842,487.0,1599
232,230,231,493.0,43994,487.0,1599,483.0,2540
233,231,232,493.0,45593,483.0,2540,411.0,478
234,232,233,483.0,48668,411.0,478,409.0,1572
235,233,234,411.0,46606,409.0,1572,409.0,1572
236,234,235,432.0,48178,409.0,1572,357.0,852
237,235,236,438.0,49750,357.0,852,355.0,1572
238,236,237,357.0,46980,355.0,1572,176.0,1
239,237,238,376.0,48552,176.0,1,329.0,1229
240,238,239,176.0,13,329.0,1229,323.0,1572
241,239,240,329.0,47357,323.0,1572,350.0,2141
242,240,241,323.0,48930,350.0,2141,585.0,638
243,241,242,350.0,48269,585.0,638,580.0,2093
244,242,243,585.0,53886,580.0,2093,562.0,1108
245,243,244,580.0,55341,562.0,1108,561.0,1622
246,244,245,562.0,51080,561.0,1622,533.0,8
247,245,246,564.0,52702,533.0,8,527.0,25
248,246,247,533.0,814,527.0,25,533.0,25
249,247,248,538.0,839,533.0,25,491.0,1349
250,248,249,533.0,865,491.0,1349,487.0,1599
251,249,250,493.0,48097,487.0,1599,463.0,1382
252,250,251,493.0,49696,463.0,1382,438.0,976
253,251,252,463.0,51354,438.0,976,432.0,1572
254,252,253,438.0,50948,432.0,1572,456.0,2138
255,253,254,432.0,52521,456.0,2138,383.0,1350
256,254,255,456.0,52110,383.0,1350,355.0,1572
257,255,256,383.0,51322,355.0,1572,178.0,1
258,256,257,386.0,52894,178.0,1,326.0,1572
259,257,258,178.0,14,326.0,1572,306.0,1572
260,258,259,326.0,51700,306.0,1572,183.0,1
261,259,260,306.0,53273,183.0,1,585.0,2278
262,260,261,183.0,14,585.0,2278,468.0,1
263,261,262,585.0,59622,468.0,1,562.0,1622
264,262,263,468.0,15,562.0,1622,561.0,1622
265,263,264,562.0,55439,561.0,1622,533.0,16
266,264,265,562.0,57061,533.0,16,527.0,26
267,265,266,533.0,884,527.0,26,491.0,257
268,266,267,533.0,910,491.0,257,487.0,1599
269,267,268,493.0,50601,487.0,1599,487.0,1598
270,268,269,493.0,52200,487.0,1598,463.0,3443
271,269,270,493.0,53799,463.0,3443,435.0,1475
272,270,271,463.0,57259,435.0,1475,411.0,1572
273,271,272,435.0,55291,411.0,1572,376.0,277
274,272,273,411.0,56864,376.0,277,355.0,1572
275,273,274,376.0,54093,355.0,1572,355.0,1572
276,274,275,380.0,55665,355.0,1572,329.0,654
277,275,276,383.0,57237,329.0,654,323.0,1572
278,276,277,329.0,54470,323.0,1572,304.0,1572
279,277,278,323.0,56043,304.0,1572,298.0,2313
280,278,279,332.0,57615,298.0,2313,585.0,3917
281,279,280,298.0,56129,585.0,3917,562.0,515
282,280,281,585.0,65357,562.0,515,561.0,1622
283,281,282,562.0,58175,561.0,1622,562.0,1622
284,282,283,564.0,59797,562.0,1622,533.0,24
285,283,284,562.0,61420,533.0,24,527.0,26
286,284,285,533.0,954,527.0,26,491.0,764
287,285,286,533.0,980,491.0,764,487.0,1599
288,286,287,493.0,54704,487.0,1599,483.0,1935
289,287,288,493.0,56303,483.0,1935,438.0,401
290,288,289,483.0,59595,438.0,401,432.0,1572
291,289,290,438.0,58061,432.0,1572,409.0,1572
292,290,291,432.0,59634,409.0,1572,386.0,775
293,291,292,437.0,61206,386.0,775,364.0,1572
294,292,293,386.0,58435,364.0,1572,176.0,1
295,293,294,364.0,60008,176.0,1,326.0,1153
296,294,295,176.0,16,326.0,1153,306.0,1572
297,295,296,326.0,58813,306.0,1572,350.0,1834
298,296,297,306.0,60386,350.0,1834,159.0,1
299,297,298,350.0,59494,159.0,1,580.0,1787
300,298,299,41.0,15,580.0,1787,564.0,1029
301,299,300,580.0,67323,564.0,1029,562.0,1622
302,300,301,564.0,62533,562.0,1622,533.0,6
303,301,302,562.0,64156,533.0,6,527.0,26
304,302,303,533.0,998,527.0,26,527.0,26
305,303,304,533.0,1024,527.0,26,491.0,1271
306,304,305,533.0,1050,491.0,1271,487.0,1599
307,305,306,493.0,58807,487.0,1599,463.0,1067
308,306,307,493.0,60406,463.0,1067,435.0,900
309,307,308,463.0,62571,435.0,900,429.0,1572
310,308,309,435.0,62404,429.0,1572,456.0,1551
311,309,310,429.0,63977,456.0,1551,383.0,1274
312,310,311,456.0,63055,383.0,1274,355.0,1572
313,311,312,383.0,62778,355.0,1572,178.0,1
314,312,313,383.0,64350,178.0,1,326.0,1572
315,313,314,178.0,17,326.0,1572,304.0,1572
316,314,315,326.0,63156,304.0,1572,183.0,1
317,315,316,332.0,64728,183.0,1,585.0,2027
318,316,317,183.0,17,585.0,2027,580.0,3792
319,317,318,585.0,71659,580.0,3792,562.0,1544
320,318,319,580.0,73424,562.0,1544,561.0,1622
321,319,320,562.0,66892,561.0,1622,533.0,15
322,320,321,564.0,68514,533.0,15,527.0,25
323,321,322,533.0,1069,527.0,25,491.0,180
324,322,323,533.0,1094,491.0,180,487.0,1599
325,323,324,493.0,61312,487.0,1599,489.0,1598
326,324,325,493.0,62911,489.0,1598,463.0,3128
327,325,326,493.0,64509,463.0,3128,432.0,1399
328,326,327,463.0,68476,432.0,1399,409.0,1572
329,327,328,432.0,66747,409.0,1572,357.0,201
330,328,329,438.0,68319,357.0,201,355.0,1572
331,329,330,357.0,65549,355.0,1572,355.0,1572
332,330,331,380.0,67121,355.0,1572,326.0,578
333,331,332,380.0,68693,326.0,578,306.0,1572
334,332,333,326.0,65926,306.0,1572,304.0,1572
335,333,334,306.0,67499,304.0,1572,298.0,2007
336,334,335,329.0,69071,298.0,2007,585.0,3667
337,335,336,298.0,67355,585.0,3667,564.0,436
338,336,337,585.0,77395,564.0,436,562.0,1622
339,337,338,564.0,69628,562.0,1622,561.0,1622
340,338,339,562.0,71251,561.0,1622,533.0,23
341,339,340,562.0,72873,533.0,23,527.0,26
342,340,341,533.0,1139,527.0,26,491.0,687
343,341,342,533.0,1165,491.0,687,487.0,1599
344,342,343,493.0,65415,487.0,1599,483.0,1330
345,343,344,493.0,67014,483.0,1330,435.0,325
346,344,345,483.0,70522,435.0,325,429.0,1572
347,345,346,435.0,69517,429.0,1572,409.0,1572
348,346,347,429.0,71090,409.0,1572,383.0,699
349,347,348,435.0,72662,383.0,699,355.0,1572
350,348,349,383.0,69891,355.0,1572,176.0,1
351,349,350,386.0,71463,176.0,1,323.0,1077
352,350,351,176.0,19,323.0,1077,304.0,1572
353,351,352,323.0,70269,304.0,1572,350.0,1526
354,352,353,332.0,71841,350.0,1526,159.0,1
355,353,354,350.0,70718,159.0,1,580.0,1481
356,354,355,40.0,1,580.0,1481,562.0,951
357,355,356,580.0,79305,562.0,951,561.0,1622
358,356,357,562.0,73987,561.0,1622,533.0,5
359,357,358,564.0,75609,533.0,5,527.0,26
360,358,359,533.0,1183,527.0,26,527.0,26
361,359,360,533.0,1209,527.0,26,491.0,1194
362,360,361,533.0,1235,491.0,1194,487.0,1598
363,361,362,493.0,69518,487.0,1598,463.0,752
364,362,363,493.0,71117,463.0,752,432.0,824
365,363,364,463.0,73788,432.0,824,409.0,1572
366,364,365,432.0,73860,409.0,1572,171.0,1
367,365,366,438.0,75432,171.0,1,380.0,1198
368,366,367,171.0,20,380.0,1198,355.0,1572
369,367,368,380.0,74234,355.0,1572,178.0,1
370,368,369,383.0,75806,178.0,1,306.0,1572
371,369,370,178.0,20,306.0,1572,304.0,1572
372,370,371,306.0,74612,304.0,1572,350.0,3539
373,371,372,329.0,76184,350.0,3539,585.0,1777
374,372,373,350.0,76575,585.0,1777,580.0,3486
375,373,374,585.0,83697,580.0,3486,564.0,1465
376,374,375,580.0,85406,564.0,1465,562.0,1622
377,375,376,564.0,78345,562.0,1622,533.0,13
378,376,377,562.0,79968,533.0,13,527.0,26
379,377,378,533.0,1253,527.0,26,509.0,62
380,378,379,533.0,1279,509.0,62,487.0,1599
381,379,380,509.0,1302,487.0,1599,487.0,1599
382,380,381,493.0,73621,487.0,1599,463.0,2814
383,381,382,493.0,75220,463.0,2814,432.0,1323
384,382,383,463.0,79694,432.0,1323,409.0,1572
385,383,384,432.0,78203,409.0,1572,173.0,1
386,384,385,435.0,79775,173.0,1,357.0,1572
387,385,386,173.0,21,357.0,1572,355.0,1572
388,386,387,357.0,78577,355.0,1572,323.0,502
389,387,388,380.0,80149,323.0,502,304.0,1572
390,388,389,323.0,77382,304.0,1572,326.0,1572
391,389,390,332.0,78954,326.0,1572,298.0,1701
392,390,391,326.0,80527,298.0,1701,585.0,3417
393,391,392,298.0,78581,585.0,3417,562.0,358
394,392,393,585.0,89433,562.0,358,561.0,1622
395,393,394,562.0,81082,561.0,1622,561.0,1622
396,394,395,562.0,82704,561.0,1622,533.0,22
397,395,396,564.0,84326,533.0,22,527.0,25
398,396,397,533.0,1324,527.0,25,491.0,609
399,397,398,533.0,1349,491.0,609,487.0,1599
400,398,399,493.0,76125,487.0,1599,476.0,1
401,399,400,493.0,77724,476.0,1,435.0,249
402,400,401,476.0,22,435.0,249,409.0,1572
403,401,402,435.0,80973,409.0,1572,432.0,1572
404,402,403,438.0,82545,432.0,1572,383.0,623
405,403,404,432.0,84118,383.0,623,355.0,1572
406,404,405,383.0,81347,355.0,1572,355.0,1572
407,405,406,383.0,82919,355.0,1572,306.0,1001
408,406,407,386.0,84491,306.0,1001,304.0,1572
409,407,408,306.0,81725,304.0,1572,350.0,1219
410,408,409,329.0,83297,350.0,1219,298.0,3705
411,409,410,350.0,81943,298.0,3705,580.0,1174
412,410,411,298.0,84429,580.0,1174,564.0,872
413,411,412,580.0,91286,564.0,872,562.0,1622
414,412,413,564.0,85440,562.0,1622,533.0,4
415,413,414,562.0,87063,533.0,4,527.0,26
416,414,415,533.0,1368,527.0,26,527.0,26
417,415,416,533.0,1394,527.0,26,491.0,1116
418,416,417,533.0,1420,491.0,1116,487.0,1599
419,417,418,493.0,80228,487.0,1599,161.0,1
420,418,419,493.0,81827,161.0,1,432.0,748
421,419,420,161.0,23,432.0,748,409.0,1572
422,420,421,432.0,85316,409.0,1572,171.0,1
423,421,422,435.0,86888,171.0,1,380.0,1122
424,422,423,171.0,23,380.0,1122,355.0,1572
425,423,424,380.0,85690,355.0,1572,404.0,3279
426,424,425,380.0,87262,404.0,3279,332.0,1499
427,425,426,404.0,87847,332.0,1499,326.0,1572
428,426,427,332.0,86067,326.0,1572,350.0,3232
429,427,428,326.0,87640,350.0,3232,585.0,1526
430,428,429,350.0,87800,585.0,1526,580.0,3179
431,429,430,585.0,95734,580.0,3179,562.0,1387
432,430,431,580.0,97387,562.0,1387,561.0,1622
433,431,432,562.0,89799,561.0,1622,533.0,12
434,432,433,564.0,91421,533.0,12,527.0,26
435,433,434,533.0,1438,527.0,26,474.0,1
436,434,435,533.0,1464,474.0,1,487.0,1599
437,435,436,474.0,24,487.0,1599,489.0,1598
438,436,437,493.0,84332,489.0,1598,463.0,2499
439,437,438,493.0,85930,463.0,2499,411.0,1247
440,438,439,463.0,90911,411.0,1247,409.0,1572
441,439,440,411.0,89659,409.0,1572,173.0,1
442,440,441,432.0,91231,173.0,1,355.0,1572
443,441,442,173.0,24,355.0,1572,371.0,1572
444,442,443,386.0,90032,371.0,1572,306.0,426
445,443,444,371.0,91605,306.0,426,304.0,1572
446,444,445,306.0,88838,304.0,1572,326.0,1572
447,445,446,329.0,90410,326.0,1572,298.0,1395
448,446,447,326.0,91983,298.0,1395,585.0,3166
449,447,448,298.0,89807,585.0,3166,562.0,279
450,448,449,585.0,101470,562.0,279,561.0,1622
451,449,450,562.0,92535,561.0,1622,562.0,1622
452,450,451,564.0,94157,562.0,1622,533.0,20
453,451,452,562.0,95780,533.0,20,527.0,26
454,452,453,533.0,1508,527.0,26,491.0,532
455,453,454,533.0,1534,491.0,532,487.0,1599
456,454,455,493.0,86836,487.0,1599,476.0,1
457,455,456,493.0,88435,476.0,1,432.0,173
458,456,457,476.0,25,432.0,173,409.0,1572
459,457,458,432.0,92429,409.0,1572,432.0,1572
460,458,459,438.0,94001,432.0,1572,380.0,547
461,459,460,432.0,95574,380.0,547,355.0,1572
462,460,461,380.0,92803,355.0,1572,355.0,1572
463,461,462,383.0,94375,355.0,1572,332.0,924
464,462,463,383.0,95947,332.0,924,326.0,1572
465,463,464,332.0,93180,326.0,1572,350.0,912
466,464,465,326.0,94753,350.0,912,298.0,3399
467,465,466,350.0,93168,298.0,3399,580.0,868
468,466,467,298.0,95655,580.0,868,562.0,794
469,467,468,580.0,103268,562.0,794,561.0,1622
470,468,469,562.0,96894,561.0,1622,533.0,3
471,469,470,562.0,98516,533.0,3,527.0,25
472,470,471,533.0,1553,527.0,25,533.0,25
473,471,472,538.0,1578,533.0,25,491.0,1039
474,472,473,533.0,1604,491.0,1039,487.0,1598
475,473,474,493.0,90939,487.0,1598,161.0,1
476,474,475,493.0,92538,161.0,1,429.0,672
477,475,476,161.0,26,429.0,672,409.0,1572
478,476,477,429.0,96772,409.0,1572,411.0,1572
479,477,478,435.0,98344,411.0,1572,357.0,1046
480,478,479,411.0,99917,357.0,1046,355.0,1572
481,479,480,357.0,97146,355.0,1572,404.0,2688
482,480,481,380.0,98718,404.0,2688,329.0,1423
483,481,482,404.0,98788,329.0,1423,326.0,1572
484,482,483,329.0,97523,326.0,1572,350.0,2924
485,483,484,326.0,99096,350.0,2924,585.0,1276
486,484,485,350.0,99024,585.0,1276,580.0,2873
487,485,486,585.0,107772,580.0,2873,564.0,1308
488,486,487,580.0,109369,564.0,1308,562.0,1622
489,487,488,564.0,101252,562.0,1622,533.0,11
490,488,489,562.0,102875,533.0,11,527.0,26
491,489,490,533.0,1623,527.0,26,474.0,1
492,490,491,533.0,1649,474.0,1,491.0,1546
493,491,492,474.0,27,491.0,1546,487.0,1599
494,492,493,493.0,95042,487.0,1599,463.0,2184
495,493,494,493.0,96641,463.0,2184,438.0,1170
496,494,495,463.0,102128,438.0,1170,432.0,1572
497,495,496,438.0,101114,432.0,1572,456.0,3632
498,496,497,432.0,102687,456.0,3632,383.0,1544
499,497,498,456.0,103576,383.0,1544,355.0,1572
500,498,499,383.0,101488,355.0,1572,332.0,349
501,499,500,386.0,103060,332.0,349,326.0,1572
502,500,501,332.0,100293,326.0,1572,323.0,1572
503,501,502,326.0,101866,323.0,1572,298.0,1089
504,502,503,323.0,103439,298.0,1089,585.0,2916
505,503,504,298.0,101033,585.0,2916,564.0,200
506,504,505,585.0,113508,564.0,200,562.0,1622
507,505,506,564.0,103988,562.0,1622,561.0,1622
508,506,507,562.0,105611,561.0,1622,533.0,19
509,507,508,564.0,107233,533.0,19,527.0,26
510,508,509,533.0,1693,527.0,26,491.0,454
511,509,510,533.0,1719,491.0,454,487.0,1599
512,510,511,493.0,97546,487.0,1599,504.0,58
513,511,512,493.0,99145,504.0,58,166.0,1
514,512,513,504.0,1732,166.0,1,409.0,1572
515,513,514,166.0,28,409.0,1572,429.0,1572
516,514,515,435.0,105457,429.0,1572,380.0,471
517,515,516,429.0,107030,380.0,471,355.0,1572
518,516,517,380.0,104259,355.0,1572,355.0,1572
519,517,518,380.0,105831,355.0,1572,329.0,848
520,518,519,383.0,107403,329.0,848,326.0,1572
521,519,520,329.0,104636,326.0,1572,181.0,1
522,520,521,326.0,106209,181.0,1,298.0,3093
523,521,522,181.0,28,298.0,3093,466.0,1
524,522,523,298.0,106881,466.0,1,562.0,715
525,523,524,466.0,29,562.0,715,561.0,1622
526,524,525,562.0,108347,561.0,1622,471.0,1
527,525,526,564.0,109969,471.0,1,527.0,26
528,526,527,471.0,29,527.0,26,527.0,26
529,527,528,533.0,1763,527.0,26,491.0,962
530,528,529,533.0,1789,491.0,962,489.0,1598
531,529,530,493.0,101650,489.0,1598,483.0,3476
532,530,531,493.0,103248,483.0,3476,438.0,595
533,531,532,483.0,111108,438.0,595,432.0,1572
534,532,533,438.0,108227,432.0,1572,409.0,1572
535,533,534,432.0,109800,409.0,1572,386.0,969
536,534,535,438.0,111372,386.0,969,376.0,1572
537,535,536,386.0,108601,376.0,1572,404.0,2097
538,536,537,376.0,110174,404.0,2097,326.0,1347
539,537,538,404.0,109729,326.0,1347,323.0,1572
540,538,539,326.0,108979,323.0,1572,350.0,2617
541,539,540,323.0,110552,350.0,2617,585.0,1026
542,540,541,350.0,110249,585.0,1026,580.0,2567
543,541,542,585.0,119810,580.0,2567,562.0,1230
544,542,543,580.0,121351,562.0,1230,561.0,1622
545,543,544,562.0,112706,561.0,1622,533.0,10
546,544,545,562.0,114328,533.0,10,527.0,25
547,545,546,533.0,1808,527.0,25,527.0,26
548,546,547,533.0,1833,527.0,26,491.0,1469
549,547,548,533.0,1859,491.0,1469,487.0,1599
550,548,549,493.0,105753,487.0,1599,463.0,1869
551,549,550,493.0,107352,463.0,1869,435.0,1094
552,550,551,463.0,113345,435.0,1094,429.0,1572
553,551,552,435.0,112570,429.0,1572,456.0,3046
554,552,553,429.0,114143,456.0,3046,383.0,1468
555,553,554,456.0,114522,383.0,1468,355.0,1572
556,554,555,383.0,112944,355.0,1572,329.0,273
557,555,556,385.0,114516,329.0,273,326.0,1572
558,556,557,329.0,111749,326.0,1572,304.0,1572
559,557,558,326.0,113322,304.0,1572,298.0,782
560,558,559,332.0,114894,298.0,782,585.0,2665
561,559,560,298.0,112258,585.0,2665,468.0,1
562,560,561,585.0,125545,468.0,1,561.0,1622
563,561,562,468.0,31,561.0,1622,562.0,1622
564,562,563,564.0,117064,562.0,1622,533.0,18
565,563,564,562.0,118687,533.0,18,527.0,26
566,564,565,533.0,1878,527.0,26,491.0,377
567,565,566,533.0,1904,491.0,377,487.0,1598
568,566,567,493.0,108257,487.0,1598,487.0,1599
569,567,568,493.0,109856,487.0,1599,166.0,1
570,568,569,493.0,111455,166.0,1,409.0,1572
571,569,570,166.0,31,409.0,1572,409.0,1572
572,570,571,432.0,116913,409.0,1572,371.0,395
573,571,572,438.0,118485,371.0,395,355.0,1572
574,572,573,371.0,115715,355.0,1572,355.0,1572
575,573,574,380.0,117287,355.0,1572,326.0,772
576,574,575,380.0,118859,326.0,772,323.0,1572
577,575,576,326.0,116092,323.0,1572,181.0,1
578,576,577,323.0,117665,181.0,1,298.0,2787
579,577,578,181.0,31,298.0,2787,466.0,1
580,578,579,298.0,118107,466.0,1,564.0,636
581,579,580,466.0,32,564.0,636,562.0,1622
582,580,581,564.0,119800,562.0,1622,471.0,1
583,581,582,562.0,121423,471.0,1,527.0,26
584,582,583,471.0,32,527.0,26,527.0,26
585,583,584,533.0,1948,527.0,26,491.0,884
586,584,585,533.0,1974,491.0,884,487.0,1599
587,585,586,493.0,112360,487.0,1599,483.0,2871
588,586,587,493.0,113959,483.0,2871,438.0,519
589,587,588,483.0,122035,438.0,519,432.0,1572
590,588,589,438.0,119683,432.0,1572,409.0,1572
591,589,590,432.0,121256,409.0,1572,383.0,893
592,590,591,435.0,122828,383.0,893,355.0,1572
593,591,592,383.0,120057,355.0,1572,404.0,1506
594,592,593,386.0,121629,404.0,1506,326.0,1271
595,593,594,404.0,120670,326.0,1271,304.0,1572
596,594,595,326.0,120435,304.0,1572,350.0,2310
597,595,596,332.0,122007,350.0,2310,585.0,775
598,596,597,350.0,121474,585.0,775,580.0,2261
599,597,598,585.0,131847,580.0,2261,562.0,1151
600,598,599,580.0,133333,562.0,1151,561.0,1622
601,599,600,562.0,124159,561.0,1622,533.0,8
602,600,601,564.0,125781,533.0,8,527.0,26
603,601,602,533.0,1992,527.0,26,527.0,26
604,602,603,533.0,2018,527.0,26,491.0,1391
605,603,604,533.0,2044,491.0,1391,487.0,1599
606,604,605,493.0,116463,487.0,1599,463.0,1555
607,605,606,493.0,118062,463.0,1555,435.0,1018
608,606,607,463.0,124563,435.0,1018,411.0,1572
609,607,608,435.0,124026,411.0,1572,456.0,2459
610,608,609,411.0,125599,456.0,2459,380.0,1392
611,609,610,456.0,125467,380.0,1392,355.0,1572
612,610,611,380.0,124400,355.0,1572,326.0,197
613,611,612,383.0,125972,326.0,197,323.0,1572
614,612,613,326.0,123205,323.0,1572,304.0,1572
615,613,614,323.0,124778,304.0,1572,183.0,1
616,614,615,332.0,126350,183.0,1,585.0,2415
617,615,616,183.0,33,585.0,2415,468.0,1
618,616,617,585.0,137583,468.0,1,562.0,1622
619,617,618,468.0,34,562.0,1622,561.0,1622
620,618,619,562.0,128518,561.0,1622,530.0,17
621,619,620,562.0,130140,530.0,17,527.0,25
622,620,621,530.0,2063,527.0,25,491.0,300
623,621,622,533.0,2088,491.0,300,489.0,1598
624,622,623,493.0,118968,489.0,1598,487.0,1599
625,623,624,493.0,120566,487.0,1599,463.0,3616
626,624,625,493.0,122165,463.0,3616,432.0,1517
627,625,626,463.0,130468,432.0,1517,409.0,1572
628,626,627,432.0,128369,409.0,1572,386.0,318
629,627,628,437.0,129941,386.0,318,376.0,1572
630,628,629,386.0,127170,376.0,1572,355.0,1572
631,629,630,376.0,128743,355.0,1572,326.0,696
632,630,631,380.0,130315,326.0,696,304.0,1572
633,631,632,326.0,127548,304.0,1572,329.0,1572
634,632,633,332.0,129120,329.0,1572,298.0,2481
635,633,634,329.0,130693,298.0,2481,585.0,4055
636,634,635,298.0,129333,585.0,4055,562.0,558
637,635,636,585.0,143319,562.0,558,561.0,1622
638,636,637,562.0,131254,561.0,1622,562.0,1622
639,637,638,564.0,132876,562.0,1622,533.0,25
640,638,639,562.0,134499,533.0,25,527.0,26
641,639,640,533.0,2133,527.0,26,491.0,807
642,640,641,533.0,2159,491.0,807,487.0,1599
643,641,642,493.0,123071,487.0,1599,483.0,2267
644,642,643,493.0,124670,483.0,2267,435.0,443
645,643,644,483.0,132963,435.0,443,417.0,1572
646,644,645,435.0,131139,417.0,1572,409.0,1572
647,645,646,417.0,132712,409.0,1572,383.0,817
648,646,647,435.0,134284,383.0,817,355.0,1572
649,647,648,383.0,131513,355.0,1572,176.0,1
650,648,649,386.0,133085,176.0,1,323.0,1195
651,649,650,176.0,35,323.0,1195,304.0,1572
652,650,651,323.0,131891,304.0,1572,350.0,2002
653,651,652,332.0,133463,350.0,2002,585.0,525
654,652,653,350.0,132698,585.0,525,580.0,1955
655,653,654,585.0,143885,580.0,1955,564.0,1072
656,654,655,580.0,145315,564.0,1072,562.0,1622
657,655,656,564.0,135612,562.0,1622,533.0,7
658,656,657,562.0,137235,533.0,7,527.0,26
659,657,658,533.0,2177,527.0,26,527.0,26
660,658,659,533.0,2203,527.0,26,491.0,1314
661,659,660,533.0,2229,491.0,1314,487.0,1599
662,660,661,493.0,127174,487.0,1599,463.0,1240
663,661,662,493.0,128773,463.0,1240,432.0,942
664,662,663,463.0,135780,432.0,942,409.0,1572
665,663,664,432.0,135482,409.0,1572,456.0,1873
666,664,665,438.0,137054,456.0,1873,380.0,1316
667,665,666,456.0,136413,380.0,1316,355.0,1572
668,666,667,380.0,135856,355.0,1572,178.0,1
669,667,668,380.0,137428,178.0,1,304.0,1572
670,668,669,178.0,36,304.0,1572,329.0,1572
671,669,670,332.0,136233,329.0,1572,183.0,1
672,670,671,329.0,137806,183.0,1,585.0,2164
673,671,672,183.0,36,585.0,2164,580.0,3960
674,672,673,585.0,149620,580.0,3960,562.0,1587
675,673,674,580.0,151416,562.0,1587,561.0,1622
676,674,675,562.0,139971,561.0,1622,533.0,15
677,675,676,564.0,141593,533.0,15,527.0,26
678,676,677,533.0,2247,527.0,26,491.0,222
679,677,678,533.0,2273,491.0,222,487.0,1599
680,678,679,493.0,129678,487.0,1599,487.0,1598
681,679,680,493.0,131277,487.0,1598,463.0,3301
682,680,681,493.0,132876,463.0,3301,429.0,1441
683,681,682,463.0,141685,429.0,1441,409.0,1572
684,682,683,429.0,139825,409.0,1572,383.0,242
685,683,684,435.0,141397,383.0,242,355.0,1572
686,684,685,383.0,138626,355.0,1572,376.0,1572
687,685,686,386.0,140198,376.0,1572,323.0,620
688,686,687,376.0,141771,323.0,620,304.0,1572
689,687,688,323.0,139004,304.0,1572,326.0,1572
690,688,689,329.0,140576,326.0,1572,298.0,2175
691,689,690,326.0,142149,298.0,2175,585.0,3804
692,690,691,298.0,140559,585.0,3804,564.0,479
693,691,692,585.0,155356,564.0,479,562.0,1622
694,692,693,564.0,142707,562.0,1622,561.0,1622
695,693,694,562.0,144330,561.0,1622,533.0,23
696,694,695,562.0,145952,533.0,23,527.0,26
697,695,696,533.0,2317,527.0,26,491.0,729
698,696,697,533.0,2343,491.0,729,487.0,1599
699,697,698,493.0,133781,487.0,1599,483.0,1662
700,698,699,493.0,135380,483.0,1662,432.0,367
701,699,700,483.0,143890,432.0,367,409.0,1572
702,700,701,432.0,142595,409.0,1572,432.0,1572
703,701,702,438.0,144167,432.0,1572,380.0,741
704,702,703,432.0,145740,380.0,741,355.0,1572
705,703,704,380.0,142969,355.0,1572,176.0,1
706,704,705,383.0,144541,176.0,1,332.0,1118
707,705,706,176.0,38,332.0,1118,329.0,1572
708,706,707,332.0,143346,329.0,1572,350.0,1695
709,707,708,329.0,144919,350.0,1695,159.0,1
710,708,709,350.0,143923,159.0,1,580.0,1648
711,709,710,41.0,37,580.0,1648,562.0,994
712,710,711,580.0,157296,562.0,994,561.0,1622
713,711,712,562.0,147066,561.0,1622,533.0,6
714,712,713,564.0,148688,533.0,6,527.0,26
715,713,714,533.0,2362,527.0,26,527.0,26
716,714,715,533.0,2388,527.0,26,491.0,1236
717,715,716,533.0,2414,491.0,1236,487.0,1599
718,716,717,493.0,137884,487.0,1599,463.0,925
719,717,718,493.0,139483,463.0,925,429.0,866
720,718,719,463.0,146997,429.0,866,409.0,1572
721,719,720,429.0,146938,409.0,1572,456.0,1286
722,720,721,435.0,148510,456.0,1286,376.0,1240
723,721,722,456.0,147358,376.0,1240,355.0,1572
724,722,723,376.0,147312,355.0,1572,178.0,1
725,723,724,380.0,148884,178.0,1,304.0,1572
726,724,725,178.0,39,304.0,1572,326.0,1572
727,725,726,329.0,147689,326.0,1572,350.0,3707
728,726,727,326.0,149262,350.0,3707,585.0,1914
729,727,728,350.0,149779,585.0,1914,580.0,3654
730,728,729,585.0,161658,580.0,3654,564.0,1508
731,729,730,580.0,163398,564.0,1508,562.0,1622
732,730,731,564.0,151424,562.0,1622,533.0,14
733,731,732,562.0,153047,533.0,14,527.0,26
734,732,733,533.0,2432,527.0,26,509.0,62
735,733,734,533.0,2458,509.0,62,489.0,1598
736,734,735,509.0,2480,489.0,1598,487.0,1599
737,735,736,493.0,141987,487.0,1599,463.0,2986
738,736,737,493.0,143586,463.0,2986,438.0,1364
739,737,738,463.0,152902,438.0,1364,432.0,1572
740,738,739,438.0,151280,432.0,1572,383.0,166
741,739,740,432.0,152853,383.0,166,355.0,1572
742,740,741,383.0,150082,355.0,1572,355.0,1572
743,741,742,386.0,151654,355.0,1572,332.0,543
744,742,743,386.0,153226,332.0,543,329.0,1572
745,743,744,332.0,150459,329.0,1572,326.0,1572
746,744,745,329.0,152032,326.0,1572,298.0,1869
747,745,746,326.0,153605,298.0,1869,585.0,3554
748,746,747,298.0,151785,585.0,3554,562.0,401
749,747,748,585.0,167394,562.0,401,561.0,1622
750,748,749,562.0,154161,561.0,1622,561.0,1622
751,749,750,562.0,155783,561.0,1622,533.0,22
752,750,751,566.0,157405,533.0,22,527.0,26
753,751,752,533.0,2502,527.0,26,491.0,652
754,752,753,533.0,2528,491.0,652,487.0,1599
755,753,754,493.0,144492,487.0,1599,476.0,1
756,754,755,493.0,146091,476.0,1,432.0,291
757,755,756,476.0,41,432.0,291,409.0,1572
758,756,757,432.0,154051,409.0,1572,429.0,1572
759,757,758,435.0,155623,429.0,1572,380.0,665
760,758,759,429.0,157196,380.0,665,355.0,1572
761,759,760,380.0,154425,355.0,1572,355.0,1572
762,760,761,380.0,155997,355.0,1572,329.0,1042
763,761,762,383.0,157569,329.0,1042,326.0,1572
764,762,763,329.0,154802,326.0,1572,350.0,1388
765,763,764,326.0,156375,350.0,1388,159.0,1
766,764,765,350.0,155148,159.0,1,580.0,1342
767,765,766,41.0,40,580.0,1342,564.0,915
768,766,767,580.0,169278,564.0,915,562.0,1622
769,767,768,564.0,158519,562.0,1622,533.0,5
770,768,769,562.0,160142,533.0,5,527.0,25
771,769,770,533.0,2547,527.0,25,527.0,26
772,770,771,533.0,2572,527.0,26,491.0,1159
773,771,772,533.0,2598,491.0,1159,487.0,1598
774,772,773,493.0,148595,487.0,1598,161.0,1
775,773,774,493.0,150194,161.0,1,411.0,790
776,774,775,161.0,42,411.0,790,409.0,1572
777,775,776,411.0,158394,409.0,1572,171.0,1
778,776,777,432.0,159966,171.0,1,386.0,1163
779,777,778,171.0,42,386.0,1163,376.0,1572
780,778,779,386.0,158767,376.0,1572,404.0,3603
781,779,780,376.0,160340,404.0,3603,329.0,1541
782,780,781,404.0,161207,329.0,1541,326.0,1572
783,781,782,329.0,159145,326.0,1572,350.0,3400
784,782,783,326.0,160718,350.0,3400,585.0,1664
785,783,784,350.0,161004,585.0,1664,580.0,3347
786,784,785,585.0,173696,580.0,3347,562.0,1430
787,785,786,580.0,175379,562.0,1430,561.0,1622
788,786,787,562.0,162878,561.0,1622,533.0,13
789,787,788,564.0,164500,533.0,13,527.0,26
790,788,789,533.0,2617,527.0,26,509.0,62
791,789,790,533.0,2643,509.0,62,487.0,1599
792,790,791,509.0,2666,487.0,1599,487.0,1599
793,791,792,493.0,152698,487.0,1599,463.0,2671
794,792,793,493.0,154297,463.0,2671,438.0,1288
795,793,794,463.0,164119,438.0,1288,432.0,1572
796,794,795,438.0,162736,432.0,1572,173.0,1
797,795,796,432.0,164309,173.0,1,355.0,1572
798,796,797,173.0,43,355.0,1572,355.0,1572
799,797,798,383.0,163110,355.0,1572,332.0,467
800,798,799,386.0,164682,332.0,467,326.0,1572
801,799,800,332.0,161915,326.0,1572,319.0,1572
802,800,801,326.0,163488,319.0,1572,298.0,1563
803,801,802,319.0,165061,298.0,1563,585.0,3303
804,802,803,298.0,163011,585.0,3303,564.0,322
805,803,804,585.0,179431,564.0,322,562.0,1622
806,804,805,564.0,165614,562.0,1622,561.0,1622
807,805,806,562.0,167237,561.0,1622,533.0,21
808,806,807,562.0,168859,533.0,21,527.0,26
809,807,808,533.0,2687,527.0,26,491.0,574
810,808,809,533.0,2713,491.0,574,487.0,1599
811,809,810,493.0,155202,487.0,1599,476.0,1
812,810,811,493.0,156801,476.0,1,429.0,215
813,811,812,476.0,44,429.0,215,409.0,1572
814,812,813,429.0,165507,409.0,1572,411.0,1572
815,813,814,435.0,167079,411.0,1572,376.0,589
816,814,815,411.0,168652,376.0,589,355.0,1572
817,815,816,376.0,165881,355.0,1572,355.0,1572
818,816,817,380.0,167453,355.0,1572,329.0,966
819,817,818,383.0,169025,329.0,966,326.0,1572
820,818,819,329.0,166258,326.0,1572,350.0,1080
821,819,820,326.0,167831,350.0,1080,298.0,3567
822,820,821,350.0,166372,298.0,3567,580.0,1036
823,821,822,298.0,168859,580.0,1036,562.0,837
824,822,823,580.0,181260,562.0,837,561.0,1622
825,823,824,562.0,169973,561.0,1622,533.0,3
826,824,825,564.0,171595,533.0,3,527.0,26
827,825,826,533.0,2731,527.0,26,527.0,26
828,826,827,533.0,2757,527.0,26,491.0,1081
829,827,828,533.0,2783,491.0,1081,487.0,1599
830,828,829,493.0,159305,487.0,1599,161.0,1
831,829,830,493.0,160904,161.0,1,438.0,713
832,830,831,161.0,45,438.0,713,432.0,1572
833,831,832,438.0,169849,432.0,1572,171.0,1
834,832,833,432.0,171422,171.0,1,386.0,1087
835,833,834,171.0,45,386.0,1087,357.0,1572
836,834,835,386.0,170223,357.0,1572,404.0,3012
837,835,836,357.0,171796,404.0,3012,326.0,1465
838,836,837,404.0,172148,326.0,1465,323.0,1572
839,837,838,326.0,170601,323.0,1572,350.0,3093
840,838,839,323.0,172174,350.0,3093,585.0,1413
841,839,840,350.0,172229,585.0,1413,580.0,3041
842,840,841,585.0,185733,580.0,3041,564.0,1351
843,841,842,580.0,187361,564.0,1351,562.0,1622
844,842,843,564.0,174331,562.0,1622,527.0,12
845,843,844,562.0,175954,527.0,12,533.0,25
846,844,845,527.0,2802,533.0,25,474.0,1
847,845,846,533.0,2827,474.0,1,491.0,1589
848,846,847,474.0,46,491.0,1589,487.0,1599
849,847,848,493.0,163409,487.0,1599,463.0,2357
850,848,849,493.0,165008,463.0,2357,435.0,1212
851,849,850,463.0,175337,435.0,1212,429.0,1572
852,850,851,435.0,174192,429.0,1572,173.0,1
853,851,852,429.0,175765,173.0,1,355.0,1572
854,852,853,173.0,46,355.0,1572,355.0,1572
855,853,854,383.0,174566,355.0,1572,329.0,391
856,854,855,383.0,176138,329.0,391,326.0,1572
857,855,856,329.0,173371,326.0,1572,304.0,1572
858,856,857,326.0,174944,304.0,1572,298.0,1256
859,857,858,332.0,176516,298.0,1256,585.0,3053
860,858,859,298.0,174236,585.0,3053,562.0,244
861,859,860,585.0,191469,562.0,244,561.0,1622
862,860,861,562.0,177068,561.0,1622,561.0,1622
863,861,862,562.0,178690,561.0,1622,533.0,20
864,862,863,564.0,180312,533.0,20,527.0,26
865,863,864,533.0,2872,527.0,26,491.0,497
866,864,865,533.0,2898,491.0,497,487.0,1598
867,865,866,493.0,165913,487.0,1598,499.0,41
868,866,867,493.0,167512,499.0,41,166.0,1
869,867,868,499.0,2893,166.0,1,432.0,1572
870,868,869,166.0,47,432.0,1572,409.0,1572
871,869,870,432.0,178535,409.0,1572,357.0,513
872,870,871,438.0,180107,357.0,513,355.0,1572
873,871,872,357.0,177337,355.0,1572,355.0,1572
874,872,873,376.0,178909,355.0,1572,326.0,890
875,873,874,380.0,180481,326.0,890,323.0,1572
876,874,875,326.0,177714,323.0,1572,350.0,773
877,875,876,323.0,179287,350.0,773,298.0,3261
878,876,877,350.0,177597,298.0,3261,580.0,730
879,877,878,298.0,180085,580.0,730,564.0,758
880,878,879,580.0,193242,564.0,758,562.0,1622
881,879,880,564.0,181426,562.0,1622,471.0,1
882,880,881,562.0,183049,471.0,1,527.0,26
883,881,882,471.0,48,527.0,26,527.0,26
884,882,883,533.0,2942,527.0,26,491.0,1004
885,883,884,533.0,2968,491.0,1004,487.0,1599
886,884,885,493.0,170016,487.0,1599,483.0,3808
887,885,886,493.0,171615,483.0,3808,435.0,637
888,886,887,483.0,184476,435.0,637,429.0,1572
889,887,888,435.0,181305,429.0,1572,409.0,1572
890,888,889,429.0,182878,409.0,1572,383.0,1011
891,889,890,435.0,184450,383.0,1011,355.0,1572
892,890,891,383.0,181679,355.0,1572,404.0,2421
893,891,892,386.0,183251,404.0,2421,326.0,1389
894,892,893,404.0,183089,326.0,1389,304.0,1572
895,893,894,326.0,182057,304.0,1572,350.0,2786
896,894,895,332.0,183629,350.0,2786,585.0,1163
897,895,896,350.0,183454,585.0,1163,580.0,2735
898,896,897,585.0,197771,580.0,2735,562.0,1273
899,897,898,580.0,199343,562.0,1273,561.0,1622
900,898,899,562.0,185785,561.0,1622,533.0,10
901,899,900,564.0,187407,533.0,10,527.0,26
902,900,901,533.0,2986,527.0,26,474.0,1
903,901,902,533.0,3012,474.0,1,491.0,1511
904,902,903,474.0,49,491.0,1511,487.0,1599
905,903,904,493.0,174119,487.0,1599,463.0,2042
906,904,905,493.0,175718,463.0,2042,432.0,1136
907,905,906,463.0,186554,432.0,1136,409.0,1572
908,906,907,432.0,185648,409.0,1572,456.0,3368
909,907,908,438.0,187220,456.0,3368,380.0,1510
910,908,909,456.0,187880,380.0,1510,355.0,1572
911,909,910,380.0,186022,355.0,1572,326.0,315
912,910,911,383.0,187594,326.0,315,323.0,1572
913,911,912,326.0,184827,323.0,1572,304.0,1572
914,912,913,323.0,186400,304.0,1572,298.0,950
915,913,914,329.0,187972,298.0,950,585.0,2803
916,914,915,298.0,185462,585.0,2803,562.0,165
917,915,916,585.0,203507,562.0,165,561.0,1622
918,916,917,562.0,188521,561.0,1622,562.0,1622
919,917,918,564.0,190143,562.0,1622,533.0,18
920,918,919,562.0,191766,533.0,18,527.0,26
921,919,920,533.0,3056,527.0,26,491.0,419
922,920,921,533.0,3082,491.0,419,487.0,1599
923,921,922,493.0,176623,487.0,1599,504.0,22
924,922,923,493.0,178222,504.0,22,166.0,1
925,923,924,504.0,3060,166.0,1,432.0,1572
926,924,925,166.0,50,432.0,1572,409.0,1572
927,925,926,432.0,189991,409.0,1572,386.0,436
928,926,927,435.0,191563,386.0,436,364.0,1572
929,927,928,386.0,188792,364.0,1572,355.0,1572
930,928,929,364.0,190365,355.0,1572,326.0,814
931,929,930,380.0,191937,326.0,814,304.0,1572
932,930,931,326.0,189170,304.0,1572,181.0,1
933,931,932,332.0,190742,181.0,1,298.0,2955
934,932,933,181.0,50,298.0,2955,466.0,1
935,933,934,298.0,191311,466.0,1,562.0,680
936,934,935,466.0,51,562.0,680,561.0,1622
937,935,936,562.0,192880,561.0,1622,471.0,1
938,936,937,562.0,194502,471.0,1,527.0,26
939,937,938,471.0,51,527.0,26,527.0,26
940,938,939,533.0,3127,527.0,26,491.0,927
941,939,940,533.0,3153,491.0,927,487.0,1599
942,940,941,493.0,180727,487.0,1599,483.0,3203
943,941,942,493.0,182326,483.0,3203,435.0,561
944,942,943,483.0,195403,435.0,561,411.0,1572
945,943,944,435.0,192761,411.0,1572,409.0,1572
946,944,945,411.0,194334,409.0,1572,383.0,935
947,945,946,432.0,195906,383.0,935,355.0,1572
948,946,947,383.0,193135,355.0,1572,404.0,1830
949,947,948,383.0,194707,404.0,1830,323.0,1313
950,948,949,404.0,194030,323.0,1313,304.0,1572
951,949,950,323.0,193513,304.0,1572,350.0,2478
952,950,951,329.0,195085,350.0,2478,585.0,913
953,951,952,350.0,194678,585.0,913,580.0,2429
954,952,953,585.0,209809,580.0,2429,564.0,1194
955,953,954,580.0,211325,564.0,1194,562.0,1622
956,954,955,564.0,197238,562.0,1622,533.0,9
957,955,956,562.0,198861,533.0,9,527.0,26
958,956,957,533.0,3171,527.0,26,527.0,26
959,957,958,533.0,3197,527.0,26,491.0,1434
960,958,959,533.0,3223,491.0,1434,487.0,1599
961,959,960,493.0,184830,487.0,1599,463.0,1727
962,960,961,493.0,186429,463.0,1727,432.0,1060
963,961,962,463.0,197771,432.0,1060,409.0,1572
964,962,963,432.0,197104,409.0,1572,456.0,2781
965,963,964,438.0,198676,456.0,2781,380.0,1434
966,964,965,456.0,198825,380.0,1434,355.0,1572
967,965,966,380.0,197478,355.0,1572,326.0,239
968,966,967,380.0,199050,326.0,239,304.0,1572
969,967,968,326.0,196283,304.0,1572,329.0,1572
970,968,969,332.0,197855,329.0,1572,298.0,644
971,969,970,329.0,199428,298.0,644,585.0,2552
972,970,971,298.0,196688,585.0,2552,468.0,1
973,971,972,585.0,215544,468.0,1,562.0,1622
974,972,973,468.0,53,562.0,1622,561.0,1622
975,973,974,562.0,201597,561.0,1622,533.0,17
976,974,975,564.0,203219,533.0,17,527.0,26
977,975,976,533.0,3241,527.0,26,491.0,342
978,976,977,533.0,3267,491.0,342,487.0,1599
979,977,978,493.0,187334,487.0,1599,487.0,1598
980,978,979,493.0,188933,487.0,1598,463.0,3788
981,979,980,493.0,190532,463.0,3788,429.0,1559
982,980,981,463.0,203676,429.0,1559,409.0,1572
983,981,982,429.0,201447,409.0,1572,383.0,360
984,982,983,435.0,203019,383.0,360,355.0,1572
985,983,984,383.0,200248,355.0,1572,374.0,1572
986,984,985,386.0,201820,374.0,1572,323.0,738
987,985,986,374.0,203393,323.0,738,304.0,1572
988,986,987,323.0,200626,304.0,1572,181.0,1
989,987,988,329.0,202198,181.0,1,298.0,2649
990,988,989,181.0,53,298.0,2649,466.0,1
991,989,990,298.0,202537,466.0,1,562.0,601
992,990,991,466.0,54,562.0,601,561.0,1622
993,991,992,562.0,204333,561.0,1622,471.0,1
994,992,993,564.0,205955,471.0,1,527.0,25
995,993,994,471.0,54,527.0,25,527.0,26
996,994,995,533.0,3311,527.0,26,491.0,849
997,995,996,533.0,3337,491.0,849,487.0,1599
998,996,997,493.0,191437,487.0,1599,483.0,2598
999,997,998,493.0,193036,483.0,2598,432.0,485
1000,998,999,483.0,206330,432.0,485,409.0,1572
1001,999,1000,432.0,204217,409.0,1572,432.0,1572
1002,1000,1001,438.0,205789,432.0,1572,380.0,859
1003,1001,1002,432.0,207362,380.0,859,355.0,1572
1004,1002,1003,380.0,204591,355.0,1572,404.0,1239
1005,1003,1004,383.0,206163,404.0,1239,332.0,1236
1006,1004,1005,404.0,204971,332.0,1236,329.0,1572
1007,1005,1006,332.0,204968,329.0,1572,350.0,2171
1008,1006,1007,329.0,206541,350.0,2171,585.0,662
1009,1007,1008,350.0,205903,585.0,662,580.0,2123
1010,1008,1009,585.0,221846,580.0,2123,562.0,1116
1011,1009,1010,580.0,223307,562.0,1116,561.0,1622
1012,1010,1011,562.0,208692,561.0,1622,533.0,8
1013,1011,1012,562.0,210314,533.0,8,527.0,26
1014,1012,1013,533.0,3356,527.0,26,527.0,25
1015,1013,1014,533.0,3382,527.0,25,491.0,1356
1016,1014,1015,538.0,3407,491.0,1356,487.0,1599
1017,1015,1016,493.0,195540,487.0,1599,463.0,1413
1018,1016,1017,493.0,197139,463.0,1413,429.0,984
1019,1017,1018,463.0,208989,429.0,984,409.0,1572
1020,1018,1019,429.0,208560,409.0,1572,456.0,2195
1021,1019,1020,435.0,210132,456.0,2195,376.0,1358
1022,1020,1021,456.0,209771,376.0,1358,355.0,1572
1023,1021,1022,376.0,208934,355.0,1572,323.0,163
1024,1022,1023,380.0,210506,323.0,163,304.0,1572
1025,1023,1024,323.0,207739,304.0,1572,326.0,1572
1026,1024,1025,332.0,209311,326.0,1572,183.0,1
1027,1025,1026,326.0,210884,183.0,1,585.0,2302
1028,1026,1027,183.0,55,585.0,2302,468.0,1
1029,1027,1028,585.0,227582,468.0,1,561.0,1622
1030,1028,1029,468.0,56,561.0,1622,562.0,1622
1031,1029,1030,564.0,213050,562.0,1622,533.0,16
1032,1030,1031,562.0,214673,533.0,16,527.0,26
1033,1031,1032,533.0,3426,527.0,26,491.0,265
1034,1032,1033,533.0,3452,491.0,265,489.0,1598
1035,1033,1034,493.0,198045,489.0,1598,487.0,1599
1036,1034,1035,493.0,199643,487.0,1599,463.0,3474
1037,1035,1036,493.0,201242,463.0,3474,438.0,1482
1038,1036,1037,463.0,214894,438.0,1482,432.0,1572
1039,1037,1038,438.0,212902,432.0,1572,383.0,284
1040,1038,1039,432.0,214475,383.0,284,355.0,1572
1041,1039,1040,383.0,211704,355.0,1572,355.0,1572
1042,1040,1041,386.0,213276,355.0,1572,332.0,661
1043,1041,1042,386.0,214848,332.0,661,329.0,1572
1044,1042,1043,332.0,212081,329.0,1572,326.0,1572
1045,1043,1044,329.0,213654,326.0,1572,298.0,2343
1046,1044,1045,326.0,215227,298.0,2343,585.0,3942
1047,1045,1046,298.0,213763,585.0,3942,564.0,522
1048,1046,1047,585.0,233318,564.0,522,562.0,1622
1049,1047,1048,564.0,215786,562.0,1622,561.0,1622
1050,1048,1049,562.0,217409,561.0,1622,533.0,24
1051,1049,1050,564.0,219031,533.0,24,527.0,26
1052,1050,1051,533.0,3496,527.0,26,491.0,772
1053,1051,1052,533.0,3522,491.0,772,487.0,1599
1054,1052,1053,493.0,202148,487.0,1599,483.0,1994
1055,1053,1054,493.0,203747,483.0,1994,432.0,409
1056,1054,1055,483.0,217258,432.0,409,409.0,1572
1057,1055,1056,432.0,215673,409.0,1572,429.0,1572
1058,1056,1057,435.0,217245,429.0,1572,380.0,783
1059,1057,1058,429.0,218818,380.0,783,355.0,1572
1060,1058,1059,380.0,216047,355.0,1572,176.0,1
1061,1059,1060,380.0,217619,176.0,1,329.0,1160
1062,1060,1061,176.0,57,329.0,1160,326.0,1572
1063,1061,1062,329.0,216424,326.0,1572,350.0,1864
1064,1062,1063,326.0,217997,350.0,1864,159.0,1
1065,1063,1064,350.0,217128,159.0,1,580.0,1817
1066,1064,1065,41.0,56,580.0,1817,562.0,1037
1067,1065,1066,580.0,235289,562.0,1037,561.0,1622
1068,1066,1067,562.0,220145,561.0,1622,538.0,6
1069,1067,1068,564.0,221767,538.0,6,533.0,25
1070,1068,1069,538.0,3540,533.0,25,527.0,26
1071,1069,1070,533.0,3566,527.0,26,491.0,1279
1072,1070,1071,533.0,3592,491.0,1279,487.0,1599
1073,1071,1072,493.0,206251,487.0,1599,463.0,1098
1074,1072,1073,493.0,207850,463.0,1098,411.0,908
1075,1073,1074,463.0,220206,411.0,908,409.0,1572
1076,1074,1075,411.0,220016,409.0,1572,456.0,1608
1077,1075,1076,432.0,221588,456.0,1608,386.0,1281
1078,1076,1077,456.0,220716,386.0,1281,376.0,1572
1079,1077,1078,386.0,220389,376.0,1572,178.0,1
1080,1078,1079,376.0,221962,178.0,1,329.0,1572
1081,1079,1080,178.0,58,329.0,1572,326.0,1572
1082,1080,1081,329.0,220767,326.0,1572,183.0,1
1083,1081,1082,326.0,222340,183.0,1,585.0,2051
1084,1082,1083,183.0,58,585.0,2051,580.0,3822
1085,1083,1084,585.0,239619,580.0,3822,562.0,1552
1086,1084,1085,580.0,241390,562.0,1552,561.0,1622
1087,1085,1086,562.0,224504,561.0,1622,533.0,15
1088,1086,1087,562.0,226126,533.0,15,527.0,26
1089,1087,1088,533.0,3611,527.0,26,491.0,187
1090,1088,1089,533.0,3637,491.0,187,487.0,1599
1091,1089,1090,493.0,208755,487.0,1599,487.0,1599
1092,1090,1091,493.0,210354,487.0,1599,463.0,3159
1093,1091,1092,493.0,211953,463.0,3159,438.0,1406
1094,1092,1093,463.0,226111,438.0,1406,432.0,1572
1095,1093,1094,438.0,224358,432.0,1572,380.0,208
1096,1094,1095,432.0,225931,380.0,208,355.0,1572
1097,1095,1096,380.0,223160,355.0,1572,355.0,1572
1098,1096,1097,383.0,224732,355.0,1572,331.0,585
1099,1097,1098,386.0,226304,331.0,585,326.0,1572
1100,1098,1099,331.0,223537,326.0,1572,319.0,1572
1101,1099,1100,326.0,225110,319.0,1572,298.0,2037
1102,1100,1101,319.0,226683,298.0,2037,585.0,3691
1103,1101,1102,298.0,224989,585.0,3691,562.0,444
1104,1102,1103,585.0,245355,562.0,444,561.0,1622
1105,1103,1104,562.0,227240,561.0,1622,562.0,1622
1106,1104,1105,564.0,228862,562.0,1622,533.0,23
1107,1105,1106,562.0,230485,533.0,23,527.0,26
1108,1106,1107,533.0,3681,527.0,26,491.0,694
1109,1107,1108,533.0,3707,491.0,694,487.0,1599
1110,1108,1109,493.0,212858,487.0,1599,483.0,1389
1111,1109,1110,493.0,214457,483.0,1389,429.0,333
1112,1110,1111,483.0,228185,429.0,333,409.0,1572
1113,1111,1112,429.0,227129,409.0,1572,411.0,1572
1114,1112,1113,435.0,228701,411.0,1572,376.0,707
1115,1113,1114,411.0,230274,376.0,707,355.0,1572
1116,1114,1115,376.0,227503,355.0,1572,176.0,1
1117,1115,1116,380.0,229075,176.0,1,329.0,1084
1118,1116,1117,176.0,60,329.0,1084,326.0,1572
1119,1117,1118,329.0,227880,326.0,1572,350.0,1556
1120,1118,1119,326.0,229453,350.0,1556,159.0,1
1121,1119,1120,350.0,228352,159.0,1,580.0,1510
1122,1120,1121,41.0,59,580.0,1510,564.0,958
1123,1121,1122,580.0,247270,564.0,958,562.0,1622
1124,1122,1123,564.0,231598,562.0,1622,533.0,5
1125,1123,1124,562.0,233221,533.0,5,527.0,26
1126,1124,1125,533.0,3725,527.0,26,527.0,26
1127,1125,1126,533.0,3751,527.0,26,491.0,1201
1128,1126,1127,533.0,3777,491.0,1201,487.0,1599
1129,1127,1128,493.0,216961,487.0,1599,463.0,783
1130,1128,1129,493.0,218560,463.0,783,438.0,831
1131,1129,1130,463.0,231423,438.0,831,432.0,1572
1132,1130,1131,438.0,231471,432.0,1572,171.0,1
1133,1131,1132,432.0,233044,171.0,1,386.0,1205
1134,1132,1133,171.0,61,386.0,1205,355.0,1572
1135,1133,1134,386.0,231845,355.0,1572,178.0,1
1136,1134,1135,386.0,233417,178.0,1,326.0,1572
1137,1135,1136,178.0,61,326.0,1572,323.0,1572
1138,1136,1137,326.0,232223,323.0,1572,350.0,3569
1139,1137,1138,323.0,233796,350.0,3569,585.0,1801
1140,1138,1139,350.0,234209,585.0,1801,580.0,3516
1141,1139,1140,585.0,251657,580.0,3516,562.0,1473
1142,1140,1141,580.0,253372,562.0,1473,561.0,1622
1143,1141,1142,562.0,235957,561.0,1622,533.0,13
1144,1142,1143,564.0,237579,533.0,13,527.0,26
1145,1143,1144,533.0,3795,527.0,26,509.0,62
1146,1144,1145,533.0,3821,509.0,62,487.0,1599
1147,1145,1146,509.0,3844,487.0,1599,489.0,1598
1148,1146,1147,493.0,221065,489.0,1598,463.0,2844
1149,1147,1148,493.0,222663,463.0,2844,435.0,1330
1150,1148,1149,463.0,237328,435.0,1330,429.0,1572
1151,1149,1150,435.0,235814,429.0,1572,173.0,1
1152,1150,1151,429.0,237387,173.0,1,355.0,1572
1153,1151,1152,173.0,62,355.0,1572,355.0,1572
1154,1152,1153,380.0,236188,355.0,1572,329.0,509
1155,1153,1154,383.0,237760,329.0,509,326.0,1572
1156,1154,1155,329.0,234993,326.0,1572,304.0,1572
1157,1155,1156,326.0,236566,304.0,1572,298.0,1731
1158,1156,1157,332.0,238138,298.0,1731,585.0,3441
1159,1157,1158,298.0,236215,585.0,3441,564.0,365
1160,1158,1159,585.0,257393,564.0,365,562.0,1622
1161,1159,1160,564.0,238693,562.0,1622,561.0,1622
1162,1160,1161,562.0,240316,561.0,1622,533.0,22
1163,1161,1162,562.0,241938,533.0,22,530.0,25
1164,1162,1163,533.0,3866,530.0,25,491.0,617
1165,1163,1164,530.0,3892,491.0,617,487.0,1599
1166,1164,1165,493.0,223569,487.0,1599,476.0,1
1167,1165,1166,493.0,225168,476.0,1,438.0,256
1168,1166,1167,476.0,63,438.0,256,432.0,1572
1169,1167,1168,438.0,238584,432.0,1572,409.0,1572
1170,1168,1169,432.0,240157,409.0,1572,386.0,630
1171,1169,1170,438.0,241729,386.0,630,376.0,1572
1172,1170,1171,386.0,238958,376.0,1572,355.0,1572
1173,1171,1172,376.0,240531,355.0,1572,326.0,1008
1174,1172,1173,380.0,242103,326.0,1008,323.0,1572
1175,1173,1174,326.0,239336,323.0,1572,350.0,1249
1176,1174,1175,323.0,240909,350.0,1249,298.0,3735
1177,1175,1176,350.0,239577,298.0,3735,580.0,1204
1178,1176,1177,298.0,242063,580.0,1204,562.0,880
1179,1177,1178,580.0,259252,562.0,880,561.0,1622
1180,1178,1179,562.0,243052,561.0,1622,533.0,4
1181,1179,1180,564.0,244674,533.0,4,527.0,26
1182,1180,1181,533.0,3910,527.0,26,527.0,26
1183,1181,1182,533.0,3936,527.0,26,491.0,1124
1184,1182,1183,533.0,3962,491.0,1124,487.0,1599
1185,1183,1184,493.0,227672,487.0,1599,161.0,1
1186,1184,1185,493.0,229271,161.0,1,435.0,755
1187,1185,1186,161.0,64,435.0,755,429.0,1572
1188,1186,1187,435.0,242927,429.0,1572,171.0,1
1189,1187,1188,429.0,244500,171.0,1,383.0,1129
1190,1188,1189,171.0,64,383.0,1129,355.0,1572
1191,1189,1190,383.0,243301,355.0,1572,404.0,3336
1192,1190,1191,386.0,244873,404.0,3336,326.0,1507
1193,1191,1192,404.0,245508,326.0,1507,304.0,1572
1194,1192,1193,326.0,243679,304.0,1572,350.0,3262
1195,1193,1194,332.0,245251,350.0,3262,585.0,1551
1196,1194,1195,350.0,245434,585.0,1551,580.0,3209
1197,1195,1196,585.0,263695,580.0,3209,566.0,1394
1198,1196,1197,580.0,265353,566.0,1394,562.0,1622
1199,1197,1198,566.0,247410,562.0,1622,533.0,12
1200,1198,1199,562.0,249033,533.0,12,527.0,26
1201,1199,1200,533.0,3980,527.0,26,474.0,1
1202,1200,1201,533.0,4006,474.0,1,487.0,1599
1203,1201,1202,474.0,65,487.0,1599,487.0,1599
1204,1202,1203,493.0,231775,487.0,1599,463.0,2530
1205,1203,1204,493.0,233374,463.0,2530,432.0,1254
1206,1204,1205,463.0,248546,432.0,1254,409.0,1572
1207,1205,1206,432.0,247270,409.0,1572,173.0,1
1208,1206,1207,438.0,248842,173.0,1,355.0,1572
1209,1207,1208,173.0,65,355.0,1572,355.0,1572
1210,1208,1209,380.0,247644,355.0,1572,326.0,433
1211,1209,1210,383.0,249216,326.0,433,323.0,1572
1212,1210,1211,326.0,246449,323.0,1572,304.0,1572
1213,1211,1212,323.0,248022,304.0,1572,298.0,1425
1214,1212,1213,329.0,249594,298.0,1425,585.0,3191
1215,1213,1214,298.0,247441,585.0,3191,562.0,287
1216,1214,1215,585.0,269431,562.0,287,561.0,1622
1217,1215,1216,562.0,250147,561.0,1622,562.0,1622
1218,1216,1217,564.0,251769,562.0,1622,533.0,20
1219,1217,1218,562.0,253392,533.0,20,527.0,26
1220,1218,1219,533.0,4050,527.0,26,491.0,539
1221,1219,1220,533.0,4076,491.0,539,487.0,1599
1222,1220,1221,493.0,234279,487.0,1599,476.0,1
1223,1221,1222,493.0,235878,476.0,1,438.0,180
1224,1222,1223,476.0,66,438.0,180,432.0,1572
1225,1223,1224,438.0,250040,432.0,1572,409.0,1572
1226,1224,1225,432.0,251613,409.0,1572,386.0,554
1227,1225,1226,435.0,253185,386.0,554,357.0,1572
1228,1226,1227,386.0,250414,357.0,1572,355.0,1572
1229,1227,1228,357.0,251987,355.0,1572,326.0,932
1230,1228,1229,380.0,253559,326.0,932,304.0,1572
1231,1229,1230,326.0,250792,304.0,1572,350.0,942
1232,1230,1231,332.0,252364,350.0,942,298.0,3429
1233,1231,1232,350.0,250802,298.0,3429,580.0,898
1234,1232,1233,298.0,253289,580.0,898,564.0,801
1235,1233,1234,580.0,271234,564.0,801,562.0,1622
1236,1234,1235,564.0,254505,562.0,1622,533.0,3
1237,1235,1236,562.0,256128,533.0,3,527.0,26
1238,1236,1237,533.0,4095,527.0,26,527.0,25
1239,1237,1238,533.0,4121,527.0,25,491.0,1047
1240,1238,1239,533.0,4146,491.0,1047,493.0,1598
1241,1239,1240,493.0,238383,493.0,1598,161.0,1
1242,1240,1241,493.0,239981,161.0,1,435.0,679
1243,1241,1242,161.0,67,435.0,679,411.0,1572
1244,1242,1243,435.0,254383,411.0,1572,409.0,1572
1245,1243,1244,411.0,255956,409.0,1572,383.0,1053
1246,1244,1245,432.0,257528,383.0,1053,355.0,1572
1247,1245,1246,383.0,254757,355.0,1572,404.0,2746
1248,1246,1247,383.0,256329,404.0,2746,323.0,1431
1249,1247,1248,404.0,256450,323.0,1431,304.0,1572
1250,1248,1249,323.0,255135,304.0,1572,350.0,2954
1251,1249,1250,332.0,256707,350.0,2954,585.0,1300
1252,1250,1251,350.0,256658,585.0,1300,580.0,2903
1253,1251,1252,585.0,275732,580.0,2903,562.0,1316
1254,1252,1253,580.0,277335,562.0,1316,561.0,1622
1255,1253,1254,562.0,258864,561.0,1622,533.0,11
1256,1254,1255,564.0,260486,533.0,11,527.0,26
1257,1255,1256,533.0,4165,527.0,26,474.0,1
1258,1256,1257,533.0,4191,474.0,1,491.0,1554
1259,1257,1258,474.0,68,491.0,1554,487.0,1599
1260,1258,1259,493.0,242486,487.0,1599,463.0,2215
1261,1259,1260,493.0,244085,463.0,2215,432.0,1178
1262,1260,1261,463.0,259763,432.0,1178,409.0,1572
1263,1261,1262,432.0,258726,409.0,1572,456.0,3690
1264,1262,1263,438.0,260298,456.0,3690,380.0,1552
1265,1263,1264,456.0,261238,380.0,1552,355.0,1572
1266,1264,1265,380.0,259100,355.0,1572,326.0,357
1267,1265,1266,380.0,260672,326.0,357,304.0,1572
1268,1266,1267,326.0,257905,304.0,1572,329.0,1572
1269,1267,1268,332.0,259477,329.0,1572,298.0,1119
1270,1268,1269,329.0,261050,298.0,1119,585.0,2940
1271,1269,1270,298.0,258667,585.0,2940,564.0,208
1272,1270,1271,585.0,281468,564.0,208,562.0,1622
1273,1271,1272,564.0,261600,562.0,1622,561.0,1622
1274,1272,1273,562.0,263223,561.0,1622,533.0,19
1275,1273,1274,562.0,264845,533.0,19,527.0,26
1276,1274,1275,533.0,4235,527.0,26,491.0,462
1277,1275,1276,533.0,4261,491.0,462,487.0,1599
1278,1276,1277,493.0,244990,487.0,1599,499.0,4
1279,1277,1278,493.0,246589,499.0,4,166.0,1
1280,1278,1279,499.0,4220,166.0,1,429.0,1572
1281,1279,1280,166.0,69,429.0,1572,409.0,1572
1282,1280,1281,429.0,263069,409.0,1572,383.0,478
1283,1281,1282,435.0,264641,383.0,478,355.0,1572
1284,1282,1283,383.0,261870,355.0,1572,376.0,1572
1285,1283,1284,386.0,263442,376.0,1572,323.0,856
1286,1284,1285,376.0,265015,323.0,856,304.0,1572
1287,1285,1286,323.0,262248,304.0,1572,350.0,635
1288,1286,1287,332.0,263820,350.0,635,298.0,3123
1289,1287,1288,350.0,262027,298.0,3123,466.0,1
1290,1288,1289,298.0,264515,466.0,1,562.0,723
1291,1289,1290,466.0,70,562.0,723,561.0,1622
1292,1290,1291,562.0,265959,561.0,1622,471.0,1
1293,1291,1292,564.0,267581,471.0,1,527.0,26
1294,1292,1293,471.0,70,527.0,26,527.0,26
1295,1293,1294,533.0,4305,527.0,26,491.0,969
1296,1294,1295,533.0,4331,491.0,969,487.0,1599
1297,1295,1296,493.0,249093,487.0,1599,483.0,3535
1298,1296,1297,493.0,250692,483.0,3535,432.0,603
1299,1297,1298,483.0,268771,432.0,603,409.0,1572
1300,1298,1299,432.0,265839,409.0,1572,432.0,1572
1301,1299,1300,438.0,267411,432.0,1572,380.0,977
1302,1300,1301,432.0,268984,380.0,977,355.0,1572
1303,1301,1302,380.0,266213,355.0,1572,404.0,2155
1304,1302,1303,383.0,267785,404.0,2155,332.0,1354
1305,1303,1304,404.0,267391,332.0,1354,329.0,1572
1306,1304,1305,332.0,266590,329.0,1572,350.0,2647
1307,1305,1306,329.0,268163,350.0,2647,585.0,1050
1308,1306,1307,350.0,267883,585.0,1050,580.0,2597
1309,1307,1308,585.0,287770,580.0,2597,564.0,1237
1310,1308,1309,580.0,289317,564.0,1237,562.0,1622
1311,1309,1310,564.0,270317,562.0,1622,533.0,10
1312,1310,1311,562.0,271940,533.0,10,527.0,26
1313,1311,1312,533.0,4350,527.0,26,527.0,25
1314,1312,1313,533.0,4376,527.0,25,491.0,1476
1315,1313,1314,533.0,4401,491.0,1476,487.0,1599
1316,1314,1315,493.0,253196,487.0,1599,463.0,1900
1317,1315,1316,493.0,254795,463.0,1900,432.0,1102
1318,1316,1317,463.0,270980,432.0,1102,409.0,1572
1319,1317,1318,432.0,270182,409.0,1572,456.0,3104
1320,1318,1319,435.0,271754,456.0,3104,376.0,1476
1321,1319,1320,456.0,272184,376.0,1476,355.0,1572
1322,1320,1321,376.0,270556,355.0,1572,323.0,281
1323,1321,1322,380.0,272128,323.0,281,304.0,1572
1324,1322,1323,323.0,269361,304.0,1572,326.0,1572
1325,1323,1324,332.0,270933,326.0,1572,298.0,813
1326,1324,1325,326.0,272506,298.0,813,585.0,2690
1327,1325,1326,298.0,269893,585.0,2690,468.0,1
1328,1326,1327,585.0,293506,468.0,1,561.0,1622
1329,1327,1328,468.0,72,561.0,1622,561.0,1622
1330,1328,1329,562.0,274676,561.0,1622,533.0,18
1331,1329,1330,564.0,276298,533.0,18,527.0,26
1332,1330,1331,533.0,4420,527.0,26,491.0,385
1333,1331,1332,533.0,4446,491.0,385,489.0,1598
1334,1332,1333,493.0,255701,489.0,1598,487.0,1599
1335,1333,1334,493.0,257299,487.0,1599,166.0,1
1336,1334,1335,493.0,258898,166.0,1,409.0,1572
1337,1335,1336,166.0,72,409.0,1572,432.0,1572
1338,1336,1337,438.0,274524,432.0,1572,383.0,402
1339,1337,1338,432.0,276097,383.0,402,355.0,1572
1340,1338,1339,383.0,273326,355.0,1572,355.0,1572
1341,1339,1340,386.0,274898,355.0,1572,306.0,780
1342,1340,1341,386.0,276470,306.0,780,304.0,1572
1343,1341,1342,306.0,273704,304.0,1572,181.0,1
1344,1342,1343,329.0,275276,181.0,1,298.0,2817
1345,1343,1344,181.0,72,298.0,2817,466.0,1
1346,1344,1345,298.0,275741,466.0,1,564.0,644
1347,1345,1346,466.0,73,564.0,644,562.0,1622
1348,1346,1347,564.0,277412,562.0,1622,471.0,1
1349,1347,1348,562.0,279035,471.0,1,527.0,26
1350,1348,1349,471.0,73,527.0,26,527.0,26
1351,1349,1350,533.0,4490,527.0,26,491.0,892
1352,1350,1351,533.0,4516,491.0,892,487.0,1599
1353,1351,1352,493.0,259804,487.0,1599,483.0,2931
1354,1352,1353,493.0,261403,483.0,2931,432.0,527
1355,1353,1354,483.0,279699,432.0,527,409.0,1572
1356,1354,1355,432.0,277295,409.0,1572,429.0,1572
1357,1355,1356,435.0,278867,429.0,1572,380.0,901
1358,1356,1357,429.0,280440,380.0,901,355.0,1572
1359,1357,1358,380.0,277669,355.0,1572,404.0,1564
1360,1358,1359,380.0,279241,404.0,1564,332.0,1278
1361,1359,1360,404.0,278332,332.0,1278,326.0,1572
1362,1360,1361,332.0,278046,326.0,1572,350.0,2340
1363,1361,1362,326.0,279619,350.0,2340,585.0,800
1364,1362,1363,350.0,279108,585.0,800,580.0,2291
1365,1363,1364,585.0,299808,580.0,2291,562.0,1159
1366,1364,1365,580.0,301299,562.0,1159,561.0,1622
1367,1365,1366,562.0,281771,561.0,1622,533.0,8
1368,1366,1367,564.0,283393,533.0,8,527.0,26
1369,1367,1368,533.0,4534,527.0,26,527.0,26
1370,1368,1369,533.0,4560,527.0,26,491.0,1399
1371,1369,1370,533.0,4586,491.0,1399,487.0,1599
1372,1370,1371,493.0,263907,487.0,1599,463.0,1585
1373,1371,1372,493.0,265506,463.0,1585,411.0,1026
1374,1372,1373,463.0,282197,411.0,1026,409.0,1572
1375,1373,1374,411.0,281638,409.0,1572,456.0,2517
1376,1374,1375,432.0,283210,456.0,2517,386.0,1399
1377,1375,1376,456.0,283129,386.0,1399,376.0,1572
1378,1376,1377,386.0,282011,376.0,1572,332.0,204
1379,1377,1378,376.0,283584,332.0,204,329.0,1572
1380,1378,1379,332.0,280816,329.0,1572,326.0,1572
1381,1379,1380,329.0,282389,326.0,1572,183.0,1
1382,1380,1381,326.0,283962,183.0,1,585.0,2439
1383,1381,1382,183.0,74,585.0,2439,468.0,1
1384,1382,1383,585.0,305543,468.0,1,561.0,1622
1385,1383,1384,468.0,75,561.0,1622,562.0,1622
1386,1384,1385,564.0,286129,562.0,1622,533.0,17
1387,1385,1386,562.0,287752,533.0,17,530.0,25
1388,1386,1387,533.0,4605,530.0,25,491.0,307
1389,1387,1388,530.0,4631,491.0,307,487.0,1599
1390,1388,1389,493.0,266411,487.0,1599,487.0,1599
1391,1389,1390,493.0,268010,487.0,1599,463.0,3647
1392,1390,1391,493.0,269609,463.0,3647,438.0,1524
1393,1391,1392,463.0,288103,438.0,1524,432.0,1572
1394,1392,1393,438.0,285980,432.0,1572,380.0,326
1395,1393,1394,432.0,287553,380.0,326,355.0,1572
1396,1394,1395,380.0,284782,355.0,1572,355.0,1572
1397,1395,1396,383.0,286354,355.0,1572,332.0,703
1398,1396,1397,386.0,287926,332.0,703,326.0,1572
1399,1397,1398,332.0,285159,326.0,1572,181.0,1
1400,1398,1399,326.0,286732,181.0,1,298.0,2511
1401,1399,1400,181.0,75,298.0,2511,585.0,4079
1402,1400,1401,298.0,286967,585.0,4079,562.0,566
1403,1401,1402,585.0,311279,562.0,566,561.0,1622
1404,1402,1403,562.0,288866,561.0,1622,561.0,1622
1405,1403,1404,562.0,290488,561.0,1622,533.0,25
1406,1404,1405,564.0,292110,533.0,25,527.0,26
1407,1405,1406,533.0,4675,527.0,26,491.0,814
1408,1406,1407,533.0,4701,491.0,814,487.0,1599
1409,1407,1408,493.0,270514,487.0,1599,483.0,2326
1410,1408,1409,493.0,272113,483.0,2326,429.0,451
1411,1409,1410,483.0,290626,429.0,451,409.0,1572
1412,1410,1411,429.0,288751,409.0,1572,411.0,1572
1413,1411,1412,435.0,290323,411.0,1572,376.0,825
1414,1412,1413,411.0,291896,376.0,825,355.0,1572
1415,1413,1414,376.0,289125,355.0,1572,176.0,1
1416,1414,1415,380.0,290697,176.0,1,329.0,1202
1417,1415,1416,176.0,76,329.0,1202,326.0,1572
1418,1416,1417,329.0,289502,326.0,1572,350.0,2033
1419,1417,1418,326.0,291075,350.0,2033,585.0,549
1420,1418,1419,350.0,290333,585.0,549,580.0,1985
1421,1419,1420,585.0,311845,580.0,1985,564.0,1080
1422,1420,1421,580.0,313281,564.0,1080,562.0,1622
1423,1421,1422,564.0,293224,562.0,1622,533.0,7
1424,1422,1423,562.0,294847,533.0,7,527.0,26
1425,1423,1424,533.0,4719,527.0,26,527.0,26
1426,1424,1425,533.0,4745,527.0,26,491.0,1321
1427,1425,1426,533.0,4771,491.0,1321,487.0,1599
1428,1426,1427,493.0,274617,487.0,1599,463.0,1271
1429,1427,1428,493.0,276216,463.0,1271,438.0,949
1430,1428,1429,463.0,293415,438.0,949,432.0,1572
1431,1429,1430,438.0,293093,432.0,1572,456.0,1931
1432,1430,1431,432.0,294666,456.0,1931,386.0,1323
1433,1431,1432,456.0,294075,386.0,1323,357.0,1572
1434,1432,1433,386.0,293467,357.0,1572,178.0,1
1435,1433,1434,357.0,295040,178.0,1,326.0,1572
1436,1434,1435,178.0,77,326.0,1572,323.0,1572
1437,1435,1436,326.0,293845,323.0,1572,183.0,1
1438,1436,1437,323.0,295418,183.0,1,585.0,2189
1439,1437,1438,183.0,77,585.0,2189,580.0,3990
1440,1438,1439,585.0,317581,580.0,3990,562.0,1595
1441,1439,1440,580.0,319382,562.0,1595,561.0,1622
1442,1440,1441,562.0,297583,561.0,1622,533.0,15
1443,1441,1442,564.0,299205,533.0,15,527.0,26
1444,1442,1443,533.0,4789,527.0,26,491.0,230
1445,1443,1444,533.0,4815,491.0,230,487.0,1599
1446,1444,1445,493.0,277122,487.0,1599,489.0,1598
1447,1445,1446,493.0,278721,489.0,1598,463.0,3332
1448,1446,1447,493.0,280319,463.0,3332,435.0,1448
1449,1447,1448,463.0,299320,435.0,1448,429.0,1572
1450,1448,1449,435.0,297436,429.0,1572,380.0,250
1451,1449,1450,429.0,299009,380.0,250,355.0,1572
1452,1450,1451,380.0,296238,355.0,1572,355.0,1572
1453,1451,1452,380.0,297810,355.0,1572,329.0,627
1454,1452,1453,383.0,299382,329.0,627,326.0,1572
1455,1453,1454,329.0,296615,326.0,1572,304.0,1572
1456,1454,1455,326.0,298188,304.0,1572,298.0,2205
1457,1455,1456,332.0,299760,298.0,2205,585.0,3829
1458,1456,1457,298.0,298193,585.0,3829,562.0,487
1459,1457,1458,585.0,323317,562.0,487,561.0,1622
1460,1458,1459,562.0,300319,561.0,1622,562.0,1622
1461,1459,1460,564.0,301941,562.0,1622,533.0,24
1462,1460,1461,562.0,303564,533.0,24,527.0,25
1463,1461,1462,533.0,4860,527.0,25,491.0,737
1464,1462,1463,533.0,4885,491.0,737,487.0,1599
1465,1463,1464,493.0,281225,487.0,1599,483.0,1721
1466,1464,1465,493.0,282824,483.0,1721,438.0,374
1467,1465,1466,483.0,301553,438.0,374,432.0,1572
1468,1466,1467,438.0,300206,432.0,1572,409.0,1572
1469,1467,1468,432.0,301779,409.0,1572,386.0,748
1470,1468,1469,438.0,303351,386.0,748,376.0,1572
1471,1469,1470,386.0,300580,376.0,1572,176.0,1
1472,1470,1471,376.0,302153,176.0,1,326.0,1126
1473,1471,1472,176.0,79,326.0,1126,323.0,1572
1474,1472,1473,326.0,300958,323.0,1572,350.0,1725
1475,1473,1474,323.0,302531,350.0,1725,159.0,1
1476,1474,1475,350.0,301557,159.0,1,580.0,1679
1477,1475,1476,40.0,4,580.0,1679,562.0,1002
1478,1476,1477,580.0,325263,562.0,1002,561.0,1622
1479,1477,1478,562.0,304678,561.0,1622,533.0,6
1480,1478,1479,562.0,306300,533.0,6,527.0,26
1481,1479,1480,533.0,4904,527.0,26,527.0,26
1482,1480,1481,533.0,4930,527.0,26,491.0,1244
1483,1481,1482,533.0,4956,491.0,1244,487.0,1598
1484,1482,1483,493.0,285328,487.0,1598,463.0,956
1485,1483,1484,493.0,286927,463.0,956,435.0,873
1486,1484,1485,463.0,304632,435.0,873,429.0,1572
1487,1485,1486,435.0,304549,429.0,1572,456.0,1344
1488,1486,1487,429.0,306122,456.0,1344,383.0,1247
1489,1487,1488,456.0,305020,383.0,1247,355.0,1572
1490,1488,1489,383.0,304923,355.0,1572,178.0,1
1491,1489,1490,386.0,306495,178.0,1,326.0,1572
1492,1490,1491,178.0,80,326.0,1572,304.0,1572
1493,1491,1492,326.0,305301,304.0,1572,350.0,3738
1494,1492,1493,332.0,306873,350.0,3738,585.0,1939
1495,1493,1494,350.0,307414,585.0,1939,580.0,3684
1496,1494,1495,585.0,329619,580.0,3684,564.0,1516
1497,1495,1496,580.0,331364,564.0,1516,562.0,1622
1498,1496,1497,564.0,309036,562.0,1622,533.0,14
1499,1497,1498,562.0,310659,533.0,14,527.0,26
1500,1498,1499,533.0,4974,527.0,26,509.0,62
1501,1499,1500,533.0,5000,509.0,62,487.0,1599
1502,1500,1501,509.0,5022,487.0,1599,487.0,1599
1503,1501,1502,493.0,289431,487.0,1599,463.0,3017
1504,1502,1503,493.0,291030,463.0,3017,432.0,1372
1505,1503,1504,463.0,310537,432.0,1372,409.0,1572
1506,1504,1505,432.0,308892,409.0,1572,376.0,174
1507,1505,1506,438.0,310464,376.0,174,355.0,1572
1508,1506,1507,376.0,307694,355.0,1572,355.0,1572
1509,1507,1508,380.0,309266,355.0,1572,326.0,551
1510,1508,1509,380.0,310838,326.0,551,323.0,1572
1511,1509,1510,326.0,308071,323.0,1572,304.0,1572
1512,1510,1511,323.0,309644,304.0,1572,298.0,1899
1513,1511,1512,329.0,311216,298.0,1899,585.0,3579
1514,1512,1513,298.0,309419,585.0,3579,564.0,408
1515,1513,1514,585.0,335355,564.0,408,562.0,1622
1516,1514,1515,564.0,311772,562.0,1622,561.0,1622
1517,1515,1516,562.0,313395,561.0,1622,533.0,22
1518,1516,1517,564.0,315017,533.0,22,527.0,26
1519,1517,1518,533.0,5044,527.0,26,491.0,659
1520,1518,1519,533.0,5070,491.0,659,487.0,1599
1521,1519,1520,493.0,291935,487.0,1599,476.0,1
1522,1520,1521,493.0,293534,476.0,1,438.0,298
1523,1521,1522,476.0,82,438.0,298,432.0,1572
1524,1522,1523,438.0,311662,432.0,1572,409.0,1572
1525,1523,1524,432.0,313235,409.0,1572,386.0,672
1526,1524,1525,435.0,314807,386.0,672,355.0,1572
1527,1525,1526,386.0,312036,355.0,1572,376.0,1572
1528,1526,1527,386.0,313608,376.0,1572,326.0,1050
1529,1527,1528,376.0,315181,326.0,1050,304.0,1572
1530,1528,1529,326.0,312414,304.0,1572,350.0,1418
1531,1529,1530,332.0,313986,350.0,1418,159.0,1
1532,1530,1531,350.0,312782,159.0,1,580.0,1372
1533,1531,1532,41.0,81,580.0,1372,562.0,923
1534,1532,1533,580.0,337244,562.0,923,561.0,1622
1535,1533,1534,562.0,316131,561.0,1622,533.0,5
1536,1534,1535,564.0,317753,533.0,5,527.0,26
1537,1535,1536,533.0,5089,527.0,26,527.0,25
1538,1536,1537,533.0,5115,527.0,25,491.0,1167
1539,1537,1538,533.0,5140,491.0,1167,489.0,1598
1540,1538,1539,493.0,296039,489.0,1598,161.0,1
1541,1539,1540,493.0,297637,161.0,1,435.0,797
1542,1540,1541,161.0,83,435.0,797,411.0,1572
1543,1541,1542,435.0,316005,411.0,1572,171.0,1
1544,1542,1543,411.0,317578,171.0,1,380.0,1171
1545,1543,1544,171.0,83,380.0,1171,355.0,1572
1546,1544,1545,380.0,316379,355.0,1572,404.0,3661
1547,1545,1546,383.0,317951,404.0,3661,323.0,1549
1548,1546,1547,404.0,318869,323.0,1549,304.0,1572
1549,1547,1548,323.0,316757,304.0,1572,350.0,3430
1550,1548,1549,329.0,318329,350.0,3430,585.0,1688
1551,1549,1550,350.0,318638,585.0,1688,580.0,3378
1552,1550,1551,585.0,341656,580.0,3378,562.0,1438
1553,1551,1552,580.0,343346,562.0,1438,561.0,1622
1554,1552,1553,562.0,320490,561.0,1622,533.0,13
1555,1553,1554,562.0,322112,533.0,13,527.0,26
1556,1554,1555,533.0,5159,527.0,26,509.0,62
1557,1555,1556,533.0,5185,509.0,62,487.0,1599
1558,1556,1557,509.0,5208,487.0,1599,487.0,1599
1559,1557,1558,493.0,300142,487.0,1599,463.0,2702
1560,1558,1559,493.0,301741,463.0,2702,432.0,1296
1561,1559,1560,463.0,321754,432.0,1296,409.0,1572
1562,1560,1561,432.0,320348,409.0,1572,173.0,1
1563,1561,1562,435.0,321920,173.0,1,376.0,1572
1564,1562,1563,173.0,84,376.0,1572,355.0,1572
1565,1563,1564,376.0,320722,355.0,1572,326.0,475
1566,1564,1565,380.0,322294,326.0,475,304.0,1572
1567,1565,1566,326.0,319527,304.0,1572,329.0,1572
1568,1566,1567,332.0,321099,329.0,1572,298.0,1593
1569,1567,1568,329.0,322672,298.0,1593,585.0,3328
1570,1568,1569,298.0,320645,585.0,3328,562.0,330
1571,1569,1570,585.0,347392,562.0,330,561.0,1622
1572,1570,1571,562.0,323226,561.0,1622,562.0,1622
1573,1571,1572,564.0,324848,562.0,1622,533.0,21
1574,1572,1573,562.0,326471,533.0,21,527.0,26
1575,1573,1574,533.0,5229,527.0,26,491.0,582
1576,1574,1575,533.0,5255,491.0,582,487.0,1598
1577,1575,1576,493.0,302646,487.0,1598,476.0,1
1578,1576,1577,493.0,304245,476.0,1,435.0,222
1579,1577,1578,476.0,85,435.0,222,417.0,1572
1580,1578,1579,435.0,323118,417.0,1572,409.0,1572
1581,1579,1580,417.0,324691,409.0,1572,383.0,596
1582,1580,1581,435.0,326263,383.0,596,355.0,1572
1583,1581,1582,383.0,323492,355.0,1572,357.0,1572
1584,1582,1583,386.0,325064,357.0,1572,323.0,974
1585,1583,1584,357.0,326637,323.0,974,304.0,1572
1586,1584,1585,323.0,323870,304.0,1572,350.0,1111
1587,1585,1586,329.0,325442,350.0,1111,298.0,3597
1588,1586,1587,350.0,324007,298.0,3597,580.0,1066
1589,1587,1588,298.0,326493,580.0,1066,564.0,844
1590,1588,1589,580.0,349226,564.0,844,562.0,1622
1591,1589,1590,564.0,327584,562.0,1622,533.0,3
1592,1590,1591,562.0,329207,533.0,3,527.0,26
1593,1591,1592,533.0,5273,527.0,26,527.0,26
1594,1592,1593,533.0,5299,527.0,26,491.0,1089
1595,1593,1594,533.0,5325,491.0,1089,487.0,1599
1596,1594,1595,493.0,306749,487.0,1599,161.0,1
1597,1595,1596,493.0,308348,161.0,1,432.0,721
1598,1596,1597,161.0,86,432.0,721,409.0,1572
1599,1597,1598,432.0,327461,409.0,1572,171.0,1
1600,1598,1599,438.0,329033,171.0,1,380.0,1095
1601,1599,1600,171.0,86,380.0,1095,355.0,1572
1602,1600,1601,380.0,327835,355.0,1572,404.0,3070
1603,1601,1602,383.0,329407,404.0,3070,332.0,1472
1604,1602,1603,404.0,329810,332.0,1472,329.0,1572
1605,1603,1604,332.0,328212,329.0,1572,350.0,3123
1606,1604,1605,329.0,329785,350.0,3123,585.0,1438
1607,1605,1606,350.0,329863,585.0,1438,580.0,3071
1608,1606,1607,585.0,353694,580.0,3071,562.0,1359
1609,1607,1608,580.0,355327,562.0,1359,561.0,1622
1610,1608,1609,562.0,331943,561.0,1622,533.0,12
1611,1609,1610,564.0,333565,533.0,12,527.0,25
1612,1610,1611,533.0,5344,527.0,25,474.0,1
1613,1611,1612,527.0,5370,474.0,1,491.0,1596
1614,1612,1613,474.0,87,491.0,1596,487.0,1599
1615,1613,1614,493.0,310852,487.0,1599,463.0,2388
1616,1614,1615,493.0,312451,463.0,2388,429.0,1220
1617,1615,1616,463.0,332972,429.0,1220,409.0,1572
1618,1616,1617,429.0,331804,409.0,1572,173.0,1
1619,1617,1618,435.0,333376,173.0,1,357.0,1572
1620,1618,1619,173.0,87,357.0,1572,355.0,1572
1621,1619,1620,357.0,332178,355.0,1572,323.0,399
1622,1620,1621,376.0,333750,323.0,399,304.0,1572
1623,1621,1622,323.0,330983,304.0,1572,326.0,1572
1624,1622,1623,329.0,332555,326.0,1572,298.0,1287
1625,1623,1624,326.0,334128,298.0,1287,585.0,3078
1626,1624,1625,298.0,331871,585.0,3078,564.0,251
1627,1625,1626,585.0,359430,564.0,251,562.0,1622
1628,1626,1627,564.0,334679,562.0,1622,561.0,1622
1629,1627,1628,562.0,336302,561.0,1622,533.0,20
1630,1628,1629,562.0,337924,533.0,20,527.0,26
1631,1629,1630,533.0,5414,527.0,26,491.0,505
1632,1630,1631,533.0,5440,491.0,505,489.0,1598
1633,1631,1632,493.0,313357,489.0,1598,499.0,49
1634,1632,1633,493.0,314955,499.0,49,166.0,1
1635,1633,1634,499.0,5443,166.0,1,409.0,1572
1636,1634,1635,166.0,88,409.0,1572,432.0,1572
1637,1635,1636,438.0,336146,432.0,1572,383.0,520
1638,1636,1637,432.0,337719,383.0,520,355.0,1572
1639,1637,1638,383.0,334948,355.0,1572,355.0,1572
1640,1638,1639,383.0,336520,355.0,1572,332.0,897
1641,1639,1640,386.0,338092,332.0,897,329.0,1572
1642,1640,1641,332.0,335325,329.0,1572,350.0,803
1643,1641,1642,329.0,336898,350.0,803,298.0,3291
1644,1642,1643,350.0,335231,298.0,3291,580.0,760
1645,1643,1644,298.0,337719,580.0,760,562.0,766
1646,1644,1645,580.0,361208,562.0,766,561.0,1622
1647,1645,1646,562.0,339038,561.0,1622,533.0,2
1648,1646,1647,564.0,340660,533.0,2,527.0,26
1649,1647,1648,533.0,5458,527.0,26,527.0,26
1650,1648,1649,533.0,5484,527.0,26,491.0,1012
1651,1649,1650,533.0,5510,491.0,1012,487.0,1599
1652,1650,1651,493.0,317460,487.0,1599,161.0,1
1653,1651,1652,493.0,319059,161.0,1,432.0,645
1654,1652,1653,161.0,89,432.0,645,409.0,1572
1655,1653,1654,432.0,338917,409.0,1572,429.0,1572
1656,1654,1655,435.0,340489,429.0,1572,376.0,1019
1657,1655,1656,429.0,342062,376.0,1019,355.0,1572
1658,1656,1657,376.0,339291,355.0,1572,404.0,2479
1659,1657,1658,380.0,340863,404.0,2479,331.0,1396
1660,1658,1659,404.0,340751,331.0,1396,326.0,1572
1661,1659,1660,331.0,339668,326.0,1572,350.0,2816
1662,1660,1661,326.0,341241,350.0,2816,585.0,1188
1663,1661,1662,350.0,341088,585.0,1188,580.0,2765
1664,1662,1663,585.0,365732,580.0,2765,566.0,1280
1665,1663,1664,580.0,367309,566.0,1280,562.0,1622
1666,1664,1665,566.0,343396,562.0,1622,533.0,10
1667,1665,1666,562.0,345019,533.0,10,527.0,26
1668,1666,1667,533.0,5528,527.0,26,474.0,1
1669,1667,1668,533.0,5554,474.0,1,491.0,1519
1670,1668,1669,474.0,90,491.0,1519,487.0,1599
1671,1669,1670,493.0,321563,487.0,1599,463.0,2073
1672,1670,1671,493.0,323162,463.0,2073,438.0,1143
1673,1671,1672,463.0,344189,438.0,1143,432.0,1572
1674,1672,1673,438.0,343259,432.0,1572,456.0,3425
1675,1673,1674,432.0,344832,456.0,3425,386.0,1517
1676,1674,1675,456.0,345541,386.0,1517,357.0,1572
1677,1675,1676,386.0,343633,357.0,1572,332.0,322
1678,1676,1677,357.0,345206,332.0,322,329.0,1572
1679,1677,1678,332.0,342438,329.0,1572,326.0,1572
1680,1678,1679,329.0,344011,326.0,1572,298.0,980
1681,1679,1680,326.0,345584,298.0,980,585.0,2827
1682,1680,1681,298.0,343096,585.0,2827,562.0,173
1683,1681,1682,585.0,371467,562.0,173,561.0,1622
1684,1682,1683,562.0,346133,561.0,1622,561.0,1622
1685,1683,1684,563.0,347755,561.0,1622,533.0,19
1686,1684,1685,566.0,349377,533.0,19,527.0,25
1687,1685,1686,533.0,5599,527.0,25,491.0,427
1688,1686,1687,533.0,5624,491.0,427,487.0,1599
1689,1687,1688,493.0,324067,487.0,1599,504.0,30
1690,1688,1689,493.0,325666,504.0,30,166.0,1
1691,1689,1690,504.0,5610,166.0,1,409.0,1572
1692,1690,1691,166.0,91,409.0,1572,429.0,1572
1693,1691,1692,435.0,347602,429.0,1572,380.0,444
1694,1692,1693,429.0,349175,380.0,444,355.0,1572
1695,1693,1694,380.0,346404,355.0,1572,355.0,1572
1696,1694,1695,383.0,347976,355.0,1572,329.0,821
1697,1695,1696,383.0,349548,329.0,821,326.0,1572
1698,1696,1697,329.0,346781,326.0,1572,181.0,1
1699,1697,1698,326.0,348354,181.0,1,298.0,2985
1700,1698,1699,181.0,91,298.0,2985,466.0,1
1701,1699,1700,298.0,348945,466.0,1,564.0,687
1702,1700,1701,466.0,92,564.0,687,562.0,1622
1703,1701,1702,564.0,350491,562.0,1622,471.0,1
1704,1702,1703,562.0,352114,471.0,1,527.0,26
1705,1703,1704,471.0,92,527.0,26,527.0,26
1706,1704,1705,533.0,5669,527.0,26,491.0,934
1707,1705,1706,533.0,5695,491.0,934,487.0,1599
1708,1706,1707,493.0,328170,487.0,1599,483.0,3262
1709,1707,1708,493.0,329769,483.0,3262,417.0,569
1710,1708,1709,483.0,353066,417.0,569,409.0,1572
1711,1709,1710,417.0,350373,409.0,1572,409.0,1572
1712,1710,1711,434.0,351945,409.0,1572,357.0,943
1713,1711,1712,438.0,353517,357.0,943,355.0,1572
1714,1712,1713,357.0,350747,355.0,1572,404.0,1888
1715,1713,1714,380.0,352319,404.0,1888,329.0,1320
1716,1714,1715,404.0,351692,329.0,1320,326.0,1572
1717,1715,1716,329.0,351124,326.0,1572,350.0,2509
1718,1716,1717,326.0,352697,350.0,2509,585.0,937
1719,1717,1718,350.0,352313,585.0,937,580.0,2459
1720,1718,1719,585.0,377769,580.0,2459,562.0,1202
1721,1719,1720,580.0,379291,562.0,1202,561.0,1622
1722,1720,1721,562.0,354850,561.0,1622,533.0,9
1723,1721,1722,564.0,356472,533.0,9,527.0,26
1724,1722,1723,533.0,5713,527.0,26,527.0,26
1725,1723,1724,533.0,5739,527.0,26,491.0,1441
1726,1724,1725,533.0,5765,491.0,1441,487.0,1599
1727,1725,1726,493.0,332273,487.0,1599,463.0,1758
1728,1726,1727,493.0,333872,463.0,1758,438.0,1067
1729,1727,1728,463.0,355406,438.0,1067,432.0,1572
1730,1728,1729,438.0,354715,432.0,1572,456.0,2839
1731,1729,1730,432.0,356288,456.0,2839,383.0,1441
1732,1730,1731,456.0,356487,383.0,1441,355.0,1572
1733,1731,1732,383.0,355089,355.0,1572,329.0,246
1734,1732,1733,386.0,356661,329.0,246,326.0,1572
1735,1733,1734,329.0,353894,326.0,1572,312.0,1572
1736,1734,1735,326.0,355467,312.0,1572,298.0,674
1737,1735,1736,312.0,357040,298.0,674,585.0,2577
1738,1736,1737,298.0,354322,585.0,2577,468.0,1
1739,1737,1738,585.0,383505,468.0,1,562.0,1622
1740,1738,1739,468.0,94,562.0,1622,561.0,1622
1741,1739,1740,562.0,359209,561.0,1622,533.0,17
1742,1740,1741,562.0,360831,533.0,17,527.0,26
1743,1741,1742,533.0,5783,527.0,26,491.0,350
1744,1742,1743,533.0,5809,491.0,350,487.0,1599
1745,1743,1744,493.0,334778,487.0,1599,489.0,1598
1746,1744,1745,493.0,336377,489.0,1598,463.0,3819
1747,1745,1746,493.0,337975,463.0,3819,435.0,1566
1748,1746,1747,463.0,361311,435.0,1566,411.0,1572
1749,1747,1748,435.0,359058,411.0,1572,380.0,368
1750,1748,1749,411.0,360631,380.0,368,355.0,1572
1751,1749,1750,380.0,357860,355.0,1572,355.0,1572
1752,1750,1751,380.0,359432,355.0,1572,329.0,745
1753,1751,1752,383.0,361004,329.0,745,326.0,1572
1754,1752,1753,329.0,358237,326.0,1572,181.0,1
1755,1753,1754,326.0,359810,181.0,1,298.0,2679
1756,1754,1755,181.0,94,298.0,2679,466.0,1
1757,1755,1756,298.0,360171,466.0,1,562.0,609
1758,1756,1757,466.0,95,562.0,609,561.0,1622
1759,1757,1758,562.0,361945,561.0,1622,471.0,1
1760,1758,1759,564.0,363567,471.0,1,527.0,26
1761,1759,1760,471.0,95,527.0,26,527.0,25
1762,1760,1761,533.0,5854,527.0,25,491.0,857
1763,1761,1762,533.0,5879,491.0,857,487.0,1599
1764,1762,1763,493.0,338881,487.0,1599,483.0,2658
1765,1763,1764,493.0,340480,483.0,2658,438.0,492
1766,1764,1765,483.0,363994,438.0,492,432.0,1572
1767,1765,1766,438.0,361828,432.0,1572,409.0,1572
1768,1766,1767,432.0,363401,409.0,1572,386.0,866
1769,1767,1768,438.0,364973,386.0,866,371.0,1572
1770,1768,1769,386.0,362202,371.0,1572,404.0,1297
1771,1769,1770,371.0,363775,404.0,1297,326.0,1244
1772,1770,1771,404.0,362633,326.0,1244,319.0,1572
1773,1771,1772,326.0,362580,319.0,1572,350.0,2201
1774,1772,1773,319.0,364153,350.0,2201,585.0,687
1775,1773,1774,350.0,363537,585.0,687,580.0,2153
1776,1774,1775,585.0,389807,580.0,2153,564.0,1123
1777,1775,1776,580.0,391273,564.0,1123,562.0,1622
1778,1776,1777,564.0,366303,562.0,1622,533.0,8
1779,1777,1778,562.0,367926,533.0,8,527.0,26
1780,1778,1779,533.0,5898,527.0,26,527.0,26
1781,1779,1780,533.0,5924,527.0,26,491.0,1364
1782,1780,1781,533.0,5950,491.0,1364,487.0,1598
1783,1781,1782,493.0,342984,487.0,1598,463.0,1443
1784,1782,1783,493.0,344583,463.0,1443,435.0,991
1785,1783,1784,463.0,366623,435.0,991,429.0,1572
1786,1784,1785,435.0,366171,429.0,1572,456.0,2252
1787,1785,1786,429.0,367744,456.0,2252,383.0,1365
1788,1786,1787,456.0,367432,383.0,1365,355.0,1572
1789,1787,1788,383.0,366545,355.0,1572,329.0,170
1790,1788,1789,383.0,368117,329.0,170,326.0,1572
1791,1789,1790,329.0,365350,326.0,1572,304.0,1572
1792,1790,1791,326.0,366923,304.0,1572,183.0,1
1793,1791,1792,332.0,368495,183.0,1,585.0,2326
1794,1792,1793,183.0,96,585.0,2326,468.0,1
1795,1793,1794,585.0,395542,468.0,1,561.0,1622
1796,1794,1795,468.0,97,561.0,1622,561.0,1622
1797,1795,1796,562.0,370662,561.0,1622,533.0,16
1798,1796,1797,564.0,372284,533.0,16,527.0,26
1799,1797,1798,533.0,5968,527.0,26,491.0,272
1800,1798,1799,533.0,5994,491.0,272,487.0,1599
1801,1799,1800,493.0,345488,487.0,1599,487.0,1599
1802,1800,1801,493.0,347087,487.0,1599,463.0,3505
1803,1801,1802,493.0,348686,463.0,3505,432.0,1490
1804,1802,1803,463.0,372529,432.0,1490,409.0,1572
1805,1803,1804,432.0,370514,409.0,1572,371.0,292
1806,1804,1805,438.0,372086,371.0,292,355.0,1572
1807,1805,1806,371.0,369316,355.0,1572,355.0,1572
1808,1806,1807,380.0,370888,355.0,1572,326.0,669
1809,1807,1808,380.0,372460,326.0,669,319.0,1572
1810,1808,1809,326.0,369693,319.0,1572,304.0,1572
1811,1809,1810,319.0,371266,304.0,1572,298.0,2373
1812,1810,1811,329.0,372838,298.0,2373,585.0,3966
1813,1811,1812,298.0,371397,585.0,3966,564.0,530
1814,1812,1813,585.0,401278,564.0,530,562.0,1622
1815,1813,1814,564.0,373398,562.0,1622,561.0,1622
1816,1814,1815,562.0,375021,561.0,1622,533.0,24
1817,1815,1816,562.0,376643,533.0,24,527.0,26
1818,1816,1817,533.0,6038,527.0,26,491.0,779
1819,1817,1818,533.0,6064,491.0,779,487.0,1599
1820,1818,1819,493.0,349591,487.0,1599,483.0,2053
1821,1819,1820,493.0,351190,483.0,2053,435.0,416
1822,1820,1821,483.0,374921,435.0,416,432.0,1572
1823,1821,1822,435.0,373284,432.0,1572,409.0,1572
1824,1822,1823,432.0,374857,409.0,1572,383.0,790
1825,1823,1824,435.0,376429,383.0,790,355.0,1572
1826,1824,1825,383.0,373658,355.0,1572,176.0,1
1827,1825,1826,386.0,375230,176.0,1,326.0,1168
1828,1826,1827,176.0,98,326.0,1168,304.0,1572
1829,1827,1828,326.0,374036,304.0,1572,350.0,1894
1830,1828,1829,332.0,375608,350.0,1894,159.0,1
1831,1829,1830,350.0,374762,159.0,1,580.0,1847
1832,1830,1831,41.0,97,580.0,1847,562.0,1045
1833,1831,1832,580.0,403255,562.0,1045,561.0,1622
1834,1832,1833,562.0,377757,561.0,1622,533.0,7
1835,1833,1834,564.0,379379,533.0,7,527.0,25
1836,1834,1835,533.0,6083,527.0,25,533.0,25
1837,1835,1836,538.0,6108,533.0,25,491.0,1287
1838,1836,1837,533.0,6134,491.0,1287,489.0,1598
1839,1837,1838,493.0,353695,489.0,1598,463.0,1129
1840,1838,1839,493.0,355293,463.0,1129,435.0,915
1841,1839,1840,463.0,377841,435.0,915,409.0,1572
1842,1840,1841,435.0,377627,409.0,1572,456.0,1666
1843,1841,1842,438.0,379199,456.0,1666,380.0,1289
1844,1842,1843,456.0,378378,380.0,1289,355.0,1572
1845,1843,1844,380.0,378001,355.0,1572,178.0,1
1846,1844,1845,383.0,379573,178.0,1,323.0,1572
1847,1845,1846,178.0,99,323.0,1572,304.0,1572
1848,1846,1847,323.0,378379,304.0,1572,183.0,1
1849,1847,1848,329.0,379951,183.0,1,585.0,2076
1850,1848,1849,183.0,99,585.0,2076,580.0,3852
1851,1849,1850,585.0,407580,580.0,3852,564.0,1559
1852,1850,1851,580.0,409356,564.0,1559,562.0,1622
1853,1851,1852,564.0,382115,562.0,1622,533.0,15
1854,1852,1853,562.0,383738,533.0,15,527.0,26
1855,1853,1854,533.0,6153,527.0,26,491.0,195
1856,1854,1855,533.0,6179,491.0,195,487.0,1599
1857,1855,1856,493.0,356199,487.0,1599,487.0,1599
1858,1856,1857,493.0,357798,487.0,1599,463.0,3190
1859,1857,1858,493.0,359397,463.0,3190,432.0,1414
1860,1858,1859,463.0,383746,432.0,1414,409.0,1572
1861,1859,1860,432.0,381970,409.0,1572,386.0,215
1862,1860,1861,435.0,383542,386.0,215,376.0,1572
1863,1861,1862,386.0,380771,376.0,1572,355.0,1572
1864,1862,1863,376.0,382344,355.0,1572,326.0,593
1865,1863,1864,380.0,383916,326.0,593,304.0,1572
1866,1864,1865,326.0,381149,304.0,1572,329.0,1572
1867,1865,1866,332.0,382721,329.0,1572,298.0,2067
1868,1866,1867,329.0,384294,298.0,2067,585.0,3716
1869,1867,1868,298.0,382623,585.0,3716,562.0,452
1870,1868,1869,585.0,413316,562.0,452,561.0,1622
1871,1869,1870,562.0,384852,561.0,1622,561.0,1622
1872,1870,1871,562.0,386474,561.0,1622,533.0,23
1873,1871,1872,564.0,388096,533.0,23,527.0,26
1874,1872,1873,533.0,6223,527.0,26,491.0,702
1875,1873,1874,533.0,6249,491.0,702,487.0,1598
1876,1874,1875,493.0,360302,487.0,1598,483.0,1449
1877,1875,1876,493.0,361901,483.0,1449,435.0,340
1878,1876,1877,483.0,385849,435.0,340,411.0,1572
1879,1877,1878,435.0,384740,411.0,1572,409.0,1572
1880,1878,1879,411.0,386313,409.0,1572,383.0,714
1881,1879,1880,432.0,387885,383.0,714,355.0,1572
1882,1880,1881,383.0,385114,355.0,1572,176.0,1
1883,1881,1882,385.0,386686,176.0,1,319.0,1092
1884,1882,1883,176.0,101,319.0,1092,304.0,1572
1885,1883,1884,319.0,385492,304.0,1572,350.0,1587
1886,1884,1885,329.0,387064,350.0,1587,159.0,1
1887,1885,1886,350.0,385987,159.0,1,580.0,1540
1888,1886,1887,41.0,100,580.0,1540,564.0,966
1889,1887,1888,580.0,415236,564.0,966,562.0,1622
1890,1888,1889,564.0,389210,562.0,1622,533.0,5
1891,1889,1890,562.0,390833,533.0,5,527.0,26
1892,1890,1891,533.0,6267,527.0,26,527.0,26
1893,1891,1892,533.0,6293,527.0,26,491.0,1209
1894,1892,1893,533.0,6319,491.0,1209,487.0,1599
1895,1893,1894,493.0,364405,487.0,1599,463.0,814
1896,1894,1895,493.0,366004,463.0,814,432.0,839
1897,1895,1896,463.0,389058,432.0,839,409.0,1572
1898,1896,1897,432.0,389083,409.0,1572,171.0,1
1899,1897,1898,438.0,390655,171.0,1,380.0,1213
1900,1898,1899,171.0,102,380.0,1213,355.0,1572
1901,1899,1900,380.0,389457,355.0,1572,178.0,1
1902,1900,1901,380.0,391029,178.0,1,304.0,1572
1903,1901,1902,178.0,102,304.0,1572,329.0,1572
1904,1902,1903,332.0,389834,329.0,1572,350.0,3599
1905,1903,1904,329.0,391407,350.0,3599,585.0,1826
1906,1904,1905,350.0,391843,585.0,1826,580.0,3546
1907,1905,1906,585.0,419618,580.0,3546,562.0,1481
1908,1906,1907,580.0,421338,562.0,1481,561.0,1622
1909,1907,1908,562.0,393569,561.0,1622,533.0,14
1910,1908,1909,564.0,395191,533.0,14,527.0,25
1911,1909,1910,533.0,6338,527.0,25,509.0,62
1912,1910,1911,533.0,6363,509.0,62,487.0,1599
1913,1911,1912,509.0,6386,487.0,1599,487.0,1599
1914,1912,1913,493.0,368508,487.0,1599,463.0,2875
1915,1913,1914,493.0,370107,463.0,2875,429.0,1338
1916,1914,1915,463.0,394963,429.0,1338,409.0,1572
1917,1915,1916,429.0,393426,409.0,1572,173.0,1
1918,1916,1917,435.0,394998,173.0,1,355.0,1572
1919,1917,1918,173.0,103,355.0,1572,376.0,1572
1920,1918,1919,386.0,393799,376.0,1572,323.0,517
1921,1919,1920,376.0,395372,323.0,517,304.0,1572
1922,1920,1921,323.0,392605,304.0,1572,326.0,1572
1923,1921,1922,329.0,394177,326.0,1572,298.0,1761
1924,1922,1923,326.0,395750,298.0,1761,585.0,3466
1925,1923,1924,298.0,393849,585.0,3466,562.0,373
1926,1924,1925,585.0,425354,562.0,373,561.0,1622
1927,1925,1926,562.0,396305,561.0,1622,562.0,1622
1928,1926,1927,564.0,397927,562.0,1622,533.0,22
1929,1927,1928,562.0,399550,533.0,22,527.0,26
1930,1928,1929,533.0,6408,527.0,26,491.0,625
1931,1929,1930,533.0,6434,491.0,625,489.0,1598
1932,1930,1931,493.0,371013,489.0,1598,476.0,1
1933,1931,1932,493.0,372611,476.0,1,432.0,264
1934,1932,1933,476.0,104,432.0,264,409.0,1572
1935,1933,1934,432.0,396196,409.0,1572,432.0,1572
1936,1934,1935,438.0,397768,432.0,1572,380.0,638
1937,1935,1936,432.0,399341,380.0,638,355.0,1572
1938,1936,1937,380.0,396570,355.0,1572,355.0,1572
1939,1937,1938,383.0,398142,355.0,1572,332.0,1015
1940,1938,1939,386.0,399714,332.0,1015,329.0,1572
1941,1939,1940,332.0,396947,329.0,1572,350.0,1279
1942,1940,1941,329.0,398520,350.0,1279,298.0,3765
1943,1941,1942,350.0,397211,298.0,3765,580.0,1234
1944,1942,1943,298.0,399697,580.0,1234,562.0,888
1945,1943,1944,580.0,427218,562.0,888,561.0,1622
1946,1944,1945,562.0,400664,561.0,1622,533.0,4
1947,1945,1946,562.0,402286,533.0,4,527.0,26
1948,1946,1947,533.0,6452,527.0,26,527.0,26
1949,1947,1948,533.0,6478,527.0,26,491.0,1132
1950,1948,1949,533.0,6504,491.0,1132,487.0,1599
1951,1949,1950,493.0,375116,487.0,1599,161.0,1
1952,1950,1951,493.0,376715,161.0,1,432.0,763
1953,1951,1952,161.0,105,432.0,763,409.0,1572
1954,1952,1953,432.0,400539,409.0,1572,171.0,1
1955,1953,1954,435.0,402111,171.0,1,376.0,1137
1956,1954,1955,171.0,105,376.0,1137,355.0,1572
1957,1955,1956,376.0,400913,355.0,1572,404.0,3395
1958,1956,1957,380.0,402485,404.0,3395,329.0,1514
1959,1957,1958,404.0,403171,329.0,1514,326.0,1572
1960,1958,1959,329.0,401290,326.0,1572,350.0,3292
1961,1959,1960,326.0,402863,350.0,3292,585.0,1575
1962,1960,1961,350.0,403068,585.0,1575,580.0,3240
1963,1961,1962,585.0,431655,580.0,3240,564.0,1402
1964,1962,1963,580.0,433320,564.0,1402,562.0,1622
1965,1963,1964,564.0,405022,562.0,1622,533.0,12
1966,1964,1965,562.0,406645,533.0,12,527.0,26
1967,1965,1966,533.0,6522,527.0,26,474.0,1
1968,1966,1967,533.0,6548,474.0,1,487.0,1598
1969,1967,1968,474.0,106,487.0,1598,487.0,1599
1970,1968,1969,493.0,379219,487.0,1599,463.0,2560
1971,1969,1970,493.0,380818,463.0,2560,438.0,1261
1972,1970,1971,463.0,406180,438.0,1261,432.0,1572
1973,1971,1972,438.0,404881,432.0,1572,173.0,1
1974,1972,1973,432.0,406454,173.0,1,355.0,1572
1975,1973,1974,173.0,106,355.0,1572,357.0,1572
1976,1974,1975,386.0,405255,357.0,1572,332.0,440
1977,1975,1976,357.0,406828,332.0,440,329.0,1572
1978,1976,1977,332.0,404060,329.0,1572,326.0,1572
1979,1977,1978,329.0,405633,326.0,1572,298.0,1455
1980,1978,1979,326.0,407206,298.0,1455,585.0,3215
1981,1979,1980,298.0,405075,585.0,3215,564.0,294
1982,1980,1981,585.0,437391,564.0,294,562.0,1622
1983,1981,1982,564.0,407758,562.0,1622,561.0,1622
1984,1982,1983,562.0,409381,561.0,1622,530.0,21
1985,1983,1984,564.0,411003,530.0,21,527.0,25
1986,1984,1985,530.0,6593,527.0,25,491.0,547
1987,1985,1986,533.0,6618,491.0,547,487.0,1599
1988,1986,1987,493.0,381723,487.0,1599,476.0,1
1989,1987,1988,493.0,383322,476.0,1,432.0,188
1990,1988,1989,476.0,107,432.0,188,409.0,1572
1991,1989,1990,432.0,407652,409.0,1572,429.0,1572
1992,1990,1991,435.0,409224,429.0,1572,380.0,562
1993,1991,1992,429.0,410797,380.0,562,355.0,1572
1994,1992,1993,380.0,408026,355.0,1572,355.0,1572
1995,1993,1994,383.0,409598,355.0,1572,332.0,939
1996,1994,1995,383.0,411170,332.0,939,326.0,1572
1997,1995,1996,332.0,408403,326.0,1572,350.0,972
1998,1996,1997,326.0,409976,350.0,972,298.0,3459
1999,1997,1998,350.0,408436,298.0,3459,580.0,928
2000,1998,1999,298.0,410923,580.0,928,562.0,809
2001,1999,2000,580.0,439200,562.0,809,561.0,1622
2002,2000,2001,562.0,412117,561.0,1622,533.0,3
2003,2001,2002,564.0,413739,533.0,3,527.0,26
2004,2002,2003,533.0,6637,527.0,26,527.0,26
2005,2003,2004,533.0,6663,527.0,26,491.0,1054
2006,2004,2005,533.0,6689,491.0,1054,487.0,1599
2007,2005,2006,493.0,385826,487.0,1599,161.0,1
2008,2006,2007,493.0,387425,161.0,1,424.0,687
2009,2007,2008,161.0,108,424.0,687,409.0,1572
2010,2008,2009,424.0,411995,409.0,1572,409.0,1572
2011,2009,2010,435.0,413567,409.0,1572,357.0,1061
2012,2010,2011,438.0,415139,357.0,1061,355.0,1572
2013,2011,2012,357.0,412369,355.0,1572,404.0,2804
2014,2012,2013,380.0,413941,404.0,2804,329.0,1438
2015,2013,2014,404.0,414112,329.0,1438,326.0,1572
2016,2014,2015,329.0,412746,326.0,1572,350.0,2985
2017,2015,2016,326.0,414319,350.0,2985,585.0,1325
2018,2016,2017,350.0,414293,585.0,1325,580.0,2933
2019,2017,2018,585.0,443693,580.0,2933,562.0,1324
2020,2018,2019,580.0,445301,562.0,1324,561.0,1622
2021,2019,2020,562.0,416476,561.0,1622,533.0,11
2022,2020,2021,562.0,418098,533.0,11,527.0,26
2023,2021,2022,533.0,6707,527.0,26,474.0,1
2024,2022,2023,533.0,6733,474.0,1,491.0,1561
2025,2023,2024,474.0,109,491.0,1561,487.0,1599
2026,2024,2025,493.0,389929,487.0,1599,463.0,2246
2027,2025,2026,493.0,391528,463.0,2246,438.0,1185
2028,2026,2027,463.0,417398,438.0,1185,432.0,1572
2029,2027,2028,438.0,416337,432.0,1572,456.0,3748
2030,2028,2029,432.0,417910,456.0,3748,383.0,1559
2031,2029,2030,456.0,418900,383.0,1559,355.0,1572
2032,2030,2031,383.0,416711,355.0,1572,332.0,364
2033,2031,2032,386.0,418283,332.0,364,326.0,1572
2034,2032,2033,332.0,415516,326.0,1572,323.0,1572
2035,2033,2034,326.0,417089,323.0,1572,298.0,1149
2036,2034,2035,323.0,418662,298.0,1149,585.0,2965
2037,2035,2036,298.0,416301,585.0,2965,562.0,216
2038,2036,2037,585.0,449429,562.0,216,561.0,1622
2039,2037,2038,562.0,419212,561.0,1622,562.0,1622
2040,2038,2039,564.0,420834,562.0,1622,533.0,19
2041,2039,2040,562.0,422457,533.0,19,527.0,26
2042,2040,2041,533.0,6777,527.0,26,491.0,470
2043,2041,2042,533.0,6803,491.0,470,487.0,1599
2044,2042,2043,493.0,392434,487.0,1599,499.0,12
2045,2043,2044,493.0,394033,499.0,12,166.0,1
2046,2044,2045,499.0,6770,166.0,1,409.0,1572
2047,2045,2046,166.0,110,409.0,1572,417.0,1572
2048,2046,2047,435.0,420680,417.0,1572,380.0,486
2049,2047,2048,417.0,422253,380.0,486,355.0,1572
2050,2048,2049,380.0,419482,355.0,1572,355.0,1572
2051,2049,2050,380.0,421054,355.0,1572,329.0,863
2052,2050,2051,383.0,422626,329.0,863,326.0,1572
2053,2051,2052,329.0,419859,326.0,1572,350.0,665
2054,2052,2053,326.0,421432,350.0,665,298.0,3153
2055,2053,2054,350.0,419661,298.0,3153,466.0,1
2056,2054,2055,298.0,422149,466.0,1,564.0,730
2057,2055,2056,466.0,111,564.0,730,562.0,1622
2058,2056,2057,564.0,423570,562.0,1622,471.0,1
2059,2057,2058,562.0,425193,471.0,1,527.0,25
2060,2058,2059,471.0,111,527.0,25,527.0,26
2061,2059,2060,533.0,6847,527.0,26,491.0,977
2062,2060,2061,533.0,6873,491.0,977,487.0,1599
2063,2061,2062,493.0,396537,487.0,1599,483.0,3595
2064,2062,2063,493.0,398136,483.0,3595,438.0,610
2065,2063,2064,483.0,426435,438.0,610,432.0,1572
2066,2064,2065,438.0,423450,432.0,1572,409.0,1572
2067,2065,2066,432.0,425023,409.0,1572,386.0,984
2068,2066,2067,438.0,426595,386.0,984,364.0,1572
2069,2067,2068,386.0,423824,364.0,1572,404.0,2213
2070,2068,2069,364.0,425397,404.0,2213,326.0,1362
2071,2069,2070,404.0,425053,326.0,1362,323.0,1572
2072,2070,2071,326.0,424202,323.0,1572,350.0,2677
2073,2071,2072,323.0,425775,350.0,2677,585.0,1075
2074,2072,2073,350.0,425517,585.0,1075,580.0,2627
2075,2073,2074,585.0,455731,580.0,2627,562.0,1245
2076,2074,2075,580.0,457283,562.0,1245,561.0,1622
2077,2075,2076,562.0,427929,561.0,1622,533.0,10
2078,2076,2077,564.0,429551,533.0,10,527.0,26
2079,2077,2078,533.0,6892,527.0,26,474.0,1
2080,2078,2079,533.0,6918,474.0,1,491.0,1484
2081,2079,2080,474.0,112,491.0,1484,487.0,1598
2082,2080,2081,493.0,400640,487.0,1598,463.0,1931
2083,2081,2082,493.0,402239,463.0,1931,435.0,1109
2084,2082,2083,463.0,428615,435.0,1109,429.0,1572
2085,2083,2084,435.0,427793,429.0,1572,456.0,3161
2086,2084,2085,429.0,429366,456.0,3161,383.0,1483
2087,2085,2086,456.0,429845,383.0,1483,355.0,1572
2088,2086,2087,383.0,428167,355.0,1572,329.0,288
2089,2087,2088,383.0,429739,329.0,288,326.0,1572
2090,2088,2089,329.0,426972,326.0,1572,304.0,1572
2091,2089,2090,326.0,428545,304.0,1572,298.0,843
2092,2090,2091,332.0,430117,298.0,843,585.0,2714
2093,2091,2092,298.0,427527,585.0,2714,468.0,1
2094,2092,2093,585.0,461466,468.0,1,562.0,1622
2095,2093,2094,468.0,113,562.0,1622,561.0,1622
2096,2094,2095,562.0,432288,561.0,1622,533.0,18
2097,2095,2096,563.0,433910,533.0,18,527.0,26
2098,2096,2097,533.0,6962,527.0,26,491.0,392
2099,2097,2098,533.0,6988,491.0,392,487.0,1599
2100,2098,2099,493.0,403144,487.0,1599,487.0,1599
2101,2099,2100,493.0,404743,487.0,1599,166.0,1
2102,2100,2101,493.0,406342,166.0,1,409.0,1572
2103,2101,2102,166.0,113,409.0,1572,409.0,1572
2104,2102,2103,432.0,432136,409.0,1572,364.0,410
2105,2103,2104,438.0,433708,364.0,410,355.0,1572
2106,2104,2105,364.0,430938,355.0,1572,355.0,1572
2107,2105,2106,380.0,432510,355.0,1572,326.0,787
2108,2106,2107,380.0,434082,326.0,787,323.0,1572
2109,2107,2108,326.0,431315,323.0,1572,181.0,1
2110,2108,2109,323.0,432888,181.0,1,298.0,2847
2111,2109,2110,181.0,113,298.0,2847,466.0,1
2112,2110,2111,298.0,433375,466.0,1,562.0,652
2113,2111,2112,466.0,114,562.0,652,561.0,1622
2114,2112,2113,562.0,435024,561.0,1622,471.0,1
2115,2113,2114,564.0,436646,471.0,1,527.0,26
2116,2114,2115,471.0,114,527.0,26,527.0,26
2117,2115,2116,533.0,7032,527.0,26,491.0,899
2118,2116,2117,533.0,7058,491.0,899,487.0,1599
2119,2117,2118,493.0,407247,487.0,1599,483.0,2990
2120,2118,2119,493.0,408846,483.0,2990,435.0,534
2121,2119,2120,483.0,437362,435.0,534,429.0,1572
2122,2120,2121,435.0,434906,429.0,1572,409.0,1572
2123,2121,2122,429.0,436479,409.0,1572,383.0,908
2124,2122,2123,435.0,438051,383.0,908,355.0,1572
2125,2123,2124,383.0,435280,355.0,1572,404.0,1622
2126,2124,2125,386.0,436852,404.0,1622,326.0,1286
2127,2125,2126,404.0,435994,326.0,1286,304.0,1572
2128,2126,2127,326.0,435658,304.0,1572,350.0,2370
2129,2127,2128,332.0,437230,350.0,2370,585.0,824
2130,2128,2129,350.0,436742,585.0,824,580.0,2321
2131,2129,2130,585.0,467768,580.0,2321,562.0,1167
2132,2130,2131,580.0,469265,562.0,1167,561.0,1622
2133,2131,2132,562.0,439383,561.0,1622,533.0,9
2134,2132,2133,562.0,441005,533.0,9,527.0,25
2135,2133,2134,533.0,7077,527.0,25,527.0,26
2136,2134,2135,533.0,7102,527.0,26,491.0,1407
2137,2135,2136,533.0,7128,491.0,1407,489.0,1598
2138,2136,2137,493.0,411351,489.0,1598,463.0,1616
2139,2137,2138,493.0,412949,463.0,1616,435.0,1033
2140,2138,2139,463.0,439832,435.0,1033,409.0,1572
2141,2139,2140,435.0,439249,409.0,1572,456.0,2575
2142,2140,2141,438.0,440821,456.0,2575,380.0,1407
2143,2141,2142,456.0,440791,380.0,1407,355.0,1572
2144,2142,2143,380.0,439623,355.0,1572,326.0,212
2145,2143,2144,383.0,441195,326.0,212,323.0,1572
2146,2144,2145,326.0,438428,323.0,1572,304.0,1572
2147,2145,2146,323.0,440001,304.0,1572,183.0,1
2148,2146,2147,331.0,441573,183.0,1,585.0,2464
2149,2147,2148,183.0,115,585.0,2464,468.0,1
2150,2148,2149,585.0,473504,468.0,1,561.0,1622
2151,2149,2150,468.0,116,561.0,1622,562.0,1622
2152,2150,2151,564.0,443741,562.0,1622,533.0,17
2153,2151,2152,562.0,445364,533.0,17,527.0,26
2154,2152,2153,533.0,7147,527.0,26,491.0,315
2155,2153,2154,533.0,7173,491.0,315,487.0,1599
2156,2154,2155,493.0,413855,487.0,1599,487.0,1599
2157,2155,2156,493.0,415454,487.0,1599,463.0,3678
2158,2156,2157,493.0,417053,463.0,3678,432.0,1532
2159,2157,2158,463.0,445738,432.0,1532,409.0,1572
2160,2158,2159,432.0,443592,409.0,1572,386.0,333
2161,2159,2160,435.0,445164,386.0,333,376.0,1572
2162,2160,2161,386.0,442393,376.0,1572,355.0,1572
2163,2161,2162,376.0,443966,355.0,1572,326.0,711
2164,2162,2163,380.0,445538,326.0,711,304.0,1572
2165,2163,2164,326.0,442771,304.0,1572,181.0,1
2166,2164,2165,332.0,444343,181.0,1,298.0,2541
2167,2165,2166,181.0,116,298.0,2541,466.0,1
2168,2166,2167,298.0,444601,466.0,1,564.0,573
2169,2167,2168,466.0,117,564.0,573,562.0,1622
2170,2168,2169,564.0,446477,562.0,1622,561.0,1622
2171,2169,2170,562.0,448100,561.0,1622,533.0,25
2172,2170,2171,564.0,449722,533.0,25,527.0,26
2173,2171,2172,533.0,7217,527.0,26,491.0,822
2174,2172,2173,533.0,7243,491.0,822,487.0,1598
2175,2173,2174,493.0,417958,487.0,1598,483.0,2386
2176,2174,2175,493.0,419557,483.0,2386,435.0,458
2177,2175,2176,483.0,448290,435.0,458,417.0,1572
2178,2176,2177,435.0,446362,417.0,1572,409.0,1572
2179,2177,2178,417.0,447935,409.0,1572,383.0,832
2180,2178,2179,434.0,449507,383.0,832,355.0,1572
2181,2179,2180,383.0,446736,355.0,1572,176.0,1
2182,2180,2181,386.0,448308,176.0,1,323.0,1210
2183,2181,2182,176.0,117,323.0,1210,304.0,1572
2184,2182,2183,323.0,447114,304.0,1572,350.0,2063
2185,2183,2184,329.0,448686,350.0,2063,585.0,574
2186,2184,2185,350.0,447967,585.0,574,580.0,2015
2187,2185,2186,585.0,479806,580.0,2015,562.0,1088
2188,2186,2187,580.0,481247,562.0,1088,561.0,1622
2189,2187,2188,562.0,450836,561.0,1622,533.0,7
2190,2188,2189,564.0,452458,533.0,7,527.0,26
2191,2189,2190,533.0,7261,527.0,26,527.0,26
2192,2190,2191,533.0,7287,527.0,26,491.0,1329
2193,2191,2192,533.0,7313,491.0,1329,487.0,1599
2194,2192,2193,493.0,422061,487.0,1599,463.0,1302
2195,2193,2194,493.0,423660,463.0,1302,432.0,957
2196,2194,2195,463.0,451050,432.0,957,409.0,1572
2197,2195,2196,432.0,450705,409.0,1572,456.0,1988
2198,2196,2197,438.0,452277,456.0,1988,380.0,1331
2199,2197,2198,456.0,451736,380.0,1331,355.0,1572
2200,2198,2199,380.0,451079,355.0,1572,178.0,1
2201,2199,2200,380.0,452651,178.0,1,304.0,1572
2202,2200,2201,178.0,118,304.0,1572,329.0,1572
2203,2201,2202,332.0,451456,329.0,1572,183.0,1
2204,2202,2203,329.0,453029,183.0,1,585.0,2214
2205,2203,2204,183.0,118,585.0,2214,580.0,4020
2206,2204,2205,585.0,485542,580.0,4020,562.0,1603
2207,2205,2206,580.0,487348,562.0,1603,561.0,1622
2208,2206,2207,562.0,455195,561.0,1622,527.0,16
2209,2207,2208,562.0,456817,527.0,16,533.0,25
2210,2208,2209,527.0,7332,533.0,25,491.0,237
2211,2209,2210,533.0,7357,491.0,237,487.0,1599
2212,2210,2211,493.0,424565,487.0,1599,487.0,1599
2213,2211,2212,493.0,426164,487.0,1599,463.0,3363
2214,2212,2213,493.0,427763,463.0,3363,429.0,1456
2215,2213,2214,463.0,456955,429.0,1456,409.0,1572
2216,2214,2215,429.0,455048,409.0,1572,386.0,257
2217,2215,2216,435.0,456620,386.0,257,355.0,1572
2218,2216,2217,386.0,453849,355.0,1572,376.0,1572
2219,2217,2218,386.0,455421,376.0,1572,323.0,635
2220,2218,2219,376.0,456994,323.0,635,304.0,1572
2221,2219,2220,323.0,454227,304.0,1572,326.0,1572
2222,2220,2221,332.0,455799,326.0,1572,298.0,2235
2223,2221,2222,326.0,457372,298.0,2235,585.0,3854
2224,2222,2223,298.0,455827,585.0,3854,562.0,495
2225,2223,2224,585.0,491278,562.0,495,561.0,1622
2226,2224,2225,562.0,457931,561.0,1622,562.0,1622
2227,2225,2226,564.0,459553,562.0,1622,533.0,24
2228,2226,2227,562.0,461176,533.0,24,527.0,26
2229,2227,2228,533.0,7402,527.0,26,491.0,745
2230,2228,2229,533.0,7428,491.0,745,489.0,1598
2231,2229,2230,493.0,428669,489.0,1598,483.0,1781
2232,2230,2231,493.0,430267,483.0,1781,432.0,382
2233,2231,2232,483.0,459217,432.0,382,409.0,1572
2234,2232,2233,432.0,457818,409.0,1572,432.0,1572
2235,2233,2234,438.0,459390,432.0,1572,380.0,756
2236,2234,2235,432.0,460963,380.0,756,355.0,1572
2237,2235,2236,380.0,458192,355.0,1572,176.0,1
2238,2236,2237,383.0,459764,176.0,1,332.0,1133
2239,2237,2238,176.0,120,332.0,1133,329.0,1572
2240,2238,2239,332.0,458569,329.0,1572,350.0,1756
2241,2239,2240,329.0,460142,350.0,1756,159.0,1
2242,2240,2241,350.0,459192,159.0,1,580.0,1709
2243,2241,2242,41.0,119,580.0,1709,564.0,1009
2244,2242,2243,580.0,493229,564.0,1009,562.0,1622
2245,2243,2244,564.0,462289,562.0,1622,533.0,6
2246,2244,2245,562.0,463912,533.0,6,527.0,26
2247,2245,2246,533.0,7446,527.0,26,527.0,26
2248,2246,2247,533.0,7472,527.0,26,491.0,1252
2249,2247,2248,533.0,7498,491.0,1252,487.0,1599
2250,2248,2249,493.0,432772,487.0,1599,463.0,987
2251,2249,2250,493.0,434371,463.0,987,432.0,881
2252,2250,2251,463.0,462267,432.0,881,409.0,1572
2253,2251,2252,432.0,462161,409.0,1572,456.0,1402
2254,2252,2253,435.0,463733,456.0,1402,376.0,1255
2255,2253,2254,456.0,462682,376.0,1255,355.0,1572
2256,2254,2255,376.0,462535,355.0,1572,178.0,1
2257,2255,2256,380.0,464107,178.0,1,304.0,1572
2258,2256,2257,178.0,121,304.0,1572,326.0,1572
2259,2257,2258,332.0,462912,326.0,1572,350.0,3768
2260,2258,2259,326.0,464485,350.0,3768,585.0,1963
2261,2259,2260,350.0,465048,585.0,1963,580.0,3714
2262,2260,2261,585.0,497579,580.0,3714,562.0,1524
2263,2261,2262,580.0,499330,562.0,1524,561.0,1622
2264,2262,2263,562.0,466648,561.0,1622,533.0,14
2265,2263,2264,564.0,468270,533.0,14,527.0,26
2266,2264,2265,533.0,7516,527.0,26,491.0,160
2267,2265,2266,533.0,7542,491.0,160,487.0,1598
2268,2266,2267,493.0,435276,487.0,1598,487.0,1599
2269,2267,2268,493.0,436875,487.0,1599,463.0,3048
2270,2268,2269,493.0,438474,463.0,3048,438.0,1379
2271,2269,2270,463.0,468172,438.0,1379,432.0,1572
2272,2270,2271,438.0,466503,432.0,1572,383.0,181
2273,2271,2272,432.0,468076,383.0,181,355.0,1572
2274,2272,2273,383.0,465305,355.0,1572,355.0,1572
2275,2273,2274,386.0,466877,355.0,1572,332.0,558
2276,2274,2275,386.0,468449,332.0,558,329.0,1572
2277,2275,2276,332.0,465682,329.0,1572,326.0,1572
2278,2276,2277,329.0,467255,326.0,1572,298.0,1929
2279,2277,2278,326.0,468828,298.0,1929,585.0,3603
2280,2278,2279,298.0,467053,585.0,3603,564.0,416
2281,2279,2280,585.0,503315,564.0,416,562.0,1622
2282,2280,2281,564.0,469384,562.0,1622,561.0,1622
2283,2281,2282,562.0,471007,561.0,1622,533.0,22
2284,2282,2283,562.0,472629,533.0,22,527.0,26
2285,2283,2284,533.0,7586,527.0,26,491.0,667
2286,2284,2285,533.0,7612,491.0,667,487.0,1599
2287,2285,2286,493.0,439379,487.0,1599,476.0,1
2288,2286,2287,493.0,440978,476.0,1,432.0,306
2289,2287,2288,476.0,123,432.0,306,409.0,1572
2290,2288,2289,432.0,469274,409.0,1572,429.0,1572
2291,2289,2290,435.0,470846,429.0,1572,380.0,680
2292,2290,2291,429.0,472419,380.0,680,355.0,1572
2293,2291,2292,380.0,469648,355.0,1572,355.0,1572
2294,2292,2293,380.0,471220,355.0,1572,332.0,1057
2295,2293,2294,383.0,472792,332.0,1057,326.0,1572
2296,2294,2295,332.0,470025,326.0,1572,350.0,1448
2297,2295,2296,326.0,471598,350.0,1448,159.0,1
2298,2296,2297,350.0,470416,159.0,1,580.0,1403
2299,2297,2298,41.0,122,580.0,1403,562.0,931
2300,2298,2299,580.0,505211,562.0,931,561.0,1622
2301,2299,2300,562.0,473743,561.0,1622,533.0,5
2302,2300,2301,564.0,475365,533.0,5,527.0,26
2303,2301,2302,533.0,7631,527.0,26,527.0,26
2304,2302,2303,533.0,7657,527.0,26,491.0,1174
2305,2303,2304,533.0,7683,491.0,1174,487.0,1599
2306,2304,2305,493.0,443482,487.0,1599,463.0,672
2307,2305,2306,493.0,445081,463.0,672,424.0,805
2308,2306,2307,463.0,473484,424.0,805,409.0,1572
2309,2307,2308,424.0,473617,409.0,1572,171.0,1
2310,2308,2309,435.0,475189,171.0,1,357.0,1179
2311,2309,2310,171.0,124,357.0,1179,355.0,1572
2312,2310,2311,357.0,473991,355.0,1572,404.0,3719
2313,2311,2312,376.0,475563,404.0,3719,329.0,1556
2314,2312,2313,404.0,476531,329.0,1556,326.0,1572
2315,2313,2314,329.0,474368,326.0,1572,350.0,3461
2316,2314,2315,326.0,475941,350.0,3461,585.0,1713
2317,2315,2316,350.0,476273,585.0,1713,580.0,3408
2318,2316,2317,585.0,509617,580.0,3408,564.0,1445
2319,2317,2318,580.0,511312,564.0,1445,562.0,1622
2320,2318,2319,564.0,478101,562.0,1622,533.0,13
2321,2319,2320,562.0,479724,533.0,13,527.0,26
2322,2320,2321,533.0,7701,527.0,26,509.0,62
2323,2321,2322,533.0,7727,509.0,62,487.0,1599
2324,2322,2323,509.0,7750,487.0,1599,487.0,1599
2325,2323,2324,493.0,447585,487.0,1599,463.0,2734
2326,2324,2325,493.0,449184,463.0,2734,438.0,1303
2327,2325,2326,463.0,479390,438.0,1303,432.0,1572
2328,2326,2327,438.0,477959,432.0,1572,173.0,1
2329,2327,2328,432.0,479532,173.0,1,355.0,1572
2330,2328,2329,173.0,125,355.0,1572,355.0,1572
2331,2329,2330,383.0,478333,355.0,1572,332.0,482
2332,2330,2331,386.0,479905,332.0,482,326.0,1572
2333,2331,2332,332.0,477138,326.0,1572,323.0,1572
2334,2332,2333,326.0,478711,323.0,1572,298.0,1623
2335,2333,2334,323.0,480284,298.0,1623,585.0,3353
2336,2334,2335,298.0,478279,585.0,3353,562.0,338
2337,2335,2336,585.0,515353,562.0,338,561.0,1622
2338,2336,2337,562.0,480838,561.0,1622,561.0,1622
2339,2337,2338,562.0,482460,561.0,1622,533.0,21
2340,2338,2339,564.0,484082,533.0,21,527.0,26
2341,2339,2340,533.0,7771,527.0,26,491.0,590
2342,2340,2341,533.0,7797,491.0,590,487.0,1599
2343,2341,2342,493.0,450090,487.0,1599,476.0,1
2344,2342,2343,493.0,451689,476.0,1,429.0,230
2345,2343,2344,476.0,126,429.0,230,409.0,1572
2346,2344,2345,429.0,480730,409.0,1572,417.0,1572
2347,2345,2346,435.0,482302,417.0,1572,376.0,604
2348,2346,2347,417.0,483875,376.0,604,355.0,1572
2349,2347,2348,376.0,481104,355.0,1572,355.0,1572
2350,2348,2349,380.0,482676,355.0,1572,329.0,981
2351,2349,2350,383.0,484248,329.0,981,326.0,1572
2352,2350,2351,329.0,481481,326.0,1572,350.0,1141
2353,2351,2352,326.0,483054,350.0,1141,298.0,3628
2354,2352,2353,350.0,481641,298.0,3628,580.0,1097
2355,2353,2354,298.0,484128,580.0,1097,564.0,852
2356,2354,2355,580.0,517193,564.0,852,562.0,1622
2357,2355,2356,564.0,485196,562.0,1622,533.0,4
2358,2356,2357,562.0,486819,533.0,4,527.0,25
2359,2357,2358,533.0,7816,527.0,25,527.0,26
2360,2358,2359,533.0,7841,527.0,26,491.0,1097
2361,2359,2360,533.0,7867,491.0,1097,487.0,1599
2362,2360,2361,493.0,454193,487.0,1599,161.0,1
2363,2361,2362,493.0,455792,161.0,1,438.0,728
2364,2362,2363,161.0,127,438.0,728,432.0,1572
2365,2363,2364,438.0,485072,432.0,1572,171.0,1
2366,2364,2365,432.0,486645,171.0,1,386.0,1102
2367,2365,2366,171.0,127,386.0,1102,357.0,1572
2368,2366,2367,386.0,485446,357.0,1572,404.0,3128
2369,2367,2368,357.0,487019,404.0,3128,326.0,1480
2370,2368,2369,404.0,487472,326.0,1480,323.0,1572
2371,2369,2370,326.0,485824,323.0,1572,350.0,3153
2372,2370,2371,323.0,487397,350.0,3153,585.0,1463
2373,2371,2372,350.0,487497,585.0,1463,580.0,3102
2374,2372,2373,585.0,521655,580.0,3102,562.0,1367
2375,2373,2374,580.0,523294,562.0,1367,561.0,1622
2376,2374,2375,562.0,489555,561.0,1622,533.0,12
2377,2375,2376,564.0,491177,533.0,12,527.0,26
2378,2376,2377,533.0,7886,527.0,26,474.0,1
2379,2377,2378,533.0,7912,474.0,1,487.0,1599
2380,2378,2379,474.0,128,487.0,1599,487.0,1598
2381,2379,2380,493.0,458296,487.0,1598,463.0,2419
2382,2380,2381,493.0,459895,463.0,2419,435.0,1227
2383,2381,2382,463.0,490607,435.0,1227,429.0,1572
2384,2382,2383,435.0,489415,429.0,1572,173.0,1
2385,2383,2384,429.0,490988,173.0,1,355.0,1572
2386,2384,2385,173.0,128,355.0,1572,355.0,1572
2387,2385,2386,383.0,489789,355.0,1572,329.0,406
2388,2386,2387,383.0,491361,329.0,406,326.0,1572
2389,2387,2388,329.0,488594,326.0,1572,304.0,1572
2390,2388,2389,326.0,490167,304.0,1572,298.0,1317
2391,2389,2390,332.0,491739,298.0,1317,585.0,3102
2392,2390,2391,298.0,489505,585.0,3102,562.0,259
2393,2391,2392,585.0,527390,562.0,259,561.0,1622
2394,2392,2393,562.0,492291,561.0,1622,562.0,1622
2395,2393,2394,564.0,493913,562.0,1622,533.0,20
2396,2394,2395,562.0,495536,533.0,20,527.0,26
2397,2395,2396,533.0,7956,527.0,26,491.0,512
2398,2396,2397,533.0,7982,491.0,512,487.0,1599
2399,2397,2398,493.0,460800,487.0,1599,499.0,57
2400,2398,2399,493.0,462399,499.0,57,166.0,1
2401,2399,2400,499.0,7993,166.0,1,409.0,1572
2402,2400,2401,166.0,129,409.0,1572,409.0,1572
2403,2401,2402,432.0,493758,409.0,1572,357.0,528
2404,2402,2403,438.0,495330,357.0,528,355.0,1572
2405,2403,2404,357.0,492560,355.0,1572,355.0,1572
2406,2404,2405,380.0,494132,355.0,1572,326.0,905
2407,2405,2406,380.0,495704,326.0,905,323.0,1572
2408,2406,2407,326.0,492937,323.0,1572,350.0,834
2409,2407,2408,323.0,494510,350.0,834,298.0,3321
2410,2408,2409,350.0,492866,298.0,3321,580.0,790
2411,2409,2410,298.0,495353,580.0,790,562.0,774
2412,2410,2411,580.0,529174,562.0,774,561.0,1622
2413,2411,2412,562.0,496650,561.0,1622,533.0,2
2414,2412,2413,562.0,498272,533.0,2,527.0,26
2415,2413,2414,533.0,8000,527.0,26,527.0,26
2416,2414,2415,533.0,8026,527.0,26,491.0,1019
2417,2415,2416,533.0,8052,491.0,1019,487.0,1599
2418,2416,2417,493.0,464903,487.0,1599,161.0,1
2419,2417,2418,493.0,466502,161.0,1,435.0,652
2420,2418,2419,161.0,130,435.0,652,432.0,1572
2421,2419,2420,435.0,496528,432.0,1572,409.0,1572
2422,2420,2421,432.0,498101,409.0,1572,383.0,1026
2423,2421,2422,435.0,499673,383.0,1026,355.0,1572
2424,2422,2423,383.0,496902,355.0,1572,404.0,2538
2425,2423,2424,386.0,498474,404.0,2538,326.0,1404
2426,2424,2425,404.0,498414,326.0,1404,304.0,1572
2427,2425,2426,326.0,497280,304.0,1572,350.0,2846
2428,2426,2427,332.0,498852,350.0,2846,585.0,1212
2429,2427,2428,350.0,498722,585.0,1212,580.0,2796
2430,2428,2429,585.0,533692,580.0,2796,564.0,1288
2431,2429,2430,580.0,535276,564.0,1288,562.0,1622
2432,2430,2431,564.0,501008,562.0,1622,527.0,11
2433,2431,2432,562.0,502631,527.0,11,533.0,25
2434,2432,2433,527.0,8071,533.0,25,474.0,1
2435,2433,2434,533.0,8096,474.0,1,491.0,1526
2436,2434,2435,474.0,131,491.0,1526,487.0,1599
2437,2435,2436,493.0,469006,487.0,1599,463.0,2104
2438,2436,2437,493.0,470605,463.0,2104,435.0,1151
2439,2437,2438,463.0,501824,435.0,1151,409.0,1572
2440,2438,2439,435.0,500871,409.0,1572,456.0,3483
2441,2439,2440,438.0,502443,456.0,3483,380.0,1525
2442,2440,2441,456.0,503203,380.0,1525,355.0,1572
2443,2441,2442,380.0,501245,355.0,1572,326.0,330
2444,2442,2443,383.0,502817,326.0,330,323.0,1572
2445,2443,2444,326.0,500050,323.0,1572,304.0,1572
2446,2444,2445,323.0,501623,304.0,1572,298.0,1011
2447,2445,2446,332.0,503195,298.0,1011,585.0,2852
2448,2446,2447,298.0,500731,585.0,2852,564.0,180
2449,2447,2448,585.0,539428,564.0,180,562.0,1622
2450,2448,2449,564.0,503744,562.0,1622,561.0,1622
2451,2449,2450,562.0,505367,561.0,1622,533.0,19
2452,2450,2451,564.0,506989,533.0,19,527.0,26
2453,2451,2452,533.0,8141,527.0,26,491.0,435
2454,2452,2453,533.0,8167,491.0,435,487.0,1599
2455,2453,2454,493.0,471511,487.0,1599,504.0,38
2456,2454,2455,493.0,473110,504.0,38,166.0,1
2457,2455,2456,504.0,8160,166.0,1,432.0,1572
2458,2456,2457,166.0,132,432.0,1572,409.0,1572
2459,2457,2458,432.0,505214,409.0,1572,386.0,451
2460,2458,2459,435.0,506786,386.0,451,374.0,1572
2461,2459,2460,386.0,504015,374.0,1572,355.0,1572
2462,2460,2461,374.0,505588,355.0,1572,326.0,829
2463,2461,2462,380.0,507160,326.0,829,304.0,1572
2464,2462,2463,326.0,504393,304.0,1572,181.0,1
2465,2463,2464,332.0,505965,181.0,1,298.0,3015
2466,2464,2465,181.0,132,298.0,3015,466.0,1
2467,2465,2466,298.0,506579,466.0,1,562.0,695
2468,2466,2467,466.0,133,562.0,695,561.0,1622
2469,2467,2468,562.0,508103,561.0,1622,471.0,1
2470,2468,2469,564.0,509725,471.0,1,527.0,26
2471,2469,2470,471.0,133,527.0,26,527.0,26
2472,2470,2471,533.0,8211,527.0,26,491.0,942
2473,2471,2472,533.0,8237,491.0,942,487.0,1598
2474,2472,2473,493.0,475614,487.0,1598,483.0,3322
2475,2473,2474,493.0,477213,483.0,3322,435.0,576
2476,2474,2475,483.0,510730,435.0,576,411.0,1572
2477,2475,2476,435.0,507984,411.0,1572,409.0,1572
2478,2476,2477,411.0,509557,409.0,1572,383.0,950
2479,2477,2478,432.0,511129,383.0,950,355.0,1572
2480,2478,2479,383.0,508358,355.0,1572,404.0,1947
2481,2479,2480,383.0,509930,404.0,1947,323.0,1328
2482,2480,2481,404.0,509355,323.0,1328,304.0,1572
2483,2481,2482,323.0,508736,304.0,1572,350.0,2539
2484,2482,2483,332.0,510308,350.0,2539,585.0,962
2485,2483,2484,350.0,509947,585.0,962,580.0,2489
2486,2484,2485,585.0,545730,580.0,2489,562.0,1210
2487,2485,2486,580.0,547257,562.0,1210,561.0,1622
2488,2486,2487,562.0,512462,561.0,1622,533.0,9
2489,2487,2488,562.0,514084,533.0,9,527.0,26
2490,2488,2489,533.0,8255,527.0,26,527.0,26
2491,2489,2490,533.0,8281,527.0,26,491.0,1449
2492,2490,2491,533.0,8307,491.0,1449,487.0,1599
2493,2491,2492,493.0,479717,487.0,1599,463.0,1789
2494,2492,2493,493.0,481316,463.0,1789,432.0,1075
2495,2493,2494,463.0,513041,432.0,1075,409.0,1572
2496,2494,2495,432.0,512327,409.0,1572,456.0,2897
2497,2495,2496,438.0,513899,456.0,2897,380.0,1449
2498,2496,2497,456.0,514149,380.0,1449,355.0,1572
2499,2497,2498,380.0,512701,355.0,1572,326.0,254
2500,2498,2499,380.0,514273,326.0,254,304.0,1572
2501,2499,2500,326.0,511506,304.0,1572,329.0,1572
2502,2500,2501,332.0,513078,329.0,1572,298.0,705
2503,2501,2502,329.0,514651,298.0,705,585.0,2602
2504,2502,2503,298.0,511957,585.0,2602,468.0,1
2505,2503,2504,585.0,551466,468.0,1,561.0,1622
2506,2504,2505,468.0,135,561.0,1622,562.0,1622
2507,2505,2506,564.0,516820,562.0,1622,533.0,17
2508,2506,2507,562.0,518443,533.0,17,527.0,26
2509,2507,2508,533.0,8325,527.0,26,491.0,357
2510,2508,2509,533.0,8351,491.0,357,487.0,1599
2511,2509,2510,493.0,482221,487.0,1599,487.0,1599
2512,2510,2511,493.0,483820,487.0,1599,166.0,1
2513,2511,2512,493.0,485419,166.0,1,429.0,1572
2514,2512,2513,166.0,135,429.0,1572,409.0,1572
2515,2513,2514,429.0,516670,409.0,1572,385.0,375
2516,2514,2515,435.0,518242,385.0,375,355.0,1572
2517,2515,2516,385.0,515471,355.0,1572,376.0,1572
2518,2516,2517,386.0,517043,376.0,1572,323.0,753
2519,2517,2518,376.0,518616,323.0,753,304.0,1572
2520,2518,2519,323.0,515849,304.0,1572,181.0,1
2521,2519,2520,332.0,517421,181.0,1,298.0,2709
2522,2520,2521,181.0,135,298.0,2709,466.0,1
2523,2521,2522,298.0,517805,466.0,1,562.0,617
2524,2522,2523,466.0,136,562.0,617,561.0,1622
2525,2523,2524,562.0,519557,561.0,1622,471.0,1
2526,2524,2525,562.0,521179,471.0,1,527.0,26
2527,2525,2526,471.0,136,527.0,26,527.0,26
2528,2526,2527,533.0,8396,527.0,26,491.0,864
2529,2527,2528,533.0,8422,491.0,864,487.0,1599
2530,2528,2529,493.0,486324,487.0,1599,483.0,2718
2531,2529,2530,493.0,487923,483.0,2718,432.0,500
2532,2530,2531,483.0,521658,432.0,500,409.0,1572
2533,2531,2532,432.0,519440,409.0,1572,432.0,1572
2534,2532,2533,438.0,521012,432.0,1572,380.0,874
2535,2533,2534,432.0,522585,380.0,874,355.0,1572
2536,2534,2535,380.0,519814,355.0,1572,404.0,1356
2537,2535,2536,383.0,521386,404.0,1356,332.0,1251
2538,2536,2537,404.0,520296,332.0,1251,329.0,1572
2539,2537,2538,332.0,520191,329.0,1572,350.0,2232
2540,2538,2539,329.0,521764,350.0,2232,585.0,712
2541,2539,2540,350.0,521172,585.0,712,580.0,2183
2542,2540,2541,585.0,557768,580.0,2183,564.0,1131
2543,2541,2542,580.0,559239,564.0,1131,562.0,1622
2544,2542,2543,564.0,523915,562.0,1622,533.0,8
2545,2543,2544,562.0,525538,533.0,8,527.0,26
2546,2544,2545,533.0,8440,527.0,26,527.0,26
2547,2545,2546,533.0,8466,527.0,26,491.0,1372
2548,2546,2547,533.0,8492,491.0,1372,489.0,1598
2549,2547,2548,493.0,490428,489.0,1598,463.0,1475
2550,2548,2549,493.0,492026,463.0,1475,432.0,999
2551,2549,2550,463.0,524259,432.0,999,409.0,1572
2552,2550,2551,432.0,523783,409.0,1572,456.0,2311
2553,2551,2552,435.0,525355,456.0,2311,376.0,1373
2554,2552,2553,456.0,525095,376.0,1373,355.0,1572
2555,2553,2554,376.0,524157,355.0,1572,323.0,178
2556,2554,2555,380.0,525729,323.0,178,304.0,1572
2557,2555,2556,323.0,522962,304.0,1572,326.0,1572
2558,2556,2557,332.0,524534,326.0,1572,183.0,1
2559,2557,2558,326.0,526107,183.0,1,585.0,2351
2560,2558,2559,183.0,137,585.0,2351,468.0,1
2561,2559,2560,585.0,563503,468.0,1,562.0,1622
2562,2560,2561,468.0,138,562.0,1622,561.0,1622
2563,2561,2562,562.0,528274,561.0,1622,533.0,16
2564,2562,2563,564.0,529896,533.0,16,527.0,26
2565,2563,2564,533.0,8510,527.0,26,491.0,280
2566,2564,2565,533.0,8536,491.0,280,487.0,1599
2567,2565,2566,493.0,492932,487.0,1599,487.0,1599
2568,2566,2567,493.0,494531,487.0,1599,463.0,3536
2569,2567,2568,493.0,496130,463.0,3536,438.0,1497
2570,2568,2569,463.0,530164,438.0,1497,432.0,1572
2571,2569,2570,438.0,528125,432.0,1572,383.0,299
2572,2570,2571,432.0,529698,383.0,299,355.0,1572
2573,2571,2572,383.0,526927,355.0,1572,355.0,1572
2574,2572,2573,386.0,528499,355.0,1572,332.0,676
2575,2573,2574,386.0,530071,332.0,676,329.0,1572
2576,2574,2575,332.0,527304,329.0,1572,326.0,1572
2577,2575,2576,329.0,528877,326.0,1572,298.0,2403
2578,2576,2577,326.0,530450,298.0,2403,585.0,3991
2579,2577,2578,298.0,529031,585.0,3991,562.0,538
2580,2578,2579,585.0,569239,562.0,538,561.0,1622
2581,2579,2580,562.0,531010,561.0,1622,562.0,1622
2582,2580,2581,564.0,532632,562.0,1622,533.0,24
2583,2581,2582,562.0,534255,533.0,24,527.0,26
2584,2582,2583,533.0,8580,527.0,26,491.0,787
2585,2583,2584,533.0,8606,491.0,787,487.0,1599
2586,2584,2585,493.0,497035,487.0,1599,483.0,2113
2587,2585,2586,493.0,498634,483.0,2113,432.0,424
2588,2586,2587,483.0,532585,432.0,424,409.0,1572
2589,2587,2588,432.0,530896,409.0,1572,429.0,1572
2590,2588,2589,435.0,532468,429.0,1572,380.0,798
2591,2589,2590,429.0,534041,380.0,798,355.0,1572
2592,2590,2591,380.0,531270,355.0,1572,176.0,1
2593,2591,2592,380.0,532842,176.0,1,332.0,1175
2594,2592,2593,176.0,139,332.0,1175,326.0,1572
2595,2593,2594,332.0,531647,326.0,1572,350.0,1924
2596,2594,2595,326.0,533220,350.0,1924,159.0,1
2597,2595,2596,350.0,532396,159.0,1,580.0,1877
2598,2596,2597,40.0,7,580.0,1877,562.0,1053
2599,2597,2598,580.0,571221,562.0,1053,561.0,1622
2600,2598,2599,562.0,535369,561.0,1622,533.0,7
2601,2599,2600,562.0,536991,533.0,7,527.0,26
2602,2600,2601,533.0,8625,527.0,26,527.0,25
2603,2601,2602,533.0,8651,527.0,25,491.0,1294
2604,2602,2603,538.0,8676,491.0,1294,487.0,1599
2605,2603,2604,493.0,501138,487.0,1599,463.0,1160
2606,2604,2605,493.0,502737,463.0,1160,417.0,923
2607,2605,2606,463.0,535476,417.0,923,409.0,1572
2608,2606,2607,417.0,535239,409.0,1572,456.0,1724
2609,2607,2608,435.0,536811,456.0,1724,386.0,1296
2610,2608,2609,456.0,536040,386.0,1296,376.0,1572
2611,2609,2610,386.0,535612,376.0,1572,178.0,1
2612,2610,2611,376.0,537185,178.0,1,329.0,1572
2613,2611,2612,178.0,140,329.0,1572,326.0,1572
2614,2612,2613,329.0,535990,326.0,1572,183.0,1
2615,2613,2614,326.0,537563,183.0,1,585.0,2101
2616,2614,2615,183.0,140,585.0,2101,580.0,3882
2617,2615,2616,585.0,575541,580.0,3882,564.0,1567
2618,2616,2617,580.0,577322,564.0,1567,562.0,1622
2619,2617,2618,564.0,539727,562.0,1622,533.0,15
2620,2618,2619,562.0,541350,533.0,15,527.0,26
2621,2619,2620,533.0,8695,527.0,26,491.0,202
2622,2620,2621,533.0,8721,491.0,202,487.0,1599
2623,2621,2622,493.0,503642,487.0,1599,487.0,1599
2624,2622,2623,493.0,505241,487.0,1599,463.0,3221
2625,2623,2624,493.0,506840,463.0,3221,438.0,1421
2626,2624,2625,463.0,541381,438.0,1421,432.0,1572
2627,2625,2626,438.0,539581,432.0,1572,380.0,223
2628,2626,2627,432.0,541154,380.0,223,355.0,1572
2629,2627,2628,380.0,538383,355.0,1572,355.0,1572
2630,2628,2629,383.0,539955,355.0,1572,332.0,600
2631,2629,2630,386.0,541527,332.0,600,326.0,1572
2632,2630,2631,332.0,538760,326.0,1572,323.0,1572
2633,2631,2632,326.0,540333,323.0,1572,298.0,2097
2634,2632,2633,323.0,541906,298.0,2097,585.0,3741
2635,2633,2634,298.0,540257,585.0,3741,564.0,459
2636,2634,2635,585.0,581277,564.0,459,562.0,1622
2637,2635,2636,564.0,542463,562.0,1622,561.0,1622
2638,2636,2637,562.0,544086,561.0,1622,533.0,23
2639,2637,2638,564.0,545708,533.0,23,527.0,26
2640,2638,2639,533.0,8765,527.0,26,491.0,710
2641,2639,2640,533.0,8791,491.0,710,489.0,1598
2642,2640,2641,493.0,507746,489.0,1598,483.0,1509
2643,2641,2642,493.0,509344,483.0,1509,429.0,348
2644,2642,2643,483.0,543513,429.0,348,409.0,1572
2645,2643,2644,429.0,542352,409.0,1572,411.0,1572
2646,2644,2645,435.0,543924,411.0,1572,376.0,722
2647,2645,2646,411.0,545497,376.0,722,355.0,1572
2648,2646,2647,376.0,542726,355.0,1572,176.0,1
2649,2647,2648,380.0,544298,176.0,1,329.0,1099
2650,2648,2649,176.0,142,329.0,1099,326.0,1572
2651,2649,2650,329.0,543103,326.0,1572,350.0,1617
2652,2650,2651,326.0,544676,350.0,1617,159.0,1
2653,2651,2652,350.0,543621,159.0,1,580.0,1571
2654,2652,2653,41.0,141,580.0,1571,562.0,974
2655,2653,2654,580.0,583203,562.0,974,561.0,1622
2656,2654,2655,562.0,546822,561.0,1622,538.0,5
2657,2655,2656,564.0,548444,538.0,5,533.0,25
2658,2656,2657,538.0,8809,533.0,25,527.0,26
2659,2657,2658,533.0,8835,527.0,26,491.0,1217
2660,2658,2659,533.0,8861,491.0,1217,487.0,1599
2661,2659,2660,493.0,511849,487.0,1599,463.0,845
2662,2660,2661,493.0,513448,463.0,845,438.0,846
2663,2661,2662,463.0,546693,438.0,846,432.0,1572
2664,2662,2663,438.0,546694,432.0,1572,171.0,1
2665,2663,2664,432.0,548267,171.0,1,386.0,1220
2666,2664,2665,171.0,143,386.0,1220,355.0,1572
2667,2665,2666,386.0,547068,355.0,1572,178.0,1
2668,2666,2667,386.0,548640,178.0,1,326.0,1572
2669,2667,2668,178.0,143,326.0,1572,323.0,1572
2670,2668,2669,326.0,547446,323.0,1572,350.0,3629
2671,2669,2670,323.0,549019,350.0,3629,585.0,1850
2672,2670,2671,350.0,549477,585.0,1850,580.0,3576
2673,2671,2672,585.0,587578,580.0,3576,562.0,1489
2674,2672,2673,580.0,589304,562.0,1489,561.0,1622
2675,2673,2674,562.0,551181,561.0,1622,533.0,14
2676,2674,2675,562.0,552803,533.0,14,527.0,26
2677,2675,2676,533.0,8880,527.0,26,509.0,62
2678,2676,2677,533.0,8906,509.0,62,487.0,1598
2679,2677,2678,509.0,8928,487.0,1598,487.0,1599
2680,2678,2679,493.0,515952,487.0,1599,463.0,2906
2681,2679,2680,493.0,517551,463.0,2906,435.0,1345
2682,2680,2681,463.0,552598,435.0,1345,429.0,1572
2683,2681,2682,435.0,551037,429.0,1572,173.0,1
2684,2682,2683,429.0,552610,173.0,1,355.0,1572
2685,2683,2684,173.0,144,355.0,1572,355.0,1572
2686,2684,2685,380.0,551411,355.0,1572,329.0,524
2687,2685,2686,383.0,552983,329.0,524,326.0,1572
2688,2686,2687,329.0,550216,326.0,1572,304.0,1572
2689,2687,2688,326.0,551789,304.0,1572,298.0,1791
2690,2688,2689,332.0,553361,298.0,1791,585.0,3490
2691,2689,2690,298.0,551483,585.0,3490,562.0,381
2692,2690,2691,585.0,593314,562.0,381,561.0,1622
2693,2691,2692,562.0,553917,561.0,1622,562.0,1622
2694,2692,2693,564.0,555539,562.0,1622,533.0,22
2695,2693,2694,562.0,557162,533.0,22,527.0,26
2696,2694,2695,533.0,8950,527.0,26,491.0,632
2697,2695,2696,533.0,8976,491.0,632,487.0,1599
2698,2696,2697,493.0,518456,487.0,1599,476.0,1
2699,2697,2698,493.0,520055,476.0,1,438.0,271
2700,2698,2699,476.0,145,438.0,271,432.0,1572
2701,2699,2700,438.0,553807,432.0,1572,409.0,1572
2702,2700,2701,432.0,555380,409.0,1572,386.0,645
2703,2701,2702,438.0,556952,386.0,645,376.0,1572
2704,2702,2703,386.0,554181,376.0,1572,355.0,1572
2705,2703,2704,376.0,555754,355.0,1572,326.0,1023
2706,2704,2705,380.0,557326,326.0,1023,323.0,1572
2707,2705,2706,326.0,554559,323.0,1572,350.0,1310
2708,2706,2707,323.0,556132,350.0,1310,298.0,3796
2709,2707,2708,350.0,554846,298.0,3796,580.0,1265
2710,2708,2709,298.0,557332,580.0,1265,564.0,895
2711,2709,2710,580.0,595185,564.0,895,562.0,1622
2712,2710,2711,564.0,558275,562.0,1622,533.0,4
2713,2711,2712,562.0,559898,533.0,4,527.0,26
2714,2712,2713,533.0,8994,527.0,26,527.0,26
2715,2713,2714,533.0,9020,527.0,26,491.0,1139
2716,2714,2715,533.0,9046,491.0,1139,487.0,1599
2717,2715,2716,493.0,522559,487.0,1599,161.0,1
2718,2716,2717,493.0,524158,161.0,1,435.0,770
2719,2717,2718,161.0,146,435.0,770,429.0,1572
2720,2718,2719,435.0,558150,429.0,1572,171.0,1
2721,2719,2720,429.0,559723,171.0,1,383.0,1144
2722,2720,2721,171.0,146,383.0,1144,355.0,1572
2723,2721,2722,383.0,558524,355.0,1572,404.0,3453
2724,2722,2723,386.0,560096,404.0,3453,326.0,1522
2725,2723,2724,404.0,560833,326.0,1522,304.0,1572
2726,2724,2725,326.0,558902,304.0,1572,350.0,3322
2727,2725,2726,332.0,560474,350.0,3322,585.0,1600
2728,2726,2727,350.0,560702,585.0,1600,580.0,3270
2729,2727,2728,585.0,599616,580.0,3270,562.0,1410
2730,2728,2729,580.0,601286,562.0,1410,561.0,1622
2731,2729,2730,562.0,562634,561.0,1622,533.0,12
2732,2730,2731,564.0,564256,533.0,12,527.0,26
2733,2731,2732,533.0,9064,527.0,26,491.0,48
2734,2732,2733,533.0,9090,491.0,48,489.0,1598
2735,2733,2734,509.0,9114,489.0,1598,487.0,1599
2736,2734,2735,493.0,526662,487.0,1599,463.0,2592
2737,2735,2736,493.0,528261,463.0,2592,432.0,1269
2738,2736,2737,463.0,563816,432.0,1269,409.0,1572
2739,2737,2738,432.0,562493,409.0,1572,173.0,1
2740,2738,2739,438.0,564065,173.0,1,355.0,1572
2741,2739,2740,173.0,147,355.0,1572,355.0,1572
2742,2740,2741,380.0,562867,355.0,1572,326.0,448
2743,2741,2742,383.0,564439,326.0,448,323.0,1572
2744,2742,2743,326.0,561672,323.0,1572,304.0,1572
2745,2743,2744,323.0,563245,304.0,1572,298.0,1485
2746,2744,2745,329.0,564817,298.0,1485,585.0,3240
2747,2745,2746,298.0,562709,585.0,3240,564.0,302
2748,2746,2747,585.0,605352,564.0,302,562.0,1622
2749,2747,2748,564.0,565370,562.0,1622,561.0,1622
2750,2748,2749,562.0,566993,561.0,1622,533.0,21
2751,2749,2750,562.0,568615,533.0,21,530.0,25
2752,2750,2751,533.0,9135,530.0,25,491.0,555
2753,2751,2752,530.0,9161,491.0,555,487.0,1599
2754,2752,2753,493.0,529167,487.0,1599,476.0,1
2755,2753,2754,493.0,530766,476.0,1,438.0,195
2756,2754,2755,476.0,148,438.0,195,432.0,1572
2757,2755,2756,438.0,565263,432.0,1572,409.0,1572
2758,2756,2757,432.0,566836,409.0,1572,386.0,569
2759,2757,2758,435.0,568408,386.0,569,357.0,1572
2760,2758,2759,386.0,565637,357.0,1572,355.0,1572
2761,2759,2760,357.0,567210,355.0,1572,326.0,947
2762,2760,2761,376.0,568782,326.0,947,304.0,1572
2763,2761,2762,326.0,566015,304.0,1572,350.0,1002
2764,2762,2763,332.0,567587,350.0,1002,298.0,3489
2765,2763,2764,350.0,566070,298.0,3489,580.0,958
2766,2764,2765,298.0,568557,580.0,958,562.0,817
2767,2765,2766,580.0,607166,562.0,817,561.0,1622
2768,2766,2767,562.0,569729,561.0,1622,533.0,3
2769,2767,2768,564.0,571351,533.0,3,527.0,26
2770,2768,2769,533.0,9179,527.0,26,527.0,26
2771,2769,2770,533.0,9205,527.0,26,491.0,1062
2772,2770,2771,533.0,9231,491.0,1062,487.0,1599
2773,2771,2772,493.0,533270,487.0,1599,161.0,1
2774,2772,2773,493.0,534869,161.0,1,435.0,694
2775,2773,2774,161.0,149,435.0,694,409.0,1572
2776,2774,2775,435.0,569606,409.0,1572,432.0,1572
2777,2775,2776,438.0,571178,432.0,1572,380.0,1068
2778,2776,2777,432.0,572751,380.0,1068,355.0,1572
2779,2777,2778,380.0,569980,355.0,1572,404.0,2862
2780,2778,2779,383.0,571552,404.0,2862,319.0,1446
2781,2779,2780,404.0,571774,319.0,1446,304.0,1572
2782,2780,2781,319.0,570358,304.0,1572,350.0,3015
2783,2781,2782,329.0,571930,350.0,3015,585.0,1350
2784,2782,2783,350.0,571927,585.0,1350,580.0,2963
2785,2783,2784,585.0,611654,580.0,2963,564.0,1331
2786,2784,2785,580.0,613267,564.0,1331,562.0,1622
2787,2785,2786,564.0,574087,562.0,1622,533.0,11
2788,2786,2787,562.0,575710,533.0,11,527.0,26
2789,2787,2788,533.0,9249,527.0,26,474.0,1
2790,2788,2789,533.0,9275,474.0,1,491.0,1569
2791,2789,2790,474.0,150,491.0,1569,487.0,1598
2792,2790,2791,493.0,537373,487.0,1598,463.0,2277
2793,2791,2792,493.0,538972,463.0,2277,432.0,1193
2794,2792,2793,463.0,575033,432.0,1193,409.0,1572
2795,2793,2794,432.0,573949,409.0,1572,456.0,3805
2796,2794,2795,435.0,575521,456.0,3805,376.0,1567
2797,2795,2796,456.0,576561,376.0,1567,355.0,1572
2798,2796,2797,376.0,574323,355.0,1572,326.0,372
2799,2797,2798,380.0,575895,326.0,372,304.0,1572
2800,2798,2799,326.0,573128,304.0,1572,329.0,1572
2801,2799,2800,332.0,574700,329.0,1572,298.0,1179
2802,2800,2801,329.0,576273,298.0,1179,585.0,2989
2803,2801,2802,298.0,573935,585.0,2989,562.0,224
2804,2802,2803,585.0,617389,562.0,224,561.0,1622
2805,2803,2804,562.0,576824,561.0,1622,561.0,1622
2806,2804,2805,562.0,578446,561.0,1622,533.0,19
2807,2805,2806,564.0,580068,533.0,19,527.0,26
2808,2806,2807,533.0,9319,527.0,26,491.0,477
2809,2807,2808,533.0,9345,491.0,477,487.0,1599
2810,2808,2809,493.0,539877,487.0,1599,499.0,20
2811,2809,2810,493.0,541476,499.0,20,166.0,1
2812,2810,2811,499.0,9320,166.0,1,424.0,1572
2813,2811,2812,166.0,151,424.0,1572,409.0,1572
2814,2812,2813,424.0,578292,409.0,1572,383.0,493
2815,2813,2814,435.0,579864,383.0,493,355.0,1572
2816,2814,2815,383.0,577093,355.0,1572,357.0,1572
2817,2815,2816,386.0,578665,357.0,1572,323.0,871
2818,2816,2817,357.0,580238,323.0,871,304.0,1572
2819,2817,2818,323.0,577471,304.0,1572,350.0,695
2820,2818,2819,329.0,579043,350.0,695,298.0,3183
2821,2819,2820,350.0,577295,298.0,3183,580.0,652
2822,2820,2821,298.0,579783,580.0,652,564.0,738
2823,2821,2822,580.0,619148,564.0,738,562.0,1622
2824,2822,2823,564.0,581182,562.0,1622,471.0,1
2825,2823,2824,562.0,582805,471.0,1,527.0,26
2826,2824,2825,471.0,152,527.0,26,527.0,25
2827,2825,2826,533.0,9390,527.0,25,491.0,984
2828,2826,2827,533.0,9415,491.0,984,487.0,1599
2829,2827,2828,493.0,543980,487.0,1599,483.0,3654
2830,2828,2829,493.0,545579,483.0,3654,432.0,618
2831,2829,2830,483.0,584098,432.0,618,409.0,1572
2832,2830,2831,432.0,581062,409.0,1572,432.0,1572
2833,2831,2832,438.0,582634,432.0,1572,380.0,992
2834,2832,2833,432.0,584207,380.0,992,355.0,1572
2835,2833,2834,380.0,581436,355.0,1572,404.0,2271
2836,2834,2835,383.0,583008,404.0,2271,332.0,1369
2837,2835,2836,404.0,582715,332.0,1369,329.0,1572
2838,2836,2837,332.0,581813,329.0,1572,350.0,2708
2839,2837,2838,329.0,583386,350.0,2708,585.0,1099
2840,2838,2839,350.0,583152,585.0,1099,580.0,2657
2841,2839,2840,585.0,623691,580.0,2657,562.0,1253
2842,2840,2841,580.0,625249,562.0,1253,561.0,1622
2843,2841,2842,562.0,585541,561.0,1622,533.0,10
2844,2842,2843,564.0,587163,533.0,10,527.0,26
2845,2843,2844,533.0,9434,527.0,26,474.0,1
2846,2844,2845,533.0,9460,474.0,1,491.0,1492
2847,2845,2846,474.0,153,491.0,1492,489.0,1598
2848,2846,2847,493.0,548084,489.0,1598,463.0,1962
2849,2847,2848,493.0,549682,463.0,1962,429.0,1117
2850,2848,2849,463.0,586250,429.0,1117,409.0,1572
2851,2849,2850,429.0,585405,409.0,1572,456.0,3219
2852,2850,2851,435.0,586977,456.0,3219,357.0,1491
2853,2851,2852,456.0,587507,357.0,1491,355.0,1572
2854,2852,2853,357.0,585779,355.0,1572,323.0,296
2855,2853,2854,380.0,587351,323.0,296,304.0,1572
2856,2854,2855,323.0,584584,304.0,1572,326.0,1572
2857,2855,2856,329.0,586156,326.0,1572,298.0,873
2858,2856,2857,326.0,587729,298.0,873,585.0,2739
2859,2857,2858,298.0,585161,585.0,2739,468.0,1
2860,2858,2859,585.0,629427,468.0,1,561.0,1622
2861,2859,2860,468.0,154,561.0,1622,562.0,1622
2862,2860,2861,564.0,589899,562.0,1622,533.0,18
2863,2861,2862,562.0,591522,533.0,18,527.0,26
2864,2862,2863,533.0,9504,527.0,26,491.0,400
2865,2863,2864,533.0,9530,491.0,400,487.0,1599
2866,2864,2865,493.0,550588,487.0,1599,504.0,2
2867,2865,2866,493.0,552187,504.0,2,166.0,1
2868,2866,2867,504.0,9488,166.0,1,409.0,1572
2869,2867,2868,166.0,154,409.0,1572,432.0,1572
2870,2868,2869,438.0,589747,432.0,1572,383.0,417
2871,2869,2870,432.0,591320,383.0,417,355.0,1572
2872,2870,2871,383.0,588549,355.0,1572,355.0,1572
2873,2871,2872,383.0,590121,355.0,1572,332.0,794
2874,2872,2873,386.0,591693,332.0,794,329.0,1572
2875,2873,2874,332.0,588926,329.0,1572,181.0,1
2876,2874,2875,329.0,590499,181.0,1,298.0,2877
2877,2875,2876,181.0,154,298.0,2877,466.0,1
2878,2876,2877,298.0,591009,466.0,1,562.0,660
2879,2877,2878,466.0,155,562.0,660,561.0,1622
2880,2878,2879,562.0,592636,561.0,1622,471.0,1
2881,2879,2880,562.0,594258,471.0,1,527.0,26
2882,2880,2881,471.0,155,527.0,26,527.0,26
2883,2881,2882,533.0,9574,527.0,26,491.0,907
2884,2882,2883,533.0,9600,491.0,907,487.0,1598
2885,2883,2884,493.0,554691,487.0,1598,483.0,3049
2886,2884,2885,493.0,556290,483.0,3049,432.0,542
2887,2885,2886,483.0,595025,432.0,542,409.0,1572
2888,2886,2887,432.0,592518,409.0,1572,429.0,1572
2889,2887,2888,435.0,594090,429.0,1572,376.0,916
2890,2888,2889,429.0,595663,376.0,916,355.0,1572
2891,2889,2890,376.0,592892,355.0,1572,404.0,1680
2892,2890,2891,380.0,594464,404.0,1680,329.0,1293
2893,2891,2892,404.0,593656,329.0,1293,326.0,1572
2894,2892,2893,329.0,593269,326.0,1572,350.0,2400
2895,2893,2894,326.0,594842,350.0,2400,585.0,849
2896,2894,2895,350.0,594376,585.0,849,580.0,2351
2897,2895,2896,585.0,635729,580.0,2351,564.0,1174
2898,2896,2897,580.0,637231,564.0,1174,562.0,1622
2899,2897,2898,564.0,596994,562.0,1622,533.0,9
2900,2898,2899,562.0,598617,533.0,9,527.0,26
2901,2899,2900,533.0,9619,527.0,26,527.0,25
2902,2900,2901,533.0,9645,527.0,25,491.0,1414
2903,2901,2902,533.0,9670,491.0,1414,487.0,1599
2904,2902,2903,493.0,558794,487.0,1599,463.0,1647
2905,2903,2904,493.0,560393,463.0,1647,410.0,1041
2906,2904,2905,463.0,597467,410.0,1041,409.0,1572
2907,2905,2906,410.0,596861,409.0,1572,456.0,2632
2908,2906,2907,432.0,598433,456.0,2632,386.0,1414
2909,2907,2908,456.0,598452,386.0,1414,364.0,1572
2910,2908,2909,386.0,597234,364.0,1572,332.0,219
2911,2909,2910,364.0,598807,332.0,219,329.0,1572
2912,2910,2911,332.0,596039,329.0,1572,326.0,1572
2913,2911,2912,329.0,597612,326.0,1572,183.0,1
2914,2912,2913,326.0,599185,183.0,1,585.0,2489
2915,2913,2914,183.0,156,585.0,2489,468.0,1
2916,2914,2915,585.0,641465,468.0,1,562.0,1622
2917,2915,2916,468.0,157,562.0,1622,561.0,1622
2918,2916,2917,562.0,601353,561.0,1622,533.0,17
2919,2917,2918,564.0,602975,533.0,17,527.0,26
2920,2918,2919,533.0,9689,527.0,26,491.0,322
2921,2919,2920,533.0,9715,491.0,322,487.0,1599
2922,2920,2921,493.0,561298,487.0,1599,487.0,1599
2923,2921,2922,493.0,562897,487.0,1599,463.0,3708
2924,2922,2923,493.0,564496,463.0,3708,435.0,1539
2925,2923,2924,463.0,603372,435.0,1539,432.0,1572
2926,2924,2925,435.0,601203,432.0,1572,380.0,341
2927,2925,2926,432.0,602776,380.0,341,355.0,1572
2928,2926,2927,380.0,600005,355.0,1572,355.0,1572
2929,2927,2928,383.0,601577,355.0,1572,329.0,718
2930,2928,2929,383.0,603149,329.0,718,326.0,1572
2931,2929,2930,329.0,600382,326.0,1572,181.0,1
2932,2930,2931,326.0,601955,181.0,1,298.0,2571
2933,2931,2932,181.0,157,298.0,2571,466.0,1
2934,2932,2933,298.0,602235,466.0,1,562.0,581
2935,2933,2934,466.0,158,562.0,581,561.0,1622
2936,2934,2935,562.0,604089,561.0,1622,562.0,1622
2937,2935,2936,564.0,605711,562.0,1622,533.0,25
2938,2936,2937,562.0,607334,533.0,25,527.0,26
2939,2937,2938,533.0,9759,527.0,26,491.0,830
2940,2938,2939,533.0,9785,491.0,830,489.0,1598
2941,2939,2940,493.0,565402,489.0,1598,483.0,2445
2942,2940,2941,493.0,567000,483.0,2445,417.0,466
2943,2941,2942,483.0,605953,417.0,466,409.0,1572
2944,2942,2943,417.0,603974,409.0,1572,409.0,1572
2945,2943,2944,435.0,605546,409.0,1572,364.0,840
2946,2944,2945,438.0,607118,364.0,840,355.0,1572
2947,2945,2946,364.0,604348,355.0,1572,176.0,1
2948,2946,2947,380.0,605920,176.0,1,329.0,1217
2949,2947,2948,176.0,158,329.0,1217,326.0,1572
2950,2948,2949,329.0,604725,326.0,1572,350.0,2093
2951,2949,2950,326.0,606298,350.0,2093,585.0,598
2952,2950,2951,350.0,605601,585.0,598,580.0,2045
2953,2951,2952,585.0,647766,580.0,2045,562.0,1096
2954,2952,2953,580.0,649213,562.0,1096,561.0,1622
2955,2953,2954,562.0,608448,561.0,1622,533.0,7
2956,2954,2955,562.0,610070,533.0,7,527.0,26
2957,2955,2956,533.0,9803,527.0,26,527.0,26
2958,2956,2957,533.0,9829,527.0,26,491.0,1337
2959,2957,2958,533.0,9855,491.0,1337,487.0,1599
2960,2958,2959,493.0,569505,487.0,1599,463.0,1333
2961,2959,2960,493.0,571104,463.0,1333,438.0,964
2962,2960,2961,463.0,608685,438.0,964,432.0,1572
2963,2961,2962,438.0,608316,432.0,1572,456.0,2046
2964,2962,2963,432.0,609889,456.0,2046,383.0,1338
2965,2963,2964,456.0,609398,383.0,1338,355.0,1572
2966,2964,2965,383.0,608690,355.0,1572,178.0,1
2967,2965,2966,386.0,610262,178.0,1,326.0,1572
2968,2966,2967,178.0,159,326.0,1572,312.0,1572
2969,2967,2968,326.0,609068,312.0,1572,183.0,1
2970,2968,2969,312.0,610641,183.0,1,585.0,2238
2971,2969,2970,183.0,159,585.0,2238,580.0,4050
2972,2970,2971,585.0,653502,580.0,4050,564.0,1610
2973,2971,2972,580.0,655314,564.0,1610,562.0,1622
2974,2972,2973,564.0,612806,562.0,1622,533.0,16
2975,2973,2974,562.0,614429,533.0,16,527.0,25
2976,2974,2975,533.0,9874,527.0,25,491.0,245
2977,2975,2976,527.0,9900,491.0,245,487.0,1598
2978,2976,2977,493.0,572009,487.0,1598,487.0,1599
2979,2977,2978,493.0,573608,487.0,1599,463.0,3394
2980,2978,2979,493.0,575207,463.0,3394,435.0,1463
2981,2979,2980,463.0,614590,435.0,1463,411.0,1572
2982,2980,2981,435.0,612659,411.0,1572,380.0,265
2983,2981,2982,411.0,614232,380.0,265,355.0,1572
2984,2982,2983,380.0,611461,355.0,1572,355.0,1572
2985,2983,2984,380.0,613033,355.0,1572,329.0,642
2986,2984,2985,383.0,614605,329.0,642,326.0,1572
2987,2985,2986,329.0,611838,326.0,1572,304.0,1572
2988,2986,2987,326.0,613411,304.0,1572,298.0,2265
2989,2987,2988,332.0,614983,298.0,2265,585.0,3878
2990,2988,2989,298.0,613461,585.0,3878,564.0,502
2991,2989,2990,585.0,659238,564.0,502,562.0,1622
2992,2990,2991,564.0,615542,562.0,1622,561.0,1622
2993,2991,2992,562.0,617165,561.0,1622,533.0,24
2994,2992,2993,564.0,618787,533.0,24,527.0,26
2995,2993,2994,533.0,9944,527.0,26,491.0,752
2996,2994,2995,533.0,9970,491.0,752,487.0,1599
2997,2995,2996,493.0,576112,487.0,1599,483.0,1840
2998,2996,2997,493.0,577711,483.0,1840,438.0,389
2999,2997,2998,483.0,616880,438.0,389,432.0,1572
3000,2998,2999,438.0,615429,432.0,1572,409.0,1572
3001,2999,3000,432.0,617002,409.0,1572,386.0,763
3002,3000,3001,438.0,618574,386.0,763,376.0,1572
3003,3001,3002,386.0,615803,376.0,1572,176.0,1
3004,3002,3003,376.0,617376,176.0,1,326.0,1141
3005,3003,3004,176.0,161,326.0,1141,312.0,1572
3006,3004,3005,326.0,616181,312.0,1572,350.0,1786
3007,3005,3006,312.0,617754,350.0,1786,159.0,1
3008,3006,3007,350.0,616826,159.0,1,580.0,1739
3009,3007,3008,41.0,160,580.0,1739,562.0,1017
3010,3008,3009,580.0,661195,562.0,1017,561.0,1622
3011,3009,3010,562.0,619901,561.0,1622,533.0,6
3012,3010,3011,564.0,621523,533.0,6,527.0,26
3013,3011,3012,533.0,9988,527.0,26,527.0,26
3014,3012,3013,533.0,10014,527.0,26,491.0,1259
3015,3013,3014,533.0,10040,491.0,1259,487.0,1599
3016,3014,3015,493.0,580215,487.0,1599,463.0,1018
3017,3015,3016,493.0,581814,463.0,1018,435.0,888
3018,3016,3017,463.0,619902,435.0,888,429.0,1572
3019,3017,3018,435.0,619772,429.0,1572,456.0,1459
3020,3018,3019,429.0,621345,456.0,1459,383.0,1262
3021,3019,3020,456.0,620343,383.0,1262,355.0,1572
3022,3020,3021,383.0,620146,355.0,1572,178.0,1
3023,3021,3022,383.0,621718,178.0,1,326.0,1572
3024,3022,3023,178.0,162,326.0,1572,304.0,1572
3025,3023,3024,326.0,620524,304.0,1572,350.0,3798
3026,3024,3025,332.0,622096,350.0,3798,585.0,1988
3027,3025,3026,350.0,622682,585.0,1988,580.0,3744
3028,3026,3027,585.0,665540,580.0,3744,562.0,1532
3029,3027,3028,580.0,667296,562.0,1532,561.0,1622
3030,3028,3029,562.0,624260,561.0,1622,533.0,14
3031,3029,3030,562.0,625882,533.0,14,527.0,26
3032,3030,3031,533.0,10058,527.0,26,491.0,167
3033,3031,3032,533.0,10084,491.0,167,487.0,1599
3034,3032,3033,493.0,582719,487.0,1599,487.0,1599
3035,3033,3034,493.0,584318,487.0,1599,463.0,3079
3036,3034,3035,493.0,585917,463.0,3079,432.0,1387
3037,3035,3036,463.0,625807,432.0,1387,409.0,1572
3038,3036,3037,432.0,624115,409.0,1572,376.0,189
3039,3037,3038,438.0,625687,376.0,189,355.0,1572
3040,3038,3039,376.0,622917,355.0,1572,355.0,1572
3041,3039,3040,380.0,624489,355.0,1572,326.0,566
3042,3040,3041,380.0,626061,326.0,566,319.0,1572
3043,3041,3042,326.0,623294,319.0,1572,304.0,1572
3044,3042,3043,319.0,624867,304.0,1572,298.0,1959
3045,3043,3044,329.0,626439,298.0,1959,585.0,3628
3046,3044,3045,298.0,624687,585.0,3628,562.0,424
3047,3045,3046,585.0,671276,562.0,424,561.0,1622
3048,3046,3047,562.0,626996,561.0,1622,562.0,1622
3049,3047,3048,564.0,628618,562.0,1622,533.0,23
3050,3048,3049,562.0,630241,533.0,23,527.0,25
3051,3049,3050,533.0,10129,527.0,25,491.0,675
3052,3050,3051,533.0,10154,491.0,675,487.0,1599
3053,3051,3052,493.0,586823,487.0,1599,476.0,1
3054,3052,3053,493.0,588422,476.0,1,435.0,313
3055,3053,3054,476.0,164,435.0,313,432.0,1572
3056,3054,3055,435.0,626885,432.0,1572,409.0,1572
3057,3055,3056,432.0,628458,409.0,1572,385.0,687
3058,3056,3057,435.0,630030,385.0,687,355.0,1572
3059,3057,3058,385.0,627259,355.0,1572,376.0,1572
3060,3058,3059,386.0,628831,376.0,1572,326.0,1065
3061,3059,3060,376.0,630404,326.0,1065,304.0,1572
3062,3060,3061,326.0,627637,304.0,1572,350.0,1478
3063,3061,3062,332.0,629209,350.0,1478,159.0,1
3064,3062,3063,350.0,628050,159.0,1,580.0,1433
3065,3063,3064,41.0,163,580.0,1433,564.0,938
3066,3064,3065,580.0,673177,564.0,938,562.0,1622
3067,3065,3066,564.0,631354,562.0,1622,533.0,5
3068,3066,3067,562.0,632977,533.0,5,527.0,26
3069,3067,3068,533.0,10173,527.0,26,527.0,26
3070,3068,3069,533.0,10199,527.0,26,491.0,1182
3071,3069,3070,533.0,10225,491.0,1182,487.0,1599
3072,3070,3071,493.0,590926,487.0,1599,463.0,703
3073,3071,3072,493.0,592525,463.0,703,434.0,812
3074,3072,3073,463.0,631119,434.0,812,409.0,1572
3075,3073,3074,434.0,631228,409.0,1572,171.0,1
3076,3074,3075,438.0,632800,171.0,1,380.0,1186
3077,3075,3076,171.0,165,380.0,1186,355.0,1572
3078,3076,3077,380.0,631602,355.0,1572,404.0,3777
3079,3077,3078,383.0,633174,404.0,3777,312.0,1564
3080,3078,3079,404.0,634193,312.0,1564,304.0,1572
3081,3079,3080,312.0,631980,304.0,1572,350.0,3491
3082,3080,3081,329.0,633552,350.0,3491,585.0,1737
3083,3081,3082,350.0,633907,585.0,1737,580.0,3438
3084,3082,3083,585.0,677577,580.0,3438,562.0,1453
3085,3083,3084,580.0,679278,562.0,1453,561.0,1622
3086,3084,3085,562.0,635713,561.0,1622,533.0,13
3087,3085,3086,564.0,637335,533.0,13,527.0,26
3088,3086,3087,533.0,10243,527.0,26,509.0,62
3089,3087,3088,533.0,10269,509.0,62,487.0,1599
3090,3088,3089,509.0,10292,487.0,1599,487.0,1598
3091,3089,3090,493.0,595029,487.0,1598,463.0,2764
3092,3090,3091,493.0,596628,463.0,2764,432.0,1311
3093,3091,3092,463.0,637024,432.0,1311,409.0,1572
3094,3092,3093,432.0,635571,409.0,1572,173.0,1
3095,3093,3094,435.0,637143,173.0,1,376.0,1572
3096,3094,3095,173.0,166,376.0,1572,355.0,1572
3097,3095,3096,376.0,635945,355.0,1572,326.0,490
3098,3096,3097,380.0,637517,326.0,490,304.0,1572
3099,3097,3098,326.0,634750,304.0,1572,329.0,1572
3100,3098,3099,332.0,636322,329.0,1572,298.0,1653
3101,3099,3100,329.0,637895,298.0,1653,585.0,3377
3102,3100,3101,298.0,635913,585.0,3377,564.0,345
3103,3101,3102,585.0,683313,564.0,345,562.0,1622
3104,3102,3103,564.0,638449,562.0,1622,561.0,1622
3105,3103,3104,562.0,640072,561.0,1622,533.0,21
3106,3104,3105,563.0,641694,533.0,21,527.0,26
3107,3105,3106,533.0,10313,527.0,26,491.0,597
3108,3106,3107,533.0,10339,491.0,597,487.0,1599
3109,3107,3108,493.0,597533,487.0,1599,476.0,1
3110,3108,3109,493.0,599132,476.0,1,435.0,237
3111,3109,3110,476.0,167,435.0,237,411.0,1572
3112,3110,3111,435.0,638341,411.0,1572,409.0,1572
3113,3111,3112,411.0,639914,409.0,1572,383.0,611
3114,3112,3113,432.0,641486,383.0,611,355.0,1572
3115,3113,3114,383.0,638715,355.0,1572,355.0,1572
3116,3114,3115,386.0,640287,355.0,1572,312.0,989
3117,3115,3116,386.0,641859,312.0,989,304.0,1572
3118,3116,3117,312.0,639093,304.0,1572,350.0,1171
3119,3117,3118,329.0,640665,350.0,1171,298.0,3657
3120,3118,3119,350.0,639275,298.0,3657,580.0,1126
3121,3119,3120,298.0,641761,580.0,1126,562.0,860
3122,3120,3121,580.0,685158,562.0,860,561.0,1622
3123,3121,3122,562.0,642808,561.0,1622,533.0,4
3124,3122,3123,564.0,644430,533.0,4,527.0,26
3125,3123,3124,533.0,10358,527.0,26,527.0,25
3126,3124,3125,533.0,10384,527.0,25,491.0,1104
3127,3125,3126,533.0,10409,491.0,1104,487.0,1599
3128,3126,3127,493.0,601636,487.0,1599,161.0,1
3129,3127,3128,493.0,603235,161.0,1,432.0,736
3130,3128,3129,161.0,168,432.0,736,409.0,1572
3131,3129,3130,432.0,642684,409.0,1572,171.0,1
3132,3130,3131,438.0,644256,171.0,1,380.0,1110
3133,3131,3132,171.0,168,380.0,1110,355.0,1572
3134,3132,3133,380.0,643058,355.0,1572,404.0,3186
3135,3133,3134,380.0,644630,404.0,3186,332.0,1487
3136,3134,3135,404.0,645134,332.0,1487,329.0,1572
3137,3135,3136,332.0,643435,329.0,1572,350.0,3184
3138,3136,3137,329.0,645008,350.0,3184,585.0,1487
3139,3137,3138,350.0,645132,585.0,1487,580.0,3132
3140,3138,3139,585.0,689615,580.0,3132,562.0,1375
3141,3139,3140,580.0,691260,562.0,1375,561.0,1622
3142,3140,3141,562.0,647167,561.0,1622,533.0,12
3143,3141,3142,562.0,648789,533.0,12,527.0,26
3144,3142,3143,533.0,10428,527.0,26,474.0,1
3145,3143,3144,533.0,10454,474.0,1,489.0,1598
3146,3144,3145,474.0,169,489.0,1598,487.0,1599
3147,3145,3146,493.0,605739,487.0,1599,463.0,2450
3148,3146,3147,493.0,607338,463.0,2450,429.0,1235
3149,3147,3148,463.0,648242,429.0,1235,409.0,1572
3150,3148,3149,429.0,647027,409.0,1572,173.0,1
3151,3149,3150,435.0,648599,173.0,1,357.0,1572
3152,3150,3151,173.0,169,357.0,1572,355.0,1572
3153,3151,3152,357.0,647401,355.0,1572,323.0,414
3154,3152,3153,376.0,648973,323.0,414,304.0,1572
3155,3153,3154,323.0,646206,304.0,1572,326.0,1572
3156,3154,3155,329.0,647778,326.0,1572,298.0,1347
3157,3155,3156,326.0,649351,298.0,1347,585.0,3127
3158,3156,3157,298.0,647139,585.0,3127,562.0,267
3159,3157,3158,585.0,695351,562.0,267,561.0,1622
3160,3158,3159,562.0,649903,561.0,1622,562.0,1622
3161,3159,3160,564.0,651525,562.0,1622,533.0,20
3162,3160,3161,562.0,653148,533.0,20,527.0,26
3163,3161,3162,533.0,10498,527.0,26,491.0,520
3164,3162,3163,533.0,10524,491.0,520,487.0,1599
3165,3163,3164,493.0,608244,487.0,1599,476.0,1
3166,3164,3165,493.0,609843,476.0,1,432.0,161
3167,3165,3166,476.0,170,432.0,161,409.0,1572
3168,3166,3167,432.0,649797,409.0,1572,432.0,1572
3169,3167,3168,438.0,651369,432.0,1572,380.0,535
3170,3168,3169,432.0,652942,380.0,535,355.0,1572
3171,3169,3170,380.0,650171,355.0,1572,355.0,1572
3172,3170,3171,383.0,651743,355.0,1572,332.0,912
3173,3171,3172,386.0,653315,332.0,912,329.0,1572
3174,3172,3173,332.0,650548,329.0,1572,350.0,864
3175,3173,3174,329.0,652121,350.0,864,298.0,3351
3176,3174,3175,350.0,650500,298.0,3351,580.0,820
3177,3175,3176,298.0,652987,580.0,820,564.0,781
3178,3176,3177,580.0,697140,564.0,781,562.0,1622
3179,3177,3178,564.0,654261,562.0,1622,533.0,2
3180,3178,3179,562.0,655884,533.0,2,527.0,26
3181,3179,3180,533.0,10542,527.0,26,527.0,26
3182,3180,3181,533.0,10568,527.0,26,491.0,1027
3183,3181,3182,533.0,10594,491.0,1027,487.0,1598
3184,3182,3183,493.0,612347,487.0,1598,161.0,1
3185,3183,3184,493.0,613946,161.0,1,429.0,660
3186,3184,3185,161.0,171,429.0,660,409.0,1572
3187,3185,3186,429.0,654140,409.0,1572,429.0,1572
3188,3186,3187,435.0,655712,429.0,1572,376.0,1034
3189,3187,3188,429.0,657285,376.0,1034,355.0,1572
3190,3188,3189,376.0,654514,355.0,1572,404.0,2595
3191,3189,3190,380.0,656086,404.0,2595,329.0,1411
3192,3190,3191,404.0,656075,329.0,1411,326.0,1572
3193,3191,3192,329.0,654891,326.0,1572,350.0,2876
3194,3192,3193,326.0,656464,350.0,2876,585.0,1237
3195,3193,3194,350.0,656356,585.0,1237,580.0,2825
3196,3194,3195,585.0,701653,580.0,2825,562.0,1296
3197,3195,3196,580.0,703241,562.0,1296,561.0,1622
3198,3196,3197,562.0,658620,561.0,1622,533.0,11
3199,3197,3198,564.0,660242,533.0,11,527.0,25
3200,3198,3199,533.0,10613,527.0,25,474.0,1
3201,3199,3200,538.0,10638,474.0,1,491.0,1534
3202,3200,3201,474.0,172,491.0,1534,487.0,1599
3203,3201,3202,493.0,616450,487.0,1599,463.0,2135
3204,3202,3203,493.0,618049,463.0,2135,438.0,1158
3205,3203,3204,463.0,659459,438.0,1158,432.0,1572
3206,3204,3205,438.0,658482,432.0,1572,456.0,3541
3207,3205,3206,432.0,660055,456.0,3541,386.0,1532
3208,3206,3207,456.0,660865,386.0,1532,357.0,1572
3209,3207,3208,386.0,658856,357.0,1572,332.0,337
3210,3208,3209,357.0,660429,332.0,337,329.0,1572
3211,3209,3210,332.0,657661,329.0,1572,326.0,1572
3212,3210,3211,329.0,659234,326.0,1572,298.0,1041
3213,3211,3212,326.0,660807,298.0,1041,585.0,2877
3214,3212,3213,298.0,658365,585.0,2877,564.0,188
3215,3213,3214,585.0,707389,564.0,188,562.0,1622
3216,3214,3215,564.0,661356,562.0,1622,561.0,1622
3217,3215,3216,562.0,662979,561.0,1622,533.0,19
3218,3216,3217,562.0,664601,533.0,19,527.0,26
3219,3217,3218,533.0,10683,527.0,26,491.0,442
3220,3218,3219,533.0,10709,491.0,442,487.0,1599
3221,3219,3220,493.0,618954,487.0,1599,504.0,45
3222,3220,3221,493.0,620553,504.0,45,166.0,1
3223,3221,3222,504.0,10709,166.0,1,409.0,1572
3224,3222,3223,166.0,173,409.0,1572,432.0,1572
3225,3223,3224,435.0,662825,432.0,1572,380.0,459
3226,3224,3225,432.0,664398,380.0,459,355.0,1572
3227,3225,3226,380.0,661627,355.0,1572,355.0,1572
3228,3226,3227,383.0,663199,355.0,1572,332.0,836
3229,3227,3228,383.0,664771,332.0,836,326.0,1572
3230,3228,3229,332.0,662004,326.0,1572,181.0,1
3231,3229,3230,326.0,663577,181.0,1,298.0,3045
3232,3230,3231,181.0,173,298.0,3045,466.0,1
3233,3231,3232,298.0,664213,466.0,1,562.0,703
3234,3232,3233,466.0,174,562.0,703,561.0,1622
3235,3233,3234,562.0,665715,561.0,1622,471.0,1
3236,3234,3235,564.0,667337,471.0,1,527.0,26
3237,3235,3236,471.0,174,527.0,26,527.0,26
3238,3236,3237,533.0,10753,527.0,26,491.0,949
3239,3237,3238,533.0,10779,491.0,949,487.0,1599
3240,3238,3239,493.0,623057,487.0,1599,483.0,3382
3241,3239,3240,493.0,624656,483.0,3382,424.0,584
3242,3240,3241,483.0,668394,424.0,584,409.0,1572
3243,3241,3242,424.0,665596,409.0,1572,409.0,1572
3244,3242,3243,435.0,667168,409.0,1572,357.0,958
3245,3243,3244,438.0,668740,357.0,958,355.0,1572
3246,3244,3245,357.0,665970,355.0,1572,404.0,2005
3247,3245,3246,380.0,667542,404.0,2005,329.0,1335
3248,3246,3247,404.0,667017,329.0,1335,326.0,1572
3249,3247,3248,329.0,666347,326.0,1572,350.0,2569
3250,3248,3249,326.0,667920,350.0,2569,585.0,986
3251,3249,3250,350.0,667581,585.0,986,580.0,2519
3252,3250,3251,585.0,713690,580.0,2519,564.0,1217
3253,3251,3252,580.0,715223,564.0,1217,562.0,1622
3254,3252,3253,564.0,670073,562.0,1622,533.0,9
3255,3253,3254,562.0,671696,533.0,9,527.0,26
3256,3254,3255,533.0,10797,527.0,26,527.0,26
3257,3255,3256,533.0,10823,527.0,26,491.0,1457
3258,3256,3257,533.0,10849,491.0,1457,487.0,1599
3259,3257,3258,493.0,627161,487.0,1599,463.0,1820
3260,3258,3259,493.0,628760,463.0,1820,438.0,1082
3261,3259,3260,463.0,670676,438.0,1082,432.0,1572
3262,3260,3261,438.0,669938,432.0,1572,456.0,2954
3263,3261,3262,432.0,671511,456.0,2954,383.0,1456
3264,3262,3263,456.0,671810,383.0,1456,355.0,1572
3265,3263,3264,383.0,670312,355.0,1572,332.0,261
3266,3264,3265,386.0,671884,332.0,261,326.0,1572
3267,3265,3266,332.0,669117,326.0,1572,319.0,1572
3268,3266,3267,326.0,670690,319.0,1572,298.0,735
3269,3267,3268,319.0,672263,298.0,735,585.0,2626
3270,3268,3269,298.0,669591,585.0,2626,468.0,1
3271,3269,3270,585.0,719426,468.0,1,561.0,1622
3272,3270,3271,468.0,176,561.0,1622,561.0,1622
3273,3271,3272,562.0,674432,561.0,1622,533.0,18
3274,3272,3273,564.0,676054,533.0,18,527.0,25
3275,3273,3274,533.0,10868,527.0,25,491.0,365
3276,3274,3275,533.0,10893,491.0,365,487.0,1598
3277,3275,3276,493.0,629665,487.0,1598,487.0,1599
3278,3276,3277,493.0,631264,487.0,1599,166.0,1
3279,3277,3278,493.0,632863,166.0,1,409.0,1572
3280,3278,3279,166.0,176,409.0,1572,411.0,1572
3281,3279,3280,435.0,674281,411.0,1572,380.0,383
3282,3280,3281,411.0,675854,380.0,383,355.0,1572
3283,3281,3282,380.0,673083,355.0,1572,355.0,1572
3284,3282,3283,380.0,674655,355.0,1572,329.0,760
3285,3283,3284,383.0,676227,329.0,760,326.0,1572
3286,3284,3285,329.0,673460,326.0,1572,181.0,1
3287,3285,3286,326.0,675033,181.0,1,298.0,2739
3288,3286,3287,181.0,176,298.0,2739,466.0,1
3289,3287,3288,298.0,675439,466.0,1,564.0,624
3290,3288,3289,466.0,177,564.0,624,562.0,1622
3291,3289,3290,564.0,677168,562.0,1622,471.0,1
3292,3290,3291,562.0,678791,471.0,1,527.0,26
3293,3291,3292,471.0,177,527.0,26,527.0,26
3294,3292,3293,533.0,10938,527.0,26,491.0,872
3295,3293,3294,533.0,10964,491.0,872,487.0,1599
3296,3294,3295,493.0,633768,487.0,1599,483.0,2777
3297,3295,3296,493.0,635367,483.0,2777,438.0,507
3298,3296,3297,483.0,679321,438.0,507,432.0,1572
3299,3297,3298,438.0,677051,432.0,1572,409.0,1572
3300,3298,3299,432.0,678624,409.0,1572,386.0,881
3301,3299,3300,438.0,680196,386.0,881,376.0,1572
3302,3300,3301,386.0,677425,376.0,1572,404.0,1414
3303,3301,3302,376.0,678998,404.0,1414,326.0,1259
3304,3302,3303,404.0,677958,326.0,1259,323.0,1572
3305,3303,3304,326.0,677803,323.0,1572,350.0,2262
3306,3304,3305,323.0,679376,350.0,2262,585.0,736
3307,3305,3306,350.0,678806,585.0,736,580.0,2213
3308,3306,3307,585.0,725728,580.0,2213,562.0,1139
3309,3307,3308,580.0,727205,562.0,1139,561.0,1622
3310,3308,3309,562.0,681527,561.0,1622,533.0,8
3311,3309,3310,564.0,683149,533.0,8,527.0,26
3312,3310,3311,533.0,10982,527.0,26,527.0,26
3313,3311,3312,533.0,11008,527.0,26,491.0,1379
3314,3312,3313,533.0,11034,491.0,1379,487.0,1599
3315,3313,3314,493.0,637871,487.0,1599,463.0,1506
3316,3314,3315,493.0,639470,463.0,1506,435.0,1006
3317,3315,3316,463.0,681894,435.0,1006,429.0,1572
3318,3316,3317,435.0,681394,429.0,1572,456.0,2368
3319,3317,3318,429.0,682967,456.0,2368,383.0,1380
3320,3318,3319,456.0,682756,383.0,1380,355.0,1572
3321,3319,3320,383.0,681768,355.0,1572,329.0,185
3322,3320,3321,386.0,683340,329.0,185,326.0,1572
3323,3321,3322,329.0,680573,326.0,1572,304.0,1572
3324,3322,3323,326.0,682146,304.0,1572,183.0,1
3325,3323,3324,332.0,683718,183.0,1,585.0,2376
3326,3324,3325,183.0,178,585.0,2376,468.0,1
3327,3325,3326,585.0,731464,468.0,1,561.0,1622
3328,3326,3327,468.0,179,561.0,1622,562.0,1622
3329,3327,3328,564.0,685885,562.0,1622,533.0,16
3330,3328,3329,562.0,687508,533.0,16,527.0,26
3331,3329,3330,533.0,11052,527.0,26,491.0,287
3332,3330,3331,533.0,11078,491.0,287,487.0,1599
3333,3331,3332,493.0,640375,487.0,1599,487.0,1599
3334,3332,3333,493.0,641974,487.0,1599,463.0,3567
3335,3333,3334,493.0,643573,463.0,3567,432.0,1505
3336,3334,3335,463.0,687799,432.0,1505,409.0,1572
3337,3335,3336,432.0,685737,409.0,1572,376.0,307
3338,3336,3337,438.0,687309,376.0,307,355.0,1572
3339,3337,3338,376.0,684539,355.0,1572,355.0,1572
3340,3338,3339,380.0,686111,355.0,1572,326.0,684
3341,3339,3340,380.0,687683,326.0,684,323.0,1572
3342,3340,3341,326.0,684916,323.0,1572,304.0,1572
3343,3341,3342,323.0,686489,304.0,1572,298.0,2433
3344,3342,3343,331.0,688061,298.0,2433,585.0,4016
3345,3343,3344,298.0,686665,585.0,4016,562.0,546
3346,3344,3345,585.0,737200,562.0,546,561.0,1622
3347,3345,3346,562.0,688622,561.0,1622,561.0,1622
3348,3346,3347,562.0,690244,561.0,1622,533.0,25
3349,3347,3348,564.0,691866,533.0,25,527.0,25
3350,3348,3349,533.0,11123,527.0,25,491.0,795
3351,3349,3350,533.0,11148,491.0,795,487.0,1599
3352,3350,3351,493.0,644479,487.0,1599,483.0,2173
3353,3351,3352,493.0,646078,483.0,2173,438.0,431
3354,3352,3353,483.0,690249,438.0,431,432.0,1572
3355,3353,3354,438.0,688507,432.0,1572,409.0,1572
3356,3354,3355,432.0,690080,409.0,1572,386.0,805
3357,3355,3356,435.0,691652,386.0,805,355.0,1572
3358,3356,3357,386.0,688881,355.0,1572,176.0,1
3359,3357,3358,386.0,690453,176.0,1,326.0,1183
3360,3358,3359,176.0,180,326.0,1183,304.0,1572
3361,3359,3360,326.0,689259,304.0,1572,350.0,1955
3362,3360,3361,332.0,690831,350.0,1955,159.0,1
3363,3361,3362,350.0,690031,159.0,1,580.0,1907
3364,3362,3363,41.0,179,580.0,1907,564.0,1060
3365,3363,3364,580.0,739187,564.0,1060,562.0,1622
3366,3364,3365,564.0,692980,562.0,1622,533.0,7
3367,3365,3366,562.0,694603,533.0,7,527.0,26
3368,3366,3367,533.0,11167,527.0,26,527.0,26
3369,3367,3368,533.0,11193,527.0,26,491.0,1302
3370,3368,3369,533.0,11219,491.0,1302,487.0,1599
3371,3369,3370,493.0,648582,487.0,1599,463.0,1191
3372,3370,3371,493.0,650181,463.0,1191,435.0,930
3373,3371,3372,463.0,693111,435.0,930,409.0,1572
3374,3372,3373,435.0,692850,409.0,1572,456.0,1782
3375,3373,3374,438.0,694422,456.0,1782,380.0,1304
3376,3374,3375,456.0,693702,380.0,1304,355.0,1572
3377,3375,3376,380.0,693224,355.0,1572,178.0,1
3378,3376,3377,383.0,694796,178.0,1,323.0,1572
3379,3377,3378,178.0,181,323.0,1572,304.0,1572
3380,3378,3379,323.0,693602,304.0,1572,183.0,1
3381,3379,3380,329.0,695174,183.0,1,585.0,2126
3382,3380,3381,183.0,181,585.0,2126,580.0,3912
3383,3381,3382,585.0,743502,580.0,3912,562.0,1575
3384,3382,3383,580.0,745288,562.0,1575,561.0,1622
3385,3383,3384,562.0,697339,561.0,1622,533.0,15
3386,3384,3385,564.0,698961,533.0,15,527.0,26
3387,3385,3386,533.0,11237,527.0,26,491.0,210
3388,3386,3387,533.0,11263,491.0,210,487.0,1599
3389,3387,3388,493.0,651086,487.0,1599,487.0,1598
3390,3388,3389,493.0,652685,487.0,1598,463.0,3252
3391,3389,3390,493.0,654284,463.0,3252,432.0,1429
3392,3390,3391,463.0,699016,432.0,1429,409.0,1572
3393,3391,3392,432.0,697193,409.0,1572,386.0,230
3394,3392,3393,435.0,698765,386.0,230,376.0,1572
3395,3393,3394,386.0,695994,376.0,1572,355.0,1572
3396,3394,3395,376.0,697567,355.0,1572,326.0,608
3397,3395,3396,380.0,699139,326.0,608,304.0,1572
3398,3396,3397,326.0,696372,304.0,1572,329.0,1572
3399,3397,3398,332.0,697944,329.0,1572,298.0,2127
3400,3398,3399,329.0,699517,298.0,2127,585.0,3765
3401,3399,3400,298.0,697891,585.0,3765,562.0,467
3402,3400,3401,585.0,749237,562.0,467,561.0,1622
3403,3401,3402,562.0,700075,561.0,1622,562.0,1622
3404,3402,3403,564.0,701697,562.0,1622,533.0,23
3405,3403,3404,562.0,703320,533.0,23,527.0,26
3406,3404,3405,533.0,11307,527.0,26,491.0,717
3407,3405,3406,533.0,11333,491.0,717,487.0,1599
3408,3406,3407,493.0,655189,487.0,1599,483.0,1568
3409,3407,3408,493.0,656788,483.0,1568,435.0,355
3410,3408,3409,483.0,701176,435.0,355,417.0,1572
3411,3409,3410,435.0,699963,417.0,1572,409.0,1572
3412,3410,3411,417.0,701536,409.0,1572,383.0,729
3413,3411,3412,434.0,703108,383.0,729,355.0,1572
3414,3412,3413,383.0,700337,355.0,1572,176.0,1
3415,3413,3414,386.0,701909,176.0,1,323.0,1107
3416,3414,3415,176.0,183,323.0,1107,304.0,1572
3417,3415,3416,323.0,700715,304.0,1572,350.0,1647
3418,3416,3417,329.0,702287,350.0,1647,159.0,1
3419,3417,3418,350.0,701255,159.0,1,580.0,1601
3420,3418,3419,41.0,182,580.0,1601,562.0,982
3421,3419,3420,580.0,751169,562.0,982,561.0,1622
3422,3420,3421,562.0,704434,561.0,1622,533.0,6
3423,3421,3422,562.0,706056,533.0,6,527.0,25
3424,3422,3423,533.0,11352,527.0,25,533.0,25
3425,3423,3424,538.0,11377,533.0,25,491.0,1224
3426,3424,3425,533.0,11403,491.0,1224,487.0,1599
3427,3425,3426,493.0,659292,487.0,1599,463.0,876
3428,3426,3427,493.0,660891,463.0,876,432.0,854
3429,3427,3428,463.0,704328,432.0,854,409.0,1572
3430,3428,3429,432.0,704306,409.0,1572,171.0,1
3431,3429,3430,438.0,705878,171.0,1,380.0,1228
3432,3430,3431,171.0,184,380.0,1228,355.0,1572
3433,3431,3432,380.0,704680,355.0,1572,178.0,1
3434,3432,3433,380.0,706252,178.0,1,304.0,1572
3435,3433,3434,178.0,184,304.0,1572,329.0,1572
3436,3434,3435,332.0,705057,329.0,1572,350.0,3660
3437,3435,3436,329.0,706630,350.0,3660,585.0,1875
3438,3436,3437,350.0,707112,585.0,1875,580.0,3606
3439,3437,3438,585.0,755539,580.0,3606,564.0,1496
3440,3438,3439,580.0,757270,564.0,1496,562.0,1622
3441,3439,3440,564.0,708792,562.0,1622,533.0,14
3442,3440,3441,562.0,710415,533.0,14,527.0,26
3443,3441,3442,533.0,11422,527.0,26,509.0,62
3444,3442,3443,533.0,11448,509.0,62,489.0,1598
3445,3443,3444,509.0,11470,489.0,1598,487.0,1599
3446,3444,3445,493.0,663395,487.0,1599,463.0,2937
3447,3445,3446,493.0,664994,463.0,2937,429.0,1353
3448,3446,3447,463.0,710233,429.0,1353,409.0,1572
3449,3447,3448,429.0,708649,409.0,1572,173.0,1
3450,3448,3449,435.0,710221,173.0,1,355.0,1572
3451,3449,3450,173.0,185,355.0,1572,376.0,1572
3452,3450,3451,386.0,709022,376.0,1572,323.0,532
3453,3451,3452,376.0,710595,323.0,532,304.0,1572
3454,3452,3453,323.0,707828,304.0,1572,326.0,1572
3455,3453,3454,331.0,709400,326.0,1572,298.0,1821
3456,3454,3455,326.0,710973,298.0,1821,585.0,3515
3457,3455,3456,298.0,709117,585.0,3515,566.0,388
3458,3456,3457,585.0,761275,566.0,388,562.0,1622
3459,3457,3458,566.0,711528,562.0,1622,561.0,1622
3460,3458,3459,562.0,713151,561.0,1622,533.0,22
3461,3459,3460,564.0,714773,533.0,22,527.0,26
3462,3460,3461,533.0,11492,527.0,26,491.0,640
3463,3461,3462,533.0,11518,491.0,640,487.0,1599
3464,3462,3463,493.0,665900,487.0,1599,476.0,1
3465,3463,3464,493.0,667499,476.0,1,432.0,279
3466,3464,3465,476.0,186,432.0,279,409.0,1572
3467,3465,3466,432.0,711419,409.0,1572,432.0,1572
3468,3466,3467,438.0,712991,432.0,1572,380.0,653
3469,3467,3468,432.0,714564,380.0,653,355.0,1572
3470,3468,3469,380.0,711793,355.0,1572,355.0,1572
3471,3469,3470,383.0,713365,355.0,1572,332.0,1030
3472,3470,3471,386.0,714937,332.0,1030,329.0,1572
3473,3471,3472,332.0,712170,329.0,1572,350.0,1340
3474,3472,3473,329.0,713743,350.0,1340,298.0,3826
3475,3473,3474,350.0,712480,298.0,3826,580.0,1295
3476,3474,3475,298.0,714966,580.0,1295,563.0,903
3477,3475,3476,580.0,763151,563.0,903,561.0,1622
3478,3476,3477,563.0,715887,561.0,1622,533.0,4
3479,3477,3478,566.0,717509,533.0,4,527.0,26
3480,3478,3479,533.0,11536,527.0,26,527.0,26
3481,3479,3480,533.0,11562,527.0,26,491.0,1147
3482,3480,3481,533.0,11588,491.0,1147,487.0,1599
3483,3481,3482,493.0,670003,487.0,1599,161.0,1
3484,3482,3483,493.0,671602,161.0,1,429.0,778
3485,3483,3484,161.0,187,429.0,778,409.0,1572
3486,3484,3485,429.0,715762,409.0,1572,171.0,1
3487,3485,3486,435.0,717334,171.0,1,376.0,1152
3488,3486,3487,171.0,187,376.0,1152,355.0,1572
3489,3487,3488,376.0,716136,355.0,1572,404.0,3511
3490,3488,3489,380.0,717708,404.0,3511,329.0,1529
3491,3489,3490,404.0,718495,329.0,1529,326.0,1572
3492,3490,3491,329.0,716513,326.0,1572,350.0,3352
3493,3491,3492,326.0,718086,350.0,3352,585.0,1625
3494,3492,3493,350.0,718336,585.0,1625,580.0,3300
3495,3493,3494,585.0,767577,580.0,3300,562.0,1418
3496,3494,3495,580.0,769252,562.0,1418,561.0,1622
3497,3495,3496,562.0,720246,561.0,1622,533.0,13
3498,3496,3497,563.0,721868,533.0,13,527.0,25
3499,3497,3498,533.0,11607,527.0,25,491.0,55
3500,3498,3499,533.0,11632,491.0,55,487.0,1599
3501,3499,3500,509.0,11656,487.0,1599,487.0,1599
3502,3500,3501,493.0,674106,487.0,1599,463.0,2622
3503,3501,3502,493.0,675705,463.0,2622,438.0,1276
3504,3502,3503,463.0,721450,438.0,1276,432.0,1572
3505,3503,3504,438.0,720104,432.0,1572,173.0,1
3506,3504,3505,432.0,721677,173.0,1,355.0,1572
3507,3505,3506,173.0,188,355.0,1572,357.0,1572
3508,3506,3507,386.0,720478,357.0,1572,332.0,455
3509,3507,3508,357.0,722051,332.0,455,329.0,1572
3510,3508,3509,332.0,719283,329.0,1572,326.0,1572
3511,3509,3510,329.0,720856,326.0,1572,298.0,1515
3512,3510,3511,326.0,722429,298.0,1515,585.0,3264
3513,3511,3512,298.0,720343,585.0,3264,562.0,310
3514,3512,3513,585.0,773312,562.0,310,561.0,1622
3515,3513,3514,562.0,722982,561.0,1622,562.0,1622
3516,3514,3515,564.0,724604,562.0,1622,533.0,21
3517,3515,3516,562.0,726227,533.0,21,527.0,26
3518,3516,3517,533.0,11677,527.0,26,491.0,562
3519,3517,3518,533.0,11703,491.0,562,487.0,1599
3520,3518,3519,493.0,676610,487.0,1599,476.0,1
3521,3519,3520,493.0,678209,476.0,1,432.0,203
3522,3520,3521,476.0,189,432.0,203,409.0,1572
3523,3521,3522,432.0,722875,409.0,1572,429.0,1572
3524,3522,3523,435.0,724447,429.0,1572,380.0,577
3525,3523,3524,429.0,726020,380.0,577,355.0,1572
3526,3524,3525,380.0,723249,355.0,1572,355.0,1572
3527,3525,3526,380.0,724821,355.0,1572,329.0,954
3528,3526,3527,383.0,726393,329.0,954,326.0,1572
3529,3527,3528,329.0,723626,326.0,1572,350.0,1033
3530,3528,3529,326.0,725199,350.0,1033,298.0,3520
3531,3529,3530,350.0,723705,298.0,3520,580.0,989
3532,3530,3531,298.0,726192,580.0,989,562.0,825
3533,3531,3532,580.0,775133,562.0,825,561.0,1622
3534,3532,3533,562.0,727341,561.0,1622,533.0,3
3535,3533,3534,562.0,728963,533.0,3,527.0,26
3536,3534,3535,533.0,11721,527.0,26,527.0,26
3537,3535,3536,533.0,11747,527.0,26,491.0,1069
3538,3536,3537,533.0,11773,491.0,1069,487.0,1599
3539,3537,3538,493.0,680713,487.0,1599,161.0,1
3540,3538,3539,493.0,682312,161.0,1,417.0,702
3541,3539,3540,161.0,190,417.0,702,409.0,1572
3542,3540,3541,417.0,727218,409.0,1572,171.0,1
3543,3541,3542,435.0,728790,171.0,1,357.0,1076
3544,3542,3543,171.0,190,357.0,1076,355.0,1572
3545,3543,3544,357.0,727592,355.0,1572,404.0,2920
3546,3544,3545,376.0,729164,404.0,2920,329.0,1453
3547,3545,3546,404.0,729436,329.0,1453,326.0,1572
3548,3546,3547,329.0,727969,326.0,1572,350.0,3045
3549,3547,3548,326.0,729542,350.0,3045,585.0,1374
3550,3548,3549,350.0,729561,585.0,1374,580.0,2994
3551,3549,3550,585.0,779614,580.0,2994,564.0,1339
3552,3550,3551,580.0,781234,564.0,1339,562.0,1622
3553,3551,3552,564.0,731699,562.0,1622,533.0,11
3554,3552,3553,562.0,733322,533.0,11,527.0,26
3555,3553,3554,533.0,11791,527.0,26,474.0,1
3556,3554,3555,533.0,11817,474.0,1,491.0,1577
3557,3555,3556,474.0,191,491.0,1577,489.0,1598
3558,3556,3557,493.0,684817,489.0,1598,463.0,2308
3559,3557,3558,493.0,686415,463.0,2308,438.0,1200
3560,3558,3559,463.0,732668,438.0,1200,432.0,1572
3561,3559,3560,438.0,731560,432.0,1572,173.0,1
3562,3560,3561,432.0,733133,173.0,1,355.0,1572
3563,3561,3562,173.0,191,355.0,1572,355.0,1572
3564,3562,3563,383.0,731934,355.0,1572,332.0,379
3565,3563,3564,386.0,733506,332.0,379,326.0,1572
3566,3564,3565,332.0,730739,326.0,1572,323.0,1572
3567,3565,3566,326.0,732312,323.0,1572,298.0,1209
3568,3566,3567,323.0,733885,298.0,1209,585.0,3014
3569,3567,3568,298.0,731569,585.0,3014,564.0,231
3570,3568,3569,585.0,785350,564.0,231,562.0,1622
3571,3569,3570,564.0,734435,562.0,1622,561.0,1622
3572,3570,3571,562.0,736058,561.0,1622,530.0,20
3573,3571,3572,564.0,737680,530.0,20,527.0,25
3574,3572,3573,530.0,11862,527.0,25,491.0,485
3575,3573,3574,533.0,11887,491.0,485,487.0,1599
3576,3574,3575,493.0,687321,487.0,1599,499.0,28
3577,3575,3576,493.0,688920,499.0,28,166.0,1
3578,3576,3577,499.0,11870,166.0,1,409.0,1572
3579,3577,3578,166.0,192,409.0,1572,411.0,1572
3580,3578,3579,435.0,735903,411.0,1572,376.0,501
3581,3579,3580,411.0,737476,376.0,501,355.0,1572
3582,3580,3581,376.0,734705,355.0,1572,355.0,1572
3583,3581,3582,380.0,736277,355.0,1572,329.0,878
3584,3582,3583,383.0,737849,329.0,878,326.0,1572
3585,3583,3584,329.0,735082,326.0,1572,350.0,725
3586,3584,3585,326.0,736655,350.0,725,298.0,3214
3587,3585,3586,350.0,734929,298.0,3214,580.0,682
3588,3586,3587,298.0,737418,580.0,682,562.0,746
3589,3587,3588,580.0,787114,562.0,746,561.0,1622
3590,3588,3589,562.0,738794,561.0,1622,471.0,1
3591,3589,3590,564.0,740416,471.0,1,527.0,26
3592,3590,3591,471.0,193,527.0,26,527.0,26
3593,3591,3592,533.0,11932,527.0,26,491.0,992
3594,3592,3593,533.0,11958,491.0,992,487.0,1598
3595,3593,3594,493.0,691424,487.0,1598,483.0,3714
3596,3594,3595,493.0,693023,483.0,3714,438.0,625
3597,3595,3596,483.0,741762,438.0,625,432.0,1572
3598,3596,3597,438.0,738673,432.0,1572,409.0,1572
3599,3597,3598,432.0,740246,409.0,1572,386.0,999
3600,3598,3599,438.0,741818,386.0,999,357.0,1572
3601,3599,3600,386.0,739047,357.0,1572,404.0,2329
3602,3600,3601,357.0,740620,404.0,2329,326.0,1377
3603,3601,3602,404.0,740377,326.0,1377,312.0,1572
3604,3602,3603,326.0,739425,312.0,1572,350.0,2738
3605,3603,3604,312.0,740998,350.0,2738,585.0,1124
3606,3604,3605,350.0,740786,585.0,1124,580.0,2687
3607,3605,3606,585.0,791652,580.0,2687,562.0,1261
3608,3606,3607,580.0,793215,562.0,1261,561.0,1622
3609,3607,3608,562.0,743153,561.0,1622,533.0,10
3610,3608,3609,562.0,744775,533.0,10,527.0,26
3611,3609,3610,533.0,11976,527.0,26,474.0,1
3612,3610,3611,533.0,12002,474.0,1,491.0,1499
3613,3611,3612,474.0,194,491.0,1499,487.0,1599
3614,3612,3613,493.0,695527,487.0,1599,463.0,1993
3615,3613,3614,493.0,697126,463.0,1993,435.0,1124
3616,3614,3615,463.0,743885,435.0,1124,429.0,1572
3617,3615,3616,435.0,743016,429.0,1572,456.0,3276
3618,3616,3617,429.0,744589,456.0,3276,383.0,1498
3619,3617,3618,456.0,745168,383.0,1498,355.0,1572
3620,3618,3619,383.0,743390,355.0,1572,329.0,303
3621,3619,3620,383.0,744962,329.0,303,326.0,1572
3622,3620,3621,329.0,742195,326.0,1572,304.0,1572
3623,3621,3622,326.0,743768,304.0,1572,298.0,903
3624,3622,3623,332.0,745340,298.0,903,585.0,2764
3625,3623,3624,298.0,742795,585.0,2764,468.0,1
3626,3624,3625,585.0,797388,468.0,1,561.0,1622
3627,3625,3626,468.0,195,561.0,1622,562.0,1622
3628,3626,3627,564.0,747511,562.0,1622,533.0,18
3629,3627,3628,562.0,749134,533.0,18,527.0,26
3630,3628,3629,533.0,12046,527.0,26,491.0,407
3631,3629,3630,533.0,12072,491.0,407,487.0,1599
3632,3630,3631,493.0,698031,487.0,1599,504.0,9
3633,3631,3632,493.0,699630,504.0,9,166.0,1
3634,3632,3633,504.0,12037,166.0,1,432.0,1572
3635,3633,3634,166.0,195,432.0,1572,409.0,1572
3636,3634,3635,432.0,747359,409.0,1572,357.0,425
3637,3635,3636,438.0,748931,357.0,425,355.0,1572
3638,3636,3637,357.0,746161,355.0,1572,355.0,1572
3639,3637,3638,380.0,747733,355.0,1572,326.0,802
3640,3638,3639,380.0,749305,326.0,802,323.0,1572
3641,3639,3640,326.0,746538,323.0,1572,181.0,1
3642,3640,3641,323.0,748111,181.0,1,298.0,2907
3643,3641,3642,181.0,195,298.0,2907,466.0,1
3644,3642,3643,298.0,748643,466.0,1,564.0,667
3645,3643,3644,466.0,196,564.0,667,562.0,1622
3646,3644,3645,564.0,750247,562.0,1622,471.0,1
3647,3645,3646,562.0,751870,471.0,1,527.0,25
3648,3646,3647,471.0,196,527.0,25,527.0,26
3649,3647,3648,533.0,12116,527.0,26,491.0,915
3650,3648,3649,533.0,12142,491.0,915,489.0,1598
3651,3649,3650,493.0,702135,489.0,1598,483.0,3109
3652,3650,3651,493.0,703733,483.0,3109,435.0,549
3653,3651,3652,483.0,752689,435.0,549,429.0,1572
3654,3652,3653,435.0,750129,429.0,1572,409.0,1572
3655,3653,3654,429.0,751702,409.0,1572,383.0,923
3656,3654,3655,435.0,753274,383.0,923,355.0,1572
3657,3655,3656,383.0,750503,355.0,1572,404.0,1738
3658,3656,3657,386.0,752075,404.0,1738,326.0,1301
3659,3657,3658,404.0,751318,326.0,1301,304.0,1572
3660,3658,3659,326.0,750881,304.0,1572,350.0,2431
3661,3659,3660,332.0,752453,350.0,2431,585.0,874
3662,3660,3661,350.0,752011,585.0,874,580.0,2381
3663,3661,3662,585.0,803690,580.0,2381,562.0,1182
3664,3662,3663,580.0,805197,562.0,1182,561.0,1622
3665,3663,3664,562.0,754606,561.0,1622,533.0,9
3666,3664,3665,564.0,756228,533.0,9,527.0,26
3667,3665,3666,533.0,12161,527.0,26,527.0,26
3668,3666,3667,533.0,12187,527.0,26,491.0,1422
3669,3667,3668,533.0,12213,491.0,1422,487.0,1599
3670,3668,3669,493.0,706238,487.0,1599,463.0,1678
3671,3669,3670,493.0,707837,463.0,1678,432.0,1048
3672,3670,3671,463.0,755102,432.0,1048,409.0,1572
3673,3671,3672,432.0,754472,409.0,1572,456.0,2690
3674,3672,3673,438.0,756044,456.0,2690,380.0,1422
3675,3673,3674,456.0,756114,380.0,1422,355.0,1572
3676,3674,3675,380.0,754846,355.0,1572,326.0,227
3677,3675,3676,383.0,756418,326.0,227,312.0,1572
3678,3676,3677,326.0,753651,312.0,1572,304.0,1572
3679,3677,3678,312.0,755224,304.0,1572,183.0,1
3680,3678,3679,329.0,756796,183.0,1,585.0,2513
3681,3679,3680,183.0,197,585.0,2513,468.0,1
3682,3680,3681,585.0,809425,468.0,1,562.0,1622
3683,3681,3682,468.0,198,562.0,1622,561.0,1622
3684,3682,3683,562.0,758965,561.0,1622,533.0,17
3685,3683,3684,562.0,760587,533.0,17,527.0,26
3686,3684,3685,533.0,12231,527.0,26,491.0,330
3687,3685,3686,533.0,12257,491.0,330,487.0,1598
3688,3686,3687,493.0,708742,487.0,1598,487.0,1599
3689,3687,3688,493.0,710341,487.0,1599,463.0,3739
3690,3688,3689,493.0,711940,463.0,3739,432.0,1547
3691,3689,3690,463.0,761007,432.0,1547,409.0,1572
3692,3690,3691,432.0,758815,409.0,1572,386.0,348
3693,3691,3692,435.0,760387,386.0,348,357.0,1572
3694,3692,3693,386.0,757616,357.0,1572,355.0,1572
3695,3693,3694,357.0,759189,355.0,1572,326.0,726
3696,3694,3695,380.0,760761,326.0,726,304.0,1572
3697,3695,3696,326.0,757994,304.0,1572,181.0,1
3698,3696,3697,332.0,759566,181.0,1,298.0,2601
3699,3697,3698,181.0,198,298.0,2601,466.0,1
3700,3698,3699,298.0,759869,466.0,1,562.0,589
3701,3699,3700,466.0,199,562.0,589,561.0,1622
3702,3700,3701,562.0,761701,561.0,1622,562.0,1622
3703,3701,3702,564.0,763323,562.0,1622,533.0,25
3704,3702,3703,562.0,764946,533.0,25,527.0,26
3705,3703,3704,533.0,12301,527.0,26,491.0,837
3706,3704,3705,533.0,12327,491.0,837,487.0,1599
3707,3705,3706,493.0,712845,487.0,1599,483.0,2504
3708,3706,3707,493.0,714444,483.0,2504,435.0,473
3709,3707,3708,483.0,763616,435.0,473,411.0,1572
3710,3708,3709,435.0,761585,411.0,1572,409.0,1572
3711,3709,3710,411.0,763158,409.0,1572,383.0,847
3712,3710,3711,432.0,764730,383.0,847,355.0,1572
3713,3711,3712,383.0,761959,355.0,1572,176.0,1
3714,3712,3713,383.0,763531,176.0,1,319.0,1225
3715,3713,3714,176.0,199,319.0,1225,304.0,1572
3716,3714,3715,319.0,762337,304.0,1572,350.0,2123
3717,3715,3716,329.0,763909,350.0,2123,585.0,623
3718,3716,3717,350.0,763235,585.0,623,580.0,2075
3719,3717,3718,585.0,815727,580.0,2075,564.0,1103
3720,3718,3719,580.0,817179,564.0,1103,562.0,1622
3721,3719,3720,564.0,766059,562.0,1622,533.0,8
3722,3720,3721,562.0,767682,533.0,8,527.0,25
3723,3721,3722,533.0,12346,527.0,25,527.0,26
3724,3722,3723,533.0,12371,527.0,26,491.0,1344
3725,3723,3724,533.0,12397,491.0,1344,487.0,1599
3726,3724,3725,493.0,716948,487.0,1599,463.0,1364
3727,3725,3726,493.0,718547,463.0,1364,432.0,972
3728,3726,3727,463.0,766320,432.0,972,409.0,1572
3729,3727,3728,432.0,765928,409.0,1572,456.0,2104
3730,3728,3729,438.0,767500,456.0,2104,380.0,1346
3731,3729,3730,456.0,767060,380.0,1346,355.0,1572
3732,3730,3731,380.0,766302,355.0,1572,178.0,1
3733,3731,3732,380.0,767874,178.0,1,304.0,1572
3734,3732,3733,178.0,200,304.0,1572,329.0,1572
3735,3733,3734,332.0,766679,329.0,1572,183.0,1
3736,3734,3735,329.0,768252,183.0,1,585.0,2263
3737,3735,3736,183.0,200,585.0,2263,580.0,4080
3738,3736,3737,585.0,821463,580.0,4080,562.0,1618
3739,3737,3738,580.0,823280,562.0,1618,561.0,1622
3740,3738,3739,562.0,770418,561.0,1622,533.0,16
3741,3739,3740,564.0,772040,533.0,16,527.0,26
3742,3740,3741,533.0,12416,527.0,26,491.0,253
3743,3741,3742,533.0,12442,491.0,253,489.0,1598
3744,3742,3743,493.0,719453,489.0,1598,487.0,1599
3745,3743,3744,493.0,721051,487.0,1599,463.0,3425
3746,3744,3745,493.0,722650,463.0,3425,429.0,1471
3747,3745,3746,463.0,772225,429.0,1471,409.0,1572
3748,3746,3747,429.0,770271,409.0,1572,383.0,272
3749,3747,3748,435.0,771843,383.0,272,355.0,1572
3750,3748,3749,383.0,769072,355.0,1572,376.0,1572
3751,3749,3750,386.0,770644,376.0,1572,323.0,650
3752,3750,3751,376.0,772217,323.0,650,304.0,1572
3753,3751,3752,323.0,769450,304.0,1572,326.0,1572
3754,3752,3753,329.0,771022,326.0,1572,298.0,2295
3755,3753,3754,326.0,772595,298.0,2295,585.0,3903
3756,3754,3755,298.0,771095,585.0,3903,564.0,510
3757,3755,3756,585.0,827199,564.0,510,562.0,1622
3758,3756,3757,564.0,773154,562.0,1622,561.0,1622
3759,3757,3758,562.0,774777,561.0,1622,533.0,24
3760,3758,3759,562.0,776399,533.0,24,527.0,26
3761,3759,3760,533.0,12486,527.0,26,491.0,760
3762,3760,3761,533.0,12512,491.0,760,487.0,1599
3763,3761,3762,493.0,723556,487.0,1599,483.0,1900
3764,3762,3763,493.0,725155,483.0,1900,432.0,397
3765,3763,3764,483.0,774544,432.0,397,409.0,1572
3766,3764,3765,432.0,773041,409.0,1572,432.0,1572
3767,3765,3766,438.0,774613,432.0,1572,380.0,771
3768,3766,3767,432.0,776186,380.0,771,355.0,1572
3769,3767,3768,380.0,773415,355.0,1572,176.0,1
3770,3768,3769,383.0,774987,176.0,1,332.0,1148
3771,3769,3770,176.0,202,332.0,1148,329.0,1572
3772,3770,3771,332.0,773792,329.0,1572,350.0,1816
3773,3771,3772,329.0,775365,350.0,1816,159.0,1
3774,3772,3773,350.0,774460,159.0,1,580.0,1769
3775,3773,3774,41.0,201,580.0,1769,562.0,1025
3776,3774,3775,580.0,829161,562.0,1025,561.0,1622
3777,3775,3776,562.0,777513,561.0,1622,533.0,6
3778,3776,3777,564.0,779135,533.0,6,527.0,26
3779,3777,3778,533.0,12530,527.0,26,527.0,26
3780,3778,3779,533.0,12556,527.0,26,491.0,1267
3781,3779,3780,533.0,12582,491.0,1267,487.0,1599
3782,3780,3781,493.0,727659,487.0,1599,463.0,1049
3783,3781,3782,493.0,729258,463.0,1049,429.0,896
3784,3782,3783,463.0,777537,429.0,896,409.0,1572
3785,3783,3784,429.0,777384,409.0,1572,456.0,1517
3786,3784,3785,435.0,778956,456.0,1517,376.0,1270
3787,3785,3786,456.0,778005,376.0,1270,355.0,1572
3788,3786,3787,376.0,777758,355.0,1572,178.0,1
3789,3787,3788,380.0,779330,178.0,1,304.0,1572
3790,3788,3789,178.0,203,304.0,1572,326.0,1572
3791,3789,3790,329.0,778135,326.0,1572,350.0,3828
3792,3790,3791,326.0,779708,350.0,3828,585.0,2013
3793,3791,3792,350.0,780316,585.0,2013,580.0,3774
3794,3792,3793,585.0,833501,580.0,3774,564.0,1539
3795,3793,3794,580.0,835262,564.0,1539,562.0,1622
3796,3794,3795,564.0,781871,562.0,1622,527.0,15
3797,3795,3796,562.0,783494,527.0,15,533.0,25
3798,3796,3797,527.0,12601,533.0,25,491.0,175
3799,3797,3798,533.0,12626,491.0,175,487.0,1599
3800,3798,3799,493.0,730163,487.0,1599,487.0,1598
3801,3799,3800,493.0,731762,487.0,1598,463.0,3110
3802,3800,3801,493.0,733361,463.0,3110,438.0,1394
3803,3801,3802,463.0,783442,438.0,1394,432.0,1572
3804,3802,3803,438.0,781726,432.0,1572,383.0,196
3805,3803,3804,432.0,783299,383.0,196,355.0,1572
3806,3804,3805,383.0,780528,355.0,1572,355.0,1572
3807,3805,3806,385.0,782100,355.0,1572,332.0,573
3808,3806,3807,386.0,783672,332.0,573,329.0,1572
3809,3807,3808,332.0,780905,329.0,1572,326.0,1572
3810,3808,3809,329.0,782478,326.0,1572,298.0,1989
3811,3809,3810,326.0,784051,298.0,1989,585.0,3652
3812,3810,3811,298.0,782321,585.0,3652,562.0,432
3813,3811,3812,585.0,839236,562.0,432,561.0,1622
3814,3812,3813,562.0,784608,561.0,1622,561.0,1622
3815,3813,3814,562.0,786230,561.0,1622,533.0,23
3816,3814,3815,564.0,787852,533.0,23,527.0,26
3817,3815,3816,533.0,12671,527.0,26,491.0,682
3818,3816,3817,533.0,12697,491.0,682,487.0,1599
3819,3817,3818,493.0,734266,487.0,1599,483.0,1295
3820,3818,3819,493.0,735865,483.0,1295,432.0,321
3821,3819,3820,483.0,785471,432.0,321,409.0,1572
3822,3820,3821,432.0,784497,409.0,1572,429.0,1572
3823,3821,3822,435.0,786069,429.0,1572,380.0,695
3824,3822,3823,429.0,787642,380.0,695,355.0,1572
3825,3823,3824,380.0,784871,355.0,1572,355.0,1572
3826,3824,3825,380.0,786443,355.0,1572,329.0,1072
3827,3825,3826,383.0,788015,329.0,1072,326.0,1572
3828,3826,3827,329.0,785248,326.0,1572,350.0,1509
3829,3827,3828,326.0,786821,350.0,1509,159.0,1
3830,3828,3829,350.0,785685,159.0,1,580.0,1463
3831,3829,3830,41.0,204,580.0,1463,564.0,946
3832,3830,3831,580.0,841143,564.0,946,562.0,1622
3833,3831,3832,564.0,788966,562.0,1622,533.0,5
3834,3832,3833,562.0,790589,533.0,5,527.0,26
3835,3833,3834,533.0,12715,527.0,26,527.0,26
3836,3834,3835,533.0,12741,527.0,26,491.0,1189
3837,3835,3836,533.0,12767,491.0,1189,487.0,1599
3838,3836,3837,493.0,738369,487.0,1599,463.0,734
3839,3837,3838,493.0,739968,463.0,734,411.0,820
3840,3838,3839,463.0,788754,411.0,820,409.0,1572
3841,3839,3840,411.0,788840,409.0,1572,171.0,1
3842,3840,3841,432.0,790412,171.0,1,386.0,1193
3843,3841,3842,171.0,206,386.0,1193,376.0,1572
3844,3842,3843,386.0,789213,376.0,1572,404.0,3835
3845,3843,3844,376.0,790786,404.0,3835,329.0,1571
3846,3844,3845,404.0,791855,329.0,1571,326.0,1572
3847,3845,3846,329.0,789591,326.0,1572,350.0,3521
3848,3846,3847,326.0,791164,350.0,3521,585.0,1762
3849,3847,3848,350.0,791541,585.0,1762,580.0,3468
3850,3848,3849,585.0,845538,580.0,3468,562.0,1461
3851,3849,3850,580.0,847244,562.0,1461,561.0,1622
3852,3850,3851,562.0,793325,561.0,1622,533.0,13
3853,3851,3852,564.0,794947,533.0,13,527.0,26
3854,3852,3853,533.0,12785,527.0,26,509.0,62
3855,3853,3854,533.0,12811,509.0,62,487.0,1599
3856,3854,3855,509.0,12834,487.0,1599,489.0,1598
3857,3855,3856,493.0,742473,489.0,1598,463.0,2795
3858,3856,3857,493.0,744071,463.0,2795,438.0,1318
3859,3857,3858,463.0,794659,438.0,1318,432.0,1572
3860,3858,3859,438.0,793182,432.0,1572,173.0,1
3861,3859,3860,432.0,794755,173.0,1,355.0,1572
3862,3860,3861,173.0,207,355.0,1572,355.0,1572
3863,3861,3862,383.0,793556,355.0,1572,329.0,497
3864,3862,3863,386.0,795128,329.0,497,326.0,1572
3865,3863,3864,329.0,792361,326.0,1572,306.0,1572
3866,3864,3865,326.0,793934,306.0,1572,298.0,1683
3867,3865,3866,306.0,795507,298.0,1683,585.0,3402
3868,3866,3867,298.0,793547,585.0,3402,562.0,353
3869,3867,3868,585.0,851274,562.0,353,561.0,1622
3870,3868,3869,562.0,796061,561.0,1622,562.0,1622
3871,3869,3870,564.0,797683,562.0,1622,533.0,21
3872,3870,3871,562.0,799306,533.0,21,527.0,26
3873,3871,3872,533.0,12855,527.0,26,491.0,605
3874,3872,3873,533.0,12881,491.0,605,487.0,1599
3875,3873,3874,493.0,744977,487.0,1599,476.0,1
3876,3874,3875,493.0,746576,476.0,1,424.0,245
3877,3875,3876,476.0,208,424.0,245,409.0,1572
3878,3876,3877,424.0,795953,409.0,1572,409.0,1572
3879,3877,3878,435.0,797525,409.0,1572,376.0,619
3880,3878,3879,438.0,799097,376.0,619,355.0,1572
3881,3879,3880,376.0,796327,355.0,1572,355.0,1572
3882,3880,3881,380.0,797899,355.0,1572,329.0,996
3883,3881,3882,380.0,799471,329.0,996,326.0,1572
3884,3882,3883,329.0,796704,326.0,1572,350.0,1201
3885,3883,3884,326.0,798277,350.0,1201,298.0,3688
3886,3884,3885,350.0,796909,298.0,3688,580.0,1157
3887,3885,3886,298.0,799396,580.0,1157,562.0,868
3888,3886,3887,580.0,853125,562.0,868,561.0,1622
3889,3887,3888,562.0,800420,561.0,1622,533.0,4
3890,3888,3889,562.0,802042,533.0,4,527.0,26
3891,3889,3890,533.0,12900,527.0,26,527.0,26
3892,3890,3891,533.0,12926,527.0,26,491.0,1112
3893,3891,3892,533.0,12952,491.0,1112,487.0,1598
3894,3892,3893,493.0,749080,487.0,1598,161.0,1
3895,3893,3894,493.0,750679,161.0,1,438.0,743
3896,3894,3895,161.0,209,438.0,743,432.0,1572
3897,3895,3896,438.0,800295,432.0,1572,171.0,1
3898,3896,3897,432.0,801868,171.0,1,386.0,1117
3899,3897,3898,171.0,209,386.0,1117,355.0,1572
3900,3898,3899,386.0,800669,355.0,1572,404.0,3244
3901,3899,3900,386.0,802241,404.0,3244,326.0,1495
3902,3900,3901,404.0,802796,326.0,1495,306.0,1572
3903,3901,3902,326.0,801047,306.0,1572,350.0,3214
3904,3902,3903,306.0,802620,350.0,3214,585.0,1512
3905,3903,3904,350.0,802766,585.0,1512,580.0,3162
3906,3904,3905,585.0,857576,580.0,3162,564.0,1382
3907,3905,3906,580.0,859226,564.0,1382,562.0,1622
3908,3906,3907,564.0,804778,562.0,1622,533.0,12
3909,3907,3908,562.0,806401,533.0,12,527.0,26
3910,3908,3909,533.0,12970,527.0,26,474.0,1
3911,3909,3910,533.0,12996,474.0,1,487.0,1599
3912,3910,3911,474.0,210,487.0,1599,487.0,1599
3913,3911,3912,493.0,753183,487.0,1599,463.0,2480
3914,3912,3913,493.0,754782,463.0,2480,435.0,1242
3915,3913,3914,463.0,805876,435.0,1242,417.0,1572
3916,3914,3915,435.0,804638,417.0,1572,173.0,1
3917,3915,3916,417.0,806211,173.0,1,355.0,1572
3918,3916,3917,173.0,210,355.0,1572,355.0,1572
3919,3917,3918,380.0,805012,355.0,1572,329.0,421
3920,3918,3919,383.0,806584,329.0,421,326.0,1572
3921,3919,3920,329.0,803817,326.0,1572,304.0,1572
3922,3920,3921,326.0,805390,304.0,1572,298.0,1377
3923,3921,3922,332.0,806962,298.0,1377,585.0,3152
3924,3922,3923,298.0,804773,585.0,3152,564.0,274
3925,3923,3924,585.0,863312,564.0,274,562.0,1622
3926,3924,3925,564.0,807514,562.0,1622,561.0,1622
3927,3925,3926,562.0,809137,561.0,1622,533.0,20
3928,3926,3927,564.0,810759,533.0,20,527.0,26
3929,3927,3928,533.0,13040,527.0,26,491.0,527
3930,3928,3929,533.0,13066,491.0,527,487.0,1599
3931,3929,3930,493.0,755687,487.0,1599,476.0,1
3932,3930,3931,493.0,757286,476.0,1,438.0,168
3933,3931,3932,476.0,211,438.0,168,432.0,1572
3934,3932,3933,438.0,807408,432.0,1572,409.0,1572
3935,3933,3934,432.0,808981,409.0,1572,386.0,542
3936,3934,3935,438.0,810553,386.0,542,376.0,1572
3937,3935,3936,386.0,807782,376.0,1572,355.0,1572
3938,3936,3937,376.0,809355,355.0,1572,326.0,920
3939,3937,3938,380.0,810927,326.0,920,312.0,1572
3940,3938,3939,326.0,808160,312.0,1572,350.0,894
3941,3939,3940,312.0,809733,350.0,894,298.0,3381
3942,3940,3941,350.0,808134,298.0,3381,580.0,850
3943,3941,3942,298.0,810621,580.0,850,562.0,789
3944,3942,3943,580.0,865106,562.0,789,561.0,1622
3945,3943,3944,562.0,811873,561.0,1622,533.0,3
3946,3944,3945,564.0,813495,533.0,3,527.0,25
3947,3945,3946,533.0,13085,527.0,25,527.0,26
3948,3946,3947,533.0,13110,527.0,26,491.0,1035
3949,3947,3948,533.0,13136,491.0,1035,489.0,1598
3950,3948,3949,493.0,759791,489.0,1598,161.0,1
3951,3949,3950,493.0,761389,161.0,1,435.0,667
3952,3950,3951,161.0,212,435.0,667,429.0,1572
3953,3951,3952,435.0,811751,429.0,1572,409.0,1572
3954,3952,3953,429.0,813324,409.0,1572,383.0,1041
3955,3953,3954,435.0,814896,383.0,1041,355.0,1572
3956,3954,3955,383.0,812125,355.0,1572,404.0,2654
3957,3955,3956,386.0,813697,404.0,2654,326.0,1419
3958,3956,3957,404.0,813738,326.0,1419,304.0,1572
3959,3957,3958,326.0,812503,304.0,1572,350.0,2907
3960,3958,3959,332.0,814075,350.0,2907,585.0,1261
3961,3959,3960,350.0,813991,585.0,1261,580.0,2856
3962,3960,3961,585.0,869613,580.0,2856,562.0,1304
3963,3961,3962,580.0,871208,562.0,1304,561.0,1622
3964,3962,3963,562.0,816232,561.0,1622,533.0,11
3965,3963,3964,562.0,817854,533.0,11,527.0,26
3966,3964,3965,533.0,13155,527.0,26,474.0,1
3967,3965,3966,533.0,13181,474.0,1,491.0,1542
3968,3966,3967,474.0,213,491.0,1542,487.0,1599
3969,3967,3968,493.0,763894,487.0,1599,463.0,2166
3970,3968,3969,493.0,765493,463.0,2166,432.0,1166
3971,3969,3970,463.0,817094,432.0,1166,409.0,1572
3972,3970,3971,432.0,816094,409.0,1572,456.0,3598
3973,3971,3972,438.0,817666,456.0,3598,380.0,1540
3974,3972,3973,456.0,818526,380.0,1540,355.0,1572
3975,3973,3974,380.0,816468,355.0,1572,326.0,345
3976,3974,3975,382.0,818040,326.0,345,312.0,1572
3977,3975,3976,326.0,815273,312.0,1572,304.0,1572
3978,3976,3977,312.0,816846,304.0,1572,298.0,1071
3979,3977,3978,329.0,818418,298.0,1071,585.0,2901
3980,3978,3979,298.0,815999,585.0,2901,562.0,196
3981,3979,3980,585.0,875349,562.0,196,561.0,1622
3982,3980,3981,562.0,818968,561.0,1622,562.0,1622
3983,3981,3982,564.0,820590,562.0,1622,533.0,19
3984,3982,3983,562.0,822213,533.0,19,527.0,26
3985,3983,3984,533.0,13225,527.0,26,491.0,450
3986,3984,3985,533.0,13251,491.0,450,487.0,1598
3987,3985,3986,493.0,766398,487.0,1598,504.0,53
3988,3986,3987,493.0,767997,504.0,53,166.0,1
3989,3987,3988,504.0,13259,166.0,1,429.0,1572
3990,3988,3989,166.0,214,429.0,1572,409.0,1572
3991,3989,3990,429.0,820437,409.0,1572,386.0,466
3992,3990,3991,435.0,822009,386.0,466,355.0,1572
3993,3991,3992,386.0,819238,355.0,1572,376.0,1572
3994,3992,3993,386.0,820810,376.0,1572,326.0,844
3995,3993,3994,376.0,822383,326.0,844,304.0,1572
3996,3994,3995,326.0,819616,304.0,1572,181.0,1
3997,3995,3996,332.0,821188,181.0,1,298.0,3075
3998,3996,3997,181.0,214,298.0,3075,466.0,1
3999,3997,3998,298.0,821847,466.0,1,564.0,710
4000,3998,3999,466.0,215,564.0,710,562.0,1622
4001,3999,4000,564.0,823326,562.0,1622,471.0,1
4002,4000,4001,562.0,824949,471.0,1,527.0,26
4003,4001,4002,471.0,215,527.0,26,527.0,26
4004,4002,4003,533.0,13295,527.0,26,491.0,957
4005,4003,4004,533.0,13321,491.0,957,487.0,1599
4006,4004,4005,493.0,770501,487.0,1599,483.0,3441
4007,4005,4006,493.0,772100,483.0,3441,435.0,591
4008,4006,4007,483.0,826057,435.0,591,409.0,1572
4009,4007,4008,435.0,823207,409.0,1572,432.0,1572
4010,4008,4009,438.0,824779,432.0,1572,380.0,965
4011,4009,4010,432.0,826352,380.0,965,355.0,1572
4012,4010,4011,380.0,823581,355.0,1572,404.0,2062
4013,4011,4012,383.0,825153,404.0,2062,306.0,1343
4014,4012,4013,404.0,824678,306.0,1343,304.0,1572
4015,4013,4014,306.0,823959,304.0,1572,350.0,2599
4016,4014,4015,329.0,825531,350.0,2599,585.0,1011
4017,4015,4016,350.0,825215,585.0,1011,580.0,2549
4018,4016,4017,585.0,881651,580.0,2549,562.0,1225
4019,4017,4018,580.0,883189,562.0,1225,561.0,1622
4020,4018,4019,562.0,827685,561.0,1622,538.0,9
4021,4019,4020,564.0,829307,538.0,9,533.0,25
4022,4020,4021,538.0,13339,533.0,25,527.0,26
4023,4021,4022,533.0,13365,527.0,26,491.0,1464
4024,4022,4023,533.0,13391,491.0,1464,487.0,1599
4025,4023,4024,493.0,774604,487.0,1599,463.0,1851
4026,4024,4025,493.0,776203,463.0,1851,432.0,1090
4027,4025,4026,463.0,828311,432.0,1090,409.0,1572
4028,4026,4027,432.0,827550,409.0,1572,456.0,3012
4029,4027,4028,435.0,829122,456.0,3012,376.0,1464
4030,4028,4029,456.0,829472,376.0,1464,355.0,1572
4031,4029,4030,376.0,827924,355.0,1572,326.0,269
4032,4030,4031,380.0,829496,326.0,269,304.0,1572
4033,4031,4032,326.0,826729,304.0,1572,329.0,1572
4034,4032,4033,332.0,828301,329.0,1572,298.0,765
4035,4033,4034,329.0,829874,298.0,765,585.0,2651
4036,4034,4035,298.0,827225,585.0,2651,468.0,1
4037,4035,4036,585.0,887387,468.0,1,562.0,1622
4038,4036,4037,468.0,217,562.0,1622,561.0,1622
4039,4037,4038,562.0,832044,561.0,1622,533.0,18
4040,4038,4039,563.0,833666,533.0,18,527.0,26
4041,4039,4040,533.0,13410,527.0,26,491.0,372
4042,4040,4041,533.0,13436,491.0,372,487.0,1599
4043,4041,4042,493.0,777108,487.0,1599,487.0,1599
4044,4042,4043,493.0,778707,487.0,1599,166.0,1
4045,4043,4044,493.0,780306,166.0,1,417.0,1572
4046,4044,4045,166.0,217,417.0,1572,409.0,1572
4047,4045,4046,417.0,831893,409.0,1572,383.0,390
4048,4046,4047,435.0,833465,383.0,390,355.0,1572
4049,4047,4048,383.0,830694,355.0,1572,357.0,1572
4050,4048,4049,386.0,832266,357.0,1572,312.0,768
4051,4049,4050,357.0,833839,312.0,768,304.0,1572
4052,4050,4051,312.0,831072,304.0,1572,181.0,1
4053,4051,4052,329.0,832644,181.0,1,298.0,2769
4054,4052,4053,181.0,217,298.0,2769,466.0,1
4055,4053,4054,298.0,833073,466.0,1,562.0,632
4056,4054,4055,466.0,218,562.0,632,561.0,1622
4057,4055,4056,562.0,834780,561.0,1622,471.0,1
4058,4056,4057,564.0,836402,471.0,1,527.0,26
4059,4057,4058,471.0,218,527.0,26,527.0,26
4060,4058,4059,533.0,13480,527.0,26,491.0,880
4061,4059,4060,533.0,13506,491.0,880,487.0,1599
4062,4060,4061,493.0,781212,487.0,1599,483.0,2836
4063,4061,4062,493.0,782811,483.0,2836,432.0,515
4064,4062,4063,483.0,836984,432.0,515,409.0,1572
4065,4063,4064,432.0,834663,409.0,1572,432.0,1572
4066,4064,4065,438.0,836235,432.0,1572,380.0,889
4067,4065,4066,432.0,837808,380.0,889,355.0,1572
4068,4066,4067,380.0,835037,355.0,1572,404.0,1472
4069,4067,4068,383.0,836609,404.0,1472,332.0,1266
4070,4068,4069,404.0,835620,332.0,1266,329.0,1572
4071,4069,4070,332.0,835414,329.0,1572,350.0,2292
4072,4070,4071,329.0,836987,350.0,2292,585.0,761
4073,4071,4072,350.0,836440,585.0,761,580.0,2243
4074,4072,4073,585.0,893689,580.0,2243,562.0,1147
4075,4073,4074,580.0,895171,562.0,1147,561.0,1622
4076,4074,4075,562.0,839139,561.0,1622,533.0,8
4077,4075,4076,562.0,840761,533.0,8,527.0,26
4078,4076,4077,533.0,13524,527.0,26,527.0,26
4079,4077,4078,533.0,13550,527.0,26,491.0,1387
4080,4078,4079,533.0,13576,491.0,1387,487.0,1599
4081,4079,4080,493.0,785315,487.0,1599,463.0,1536
4082,4080,4081,493.0,786914,463.0,1536,429.0,1014
4083,4081,4082,463.0,839528,429.0,1014,409.0,1572
4084,4082,4083,429.0,839006,409.0,1572,456.0,2425
4085,4083,4084,435.0,840578,456.0,2425,357.0,1388
4086,4084,4085,456.0,840417,357.0,1388,355.0,1572
4087,4085,4086,357.0,839380,355.0,1572,312.0,193
4088,4086,4087,376.0,840952,312.0,193,304.0,1572
4089,4087,4088,312.0,838185,304.0,1572,326.0,1572
4090,4088,4089,329.0,839757,326.0,1572,183.0,1
4091,4089,4090,326.0,841330,183.0,1,585.0,2400
4092,4090,4091,183.0,219,585.0,2400,468.0,1
4093,4091,4092,585.0,899424,468.0,1,561.0,1622
4094,4092,4093,468.0,220,561.0,1622,562.0,1622
4095,4093,4094,564.0,843497,562.0,1622,533.0,16
4096,4094,4095,562.0,845120,533.0,16,527.0,26
4097,4095,4096,533.0,13594,527.0,26,491.0,295
4098,4096,4097,533.0,13620,491.0,295,487.0,1599
4099,4097,4098,493.0,787819,487.0,1599,487.0,1598
4100,4098,4099,493.0,789418,487.0,1598,463.0,3597
4101,4099,4100,493.0,791017,463.0,3597,438.0,1512
4102,4100,4101,463.0,845433,438.0,1512,432.0,1572
4103,4101,4102,438.0,843348,432.0,1572,383.0,314
4104,4102,4103,432.0,844921,383.0,314,355.0,1572
4105,4103,4104,383.0,842150,355.0,1572,355.0,1572
4106,4104,4105,383.0,843722,355.0,1572,332.0,691
4107,4105,4106,386.0,845294,332.0,691,329.0,1572
4108,4106,4107,332.0,842527,329.0,1572,323.0,1572
4109,4107,4108,329.0,844100,323.0,1572,298.0,2463
4110,4108,4109,323.0,845673,298.0,2463,585.0,4040
4111,4109,4110,298.0,844299,585.0,4040,564.0,553
4112,4110,4111,585.0,905160,564.0,553,562.0,1622
4113,4111,4112,564.0,846233,562.0,1622,561.0,1622
4114,4112,4113,562.0,847856,561.0,1622,533.0,25
4115,4113,4114,564.0,849478,533.0,25,530.0,25
4116,4114,4115,533.0,13665,530.0,25,491.0,802
4117,4115,4116,530.0,13691,491.0,802,487.0,1599
4118,4116,4117,493.0,791922,487.0,1599,483.0,2232
4119,4117,4118,493.0,793521,483.0,2232,432.0,439
4120,4118,4119,483.0,847912,432.0,439,409.0,1572
4121,4119,4120,432.0,846119,409.0,1572,429.0,1572
4122,4120,4121,435.0,847691,429.0,1572,380.0,813
4123,4121,4122,429.0,849264,380.0,813,355.0,1572
4124,4122,4123,380.0,846493,355.0,1572,176.0,1
4125,4123,4124,380.0,848065,176.0,1,329.0,1190
4126,4124,4125,176.0,221,329.0,1190,326.0,1572
4127,4125,4126,329.0,846870,326.0,1572,350.0,1985
4128,4126,4127,326.0,848443,350.0,1985,159.0,1
4129,4127,4128,350.0,847665,159.0,1,580.0,1937
4130,4128,4129,41.0,220,580.0,1937,562.0,1068
4131,4129,4130,580.0,907153,562.0,1068,561.0,1622
4132,4130,4131,562.0,850592,561.0,1622,533.0,7
4133,4131,4132,564.0,852214,533.0,7,527.0,26
4134,4132,4133,533.0,13709,527.0,26,527.0,26
4135,4133,4134,533.0,13735,527.0,26,491.0,1309
4136,4134,4135,533.0,13761,491.0,1309,487.0,1599
4137,4135,4136,493.0,796025,487.0,1599,463.0,1222
4138,4136,4137,493.0,797624,463.0,1222,438.0,937
4139,4137,4138,463.0,850746,438.0,937,432.0,1572
4140,4138,4139,438.0,850461,432.0,1572,456.0,1839
4141,4139,4140,432.0,852034,456.0,1839,386.0,1311
4142,4140,4141,456.0,851363,386.0,1311,364.0,1572
4143,4141,4142,386.0,850835,364.0,1572,178.0,1
4144,4142,4143,364.0,852408,178.0,1,329.0,1572
4145,4143,4144,178.0,222,329.0,1572,323.0,1572
4146,4144,4145,329.0,851213,323.0,1572,183.0,1
4147,4145,4146,323.0,852786,183.0,1,585.0,2150
4148,4146,4147,183.0,222,585.0,2150,580.0,3942
4149,4147,4148,585.0,911462,580.0,3942,562.0,1583
4150,4148,4149,580.0,913254,562.0,1583,561.0,1622
4151,4149,4150,562.0,854951,561.0,1622,533.0,15
4152,4150,4151,562.0,856573,533.0,15,527.0,26
4153,4151,4152,533.0,13779,527.0,26,491.0,218
4154,4152,4153,533.0,13805,491.0,218,489.0,1598
4155,4153,4154,493.0,798530,489.0,1598,487.0,1599
4156,4154,4155,493.0,800128,487.0,1599,463.0,3283
4157,4155,4156,493.0,801727,463.0,3283,435.0,1436
4158,4156,4157,463.0,856651,435.0,1436,429.0,1572
4159,4157,4158,435.0,854804,429.0,1572,380.0,238
4160,4158,4159,429.0,856377,380.0,238,355.0,1572
4161,4159,4160,380.0,853606,355.0,1572,355.0,1572
4162,4160,4161,383.0,855178,355.0,1572,329.0,615
4163,4161,4162,383.0,856750,329.0,615,326.0,1572
4164,4162,4163,329.0,853983,326.0,1572,306.0,1572
4165,4163,4164,326.0,855556,306.0,1572,298.0,2157
4166,4164,4165,306.0,857129,298.0,2157,585.0,3790
4167,4165,4166,298.0,855525,585.0,3790,562.0,475
4168,4166,4167,585.0,917198,562.0,475,561.0,1622
4169,4167,4168,562.0,857687,561.0,1622,562.0,1622
4170,4168,4169,564.0,859309,562.0,1622,533.0,23
4171,4169,4170,562.0,860932,533.0,23,527.0,26
4172,4170,4171,533.0,13849,527.0,26,491.0,725
4173,4171,4172,533.0,13875,491.0,725,487.0,1599
4174,4172,4173,493.0,802633,487.0,1599,483.0,1627
4175,4173,4174,493.0,804232,483.0,1627,411.0,363
4176,4174,4175,483.0,858839,411.0,363,409.0,1572
4177,4175,4176,411.0,857575,409.0,1572,409.0,1572
4178,4176,4177,432.0,859147,409.0,1572,357.0,737
4179,4177,4178,438.0,860719,357.0,737,355.0,1572
4180,4178,4179,357.0,857949,355.0,1572,176.0,1
4181,4179,4180,380.0,859521,176.0,1,329.0,1114
4182,4180,4181,176.0,224,329.0,1114,323.0,1572
4183,4181,4182,329.0,858326,323.0,1572,350.0,1677
4184,4182,4183,323.0,859899,350.0,1677,159.0,1
4185,4183,4184,350.0,858889,159.0,1,580.0,1631
4186,4184,4185,41.0,223,580.0,1631,564.0,989
4187,4185,4186,580.0,919135,564.0,989,562.0,1622
4188,4186,4187,564.0,862045,562.0,1622,533.0,6
4189,4187,4188,562.0,863668,533.0,6,527.0,26
4190,4188,4189,533.0,13894,527.0,26,527.0,25
4191,4189,4190,533.0,13920,527.0,25,491.0,1232
4192,4190,4191,533.0,13945,491.0,1232,487.0,1598
4193,4191,4192,493.0,806736,487.0,1598,463.0,907
4194,4192,4193,493.0,808335,463.0,907,438.0,861
4195,4193,4194,463.0,861963,438.0,861,432.0,1572
4196,4194,4195,438.0,861917,432.0,1572,456.0,1253
4197,4195,4196,432.0,863490,456.0,1253,383.0,1235
4198,4196,4197,456.0,862309,383.0,1235,355.0,1572
4199,4197,4198,383.0,862291,355.0,1572,178.0,1
4200,4198,4199,386.0,863863,178.0,1,326.0,1572
4201,4199,4200,178.0,225,326.0,1572,306.0,1572
4202,4200,4201,326.0,862669,306.0,1572,350.0,3690
4203,4201,4202,306.0,864242,350.0,3690,585.0,1900
4204,4202,4203,350.0,864746,585.0,1900,580.0,3636
4205,4203,4204,585.0,923500,580.0,3636,562.0,1504
4206,4204,4205,580.0,925236,562.0,1504,561.0,1622
4207,4205,4206,562.0,866404,561.0,1622,533.0,14
4208,4206,4207,564.0,868026,533.0,14,527.0,26
4209,4207,4208,533.0,13964,527.0,26,509.0,62
4210,4208,4209,533.0,13990,509.0,62,487.0,1599
4211,4209,4210,509.0,14012,487.0,1599,487.0,1599
4212,4210,4211,493.0,810839,487.0,1599,463.0,2968
4213,4211,4212,493.0,812438,463.0,2968,435.0,1360
4214,4212,4213,463.0,867868,435.0,1360,411.0,1572
4215,4213,4214,435.0,866260,411.0,1572,380.0,162
4216,4214,4215,411.0,867833,380.0,162,355.0,1572
4217,4215,4216,380.0,865062,355.0,1572,355.0,1572
4218,4216,4217,380.0,866634,355.0,1572,329.0,539
4219,4217,4218,383.0,868206,329.0,539,326.0,1572
4220,4218,4219,329.0,865439,326.0,1572,304.0,1572
4221,4219,4220,326.0,867012,304.0,1572,298.0,1851
4222,4220,4221,332.0,868584,298.0,1851,585.0,3539
4223,4221,4222,298.0,866751,585.0,3539,564.0,396
4224,4222,4223,585.0,929235,564.0,396,562.0,1622
4225,4223,4224,564.0,869140,562.0,1622,561.0,1622
4226,4224,4225,562.0,870763,561.0,1622,533.0,22
4227,4225,4226,562.0,872385,533.0,22,527.0,26
4228,4226,4227,533.0,14034,527.0,26,491.0,647
4229,4227,4228,533.0,14060,491.0,647,487.0,1599
4230,4228,4229,493.0,813343,487.0,1599,476.0,1
4231,4229,4230,493.0,814942,476.0,1,438.0,286
4232,4230,4231,476.0,227,438.0,286,432.0,1572
4233,4231,4232,438.0,869030,432.0,1572,409.0,1572
4234,4232,4233,432.0,870603,409.0,1572,386.0,660
4235,4233,4234,438.0,872175,386.0,660,376.0,1572
4236,4234,4235,386.0,869404,376.0,1572,355.0,1572
4237,4235,4236,376.0,870977,355.0,1572,326.0,1038
4238,4236,4237,380.0,872549,326.0,1038,306.0,1572
4239,4237,4238,326.0,869782,306.0,1572,350.0,1370
4240,4238,4239,306.0,871355,350.0,1370,159.0,1
4241,4239,4240,350.0,870114,159.0,1,580.0,1325
4242,4240,4241,41.0,226,580.0,1325,562.0,911
4243,4241,4242,580.0,931117,562.0,911,561.0,1622
4244,4242,4243,562.0,873499,561.0,1622,533.0,4
4245,4243,4244,564.0,875121,533.0,4,527.0,26
4246,4244,4245,533.0,14078,527.0,26,527.0,26
4247,4245,4246,533.0,14104,527.0,26,491.0,1154
4248,4246,4247,533.0,14130,491.0,1154,487.0,1599
4249,4247,4248,493.0,817446,487.0,1599,161.0,1
4250,4248,4249,493.0,819045,161.0,1,435.0,785
4251,4249,4250,161.0,228,435.0,785,429.0,1572
4252,4250,4251,435.0,873373,429.0,1572,171.0,1
4253,4251,4252,429.0,874946,171.0,1,383.0,1159
4254,4252,4253,171.0,228,383.0,1159,355.0,1572
4255,4253,4254,383.0,873747,355.0,1572,404.0,3569
4256,4254,4255,386.0,875319,404.0,3569,326.0,1537
4257,4255,4256,404.0,876157,326.0,1537,304.0,1572
4258,4256,4257,326.0,874125,304.0,1572,350.0,3383
4259,4257,4258,332.0,875697,350.0,3383,585.0,1649
4260,4258,4259,350.0,875971,585.0,1649,580.0,3330
4261,4259,4260,585.0,935537,580.0,3330,564.0,1425
4262,4260,4261,580.0,937218,564.0,1425,562.0,1622
4263,4261,4262,564.0,877857,562.0,1622,533.0,13
4264,4262,4263,562.0,879480,533.0,13,527.0,26
4265,4263,4264,533.0,14149,527.0,26,509.0,62
4266,4264,4265,533.0,14175,509.0,62,487.0,1599
4267,4265,4266,509.0,14198,487.0,1599,487.0,1599
4268,4266,4267,493.0,821550,487.0,1599,463.0,2653
4269,4267,4268,493.0,823149,463.0,2653,432.0,1284
4270,4268,4269,463.0,879085,432.0,1284,409.0,1572
4271,4269,4270,432.0,877716,409.0,1572,173.0,1
4272,4270,4271,438.0,879288,173.0,1,355.0,1572
4273,4271,4272,173.0,229,355.0,1572,355.0,1572
4274,4272,4273,380.0,878090,355.0,1572,326.0,463
4275,4273,4274,380.0,879662,326.0,463,312.0,1572
4276,4274,4275,326.0,876895,312.0,1572,304.0,1572
4277,4275,4276,312.0,878468,304.0,1572,298.0,1545
4278,4276,4277,329.0,880040,298.0,1545,585.0,3289
4279,4277,4278,298.0,877977,585.0,3289,562.0,318
4280,4278,4279,585.0,941273,562.0,318,561.0,1622
4281,4279,4280,562.0,880594,561.0,1622,561.0,1622
4282,4280,4281,562.0,882216,561.0,1622,533.0,21
4283,4281,4282,564.0,883838,533.0,21,527.0,26
4284,4282,4283,533.0,14219,527.0,26,491.0,570
4285,4283,4284,533.0,14245,491.0,570,487.0,1598
4286,4284,4285,493.0,824054,487.0,1598,476.0,1
4287,4285,4286,493.0,825653,476.0,1,435.0,210
4288,4286,4287,476.0,230,435.0,210,429.0,1572
4289,4287,4288,435.0,880486,429.0,1572,409.0,1572
4290,4288,4289,429.0,882059,409.0,1572,386.0,584
4291,4289,4290,435.0,883631,386.0,584,355.0,1572
4292,4290,4291,386.0,880860,355.0,1572,376.0,1572
4293,4291,4292,386.0,882432,376.0,1572,326.0,962
4294,4292,4293,376.0,884005,326.0,962,304.0,1572
4295,4293,4294,326.0,881238,304.0,1572,350.0,1063
4296,4294,4295,332.0,882810,350.0,1063,298.0,3550
4297,4295,4296,350.0,881339,298.0,3550,580.0,1019
4298,4296,4297,298.0,883826,580.0,1019,564.0,832
4299,4297,4298,580.0,943099,564.0,832,562.0,1622
4300,4298,4299,564.0,884952,562.0,1622,533.0,3
4301,4299,4300,562.0,886575,533.0,3,527.0,26
4302,4300,4301,533.0,14263,527.0,26,527.0,26
4303,4301,4302,533.0,14289,527.0,26,491.0,1077
4304,4302,4303,533.0,14315,491.0,1077,487.0,1599
4305,4303,4304,493.0,828157,487.0,1599,161.0,1
4306,4304,4305,493.0,829756,161.0,1,432.0,709
4307,4305,4306,161.0,231,432.0,709,409.0,1572
4308,4306,4307,432.0,884829,409.0,1572,171.0,1
4309,4307,4308,438.0,886401,171.0,1,380.0,1083
4310,4308,4309,171.0,231,380.0,1083,355.0,1572
4311,4309,4310,380.0,885203,355.0,1572,404.0,2978
4312,4310,4311,383.0,886775,404.0,2978,306.0,1461
4313,4311,4312,404.0,887098,306.0,1461,304.0,1572
4314,4312,4313,306.0,885581,304.0,1572,350.0,3075
4315,4313,4314,329.0,887153,350.0,3075,585.0,1399
4316,4314,4315,350.0,887195,585.0,1399,580.0,3024
4317,4315,4316,585.0,947575,580.0,3024,562.0,1347
4318,4316,4317,580.0,949200,562.0,1347,561.0,1622
4319,4317,4318,562.0,889311,561.0,1622,533.0,11
4320,4318,4319,564.0,890933,533.0,11,527.0,26
4321,4319,4320,533.0,14333,527.0,26,474.0,1
4322,4320,4321,533.0,14359,474.0,1,491.0,1584
4323,4321,4322,474.0,232,491.0,1584,487.0,1599
4324,4322,4323,493.0,832260,487.0,1599,463.0,2339
4325,4323,4324,493.0,833859,463.0,2339,432.0,1208
4326,4324,4325,463.0,890303,432.0,1208,409.0,1572
4327,4325,4326,432.0,889172,409.0,1572,173.0,1
4328,4326,4327,435.0,890744,173.0,1,376.0,1572
4329,4327,4328,173.0,232,376.0,1572,355.0,1572
4330,4328,4329,376.0,889546,355.0,1572,326.0,387
4331,4329,4330,380.0,891118,326.0,387,304.0,1572
4332,4330,4331,326.0,888351,304.0,1572,329.0,1572
4333,4331,4332,332.0,889923,329.0,1572,298.0,1239
4334,4332,4333,329.0,891496,298.0,1239,585.0,3039
4335,4333,4334,298.0,889203,585.0,3039,562.0,239
4336,4334,4335,585.0,953311,562.0,239,561.0,1622
4337,4335,4336,562.0,892047,561.0,1622,562.0,1622
4338,4336,4337,564.0,893669,562.0,1622,533.0,20
4339,4337,4338,562.0,895292,533.0,20,527.0,25
4340,4338,4339,533.0,14404,527.0,25,491.0,492
4341,4339,4340,527.0,14430,491.0,492,487.0,1599
4342,4340,4341,493.0,834764,487.0,1599,499.0,36
4343,4341,4342,493.0,836363,499.0,36,166.0,1
4344,4342,4343,499.0,14420,166.0,1,417.0,1572
4345,4343,4344,166.0,233,417.0,1572,409.0,1572
4346,4344,4345,417.0,893515,409.0,1572,383.0,508
4347,4345,4346,434.0,895087,383.0,508,355.0,1572
4348,4346,4347,383.0,892316,355.0,1572,357.0,1572
4349,4347,4348,386.0,893888,357.0,1572,319.0,886
4350,4348,4349,357.0,895461,319.0,886,304.0,1572
4351,4349,4350,319.0,892694,304.0,1572,350.0,755
4352,4350,4351,329.0,894266,350.0,755,298.0,3244
4353,4351,4352,350.0,892563,298.0,3244,580.0,712
4354,4352,4353,298.0,895052,580.0,712,562.0,754
4355,4353,4354,580.0,955080,562.0,754,561.0,1622
4356,4354,4355,562.0,896406,561.0,1622,471.0,1
4357,4355,4356,562.0,898028,471.0,1,527.0,26
4358,4356,4357,471.0,234,527.0,26,527.0,26
4359,4357,4358,533.0,14474,527.0,26,491.0,1000
4360,4358,4359,533.0,14500,491.0,1000,493.0,1598
4361,4359,4360,493.0,838868,493.0,1598,483.0,3773
4362,4360,4361,493.0,840466,483.0,3773,432.0,633
4363,4361,4362,483.0,899425,432.0,633,409.0,1572
4364,4362,4363,432.0,896285,409.0,1572,432.0,1572
4365,4363,4364,438.0,897857,432.0,1572,380.0,1007
4366,4364,4365,432.0,899430,380.0,1007,355.0,1572
4367,4365,4366,380.0,896659,355.0,1572,404.0,2387
4368,4366,4367,383.0,898231,404.0,2387,332.0,1384
4369,4367,4368,404.0,898039,332.0,1384,329.0,1572
4370,4368,4369,332.0,897036,329.0,1572,350.0,2768
4371,4369,4370,329.0,898609,350.0,2768,585.0,1149
4372,4370,4371,350.0,898420,585.0,1149,580.0,2718
4373,4371,4372,585.0,959613,580.0,2718,564.0,1268
4374,4372,4373,580.0,961182,564.0,1268,562.0,1622
4375,4373,4374,564.0,900764,562.0,1622,533.0,10
4376,4374,4375,562.0,902387,533.0,10,527.0,26
4377,4375,4376,533.0,14518,527.0,26,474.0,1
4378,4376,4377,533.0,14544,474.0,1,491.0,1507
4379,4377,4378,474.0,235,491.0,1507,487.0,1599
4380,4378,4379,493.0,842971,487.0,1599,463.0,2024
4381,4379,4380,493.0,844570,463.0,2024,429.0,1132
4382,4380,4381,463.0,901520,429.0,1132,409.0,1572
4383,4381,4382,429.0,900628,409.0,1572,456.0,3334
4384,4382,4383,435.0,902200,456.0,3334,357.0,1506
4385,4383,4384,456.0,902830,357.0,1506,355.0,1572
4386,4384,4385,357.0,901002,355.0,1572,312.0,311
4387,4385,4386,376.0,902574,312.0,311,304.0,1572
4388,4386,4387,312.0,899807,304.0,1572,326.0,1572
4389,4387,4388,329.0,901379,326.0,1572,298.0,933
4390,4388,4389,326.0,902952,298.0,933,585.0,2788
4391,4389,4390,298.0,900429,585.0,2788,468.0,1
4392,4390,4391,585.0,965348,468.0,1,562.0,1622
4393,4391,4392,468.0,236,562.0,1622,561.0,1622
4394,4392,4393,562.0,905123,561.0,1622,533.0,18
4395,4393,4394,564.0,906745,533.0,18,527.0,26
4396,4394,4395,533.0,14588,527.0,26,491.0,415
4397,4395,4396,533.0,14614,491.0,415,487.0,1598
4398,4396,4397,493.0,845475,487.0,1598,504.0,17
4399,4397,4398,493.0,847074,504.0,17,166.0,1
4400,4398,4399,504.0,14587,166.0,1,409.0,1572
4401,4399,4400,166.0,236,409.0,1572,432.0,1572
4402,4400,4401,438.0,904970,432.0,1572,380.0,432
4403,4401,4402,432.0,906543,380.0,432,355.0,1572
4404,4402,4403,380.0,903772,355.0,1572,355.0,1572
4405,4403,4404,383.0,905344,355.0,1572,332.0,809
4406,4404,4405,386.0,906916,332.0,809,329.0,1572
4407,4405,4406,332.0,904149,329.0,1572,181.0,1
4408,4406,4407,329.0,905722,181.0,1,298.0,2937
4409,4407,4408,181.0,236,298.0,2937,466.0,1
4410,4408,4409,298.0,906277,466.0,1,562.0,675
4411,4409,4410,466.0,237,562.0,675,561.0,1622
4412,4410,4411,562.0,907859,561.0,1622,471.0,1
4413,4411,4412,564.0,909481,471.0,1,527.0,26
4414,4412,4413,471.0,237,527.0,26,527.0,25
4415,4413,4414,533.0,14659,527.0,25,491.0,922
4416,4414,4415,533.0,14684,491.0,922,487.0,1599
4417,4415,4416,493.0,849578,487.0,1599,483.0,3168
4418,4416,4417,493.0,851177,483.0,3168,429.0,557
4419,4417,4418,483.0,910352,429.0,557,409.0,1572
4420,4418,4419,429.0,907741,409.0,1572,429.0,1572
4421,4419,4420,435.0,909313,429.0,1572,376.0,931
4422,4420,4421,429.0,910886,376.0,931,355.0,1572
4423,4421,4422,376.0,908115,355.0,1572,404.0,1796
4424,4422,4423,380.0,909687,404.0,1796,329.0,1308
4425,4423,4424,404.0,908980,329.0,1308,326.0,1572
4426,4424,4425,329.0,908492,326.0,1572,350.0,2461
4427,4425,4426,326.0,910065,350.0,2461,585.0,898
4428,4426,4427,350.0,909645,585.0,898,580.0,2411
4429,4427,4428,585.0,971650,580.0,2411,562.0,1190
4430,4428,4429,580.0,973163,562.0,1190,561.0,1622
4431,4429,4430,562.0,912218,561.0,1622,533.0,9
4432,4430,4431,562.0,913840,533.0,9,527.0,26
4433,4431,4432,533.0,14703,527.0,26,527.0,26
4434,4432,4433,533.0,14729,527.0,26,491.0,1429
4435,4433,4434,533.0,14755,491.0,1429,487.0,1599
4436,4434,4435,493.0,853681,487.0,1599,463.0,1709
4437,4435,4436,493.0,855280,463.0,1709,438.0,1055
4438,4436,4437,463.0,912737,438.0,1055,432.0,1572
4439,4437,4438,438.0,912083,432.0,1572,456.0,2748
4440,4438,4439,432.0,913656,456.0,2748,386.0,1429
4441,4439,4440,456.0,913776,386.0,1429,357.0,1572
4442,4440,4441,386.0,912457,357.0,1572,332.0,234
4443,4441,4442,357.0,914030,332.0,234,329.0,1572
4444,4442,4443,332.0,911262,329.0,1572,326.0,1572
4445,4443,4444,329.0,912835,326.0,1572,183.0,1
4446,4444,4445,326.0,914408,183.0,1,585.0,2538
4447,4445,4446,183.0,238,585.0,2538,468.0,1
4448,4446,4447,585.0,977386,468.0,1,561.0,1622
4449,4447,4448,468.0,239,561.0,1622,562.0,1622
4450,4448,4449,564.0,916576,562.0,1622,533.0,17
4451,4449,4450,562.0,918199,533.0,17,527.0,26
4452,4450,4451,533.0,14773,527.0,26,491.0,338
4453,4451,4452,533.0,14799,491.0,338,489.0,1598
4454,4452,4453,493.0,856186,489.0,1598,487.0,1599
4455,4453,4454,493.0,857784,487.0,1599,463.0,3770
4456,4454,4455,493.0,859383,463.0,3770,435.0,1554
4457,4455,4456,463.0,918642,435.0,1554,429.0,1572
4458,4456,4457,435.0,916426,429.0,1572,380.0,356
4459,4457,4458,429.0,917999,380.0,356,355.0,1572
4460,4458,4459,380.0,915228,355.0,1572,355.0,1572
4461,4459,4460,383.0,916800,355.0,1572,329.0,733
4462,4460,4461,383.0,918372,329.0,733,326.0,1572
4463,4461,4462,329.0,915605,326.0,1572,181.0,1
4464,4462,4463,326.0,917178,181.0,1,298.0,2631
4465,4463,4464,181.0,239,298.0,2631,466.0,1
4466,4464,4465,298.0,917503,466.0,1,566.0,596
4467,4465,4466,466.0,240,566.0,596,562.0,1622
4468,4466,4467,566.0,919312,562.0,1622,561.0,1622
4469,4467,4468,562.0,920935,561.0,1622,533.0,25
4470,4468,4469,564.0,922557,533.0,25,527.0,26
4471,4469,4470,533.0,14843,527.0,26,491.0,845
4472,4470,4471,533.0,14869,491.0,845,487.0,1599
4473,4471,4472,493.0,860289,487.0,1599,483.0,2564
4474,4472,4473,493.0,861888,483.0,2564,411.0,481
4475,4473,4474,483.0,921280,411.0,481,409.0,1572
4476,4474,4475,411.0,919197,409.0,1572,409.0,1572
4477,4475,4476,432.0,920769,409.0,1572,357.0,855
4478,4476,4477,438.0,922341,357.0,855,355.0,1572
4479,4477,4478,357.0,919571,355.0,1572,176.0,1
4480,4478,4479,380.0,921143,176.0,1,329.0,1232
4481,4479,4480,176.0,240,329.0,1232,323.0,1572
4482,4480,4481,329.0,919948,323.0,1572,350.0,2153
4483,4481,4482,323.0,921521,350.0,2153,585.0,648
4484,4482,4483,350.0,920869,585.0,648,580.0,2105
4485,4483,4484,585.0,983688,580.0,2105,562.0,1111
4486,4484,4485,580.0,985145,562.0,1111,561.0,1622
4487,4485,4486,562.0,923671,561.0,1622,533.0,8
4488,4486,4487,564.0,925293,533.0,8,527.0,26
4489,4487,4488,533.0,14888,527.0,26,527.0,25
4490,4488,4489,533.0,14914,527.0,25,491.0,1352
4491,4489,4490,533.0,14939,491.0,1352,487.0,1599
4492,4490,4491,493.0,864392,487.0,1599,463.0,1394
4493,4491,4492,493.0,865991,463.0,1394,438.0,979
4494,4492,4493,463.0,923954,438.0,979,432.0,1572
4495,4493,4494,438.0,923539,432.0,1572,456.0,2161
4496,4494,4495,432.0,925112,456.0,2161,383.0,1353
4497,4495,4496,456.0,924721,383.0,1353,355.0,1572
4498,4496,4497,383.0,923913,355.0,1572,329.0,158
4499,4497,4498,386.0,925485,329.0,158,326.0,1572
4500,4498,4499,329.0,922718,326.0,1572,306.0,1572
4501,4499,4500,326.0,924291,306.0,1572,183.0,1
4502,4500,4501,306.0,925864,183.0,1,585.0,2287
4503,4501,4502,183.0,241,585.0,2287,468.0,1
4504,4502,4503,585.0,989423,468.0,1,562.0,1622
4505,4503,4504,468.0,242,562.0,1622,561.0,1622
4506,4504,4505,562.0,928030,561.0,1622,533.0,16
4507,4505,4506,562.0,929652,533.0,16,527.0,26
4508,4506,4507,533.0,14958,527.0,26,491.0,260
4509,4507,4508,533.0,14984,491.0,260,487.0,1599
4510,4508,4509,493.0,866896,487.0,1599,487.0,1599
4511,4509,4510,493.0,868495,487.0,1599,463.0,3456
4512,4510,4511,493.0,870094,463.0,3456,435.0,1478
4513,4511,4512,463.0,929860,435.0,1478,411.0,1572
4514,4512,4513,435.0,927882,411.0,1572,380.0,280
4515,4513,4514,411.0,929455,380.0,280,355.0,1572
4516,4514,4515,380.0,926684,355.0,1572,355.0,1572
4517,4515,4516,380.0,928256,355.0,1572,329.0,657
4518,4516,4517,383.0,929828,329.0,657,326.0,1572
4519,4517,4518,329.0,927061,326.0,1572,304.0,1572
4520,4518,4519,326.0,928634,304.0,1572,298.0,2325
4521,4519,4520,332.0,930206,298.0,2325,585.0,3927
4522,4520,4521,298.0,928729,585.0,3927,562.0,518
4523,4521,4522,585.0,995159,562.0,518,561.0,1622
4524,4522,4523,562.0,930766,561.0,1622,562.0,1622
4525,4523,4524,564.0,932388,562.0,1622,533.0,24
4526,4524,4525,562.0,934011,533.0,24,527.0,26
4527,4525,4526,533.0,15028,527.0,26,491.0,767
4528,4526,4527,533.0,15054,491.0,767,487.0,1599
4529,4527,4528,493.0,870999,487.0,1599,483.0,1959
4530,4528,4529,493.0,872598,483.0,1959,438.0,404
4531,4529,4530,483.0,932207,438.0,404,432.0,1572
4532,4530,4531,438.0,930652,432.0,1572,409.0,1572
4533,4531,4532,432.0,932225,409.0,1572,386.0,778
4534,4532,4533,438.0,933797,386.0,778,371.0,1572
4535,4533,4534,386.0,931026,371.0,1572,176.0,1
4536,4534,4535,371.0,932599,176.0,1,326.0,1156
4537,4535,4536,176.0,243,326.0,1156,306.0,1572
4538,4536,4537,326.0,931404,306.0,1572,350.0,1846
4539,4537,4538,306.0,932977,350.0,1846,159.0,1
4540,4538,4539,350.0,932094,159.0,1,580.0,1799
4541,4539,4540,41.0,242,580.0,1799,562.0,1033
4542,4540,4541,580.0,997127,562.0,1033,561.0,1622
4543,4541,4542,562.0,935125,561.0,1622,533.0,6
4544,4542,4543,562.0,936747,533.0,6,527.0,26
4545,4543,4544,533.0,15072,527.0,26,527.0,26
4546,4544,4545,533.0,15098,527.0,26,491.0,1274
4547,4545,4546,533.0,15124,491.0,1274,487.0,1599
4548,4546,4547,493.0,875102,487.0,1599,463.0,1080
4549,4547,4548,493.0,876701,463.0,1080,435.0,903
4550,4548,4549,463.0,935172,435.0,903,429.0,1572
4551,4549,4550,435.0,934995,429.0,1572,456.0,1575
4552,4550,4551,429.0,936568,456.0,1575,383.0,1277
4553,4551,4552,456.0,935667,383.0,1277,355.0,1572
4554,4552,4553,383.0,935369,355.0,1572,178.0,1
4555,4553,4554,383.0,936941,178.0,1,326.0,1572
4556,4554,4555,178.0,244,326.0,1572,304.0,1572
4557,4555,4556,326.0,935747,304.0,1572,183.0,1
4558,4556,4557,332.0,937319,183.0,1,585.0,2037
4559,4557,4558,183.0,244,585.0,2037,580.0,3804
4560,4558,4559,585.0,1001461,580.0,3804,564.0,1547
4561,4559,4560,580.0,1003228,564.0,1547,562.0,1622
4562,4560,4561,564.0,939483,562.0,1622,533.0,15
4563,4561,4562,562.0,941106,533.0,15,527.0,25
4564,4562,4563,533.0,15143,527.0,25,491.0,183
4565,4563,4564,527.0,15169,491.0,183,487.0,1599
4566,4564,4565,493.0,877607,487.0,1599,489.0,1598
4567,4565,4566,493.0,879206,489.0,1598,463.0,3141
4568,4566,4567,493.0,880804,463.0,3141,432.0,1402
4569,4567,4568,463.0,941077,432.0,1402,409.0,1572
4570,4568,4569,432.0,939338,409.0,1572,364.0,204
4571,4569,4570,438.0,940910,364.0,204,355.0,1572
4572,4570,4571,364.0,938140,355.0,1572,355.0,1572
4573,4571,4572,380.0,939712,355.0,1572,326.0,581
4574,4572,4573,380.0,941284,326.0,581,306.0,1572
4575,4573,4574,326.0,938517,306.0,1572,304.0,1572
4576,4574,4575,306.0,940090,304.0,1572,298.0,2019
4577,4575,4576,329.0,941662,298.0,2019,585.0,3677
4578,4576,4577,298.0,939955,585.0,3677,564.0,439
4579,4577,4578,585.0,1007197,564.0,439,562.0,1622
4580,4578,4579,564.0,942219,562.0,1622,561.0,1622
4581,4579,4580,562.0,943842,561.0,1622,533.0,23
4582,4580,4581,564.0,945464,533.0,23,527.0,26
4583,4581,4582,533.0,15213,527.0,26,491.0,690
4584,4582,4583,533.0,15239,491.0,690,487.0,1599
4585,4583,4584,493.0,881710,487.0,1599,483.0,1354
4586,4584,4585,493.0,883309,483.0,1354,435.0,328
4587,4585,4586,483.0,943134,435.0,328,429.0,1572
4588,4586,4587,435.0,942108,429.0,1572,409.0,1572
4589,4587,4588,429.0,943681,409.0,1572,383.0,702
4590,4588,4589,435.0,945253,383.0,702,355.0,1572
4591,4589,4590,383.0,942482,355.0,1572,176.0,1
4592,4590,4591,386.0,944054,176.0,1,326.0,1080
4593,4591,4592,176.0,246,326.0,1080,304.0,1572
4594,4592,4593,326.0,942860,304.0,1572,350.0,1539
4595,4593,4594,332.0,944432,350.0,1539,159.0,1
4596,4594,4595,350.0,943319,159.0,1,580.0,1493
4597,4595,4596,41.0,245,580.0,1493,562.0,954
4598,4596,4597,580.0,1009109,562.0,954,561.0,1622
4599,4597,4598,562.0,946578,561.0,1622,533.0,5
4600,4598,4599,564.0,948200,533.0,5,527.0,26
4601,4599,4600,533.0,15257,527.0,26,527.0,26
4602,4600,4601,533.0,15283,527.0,26,491.0,1197
4603,4601,4602,533.0,15309,491.0,1197,487.0,1598
4604,4602,4603,493.0,885813,487.0,1598,463.0,765
4605,4603,4604,493.0,887412,463.0,765,432.0,827
4606,4604,4605,463.0,946389,432.0,827,409.0,1572
4607,4605,4606,432.0,946451,409.0,1572,171.0,1
4608,4606,4607,438.0,948023,171.0,1,380.0,1201
4609,4607,4608,171.0,247,380.0,1201,355.0,1572
4610,4608,4609,380.0,946825,355.0,1572,178.0,1
4611,4609,4610,383.0,948397,178.0,1,306.0,1572
4612,4610,4611,178.0,247,306.0,1572,304.0,1572
4613,4611,4612,306.0,947203,304.0,1572,350.0,3551
4614,4612,4613,329.0,948775,350.0,3551,585.0,1787
4615,4613,4614,350.0,949175,585.0,1787,580.0,3498
4616,4614,4615,585.0,1013499,580.0,3498,562.0,1469
4617,4615,4616,580.0,1015210,562.0,1469,561.0,1622
4618,4616,4617,562.0,950937,561.0,1622,533.0,13
4619,4617,4618,562.0,952559,533.0,13,527.0,26
4620,4618,4619,533.0,15327,527.0,26,509.0,62
4621,4619,4620,533.0,15353,509.0,62,487.0,1599
4622,4620,4621,509.0,15376,487.0,1599,487.0,1599
4623,4621,4622,493.0,889916,487.0,1599,463.0,2826
4624,4622,4623,493.0,891515,463.0,2826,432.0,1326
4625,4623,4624,463.0,952294,432.0,1326,409.0,1572
4626,4624,4625,432.0,950794,409.0,1572,173.0,1
4627,4625,4626,435.0,952366,173.0,1,376.0,1572
4628,4626,4627,173.0,248,376.0,1572,355.0,1572
4629,4627,4628,376.0,951168,355.0,1572,326.0,505
4630,4628,4629,380.0,952740,326.0,505,304.0,1572
4631,4629,4630,326.0,949973,304.0,1572,329.0,1572
4632,4630,4631,332.0,951545,329.0,1572,298.0,1713
4633,4631,4632,329.0,953118,298.0,1713,585.0,3427
4634,4632,4633,298.0,951181,585.0,3427,562.0,361
4635,4633,4634,585.0,1019235,562.0,361,561.0,1622
4636,4634,4635,562.0,953673,561.0,1622,562.0,1622
4637,4635,4636,564.0,955295,562.0,1622,533.0,22
4638,4636,4637,562.0,956918,533.0,22,527.0,25
4639,4637,4638,533.0,15398,527.0,25,491.0,612
4640,4638,4639,533.0,15423,491.0,612,487.0,1599
4641,4639,4640,493.0,892420,487.0,1599,476.0,1
4642,4640,4641,493.0,894019,476.0,1,435.0,252
4643,4641,4642,476.0,249,435.0,252,411.0,1572
4644,4642,4643,435.0,953564,411.0,1572,409.0,1572
4645,4643,4644,411.0,955137,409.0,1572,383.0,626
4646,4644,4645,432.0,956709,383.0,626,355.0,1572
4647,4645,4646,383.0,953938,355.0,1572,355.0,1572
4648,4646,4647,386.0,955510,355.0,1572,312.0,1004
4649,4647,4648,386.0,957082,312.0,1004,304.0,1572
4650,4648,4649,312.0,954316,304.0,1572,350.0,1231
4651,4649,4650,329.0,955888,350.0,1231,298.0,3718
4652,4650,4651,350.0,954543,298.0,3718,580.0,1187
4653,4651,4652,298.0,957030,580.0,1187,564.0,875
4654,4652,4653,580.0,1021091,564.0,875,562.0,1622
4655,4653,4654,564.0,958031,562.0,1622,533.0,4
4656,4654,4655,562.0,959654,533.0,4,527.0,26
4657,4655,4656,533.0,15442,527.0,26,527.0,26
4658,4656,4657,533.0,15468,527.0,26,491.0,1120
4659,4657,4658,533.0,15494,491.0,1120,489.0,1598
4660,4658,4659,493.0,896524,489.0,1598,161.0,1
4661,4659,4660,493.0,898122,161.0,1,432.0,751
4662,4660,4661,161.0,250,432.0,751,409.0,1572
4663,4661,4662,432.0,957907,409.0,1572,171.0,1
4664,4662,4663,437.0,959479,171.0,1,380.0,1125
4665,4663,4664,171.0,250,380.0,1125,355.0,1572
4666,4664,4665,380.0,958281,355.0,1572,404.0,3302
4667,4665,4666,380.0,959853,404.0,3302,332.0,1502
4668,4666,4667,404.0,960458,332.0,1502,329.0,1572
4669,4667,4668,332.0,958658,329.0,1572,350.0,3244
4670,4668,4669,329.0,960231,350.0,3244,585.0,1536
4671,4669,4670,350.0,960400,585.0,1536,580.0,3192
4672,4670,4671,585.0,1025536,580.0,3192,562.0,1390
4673,4671,4672,580.0,1027192,562.0,1390,561.0,1622
4674,4672,4673,562.0,962390,561.0,1622,533.0,12
4675,4673,4674,564.0,964012,533.0,12,527.0,26
4676,4674,4675,533.0,15512,527.0,26,474.0,1
4677,4675,4676,533.0,15538,474.0,1,487.0,1599
4678,4676,4677,474.0,251,487.0,1599,487.0,1599
4679,4677,4678,493.0,900627,487.0,1599,463.0,2511
4680,4678,4679,493.0,902226,463.0,2511,424.0,1250
4681,4679,4680,463.0,963511,424.0,1250,409.0,1572
4682,4680,4681,424.0,962250,409.0,1572,173.0,1
4683,4681,4682,435.0,963822,173.0,1,355.0,1572
4684,4682,4683,173.0,251,355.0,1572,376.0,1572
4685,4683,4684,386.0,962623,376.0,1572,306.0,429
4686,4684,4685,376.0,964196,306.0,429,304.0,1572
4687,4685,4686,306.0,961429,304.0,1572,326.0,1572
4688,4686,4687,329.0,963001,326.0,1572,298.0,1407
4689,4687,4688,326.0,964574,298.0,1407,585.0,3176
4690,4688,4689,298.0,962407,585.0,3176,564.0,282
4691,4689,4690,585.0,1031272,564.0,282,562.0,1622
4692,4690,4691,564.0,965126,562.0,1622,561.0,1622
4693,4691,4692,562.0,966749,561.0,1622,533.0,20
4694,4692,4693,562.0,968371,533.0,20,527.0,26
4695,4693,4694,533.0,15582,527.0,26,491.0,535
4696,4694,4695,533.0,15608,491.0,535,487.0,1598
4697,4695,4696,493.0,903131,487.0,1598,476.0,1
4698,4696,4697,493.0,904730,476.0,1,432.0,176
4699,4697,4698,476.0,252,432.0,176,409.0,1572
4700,4698,4699,432.0,965020,409.0,1572,432.0,1572
4701,4699,4700,438.0,966592,432.0,1572,380.0,550
4702,4700,4701,432.0,968165,380.0,550,355.0,1572
4703,4701,4702,380.0,965394,355.0,1572,355.0,1572
4704,4702,4703,383.0,966966,355.0,1572,332.0,927
4705,4703,4704,386.0,968538,332.0,927,329.0,1572
4706,4704,4705,332.0,965771,329.0,1572,350.0,924
4707,4705,4706,329.0,967344,350.0,924,298.0,3411
4708,4706,4707,350.0,965768,298.0,3411,580.0,880
4709,4707,4708,298.0,968255,580.0,880,562.0,797
4710,4708,4709,580.0,1033072,562.0,797,561.0,1622
4711,4709,4710,562.0,969485,561.0,1622,533.0,3
4712,4710,4711,564.0,971107,533.0,3,527.0,26
4713,4711,4712,533.0,15627,527.0,26,527.0,25
4714,4712,4713,533.0,15653,527.0,25,491.0,1042
4715,4713,4714,533.0,15678,491.0,1042,487.0,1599
4716,4714,4715,493.0,907234,487.0,1599,161.0,1
4717,4715,4716,493.0,908833,161.0,1,429.0,675
4718,4716,4717,161.0,253,429.0,675,409.0,1572
4719,4717,4718,429.0,969363,409.0,1572,417.0,1572
4720,4718,4719,435.0,970935,417.0,1572,376.0,1049
4721,4719,4720,417.0,972508,376.0,1049,355.0,1572
4722,4720,4721,376.0,969737,355.0,1572,404.0,2711
4723,4721,4722,380.0,971309,404.0,2711,329.0,1426
4724,4722,4723,404.0,971399,329.0,1426,326.0,1572
4725,4723,4724,329.0,970114,326.0,1572,350.0,2937
4726,4724,4725,326.0,971687,350.0,2937,585.0,1286
4727,4725,4726,350.0,971625,585.0,1286,580.0,2886
4728,4726,4727,585.0,1037574,580.0,2886,564.0,1311
4729,4727,4728,580.0,1039174,564.0,1311,562.0,1622
4730,4728,4729,564.0,973843,562.0,1622,533.0,11
4731,4729,4730,562.0,975466,533.0,11,527.0,26
4732,4730,4731,533.0,15697,527.0,26,474.0,1
4733,4731,4732,533.0,15723,474.0,1,491.0,1549
4734,4732,4733,474.0,254,491.0,1549,487.0,1599
4735,4733,4734,493.0,911337,487.0,1599,463.0,2197
4736,4734,4735,493.0,912936,463.0,2197,438.0,1173
4737,4735,4736,463.0,974729,438.0,1173,432.0,1572
4738,4736,4737,438.0,973705,432.0,1572,456.0,3656
4739,4737,4738,432.0,975278,456.0,3656,386.0,1547
4740,4738,4739,456.0,976188,386.0,1547,355.0,1572
4741,4739,4740,386.0,974079,355.0,1572,332.0,352
4742,4740,4741,386.0,975651,332.0,352,329.0,1572
4743,4741,4742,332.0,972884,329.0,1572,323.0,1572
4744,4742,4743,329.0,974457,323.0,1572,298.0,1101
4745,4743,4744,323.0,976030,298.0,1101,585.0,2926
4746,4744,4745,298.0,973633,585.0,2926,562.0,204
4747,4745,4746,585.0,1043310,562.0,204,561.0,1622
4748,4746,4747,562.0,976580,561.0,1622,561.0,1622
4749,4747,4748,562.0,978202,561.0,1622,533.0,19
4750,4748,4749,564.0,979824,533.0,19,527.0,26
4751,4749,4750,533.0,15767,527.0,26,491.0,458
4752,4750,4751,533.0,15793,491.0,458,489.0,1598
4753,4751,4752,493.0,913842,489.0,1598,504.0,61
4754,4752,4753,493.0,915440,504.0,61,166.0,1
4755,4753,4754,504.0,15809,166.0,1,409.0,1572
4756,4754,4755,166.0,255,409.0,1572,429.0,1572
4757,4755,4756,435.0,978048,429.0,1572,380.0,474
4758,4756,4757,429.0,979621,380.0,474,355.0,1572
4759,4757,4758,380.0,976850,355.0,1572,355.0,1572
4760,4758,4759,380.0,978422,355.0,1572,329.0,851
4761,4759,4760,383.0,979994,329.0,851,326.0,1572
4762,4760,4761,329.0,977227,326.0,1572,181.0,1
4763,4761,4762,326.0,978800,181.0,1,298.0,3105
4764,4762,4763,181.0,255,298.0,3105,466.0,1
4765,4763,4764,298.0,979481,466.0,1,564.0,718
4766,4764,4765,466.0,256,564.0,718,562.0,1622
4767,4765,4766,564.0,980938,562.0,1622,471.0,1
4768,4766,4767,562.0,982561,471.0,1,527.0,26
4769,4767,4768,471.0,256,527.0,26,527.0,26
4770,4768,4769,533.0,15837,527.0,26,491.0,965
4771,4769,4770,533.0,15863,491.0,965,487.0,1599
4772,4770,4771,493.0,917945,487.0,1599,483.0,3500
4773,4771,4772,493.0,919544,483.0,3500,411.0,599
4774,4772,4773,483.0,983720,411.0,599,409.0,1572
4775,4773,4774,411.0,980819,409.0,1572,409.0,1572
4776,4774,4775,432.0,982391,409.0,1572,386.0,972
4777,4775,4776,438.0,983963,386.0,972,376.0,1572
4778,4776,4777,386.0,981192,376.0,1572,404.0,2120
4779,4777,4778,376.0,982765,404.0,2120,329.0,1350
4780,4778,4779,404.0,982340,329.0,1350,323.0,1572
4781,4779,4780,329.0,981570,323.0,1572,350.0,2629
4782,4780,4781,323.0,983143,350.0,2629,585.0,1035
4783,4781,4782,350.0,982849,585.0,1035,580.0,2579
4784,4782,4783,585.0,1049611,580.0,2579,562.0,1233
4785,4783,4784,580.0,1051155,562.0,1233,561.0,1622
4786,4784,4785,562.0,985297,561.0,1622,533.0,10
4787,4785,4786,564.0,986919,533.0,10,527.0,25
4788,4786,4787,533.0,15882,527.0,25,533.0,25
4789,4787,4788,538.0,15907,533.0,25,491.0,1472
4790,4788,4789,533.0,15933,491.0,1472,487.0,1599
4791,4789,4790,493.0,922048,487.0,1599,463.0,1882
4792,4790,4791,493.0,923647,463.0,1882,435.0,1097
4793,4791,4792,463.0,985946,435.0,1097,429.0,1572
4794,4792,4793,435.0,985161,429.0,1572,456.0,3069
4795,4793,4794,429.0,986734,456.0,3069,383.0,1471
4796,4794,4795,456.0,987133,383.0,1471,355.0,1572
4797,4795,4796,383.0,985535,355.0,1572,329.0,276
4798,4796,4797,386.0,987107,329.0,276,326.0,1572
4799,4797,4798,329.0,984340,326.0,1572,304.0,1572
4800,4798,4799,326.0,985913,304.0,1572,298.0,795
4801,4799,4800,332.0,987485,298.0,795,585.0,2675
4802,4800,4801,298.0,984859,585.0,2675,468.0,1
4803,4801,4802,585.0,1055347,468.0,1,561.0,1622
4804,4802,4803,468.0,258,561.0,1622,562.0,1622
4805,4803,4804,564.0,989655,562.0,1622,533.0,18
4806,4804,4805,562.0,991278,533.0,18,527.0,26
4807,4805,4806,533.0,15952,527.0,26,491.0,380
4808,4806,4807,533.0,15978,491.0,380,487.0,1599
4809,4807,4808,493.0,924552,487.0,1599,487.0,1598
4810,4808,4809,493.0,926151,487.0,1598,166.0,1
4811,4809,4810,493.0,927750,166.0,1,409.0,1572
4812,4810,4811,166.0,258,409.0,1572,409.0,1572
4813,4811,4812,432.0,989504,409.0,1572,376.0,398
4814,4812,4813,438.0,991076,376.0,398,355.0,1572
4815,4813,4814,376.0,988306,355.0,1572,355.0,1572
4816,4814,4815,380.0,989878,355.0,1572,329.0,775
4817,4815,4816,380.0,991450,329.0,775,323.0,1572
4818,4816,4817,329.0,988683,323.0,1572,181.0,1
4819,4817,4818,323.0,990256,181.0,1,298.0,2799
4820,4818,4819,181.0,258,298.0,2799,466.0,1
4821,4819,4820,298.0,990707,466.0,1,562.0,640
4822,4820,4821,466.0,259,562.0,640,561.0,1622
4823,4821,4822,562.0,992392,561.0,1622,471.0,1
4824,4822,4823,562.0,994014,471.0,1,527.0,26
4825,4823,4824,471.0,259,527.0,26,527.0,26
4826,4824,4825,533.0,16022,527.0,26,491.0,887
4827,4825,4826,533.0,16048,491.0,887,487.0,1599
4828,4826,4827,493.0,928655,487.0,1599,483.0,2895
4829,4827,4828,493.0,930254,483.0,2895,438.0,522
4830,4828,4829,483.0,994647,438.0,522,432.0,1572
4831,4829,4830,438.0,992274,432.0,1572,409.0,1572
4832,4830,4831,432.0,993847,409.0,1572,386.0,896
4833,4831,4832,435.0,995419,386.0,896,355.0,1572
4834,4832,4833,386.0,992648,355.0,1572,404.0,1529
4835,4833,4834,386.0,994220,404.0,1529,326.0,1274
4836,4834,4835,404.0,993281,326.0,1274,304.0,1572
4837,4835,4836,326.0,993026,304.0,1572,350.0,2322
4838,4836,4837,332.0,994598,350.0,2322,585.0,785
4839,4837,4838,350.0,994074,585.0,785,580.0,2273
4840,4838,4839,585.0,1061649,580.0,2273,564.0,1154
4841,4839,4840,580.0,1063137,564.0,1154,562.0,1622
4842,4840,4841,564.0,996750,562.0,1622,533.0,8
4843,4841,4842,562.0,998373,533.0,8,527.0,26
4844,4842,4843,533.0,16066,527.0,26,527.0,26
4845,4843,4844,533.0,16092,527.0,26,491.0,1394
4846,4844,4845,533.0,16118,491.0,1394,487.0,1599
4847,4845,4846,493.0,932758,487.0,1599,463.0,1567
4848,4846,4847,493.0,934357,463.0,1567,435.0,1021
4849,4847,4848,463.0,997163,435.0,1021,411.0,1572
4850,4848,4849,435.0,996617,411.0,1572,456.0,2483
4851,4849,4850,411.0,998190,456.0,2483,380.0,1395
4852,4850,4851,456.0,998079,380.0,1395,355.0,1572
4853,4851,4852,380.0,996991,355.0,1572,329.0,200
4854,4852,4853,383.0,998563,329.0,200,323.0,1572
4855,4853,4854,329.0,995796,323.0,1572,304.0,1572
4856,4854,4855,323.0,997369,304.0,1572,183.0,1
4857,4855,4856,332.0,998941,183.0,1,585.0,2425
4858,4856,4857,183.0,260,585.0,2425,468.0,1
4859,4857,4858,585.0,1067385,468.0,1,562.0,1622
4860,4858,4859,468.0,261,562.0,1622,561.0,1622
4861,4859,4860,562.0,1001109,561.0,1622,533.0,17
4862,4860,4861,564.0,1002731,533.0,17,527.0,25
4863,4861,4862,533.0,16137,527.0,25,491.0,303
4864,4862,4863,533.0,16162,491.0,303,487.0,1599
4865,4863,4864,493.0,935263,487.0,1599,489.0,1598
4866,4864,4865,493.0,936862,489.0,1598,463.0,3628
4867,4865,4866,493.0,938460,463.0,3628,432.0,1520
4868,4866,4867,463.0,1003068,432.0,1520,409.0,1572
4869,4867,4868,432.0,1000960,409.0,1572,357.0,322
4870,4868,4869,438.0,1002532,357.0,322,355.0,1572
4871,4869,4870,357.0,999762,355.0,1572,355.0,1572
4872,4870,4871,376.0,1001334,355.0,1572,326.0,699
4873,4871,4872,380.0,1002906,326.0,699,306.0,1572
4874,4872,4873,326.0,1000139,306.0,1572,181.0,1
4875,4873,4874,306.0,1001712,181.0,1,298.0,2493
4876,4874,4875,181.0,261,298.0,2493,585.0,4065
4877,4875,4876,298.0,1001933,585.0,4065,562.0,561
4878,4876,4877,585.0,1073121,562.0,561,561.0,1622
4879,4877,4878,562.0,1003845,561.0,1622,562.0,1622
4880,4878,4879,564.0,1005467,562.0,1622,533.0,25
4881,4879,4880,562.0,1007090,533.0,25,527.0,26
4882,4880,4881,533.0,16207,527.0,26,491.0,810
4883,4881,4882,533.0,16233,491.0,810,487.0,1599
4884,4882,4883,493.0,939366,487.0,1599,483.0,2291
4885,4883,4884,493.0,940965,483.0,2291,435.0,446
4886,4884,4885,483.0,1005575,435.0,446,429.0,1572
4887,4885,4886,435.0,1003730,429.0,1572,409.0,1572
4888,4886,4887,429.0,1005303,409.0,1572,383.0,820
4889,4887,4888,435.0,1006875,383.0,820,355.0,1572
4890,4888,4889,383.0,1004104,355.0,1572,176.0,1
4891,4889,4890,386.0,1005676,176.0,1,323.0,1198
4892,4890,4891,176.0,262,323.0,1198,304.0,1572
4893,4891,4892,323.0,1004482,304.0,1572,350.0,2015
4894,4892,4893,332.0,1006054,350.0,2015,585.0,535
4895,4893,4894,350.0,1005299,585.0,535,580.0,1967
4896,4894,4895,585.0,1073687,580.0,1967,562.0,1076
4897,4895,4896,580.0,1075119,562.0,1076,561.0,1622
4898,4896,4897,562.0,1008204,561.0,1622,533.0,7
4899,4897,4898,562.0,1009826,533.0,7,527.0,26
4900,4898,4899,533.0,16251,527.0,26,527.0,26
4901,4899,4900,533.0,16277,527.0,26,491.0,1317
4902,4900,4901,533.0,16303,491.0,1317,487.0,1598
4903,4901,4902,493.0,943469,487.0,1598,463.0,1252
4904,4902,4903,493.0,945068,463.0,1252,432.0,945
4905,4903,4904,463.0,1008380,432.0,945,409.0,1572
4906,4904,4905,432.0,1008073,409.0,1572,456.0,1896
4907,4905,4906,438.0,1009645,456.0,1896,380.0,1319
4908,4906,4907,456.0,1009024,380.0,1319,355.0,1572
4909,4907,4908,380.0,1008447,355.0,1572,178.0,1
4910,4908,4909,383.0,1010019,178.0,1,306.0,1572
4911,4909,4910,178.0,263,306.0,1572,304.0,1572
4912,4910,4911,306.0,1008825,304.0,1572,183.0,1
4913,4911,4912,329.0,1010397,183.0,1,585.0,2175
4914,4912,4913,183.0,263,585.0,2175,580.0,3972
4915,4913,4914,585.0,1079423,580.0,3972,564.0,1590
4916,4914,4915,580.0,1081220,564.0,1590,562.0,1622
4917,4915,4916,564.0,1012562,562.0,1622,533.0,15
4918,4916,4917,562.0,1014185,533.0,15,527.0,26
4919,4917,4918,533.0,16321,527.0,26,491.0,225
4920,4918,4919,533.0,16347,491.0,225,487.0,1599
4921,4919,4920,493.0,945973,487.0,1599,487.0,1599
4922,4920,4921,493.0,947572,487.0,1599,463.0,3314
4923,4921,4922,493.0,949171,463.0,3314,432.0,1444
4924,4922,4923,463.0,1014286,432.0,1444,409.0,1572
4925,4923,4924,432.0,1012416,409.0,1572,386.0,245
4926,4924,4925,435.0,1013988,386.0,245,357.0,1572
4927,4925,4926,386.0,1011217,357.0,1572,355.0,1572
4928,4926,4927,357.0,1012790,355.0,1572,323.0,623
4929,4927,4928,380.0,1014362,323.0,623,304.0,1572
4930,4928,4929,323.0,1011595,304.0,1572,326.0,1572
4931,4929,4930,332.0,1013167,326.0,1572,298.0,2187
4932,4930,4931,326.0,1014740,298.0,2187,585.0,3814
4933,4931,4932,298.0,1013159,585.0,3814,564.0,482
4934,4932,4933,585.0,1085158,564.0,482,562.0,1622
4935,4933,4934,564.0,1015298,562.0,1622,561.0,1622
4936,4934,4935,562.0,1016921,561.0,1622,530.0,24
4937,4935,4936,564.0,1018543,530.0,24,527.0,25
4938,4936,4937,530.0,16392,527.0,25,491.0,732
4939,4937,4938,533.0,16417,491.0,732,487.0,1599
4940,4938,4939,493.0,950076,487.0,1599,483.0,1686
4941,4939,4940,493.0,951675,483.0,1686,435.0,370
4942,4940,4941,483.0,1016502,435.0,370,409.0,1572
4943,4941,4942,435.0,1015186,409.0,1572,432.0,1572
4944,4942,4943,438.0,1016758,432.0,1572,383.0,744
4945,4943,4944,432.0,1018331,383.0,744,355.0,1572
4946,4944,4945,383.0,1015560,355.0,1572,176.0,1
4947,4945,4946,383.0,1017132,176.0,1,306.0,1122
4948,4946,4947,176.0,265,306.0,1122,304.0,1572
4949,4947,4948,306.0,1015938,304.0,1572,350.0,1707
4950,4948,4949,329.0,1017510,350.0,1707,159.0,1
4951,4949,4950,350.0,1016523,159.0,1,580.0,1661
4952,4950,4951,41.0,264,580.0,1661,562.0,997
4953,4951,4952,580.0,1087101,562.0,997,561.0,1622
4954,4952,4953,562.0,1019657,561.0,1622,533.0,6
4955,4953,4954,564.0,1021279,533.0,6,527.0,26
4956,4954,4955,533.0,16436,527.0,26,527.0,26
4957,4955,4956,533.0,16462,527.0,26,491.0,1239
4958,4956,4957,533.0,16488,491.0,1239,487.0,1599
4959,4957,4958,493.0,954179,487.0,1599,463.0,938
4960,4958,4959,493.0,955778,463.0,938,432.0,869
4961,4959,4960,463.0,1019598,432.0,869,409.0,1572
4962,4960,4961,432.0,1019529,409.0,1572,456.0,1310
4963,4961,4962,435.0,1021101,456.0,1310,380.0,1243
4964,4962,4963,456.0,1019970,380.0,1243,355.0,1572
4965,4963,4964,380.0,1019903,355.0,1572,178.0,1
4966,4964,4965,380.0,1021475,178.0,1,304.0,1572
4967,4965,4966,178.0,266,304.0,1572,326.0,1572
4968,4966,4967,332.0,1020280,326.0,1572,350.0,3720
4969,4967,4968,326.0,1021853,350.0,3720,585.0,1924
4970,4968,4969,350.0,1022380,585.0,1924,580.0,3666
4971,4969,4970,585.0,1091460,580.0,3666,562.0,1512
4972,4970,4971,580.0,1093202,562.0,1512,561.0,1622
4973,4971,4972,562.0,1024016,561.0,1622,533.0,14
4974,4972,4973,562.0,1025638,533.0,14,527.0,26
4975,4973,4974,533.0,16506,527.0,26,509.0,62
4976,4974,4975,533.0,16532,509.0,62,487.0,1599
4977,4975,4976,509.0,16554,487.0,1599,487.0,1599
4978,4976,4977,493.0,958283,487.0,1599,463.0,2999
4979,4977,4978,493.0,959882,463.0,2999,411.0,1368
4980,4978,4979,463.0,1025503,411.0,1368,409.0,1572
4981,4979,4980,411.0,1023872,409.0,1572,383.0,169
4982,4980,4981,432.0,1025444,383.0,169,355.0,1572
4983,4981,4982,383.0,1022673,355.0,1572,364.0,1572
4984,4982,4983,386.0,1024245,364.0,1572,306.0,547
4985,4983,4984,364.0,1025818,306.0,547,304.0,1572
4986,4984,4985,306.0,1023051,304.0,1572,326.0,1572
4987,4985,4986,329.0,1024623,326.0,1572,298.0,1881
4988,4986,4987,326.0,1026196,298.0,1881,585.0,3564
4989,4987,4988,298.0,1024385,585.0,3564,562.0,404
4990,4988,4989,585.0,1097196,562.0,404,561.0,1622
4991,4989,4990,562.0,1026752,561.0,1622,562.0,1622
4992,4990,4991,564.0,1028374,562.0,1622,533.0,22
4993,4991,4992,562.0,1029997,533.0,22,527.0,26
4994,4992,4993,533.0,16576,527.0,26,491.0,655
4995,4993,4994,533.0,16602,491.0,655,487.0,1598
4996,4994,4995,493.0,960787,487.0,1598,476.0,1
4997,4995,4996,493.0,962386,476.0,1,432.0,294
4998,4996,4997,476.0,268,432.0,294,409.0,1572
4999,4997,4998,432.0,1026642,409.0,1572,432.0,1572
5000,4998,4999,438.0,1028214,432.0,1572,380.0,668
5001,4999,5000,432.0,1029787,380.0,668,355.0,1572
5002,5000,5001,380.0,1027016,355.0,1572,355.0,1572
5003,5001,5002,383.0,1028588,355.0,1572,332.0,1045
5004,5002,5003,383.0,1030160,332.0,1045,326.0,1572
5005,5003,5004,332.0,1027393,326.0,1572,350.0,1400
5006,5004,5005,326.0,1028966,350.0,1400,159.0,1
5007,5005,5006,350.0,1027748,159.0,1,580.0,1355
5008,5006,5007,41.0,267,580.0,1355,564.0,918
5009,5007,5008,580.0,1099083,564.0,918,562.0,1622
5010,5008,5009,564.0,1031110,562.0,1622,533.0,5
5011,5009,5010,562.0,1032733,533.0,5,527.0,25
5012,5010,5011,533.0,16621,527.0,25,527.0,26
5013,5011,5012,533.0,16646,527.0,26,491.0,1162
5014,5012,5013,533.0,16672,491.0,1162,487.0,1599
5015,5013,5014,493.0,964890,487.0,1599,161.0,1
5016,5014,5015,493.0,966489,161.0,1,429.0,793
5017,5015,5016,161.0,269,429.0,793,409.0,1572
5018,5016,5017,429.0,1030985,409.0,1572,171.0,1
5019,5017,5018,435.0,1032557,171.0,1,364.0,1167
5020,5018,5019,171.0,269,364.0,1167,355.0,1572
5021,5019,5020,364.0,1031359,355.0,1572,404.0,3627
5022,5020,5021,380.0,1032931,404.0,3627,329.0,1544
5023,5021,5022,404.0,1033819,329.0,1544,326.0,1572
5024,5022,5023,329.0,1031736,326.0,1572,350.0,3413
5025,5023,5024,326.0,1033309,350.0,3413,585.0,1674
5026,5024,5025,350.0,1033605,585.0,1674,580.0,3360
5027,5025,5026,585.0,1103498,580.0,3360,562.0,1433
5028,5026,5027,580.0,1105184,562.0,1433,561.0,1622
5029,5027,5028,562.0,1035469,561.0,1622,533.0,13
5030,5028,5029,564.0,1037091,533.0,13,527.0,26
5031,5029,5030,533.0,16691,527.0,26,509.0,62
5032,5030,5031,533.0,16717,509.0,62,487.0,1599
5033,5031,5032,509.0,16740,487.0,1599,487.0,1599
5034,5032,5033,493.0,968993,487.0,1599,463.0,2684
5035,5033,5034,493.0,970592,463.0,2684,438.0,1291
5036,5034,5035,463.0,1036720,438.0,1291,432.0,1572
5037,5035,5036,438.0,1035327,432.0,1572,173.0,1
5038,5036,5037,432.0,1036900,173.0,1,355.0,1572
5039,5037,5038,173.0,270,355.0,1572,355.0,1572
5040,5038,5039,383.0,1035701,355.0,1572,332.0,470
5041,5039,5040,386.0,1037273,332.0,470,329.0,1572
5042,5040,5041,332.0,1034506,329.0,1572,323.0,1572
5043,5041,5042,329.0,1036079,323.0,1572,298.0,1575
5044,5042,5043,323.0,1037652,298.0,1575,585.0,3314
5045,5043,5044,298.0,1035611,585.0,3314,564.0,325
5046,5044,5045,585.0,1109234,564.0,325,562.0,1622
5047,5045,5046,564.0,1038205,562.0,1622,561.0,1622
5048,5046,5047,562.0,1039828,561.0,1622,533.0,21
5049,5047,5048,564.0,1041450,533.0,21,527.0,26
5050,5048,5049,533.0,16761,527.0,26,491.0,577
5051,5049,5050,533.0,16787,491.0,577,487.0,1599
5052,5050,5051,493.0,971497,487.0,1599,476.0,1
5053,5051,5052,493.0,973096,476.0,1,432.0,218
5054,5052,5053,476.0,271,432.0,218,409.0,1572
5055,5053,5054,432.0,1038098,409.0,1572,429.0,1572
5056,5054,5055,435.0,1039670,429.0,1572,380.0,592
5057,5055,5056,429.0,1041243,380.0,592,355.0,1572
5058,5056,5057,380.0,1038472,355.0,1572,355.0,1572
5059,5057,5058,380.0,1040044,355.0,1572,329.0,969
5060,5058,5059,383.0,1041616,329.0,969,326.0,1572
5061,5059,5060,329.0,1038849,326.0,1572,350.0,1093
5062,5060,5061,326.0,1040422,350.0,1093,298.0,3580
5063,5061,5062,350.0,1038973,298.0,3580,580.0,1049
5064,5062,5063,298.0,1041460,580.0,1049,562.0,840
5065,5063,5064,580.0,1111065,562.0,840,561.0,1622
5066,5064,5065,562.0,1042564,561.0,1622,533.0,3
5067,5065,5066,564.0,1044186,533.0,3,527.0,26
5068,5066,5067,533.0,16805,527.0,26,527.0,26
5069,5067,5068,533.0,16831,527.0,26,491.0,1085
5070,5068,5069,533.0,16857,491.0,1085,487.0,1599
5071,5069,5070,493.0,975601,487.0,1599,161.0,1
5072,5070,5071,493.0,977200,161.0,1,438.0,716
5073,5071,5072,161.0,272,438.0,716,432.0,1572
5074,5072,5073,438.0,1042440,432.0,1572,171.0,1
5075,5073,5074,432.0,1044013,171.0,1,386.0,1090
5076,5074,5075,171.0,272,386.0,1090,376.0,1572
5077,5075,5076,386.0,1042814,376.0,1572,404.0,3036
5078,5076,5077,376.0,1044387,404.0,3036,328.0,1468
5079,5077,5078,404.0,1044760,328.0,1468,323.0,1572
5080,5078,5079,328.0,1043192,323.0,1572,350.0,3105
5081,5079,5080,323.0,1044765,350.0,3105,585.0,1423
5082,5080,5081,350.0,1044829,585.0,1423,580.0,3054
5083,5081,5082,585.0,1115535,580.0,3054,566.0,1354
5084,5082,5083,580.0,1117166,566.0,1354,562.0,1622
5085,5083,5084,566.0,1046922,562.0,1622,533.0,12
5086,5084,5085,562.0,1048545,533.0,12,527.0,25
5087,5085,5086,533.0,16876,527.0,25,474.0,1
5088,5086,5087,533.0,16901,474.0,1,491.0,1592
5089,5087,5088,474.0,273,491.0,1592,487.0,1599
5090,5088,5089,493.0,979704,487.0,1599,463.0,2369
5091,5089,5090,493.0,981303,463.0,2369,435.0,1215
5092,5090,5091,463.0,1047937,435.0,1215,429.0,1572
5093,5091,5092,435.0,1046783,429.0,1572,173.0,1
5094,5092,5093,429.0,1048356,173.0,1,355.0,1572
5095,5093,5094,173.0,273,355.0,1572,355.0,1572
5096,5094,5095,383.0,1047157,355.0,1572,329.0,394
5097,5095,5096,383.0,1048729,329.0,394,326.0,1572
5098,5096,5097,329.0,1045962,326.0,1572,304.0,1572
5099,5097,5098,326.0,1047535,304.0,1572,298.0,1269
5100,5098,5099,332.0,1049107,298.0,1269,585.0,3063
5101,5099,5100,298.0,1046837,585.0,3063,562.0,247
5102,5100,5101,585.0,1121271,562.0,247,561.0,1622
5103,5101,5102,562.0,1049659,561.0,1622,562.0,1622
5104,5102,5103,564.0,1051281,562.0,1622,533.0,20
5105,5103,5104,562.0,1052904,533.0,20,527.0,26
5106,5104,5105,533.0,16946,527.0,26,491.0,500
5107,5105,5106,533.0,16972,491.0,500,487.0,1599
5108,5106,5107,493.0,982208,487.0,1599,499.0,44
5109,5107,5108,493.0,983807,499.0,44,166.0,1
5110,5108,5109,499.0,16970,166.0,1,409.0,1572
5111,5109,5110,166.0,274,409.0,1572,409.0,1572
5112,5110,5111,432.0,1051126,409.0,1572,376.0,516
5113,5111,5112,438.0,1052698,376.0,516,355.0,1572
5114,5112,5113,376.0,1049928,355.0,1572,355.0,1572
5115,5113,5114,380.0,1051500,355.0,1572,328.0,893
5116,5114,5115,380.0,1053072,328.0,893,323.0,1572
5117,5115,5116,328.0,1050305,323.0,1572,350.0,785
5118,5116,5117,323.0,1051878,350.0,785,298.0,3273
5119,5117,5118,350.0,1050197,298.0,3273,580.0,742
5120,5118,5119,298.0,1052685,580.0,742,564.0,761
5121,5119,5120,580.0,1123046,564.0,761,562.0,1622
5122,5120,5121,564.0,1054017,562.0,1622,533.0,2
5123,5121,5122,562.0,1055640,533.0,2,527.0,26
5124,5122,5123,533.0,16990,527.0,26,527.0,26
5125,5123,5124,533.0,17016,527.0,26,491.0,1007
5126,5124,5125,533.0,17042,491.0,1007,487.0,1599
5127,5125,5126,493.0,986311,487.0,1599,483.0,3832
5128,5126,5127,493.0,987910,483.0,3832,438.0,640
5129,5127,5128,483.0,1057088,438.0,640,432.0,1572
5130,5128,5129,438.0,1053896,432.0,1572,409.0,1572
5131,5129,5130,432.0,1055469,409.0,1572,383.0,1014
5132,5130,5131,435.0,1057041,383.0,1014,355.0,1572
5133,5131,5132,383.0,1054270,355.0,1572,404.0,2445
5134,5132,5133,386.0,1055842,404.0,2445,326.0,1392
5135,5133,5134,404.0,1055701,326.0,1392,304.0,1572
5136,5134,5135,326.0,1054648,304.0,1572,350.0,2798
5137,5135,5136,332.0,1056220,350.0,2798,585.0,1173
5138,5136,5137,350.0,1056054,585.0,1173,580.0,2747
5139,5137,5138,585.0,1127573,580.0,2747,562.0,1276
5140,5138,5139,580.0,1129147,562.0,1276,561.0,1622
5141,5139,5140,562.0,1058376,561.0,1622,533.0,10
5142,5140,5141,564.0,1059998,533.0,10,527.0,26
5143,5141,5142,533.0,17060,527.0,26,474.0,1
5144,5142,5143,533.0,17086,474.0,1,491.0,1514
5145,5143,5144,474.0,276,491.0,1514,487.0,1599
5146,5144,5145,493.0,990414,487.0,1599,463.0,2055
5147,5145,5146,493.0,992013,463.0,2055,435.0,1139
5148,5146,5147,463.0,1059155,435.0,1139,411.0,1572
5149,5147,5148,435.0,1058239,411.0,1572,456.0,3391
5150,5148,5149,411.0,1059812,456.0,3391,380.0,1513
5151,5149,5150,456.0,1060491,380.0,1513,355.0,1572
5152,5150,5151,380.0,1058613,355.0,1572,328.0,318
5153,5151,5152,383.0,1060185,328.0,318,323.0,1572
5154,5152,5153,328.0,1057418,323.0,1572,304.0,1572
5155,5153,5154,323.0,1058991,304.0,1572,298.0,963
5156,5154,5155,332.0,1060563,298.0,963,585.0,2813
5157,5155,5156,298.0,1058063,585.0,2813,564.0,168
5158,5156,5157,585.0,1133309,564.0,168,562.0,1622
5159,5157,5158,564.0,1061112,562.0,1622,561.0,1622
5160,5158,5159,562.0,1062735,561.0,1622,527.0,19
5161,5159,5160,562.0,1064357,527.0,19,533.0,25
5162,5160,5161,527.0,17131,533.0,25,491.0,423
5163,5161,5162,533.0,17156,491.0,423,489.0,1598
5164,5162,5163,493.0,992919,489.0,1598,504.0,25
5165,5163,5164,493.0,994517,504.0,25,166.0,1
5166,5164,5165,504.0,17137,166.0,1,432.0,1572
5167,5165,5166,166.0,277,432.0,1572,409.0,1572
5168,5166,5167,432.0,1062582,409.0,1572,386.0,439
5169,5167,5168,438.0,1064154,386.0,439,376.0,1572
5170,5168,5169,386.0,1061383,376.0,1572,355.0,1572
5171,5169,5170,376.0,1062956,355.0,1572,326.0,817
5172,5170,5171,380.0,1064528,326.0,817,306.0,1572
5173,5171,5172,326.0,1061761,306.0,1572,181.0,1
5174,5172,5173,306.0,1063334,181.0,1,298.0,2967
5175,5173,5174,181.0,277,298.0,2967,466.0,1
5176,5174,5175,298.0,1063911,466.0,1,562.0,683
5177,5175,5176,466.0,278,562.0,683,561.0,1622
5178,5176,5177,562.0,1065471,561.0,1622,471.0,1
5179,5177,5178,564.0,1067093,471.0,1,527.0,26
5180,5178,5179,471.0,278,527.0,26,527.0,26
5181,5179,5180,533.0,17201,527.0,26,491.0,930
5182,5180,5181,533.0,17227,491.0,930,487.0,1599
5183,5181,5182,493.0,997022,487.0,1599,483.0,3227
5184,5182,5183,493.0,998621,483.0,3227,435.0,564
5185,5183,5184,483.0,1068015,435.0,564,424.0,1572
5186,5184,5185,435.0,1065352,424.0,1572,409.0,1572
5187,5185,5186,424.0,1066925,409.0,1572,383.0,938
5188,5186,5187,435.0,1068497,383.0,938,355.0,1572
5189,5187,5188,383.0,1065726,355.0,1572,404.0,1854
5190,5188,5189,386.0,1067298,404.0,1854,323.0,1316
5191,5189,5190,404.0,1066642,323.0,1316,304.0,1572
5192,5190,5191,323.0,1066104,304.0,1572,350.0,2491
5193,5191,5192,332.0,1067676,350.0,2491,585.0,922
5194,5192,5193,350.0,1067279,585.0,922,580.0,2441
5195,5193,5194,585.0,1139610,580.0,2441,564.0,1197
5196,5194,5195,580.0,1141129,564.0,1197,562.0,1622
5197,5195,5196,564.0,1069829,562.0,1622,533.0,9
5198,5196,5197,562.0,1071452,533.0,9,527.0,26
5199,5197,5198,533.0,17245,527.0,26,527.0,26
5200,5198,5199,533.0,17271,527.0,26,491.0,1437
5201,5199,5200,533.0,17297,491.0,1437,487.0,1599
5202,5200,5201,493.0,1001125,487.0,1599,463.0,1740
5203,5201,5202,493.0,1002724,463.0,1740,432.0,1063
5204,5202,5203,463.0,1070372,432.0,1063,409.0,1572
5205,5203,5204,432.0,1069695,409.0,1572,456.0,2805
5206,5204,5205,438.0,1071267,456.0,2805,380.0,1437
5207,5205,5206,456.0,1071437,380.0,1437,355.0,1572
5208,5206,5207,380.0,1070069,355.0,1572,326.0,242
5209,5207,5208,380.0,1071641,326.0,242,304.0,1572
5210,5208,5209,326.0,1068874,304.0,1572,329.0,1572
5211,5209,5210,332.0,1070446,329.0,1572,298.0,656
5212,5210,5211,329.0,1072019,298.0,656,585.0,2562
5213,5211,5212,298.0,1069288,585.0,2562,468.0,1
5214,5212,5213,585.0,1145346,468.0,1,561.0,1622
5215,5213,5214,468.0,280,561.0,1622,561.0,1622
5216,5214,5215,562.0,1074188,561.0,1622,533.0,17
5217,5215,5216,564.0,1075810,533.0,17,527.0,26
5218,5216,5217,533.0,17315,527.0,26,491.0,345
5219,5217,5218,533.0,17341,491.0,345,487.0,1599
5220,5218,5219,493.0,1003629,487.0,1599,487.0,1598
5221,5219,5220,493.0,1005228,487.0,1598,463.0,3801
5222,5220,5221,493.0,1006827,463.0,3801,429.0,1562
5223,5221,5222,463.0,1076277,429.0,1562,409.0,1572
5224,5222,5223,429.0,1074038,409.0,1572,383.0,363
5225,5223,5224,435.0,1075610,383.0,363,355.0,1572
5226,5224,5225,383.0,1072839,355.0,1572,376.0,1572
5227,5225,5226,386.0,1074411,376.0,1572,323.0,741
5228,5226,5227,376.0,1075984,323.0,741,304.0,1572
5229,5227,5228,323.0,1073217,304.0,1572,181.0,1
5230,5228,5229,332.0,1074789,181.0,1,298.0,2661
5231,5229,5230,181.0,280,298.0,2661,466.0,1
5232,5230,5231,298.0,1075137,466.0,1,564.0,604
5233,5231,5232,466.0,281,564.0,604,562.0,1622
5234,5232,5233,564.0,1076924,562.0,1622,471.0,1
5235,5233,5234,562.0,1078547,471.0,1,527.0,25
5236,5234,5235,471.0,281,527.0,25,527.0,26
5237,5235,5236,533.0,17385,527.0,26,491.0,852
5238,5236,5237,533.0,17411,491.0,852,487.0,1599
5239,5237,5238,493.0,1007732,487.0,1599,483.0,2623
5240,5238,5239,493.0,1009331,483.0,2623,432.0,488
5241,5239,5240,483.0,1078943,432.0,488,409.0,1572
5242,5240,5241,432.0,1076808,409.0,1572,432.0,1572
5243,5241,5242,438.0,1078380,432.0,1572,380.0,862
5244,5242,5243,432.0,1079953,380.0,862,355.0,1572
5245,5243,5244,380.0,1077182,355.0,1572,404.0,1263
5246,5244,5245,383.0,1078754,404.0,1263,332.0,1239
5247,5245,5246,404.0,1077583,332.0,1239,329.0,1572
5248,5246,5247,332.0,1077559,329.0,1572,350.0,2183
5249,5247,5248,329.0,1079132,350.0,2183,585.0,672
5250,5248,5249,350.0,1078503,585.0,672,580.0,2135
5251,5249,5250,585.0,1151648,580.0,2135,562.0,1119
5252,5250,5251,580.0,1153111,562.0,1119,561.0,1622
5253,5251,5252,562.0,1081283,561.0,1622,533.0,8
5254,5252,5253,564.0,1082905,533.0,8,527.0,26
5255,5253,5254,533.0,17430,527.0,26,527.0,26
5256,5254,5255,533.0,17456,527.0,26,491.0,1359
5257,5255,5256,533.0,17482,491.0,1359,487.0,1599
5258,5256,5257,493.0,1011835,487.0,1599,463.0,1425
5259,5257,5258,493.0,1013434,463.0,1425,432.0,987
5260,5258,5259,463.0,1081589,432.0,987,409.0,1572
5261,5259,5260,432.0,1081151,409.0,1572,456.0,2218
5262,5260,5261,435.0,1082723,456.0,2218,376.0,1361
5263,5261,5262,456.0,1082382,376.0,1361,355.0,1572
5264,5262,5263,376.0,1081525,355.0,1572,323.0,166
5265,5263,5264,380.0,1083097,323.0,166,304.0,1572
5266,5264,5265,323.0,1080330,304.0,1572,326.0,1572
5267,5265,5266,332.0,1081902,326.0,1572,183.0,1
5268,5266,5267,326.0,1083475,183.0,1,585.0,2312
5269,5267,5268,183.0,282,585.0,2312,468.0,1
5270,5268,5269,585.0,1157384,468.0,1,561.0,1622
5271,5269,5270,468.0,283,561.0,1622,562.0,1622
5272,5270,5271,564.0,1085641,562.0,1622,533.0,16
5273,5271,5272,562.0,1087264,533.0,16,527.0,26
5274,5272,5273,533.0,17500,527.0,26,491.0,268
5275,5273,5274,533.0,17526,491.0,268,487.0,1599
5276,5274,5275,493.0,1014340,487.0,1599,489.0,1598
5277,5275,5276,493.0,1015939,489.0,1598,463.0,3486
5278,5276,5277,493.0,1017537,463.0,3486,438.0,1485
5279,5277,5278,463.0,1087494,438.0,1485,432.0,1572
5280,5278,5279,438.0,1085493,432.0,1572,383.0,287
5281,5279,5280,432.0,1087066,383.0,287,355.0,1572
5282,5280,5281,383.0,1084295,355.0,1572,355.0,1572
5283,5281,5282,386.0,1085867,355.0,1572,332.0,664
5284,5282,5283,386.0,1087439,332.0,664,329.0,1572
5285,5283,5284,332.0,1084672,329.0,1572,326.0,1572
5286,5284,5285,329.0,1086245,326.0,1572,298.0,2355
5287,5285,5286,326.0,1087818,298.0,2355,585.0,3952
5288,5286,5287,298.0,1086363,585.0,3952,562.0,526
5289,5287,5288,585.0,1163120,562.0,526,561.0,1622
5290,5288,5289,562.0,1088378,561.0,1622,561.0,1622
5291,5289,5290,562.0,1090000,561.0,1622,533.0,24
5292,5290,5291,564.0,1091622,533.0,24,527.0,26
5293,5291,5292,533.0,17570,527.0,26,491.0,775
5294,5292,5293,533.0,17596,491.0,775,487.0,1599
5295,5293,5294,493.0,1018443,487.0,1599,483.0,2018
5296,5294,5295,493.0,1020042,483.0,2018,432.0,412
5297,5295,5296,483.0,1089870,432.0,412,409.0,1572
5298,5296,5297,432.0,1088264,409.0,1572,429.0,1572
5299,5297,5298,435.0,1089836,429.0,1572,380.0,786
5300,5298,5299,429.0,1091409,380.0,786,355.0,1572
5301,5299,5300,380.0,1088638,355.0,1572,176.0,1
5302,5300,5301,380.0,1090210,176.0,1,332.0,1163
5303,5301,5302,176.0,284,332.0,1163,326.0,1572
5304,5302,5303,332.0,1089015,326.0,1572,350.0,1876
5305,5303,5304,326.0,1090588,350.0,1876,159.0,1
5306,5304,5305,350.0,1089728,159.0,1,580.0,1829
5307,5305,5306,41.0,283,580.0,1829,564.0,1040
5308,5306,5307,580.0,1165093,564.0,1040,562.0,1622
5309,5307,5308,564.0,1092736,562.0,1622,533.0,7
5310,5308,5309,562.0,1094359,533.0,7,527.0,25
5311,5309,5310,533.0,17615,527.0,25,527.0,26
5312,5310,5311,533.0,17640,527.0,26,491.0,1282
5313,5311,5312,533.0,17666,491.0,1282,487.0,1598
5314,5312,5313,493.0,1022546,487.0,1598,463.0,1110
5315,5313,5314,493.0,1024145,463.0,1110,417.0,911
5316,5314,5315,463.0,1092806,417.0,911,409.0,1572
5317,5315,5316,417.0,1092607,409.0,1572,456.0,1632
5318,5316,5317,434.0,1094179,456.0,1632,386.0,1284
5319,5317,5318,456.0,1093328,386.0,1284,376.0,1572
5320,5318,5319,386.0,1092980,376.0,1572,178.0,1
5321,5319,5320,376.0,1094553,178.0,1,329.0,1572
5322,5320,5321,178.0,285,329.0,1572,326.0,1572
5323,5321,5322,329.0,1093358,326.0,1572,183.0,1
5324,5322,5323,326.0,1094931,183.0,1,585.0,2061
5325,5323,5324,183.0,285,585.0,2061,580.0,3834
5326,5324,5325,585.0,1169421,580.0,3834,562.0,1555
5327,5325,5326,580.0,1171194,562.0,1555,561.0,1622
5328,5326,5327,562.0,1097095,561.0,1622,533.0,15
5329,5327,5328,564.0,1098717,533.0,15,527.0,26
5330,5328,5329,533.0,17685,527.0,26,491.0,190
5331,5329,5330,533.0,17711,491.0,190,487.0,1599
5332,5330,5331,493.0,1025050,487.0,1599,487.0,1599
5333,5331,5332,493.0,1026649,487.0,1599,463.0,3172
5334,5332,5333,493.0,1028248,463.0,3172,438.0,1409
5335,5333,5334,463.0,1098712,438.0,1409,432.0,1572
5336,5334,5335,438.0,1096949,432.0,1572,380.0,211
5337,5335,5336,432.0,1098522,380.0,211,355.0,1572
5338,5336,5337,380.0,1095751,355.0,1572,355.0,1572
5339,5337,5338,383.0,1097323,355.0,1572,332.0,588
5340,5338,5339,386.0,1098895,332.0,588,326.0,1572
5341,5339,5340,332.0,1096128,326.0,1572,323.0,1572
5342,5340,5341,326.0,1097701,323.0,1572,298.0,2049
5343,5341,5342,323.0,1099274,298.0,2049,585.0,3701
5344,5342,5343,298.0,1097589,585.0,3701,562.0,447
5345,5343,5344,585.0,1175157,562.0,447,561.0,1622
5346,5344,5345,562.0,1099831,561.0,1622,562.0,1622
5347,5345,5346,564.0,1101453,562.0,1622,533.0,23
5348,5346,5347,562.0,1103076,533.0,23,527.0,26
5349,5347,5348,533.0,17755,527.0,26,491.0,697
5350,5348,5349,533.0,17781,491.0,697,487.0,1599
5351,5349,5350,493.0,1029153,487.0,1599,483.0,1414
5352,5350,5351,493.0,1030752,483.0,1414,429.0,336
5353,5351,5352,483.0,1100798,429.0,336,409.0,1572
5354,5352,5353,429.0,1099720,409.0,1572,417.0,1572
5355,5353,5354,435.0,1101292,417.0,1572,376.0,710
5356,5354,5355,417.0,1102865,376.0,710,355.0,1572
5357,5355,5356,376.0,1100094,355.0,1572,176.0,1
5358,5356,5357,380.0,1101666,176.0,1,329.0,1087
5359,5357,5358,176.0,287,329.0,1087,326.0,1572
5360,5358,5359,329.0,1100471,326.0,1572,350.0,1569
5361,5359,5360,326.0,1102044,350.0,1569,159.0,1
5362,5360,5361,350.0,1100953,159.0,1,580.0,1523
5363,5361,5362,41.0,286,580.0,1523,562.0,962
5364,5362,5363,580.0,1177075,562.0,962,561.0,1622
5365,5363,5364,562.0,1104190,561.0,1622,533.0,5
5366,5364,5365,562.0,1105812,533.0,5,527.0,26
5367,5365,5366,533.0,17799,527.0,26,527.0,26
5368,5366,5367,533.0,17825,527.0,26,491.0,1205
5369,5367,5368,533.0,17851,491.0,1205,489.0,1598
5370,5368,5369,493.0,1033257,489.0,1598,463.0,796
5371,5369,5370,493.0,1034855,463.0,796,438.0,834
5372,5370,5371,463.0,1104024,438.0,834,432.0,1572
5373,5371,5372,438.0,1104062,432.0,1572,171.0,1
5374,5372,5373,432.0,1105635,171.0,1,386.0,1208
5375,5373,5374,171.0,288,386.0,1208,357.0,1572
5376,5374,5375,386.0,1104436,357.0,1572,178.0,1
5377,5375,5376,357.0,1106009,178.0,1,326.0,1572
5378,5376,5377,178.0,288,326.0,1572,323.0,1572
5379,5377,5378,326.0,1104814,323.0,1572,350.0,3581
5380,5378,5379,323.0,1106387,350.0,3581,585.0,1811
5381,5379,5380,350.0,1106809,585.0,1811,580.0,3528
5382,5380,5381,585.0,1181459,580.0,3528,564.0,1476
5383,5381,5382,580.0,1183176,564.0,1476,562.0,1622
5384,5382,5383,564.0,1108548,562.0,1622,538.0,13
5385,5383,5384,562.0,1110171,538.0,13,533.0,25
5386,5384,5385,538.0,17869,533.0,25,509.0,62
5387,5385,5386,533.0,17895,509.0,62,487.0,1599
5388,5386,5387,509.0,17918,487.0,1599,487.0,1599
5389,5387,5388,493.0,1037360,487.0,1599,463.0,2857
5390,5388,5389,493.0,1038959,463.0,2857,435.0,1333
5391,5389,5390,463.0,1109929,435.0,1333,429.0,1572
5392,5390,5391,435.0,1108405,429.0,1572,173.0,1
5393,5391,5392,429.0,1109978,173.0,1,355.0,1572
5394,5392,5393,173.0,289,355.0,1572,355.0,1572
5395,5393,5394,383.0,1108779,355.0,1572,329.0,512
5396,5394,5395,383.0,1110351,329.0,512,326.0,1572
5397,5395,5396,329.0,1107584,326.0,1572,304.0,1572
5398,5396,5397,326.0,1109157,304.0,1572,298.0,1743
5399,5397,5398,332.0,1110729,298.0,1743,585.0,3451
5400,5398,5399,298.0,1108815,585.0,3451,564.0,368
5401,5399,5400,585.0,1187195,564.0,368,562.0,1622
5402,5400,5401,564.0,1111284,562.0,1622,561.0,1622
5403,5401,5402,562.0,1112907,561.0,1622,533.0,22
5404,5402,5403,564.0,1114529,533.0,22,527.0,26
5405,5403,5404,533.0,17940,527.0,26,491.0,620
5406,5404,5405,533.0,17966,491.0,620,487.0,1598
5407,5405,5406,493.0,1039864,487.0,1598,476.0,1
5408,5406,5407,493.0,1041463,476.0,1,411.0,260
5409,5407,5408,476.0,290,411.0,260,409.0,1572
5410,5408,5409,411.0,1111176,409.0,1572,409.0,1572
5411,5409,5410,432.0,1112748,409.0,1572,357.0,634
5412,5410,5411,438.0,1114320,357.0,634,355.0,1572
5413,5411,5412,357.0,1111550,355.0,1572,355.0,1572
5414,5412,5413,380.0,1113122,355.0,1572,326.0,1011
5415,5413,5414,380.0,1114694,326.0,1011,323.0,1572
5416,5414,5415,326.0,1111927,323.0,1572,350.0,1261
5417,5415,5416,323.0,1113500,350.0,1261,298.0,3747
5418,5416,5417,350.0,1112177,298.0,3747,580.0,1216
5419,5417,5418,298.0,1114663,580.0,1216,562.0,883
5420,5418,5419,580.0,1189056,562.0,883,561.0,1622
5421,5419,5420,562.0,1115643,561.0,1622,533.0,4
5422,5420,5421,564.0,1117265,533.0,4,527.0,26
5423,5421,5422,533.0,17984,527.0,26,527.0,26
5424,5422,5423,533.0,18010,527.0,26,491.0,1127
5425,5423,5424,533.0,18036,491.0,1127,487.0,1599
5426,5424,5425,493.0,1043967,487.0,1599,161.0,1
5427,5425,5426,493.0,1045566,161.0,1,435.0,758
5428,5426,5427,161.0,291,435.0,758,432.0,1572
5429,5427,5428,435.0,1115518,432.0,1572,171.0,1
5430,5428,5429,432.0,1117091,171.0,1,383.0,1132
5431,5429,5430,171.0,291,383.0,1132,355.0,1572
5432,5430,5431,383.0,1115892,355.0,1572,404.0,3360
5433,5431,5432,386.0,1117464,404.0,3360,326.0,1510
5434,5432,5433,404.0,1118120,326.0,1510,304.0,1572
5435,5433,5434,326.0,1116270,304.0,1572,350.0,3274
5436,5434,5435,332.0,1117842,350.0,3274,585.0,1561
5437,5435,5436,350.0,1118034,585.0,1561,580.0,3222
5438,5436,5437,585.0,1193497,580.0,3222,562.0,1398
5439,5437,5438,580.0,1195158,562.0,1398,561.0,1622
5440,5438,5439,562.0,1120002,561.0,1622,533.0,12
5441,5439,5440,562.0,1121624,533.0,12,527.0,26
5442,5440,5441,533.0,18054,527.0,26,474.0,1
5443,5441,5442,533.0,18080,474.0,1,487.0,1599
5444,5442,5443,474.0,292,487.0,1599,487.0,1599
5445,5443,5444,493.0,1048070,487.0,1599,463.0,2542
5446,5444,5445,493.0,1049669,463.0,2542,435.0,1257
5447,5445,5446,463.0,1121146,435.0,1257,409.0,1572
5448,5446,5447,435.0,1119861,409.0,1572,173.0,1
5449,5447,5448,438.0,1121433,173.0,1,355.0,1572
5450,5448,5449,173.0,292,355.0,1572,355.0,1572
5451,5449,5450,380.0,1120235,355.0,1572,328.0,436
5452,5450,5451,383.0,1121807,328.0,436,323.0,1572
5453,5451,5452,328.0,1119040,323.0,1572,304.0,1572
5454,5452,5453,323.0,1120613,304.0,1572,298.0,1437
5455,5453,5454,332.0,1122185,298.0,1437,585.0,3201
5456,5454,5455,298.0,1120041,585.0,3201,562.0,290
5457,5455,5456,585.0,1199233,562.0,290,561.0,1622
5458,5456,5457,562.0,1122738,561.0,1622,562.0,1622
5459,5457,5458,564.0,1124360,562.0,1622,533.0,20
5460,5458,5459,562.0,1125983,533.0,20,527.0,26
5461,5459,5460,533.0,18124,527.0,26,491.0,543
5462,5460,5461,533.0,18150,491.0,543,489.0,1598
5463,5461,5462,493.0,1050575,489.0,1598,476.0,1
5464,5462,5463,493.0,1052173,476.0,1,438.0,183
5465,5463,5464,476.0,293,438.0,183,432.0,1572
5466,5464,5465,438.0,1122631,432.0,1572,409.0,1572
5467,5465,5466,432.0,1124204,409.0,1572,386.0,557
5468,5466,5467,435.0,1125776,386.0,557,364.0,1572
5469,5467,5468,386.0,1123005,364.0,1572,355.0,1572
5470,5468,5469,364.0,1124578,355.0,1572,326.0,935
5471,5469,5470,380.0,1126150,326.0,935,304.0,1572
5472,5470,5471,326.0,1123383,304.0,1572,350.0,954
5473,5471,5472,332.0,1124955,350.0,954,298.0,3441
5474,5472,5473,350.0,1123402,298.0,3441,580.0,910
5475,5473,5474,298.0,1125889,580.0,910,564.0,804
5476,5474,5475,580.0,1201038,564.0,804,562.0,1622
5477,5475,5476,564.0,1127096,562.0,1622,533.0,3
5478,5476,5477,562.0,1128719,533.0,3,527.0,26
5479,5477,5478,533.0,18169,527.0,26,527.0,26
5480,5478,5479,533.0,18195,527.0,26,491.0,1050
5481,5479,5480,533.0,18221,491.0,1050,487.0,1599
5482,5480,5481,493.0,1054678,487.0,1599,161.0,1
5483,5481,5482,493.0,1056277,161.0,1,435.0,682
5484,5482,5483,161.0,294,435.0,682,411.0,1572
5485,5483,5484,435.0,1126974,411.0,1572,409.0,1572
5486,5484,5485,411.0,1128547,409.0,1572,383.0,1056
5487,5485,5486,432.0,1130119,383.0,1056,355.0,1572
5488,5486,5487,383.0,1127348,355.0,1572,404.0,2769
5489,5487,5488,383.0,1128920,404.0,2769,323.0,1434
5490,5488,5489,404.0,1129061,323.0,1434,304.0,1572
5491,5489,5490,323.0,1127726,304.0,1572,350.0,2967
5492,5490,5491,332.0,1129298,350.0,2967,585.0,1310
5493,5491,5492,350.0,1129259,585.0,1310,580.0,2915
5494,5492,5493,585.0,1205534,580.0,2915,562.0,1319
5495,5493,5494,580.0,1207139,562.0,1319,561.0,1622
5496,5494,5495,562.0,1131455,561.0,1622,533.0,11
5497,5495,5496,564.0,1133077,533.0,11,527.0,26
5498,5496,5497,533.0,18239,527.0,26,474.0,1
5499,5497,5498,533.0,18265,474.0,1,491.0,1557
5500,5498,5499,474.0,295,491.0,1557,487.0,1599
5501,5499,5500,493.0,1058781,487.0,1599,463.0,2227
5502,5500,5501,493.0,1060380,463.0,2227,432.0,1181
5503,5501,5502,463.0,1132363,432.0,1181,409.0,1572
5504,5502,5503,432.0,1131317,409.0,1572,456.0,3713
5505,5503,5504,438.0,1132889,456.0,3713,380.0,1555
5506,5504,5505,456.0,1133849,380.0,1555,355.0,1572
5507,5505,5506,380.0,1131691,355.0,1572,326.0,360
5508,5506,5507,380.0,1133263,326.0,360,304.0,1572
5509,5507,5508,326.0,1130496,304.0,1572,329.0,1572
5510,5508,5509,332.0,1132068,329.0,1572,298.0,1131
5511,5509,5510,329.0,1133641,298.0,1131,585.0,2950
5512,5510,5511,298.0,1131267,585.0,2950,564.0,211
5513,5511,5512,585.0,1211270,564.0,211,562.0,1622
5514,5512,5513,564.0,1134191,562.0,1622,561.0,1622
5515,5513,5514,562.0,1135814,561.0,1622,533.0,19
5516,5514,5515,562.0,1137436,533.0,19,527.0,26
5517,5515,5516,533.0,18309,527.0,26,491.0,465
5518,5516,5517,533.0,18335,491.0,465,487.0,1599
5519,5517,5518,493.0,1061285,487.0,1599,499.0,7
5520,5518,5519,493.0,1062884,499.0,7,166.0,1
5521,5519,5520,499.0,18297,166.0,1,429.0,1572
5522,5520,5521,166.0,296,429.0,1572,409.0,1572
5523,5521,5522,429.0,1135660,409.0,1572,383.0,481
5524,5522,5523,435.0,1137232,383.0,481,355.0,1572
5525,5523,5524,383.0,1134461,355.0,1572,364.0,1572
5526,5524,5525,386.0,1136033,364.0,1572,323.0,859
5527,5525,5526,364.0,1137606,323.0,859,304.0,1572
5528,5526,5527,323.0,1134839,304.0,1572,350.0,647
5529,5527,5528,331.0,1136411,350.0,647,298.0,3135
5530,5528,5529,350.0,1134627,298.0,3135,466.0,1
5531,5529,5530,298.0,1137115,466.0,1,562.0,726
5532,5530,5531,466.0,297,562.0,726,561.0,1622
5533,5531,5532,562.0,1138550,561.0,1622,471.0,1
5534,5532,5533,564.0,1140172,471.0,1,527.0,25
5535,5533,5534,471.0,297,527.0,25,527.0,26
5536,5534,5535,533.0,18379,527.0,26,491.0,972
5537,5535,5536,533.0,18405,491.0,972,487.0,1599
5538,5536,5537,493.0,1065388,487.0,1599,483.0,3559
5539,5537,5538,493.0,1066987,483.0,3559,432.0,606
5540,5538,5539,483.0,1141383,432.0,606,409.0,1572
5541,5539,5540,432.0,1138430,409.0,1572,432.0,1572
5542,5540,5541,438.0,1140002,432.0,1572,380.0,980
5543,5541,5542,432.0,1141575,380.0,980,355.0,1572
5544,5542,5543,380.0,1138804,355.0,1572,404.0,2178
5545,5543,5544,383.0,1140376,404.0,2178,332.0,1357
5546,5544,5545,404.0,1140002,332.0,1357,329.0,1572
5547,5545,5546,332.0,1139181,329.0,1572,350.0,2659
5548,5546,5547,329.0,1140754,350.0,2659,585.0,1060
5549,5547,5548,350.0,1140483,585.0,1060,580.0,2609
5550,5548,5549,585.0,1217572,580.0,2609,564.0,1240
5551,5549,5550,580.0,1219121,564.0,1240,562.0,1622
5552,5550,5551,564.0,1142908,562.0,1622,533.0,10
5553,5551,5552,562.0,1144531,533.0,10,527.0,26
5554,5552,5553,533.0,18424,527.0,26,527.0,25
5555,5553,5554,533.0,18450,527.0,25,491.0,1479
5556,5554,5555,538.0,18475,491.0,1479,487.0,1599
5557,5555,5556,493.0,1069491,487.0,1599,463.0,1912
5558,5556,5557,493.0,1071090,463.0,1912,429.0,1105
5559,5557,5558,463.0,1143580,429.0,1105,409.0,1572
5560,5558,5559,429.0,1142773,409.0,1572,456.0,3126
5561,5559,5560,435.0,1144345,456.0,3126,357.0,1479
5562,5560,5561,456.0,1144794,357.0,1479,355.0,1572
5563,5561,5562,357.0,1143147,355.0,1572,323.0,284
5564,5562,5563,380.0,1144719,323.0,284,304.0,1572
5565,5563,5564,323.0,1141952,304.0,1572,326.0,1572
5566,5564,5565,329.0,1143524,326.0,1572,298.0,824
5567,5565,5566,326.0,1145097,298.0,824,585.0,2700
5568,5566,5567,298.0,1142492,585.0,2700,468.0,1
5569,5567,5568,585.0,1223308,468.0,1,561.0,1622
5570,5568,5569,468.0,299,561.0,1622,561.0,1622
5571,5569,5570,562.0,1147267,561.0,1622,533.0,18
5572,5570,5571,564.0,1148889,533.0,18,527.0,26
5573,5571,5572,533.0,18494,527.0,26,491.0,388
5574,5572,5573,533.0,18520,491.0,388,489.0,1598
5575,5573,5574,493.0,1071996,489.0,1598,487.0,1599
5576,5574,5575,493.0,1073594,487.0,1599,166.0,1
5577,5575,5576,493.0,1075193,166.0,1,409.0,1572
5578,5576,5577,166.0,299,409.0,1572,432.0,1572
5579,5577,5578,438.0,1147115,432.0,1572,383.0,405
5580,5578,5579,432.0,1148688,383.0,405,355.0,1572
5581,5579,5580,383.0,1145917,355.0,1572,355.0,1572
5582,5580,5581,383.0,1147489,355.0,1572,332.0,782
5583,5581,5582,386.0,1149061,332.0,782,329.0,1572
5584,5582,5583,332.0,1146294,329.0,1572,181.0,1
5585,5583,5584,329.0,1147867,181.0,1,298.0,2829
5586,5584,5585,181.0,299,298.0,2829,466.0,1
5587,5585,5586,298.0,1148341,466.0,1,564.0,647
5588,5586,5587,466.0,300,564.0,647,562.0,1622
5589,5587,5588,564.0,1150003,562.0,1622,471.0,1
5590,5588,5589,562.0,1151626,471.0,1,527.0,26
5591,5589,5590,471.0,300,527.0,26,527.0,26
5592,5590,5591,533.0,18564,527.0,26,491.0,895
5593,5591,5592,533.0,18590,491.0,895,487.0,1599
5594,5592,5593,493.0,1076099,487.0,1599,483.0,2954
5595,5593,5594,493.0,1077698,483.0,2954,432.0,530
5596,5594,5595,483.0,1152310,432.0,530,409.0,1572
5597,5595,5596,432.0,1149886,409.0,1572,429.0,1572
5598,5596,5597,435.0,1151458,429.0,1572,380.0,904
5599,5597,5598,429.0,1153031,380.0,904,355.0,1572
5600,5598,5599,380.0,1150260,355.0,1572,404.0,1587
5601,5599,5600,380.0,1151832,404.0,1587,329.0,1281
5602,5600,5601,404.0,1150943,329.0,1281,326.0,1572
5603,5601,5602,329.0,1150637,326.0,1572,350.0,2352
5604,5602,5603,326.0,1152210,350.0,2352,585.0,809
5605,5603,5604,350.0,1151708,585.0,809,580.0,2303
5606,5604,5605,585.0,1229609,580.0,2303,562.0,1162
5607,5605,5606,580.0,1231103,562.0,1162,561.0,1622
5608,5606,5607,562.0,1154362,561.0,1622,538.0,8
5609,5607,5608,564.0,1155984,538.0,8,533.0,25
5610,5608,5609,538.0,18608,533.0,25,527.0,26
5611,5609,5610,533.0,18634,527.0,26,491.0,1402
5612,5610,5611,533.0,18660,491.0,1402,487.0,1599
5613,5611,5612,493.0,1080202,487.0,1599,463.0,1598
5614,5612,5613,493.0,1081801,463.0,1598,438.0,1028
5615,5613,5614,463.0,1154798,438.0,1028,432.0,1572
5616,5614,5615,438.0,1154228,432.0,1572,456.0,2540
5617,5615,5616,432.0,1155801,456.0,2540,386.0,1402
5618,5616,5617,456.0,1155740,386.0,1402,364.0,1572
5619,5617,5618,386.0,1154602,364.0,1572,332.0,207
5620,5618,5619,364.0,1156175,332.0,207,329.0,1572
5621,5619,5620,332.0,1153407,329.0,1572,326.0,1572
5622,5620,5621,329.0,1154980,326.0,1572,183.0,1
5623,5621,5622,326.0,1156553,183.0,1,585.0,2449
5624,5622,5623,183.0,301,585.0,2449,468.0,1
5625,5623,5624,585.0,1235345,468.0,1,561.0,1622
5626,5624,5625,468.0,302,561.0,1622,562.0,1622
5627,5625,5626,564.0,1158720,562.0,1622,533.0,17
5628,5626,5627,562.0,1160343,533.0,17,527.0,26
5629,5627,5628,533.0,18679,527.0,26,491.0,310
5630,5628,5629,533.0,18705,491.0,310,487.0,1599
5631,5629,5630,493.0,1082706,487.0,1599,487.0,1599
5632,5630,5631,493.0,1084305,487.0,1599,463.0,3659
5633,5631,5632,493.0,1085904,463.0,3659,435.0,1527
5634,5632,5633,463.0,1160703,435.0,1527,432.0,1572
5635,5633,5634,435.0,1158571,432.0,1572,380.0,329
5636,5634,5635,432.0,1160144,380.0,329,355.0,1572
5637,5635,5636,380.0,1157373,355.0,1572,355.0,1572
5638,5636,5637,383.0,1158945,355.0,1572,329.0,706
5639,5637,5638,383.0,1160517,329.0,706,326.0,1572
5640,5638,5639,329.0,1157750,326.0,1572,181.0,1
5641,5639,5640,326.0,1159323,181.0,1,298.0,2523
5642,5640,5641,181.0,302,298.0,2523,585.0,4089
5643,5641,5642,298.0,1159567,585.0,4089,562.0,569
5644,5642,5643,585.0,1241081,562.0,569,561.0,1622
5645,5643,5644,562.0,1161457,561.0,1622,561.0,1622
5646,5644,5645,562.0,1163079,561.0,1622,533.0,25
5647,5645,5646,564.0,1164701,533.0,25,527.0,26
5648,5646,5647,533.0,18749,527.0,26,491.0,817
5649,5647,5648,533.0,18775,491.0,817,487.0,1599
5650,5648,5649,493.0,1086809,487.0,1599,483.0,2350
5651,5649,5650,493.0,1088408,483.0,2350,429.0,454
5652,5650,5651,483.0,1163238,429.0,454,409.0,1572
5653,5651,5652,429.0,1161342,409.0,1572,411.0,1572
5654,5652,5653,435.0,1162914,411.0,1572,376.0,828
5655,5653,5654,411.0,1164487,376.0,828,355.0,1572
5656,5654,5655,376.0,1161716,355.0,1572,176.0,1
5657,5655,5656,380.0,1163288,176.0,1,329.0,1205
5658,5656,5657,176.0,303,329.0,1205,326.0,1572
5659,5657,5658,329.0,1162093,326.0,1572,350.0,2045
5660,5658,5659,326.0,1163666,350.0,2045,585.0,559
5661,5659,5660,350.0,1162933,585.0,559,580.0,1997
5662,5660,5661,585.0,1241647,580.0,1997,564.0,1083
5663,5661,5662,580.0,1243085,564.0,1083,562.0,1622
5664,5662,5663,564.0,1165815,562.0,1622,533.0,7
5665,5663,5664,562.0,1167438,533.0,7,527.0,26
5666,5664,5665,533.0,18793,527.0,26,527.0,26
5667,5665,5666,533.0,18819,527.0,26,491.0,1324
5668,5666,5667,533.0,18845,491.0,1324,487.0,1599
5669,5667,5668,493.0,1090912,487.0,1599,463.0,1283
5670,5668,5669,493.0,1092511,463.0,1283,438.0,952
5671,5669,5670,463.0,1166015,438.0,952,432.0,1572
5672,5670,5671,438.0,1165684,432.0,1572,456.0,1954
5673,5671,5672,432.0,1167257,456.0,1954,386.0,1326
5674,5672,5673,456.0,1166686,386.0,1326,355.0,1572
5675,5673,5674,386.0,1166058,355.0,1572,178.0,1
5676,5674,5675,386.0,1167630,178.0,1,326.0,1572
5677,5675,5676,178.0,304,326.0,1572,323.0,1572
5678,5676,5677,326.0,1166436,323.0,1572,183.0,1
5679,5677,5678,323.0,1168009,183.0,1,585.0,2199
5680,5678,5679,183.0,304,585.0,2199,580.0,4002
5681,5679,5680,585.0,1247383,580.0,4002,562.0,1598
5682,5680,5681,580.0,1249186,562.0,1598,561.0,1622
5683,5681,5682,562.0,1170174,561.0,1622,533.0,15
5684,5682,5683,564.0,1171796,533.0,15,527.0,26
5685,5683,5684,533.0,18863,527.0,26,491.0,233
5686,5684,5685,533.0,18889,491.0,233,487.0,1599
5687,5685,5686,493.0,1093417,487.0,1599,487.0,1599
5688,5686,5687,493.0,1095016,487.0,1599,463.0,3344
5689,5687,5688,493.0,1096615,463.0,3344,435.0,1451
5690,5688,5689,463.0,1171920,435.0,1451,424.0,1572
5691,5689,5690,435.0,1170027,424.0,1572,380.0,253
5692,5690,5691,424.0,1171600,380.0,253,355.0,1572
5693,5691,5692,380.0,1168829,355.0,1572,355.0,1572
5694,5692,5693,380.0,1170401,355.0,1572,329.0,630
5695,5693,5694,383.0,1171973,329.0,630,326.0,1572
5696,5694,5695,329.0,1169206,326.0,1572,304.0,1572
5697,5695,5696,326.0,1170779,304.0,1572,298.0,2217
5698,5696,5697,332.0,1172351,298.0,2217,585.0,3839
5699,5697,5698,298.0,1170793,585.0,3839,563.0,490
5700,5698,5699,585.0,1253119,563.0,490,562.0,1622
5701,5699,5700,563.0,1172910,562.0,1622,561.0,1622
5702,5700,5701,562.0,1174533,561.0,1622,533.0,24
5703,5701,5702,562.0,1176155,533.0,24,530.0,25
5704,5702,5703,533.0,18934,530.0,25,491.0,740
5705,5703,5704,530.0,18960,491.0,740,487.0,1598
5706,5704,5705,493.0,1097520,487.0,1598,483.0,1745
5707,5705,5706,493.0,1099119,483.0,1745,438.0,377
5708,5706,5707,483.0,1174165,438.0,377,432.0,1572
5709,5707,5708,438.0,1172797,432.0,1572,409.0,1572
5710,5708,5709,432.0,1174370,409.0,1572,386.0,751
5711,5709,5710,438.0,1175942,386.0,751,376.0,1572
5712,5710,5711,386.0,1173171,376.0,1572,176.0,1
5713,5711,5712,376.0,1174744,176.0,1,326.0,1129
5714,5712,5713,176.0,306,326.0,1129,323.0,1572
5715,5713,5714,326.0,1173549,323.0,1572,350.0,1737
5716,5714,5715,323.0,1175122,350.0,1737,159.0,1
5717,5715,5716,350.0,1174157,159.0,1,580.0,1691
5718,5716,5717,41.0,305,580.0,1691,562.0,1005
5719,5717,5718,580.0,1255067,562.0,1005,561.0,1622
5720,5718,5719,562.0,1177269,561.0,1622,533.0,6
5721,5719,5720,564.0,1178891,533.0,6,527.0,26
5722,5720,5721,533.0,18978,527.0,26,527.0,26
5723,5721,5722,533.0,19004,527.0,26,491.0,1247
5724,5722,5723,533.0,19030,491.0,1247,487.0,1599
5725,5723,5724,493.0,1101623,487.0,1599,463.0,968
5726,5724,5725,493.0,1103222,463.0,968,435.0,876
5727,5725,5726,463.0,1177232,435.0,876,429.0,1572
5728,5726,5727,435.0,1177140,429.0,1572,456.0,1367
5729,5727,5728,429.0,1178713,456.0,1367,383.0,1250
5730,5728,5729,456.0,1177631,383.0,1250,355.0,1572
5731,5729,5730,383.0,1177514,355.0,1572,178.0,1
5732,5730,5731,386.0,1179086,178.0,1,326.0,1572
5733,5731,5732,178.0,307,326.0,1572,304.0,1572
5734,5732,5733,326.0,1177892,304.0,1572,350.0,3750
5735,5733,5734,332.0,1179464,350.0,3750,585.0,1949
5736,5734,5735,350.0,1180014,585.0,1949,580.0,3696
5737,5735,5736,585.0,1259421,580.0,3696,564.0,1519
5738,5736,5737,580.0,1261168,564.0,1519,562.0,1622
5739,5737,5738,564.0,1181627,562.0,1622,533.0,14
5740,5738,5739,562.0,1183250,533.0,14,527.0,26
5741,5739,5740,533.0,19048,527.0,26,509.0,62
5742,5740,5741,533.0,19074,509.0,62,487.0,1599
5743,5741,5742,509.0,19096,487.0,1599,487.0,1599
5744,5742,5743,493.0,1105726,487.0,1599,463.0,3030
5745,5743,5744,493.0,1107325,463.0,3030,432.0,1375
5746,5744,5745,463.0,1183138,432.0,1375,409.0,1572
5747,5745,5746,432.0,1181483,409.0,1572,376.0,177
5748,5746,5747,438.0,1183055,376.0,177,355.0,1572
5749,5747,5748,376.0,1180285,355.0,1572,355.0,1572
5750,5748,5749,380.0,1181857,355.0,1572,326.0,554
5751,5749,5750,380.0,1183429,326.0,554,323.0,1572
5752,5750,5751,326.0,1180662,323.0,1572,304.0,1572
5753,5751,5752,323.0,1182235,304.0,1572,298.0,1911
5754,5752,5753,329.0,1183807,298.0,1911,585.0,3588
5755,5753,5754,298.0,1182019,585.0,3588,562.0,412
5756,5754,5755,585.0,1265156,562.0,412,561.0,1622
5757,5755,5756,562.0,1184364,561.0,1622,561.0,1622
5758,5756,5757,562.0,1185986,561.0,1622,533.0,22
5759,5757,5758,564.0,1187608,533.0,22,527.0,26
5760,5758,5759,533.0,19118,527.0,26,491.0,662
5761,5759,5760,533.0,19144,491.0,662,487.0,1599
5762,5760,5761,493.0,1108230,487.0,1599,476.0,1
5763,5761,5762,493.0,1109829,476.0,1,438.0,301
5764,5762,5763,476.0,309,438.0,301,432.0,1572
5765,5763,5764,438.0,1184253,432.0,1572,409.0,1572
5766,5764,5765,432.0,1185826,409.0,1572,386.0,675
5767,5765,5766,435.0,1187398,386.0,675,357.0,1572
5768,5766,5767,386.0,1184627,357.0,1572,355.0,1572
5769,5767,5768,357.0,1186200,355.0,1572,326.0,1053
5770,5768,5769,376.0,1187772,326.0,1053,304.0,1572
5771,5769,5770,326.0,1185005,304.0,1572,350.0,1430
5772,5770,5771,332.0,1186577,350.0,1430,159.0,1
5773,5771,5772,350.0,1185382,159.0,1,580.0,1385
5774,5772,5773,41.0,308,580.0,1385,564.0,926
5775,5773,5774,580.0,1267049,564.0,926,562.0,1622
5776,5774,5775,564.0,1188722,562.0,1622,533.0,5
5777,5775,5776,562.0,1190345,533.0,5,527.0,26
5778,5776,5777,533.0,19163,527.0,26,527.0,25
5779,5777,5778,533.0,19189,527.0,25,491.0,1170
5780,5778,5779,533.0,19214,491.0,1170,489.0,1598
5781,5779,5780,493.0,1112334,489.0,1598,463.0,654
5782,5780,5781,493.0,1113932,463.0,654,435.0,800
5783,5781,5782,463.0,1188450,435.0,800,411.0,1572
5784,5782,5783,435.0,1188596,411.0,1572,171.0,1
5785,5783,5784,411.0,1190169,171.0,1,380.0,1174
5786,5784,5785,171.0,310,380.0,1174,355.0,1572
5787,5785,5786,380.0,1188970,355.0,1572,404.0,3684
5788,5786,5787,383.0,1190542,404.0,3684,323.0,1552
5789,5787,5788,404.0,1191480,323.0,1552,304.0,1572
5790,5788,5789,323.0,1189348,304.0,1572,350.0,3443
5791,5789,5790,329.0,1190920,350.0,3443,585.0,1698
5792,5790,5791,350.0,1191239,585.0,1698,580.0,3390
5793,5791,5792,585.0,1271458,580.0,3390,562.0,1441
5794,5792,5793,580.0,1273150,562.0,1441,561.0,1622
5795,5793,5794,562.0,1193081,561.0,1622,533.0,13
5796,5794,5795,564.0,1194703,533.0,13,527.0,26
5797,5795,5796,533.0,19233,527.0,26,509.0,62
5798,5796,5797,533.0,19259,509.0,62,487.0,1599
5799,5797,5798,509.0,19282,487.0,1599,487.0,1599
5800,5798,5799,493.0,1116437,487.0,1599,463.0,2715
5801,5799,5800,493.0,1118036,463.0,2715,432.0,1299
5802,5800,5801,463.0,1194355,432.0,1299,409.0,1572
5803,5801,5802,432.0,1192939,409.0,1572,173.0,1
5804,5802,5803,435.0,1194511,173.0,1,376.0,1572
5805,5803,5804,173.0,311,376.0,1572,355.0,1572
5806,5804,5805,376.0,1193313,355.0,1572,326.0,478
5807,5805,5806,380.0,1194885,326.0,478,304.0,1572
5808,5806,5807,326.0,1192118,304.0,1572,329.0,1572
5809,5807,5808,332.0,1193690,329.0,1572,298.0,1605
5810,5808,5809,329.0,1195263,298.0,1605,585.0,3338
5811,5809,5810,298.0,1193245,585.0,3338,562.0,333
5812,5810,5811,585.0,1277194,562.0,333,561.0,1622
5813,5811,5812,562.0,1195817,561.0,1622,562.0,1622
5814,5812,5813,564.0,1197439,562.0,1622,533.0,21
5815,5813,5814,562.0,1199062,533.0,21,527.0,26
5816,5814,5815,533.0,19303,527.0,26,491.0,585
5817,5815,5816,533.0,19329,491.0,585,487.0,1598
5818,5816,5817,493.0,1118941,487.0,1598,476.0,1
5819,5817,5818,493.0,1120540,476.0,1,435.0,225
5820,5818,5819,476.0,312,435.0,225,417.0,1572
5821,5819,5820,435.0,1195709,417.0,1572,409.0,1572
5822,5820,5821,417.0,1197282,409.0,1572,383.0,599
5823,5821,5822,434.0,1198854,383.0,599,355.0,1572
5824,5822,5823,383.0,1196083,355.0,1572,357.0,1572
5825,5823,5824,386.0,1197655,357.0,1572,323.0,977
5826,5824,5825,357.0,1199228,323.0,977,304.0,1572
5827,5825,5826,323.0,1196461,304.0,1572,350.0,1123
5828,5826,5827,329.0,1198033,350.0,1123,298.0,3609
5829,5827,5828,350.0,1196607,298.0,3609,580.0,1078
5830,5828,5829,298.0,1199093,580.0,1078,562.0,848
5831,5829,5830,580.0,1279030,562.0,848,561.0,1622
5832,5830,5831,562.0,1200176,561.0,1622,533.0,3
5833,5831,5832,562.0,1201798,533.0,3,527.0,26
5834,5832,5833,533.0,19347,527.0,26,527.0,26
5835,5833,5834,533.0,19373,527.0,26,491.0,1092
5836,5834,5835,533.0,19399,491.0,1092,487.0,1599
5837,5835,5836,493.0,1123044,487.0,1599,161.0,1
5838,5836,5837,493.0,1124643,161.0,1,432.0,724
5839,5837,5838,161.0,313,432.0,724,409.0,1572
5840,5838,5839,432.0,1200052,409.0,1572,171.0,1
5841,5839,5840,438.0,1201624,171.0,1,380.0,1098
5842,5840,5841,171.0,313,380.0,1098,355.0,1572
5843,5841,5842,380.0,1200426,355.0,1572,404.0,3093
5844,5842,5843,382.0,1201998,404.0,3093,332.0,1475
5845,5843,5844,404.0,1202421,332.0,1475,329.0,1572
5846,5844,5845,332.0,1200803,329.0,1572,350.0,3135
5847,5845,5846,329.0,1202376,350.0,3135,585.0,1448
5848,5846,5847,350.0,1202463,585.0,1448,580.0,3083
5849,5847,5848,585.0,1283496,580.0,3083,564.0,1362
5850,5848,5849,580.0,1285131,564.0,1362,562.0,1622
5851,5849,5850,564.0,1204534,562.0,1622,533.0,12
5852,5850,5851,562.0,1206157,533.0,12,527.0,26
5853,5851,5852,533.0,19418,527.0,26,474.0,1
5854,5852,5853,533.0,19444,474.0,1,487.0,1599
5855,5853,5854,474.0,314,487.0,1599,487.0,1599
5856,5854,5855,493.0,1127147,487.0,1599,463.0,2400
5857,5855,5856,493.0,1128746,463.0,2400,429.0,1223
5858,5856,5857,463.0,1205572,429.0,1223,409.0,1572
5859,5857,5858,429.0,1204395,409.0,1572,173.0,1
5860,5858,5859,435.0,1205967,173.0,1,357.0,1572
5861,5859,5860,173.0,314,357.0,1572,355.0,1572
5862,5860,5861,357.0,1204769,355.0,1572,323.0,402
5863,5861,5862,376.0,1206341,323.0,402,304.0,1572
5864,5862,5863,323.0,1203574,304.0,1572,326.0,1572
5865,5863,5864,329.0,1205146,326.0,1572,298.0,1299
5866,5864,5865,326.0,1206719,298.0,1299,585.0,3088
5867,5865,5866,298.0,1204471,585.0,3088,564.0,254
5868,5866,5867,585.0,1289232,564.0,254,562.0,1622
5869,5867,5868,564.0,1207270,562.0,1622,561.0,1622
5870,5868,5869,562.0,1208893,561.0,1622,533.0,20
5871,5869,5870,564.0,1210515,533.0,20,527.0,26
5872,5870,5871,533.0,19488,527.0,26,491.0,508
5873,5871,5872,533.0,19514,491.0,508,489.0,1598
5874,5872,5873,493.0,1129652,489.0,1598,499.0,53
5875,5873,5874,493.0,1131250,499.0,53,166.0,1
5876,5874,5875,499.0,19521,166.0,1,409.0,1572
5877,5875,5876,166.0,315,409.0,1572,432.0,1572
5878,5876,5877,438.0,1208737,432.0,1572,380.0,523
5879,5877,5878,432.0,1210310,380.0,523,355.0,1572
5880,5878,5879,380.0,1207539,355.0,1572,355.0,1572
5881,5879,5880,383.0,1209111,355.0,1572,332.0,900
5882,5880,5881,386.0,1210683,332.0,900,329.0,1572
5883,5881,5882,332.0,1207916,329.0,1572,350.0,815
5884,5882,5883,329.0,1209489,350.0,815,298.0,3303
5885,5883,5884,350.0,1207831,298.0,3303,580.0,772
5886,5884,5885,298.0,1210319,580.0,772,562.0,769
5887,5885,5886,580.0,1291012,562.0,769,561.0,1622
5888,5886,5887,562.0,1211629,561.0,1622,533.0,2
5889,5887,5888,564.0,1213251,533.0,2,527.0,26
5890,5888,5889,533.0,19532,527.0,26,527.0,26
5891,5889,5890,533.0,19558,527.0,26,491.0,1015
5892,5890,5891,533.0,19584,491.0,1015,487.0,1599
5893,5891,5892,493.0,1133755,487.0,1599,161.0,1
5894,5892,5893,493.0,1135354,161.0,1,432.0,648
5895,5893,5894,161.0,316,432.0,648,409.0,1572
5896,5894,5895,432.0,1211508,409.0,1572,429.0,1572
5897,5895,5896,435.0,1213080,429.0,1572,376.0,1022
5898,5896,5897,429.0,1214653,376.0,1022,355.0,1572
5899,5897,5898,376.0,1211882,355.0,1572,404.0,2502
5900,5898,5899,380.0,1213454,404.0,2502,329.0,1399
5901,5899,5900,404.0,1213362,329.0,1399,326.0,1572
5902,5900,5901,329.0,1212259,326.0,1572,350.0,2828
5903,5901,5902,326.0,1213832,350.0,2828,585.0,1197
5904,5902,5903,350.0,1213688,585.0,1197,580.0,2777
5905,5903,5904,585.0,1295533,580.0,2777,562.0,1284
5906,5904,5905,580.0,1297113,562.0,1284,561.0,1622
5907,5905,5906,562.0,1215988,561.0,1622,533.0,10
5908,5906,5907,562.0,1217610,533.0,10,527.0,26
5909,5907,5908,533.0,19602,527.0,26,474.0,1
5910,5908,5909,533.0,19628,474.0,1,491.0,1522
5911,5909,5910,474.0,317,491.0,1522,487.0,1599
5912,5910,5911,493.0,1137858,487.0,1599,463.0,2085
5913,5911,5912,493.0,1139457,463.0,2085,438.0,1146
5914,5912,5913,463.0,1216789,438.0,1146,432.0,1572
5915,5913,5914,438.0,1215850,432.0,1572,456.0,3448
5916,5914,5915,432.0,1217423,456.0,3448,386.0,1520
5917,5915,5916,456.0,1218152,386.0,1520,357.0,1572
5918,5916,5917,386.0,1216224,357.0,1572,332.0,325
5919,5917,5918,357.0,1217797,332.0,325,329.0,1572
5920,5918,5919,332.0,1215029,329.0,1572,326.0,1572
5921,5919,5920,329.0,1216602,326.0,1572,298.0,992
5922,5920,5921,326.0,1218175,298.0,992,585.0,2837
5923,5921,5922,298.0,1215696,585.0,2837,562.0,176
5924,5922,5923,585.0,1301269,562.0,176,561.0,1622
5925,5923,5924,562.0,1218724,561.0,1622,562.0,1622
5926,5924,5925,564.0,1220346,562.0,1622,533.0,19
5927,5925,5926,562.0,1221969,533.0,19,527.0,25
5928,5926,5927,533.0,19673,527.0,25,491.0,430
5929,5927,5928,527.0,19699,491.0,430,487.0,1599
5930,5928,5929,493.0,1140362,487.0,1599,504.0,33
5931,5929,5930,493.0,1141961,504.0,33,166.0,1
5932,5930,5931,504.0,19687,166.0,1,409.0,1572
5933,5931,5932,166.0,318,409.0,1572,429.0,1572
5934,5932,5933,435.0,1220193,429.0,1572,380.0,447
5935,5933,5934,429.0,1221766,380.0,447,355.0,1572
5936,5934,5935,380.0,1218995,355.0,1572,355.0,1572
5937,5935,5936,383.0,1220567,355.0,1572,329.0,824
5938,5936,5937,383.0,1222139,329.0,824,326.0,1572
5939,5937,5938,329.0,1219372,326.0,1572,181.0,1
5940,5938,5939,326.0,1220945,181.0,1,298.0,2997
5941,5939,5940,181.0,318,298.0,2997,466.0,1
5942,5940,5941,298.0,1221545,466.0,1,564.0,690
5943,5941,5942,466.0,319,564.0,690,562.0,1622
5944,5942,5943,564.0,1223082,562.0,1622,471.0,1
5945,5943,5944,562.0,1224705,471.0,1,527.0,26
5946,5944,5945,471.0,319,527.0,26,527.0,26
5947,5945,5946,533.0,19743,527.0,26,491.0,937
5948,5946,5947,533.0,19769,491.0,937,487.0,1599
5949,5947,5948,493.0,1144465,487.0,1599,483.0,3286
5950,5948,5949,493.0,1146064,483.0,3286,411.0,572
5951,5949,5950,483.0,1225678,411.0,572,409.0,1572
5952,5950,5951,411.0,1222964,409.0,1572,409.0,1572
5953,5951,5952,432.0,1224536,409.0,1572,357.0,946
5954,5952,5953,438.0,1226108,357.0,946,355.0,1572
5955,5953,5954,357.0,1223338,355.0,1572,404.0,1911
5956,5954,5955,376.0,1224910,404.0,1911,329.0,1323
5957,5955,5956,404.0,1224303,329.0,1323,326.0,1572
5958,5956,5957,329.0,1223715,326.0,1572,350.0,2521
5959,5957,5958,326.0,1225288,350.0,2521,585.0,947
5960,5958,5959,350.0,1224913,585.0,947,580.0,2471
5961,5959,5960,585.0,1307571,580.0,2471,562.0,1205
5962,5960,5961,580.0,1309095,562.0,1205,561.0,1622
5963,5961,5962,562.0,1227441,561.0,1622,533.0,9
5964,5962,5963,564.0,1229063,533.0,9,527.0,26
5965,5963,5964,533.0,19787,527.0,26,527.0,26
5966,5964,5965,533.0,19813,527.0,26,491.0,1444
5967,5965,5966,533.0,19839,491.0,1444,487.0,1599
5968,5966,5967,493.0,1148568,487.0,1599,463.0,1771
5969,5967,5968,493.0,1150167,463.0,1771,438.0,1070
5970,5968,5969,463.0,1228007,438.0,1070,432.0,1572
5971,5969,5970,438.0,1227306,432.0,1572,456.0,2862
5972,5970,5971,432.0,1228879,456.0,2862,383.0,1444
5973,5971,5972,456.0,1229098,383.0,1444,355.0,1572
5974,5972,5973,383.0,1227680,355.0,1572,329.0,249
5975,5973,5974,386.0,1229252,329.0,249,326.0,1572
5976,5974,5975,329.0,1226485,326.0,1572,306.0,1572
5977,5975,5976,326.0,1228058,306.0,1572,298.0,686
5978,5976,5977,306.0,1229631,298.0,686,585.0,2587
5979,5977,5978,298.0,1226922,585.0,2587,468.0,1
5980,5978,5979,585.0,1313307,468.0,1,562.0,1622
5981,5979,5980,468.0,321,562.0,1622,561.0,1622
5982,5980,5981,562.0,1231800,561.0,1622,533.0,17
5983,5981,5982,562.0,1233422,533.0,17,527.0,26
5984,5982,5983,533.0,19857,527.0,26,491.0,353
5985,5983,5984,533.0,19883,491.0,353,487.0,1599
5986,5984,5985,493.0,1151073,487.0,1599,489.0,1598
5987,5985,5986,493.0,1152672,489.0,1598,463.0,3832
5988,5986,5987,493.0,1154270,463.0,3832,435.0,1569
5989,5987,5988,463.0,1233912,435.0,1569,411.0,1572
5990,5988,5989,435.0,1231649,411.0,1572,380.0,371
5991,5989,5990,411.0,1233222,380.0,371,355.0,1572
5992,5990,5991,380.0,1230451,355.0,1572,355.0,1572
5993,5991,5992,380.0,1232023,355.0,1572,329.0,748
5994,5992,5993,383.0,1233595,329.0,748,326.0,1572
5995,5993,5994,329.0,1230828,326.0,1572,181.0,1
5996,5994,5995,326.0,1232401,181.0,1,298.0,2691
5997,5995,5996,181.0,321,298.0,2691,466.0,1
5998,5996,5997,298.0,1232771,466.0,1,562.0,612
5999,5997,5998,466.0,322,562.0,612,561.0,1622
6000,5998,5999,562.0,1234536,561.0,1622,471.0,1
6001,5999,6000,564.0,1236158,471.0,1,527.0,26
6002,6000,6001,471.0,322,527.0,26,527.0,25
6003,6001,6002,533.0,19928,527.0,25,491.0,860
6004,6002,6003,533.0,19953,491.0,860,487.0,1599
6005,6003,6004,493.0,1155176,487.0,1599,483.0,2682
6006,6004,6005,493.0,1156775,483.0,2682,438.0,495
6007,6005,6006,483.0,1236606,438.0,495,432.0,1572
6008,6006,6007,438.0,1234419,432.0,1572,409.0,1572
6009,6007,6008,432.0,1235992,409.0,1572,386.0,869
6010,6008,6009,438.0,1237564,386.0,869,364.0,1572
6011,6009,6010,386.0,1234793,364.0,1572,404.0,1321
6012,6010,6011,364.0,1236366,404.0,1321,326.0,1247
6013,6011,6012,404.0,1235245,326.0,1247,312.0,1572
6014,6012,6013,326.0,1235171,312.0,1572,350.0,2213
6015,6013,6014,312.0,1236744,350.0,2213,585.0,697
6016,6014,6015,350.0,1236137,585.0,697,580.0,2165
6017,6015,6016,585.0,1319609,580.0,2165,564.0,1126
6018,6016,6017,580.0,1321077,564.0,1126,562.0,1622
6019,6017,6018,564.0,1238894,562.0,1622,533.0,8
6020,6018,6019,562.0,1240517,533.0,8,527.0,26
6021,6019,6020,533.0,19972,527.0,26,527.0,26
6022,6020,6021,533.0,19998,527.0,26,491.0,1367
6023,6021,6022,533.0,20024,491.0,1367,487.0,1598
6024,6022,6023,493.0,1159279,487.0,1598,463.0,1456
6025,6023,6024,493.0,1160878,463.0,1456,435.0,994
6026,6024,6025,463.0,1239224,435.0,994,429.0,1572
6027,6025,6026,435.0,1238762,429.0,1572,456.0,2275
6028,6026,6027,429.0,1240335,456.0,2275,383.0,1368
6029,6027,6028,456.0,1240043,383.0,1368,355.0,1572
6030,6028,6029,383.0,1239136,355.0,1572,329.0,173
6031,6029,6030,383.0,1240708,329.0,173,326.0,1572
6032,6030,6031,329.0,1237941,326.0,1572,304.0,1572
6033,6031,6032,326.0,1239514,304.0,1572,183.0,1
6034,6032,6033,332.0,1241086,183.0,1,585.0,2336
6035,6033,6034,183.0,323,585.0,2336,468.0,1
6036,6034,6035,585.0,1325344,468.0,1,561.0,1622
6037,6035,6036,468.0,324,561.0,1622,561.0,1622
6038,6036,6037,562.0,1243253,561.0,1622,533.0,16
6039,6037,6038,564.0,1244875,533.0,16,527.0,26
6040,6038,6039,533.0,20042,527.0,26,491.0,275
6041,6039,6040,533.0,20068,491.0,275,487.0,1599
6042,6040,6041,493.0,1161783,487.0,1599,487.0,1599
6043,6041,6042,493.0,1163382,487.0,1599,463.0,3517
6044,6042,6043,493.0,1164981,463.0,3517,432.0,1493
6045,6043,6044,463.0,1245129,432.0,1493,409.0,1572
6046,6044,6045,432.0,1243105,409.0,1572,364.0,295
6047,6045,6046,438.0,1244677,364.0,295,355.0,1572
6048,6046,6047,364.0,1241907,355.0,1572,355.0,1572
6049,6047,6048,380.0,1243479,355.0,1572,326.0,672
6050,6048,6049,380.0,1245051,326.0,672,319.0,1572
6051,6049,6050,326.0,1242284,319.0,1572,304.0,1572
6052,6050,6051,319.0,1243857,304.0,1572,298.0,2385
6053,6051,6052,329.0,1245429,298.0,2385,585.0,3976
6054,6052,6053,298.0,1243997,585.0,3976,564.0,533
6055,6053,6054,585.0,1331080,564.0,533,562.0,1622
6056,6054,6055,564.0,1245989,562.0,1622,561.0,1622
6057,6055,6056,562.0,1247612,561.0,1622,533.0,24
6058,6056,6057,562.0,1249234,533.0,24,527.0,26
6059,6057,6058,533.0,20112,527.0,26,491.0,782
6060,6058,6059,533.0,20138,491.0,782,487.0,1599
6061,6059,6060,493.0,1165886,487.0,1599,483.0,2077
6062,6060,6061,493.0,1167485,483.0,2077,435.0,419
6063,6061,6062,483.0,1247533,435.0,419,432.0,1572
6064,6062,6063,435.0,1245875,432.0,1572,409.0,1572
6065,6063,6064,432.0,1247448,409.0,1572,383.0,793
6066,6064,6065,435.0,1249020,383.0,793,355.0,1572
6067,6065,6066,383.0,1246249,355.0,1572,176.0,1
6068,6066,6067,386.0,1247821,176.0,1,326.0,1171
6069,6067,6068,176.0,325,326.0,1171,304.0,1572
6070,6068,6069,326.0,1246627,304.0,1572,350.0,1906
6071,6069,6070,332.0,1248199,350.0,1906,159.0,1
6072,6070,6071,350.0,1247362,159.0,1,580.0,1859
6073,6071,6072,41.0,324,580.0,1859,562.0,1048
6074,6072,6073,580.0,1333059,562.0,1048,561.0,1622
6075,6073,6074,562.0,1250348,561.0,1622,533.0,7
6076,6074,6075,564.0,1251970,533.0,7,527.0,26
6077,6075,6076,533.0,20157,527.0,26,527.0,25
6078,6076,6077,533.0,20183,527.0,25,491.0,1290
6079,6077,6078,533.0,20208,491.0,1290,489.0,1598
6080,6078,6079,493.0,1169990,489.0,1598,463.0,1141
6081,6079,6080,493.0,1171588,463.0,1141,435.0,918
6082,6080,6081,463.0,1250441,435.0,918,409.0,1572
6083,6081,6082,435.0,1250218,409.0,1572,456.0,1689
6084,6082,6083,438.0,1251790,456.0,1689,380.0,1292
6085,6083,6084,456.0,1250989,380.0,1292,355.0,1572
6086,6084,6085,380.0,1250592,355.0,1572,178.0,1
6087,6085,6086,383.0,1252164,178.0,1,323.0,1572
6088,6086,6087,178.0,326,323.0,1572,304.0,1572
6089,6087,6088,323.0,1250970,304.0,1572,183.0,1
6090,6088,6089,329.0,1252542,183.0,1,585.0,2086
6091,6089,6090,183.0,326,585.0,2086,580.0,3864
6092,6090,6091,585.0,1337382,580.0,3864,564.0,1562
6093,6091,6092,580.0,1339160,564.0,1562,562.0,1622
6094,6092,6093,564.0,1254706,562.0,1622,533.0,15
6095,6093,6094,562.0,1256329,533.0,15,527.0,26
6096,6094,6095,533.0,20227,527.0,26,491.0,198
6097,6095,6096,533.0,20253,491.0,198,487.0,1599
6098,6096,6097,493.0,1172494,487.0,1599,487.0,1599
6099,6097,6098,493.0,1174093,487.0,1599,463.0,3202
6100,6098,6099,493.0,1175692,463.0,3202,432.0,1417
6101,6099,6100,463.0,1256346,432.0,1417,409.0,1572
6102,6100,6101,432.0,1254561,409.0,1572,386.0,218
6103,6101,6102,435.0,1256133,386.0,218,376.0,1572
6104,6102,6103,386.0,1253362,376.0,1572,355.0,1572
6105,6103,6104,376.0,1254935,355.0,1572,326.0,596
6106,6104,6105,380.0,1256507,326.0,596,304.0,1572
6107,6105,6106,326.0,1253740,304.0,1572,329.0,1572
6108,6106,6107,332.0,1255312,329.0,1572,298.0,2079
6109,6107,6108,329.0,1256885,298.0,2079,585.0,3726
6110,6108,6109,298.0,1255223,585.0,3726,562.0,455
6111,6109,6110,585.0,1343118,562.0,455,561.0,1622
6112,6110,6111,562.0,1257443,561.0,1622,561.0,1622
6113,6111,6112,562.0,1259065,561.0,1622,533.0,23
6114,6112,6113,564.0,1260687,533.0,23,527.0,26
6115,6113,6114,533.0,20297,527.0,26,491.0,705
6116,6114,6115,533.0,20323,491.0,705,487.0,1598
6117,6115,6116,493.0,1176597,487.0,1598,483.0,1472
6118,6116,6117,493.0,1178196,483.0,1472,435.0,343
6119,6117,6118,483.0,1258460,435.0,343,411.0,1572
6120,6118,6119,435.0,1257331,411.0,1572,409.0,1572
6121,6119,6120,411.0,1258904,409.0,1572,383.0,717
6122,6120,6121,432.0,1260476,383.0,717,355.0,1572
6123,6121,6122,383.0,1257705,355.0,1572,176.0,1
6124,6122,6123,385.0,1259277,176.0,1,319.0,1095
6125,6123,6124,176.0,328,319.0,1095,304.0,1572
6126,6124,6125,319.0,1258083,304.0,1572,350.0,1599
6127,6125,6126,329.0,1259655,350.0,1599,159.0,1
6128,6126,6127,350.0,1258587,159.0,1,580.0,1553
6129,6127,6128,41.0,327,580.0,1553,564.0,969
6130,6128,6129,580.0,1345041,564.0,969,562.0,1622
6131,6129,6130,564.0,1261801,562.0,1622,533.0,5
6132,6130,6131,562.0,1263424,533.0,5,527.0,26
6133,6131,6132,533.0,20341,527.0,26,527.0,26
6134,6132,6133,533.0,20367,527.0,26,491.0,1212
6135,6133,6134,533.0,20393,491.0,1212,487.0,1599
6136,6134,6135,493.0,1180700,487.0,1599,463.0,826
6137,6135,6136,493.0,1182299,463.0,826,432.0,842
6138,6136,6137,463.0,1261658,432.0,842,409.0,1572
6139,6137,6138,432.0,1261674,409.0,1572,171.0,1
6140,6138,6139,438.0,1263246,171.0,1,380.0,1216
6141,6139,6140,171.0,329,380.0,1216,355.0,1572
6142,6140,6141,380.0,1262048,355.0,1572,178.0,1
6143,6141,6142,380.0,1263620,178.0,1,304.0,1572
6144,6142,6143,178.0,329,304.0,1572,329.0,1572
6145,6143,6144,332.0,1262425,329.0,1572,350.0,3611
6146,6144,6145,329.0,1263998,350.0,3611,585.0,1836
6147,6145,6146,350.0,1264443,585.0,1836,580.0,3558
6148,6146,6147,585.0,1349420,580.0,3558,562.0,1484
6149,6147,6148,580.0,1351142,562.0,1484,561.0,1622
6150,6148,6149,562.0,1266160,561.0,1622,533.0,14
6151,6149,6150,564.0,1267782,533.0,14,527.0,25
6152,6150,6151,533.0,20412,527.0,25,509.0,62
6153,6151,6152,538.0,20437,509.0,62,487.0,1599
6154,6152,6153,509.0,20460,487.0,1599,487.0,1599
6155,6153,6154,493.0,1184803,487.0,1599,463.0,2888
6156,6154,6155,493.0,1186402,463.0,2888,429.0,1341
6157,6155,6156,463.0,1267564,429.0,1341,409.0,1572
6158,6156,6157,429.0,1266017,409.0,1572,173.0,1
6159,6157,6158,435.0,1267589,173.0,1,355.0,1572
6160,6158,6159,173.0,330,355.0,1572,376.0,1572
6161,6159,6160,386.0,1266390,376.0,1572,323.0,520
6162,6160,6161,376.0,1267963,323.0,520,304.0,1572
6163,6161,6162,323.0,1265196,304.0,1572,326.0,1572
6164,6162,6163,329.0,1266768,326.0,1572,298.0,1773
6165,6163,6164,326.0,1268341,298.0,1773,585.0,3475
6166,6164,6165,298.0,1266449,585.0,3475,563.0,376
6167,6165,6166,585.0,1355155,563.0,376,562.0,1622
6168,6166,6167,563.0,1268896,562.0,1622,561.0,1622
6169,6167,6168,562.0,1270519,561.0,1622,533.0,22
6170,6168,6169,562.0,1272141,533.0,22,527.0,26
6171,6169,6170,533.0,20482,527.0,26,491.0,628
6172,6170,6171,533.0,20508,491.0,628,489.0,1598
6173,6171,6172,493.0,1187308,489.0,1598,476.0,1
6174,6172,6173,493.0,1188906,476.0,1,432.0,267
6175,6173,6174,476.0,331,432.0,267,409.0,1572
6176,6174,6175,432.0,1268787,409.0,1572,432.0,1572
6177,6175,6176,438.0,1270359,432.0,1572,380.0,641
6178,6176,6177,432.0,1271932,380.0,641,355.0,1572
6179,6177,6178,380.0,1269161,355.0,1572,355.0,1572
6180,6178,6179,383.0,1270733,355.0,1572,332.0,1018
6181,6179,6180,386.0,1272305,332.0,1018,329.0,1572
6182,6180,6181,332.0,1269538,329.0,1572,350.0,1292
6183,6181,6182,329.0,1271111,350.0,1292,298.0,3778
6184,6182,6183,350.0,1269812,298.0,3778,580.0,1247
6185,6183,6184,298.0,1272298,580.0,1247,562.0,891
6186,6184,6185,580.0,1357023,562.0,891,561.0,1622
6187,6185,6186,562.0,1273255,561.0,1622,533.0,4
6188,6186,6187,564.0,1274877,533.0,4,527.0,26
6189,6187,6188,533.0,20526,527.0,26,527.0,26
6190,6188,6189,533.0,20552,527.0,26,491.0,1135
6191,6189,6190,533.0,20578,491.0,1135,487.0,1599
6192,6190,6191,493.0,1191411,487.0,1599,161.0,1
6193,6191,6192,493.0,1193010,161.0,1,432.0,766
6194,6192,6193,161.0,332,432.0,766,409.0,1572
6195,6193,6194,432.0,1273130,409.0,1572,171.0,1
6196,6194,6195,435.0,1274702,171.0,1,376.0,1140
6197,6195,6196,171.0,332,376.0,1140,355.0,1572
6198,6196,6197,376.0,1273504,355.0,1572,404.0,3418
6199,6197,6198,380.0,1275076,404.0,3418,329.0,1517
6200,6198,6199,404.0,1275782,329.0,1517,326.0,1572
6201,6199,6200,329.0,1273881,326.0,1572,350.0,3304
6202,6200,6201,326.0,1275454,350.0,3304,585.0,1585
6203,6201,6202,350.0,1275668,585.0,1585,580.0,3252
6204,6202,6203,585.0,1361457,580.0,3252,564.0,1405
6205,6203,6204,580.0,1363124,564.0,1405,562.0,1622
6206,6204,6205,564.0,1277613,562.0,1622,533.0,12
6207,6205,6206,562.0,1279236,533.0,12,527.0,26
6208,6206,6207,533.0,20596,527.0,26,491.0,43
6209,6207,6208,533.0,20622,491.0,43,487.0,1598
6210,6208,6209,509.0,20646,487.0,1598,487.0,1599
6211,6209,6210,493.0,1195514,487.0,1599,463.0,2573
6212,6210,6211,493.0,1197113,463.0,2573,438.0,1264
6213,6211,6212,463.0,1278781,438.0,1264,432.0,1572
6214,6212,6213,438.0,1277472,432.0,1572,173.0,1
6215,6213,6214,432.0,1279045,173.0,1,355.0,1572
6216,6214,6215,173.0,333,355.0,1572,357.0,1572
6217,6215,6216,386.0,1277846,357.0,1572,332.0,443
6218,6216,6217,357.0,1279419,332.0,443,329.0,1572
6219,6217,6218,332.0,1276651,329.0,1572,326.0,1572
6220,6218,6219,329.0,1278224,326.0,1572,298.0,1467
6221,6219,6220,326.0,1279797,298.0,1467,585.0,3225
6222,6220,6221,298.0,1277675,585.0,3225,562.0,298
6223,6221,6222,585.0,1367193,562.0,298,561.0,1622
6224,6222,6223,562.0,1280350,561.0,1622,561.0,1622
6225,6223,6224,562.0,1281972,561.0,1622,533.0,21
6226,6224,6225,564.0,1283594,533.0,21,527.0,25
6227,6225,6226,533.0,20667,527.0,25,491.0,550
6228,6226,6227,533.0,20692,491.0,550,487.0,1599
6229,6227,6228,493.0,1198018,487.0,1599,476.0,1
6230,6228,6229,493.0,1199617,476.0,1,432.0,191
6231,6229,6230,476.0,334,432.0,191,409.0,1572
6232,6230,6231,432.0,1280243,409.0,1572,429.0,1572
6233,6231,6232,435.0,1281815,429.0,1572,380.0,565
6234,6232,6233,429.0,1283388,380.0,565,355.0,1572
6235,6233,6234,380.0,1280617,355.0,1572,355.0,1572
6236,6234,6235,383.0,1282189,355.0,1572,332.0,942
6237,6235,6236,383.0,1283761,332.0,942,326.0,1572
6238,6236,6237,332.0,1280994,326.0,1572,350.0,984
6239,6237,6238,326.0,1282567,350.0,984,298.0,3471
6240,6238,6239,350.0,1281036,298.0,3471,580.0,940
6241,6239,6240,298.0,1283523,580.0,940,564.0,812
6242,6240,6241,580.0,1369004,564.0,812,562.0,1622
6243,6241,6242,564.0,1284708,562.0,1622,533.0,3
6244,6242,6243,562.0,1286331,533.0,3,527.0,26
6245,6243,6244,533.0,20711,527.0,26,527.0,26
6246,6244,6245,533.0,20737,527.0,26,491.0,1057
6247,6245,6246,533.0,20763,491.0,1057,487.0,1599
6248,6246,6247,493.0,1202121,487.0,1599,161.0,1
6249,6247,6248,493.0,1203720,161.0,1,428.0,690
6250,6248,6249,161.0,335,428.0,690,409.0,1572
6251,6249,6250,428.0,1284586,409.0,1572,409.0,1572
6252,6250,6251,435.0,1286158,409.0,1572,357.0,1064
6253,6251,6252,438.0,1287730,357.0,1064,355.0,1572
6254,6252,6253,357.0,1284960,355.0,1572,404.0,2827
6255,6253,6254,380.0,1286532,404.0,2827,329.0,1441
6256,6254,6255,404.0,1286723,329.0,1441,326.0,1572
6257,6255,6256,329.0,1285337,326.0,1572,350.0,2997
6258,6256,6257,326.0,1286910,350.0,2997,585.0,1335
6259,6257,6258,350.0,1286893,585.0,1335,580.0,2946
6260,6258,6259,585.0,1373495,580.0,2946,562.0,1327
6261,6259,6260,580.0,1375106,562.0,1327,561.0,1622
6262,6260,6261,562.0,1289067,561.0,1622,533.0,11
6263,6261,6262,564.0,1290689,533.0,11,527.0,26
6264,6262,6263,533.0,20781,527.0,26,474.0,1
6265,6263,6264,533.0,20807,474.0,1,491.0,1564
6266,6264,6265,474.0,336,491.0,1564,487.0,1599
6267,6265,6266,493.0,1206224,487.0,1599,463.0,2258
6268,6266,6267,493.0,1207823,463.0,2258,438.0,1188
6269,6267,6268,463.0,1289998,438.0,1188,432.0,1572
6270,6268,6269,438.0,1288928,432.0,1572,456.0,3771
6271,6269,6270,432.0,1290501,456.0,3771,383.0,1562
6272,6270,6271,456.0,1291511,383.0,1562,355.0,1572
6273,6271,6272,383.0,1289302,355.0,1572,332.0,367
6274,6272,6273,386.0,1290874,332.0,367,326.0,1572
6275,6273,6274,332.0,1288107,326.0,1572,323.0,1572
6276,6274,6275,326.0,1289680,323.0,1572,298.0,1161
6277,6275,6276,323.0,1291253,298.0,1161,585.0,2975
6278,6276,6277,298.0,1288901,585.0,2975,562.0,219
6279,6277,6278,585.0,1379231,562.0,219,561.0,1622
6280,6278,6279,562.0,1291803,561.0,1622,562.0,1622
6281,6279,6280,564.0,1293425,562.0,1622,533.0,19
6282,6280,6281,562.0,1295048,533.0,19,527.0,26
6283,6281,6282,533.0,20851,527.0,26,491.0,473
6284,6282,6283,533.0,20877,491.0,473,487.0,1599
6285,6283,6284,493.0,1208729,487.0,1599,499.0,15
6286,6284,6285,493.0,1210328,499.0,15,166.0,1
6287,6285,6286,499.0,20847,166.0,1,409.0,1572
6288,6286,6287,166.0,337,409.0,1572,411.0,1572
6289,6287,6288,435.0,1293271,411.0,1572,376.0,489
6290,6288,6289,411.0,1294844,376.0,489,355.0,1572
6291,6289,6290,376.0,1292073,355.0,1572,355.0,1572
6292,6290,6291,380.0,1293645,355.0,1572,329.0,866
6293,6291,6292,383.0,1295217,329.0,866,326.0,1572
6294,6292,6293,329.0,1292450,326.0,1572,350.0,677
6295,6293,6294,326.0,1294023,350.0,677,298.0,3165
6296,6294,6295,350.0,1292261,298.0,3165,580.0,634
6297,6295,6296,298.0,1294749,580.0,634,562.0,734
6298,6296,6297,580.0,1380986,562.0,734,561.0,1622
6299,6297,6298,562.0,1296162,561.0,1622,471.0,1
6300,6298,6299,562.0,1297784,471.0,1,530.0,25
6301,6299,6300,471.0,338,530.0,25,527.0,25
6302,6300,6301,530.0,20922,527.0,25,491.0,980
6303,6301,6302,533.0,20947,491.0,980,487.0,1599
6304,6302,6303,493.0,1212832,487.0,1599,483.0,3619
6305,6303,6304,493.0,1214431,483.0,3619,438.0,613
6306,6304,6305,483.0,1299047,438.0,613,432.0,1572
6307,6305,6306,438.0,1296041,432.0,1572,409.0,1572
6308,6306,6307,432.0,1297614,409.0,1572,386.0,987
6309,6307,6308,438.0,1299186,386.0,987,364.0,1572
6310,6308,6309,386.0,1296415,364.0,1572,404.0,2236
6311,6309,6310,364.0,1297988,404.0,2236,326.0,1365
6312,6310,6311,404.0,1297664,326.0,1365,323.0,1572
6313,6311,6312,326.0,1296793,323.0,1572,350.0,2690
6314,6312,6313,323.0,1298366,350.0,2690,585.0,1085
6315,6313,6314,350.0,1298118,585.0,1085,580.0,2639
6316,6314,6315,585.0,1385533,580.0,2639,564.0,1248
6317,6315,6316,580.0,1387087,564.0,1248,562.0,1622
6318,6316,6317,564.0,1300520,562.0,1622,533.0,10
6319,6317,6318,562.0,1302143,533.0,10,527.0,26
6320,6318,6319,533.0,20966,527.0,26,474.0,1
6321,6319,6320,533.0,20992,474.0,1,491.0,1487
6322,6320,6321,474.0,339,491.0,1487,487.0,1598
6323,6321,6322,493.0,1216935,487.0,1598,463.0,1944
6324,6322,6323,493.0,1218534,463.0,1944,435.0,1112
6325,6323,6324,463.0,1301216,435.0,1112,429.0,1572
6326,6324,6325,435.0,1300384,429.0,1572,456.0,3184
6327,6325,6326,429.0,1301957,456.0,3184,383.0,1486
6328,6326,6327,456.0,1302456,383.0,1486,355.0,1572
6329,6327,6328,383.0,1300758,355.0,1572,329.0,291
6330,6328,6329,383.0,1302330,329.0,291,326.0,1572
6331,6329,6330,329.0,1299563,326.0,1572,304.0,1572
6332,6330,6331,326.0,1301136,304.0,1572,298.0,855
6333,6331,6332,332.0,1302708,298.0,855,585.0,2724
6334,6332,6333,298.0,1300127,585.0,2724,468.0,1
6335,6333,6334,585.0,1391268,468.0,1,562.0,1622
6336,6334,6335,468.0,340,562.0,1622,561.0,1622
6337,6335,6336,562.0,1304879,561.0,1622,533.0,18
6338,6336,6337,564.0,1306501,533.0,18,527.0,26
6339,6337,6338,533.0,21036,527.0,26,491.0,395
6340,6338,6339,533.0,21062,491.0,395,487.0,1599
6341,6339,6340,493.0,1219439,487.0,1599,487.0,1599
6342,6340,6341,493.0,1221038,487.0,1599,166.0,1
6343,6341,6342,493.0,1222637,166.0,1,409.0,1572
6344,6342,6343,166.0,340,409.0,1572,409.0,1572
6345,6343,6344,432.0,1304727,409.0,1572,371.0,413
6346,6344,6345,438.0,1306299,371.0,413,355.0,1572
6347,6345,6346,371.0,1303529,355.0,1572,355.0,1572
6348,6346,6347,380.0,1305101,355.0,1572,326.0,790
6349,6347,6348,380.0,1306673,326.0,790,323.0,1572
6350,6348,6349,326.0,1303906,323.0,1572,181.0,1
6351,6349,6350,323.0,1305479,181.0,1,298.0,2859
6352,6350,6351,181.0,340,298.0,2859,466.0,1
6353,6351,6352,298.0,1305975,466.0,1,562.0,655
6354,6352,6353,466.0,341,562.0,655,561.0,1622
6355,6353,6354,562.0,1307615,561.0,1622,471.0,1
6356,6354,6355,564.0,1309237,471.0,1,527.0,26
6357,6355,6356,471.0,341,527.0,26,527.0,26
6358,6356,6357,533.0,21106,527.0,26,491.0,902
6359,6357,6358,533.0,21132,491.0,902,487.0,1599
6360,6358,6359,493.0,1223542,487.0,1599,483.0,3014
6361,6359,6360,493.0,1225141,483.0,3014,435.0,537
6362,6360,6361,483.0,1309974,435.0,537,432.0,1572
6363,6361,6362,435.0,1307497,432.0,1572,409.0,1572
6364,6362,6363,432.0,1309070,409.0,1572,383.0,911
6365,6363,6364,435.0,1310642,383.0,911,355.0,1572
6366,6364,6365,383.0,1307871,355.0,1572,404.0,1645
6367,6365,6366,386.0,1309443,404.0,1645,326.0,1289
6368,6366,6367,404.0,1308605,326.0,1289,304.0,1572
6369,6367,6368,326.0,1308249,304.0,1572,350.0,2382
6370,6368,6369,332.0,1309821,350.0,2382,585.0,834
6371,6369,6370,350.0,1309342,585.0,834,580.0,2333
6372,6370,6371,585.0,1397570,580.0,2333,562.0,1170
6373,6371,6372,580.0,1399069,562.0,1170,561.0,1622
6374,6372,6373,562.0,1311974,561.0,1622,533.0,9
6375,6373,6374,562.0,1313596,533.0,9,527.0,25
6376,6374,6375,533.0,21151,527.0,25,527.0,26
6377,6375,6376,533.0,21176,527.0,26,491.0,1410
6378,6376,6377,533.0,21202,491.0,1410,489.0,1598
6379,6377,6378,493.0,1227646,489.0,1598,463.0,1629
6380,6378,6379,493.0,1229244,463.0,1629,435.0,1036
6381,6379,6380,463.0,1312433,435.0,1036,409.0,1572
6382,6380,6381,435.0,1311840,409.0,1572,456.0,2598
6383,6381,6382,438.0,1313412,456.0,2598,380.0,1410
6384,6382,6383,456.0,1313402,380.0,1410,355.0,1572
6385,6383,6384,380.0,1312214,355.0,1572,326.0,215
6386,6384,6385,383.0,1313786,326.0,215,323.0,1572
6387,6385,6386,326.0,1311019,323.0,1572,304.0,1572
6388,6386,6387,323.0,1312592,304.0,1572,183.0,1
6389,6387,6388,329.0,1314164,183.0,1,585.0,2474
6390,6388,6389,183.0,342,585.0,2474,468.0,1
6391,6389,6390,585.0,1403306,468.0,1,561.0,1622
6392,6390,6391,468.0,343,561.0,1622,562.0,1622
6393,6391,6392,564.0,1316332,562.0,1622,533.0,17
6394,6392,6393,562.0,1317955,533.0,17,527.0,26
6395,6393,6394,533.0,21221,527.0,26,491.0,318
6396,6394,6395,533.0,21247,491.0,318,487.0,1599
6397,6395,6396,493.0,1230150,487.0,1599,487.0,1599
6398,6396,6397,493.0,1231749,487.0,1599,463.0,3690
6399,6397,6398,493.0,1233348,463.0,3690,432.0,1535
6400,6398,6399,463.0,1318338,432.0,1535,409.0,1572
6401,6399,6400,432.0,1316183,409.0,1572,386.0,336
6402,6400,6401,435.0,1317755,386.0,336,376.0,1572
6403,6401,6402,386.0,1314984,376.0,1572,355.0,1572
6404,6402,6403,376.0,1316557,355.0,1572,326.0,714
6405,6403,6404,380.0,1318129,326.0,714,304.0,1572
6406,6404,6405,326.0,1315362,304.0,1572,181.0,1
6407,6405,6406,332.0,1316934,181.0,1,298.0,2553
6408,6406,6407,181.0,343,298.0,2553,466.0,1
6409,6407,6408,298.0,1317201,466.0,1,564.0,576
6410,6408,6409,466.0,344,564.0,576,562.0,1622
6411,6409,6410,564.0,1319068,562.0,1622,561.0,1622
6412,6410,6411,562.0,1320691,561.0,1622,533.0,25
6413,6411,6412,564.0,1322313,533.0,25,527.0,26
6414,6412,6413,533.0,21291,527.0,26,491.0,825
6415,6413,6414,533.0,21317,491.0,825,487.0,1598
6416,6414,6415,493.0,1234253,487.0,1598,483.0,2409
6417,6415,6416,493.0,1235852,483.0,2409,435.0,461
6418,6416,6417,483.0,1320901,435.0,461,411.0,1572
6419,6417,6418,435.0,1318953,411.0,1572,409.0,1572
6420,6418,6419,411.0,1320526,409.0,1572,383.0,835
6421,6419,6420,432.0,1322098,383.0,835,355.0,1572
6422,6420,6421,383.0,1319327,355.0,1572,176.0,1
6423,6421,6422,386.0,1320899,176.0,1,323.0,1213
6424,6422,6423,176.0,344,323.0,1213,304.0,1572
6425,6423,6424,323.0,1319705,304.0,1572,350.0,2075
6426,6424,6425,329.0,1321277,350.0,2075,585.0,584
6427,6425,6426,350.0,1320567,585.0,584,580.0,2027
6428,6426,6427,585.0,1409608,580.0,2027,562.0,1091
6429,6427,6428,580.0,1411051,562.0,1091,561.0,1622
6430,6428,6429,562.0,1323427,561.0,1622,533.0,7
6431,6429,6430,564.0,1325049,533.0,7,527.0,26
6432,6430,6431,533.0,21335,527.0,26,527.0,26
6433,6431,6432,533.0,21361,527.0,26,491.0,1332
6434,6432,6433,533.0,21387,491.0,1332,487.0,1599
6435,6433,6434,493.0,1238356,487.0,1599,463.0,1314
6436,6434,6435,493.0,1239955,463.0,1314,432.0,960
6437,6435,6436,463.0,1323650,432.0,960,409.0,1572
6438,6436,6437,432.0,1323296,409.0,1572,456.0,2011
6439,6437,6438,438.0,1324868,456.0,2011,380.0,1334
6440,6438,6439,456.0,1324347,380.0,1334,355.0,1572
6441,6439,6440,380.0,1323670,355.0,1572,178.0,1
6442,6440,6441,380.0,1325242,178.0,1,304.0,1572
6443,6441,6442,178.0,345,304.0,1572,329.0,1572
6444,6442,6443,332.0,1324047,329.0,1572,183.0,1
6445,6443,6444,329.0,1325620,183.0,1,585.0,2224
6446,6444,6445,183.0,345,585.0,2224,580.0,4032
6447,6445,6446,585.0,1415344,580.0,4032,562.0,1606
6448,6446,6447,580.0,1417152,562.0,1606,561.0,1622
6449,6447,6448,562.0,1327786,561.0,1622,533.0,16
6450,6448,6449,562.0,1329408,533.0,16,527.0,25
6451,6449,6450,533.0,21406,527.0,25,491.0,240
6452,6450,6451,533.0,21431,491.0,240,487.0,1599
6453,6451,6452,493.0,1240860,487.0,1599,487.0,1599
6454,6452,6453,493.0,1242459,487.0,1599,463.0,3375
6455,6453,6454,493.0,1244058,463.0,3375,429.0,1459
6456,6454,6455,463.0,1329555,429.0,1459,409.0,1572
6457,6455,6456,429.0,1327639,409.0,1572,386.0,260
6458,6456,6457,435.0,1329211,386.0,260,355.0,1572
6459,6457,6458,386.0,1326440,355.0,1572,376.0,1572
6460,6458,6459,386.0,1328012,376.0,1572,323.0,638
6461,6459,6460,376.0,1329585,323.0,638,304.0,1572
6462,6460,6461,323.0,1326818,304.0,1572,326.0,1572
6463,6461,6462,332.0,1328390,326.0,1572,298.0,2247
6464,6462,6463,326.0,1329963,298.0,2247,585.0,3863
6465,6463,6464,298.0,1328427,585.0,3863,562.0,498
6466,6464,6465,585.0,1421079,562.0,498,561.0,1622
6467,6465,6466,562.0,1330522,561.0,1622,562.0,1622
6468,6466,6467,564.0,1332144,562.0,1622,533.0,24
6469,6467,6468,562.0,1333767,533.0,24,527.0,26
6470,6468,6469,533.0,21476,527.0,26,491.0,748
6471,6469,6470,533.0,21502,491.0,748,489.0,1598
6472,6470,6471,493.0,1244964,489.0,1598,483.0,1805
6473,6471,6472,493.0,1246562,483.0,1805,432.0,385
6474,6472,6473,483.0,1331829,432.0,385,409.0,1572
6475,6473,6474,432.0,1330409,409.0,1572,432.0,1572
6476,6474,6475,438.0,1331981,432.0,1572,380.0,759
6477,6475,6476,432.0,1333554,380.0,759,355.0,1572
6478,6476,6477,380.0,1330783,355.0,1572,176.0,1
6479,6477,6478,383.0,1332355,176.0,1,332.0,1136
6480,6478,6479,176.0,347,332.0,1136,329.0,1572
6481,6479,6480,332.0,1331160,329.0,1572,350.0,1768
6482,6480,6481,329.0,1332733,350.0,1768,159.0,1
6483,6481,6482,350.0,1331792,159.0,1,580.0,1721
6484,6482,6483,41.0,346,580.0,1721,564.0,1012
6485,6483,6484,580.0,1423033,564.0,1012,562.0,1622
6486,6484,6485,564.0,1334880,562.0,1622,533.0,6
6487,6485,6486,562.0,1336503,533.0,6,527.0,26
6488,6486,6487,533.0,21520,527.0,26,527.0,26
6489,6487,6488,533.0,21546,527.0,26,491.0,1255
6490,6488,6489,533.0,21572,491.0,1255,487.0,1599
6491,6489,6490,493.0,1249067,487.0,1599,463.0,999
6492,6490,6491,493.0,1250666,463.0,999,432.0,884
6493,6491,6492,463.0,1334867,432.0,884,409.0,1572
6494,6492,6493,432.0,1334752,409.0,1572,456.0,1425
6495,6493,6494,435.0,1336324,456.0,1425,376.0,1258
6496,6494,6495,456.0,1335293,376.0,1258,355.0,1572
6497,6495,6496,376.0,1335126,355.0,1572,178.0,1
6498,6496,6497,380.0,1336698,178.0,1,304.0,1572
6499,6497,6498,178.0,348,304.0,1572,326.0,1572
6500,6498,6499,332.0,1335503,326.0,1572,350.0,3780
6501,6499,6500,326.0,1337076,350.0,3780,585.0,1973
6502,6500,6501,350.0,1337648,585.0,1973,580.0,3726
6503,6501,6502,585.0,1427381,580.0,3726,562.0,1527
6504,6502,6503,580.0,1429134,562.0,1527,561.0,1622
6505,6503,6504,562.0,1339239,561.0,1622,533.0,14
6506,6504,6505,564.0,1340861,533.0,14,527.0,26
6507,6505,6506,533.0,21590,527.0,26,491.0,163
6508,6506,6507,533.0,21616,491.0,163,487.0,1598
6509,6507,6508,493.0,1251571,487.0,1598,487.0,1599
6510,6508,6509,493.0,1253170,487.0,1599,463.0,3060
6511,6509,6510,493.0,1254769,463.0,3060,438.0,1382
6512,6510,6511,463.0,1340772,438.0,1382,432.0,1572
6513,6511,6512,438.0,1339094,432.0,1572,383.0,184
6514,6512,6513,432.0,1340667,383.0,184,355.0,1572
6515,6513,6514,383.0,1337896,355.0,1572,355.0,1572
6516,6514,6515,386.0,1339468,355.0,1572,332.0,561
6517,6515,6516,386.0,1341040,332.0,561,329.0,1572
6518,6516,6517,332.0,1338273,329.0,1572,326.0,1572
6519,6517,6518,329.0,1339846,326.0,1572,298.0,1941
6520,6518,6519,326.0,1341419,298.0,1941,585.0,3613
6521,6519,6520,298.0,1339653,585.0,3613,564.0,419
6522,6520,6521,585.0,1433117,564.0,419,562.0,1622
6523,6521,6522,564.0,1341975,562.0,1622,561.0,1622
6524,6522,6523,562.0,1343598,561.0,1622,530.0,23
6525,6523,6524,562.0,1345220,530.0,23,527.0,25
6526,6524,6525,530.0,21661,527.0,25,491.0,670
6527,6525,6526,533.0,21686,491.0,670,487.0,1599
6528,6526,6527,493.0,1255674,487.0,1599,476.0,1
6529,6527,6528,493.0,1257273,476.0,1,432.0,309
6530,6528,6529,476.0,350,432.0,309,409.0,1572
6531,6529,6530,432.0,1341865,409.0,1572,429.0,1572
6532,6530,6531,435.0,1343437,429.0,1572,380.0,683
6533,6531,6532,429.0,1345010,380.0,683,355.0,1572
6534,6532,6533,380.0,1342239,355.0,1572,355.0,1572
6535,6533,6534,380.0,1343811,355.0,1572,329.0,1060
6536,6534,6535,383.0,1345383,329.0,1060,326.0,1572
6537,6535,6536,329.0,1342616,326.0,1572,350.0,1460
6538,6536,6537,326.0,1344189,350.0,1460,159.0,1
6539,6537,6538,350.0,1343016,159.0,1,580.0,1415
6540,6538,6539,41.0,349,580.0,1415,562.0,934
6541,6539,6540,580.0,1435015,562.0,934,561.0,1622
6542,6540,6541,562.0,1346334,561.0,1622,533.0,5
6543,6541,6542,564.0,1347956,533.0,5,527.0,26
6544,6542,6543,533.0,21705,527.0,26,527.0,26
6545,6543,6544,533.0,21731,527.0,26,491.0,1177
6546,6544,6545,533.0,21757,491.0,1177,487.0,1599
6547,6545,6546,493.0,1259777,487.0,1599,463.0,685
6548,6546,6547,493.0,1261376,463.0,685,411.0,808
6549,6547,6548,463.0,1346085,411.0,808,409.0,1572
6550,6548,6549,411.0,1346208,409.0,1572,171.0,1
6551,6549,6550,432.0,1347780,171.0,1,386.0,1181
6552,6550,6551,171.0,351,386.0,1181,376.0,1572
6553,6551,6552,386.0,1346581,376.0,1572,404.0,3742
6554,6552,6553,376.0,1348154,404.0,3742,329.0,1559
6555,6553,6554,404.0,1349142,329.0,1559,326.0,1572
6556,6554,6555,329.0,1346959,326.0,1572,350.0,3473
6557,6555,6556,326.0,1348532,350.0,3473,585.0,1723
6558,6556,6557,350.0,1348873,585.0,1723,580.0,3420
6559,6557,6558,585.0,1439419,580.0,3420,564.0,1448
6560,6558,6559,580.0,1441116,564.0,1448,562.0,1622
6561,6559,6560,564.0,1350692,562.0,1622,533.0,13
6562,6560,6561,562.0,1352315,533.0,13,527.0,26
6563,6561,6562,533.0,21775,527.0,26,509.0,62
6564,6562,6563,533.0,21801,509.0,62,487.0,1599
6565,6563,6564,509.0,21824,487.0,1599,487.0,1599
6566,6564,6565,493.0,1263880,487.0,1599,463.0,2746
6567,6565,6566,493.0,1265479,463.0,2746,438.0,1306
6568,6566,6567,463.0,1351990,438.0,1306,432.0,1572
6569,6567,6568,438.0,1350550,432.0,1572,173.0,1
6570,6568,6569,432.0,1352123,173.0,1,355.0,1572
6571,6569,6570,173.0,352,355.0,1572,355.0,1572
6572,6570,6571,383.0,1350924,355.0,1572,332.0,485
6573,6571,6572,386.0,1352496,332.0,485,326.0,1572
6574,6572,6573,332.0,1349729,326.0,1572,323.0,1572
6575,6573,6574,326.0,1351302,323.0,1572,298.0,1635
6576,6574,6575,323.0,1352875,298.0,1635,585.0,3363
6577,6575,6576,298.0,1350879,585.0,3363,562.0,341
6578,6576,6577,585.0,1445155,562.0,341,561.0,1622
6579,6577,6578,562.0,1353429,561.0,1622,562.0,1622
6580,6578,6579,564.0,1355051,562.0,1622,533.0,21
6581,6579,6580,562.0,1356674,533.0,21,527.0,26
6582,6580,6581,533.0,21845,527.0,26,491.0,593
6583,6581,6582,533.0,21871,491.0,593,487.0,1599
6584,6582,6583,493.0,1266385,487.0,1599,476.0,1
6585,6583,6584,493.0,1267984,476.0,1,429.0,233
6586,6584,6585,476.0,353,429.0,233,409.0,1572
6587,6585,6586,429.0,1353321,409.0,1572,411.0,1572
6588,6586,6587,435.0,1354893,411.0,1572,376.0,607
6589,6587,6588,411.0,1356466,376.0,607,355.0,1572
6590,6588,6589,376.0,1353695,355.0,1572,355.0,1572
6591,6589,6590,380.0,1355267,355.0,1572,329.0,984
6592,6590,6591,383.0,1356839,329.0,984,326.0,1572
6593,6591,6592,329.0,1354072,326.0,1572,350.0,1153
6594,6592,6593,326.0,1355645,350.0,1153,298.0,3640
6595,6593,6594,350.0,1354241,298.0,3640,580.0,1108
6596,6594,6595,298.0,1356728,580.0,1108,564.0,855
6597,6595,6596,580.0,1446996,564.0,855,562.0,1622
6598,6596,6597,564.0,1357787,562.0,1622,533.0,4
6599,6597,6598,562.0,1359410,533.0,4,527.0,25
6600,6598,6599,533.0,21890,527.0,25,527.0,26
6601,6599,6600,533.0,21915,527.0,26,491.0,1100
6602,6600,6601,533.0,21941,491.0,1100,487.0,1599
6603,6601,6602,493.0,1270488,487.0,1599,161.0,1
6604,6602,6603,493.0,1272087,161.0,1,438.0,731
6605,6603,6604,161.0,354,438.0,731,432.0,1572
6606,6604,6605,438.0,1357663,432.0,1572,171.0,1
6607,6605,6606,432.0,1359236,171.0,1,386.0,1105
6608,6606,6607,171.0,354,386.0,1105,357.0,1572
6609,6607,6608,386.0,1358037,357.0,1572,404.0,3151
6610,6608,6609,357.0,1359610,404.0,3151,326.0,1483
6611,6609,6610,404.0,1360083,326.0,1483,312.0,1572
6612,6610,6611,326.0,1358415,312.0,1572,350.0,3165
6613,6611,6612,312.0,1359988,350.0,3165,585.0,1472
6614,6612,6613,350.0,1360097,585.0,1472,580.0,3114
6615,6613,6614,585.0,1451456,580.0,3114,562.0,1370
6616,6614,6615,580.0,1453098,562.0,1370,561.0,1622
6617,6615,6616,562.0,1362146,561.0,1622,533.0,12
6618,6616,6617,564.0,1363768,533.0,12,527.0,26
6619,6617,6618,533.0,21960,527.0,26,474.0,1
6620,6618,6619,533.0,21986,474.0,1,487.0,1599
6621,6619,6620,474.0,355,487.0,1599,487.0,1598
6622,6620,6621,493.0,1274591,487.0,1598,463.0,2431
6623,6621,6622,493.0,1276190,463.0,2431,435.0,1230
6624,6622,6623,463.0,1363207,435.0,1230,424.0,1572
6625,6623,6624,435.0,1362006,424.0,1572,173.0,1
6626,6624,6625,424.0,1363579,173.0,1,355.0,1572
6627,6625,6626,173.0,355,355.0,1572,355.0,1572
6628,6626,6627,380.0,1362380,355.0,1572,329.0,409
6629,6627,6628,383.0,1363952,329.0,409,326.0,1572
6630,6628,6629,329.0,1361185,326.0,1572,304.0,1572
6631,6629,6630,326.0,1362758,304.0,1572,298.0,1329
6632,6630,6631,332.0,1364330,298.0,1329,585.0,3112
6633,6631,6632,298.0,1362105,585.0,3112,562.0,262
6634,6632,6633,585.0,1457192,562.0,262,561.0,1622
6635,6633,6634,562.0,1364882,561.0,1622,562.0,1622
6636,6634,6635,566.0,1366504,562.0,1622,533.0,20
6637,6635,6636,562.0,1368127,533.0,20,527.0,26
6638,6636,6637,533.0,22030,527.0,26,491.0,515
6639,6637,6638,533.0,22056,491.0,515,487.0,1599
6640,6638,6639,493.0,1277095,487.0,1599,499.0,61
6641,6639,6640,493.0,1278694,499.0,61,166.0,1
6642,6640,6641,499.0,22071,166.0,1,432.0,1572
6643,6641,6642,166.0,356,432.0,1572,409.0,1572
6644,6642,6643,432.0,1366349,409.0,1572,357.0,531
6645,6643,6644,438.0,1367921,357.0,531,355.0,1572
6646,6644,6645,357.0,1365151,355.0,1572,355.0,1572
6647,6645,6646,376.0,1366723,355.0,1572,326.0,908
6648,6646,6647,380.0,1368295,326.0,908,323.0,1572
6649,6647,6648,326.0,1365528,323.0,1572,350.0,846
6650,6648,6649,323.0,1367101,350.0,846,298.0,3333
6651,6649,6650,350.0,1365466,298.0,3333,580.0,802
6652,6650,6651,298.0,1367953,580.0,802,562.0,777
6653,6651,6652,580.0,1458978,562.0,777,561.0,1622
6654,6652,6653,562.0,1369241,561.0,1622,533.0,2
6655,6653,6654,564.0,1370863,533.0,2,527.0,26
6656,6654,6655,533.0,22074,527.0,26,527.0,26
6657,6655,6656,533.0,22100,527.0,26,491.0,1022
6658,6656,6657,533.0,22126,491.0,1022,487.0,1599
6659,6657,6658,493.0,1281198,487.0,1599,161.0,1
6660,6658,6659,493.0,1282797,161.0,1,435.0,655
6661,6659,6660,161.0,357,435.0,655,429.0,1572
6662,6660,6661,435.0,1369119,429.0,1572,409.0,1572
6663,6661,6662,429.0,1370692,409.0,1572,383.0,1029
6664,6662,6663,435.0,1372264,383.0,1029,355.0,1572
6665,6663,6664,383.0,1369493,355.0,1572,404.0,2561
6666,6664,6665,386.0,1371065,404.0,2561,326.0,1407
6667,6665,6666,404.0,1371025,326.0,1407,304.0,1572
6668,6666,6667,326.0,1369871,304.0,1572,350.0,2858
6669,6667,6668,332.0,1371443,350.0,2858,585.0,1222
6670,6668,6669,350.0,1371322,585.0,1222,580.0,2807
6671,6669,6670,585.0,1463494,580.0,2807,564.0,1291
6672,6670,6671,580.0,1465079,564.0,1291,562.0,1622
6673,6671,6672,564.0,1373599,562.0,1622,533.0,11
6674,6672,6673,562.0,1375222,533.0,11,527.0,25
6675,6673,6674,533.0,22145,527.0,25,474.0,1
6676,6674,6675,533.0,22170,474.0,1,491.0,1530
6677,6675,6676,474.0,358,491.0,1530,489.0,1598
6678,6676,6677,493.0,1285302,489.0,1598,463.0,2116
6679,6677,6678,493.0,1286900,463.0,2116,432.0,1154
6680,6678,6679,463.0,1374424,432.0,1154,409.0,1572
6681,6679,6680,432.0,1373462,409.0,1572,456.0,3506
6682,6680,6681,438.0,1375034,456.0,3506,380.0,1528
6683,6681,6682,456.0,1375814,380.0,1528,355.0,1572
6684,6682,6683,380.0,1373836,355.0,1572,326.0,333
6685,6683,6684,383.0,1375408,326.0,333,323.0,1572
6686,6684,6685,326.0,1372641,323.0,1572,304.0,1572
6687,6685,6686,323.0,1374214,304.0,1572,298.0,1023
6688,6686,6687,329.0,1375786,298.0,1023,585.0,2862
6689,6687,6688,298.0,1373331,585.0,2862,562.0,184
6690,6688,6689,585.0,1469230,562.0,184,561.0,1622
6691,6689,6690,562.0,1376336,561.0,1622,561.0,1622
6692,6690,6691,562.0,1377958,561.0,1622,533.0,19
6693,6691,6692,564.0,1379580,533.0,19,527.0,26
6694,6692,6693,533.0,22215,527.0,26,491.0,438
6695,6693,6694,533.0,22241,491.0,438,487.0,1599
6696,6694,6695,493.0,1287806,487.0,1599,504.0,41
6697,6695,6696,493.0,1289405,504.0,41,166.0,1
6698,6696,6697,504.0,22237,166.0,1,432.0,1572
6699,6697,6698,166.0,359,432.0,1572,409.0,1572
6700,6698,6699,432.0,1377805,409.0,1572,386.0,454
6701,6699,6700,435.0,1379377,386.0,454,364.0,1572
6702,6700,6701,386.0,1376606,364.0,1572,355.0,1572
6703,6701,6702,364.0,1378179,355.0,1572,326.0,832
6704,6702,6703,380.0,1379751,326.0,832,304.0,1572
6705,6703,6704,326.0,1376984,304.0,1572,181.0,1
6706,6704,6705,332.0,1378556,181.0,1,298.0,3027
6707,6705,6706,181.0,359,298.0,3027,466.0,1
6708,6706,6707,298.0,1379179,466.0,1,564.0,698
6709,6707,6708,466.0,360,564.0,698,562.0,1622
6710,6708,6709,564.0,1380694,562.0,1622,471.0,1
6711,6709,6710,562.0,1382317,471.0,1,527.0,26
6712,6710,6711,471.0,360,527.0,26,527.0,26
6713,6711,6712,533.0,22285,527.0,26,491.0,945
6714,6712,6713,533.0,22311,491.0,945,487.0,1598
6715,6713,6714,493.0,1291909,487.0,1598,483.0,3346
6716,6714,6715,493.0,1293508,483.0,3346,435.0,579
6717,6715,6716,483.0,1383342,435.0,579,411.0,1572
6718,6716,6717,435.0,1380575,411.0,1572,409.0,1572
6719,6717,6718,411.0,1382148,409.0,1572,383.0,953
6720,6718,6719,432.0,1383720,383.0,953,355.0,1572
6721,6719,6720,383.0,1380949,355.0,1572,404.0,1970
6722,6720,6721,383.0,1382521,404.0,1970,323.0,1331
6723,6721,6722,404.0,1381966,323.0,1331,304.0,1572
6724,6722,6723,323.0,1381327,304.0,1572,350.0,2551
6725,6723,6724,329.0,1382899,350.0,2551,585.0,972
6726,6724,6725,350.0,1382547,585.0,972,580.0,2501
6727,6725,6726,585.0,1475532,580.0,2501,562.0,1213
6728,6726,6727,580.0,1477061,562.0,1213,561.0,1622
6729,6727,6728,562.0,1385053,561.0,1622,533.0,9
6730,6728,6729,564.0,1386675,533.0,9,527.0,26
6731,6729,6730,533.0,22329,527.0,26,527.0,26
6732,6730,6731,533.0,22355,527.0,26,491.0,1452
6733,6731,6732,533.0,22381,491.0,1452,487.0,1599
6734,6732,6733,493.0,1296012,487.0,1599,463.0,1802
6735,6733,6734,493.0,1297611,463.0,1802,432.0,1078
6736,6734,6735,463.0,1385642,432.0,1078,409.0,1572
6737,6735,6736,432.0,1384918,409.0,1572,456.0,2920
6738,6736,6737,438.0,1386490,456.0,2920,380.0,1452
6739,6737,6738,456.0,1386760,380.0,1452,355.0,1572
6740,6738,6739,380.0,1385292,355.0,1572,326.0,257
6741,6739,6740,380.0,1386864,326.0,257,304.0,1572
6742,6740,6741,326.0,1384097,304.0,1572,329.0,1572
6743,6741,6742,332.0,1385669,329.0,1572,298.0,717
6744,6742,6743,329.0,1387242,298.0,717,585.0,2611
6745,6743,6744,298.0,1384557,585.0,2611,468.0,1
6746,6744,6745,585.0,1481267,468.0,1,561.0,1622
6747,6745,6746,468.0,362,561.0,1622,562.0,1622
6748,6746,6747,564.0,1389411,562.0,1622,527.0,18
6749,6747,6748,562.0,1391034,527.0,18,533.0,25
6750,6748,6749,527.0,22400,533.0,25,491.0,360
6751,6749,6750,533.0,22425,491.0,360,487.0,1599
6752,6750,6751,493.0,1298516,487.0,1599,487.0,1599
6753,6751,6752,493.0,1300115,487.0,1599,166.0,1
6754,6752,6753,493.0,1301714,166.0,1,429.0,1572
6755,6753,6754,166.0,362,429.0,1572,409.0,1572
6756,6754,6755,429.0,1389261,409.0,1572,383.0,378
6757,6755,6756,435.0,1390833,383.0,378,355.0,1572
6758,6756,6757,383.0,1388062,355.0,1572,376.0,1572
6759,6757,6758,386.0,1389634,376.0,1572,323.0,756
6760,6758,6759,376.0,1391207,323.0,756,304.0,1572
6761,6759,6760,323.0,1388440,304.0,1572,181.0,1
6762,6760,6761,329.0,1390012,181.0,1,298.0,2721
6763,6761,6762,181.0,362,298.0,2721,466.0,1
6764,6762,6763,298.0,1390405,466.0,1,562.0,620
6765,6763,6764,466.0,363,562.0,620,561.0,1622
6766,6764,6765,562.0,1392148,561.0,1622,471.0,1
6767,6765,6766,562.0,1393770,471.0,1,527.0,26
6768,6766,6767,471.0,363,527.0,26,527.0,26
6769,6767,6768,533.0,22470,527.0,26,491.0,867
6770,6768,6769,533.0,22496,491.0,867,487.0,1599
6771,6769,6770,493.0,1302619,487.0,1599,483.0,2741
6772,6770,6771,493.0,1304218,483.0,2741,432.0,503
6773,6771,6772,483.0,1394269,432.0,503,409.0,1572
6774,6772,6773,432.0,1392031,409.0,1572,432.0,1572
6775,6773,6774,438.0,1393603,432.0,1572,380.0,877
6776,6774,6775,432.0,1395176,380.0,877,355.0,1572
6777,6775,6776,380.0,1392405,355.0,1572,404.0,1379
6778,6776,6777,383.0,1393977,404.0,1379,332.0,1254
6779,6777,6778,404.0,1392907,332.0,1254,329.0,1572
6780,6778,6779,332.0,1392782,329.0,1572,350.0,2244
6781,6779,6780,329.0,1394355,350.0,2244,585.0,721
6782,6780,6781,350.0,1393772,585.0,721,580.0,2195
6783,6781,6782,585.0,1487569,580.0,2195,564.0,1134
6784,6782,6783,580.0,1489043,564.0,1134,562.0,1622
6785,6783,6784,564.0,1396506,562.0,1622,533.0,8
6786,6784,6785,562.0,1398129,533.0,8,527.0,26
6787,6785,6786,533.0,22514,527.0,26,527.0,26
6788,6786,6787,533.0,22540,527.0,26,491.0,1375
6789,6787,6788,533.0,22566,491.0,1375,487.0,1599
6790,6788,6789,493.0,1306723,487.0,1599,463.0,1487
6791,6789,6790,493.0,1308322,463.0,1487,429.0,1002
6792,6790,6791,463.0,1396859,429.0,1002,409.0,1572
6793,6791,6792,429.0,1396374,409.0,1572,456.0,2333
6794,6792,6793,435.0,1397946,456.0,2333,376.0,1376
6795,6793,6794,456.0,1397705,376.0,1376,355.0,1572
6796,6794,6795,376.0,1396748,355.0,1572,323.0,181
6797,6795,6796,380.0,1398320,323.0,181,304.0,1572
6798,6796,6797,323.0,1395553,304.0,1572,326.0,1572
6799,6797,6798,331.0,1397125,326.0,1572,183.0,1
6800,6798,6799,326.0,1398698,183.0,1,585.0,2361
6801,6799,6800,183.0,364,585.0,2361,468.0,1
6802,6800,6801,585.0,1493305,468.0,1,562.0,1622
6803,6801,6802,468.0,365,562.0,1622,561.0,1622
6804,6802,6803,562.0,1400865,561.0,1622,533.0,16
6805,6803,6804,564.0,1402487,533.0,16,527.0,26
6806,6804,6805,533.0,22584,527.0,26,491.0,283
6807,6805,6806,533.0,22610,491.0,283,487.0,1598
6808,6806,6807,493.0,1309227,487.0,1598,487.0,1599
6809,6807,6808,493.0,1310826,487.0,1599,463.0,3548
6810,6808,6809,493.0,1312425,463.0,3548,438.0,1500
6811,6809,6810,463.0,1402764,438.0,1500,432.0,1572
6812,6810,6811,438.0,1400716,432.0,1572,383.0,302
6813,6811,6812,432.0,1402289,383.0,302,355.0,1572
6814,6812,6813,383.0,1399518,355.0,1572,355.0,1572
6815,6813,6814,383.0,1401090,355.0,1572,332.0,679
6816,6814,6815,386.0,1402662,332.0,679,329.0,1572
6817,6815,6816,332.0,1399895,329.0,1572,326.0,1572
6818,6816,6817,329.0,1401468,326.0,1572,298.0,2415
6819,6817,6818,326.0,1403041,298.0,2415,585.0,4001
6820,6818,6819,298.0,1401631,585.0,4001,562.0,541
6821,6819,6820,585.0,1499041,562.0,541,561.0,1622
6822,6820,6821,562.0,1403601,561.0,1622,562.0,1622
6823,6821,6822,564.0,1405223,562.0,1622,533.0,24
6824,6822,6823,562.0,1406846,533.0,24,527.0,26
6825,6823,6824,533.0,22654,527.0,26,491.0,790
6826,6824,6825,533.0,22680,491.0,790,487.0,1599
6827,6825,6826,493.0,1313330,487.0,1599,483.0,2137
6828,6826,6827,493.0,1314929,483.0,2137,432.0,427
6829,6827,6828,483.0,1405197,432.0,427,409.0,1572
6830,6828,6829,432.0,1403487,409.0,1572,429.0,1572
6831,6829,6830,435.0,1405059,429.0,1572,380.0,801
6832,6830,6831,429.0,1406632,380.0,801,355.0,1572
6833,6831,6832,380.0,1403861,355.0,1572,176.0,1
6834,6832,6833,380.0,1405433,176.0,1,332.0,1178
6835,6833,6834,176.0,366,332.0,1178,326.0,1572
6836,6834,6835,332.0,1404238,326.0,1572,350.0,1936
6837,6835,6836,326.0,1405811,350.0,1936,159.0,1
6838,6836,6837,350.0,1404996,159.0,1,580.0,1889
6839,6837,6838,41.0,365,580.0,1889,562.0,1056
6840,6838,6839,580.0,1501025,562.0,1056,561.0,1622
6841,6839,6840,562.0,1407960,561.0,1622,533.0,7
6842,6840,6841,562.0,1409582,533.0,7,527.0,26
6843,6841,6842,533.0,22699,527.0,26,527.0,26
6844,6842,6843,533.0,22725,527.0,26,491.0,1297
6845,6843,6844,533.0,22751,491.0,1297,487.0,1599
6846,6844,6845,493.0,1317433,487.0,1599,463.0,1172
6847,6845,6846,493.0,1319032,463.0,1172,411.0,926
6848,6846,6847,463.0,1408076,411.0,926,409.0,1572
6849,6847,6848,411.0,1407830,409.0,1572,456.0,1747
6850,6848,6849,432.0,1409402,456.0,1747,386.0,1299
6851,6849,6850,456.0,1408651,386.0,1299,376.0,1572
6852,6850,6851,386.0,1408203,376.0,1572,178.0,1
6853,6851,6852,376.0,1409776,178.0,1,329.0,1572
6854,6852,6853,178.0,367,329.0,1572,326.0,1572
6855,6853,6854,329.0,1408581,326.0,1572,183.0,1
6856,6854,6855,326.0,1410154,183.0,1,585.0,2111
6857,6855,6856,183.0,367,585.0,2111,580.0,3894
6858,6856,6857,585.0,1505343,580.0,3894,564.0,1570
6859,6857,6858,580.0,1507126,564.0,1570,562.0,1622
6860,6858,6859,564.0,1412318,562.0,1622,533.0,15
6861,6859,6860,562.0,1413941,533.0,15,527.0,26
6862,6860,6861,533.0,22769,527.0,26,491.0,205
6863,6861,6862,533.0,22795,491.0,205,487.0,1599
6864,6862,6863,493.0,1319937,487.0,1599,487.0,1599
6865,6863,6864,493.0,1321536,487.0,1599,463.0,3233
6866,6864,6865,493.0,1323135,463.0,3233,438.0,1424
6867,6865,6866,463.0,1413981,438.0,1424,432.0,1572
6868,6866,6867,438.0,1412172,432.0,1572,380.0,226
6869,6867,6868,432.0,1413745,380.0,226,355.0,1572
6870,6868,6869,380.0,1410974,355.0,1572,355.0,1572
6871,6869,6870,383.0,1412546,355.0,1572,332.0,603
6872,6870,6871,386.0,1414118,332.0,603,326.0,1572
6873,6871,6872,332.0,1411351,326.0,1572,323.0,1572
6874,6872,6873,326.0,1412924,323.0,1572,298.0,2109
6875,6873,6874,323.0,1414497,298.0,2109,585.0,3751
6876,6874,6875,298.0,1412857,585.0,3751,564.0,462
6877,6875,6876,585.0,1511079,564.0,462,562.0,1622
6878,6876,6877,564.0,1415054,562.0,1622,561.0,1622
6879,6877,6878,562.0,1416677,561.0,1622,533.0,23
6880,6878,6879,564.0,1418299,533.0,23,527.0,26
6881,6879,6880,533.0,22839,527.0,26,491.0,713
6882,6880,6881,533.0,22865,491.0,713,487.0,1599
6883,6881,6882,493.0,1324041,487.0,1599,483.0,1532
6884,6882,6883,493.0,1325640,483.0,1532,429.0,351
6885,6883,6884,483.0,1416124,429.0,351,409.0,1572
6886,6884,6885,429.0,1414943,409.0,1572,411.0,1572
6887,6885,6886,435.0,1416515,411.0,1572,376.0,725
6888,6886,6887,411.0,1418088,376.0,725,355.0,1572
6889,6887,6888,376.0,1415317,355.0,1572,176.0,1
6890,6888,6889,380.0,1416889,176.0,1,329.0,1102
6891,6889,6890,176.0,369,329.0,1102,326.0,1572
6892,6890,6891,329.0,1415694,326.0,1572,350.0,1629
6893,6891,6892,326.0,1417267,350.0,1629,159.0,1
6894,6892,6893,350.0,1416221,159.0,1,580.0,1583
6895,6893,6894,41.0,368,580.0,1583,562.0,977
6896,6894,6895,580.0,1513007,562.0,977,561.0,1622
6897,6895,6896,562.0,1419413,561.0,1622,533.0,6
6898,6896,6897,564.0,1421035,533.0,6,527.0,25
6899,6897,6898,533.0,22884,527.0,25,527.0,26
6900,6898,6899,533.0,22909,527.0,26,491.0,1220
6901,6899,6900,533.0,22935,491.0,1220,487.0,1599
6902,6900,6901,493.0,1328144,487.0,1599,463.0,858
6903,6901,6902,493.0,1329743,463.0,858,438.0,849
6904,6902,6903,463.0,1419294,438.0,849,432.0,1572
6905,6903,6904,438.0,1419285,432.0,1572,171.0,1
6906,6904,6905,432.0,1420858,171.0,1,386.0,1223
6907,6905,6906,171.0,370,386.0,1223,357.0,1572
6908,6906,6907,386.0,1419659,357.0,1572,178.0,1
6909,6907,6908,357.0,1421232,178.0,1,326.0,1572
6910,6908,6909,178.0,370,326.0,1572,323.0,1572
6911,6909,6910,326.0,1420037,323.0,1572,350.0,3642
6912,6910,6911,323.0,1421610,350.0,3642,585.0,1860
6913,6911,6912,350.0,1422078,585.0,1860,580.0,3588
6914,6912,6913,585.0,1517380,580.0,3588,562.0,1492
6915,6913,6914,580.0,1519108,562.0,1492,561.0,1622
6916,6914,6915,562.0,1423772,561.0,1622,533.0,14
6917,6915,6916,562.0,1425394,533.0,14,527.0,26
6918,6916,6917,533.0,22954,527.0,26,509.0,62
6919,6917,6918,533.0,22980,509.0,62,487.0,1599
6920,6918,6919,509.0,23002,487.0,1599,487.0,1598
6921,6919,6920,493.0,1332247,487.0,1598,463.0,2919
6922,6920,6921,493.0,1333846,463.0,2919,435.0,1348
6923,6921,6922,463.0,1425199,435.0,1348,429.0,1572
6924,6922,6923,435.0,1423628,429.0,1572,173.0,1
6925,6923,6924,429.0,1425201,173.0,1,355.0,1572
6926,6924,6925,173.0,371,355.0,1572,355.0,1572
6927,6925,6926,383.0,1424002,355.0,1572,329.0,527
6928,6926,6927,383.0,1425574,329.0,527,326.0,1572
6929,6927,6928,329.0,1422807,326.0,1572,304.0,1572
6930,6928,6929,326.0,1424380,304.0,1572,298.0,1803
6931,6929,6930,332.0,1425952,298.0,1803,585.0,3500
6932,6930,6931,298.0,1424083,585.0,3500,562.0,384
6933,6931,6932,585.0,1523116,562.0,384,561.0,1622
6934,6932,6933,562.0,1426508,561.0,1622,562.0,1622
6935,6933,6934,564.0,1428130,562.0,1622,533.0,22
6936,6934,6935,562.0,1429753,533.0,22,527.0,26
6937,6935,6936,533.0,23024,527.0,26,491.0,635
6938,6936,6937,533.0,23050,491.0,635,487.0,1599
6939,6937,6938,493.0,1334751,487.0,1599,476.0,1
6940,6938,6939,493.0,1336350,476.0,1,411.0,275
6941,6939,6940,476.0,372,411.0,275,409.0,1572
6942,6940,6941,411.0,1426399,409.0,1572,409.0,1572
6943,6941,6942,432.0,1427971,409.0,1572,357.0,649
6944,6942,6943,438.0,1429543,357.0,649,355.0,1572
6945,6943,6944,357.0,1426773,355.0,1572,355.0,1572
6946,6944,6945,380.0,1428345,355.0,1572,326.0,1026
6947,6945,6946,380.0,1429917,326.0,1026,323.0,1572
6948,6946,6947,326.0,1427150,323.0,1572,350.0,1322
6949,6947,6948,323.0,1428723,350.0,1322,298.0,3808
6950,6948,6949,350.0,1427446,298.0,3808,580.0,1277
6951,6949,6950,298.0,1429932,580.0,1277,566.0,898
6952,6950,6951,580.0,1524989,566.0,898,562.0,1622
6953,6951,6952,566.0,1430866,562.0,1622,533.0,4
6954,6952,6953,562.0,1432489,533.0,4,527.0,26
6955,6953,6954,533.0,23068,527.0,26,527.0,26
6956,6954,6955,533.0,23094,527.0,26,491.0,1142
6957,6955,6956,533.0,23120,491.0,1142,487.0,1599
6958,6956,6957,493.0,1338854,487.0,1599,161.0,1
6959,6957,6958,493.0,1340453,161.0,1,435.0,773
6960,6958,6959,161.0,373,435.0,773,432.0,1572
6961,6959,6960,435.0,1430741,432.0,1572,171.0,1
6962,6960,6961,432.0,1432314,171.0,1,383.0,1147
6963,6961,6962,171.0,373,383.0,1147,355.0,1572
6964,6962,6963,383.0,1431115,355.0,1572,404.0,3476
6965,6963,6964,386.0,1432687,404.0,3476,326.0,1525
6966,6964,6965,404.0,1433444,326.0,1525,304.0,1572
6967,6965,6966,326.0,1431493,304.0,1572,350.0,3334
6968,6966,6967,332.0,1433065,350.0,3334,585.0,1610
6969,6967,6968,350.0,1433302,585.0,1610,580.0,3282
6970,6968,6969,585.0,1529418,580.0,3282,564.0,1413
6971,6969,6970,580.0,1531090,564.0,1413,562.0,1622
6972,6970,6971,564.0,1435225,562.0,1622,538.0,12
6973,6971,6972,562.0,1436848,538.0,12,533.0,25
6974,6972,6973,538.0,23138,533.0,25,491.0,51
6975,6973,6974,533.0,23164,491.0,51,487.0,1599
6976,6974,6975,509.0,23188,487.0,1599,489.0,1598
6977,6975,6976,493.0,1342958,489.0,1598,463.0,2604
6978,6976,6977,493.0,1344556,463.0,2604,435.0,1272
6979,6977,6978,463.0,1436416,435.0,1272,409.0,1572
6980,6978,6979,435.0,1435084,409.0,1572,173.0,1
6981,6979,6980,438.0,1436656,173.0,1,355.0,1572
6982,6980,6981,173.0,374,355.0,1572,355.0,1572
6983,6981,6982,380.0,1435458,355.0,1572,326.0,451
6984,6982,6983,383.0,1437030,326.0,451,323.0,1572
6985,6983,6984,326.0,1434263,323.0,1572,304.0,1572
6986,6984,6985,323.0,1435836,304.0,1572,298.0,1497
6987,6985,6986,332.0,1437408,298.0,1497,585.0,3250
6988,6986,6987,298.0,1435309,585.0,3250,564.0,305
6989,6987,6988,585.0,1535154,564.0,305,562.0,1622
6990,6988,6989,564.0,1437961,562.0,1622,561.0,1622
6991,6989,6990,562.0,1439584,561.0,1622,533.0,21
6992,6990,6991,564.0,1441206,533.0,21,527.0,26
6993,6991,6992,533.0,23209,527.0,26,491.0,558
6994,6992,6993,533.0,23235,491.0,558,487.0,1599
6995,6993,6994,493.0,1345462,487.0,1599,476.0,1
6996,6994,6995,493.0,1347061,476.0,1,438.0,198
6997,6995,6996,476.0,375,438.0,198,432.0,1572
6998,6996,6997,438.0,1437854,432.0,1572,409.0,1572
6999,6997,6998,432.0,1439427,409.0,1572,386.0,572
7000,6998,6999,435.0,1440999,386.0,572,357.0,1572
7001,6999,7000,386.0,1438228,357.0,1572,355.0,1572
7002,7000,7001,357.0,1439801,355.0,1572,326.0,950
7003,7001,7002,380.0,1441373,326.0,950,304.0,1572
7004,7002,7003,326.0,1438606,304.0,1572,350.0,1015
7005,7003,7004,332.0,1440178,350.0,1015,298.0,3502
7006,7004,7005,350.0,1438671,298.0,3502,580.0,971
7007,7005,7006,298.0,1441158,580.0,971,562.0,820
7008,7006,7007,580.0,1536971,562.0,820,561.0,1622
7009,7007,7008,562.0,1442320,561.0,1622,533.0,3
7010,7008,7009,564.0,1443942,533.0,3,527.0,26
7011,7009,7010,533.0,23253,527.0,26,527.0,26
7012,7010,7011,533.0,23279,527.0,26,491.0,1065
7013,7011,7012,533.0,23305,491.0,1065,487.0,1598
7014,7012,7013,493.0,1349565,487.0,1598,161.0,1
7015,7013,7014,493.0,1351164,161.0,1,435.0,697
7016,7014,7015,161.0,376,435.0,697,411.0,1572
7017,7015,7016,435.0,1442197,411.0,1572,409.0,1572
7018,7016,7017,411.0,1443770,409.0,1572,383.0,1071
7019,7017,7018,432.0,1445342,383.0,1071,355.0,1572
7020,7018,7019,383.0,1442571,355.0,1572,404.0,2885
7021,7019,7020,383.0,1444143,404.0,2885,323.0,1449
7022,7020,7021,404.0,1444385,323.0,1449,304.0,1572
7023,7021,7022,323.0,1442949,304.0,1572,350.0,3027
7024,7022,7023,329.0,1444521,350.0,3027,585.0,1360
7025,7023,7024,350.0,1444527,585.0,1360,580.0,2976
7026,7024,7025,585.0,1541456,580.0,2976,566.0,1334
7027,7025,7026,580.0,1543072,566.0,1334,562.0,1622
7028,7026,7027,566.0,1446678,562.0,1622,533.0,11
7029,7027,7028,562.0,1448301,533.0,11,527.0,26
7030,7028,7029,533.0,23323,527.0,26,474.0,1
7031,7029,7030,533.0,23349,474.0,1,491.0,1572
7032,7030,7031,474.0,377,491.0,1572,487.0,1599
7033,7031,7032,493.0,1353668,487.0,1599,463.0,2289
7034,7032,7033,493.0,1355267,463.0,2289,432.0,1196
7035,7033,7034,463.0,1447633,432.0,1196,409.0,1572
7036,7034,7035,432.0,1446540,409.0,1572,456.0,3828
7037,7035,7036,438.0,1448112,456.0,3828,380.0,1570
7038,7036,7037,456.0,1449172,380.0,1570,355.0,1572
7039,7037,7038,380.0,1446914,355.0,1572,326.0,375
7040,7038,7039,380.0,1448486,326.0,375,304.0,1572
7041,7039,7040,326.0,1445719,304.0,1572,329.0,1572
7042,7040,7041,332.0,1447291,329.0,1572,298.0,1191
7043,7041,7042,329.0,1448864,298.0,1191,585.0,2999
7044,7042,7043,298.0,1446535,585.0,2999,562.0,227
7045,7043,7044,585.0,1547191,562.0,227,561.0,1622
7046,7044,7045,562.0,1449415,561.0,1622,562.0,1622
7047,7045,7046,564.0,1451037,562.0,1622,533.0,19
7048,7046,7047,562.0,1452660,533.0,19,527.0,26
7049,7047,7048,533.0,23393,527.0,26,491.0,480
7050,7048,7049,533.0,23419,491.0,480,487.0,1599
7051,7049,7050,493.0,1356172,487.0,1599,499.0,23
7052,7050,7051,493.0,1357771,499.0,23,166.0,1
7053,7051,7052,499.0,23397,166.0,1,429.0,1572
7054,7052,7053,166.0,378,429.0,1572,409.0,1572
7055,7053,7054,429.0,1450883,409.0,1572,383.0,496
7056,7054,7055,435.0,1452455,383.0,496,355.0,1572
7057,7055,7056,383.0,1449684,355.0,1572,376.0,1572
7058,7056,7057,386.0,1451256,376.0,1572,323.0,874
7059,7057,7058,376.0,1452829,323.0,874,304.0,1572
7060,7058,7059,323.0,1450062,304.0,1572,350.0,707
7061,7059,7060,332.0,1451634,350.0,707,298.0,3196
7062,7060,7061,350.0,1449895,298.0,3196,580.0,664
7063,7061,7062,298.0,1452384,580.0,664,564.0,741
7064,7062,7063,580.0,1548952,564.0,741,562.0,1622
7065,7063,7064,564.0,1453773,562.0,1622,471.0,1
7066,7064,7065,562.0,1455396,471.0,1,527.0,26
7067,7065,7066,471.0,379,527.0,26,530.0,25
7068,7066,7067,533.0,23464,530.0,25,491.0,987
7069,7067,7068,530.0,23490,491.0,987,487.0,1599
7070,7068,7069,493.0,1360275,487.0,1599,483.0,3678
7071,7069,7070,493.0,1361874,483.0,3678,432.0,621
7072,7070,7071,483.0,1456710,432.0,621,409.0,1572
7073,7071,7072,432.0,1453653,409.0,1572,432.0,1572
7074,7072,7073,438.0,1455225,432.0,1572,380.0,995
7075,7073,7074,432.0,1456798,380.0,995,355.0,1572
7076,7074,7075,380.0,1454027,355.0,1572,404.0,2295
7077,7075,7076,383.0,1455599,404.0,2295,332.0,1372
7078,7076,7077,404.0,1455327,332.0,1372,329.0,1572
7079,7077,7078,332.0,1454404,329.0,1572,350.0,2720
7080,7078,7079,329.0,1455977,350.0,2720,585.0,1109
7081,7079,7080,350.0,1455752,585.0,1109,580.0,2670
7082,7080,7081,585.0,1553493,580.0,2670,562.0,1256
7083,7081,7082,580.0,1555054,562.0,1256,561.0,1622
7084,7082,7083,562.0,1458132,561.0,1622,533.0,10
7085,7083,7084,564.0,1459754,533.0,10,527.0,26
7086,7084,7085,533.0,23508,527.0,26,474.0,1
7087,7085,7086,533.0,23534,474.0,1,491.0,1495
7088,7086,7087,474.0,380,491.0,1495,487.0,1599
7089,7087,7088,493.0,1364379,487.0,1599,463.0,1975
7090,7088,7089,493.0,1365978,463.0,1975,429.0,1120
7091,7089,7090,463.0,1458851,429.0,1120,409.0,1572
7092,7090,7091,429.0,1457996,409.0,1572,456.0,3242
7093,7091,7092,435.0,1459568,456.0,3242,371.0,1494
7094,7092,7093,456.0,1460118,371.0,1494,355.0,1572
7095,7093,7094,371.0,1458370,355.0,1572,323.0,299
7096,7094,7095,380.0,1459942,323.0,299,304.0,1572
7097,7095,7096,323.0,1457175,304.0,1572,326.0,1572
7098,7096,7097,332.0,1458747,326.0,1572,298.0,885
7099,7097,7098,326.0,1460320,298.0,885,585.0,2749
7100,7098,7099,298.0,1457761,585.0,2749,468.0,1
7101,7099,7100,585.0,1559229,468.0,1,562.0,1622
7102,7100,7101,468.0,381,562.0,1622,561.0,1622
7103,7101,7102,562.0,1462491,561.0,1622,533.0,18
7104,7102,7103,562.0,1464113,533.0,18,527.0,26
7105,7103,7104,533.0,23578,527.0,26,491.0,403
7106,7104,7105,533.0,23604,491.0,403,496.0,1598
7107,7105,7106,493.0,1366883,496.0,1598,504.0,5
7108,7106,7107,493.0,1368482,504.0,5,166.0,1
7109,7107,7108,504.0,23565,166.0,1,409.0,1572
7110,7108,7109,166.0,381,409.0,1572,432.0,1572
7111,7109,7110,438.0,1462338,432.0,1572,383.0,420
7112,7110,7111,432.0,1463911,383.0,420,355.0,1572
7113,7111,7112,383.0,1461140,355.0,1572,355.0,1572
7114,7112,7113,383.0,1462712,355.0,1572,332.0,797
7115,7113,7114,386.0,1464284,332.0,797,329.0,1572
7116,7114,7115,332.0,1461517,329.0,1572,181.0,1
7117,7115,7116,329.0,1463090,181.0,1,298.0,2889
7118,7116,7117,181.0,381,298.0,2889,466.0,1
7119,7117,7118,298.0,1463609,466.0,1,562.0,663
7120,7118,7119,466.0,382,562.0,663,561.0,1622
7121,7119,7120,562.0,1465227,561.0,1622,471.0,1
7122,7120,7121,564.0,1466849,471.0,1,527.0,25
7123,7121,7122,471.0,382,527.0,25,527.0,26
7124,7122,7123,533.0,23648,527.0,26,491.0,910
7125,7123,7124,533.0,23674,491.0,910,487.0,1599
7126,7124,7125,493.0,1370986,487.0,1599,483.0,3074
7127,7125,7126,493.0,1372585,483.0,3074,432.0,545
7128,7126,7127,483.0,1467638,432.0,545,409.0,1572
7129,7127,7128,432.0,1465109,409.0,1572,429.0,1572
7130,7128,7129,435.0,1466681,429.0,1572,380.0,919
7131,7129,7130,429.0,1468254,380.0,919,355.0,1572
7132,7130,7131,380.0,1465483,355.0,1572,404.0,1704
7133,7131,7132,380.0,1467055,404.0,1704,332.0,1296
7134,7132,7133,404.0,1466268,332.0,1296,326.0,1572
7135,7133,7134,332.0,1465860,326.0,1572,350.0,2413
7136,7134,7135,326.0,1467433,350.0,2413,585.0,859
7137,7135,7136,350.0,1466977,585.0,859,580.0,2363
7138,7136,7137,585.0,1565531,580.0,2363,564.0,1177
7139,7137,7138,580.0,1567035,564.0,1177,562.0,1622
7140,7138,7139,564.0,1469585,562.0,1622,533.0,9
7141,7139,7140,562.0,1471208,533.0,9,527.0,26
7142,7140,7141,533.0,23693,527.0,26,527.0,25
7143,7141,7142,533.0,23719,527.0,25,491.0,1417
7144,7142,7143,533.0,23744,491.0,1417,487.0,1599
7145,7143,7144,493.0,1375089,487.0,1599,463.0,1660
7146,7144,7145,493.0,1376688,463.0,1660,417.0,1044
7147,7145,7146,463.0,1470068,417.0,1044,409.0,1572
7148,7146,7147,417.0,1469452,409.0,1572,456.0,2656
7149,7147,7148,434.0,1471024,456.0,2656,386.0,1417
7150,7148,7149,456.0,1471064,386.0,1417,376.0,1572
7151,7149,7150,386.0,1469825,376.0,1572,306.0,223
7152,7150,7151,376.0,1471398,306.0,223,304.0,1572
7153,7151,7152,306.0,1468631,304.0,1572,326.0,1572
7154,7152,7153,329.0,1470203,326.0,1572,183.0,1
7155,7153,7154,326.0,1471776,183.0,1,585.0,2499
7156,7154,7155,183.0,383,585.0,2499,468.0,1
7157,7155,7156,585.0,1571267,468.0,1,561.0,1622
7158,7156,7157,468.0,384,561.0,1622,561.0,1622
7159,7157,7158,562.0,1473944,561.0,1622,533.0,17
7160,7158,7159,564.0,1475566,533.0,17,527.0,26
7161,7159,7160,533.0,23763,527.0,26,491.0,325
7162,7160,7161,533.0,23789,491.0,325,487.0,1599
7163,7161,7162,493.0,1377593,487.0,1599,487.0,1599
7164,7162,7163,493.0,1379192,487.0,1599,463.0,3721
7165,7163,7164,493.0,1380791,463.0,3721,438.0,1542
7166,7164,7165,463.0,1475973,438.0,1542,432.0,1572
7167,7165,7166,438.0,1473794,432.0,1572,380.0,344
7168,7166,7167,432.0,1475367,380.0,344,355.0,1572
7169,7167,7168,380.0,1472596,355.0,1572,355.0,1572
7170,7168,7169,383.0,1474168,355.0,1572,332.0,721
7171,7169,7170,386.0,1475740,332.0,721,326.0,1572
7172,7170,7171,332.0,1472973,326.0,1572,181.0,1
7173,7171,7172,326.0,1474546,181.0,1,298.0,2584
7174,7172,7173,181.0,384,298.0,2584,466.0,1
7175,7173,7174,298.0,1474836,466.0,1,564.0,584
7176,7174,7175,466.0,385,564.0,584,562.0,1622
7177,7175,7176,564.0,1476680,562.0,1622,561.0,1622
7178,7176,7177,562.0,1478303,561.0,1622,533.0,25
7179,7177,7178,562.0,1479925,533.0,25,527.0,26
7180,7178,7179,533.0,23833,527.0,26,491.0,833
7181,7179,7180,533.0,23859,491.0,833,487.0,1599
7182,7180,7181,493.0,1381697,487.0,1599,483.0,2469
7183,7181,7182,493.0,1383296,483.0,2469,429.0,469
7184,7182,7183,483.0,1478565,429.0,469,409.0,1572
7185,7183,7184,429.0,1476565,409.0,1572,411.0,1572
7186,7184,7185,435.0,1478137,411.0,1572,376.0,843
7187,7185,7186,411.0,1479710,376.0,843,355.0,1572
7188,7186,7187,376.0,1476939,355.0,1572,176.0,1
7189,7187,7188,380.0,1478511,176.0,1,329.0,1220
7190,7188,7189,176.0,385,329.0,1220,326.0,1572
7191,7189,7190,329.0,1477316,326.0,1572,350.0,2105
7192,7190,7191,326.0,1478889,350.0,2105,585.0,609
7193,7191,7192,350.0,1478201,585.0,609,580.0,2057
7194,7192,7193,585.0,1577569,580.0,2057,562.0,1099
7195,7193,7194,580.0,1579017,562.0,1099,561.0,1622
7196,7194,7195,562.0,1481039,561.0,1622,533.0,7
7197,7195,7196,564.0,1482661,533.0,7,527.0,26
7198,7196,7197,533.0,23877,527.0,26,527.0,26
7199,7197,7198,533.0,23903,527.0,26,491.0,1340
7200,7198,7199,533.0,23929,491.0,1340,487.0,1599
7201,7199,7200,493.0,1385800,487.0,1599,463.0,1345
7202,7200,7201,493.0,1387399,463.0,1345,438.0,967
7203,7201,7202,463.0,1481285,438.0,967,432.0,1572
7204,7202,7203,438.0,1480907,432.0,1572,456.0,2069
7205,7203,7204,432.0,1482480,456.0,2069,386.0,1341
7206,7204,7205,456.0,1482009,386.0,1341,355.0,1572
7207,7205,7206,386.0,1481281,355.0,1572,178.0,1
7208,7206,7207,386.0,1482853,178.0,1,326.0,1572
7209,7207,7208,178.0,386,326.0,1572,323.0,1572
7210,7208,7209,326.0,1481659,323.0,1572,183.0,1
7211,7209,7210,323.0,1483232,183.0,1,585.0,2248
7212,7210,7211,183.0,386,585.0,2248,580.0,4062
7213,7211,7212,585.0,1583304,580.0,4062,564.0,1613
7214,7212,7213,580.0,1585118,564.0,1613,562.0,1622
7215,7213,7214,564.0,1485397,562.0,1622,533.0,16
7216,7214,7215,562.0,1487020,533.0,16,527.0,26
7217,7215,7216,533.0,23948,527.0,26,491.0,248
7218,7216,7217,533.0,23974,491.0,248,487.0,1599
7219,7217,7218,493.0,1388304,487.0,1599,487.0,1598
7220,7218,7219,493.0,1389903,487.0,1598,463.0,3406
7221,7219,7220,493.0,1391502,463.0,3406,435.0,1466
7222,7220,7221,463.0,1487190,435.0,1466,429.0,1572
7223,7221,7222,435.0,1485250,429.0,1572,380.0,268
7224,7222,7223,429.0,1486823,380.0,268,355.0,1572
7225,7223,7224,380.0,1484052,355.0,1572,355.0,1572
7226,7224,7225,380.0,1485624,355.0,1572,329.0,645
7227,7225,7226,383.0,1487196,329.0,645,326.0,1572
7228,7226,7227,329.0,1484429,326.0,1572,304.0,1572
7229,7227,7228,326.0,1486002,304.0,1572,298.0,2277
7230,7228,7229,332.0,1487574,298.0,2277,585.0,3888
7231,7229,7230,298.0,1486061,585.0,3888,562.0,506
7232,7230,7231,585.0,1589040,562.0,506,561.0,1622
7233,7231,7232,562.0,1488134,561.0,1622,561.0,1622
7234,7232,7233,562.0,1489756,561.0,1622,533.0,24
7235,7233,7234,564.0,1491378,533.0,24,527.0,26
7236,7234,7235,533.0,24018,527.0,26,491.0,755
7237,7235,7236,533.0,24044,491.0,755,487.0,1599
7238,7236,7237,493.0,1392407,487.0,1599,483.0,1865
7239,7237,7238,493.0,1394006,483.0,1865,438.0,392
7240,7238,7239,483.0,1489493,438.0,392,432.0,1572
7241,7239,7240,438.0,1488020,432.0,1572,409.0,1572
7242,7240,7241,432.0,1489593,409.0,1572,386.0,766
7243,7241,7242,438.0,1491165,386.0,766,376.0,1572
7244,7242,7243,386.0,1488394,376.0,1572,176.0,1
7245,7243,7244,376.0,1489967,176.0,1,326.0,1144
7246,7244,7245,176.0,388,326.0,1144,323.0,1572
7247,7245,7246,326.0,1488772,323.0,1572,350.0,1798
7248,7246,7247,323.0,1490345,350.0,1798,159.0,1
7249,7247,7248,350.0,1489426,159.0,1,580.0,1751
7250,7248,7249,41.0,387,580.0,1751,564.0,1020
7251,7249,7250,580.0,1590999,564.0,1020,562.0,1622
7252,7250,7251,564.0,1492492,562.0,1622,533.0,6
7253,7251,7252,562.0,1494115,533.0,6,527.0,26
7254,7252,7253,533.0,24062,527.0,26,527.0,26
7255,7253,7254,533.0,24088,527.0,26,491.0,1262
7256,7254,7255,533.0,24114,491.0,1262,487.0,1599
7257,7255,7256,493.0,1396510,487.0,1599,463.0,1031
7258,7256,7257,493.0,1398109,463.0,1031,435.0,891
7259,7257,7258,463.0,1492503,435.0,891,429.0,1572
7260,7258,7259,435.0,1492363,429.0,1572,456.0,1483
7261,7259,7260,429.0,1493936,456.0,1483,383.0,1265
7262,7260,7261,456.0,1492955,383.0,1265,355.0,1572
7263,7261,7262,383.0,1492737,355.0,1572,178.0,1
7264,7262,7263,386.0,1494309,178.0,1,326.0,1572
7265,7263,7264,178.0,389,326.0,1572,304.0,1572
7266,7264,7265,326.0,1493115,304.0,1572,350.0,3811
7267,7265,7266,332.0,1494687,350.0,3811,585.0,1998
7268,7266,7267,350.0,1495283,585.0,1998,580.0,3756
7269,7267,7268,585.0,1595342,580.0,3756,562.0,1535
7270,7268,7269,580.0,1597100,562.0,1535,561.0,1622
7271,7269,7270,562.0,1496851,561.0,1622,533.0,14
7272,7270,7271,564.0,1498473,533.0,14,527.0,26
7273,7271,7272,533.0,24132,527.0,26,491.0,171
7274,7272,7273,533.0,24158,491.0,171,489.0,1598
7275,7273,7274,493.0,1399015,489.0,1598,487.0,1599
7276,7274,7275,493.0,1400613,487.0,1599,463.0,3092
7277,7275,7276,493.0,1402212,463.0,3092,435.0,1390
7278,7276,7277,463.0,1498408,435.0,1390,409.0,1572
7279,7277,7278,435.0,1496706,409.0,1572,376.0,192
7280,7278,7279,438.0,1498278,376.0,192,355.0,1572
7281,7279,7280,376.0,1495508,355.0,1572,355.0,1572
7282,7280,7281,380.0,1497080,355.0,1572,326.0,569
7283,7281,7282,383.0,1498652,326.0,569,323.0,1572
7284,7282,7283,326.0,1495885,323.0,1572,304.0,1572
7285,7283,7284,323.0,1497458,304.0,1572,298.0,1971
7286,7284,7285,332.0,1499030,298.0,1971,585.0,3638
7287,7285,7286,298.0,1497287,585.0,3638,562.0,427
7288,7286,7287,585.0,1601078,562.0,427,561.0,1622
7289,7287,7288,562.0,1499587,561.0,1622,562.0,1622
7290,7288,7289,564.0,1501209,562.0,1622,533.0,23
7291,7289,7290,562.0,1502832,533.0,23,527.0,25
7292,7290,7291,533.0,24203,527.0,25,491.0,678
7293,7291,7292,527.0,24229,491.0,678,487.0,1599
7294,7292,7293,493.0,1403118,487.0,1599,483.0,1260
7295,7293,7294,493.0,1404717,483.0,1260,438.0,316
7296,7294,7295,483.0,1500420,438.0,316,432.0,1572
7297,7295,7296,438.0,1499476,432.0,1572,409.0,1572
7298,7296,7297,432.0,1501049,409.0,1572,386.0,690
7299,7297,7298,435.0,1502621,386.0,690,357.0,1572
7300,7298,7299,386.0,1499850,357.0,1572,355.0,1572
7301,7299,7300,357.0,1501423,355.0,1572,326.0,1068
7302,7300,7301,376.0,1502995,326.0,1068,304.0,1572
7303,7301,7302,326.0,1500228,304.0,1572,350.0,1491
7304,7302,7303,332.0,1501800,350.0,1491,159.0,1
7305,7303,7304,350.0,1500651,159.0,1,580.0,1445
7306,7304,7305,41.0,390,580.0,1445,562.0,942
7307,7305,7306,580.0,1602981,562.0,942,561.0,1622
7308,7306,7307,562.0,1503946,561.0,1622,533.0,5
7309,7307,7308,562.0,1505568,533.0,5,527.0,26
7310,7308,7309,533.0,24247,527.0,26,527.0,26
7311,7309,7310,533.0,24273,527.0,26,491.0,1185
7312,7310,7311,533.0,24299,491.0,1185,487.0,1598
7313,7311,7312,493.0,1407221,487.0,1598,463.0,716
7314,7312,7313,493.0,1408820,463.0,716,435.0,815
7315,7313,7314,463.0,1503720,435.0,815,411.0,1572
7316,7314,7315,435.0,1503819,411.0,1572,171.0,1
7317,7315,7316,411.0,1505392,171.0,1,383.0,1189
7318,7316,7317,171.0,392,383.0,1189,355.0,1572
7319,7317,7318,383.0,1504193,355.0,1572,404.0,3801
7320,7318,7319,383.0,1505765,404.0,3801,323.0,1567
7321,7319,7320,404.0,1506805,323.0,1567,304.0,1572
7322,7320,7321,323.0,1504571,304.0,1572,350.0,3503
7323,7321,7322,332.0,1506143,350.0,3503,585.0,1748
7324,7322,7323,350.0,1506507,585.0,1748,580.0,3450
7325,7323,7324,585.0,1607380,580.0,3450,564.0,1456
7326,7324,7325,580.0,1609082,564.0,1456,562.0,1622
7327,7325,7326,564.0,1508304,562.0,1622,533.0,13
7328,7326,7327,562.0,1509927,533.0,13,527.0,26
7329,7327,7328,533.0,24317,527.0,26,509.0,62
7330,7328,7329,533.0,24343,509.0,62,487.0,1599
7331,7329,7330,509.0,24366,487.0,1599,487.0,1599
7332,7330,7331,493.0,1411324,487.0,1599,463.0,2777
7333,7331,7332,493.0,1412923,463.0,2777,432.0,1314
7334,7332,7333,463.0,1509625,432.0,1314,409.0,1572
7335,7333,7334,432.0,1508162,409.0,1572,173.0,1
7336,7334,7335,438.0,1509734,173.0,1,355.0,1572
7337,7335,7336,173.0,393,355.0,1572,355.0,1572
7338,7336,7337,380.0,1508536,355.0,1572,326.0,493
7339,7337,7338,380.0,1510108,326.0,493,304.0,1572
7340,7338,7339,326.0,1507341,304.0,1572,329.0,1572
7341,7339,7340,332.0,1508913,329.0,1572,298.0,1665
7342,7340,7341,329.0,1510486,298.0,1665,585.0,3387
7343,7341,7342,298.0,1508513,585.0,3387,564.0,348
7344,7342,7343,585.0,1613115,564.0,348,562.0,1622
7345,7343,7344,564.0,1511040,562.0,1622,561.0,1622
7346,7344,7345,562.0,1512663,561.0,1622,533.0,21
7347,7345,7346,564.0,1514285,533.0,21,527.0,26
7348,7346,7347,533.0,24387,527.0,26,491.0,600
7349,7347,7348,533.0,24413,491.0,600,487.0,1599
7350,7348,7349,493.0,1413828,487.0,1599,476.0,1
7351,7349,7350,493.0,1415427,476.0,1,435.0,240
7352,7350,7351,476.0,394,435.0,240,429.0,1572
7353,7351,7352,435.0,1510932,429.0,1572,409.0,1572
7354,7352,7353,429.0,1512505,409.0,1572,383.0,614
7355,7353,7354,435.0,1514077,383.0,614,355.0,1572
7356,7354,7355,383.0,1511306,355.0,1572,364.0,1572
7357,7355,7356,386.0,1512878,364.0,1572,323.0,992
7358,7356,7357,364.0,1514451,323.0,992,304.0,1572
7359,7357,7358,323.0,1511684,304.0,1572,350.0,1183
7360,7358,7359,332.0,1513256,350.0,1183,298.0,3670
7361,7359,7360,350.0,1511875,298.0,3670,580.0,1139
7362,7360,7361,298.0,1514362,580.0,1139,562.0,863
7363,7361,7362,580.0,1614963,562.0,863,561.0,1622
7364,7362,7363,562.0,1515399,561.0,1622,533.0,4
7365,7363,7364,564.0,1517021,533.0,4,527.0,26
7366,7364,7365,533.0,24432,527.0,26,527.0,25
7367,7365,7366,533.0,24458,527.0,25,491.0,1107
7368,7366,7367,533.0,24483,491.0,1107,487.0,1599
7369,7367,7368,493.0,1417931,487.0,1599,161.0,1
7370,7368,7369,493.0,1419530,161.0,1,432.0,739
7371,7369,7370,161.0,395,432.0,739,409.0,1572
7372,7370,7371,432.0,1515275,409.0,1572,171.0,1
7373,7371,7372,438.0,1516847,171.0,1,380.0,1113
7374,7372,7373,171.0,395,380.0,1113,355.0,1572
7375,7373,7374,380.0,1515649,355.0,1572,404.0,3210
7376,7374,7375,383.0,1517221,404.0,3210,332.0,1490
7377,7375,7376,404.0,1517746,332.0,1490,329.0,1572
7378,7376,7377,332.0,1516026,329.0,1572,350.0,3196
7379,7377,7378,329.0,1517599,350.0,3196,585.0,1497
7380,7378,7379,350.0,1517732,585.0,1497,580.0,3144
7381,7379,7380,585.0,1619417,580.0,3144,562.0,1378
7382,7380,7381,580.0,1621064,562.0,1378,561.0,1622
7383,7381,7382,562.0,1519758,561.0,1622,533.0,12
7384,7382,7383,563.0,1521380,533.0,12,527.0,26
7385,7383,7384,533.0,24502,527.0,26,474.0,1
7386,7384,7385,533.0,24528,474.0,1,487.0,1599
7387,7385,7386,474.0,396,487.0,1599,489.0,1598
7388,7386,7387,493.0,1422035,489.0,1598,463.0,2462
7389,7387,7388,493.0,1423633,463.0,2462,429.0,1238
7390,7388,7389,463.0,1520842,429.0,1238,409.0,1572
7391,7389,7390,429.0,1519618,409.0,1572,173.0,1
7392,7390,7391,435.0,1521190,173.0,1,364.0,1572
7393,7391,7392,173.0,396,364.0,1572,355.0,1572
7394,7392,7393,364.0,1519992,355.0,1572,323.0,417
7395,7393,7394,380.0,1521564,323.0,417,304.0,1572
7396,7394,7395,323.0,1518797,304.0,1572,326.0,1572
7397,7395,7396,332.0,1520369,326.0,1572,298.0,1359
7398,7396,7397,326.0,1521942,298.0,1359,585.0,3137
7399,7397,7398,298.0,1519739,585.0,3137,562.0,270
7400,7398,7399,585.0,1625153,562.0,270,561.0,1622
7401,7399,7400,562.0,1522494,561.0,1622,562.0,1622
7402,7400,7401,564.0,1524116,562.0,1622,533.0,20
7403,7401,7402,562.0,1525739,533.0,20,527.0,26
7404,7402,7403,533.0,24572,527.0,26,491.0,523
7405,7403,7404,533.0,24598,491.0,523,487.0,1599
7406,7404,7405,493.0,1424539,487.0,1599,476.0,1
7407,7405,7406,493.0,1426138,476.0,1,432.0,164
7408,7406,7407,476.0,397,432.0,164,409.0,1572
7409,7407,7408,432.0,1522388,409.0,1572,432.0,1572
7410,7408,7409,438.0,1523960,432.0,1572,383.0,538
7411,7409,7410,432.0,1525533,383.0,538,355.0,1572
7412,7410,7411,383.0,1522762,355.0,1572,355.0,1572
7413,7411,7412,383.0,1524334,355.0,1572,332.0,915
7414,7412,7413,386.0,1525906,332.0,915,329.0,1572
7415,7413,7414,332.0,1523139,329.0,1572,350.0,876
7416,7414,7415,329.0,1524712,350.0,876,298.0,3364
7417,7415,7416,350.0,1523100,298.0,3364,580.0,833
7418,7416,7417,298.0,1525588,580.0,833,564.0,784
7419,7417,7418,580.0,1626945,564.0,784,562.0,1622
7420,7418,7419,564.0,1526852,562.0,1622,533.0,2
7421,7419,7420,562.0,1528475,533.0,2,527.0,26
7422,7420,7421,533.0,24616,527.0,26,527.0,26
7423,7421,7422,533.0,24642,527.0,26,491.0,1030
7424,7422,7423,533.0,24668,491.0,1030,487.0,1598
7425,7423,7424,493.0,1428642,487.0,1598,161.0,1
7426,7424,7425,493.0,1430241,161.0,1,432.0,663
7427,7425,7426,161.0,398,432.0,663,409.0,1572
7428,7426,7427,432.0,1526731,409.0,1572,429.0,1572
7429,7427,7428,435.0,1528303,429.0,1572,380.0,1037
7430,7428,7429,429.0,1529876,380.0,1037,355.0,1572
7431,7429,7430,380.0,1527105,355.0,1572,404.0,2619
7432,7430,7431,380.0,1528677,404.0,2619,332.0,1414
7433,7431,7432,404.0,1528687,332.0,1414,326.0,1572
7434,7432,7433,332.0,1527482,326.0,1572,350.0,2889
7435,7433,7434,326.0,1529055,350.0,2889,585.0,1247
7436,7434,7435,350.0,1528957,585.0,1247,580.0,2838
7437,7435,7436,585.0,1631455,580.0,2838,562.0,1299
7438,7436,7437,580.0,1633046,562.0,1299,561.0,1622
7439,7437,7438,562.0,1531211,561.0,1622,533.0,11
7440,7438,7439,566.0,1532833,533.0,11,527.0,26
7441,7439,7440,533.0,24687,527.0,26,474.0,1
7442,7440,7441,533.0,24713,474.0,1,491.0,1537
7443,7441,7442,474.0,399,491.0,1537,487.0,1599
7444,7442,7443,493.0,1432745,487.0,1599,463.0,2147
7445,7443,7444,493.0,1434344,463.0,2147,411.0,1162
7446,7444,7445,463.0,1532059,411.0,1162,409.0,1572
7447,7445,7446,411.0,1531074,409.0,1572,456.0,3564
7448,7446,7447,432.0,1532646,456.0,3564,386.0,1535
7449,7447,7448,456.0,1533476,386.0,1535,374.0,1572
7450,7448,7449,386.0,1531447,374.0,1572,332.0,340
7451,7449,7450,374.0,1533020,332.0,340,329.0,1572
7452,7450,7451,332.0,1530252,329.0,1572,326.0,1572
7453,7451,7452,329.0,1531825,326.0,1572,298.0,1053
7454,7452,7453,326.0,1533398,298.0,1053,585.0,2887
7455,7453,7454,298.0,1530965,585.0,2887,564.0,191
7456,7454,7455,585.0,1637191,564.0,191,562.0,1622
7457,7455,7456,564.0,1533947,562.0,1622,561.0,1622
7458,7456,7457,562.0,1535570,561.0,1622,533.0,19
7459,7457,7458,564.0,1537192,533.0,19,527.0,26
7460,7458,7459,533.0,24757,527.0,26,491.0,445
7461,7459,7460,533.0,24783,491.0,445,487.0,1599
7462,7460,7461,493.0,1435249,487.0,1599,504.0,49
7463,7461,7462,493.0,1436848,504.0,49,166.0,1
7464,7462,7463,504.0,24787,166.0,1,409.0,1572
7465,7463,7464,166.0,400,409.0,1572,432.0,1572
7466,7464,7465,438.0,1535416,432.0,1572,380.0,462
7467,7465,7466,432.0,1536989,380.0,462,355.0,1572
7468,7466,7467,380.0,1534218,355.0,1572,355.0,1572
7469,7467,7468,383.0,1535790,355.0,1572,332.0,839
7470,7468,7469,383.0,1537362,332.0,839,326.0,1572
7471,7469,7470,332.0,1534595,326.0,1572,181.0,1
7472,7470,7471,326.0,1536168,181.0,1,298.0,3058
7473,7471,7472,181.0,400,298.0,3058,41.0,1
