type,region,thread,data1,data2,data3,data4,data5,data6,data7,data8,data9,data10,data11,data12,data13,data14,data15,data16,data17,data18,data19,data20,data21,data22,data23,data24,data25,data26,data27,data28,data29,data30,data31,data32,data33,data34,data35,data36,data37,data38,data39,data40,data41,data42,data43,data44,data45,data46,data47,data48,data49,data50,data51,data52,data53,data54,data55,data56,data57,data58,data59,data60,data61,data62,data63,data64,data65,data66,data67,data68,data69,data70,data71,data72,data73,data74,data75,data76,data77,data78,data79,data80,data81,data82,data83,data84,data85,data86,data87,data88,data89,data90,data91,data92,data93,data94,data95,data96,data97,data98,data99,data100
bbv,0,0,1,1,1,7,1,1,8,8,4,4,120,4,4,15,8,1,1,1,1,8192,8192,8192,8192,1048576,8192,8192,1,17,17,17,1,1,127,1,1,1,1,7,1,31,31,31,120,120,30,241,210,210,300,241,211,211,302,211,241,7749,7749,30819,30819,30819,30819,30819,986195,30818,7748,240,1,1,31,31,30,30,30,960,960,960,245760,992,992,992,253952,1,1,1,32,32,32,8192,4194304,8192,,,,,,,,,,
csv,0,0,43,258216114,258216116,258216158,258216163,258216166,258217564,258217571,258217592,258217598,258218622,258218624,258216372,258216508,258218629,258218632,108,115,73334974,72799523,72799537,72799584,72799592,72803813,72803849,72803852,73334992,73335271,73335276,73335281,73335289,73335291,73336688,258216074,258218641,258218670,258218672,258218714,258218720,399656820,399656953,399657032,398047066,398376121,398376143,399657186,398047159,398047226,398047351,399657275,399657340,399657366,399657556,399657666,399657776,399998225,399998296,399998430,399998508,399998595,399998779,399998833,400000023,399998043,399998120,398376083,258218785,258218791,398940520,398940551,398376188,398376215,398940466,398918381,398918412,398940400,398940376,399632565,399632636,399656715,399656607,73336746,73336752,258216046,249613490,249613544,255293607,255270114,255293513,255293560,,,,,,,,,,
bb_id,0,0,29,31,33,35,36,37,38,39,40,41,42,43,44,45,46,47,78,79,80,81,82,83,84,85,86,88,90,91,92,94,95,96,97,98,99,175,176,177,178,224,226,227,228,239,240,241,242,243,244,245,246,247,248,249,250,251,252,253,254,255,256,260,261,262,263,264,290,291,293,294,295,296,297,298,299,300,301,302,303,304,305,306,307,308,309,310,311,312,313,314,,,,,,,,,,
bbv,0,1,1,1,1,8192,8192,8192,8192,1048576,8192,8192,33,33,33,130,129,32,260,227,227,322,260,228,228,328,228,260,8388,8388,33177,33177,33177,33177,33177,1061633,33176,8387,259,1,1,33,33,32,32,32,1024,1024,1024,262144,1056,1056,1056,270336,1,1,1,32,32,32,8192,4194304,8192,,,,,,,,,,,,,,,,,,,,,,,,,,,,,,,,,,,,,,,
csv,0,1,338,505,73334983,73264709,73264740,73264770,73264778,73269311,73269330,73269367,398722811,398722860,398722953,399921898,399502079,397680050,399921938,399921992,399922070,399922154,399922194,399922263,399922308,399922537,399922681,399922895,399999467,399999497,399999631,399999698,399999754,399999938,399999992,400000044,399999327,399999383,399921819,258218991,258219062,398312049,398312069,397680115,397680164,398311995,398292518,398292590,398311982,398311937,398707648,398707707,398722753,398722709,73336784,73336814,258216049,255270872,255270926,258216040,258210402,258216034,258216037,,,,,,,,,,,,,,,,,,,,,,,,,,,,,,,,,,,,,,,
bb_id,0,1,78,79,80,81,82,83,84,85,86,88,224,226,227,228,239,240,241,242,243,244,245,246,247,248,249,250,251,252,253,254,255,256,260,261,262,263,264,290,291,293,294,295,296,297,298,299,300,301,302,303,304,305,306,307,308,309,310,311,312,313,314,,,,,,,,,,,,,,,,,,,,,,,,,,,,,,,,,,,,,,,
bbv,0,2,1,1,1,8192,8192,8192,8192,1048576,8192,8192,34,34,34,136,136,34,272,238,238,340,272,238,238,340,238,272,8670,8670,34816,34816,34816,34816,34816,1114112,34816,8670,272,1,1,34,34,34,34,33,1067,1067,1066,273140,1088,1088,1088,278528,1,1,1,32,32,32,8192,4194304,8192,,,,,,,,,,,,,,,,,,,,,,,,,,,,,,,,,,,,,,,
csv,0,2,72,79,73334980,72767874,72767905,72767952,72768011,72776816,72776852,72776906,396816590,396816615,396816659,399373244,399768554,399768555,399373305,399373359,399373416,399373532,399373589,398984974,398985045,398646838,398985184,399373646,399373730,399373812,399765244,399765312,399765431,399765574,399765597,399768264,399768352,399768377,399768462,258218868,258218874,396178767,396178798,399768643,399768776,396178713,399981584,399981615,399981496,400000002,396797847,396797939,396816531,396816465,73336716,73336718,258216043,254502014,254502046,258077117,258059282,258077078,258077081,,,,,,,,,,,,,,,,,,,,,,,,,,,,,,,,,,,,,,,
bb_id,0,2,78,79,80,81,82,83,84,85,86,88,224,226,227,228,239,240,241,242,243,244,245,246,247,248,249,250,251,252,253,254,255,256,260,261,262,263,264,290,291,293,294,295,296,297,298,299,300,301,302,303,304,305,306,307,308,309,310,311,312,313,314,,,,,,,,,,,,,,,,,,,,,,,,,,,,,,,,,,,,,,,
bbv,0,3,1,1,1,8192,8192,8192,8192,1048576,8192,8192,33,33,33,129,129,32,259,226,226,321,259,227,227,326,227,259,8378,8378,33127,33127,33127,33127,33127,1060062,33126,8377,258,1,1,33,33,32,32,32,1024,1024,1024,262144,1056,1056,1056,270336,1,1,1,32,32,32,8192,4194304,8192,,,,,,,,,,,,,,,,,,,,,,,,,,,,,,,,,,,,,,,
csv,0,3,309,498,73334977,73332755,73332769,73332782,73332790,73334966,73334968,73334971,398847093,398847128,398847182,399261057,399676501,397830332,399676573,399676617,399676706,399676780,399676827,399676896,399676962,399677171,399677203,399677303,399989667,399989738,399996563,399996641,399996749,399996906,399997026,400000065,399996429,399989614,399676430,258219056,258219068,398409807,398409868,397830449,397830500,398409744,398396639,398396659,398409698,398409564,398831205,398831234,398847024,398846969,73336812,73336836,258216052,250419346,250419389,256479732,256453297,256479660,256479674,,,,,,,,,,,,,,,,,,,,,,,,,,,,,,,,,,,,,,,
bb_id,0,3,78,79,80,81,82,83,84,85,86,88,224,226,227,228,239,240,241,242,243,244,245,246,247,248,249,250,251,252,253,254,255,256,260,261,262,263,264,290,291,293,294,295,296,297,298,299,300,301,302,303,304,305,306,307,308,309,310,311,312,313,314,,,,,,,,,,,,,,,,,,,,,,,,,,,,,,,,,,,,,,,
bbv,1,0,85,85,85,343,342,85,685,600,600,856,685,600,600,858,600,685,21826,21826,87629,87629,87629,87629,87628,2804109,87629,21826,685,85,85,85,85,85,2720,2720,2720,696320,2720,2720,2720,696320,,,,,,,,,,,,,,,,,,,,,,,,,,,,,,,,,,,,,,,,,,,,,,,,,,,,,,,,,,,,
csv,1,0,397719301,397719326,397719370,399856806,399517366,396391475,399856867,399856921,399856968,399857056,399857169,399857237,399857374,399857428,399857485,399857605,399952237,399952256,399999737,399999829,399999874,400000117,399997455,399999615,399999666,399952142,399856790,397024364,397024405,396391581,396391588,397024331,397006101,397006184,397024297,397024242,397695348,397695440,397719242,397719134,,,,,,,,,,,,,,,,,,,,,,,,,,,,,,,,,,,,,,,,,,,,,,,,,,,,,,,,,,,,
bb_id,1,0,224,226,227,228,239,240,241,242,243,244,245,246,247,248,249,250,251,252,253,254,255,256,260,261,262,263,264,293,294,295,296,297,298,299,300,301,302,303,304,305,,,,,,,,,,,,,,,,,,,,,,,,,,,,,,,,,,,,,,,,,,,,,,,,,,,,,,,,,,,,
bbv,1,1,94,94,94,374,375,94,749,655,655,938,749,655,655,934,655,749,23807,23807,95912,95912,95912,95912,95912,3069203,95912,23807,749,94,94,94,94,94,3008,3008,3008,770048,3008,3008,3008,770048,,,,,,,,,,,,,,,,,,,,,,,,,,,,,,,,,,,,,,,,,,,,,,,,,,,,,,,,,,,,
csv,1,1,399779699,399779734,399779788,398240942,398698757,398698779,399779849,398241161,398241229,398241335,399779906,399779960,399780017,399780164,399780221,399780299,399997766,399997806,399997888,399997976,399998032,399998174,399998197,400000138,399997657,399997713,398698707,399279510,399279551,398698846,398698874,399279477,399265071,399265112,399279443,399279388,399759938,399759977,399779609,399779533,,,,,,,,,,,,,,,,,,,,,,,,,,,,,,,,,,,,,,,,,,,,,,,,,,,,,,,,,,,,
bb_id,1,1,224,226,227,228,239,240,241,242,243,244,245,246,247,248,249,250,251,252,253,254,255,256,260,261,262,263,264,293,294,295,296,297,298,299,300,301,302,303,304,305,,,,,,,,,,,,,,,,,,,,,,,,,,,,,,,,,,,,,,,,,,,,,,,,,,,,,,,,,,,,
bbv,1,2,91,91,91,364,364,91,728,637,637,910,728,637,637,910,637,728,23205,23205,93184,93184,93184,93184,93184,2981888,93184,23205,728,92,92,91,91,92,2933,2933,2934,750860,2917,2917,2916,746578,,,,,,,,,,,,,,,,,,,,,,,,,,,,,,,,,,,,,,,,,,,,,,,,,,,,,,,,,,,,
csv,1,2,396140465,396140490,396140570,398874198,399264462,399264524,398874290,398874344,398874422,398874538,398874647,398453207,398453254,397999574,398453280,398874767,398874851,398874881,399261383,399261510,399261576,399261731,399261774,399264271,399264295,399264372,399264423,399917211,399917345,399264595,399264668,399917148,399893683,399893756,399917067,399916997,399994175,399994204,399994110,400000016,,,,,,,,,,,,,,,,,,,,,,,,,,,,,,,,,,,,,,,,,,,,,,,,,,,,,,,,,,,,
bb_id,1,2,224,226,227,228,239,240,241,242,243,244,245,246,247,248,249,250,251,252,253,254,255,256,260,261,262,263,264,293,294,295,296,297,298,299,300,301,302,303,304,305,,,,,,,,,,,,,,,,,,,,,,,,,,,,,,,,,,,,,,,,,,,,,,,,,,,,,,,,,,,,
bbv,1,3,93,93,93,374,374,93,748,655,655,937,748,655,655,934,655,748,23751,23751,95745,95745,95745,95745,95744,3063810,95745,23751,748,93,93,93,93,93,2976,2976,2976,761856,2976,2976,2976,761856,,,,,,,,,,,,,,,,,,,,,,,,,,,,,,,,,,,,,,,,,,,,,,,,,,,,,,,,,,,,
csv,1,3,397253339,397253395,397253428,399381847,399705722,396217909,399705772,399705819,399705834,399706028,399706154,399706188,399706203,399382419,399706218,399706316,399876987,399877048,399999553,399999662,399999793,400000006,399996394,399999353,399999409,399876934,399705704,396739066,396739107,396218039,396218130,396738922,396723327,396723389,396738853,396738824,397237060,397237120,397253270,397253246,,,,,,,,,,,,,,,,,,,,,,,,,,,,,,,,,,,,,,,,,,,,,,,,,,,,,,,,,,,,
bb_id,1,3,224,226,227,228,239,240,241,242,243,244,245,246,247,248,249,250,251,252,253,254,255,256,260,261,262,263,264,293,294,295,296,297,298,299,300,301,302,303,304,305,,,,,,,,,,,,,,,,,,,,,,,,,,,,,,,,,,,,,,,,,,,,,,,,,,,,,,,,,,,,
bbv,2,0,86,86,86,344,344,86,688,602,602,860,688,602,602,860,602,688,21930,21930,88072,88072,88072,88072,88073,2818316,88072,21930,688,86,86,86,86,86,2752,2752,2752,704512,2752,2752,2752,704512,,,,,,,,,,,,,,,,,,,,,,,,,,,,,,,,,,,,,,,,,,,,,,,,,,,,,,,,,,,,
csv,2,0,397683955,397683980,397684002,399791136,399309982,396642537,399791208,399791294,399791320,399791426,399791559,399791582,399791676,399791743,399791769,399791959,399913279,399913372,399998175,399998266,399998347,399998572,399998698,400000041,399997936,399913226,399791046,397250834,397250854,396642583,396642600,397250780,397231460,397231522,397250767,397250712,397668950,397669020,397683918,397683853,,,,,,,,,,,,,,,,,,,,,,,,,,,,,,,,,,,,,,,,,,,,,,,,,,,,,,,,,,,,
bb_id,2,0,224,226,227,228,239,240,241,242,243,244,245,246,247,248,249,250,251,252,253,254,255,256,260,261,262,263,264,293,294,295,296,297,298,299,300,301,302,303,304,305,,,,,,,,,,,,,,,,,,,,,,,,,,,,,,,,,,,,,,,,,,,,,,,,,,,,,,,,,,,,
bbv,2,1,91,91,91,366,365,91,731,640,640,912,731,640,640,916,640,731,23374,23374,93576,93576,93576,93576,93576,2994413,93576,23374,731,91,91,91,91,91,2912,2912,2912,745472,2912,2912,2912,745472,,,,,,,,,,,,,,,,,,,,,,,,,,,,,,,,,,,,,,,,,,,,,,,,,,,,,,,,,,,,
csv,2,1,398331542,398331588,398331600,399742740,399278777,397369935,399742770,399742915,399742964,399743038,399743131,399743137,399743174,399743308,399743381,399743463,399999240,399999354,399999499,399999588,399999707,399999892,399999999,400000083,399999078,399999145,399742678,397848215,397848235,397369980,397370028,397848178,397830765,397830785,397848123,397848068,398316955,398316973,398331515,398331460,,,,,,,,,,,,,,,,,,,,,,,,,,,,,,,,,,,,,,,,,,,,,,,,,,,,,,,,,,,,
bb_id,2,1,224,226,227,228,239,240,241,242,243,244,245,246,247,248,249,250,251,252,253,254,255,256,260,261,262,263,264,293,294,295,296,297,298,299,300,301,302,303,304,305,,,,,,,,,,,,,,,,,,,,,,,,,,,,,,,,,,,,,,,,,,,,,,,,,,,,,,,,,,,,
bbv,2,2,95,95,95,379,379,94,759,664,664,948,759,665,665,950,665,759,24223,24223,97029,97029,97029,97029,97029,3104917,97028,24222,758,94,94,94,94,94,3008,3008,3008,770048,3035,3035,3036,777134,,,,,,,,,,,,,,,,,,,,,,,,,,,,,,,,,,,,,,,,,,,,,,,,,,,,,,,,,,,,
csv,2,2,397537542,397537576,397537598,399537465,399984059,396629595,399984152,399984238,399984306,399984391,399984480,399984566,399984592,399538072,399984639,399984707,399984802,399984874,399997864,399997932,399997971,399998114,399998177,400000020,399997740,399983945,399984030,397131354,397131427,396629662,396629711,397131290,397115777,397115797,397131277,397131251,397528460,397528478,397537515,397537492,,,,,,,,,,,,,,,,,,,,,,,,,,,,,,,,,,,,,,,,,,,,,,,,,,,,,,,,,,,,
bb_id,2,2,224,226,227,228,239,240,241,242,243,244,245,246,247,248,249,250,251,252,253,254,255,256,260,261,262,263,264,293,294,295,296,297,298,299,300,301,302,303,304,305,,,,,,,,,,,,,,,,,,,,,,,,,,,,,,,,,,,,,,,,,,,,,,,,,,,,,,,,,,,,
bbv,2,3,92,92,92,367,366,92,733,641,641,914,733,641,641,918,641,733,23436,23436,93767,93767,93767,93767,93768,3000561,93767,23436,733,92,92,92,92,92,2944,2944,2944,753664,2944,2944,2944,753664,,,,,,,,,,,,,,,,,,,,,,,,,,,,,,,,,,,,,,,,,,,,,,,,,,,,,,,,,,,,
csv,2,3,398408452,398408498,398408521,399831062,399362225,397424198,399831092,399831199,399831267,399831362,399831451,399831516,399831605,399831774,399831825,399832022,399975176,399975227,399998450,399998619,399998675,399998820,399998843,400000062,399998312,399975109,399831035,397912224,397912276,397424242,397424279,397912202,397894656,397894753,397912147,397912134,398390250,398390342,398408372,398408285,,,,,,,,,,,,,,,,,,,,,,,,,,,,,,,,,,,,,,,,,,,,,,,,,,,,,,,,,,,,
bb_id,2,3,224,226,227,228,239,240,241,242,243,244,245,246,247,248,249,250,251,252,253,254,255,256,260,261,262,263,264,293,294,295,296,297,298,299,300,301,302,303,304,305,,,,,,,,,,,,,,,,,,,,,,,,,,,,,,,,,,,,,,,,,,,,,,,,,,,,,,,,,,,,
bbv,3,0,1,1,1,1,7,1,105,105,105,418,418,105,836,731,731,1044,836,731,731,1044,731,836,26696,26696,107037,107037,107037,107037,107037,3425177,107037,26696,836,1,1,51,51,50,50,50,12800,12800,12800,12800,102400,12800,12800,13056,13056,13056,104448,13056,13056,1,54,54,55,55,55,1760,1760,1760,450560,1728,1728,1728,442368,,,,,,,,,,,,,,,,,,,,,,,,,,,,,,,,,
csv,3,0,184479513,184479514,184479541,184479543,184479585,184479591,399179750,399179821,399179844,399687829,398680633,398680676,399687901,399688085,399688092,398199419,399688200,399688291,399688373,399688624,399688671,399688739,399999041,399999086,399999185,399999251,399999351,399999499,399999559,400000065,399998930,399998979,399687797,184479762,184479770,398937379,398937441,398680701,398680815,398937345,398936343,398936431,398936475,398936602,398937169,398937212,398937279,399178898,399178947,399178973,399179582,399179667,399179691,184479457,183379602,183379612,184396980,184396987,184479454,184476878,184476888,184479451,184479448,183459377,183459385,183461948,183461945,,,,,,,,,,,,,,,,,,,,,,,,,,,,,,,,,
bb_id,3,0,180,182,183,184,185,186,224,226,227,228,239,240,241,242,243,244,245,246,247,248,249,250,251,252,253,254,255,256,260,261,262,263,264,265,266,268,269,270,271,272,273,274,275,276,277,278,280,282,283,284,285,286,288,292,293,294,295,296,297,298,299,300,301,302,303,304,305,,,,,,,,,,,,,,,,,,,,,,,,,,,,,,,,,
bbv,3,1,91,91,91,365,366,91,731,640,640,916,731,640,640,912,640,731,23224,23224,93538,93538,93537,93537,93537,2993215,93538,23224,731,1,1,53,53,52,52,52,13312,13312,13312,13312,106496,13312,13312,13568,13568,13568,108544,13568,13568,1,38,38,39,39,39,1248,1248,1248,319488,1216,1216,1216,311296,,,,,,,,,,,,,,,,,,,,,,,,,,,,,,,,,,,,,,,
csv,3,1,397114616,397114683,397114731,399382912,399844961,396626986,399845060,399845164,399845190,399845418,399845491,399845577,399845687,399383688,399845734,399845844,399845939,399846032,399999902,400000014,399996683,399996868,399996975,399999764,399999819,399844828,399844932,184479872,184479959,396879137,396879262,396627011,396627104,396879061,396877676,396877832,396877897,396877923,396878660,396878811,396878892,397113598,397113689,397113761,397114469,397114533,397114578,184479466,159054831,159054883,163021878,163021969,163762347,163739549,163739580,163762239,163762236,159648245,159648377,159666281,159666194,,,,,,,,,,,,,,,,,,,,,,,,,,,,,,,,,,,,,,,
bb_id,3,1,224,226,227,228,239,240,241,242,243,244,245,246,247,248,249,250,251,252,253,254,255,256,260,261,262,263,264,265,266,268,269,270,271,272,273,274,275,276,277,278,280,282,283,284,285,286,288,292,293,294,295,296,297,298,299,300,301,302,303,304,305,,,,,,,,,,,,,,,,,,,,,,,,,,,,,,,,,,,,,,,
bbv,3,2,89,89,89,357,357,90,713,624,624,892,713,623,623,890,623,713,22697,22697,91387,91387,91387,91387,91387,2924395,91388,22698,714,1,1,53,53,53,53,52,13498,13497,13497,13497,107976,13497,13497,13568,13568,13568,108544,13568,13568,1,36,36,37,37,37,1184,1184,1184,303104,1152,1152,1152,294912,,,,,,,,,,,,,,,,,,,,,,,,,,,,,,,,,,,,,,,
csv,3,2,396254128,396254153,396254300,399370732,399822690,399822754,399370766,399370835,399370935,399371132,399371158,398922509,398922582,398472555,398922654,399371273,399371386,399371521,399818677,399818745,399818815,399819124,399819194,399822564,399822610,399822635,399822678,184479656,184479664,396009454,396009537,399822819,399822891,396009378,400000044,399999092,399999194,399999225,399999806,399999841,399999988,396253211,396253241,396253309,396253876,396253923,396254029,184479460,156050918,156050969,159722861,159722952,160406490,160386678,160386729,160406425,160406360,156466977,156466995,156482344,156482319,,,,,,,,,,,,,,,,,,,,,,,,,,,,,,,,,,,,,,,
bb_id,3,2,224,226,227,228,239,240,241,242,243,244,245,246,247,248,249,250,251,252,253,254,255,256,260,261,262,263,264,265,266,268,269,270,271,272,273,274,275,276,277,278,280,282,283,284,285,286,288,292,293,294,295,296,297,298,299,300,301,302,303,304,305,,,,,,,,,,,,,,,,,,,,,,,,,,,,,,,,,,,,,,,
bbv,3,3,91,91,91,365,365,91,730,639,639,914,730,639,639,912,639,730,23224,23224,93394,93394,93393,93393,93393,2988591,93394,23224,730,1,1,53,53,52,52,52,13312,13312,13312,13312,106496,13312,13312,13568,13568,13568,108544,13568,13568,1,38,38,39,39,39,1248,1248,1248,319488,1216,1216,1216,311296,,,,,,,,,,,,,,,,,,,,,,,,,,,,,,,,,,,,,,,
csv,3,3,397713094,397713227,397713250,399998833,399573770,397229394,399998905,399998953,399999009,399999124,399999220,399999295,399999398,399999531,399999557,399999648,399999743,399999815,399999963,400000040,399996283,399996409,399996415,399998566,399998654,399998679,399998764,184479937,184479967,397477043,397477105,397229482,397229575,397476967,397475940,397476023,397476175,397476224,397476875,397476897,397476943,397712261,397712289,397712336,397712962,397713028,397713052,184479463,160592935,160592965,164283627,164283634,164488415,164482407,164482417,164488370,164488367,161132490,161132645,161156565,161156415,,,,,,,,,,,,,,,,,,,,,,,,,,,,,,,,,,,,,,,
bb_id,3,3,224,226,227,228,239,240,241,242,243,244,245,246,247,248,249,250,251,252,253,254,255,256,260,261,262,263,264,265,266,268,269,270,271,272,273,274,275,276,277,278,280,282,283,284,285,286,288,292,293,294,295,296,297,298,299,300,301,302,303,304,305,,,,,,,,,,,,,,,,,,,,,,,,,,,,,,,,,,,,,,,
bbv,4,0,93,93,93,373,373,93,746,653,653,932,746,653,653,934,653,746,23772,23772,95429,95429,95429,95429,95429,3053742,95429,23772,746,93,93,93,93,93,23808,23808,23808,23808,190464,23808,23808,23808,23808,23808,190464,23808,23808,,,,,,,,,,,,,,,,,,,,,,,,,,,,,,,,,,,,,,,,,,,,,,,,,,,,,,,
csv,4,0,398418810,398418898,398418921,399910166,399428501,397936406,399910205,399910296,399910385,399910459,399910527,399910571,399910660,399910792,399910826,399910900,399994174,399994246,399997622,399997753,399997872,399998037,399998106,400000045,399997498,399994095,399910112,398180102,398180164,397936498,397936549,398180038,398179033,398179222,398179315,398179463,398179889,398179932,398180003,398417962,398417990,398418098,398418663,398418727,398418751,,,,,,,,,,,,,,,,,,,,,,,,,,,,,,,,,,,,,,,,,,,,,,,,,,,,,,,
bb_id,4,0,224,226,227,228,239,240,241,242,243,244,245,246,247,248,249,250,251,252,253,254,255,256,260,261,262,263,264,268,269,270,271,272,273,274,275,276,277,278,280,282,283,284,285,286,288,,,,,,,,,,,,,,,,,,,,,,,,,,,,,,,,,,,,,,,,,,,,,,,,,,,,,,,
bbv,4,1,98,98,98,393,392,98,785,687,687,982,785,686,686,980,686,785,24992,24992,100442,100442,100443,100443,100443,3214146,100442,24992,785,98,98,98,98,98,25088,25088,25088,25088,200704,25088,25088,25088,25088,25088,200704,25088,25088,,,,,,,,,,,,,,,,,,,,,,,,,,,,,,,,,,,,,,,,,,,,,,,,,,,,,,,
csv,4,1,396836610,396836635,396836759,399983546,399536656,396354874,399983658,399983824,399983873,399984086,399984174,399537367,399537443,399083627,399537522,399984225,399984288,399984428,399999414,399999487,399999606,399999770,399999856,400000003,399999296,399983431,399983437,396599846,396599943,396354899,396354992,396599744,396598754,396598863,396598919,396599022,396599587,396599634,396599720,396835508,396835599,396835667,396836297,396836424,396836537,,,,,,,,,,,,,,,,,,,,,,,,,,,,,,,,,,,,,,,,,,,,,,,,,,,,,,,
bb_id,4,1,224,226,227,228,239,240,241,242,243,244,245,246,247,248,249,250,251,252,253,254,255,256,260,261,262,263,264,268,269,270,271,272,273,274,275,276,277,278,280,282,283,284,285,286,288,,,,,,,,,,,,,,,,,,,,,,,,,,,,,,,,,,,,,,,,,,,,,,,,,,,,,,,
bbv,4,2,99,99,99,394,394,98,789,690,690,984,789,691,691,989,691,789,25233,25233,100906,100906,100906,100906,100906,3228969,100905,25232,788,99,99,98,98,99,25158,25159,25159,25159,201272,25159,25159,25344,25344,25344,202752,25344,25344,,,,,,,,,,,,,,,,,,,,,,,,,,,,,,,,,,,,,,,,,,,,,,,,,,,,,,,
csv,4,2,397996049,397996120,397996225,399396369,399865566,397462995,399865617,399865682,399865771,399865968,399866071,399866203,399866263,399866316,399866330,399866480,399969253,399969283,399998930,399998977,399999055,399999223,399999250,400000066,399998827,399969179,399865537,397758886,397758962,397463062,397463113,397758744,397757811,397757859,397757872,397757940,397758585,397758607,397758695,397995035,397995092,397995154,397995836,397995889,397995948,,,,,,,,,,,,,,,,,,,,,,,,,,,,,,,,,,,,,,,,,,,,,,,,,,,,,,,
bb_id,4,2,224,226,227,228,239,240,241,242,243,244,245,246,247,248,249,250,251,252,253,254,255,256,260,261,262,263,264,268,269,270,271,272,273,274,275,276,277,278,280,282,283,284,285,286,288,,,,,,,,,,,,,,,,,,,,,,,,,,,,,,,,,,,,,,,,,,,,,,,,,,,,,,,
bbv,4,3,97,97,97,389,390,98,778,681,681,974,778,680,680,970,680,778,24741,24741,99711,99711,99712,99712,99712,3190784,99712,24742,779,97,97,98,98,97,24961,24961,24961,24961,199688,24960,24960,24832,24832,24832,198656,24832,24832,,,,,,,,,,,,,,,,,,,,,,,,,,,,,,,,,,,,,,,,,,,,,,,,,,,,,,,
csv,4,3,396280562,396280589,396280612,399426074,399873555,399873642,399426104,399426169,399426258,399426406,399426415,398964256,398964349,398510992,398964457,399426565,399426639,399426755,399870337,399870485,399870541,399870792,399870850,399873368,399873393,399873439,399873444,396041313,396041377,399873672,399873749,396041157,399999248,399999302,399999353,399999419,400000024,399999020,399999101,396279396,396279487,396279576,396280232,396280301,396280402,,,,,,,,,,,,,,,,,,,,,,,,,,,,,,,,,,,,,,,,,,,,,,,,,,,,,,,
bb_id,4,3,224,226,227,228,239,240,241,242,243,244,245,246,247,248,249,250,251,252,253,254,255,256,260,261,262,263,264,268,269,270,271,272,273,274,275,276,277,278,280,282,283,284,285,286,288,,,,,,,,,,,,,,,,,,,,,,,,,,,,,,,,,,,,,,,,,,,,,,,,,,,,,,,
bbv,5,0,93,93,93,371,371,93,742,649,649,928,742,649,649,926,649,742,23633,23633,94985,94985,94985,94985,94985,3039508,94985,23633,742,93,93,93,93,93,23808,23808,23808,23808,190464,23808,23808,23808,23808,23808,190464,23808,23808,,,,,,,,,,,,,,,,,,,,,,,,,,,,,,,,,,,,,,,,,,,,,,,,,,,,,,,
csv,5,0,399353441,399353508,399353573,399866016,398854671,398854798,399866046,399866090,399866200,398351074,399866268,399866337,399866388,399866530,399866687,399866807,399999020,399999092,399999237,399999326,399999424,399999567,399999590,400000031,399998837,399998925,399865947,399106735,399106764,398854869,398855028,399106558,399105772,399105820,399105850,399105897,399106424,399106429,399106484,399352652,399352701,399352727,399353315,399353358,399353382,,,,,,,,,,,,,,,,,,,,,,,,,,,,,,,,,,,,,,,,,,,,,,,,,,,,,,,
bb_id,5,0,224,226,227,228,239,240,241,242,243,244,245,246,247,248,249,250,251,252,253,254,255,256,260,261,262,263,264,268,269,270,271,272,273,274,275,276,277,278,280,282,283,284,285,286,288,,,,,,,,,,,,,,,,,,,,,,,,,,,,,,,,,,,,,,,,,,,,,,,,,,,,,,,
bbv,5,1,98,98,98,391,392,98,783,685,685,978,783,686,686,980,686,783,24988,24988,100265,100265,100265,100265,100265,3208498,100265,24988,783,98,98,98,98,98,25088,25088,25088,25088,200704,25088,25088,25088,25088,25088,200704,25088,25088,,,,,,,,,,,,,,,,,,,,,,,,,,,,,,,,,,,,,,,,,,,,,,,,,,,,,,,
csv,5,1,397126047,397126077,397126170,399382230,399835823,396532297,399835878,399835947,399836005,399836242,399836392,399836478,399836529,399382859,399836580,399836680,399836733,399836901,399997287,399997418,399997516,399997701,399997787,400000010,399997121,399835730,399835752,396783043,396783161,396532328,396532461,396782941,396781951,396781978,396782090,396782142,396782742,396782789,396782814,397124976,397125004,397125030,397125681,397125770,397125901,,,,,,,,,,,,,,,,,,,,,,,,,,,,,,,,,,,,,,,,,,,,,,,,,,,,,,,
bb_id,5,1,224,226,227,228,239,240,241,242,243,244,245,246,247,248,249,250,251,252,253,254,255,256,260,261,262,263,264,268,269,270,271,272,273,274,275,276,277,278,280,282,283,284,285,286,288,,,,,,,,,,,,,,,,,,,,,,,,,,,,,,,,,,,,,,,,,,,,,,,,,,,,,,,
bbv,5,2,99,99,99,395,395,99,790,691,691,987,790,691,691,987,691,790,25219,25219,101176,101176,101176,101176,101176,3237638,101176,25219,790,99,99,99,99,99,25344,25344,25344,25344,202752,25344,25344,25344,25344,25344,202752,25344,25344,,,,,,,,,,,,,,,,,,,,,,,,,,,,,,,,,,,,,,,,,,,,,,,,,,,,,,,
csv,5,2,398722997,398723064,398723066,399187840,399648663,398254502,399648735,399648783,399648917,399649026,399649153,399649199,399649288,399649457,399649508,399649658,399994909,399994964,399998375,399998443,399998499,399998642,399998665,400000052,399998270,399994776,399648571,398508089,398508193,398254569,398254624,398508055,398506663,398506732,398506852,398506943,398507858,398507922,398507989,398722607,398722614,398722619,398722934,398722935,398722938,,,,,,,,,,,,,,,,,,,,,,,,,,,,,,,,,,,,,,,,,,,,,,,,,,,,,,,
bb_id,5,2,224,226,227,228,239,240,241,242,243,244,245,246,247,248,249,250,251,252,253,254,255,256,260,261,262,263,264,268,269,270,271,272,273,274,275,276,277,278,280,282,283,284,285,286,288,,,,,,,,,,,,,,,,,,,,,,,,,,,,,,,,,,,,,,,,,,,,,,,,,,,,,,,
bbv,5,3,98,98,98,390,390,97,781,683,683,974,781,684,684,979,684,781,24983,24983,99966,99966,99966,99966,99966,3198899,99965,24982,780,98,98,97,97,98,24959,24959,24959,24959,199672,24960,24960,25088,25088,25088,200704,25088,25088,,,,,,,,,,,,,,,,,,,,,,,,,,,,,,,,,,,,,,,,,,,,,,,,,,,,,,,
csv,5,3,397773629,397773696,397773761,399112729,399554042,397287771,399554095,399554160,399554228,399554418,399554507,399554551,399554640,399554693,399554719,399554829,399953331,399953367,399997915,399998004,399998060,399998224,399998293,400000073,399997791,399953121,399553971,397539681,397539764,397287796,397287830,397539647,397538674,397538701,397538714,397538740,397539513,397539535,397539602,397772592,397772702,397772871,397773461,397773525,397773549,,,,,,,,,,,,,,,,,,,,,,,,,,,,,,,,,,,,,,,,,,,,,,,,,,,,,,,
bb_id,5,3,224,226,227,228,239,240,241,242,243,244,245,246,247,248,249,250,251,252,253,254,255,256,260,261,262,263,264,268,269,270,271,272,273,274,275,276,277,278,280,282,283,284,285,286,288,,,,,,,,,,,,,,,,,,,,,,,,,,,,,,,,,,,,,,,,,,,,,,,,,,,,,,,
bbv,6,0,1,1,1,1,6,1,1,1,180,180,179,179,179,22912,22912,22912,22912,183296,22912,22912,23040,23040,23040,184320,23040,23040,199,199,199,799,180,180,23015,23015,23014,184112,23014,23014,620,199,1418,1219,1219,1640,1418,1218,1218,1636,1218,1418,27814,27814,100957,100957,100957,100957,100957,3230649,100958,27815,1419,1,19,19,20,20,20,5120,5120,5120,5120,40960,5120,5120,4864,4864,4864,38912,4864,4864,,,,,,,,,,,,,,,,,,,,
csv,6,0,42421242,42421243,42421270,42421272,42421308,42421314,42421452,42421460,398135581,398135710,398008587,398008638,398135542,398134639,398134666,398134735,398134819,398135395,398135400,398135502,398242148,398242243,398242269,398242887,398242939,398243010,398243090,398243157,398243201,399899365,399899389,399899457,399999964,400000050,399999031,399999780,399999844,399999911,399660940,398008537,399661092,399661159,399661227,399661375,399661401,399415529,399415598,399187645,399415650,399661511,399661564,399661636,399895640,399895710,399895787,399895972,399896037,399898980,399899113,399899138,399899237,42421186,41388050,41388070,42370718,42370748,42421183,42420987,42420993,42421002,42421007,42421175,42421176,42421180,41435502,41435509,41435514,41435682,41435683,41435686,,,,,,,,,,,,,,,,,,,,
bb_id,6,0,188,190,191,192,193,194,199,200,202,203,204,205,206,207,208,209,210,211,212,214,216,217,218,219,220,222,224,226,227,228,229,230,231,232,233,234,235,238,239,240,241,242,243,244,245,246,247,248,249,250,251,252,253,254,255,256,260,261,262,263,264,267,268,269,270,271,272,273,274,275,276,277,278,280,282,283,284,285,286,288,,,,,,,,,,,,,,,,,,,,
bbv,6,1,1,1,189,189,188,188,188,24064,24064,24064,24064,192512,24064,24064,24192,24192,24192,193536,24192,24192,196,196,196,784,188,188,24064,24064,24064,192512,24064,24064,595,196,1379,1183,1183,1582,1379,1183,1183,1582,1183,1379,25789,25789,91961,91961,91961,91961,91961,2942745,91961,25789,1379,1,7,7,8,8,8,2048,2048,2048,2048,16384,2048,2048,1792,1792,1792,14336,1792,1792,,,,,,,,,,,,,,,,,,,,,,,,,,
csv,6,1,42421595,42421668,398632964,398633026,398514057,398514129,398632888,398631973,398632000,398632076,398632102,398632773,398632818,398632864,398747839,398747909,398747956,398748460,398748524,398748569,398748607,398748674,398748718,399876721,398406064,398406182,398512963,398512976,398513118,398513795,398513859,398513926,399650410,398513990,399876793,399876879,399876989,399877158,399877226,399877312,399877380,399651101,399877448,399877541,399980416,399980478,399998976,399999023,399999108,399999246,399999269,400000092,399998890,399980313,399876652,42421192,25645011,25645115,30306282,30306333,30594834,30593945,30593955,30593987,30594053,30594721,30594764,30594789,25913809,25913945,25914109,25914550,25914572,25914638,,,,,,,,,,,,,,,,,,,,,,,,,,
bb_id,6,1,199,200,202,203,204,205,206,207,208,209,210,211,212,214,216,217,218,219,220,222,224,226,227,228,229,230,231,232,233,234,235,238,239,240,241,242,243,244,245,246,247,248,249,250,251,252,253,254,255,256,260,261,262,263,264,267,268,269,270,271,272,273,274,275,276,277,278,280,282,283,284,285,286,288,,,,,,,,,,,,,,,,,,,,,,,,,,
bbv,6,2,1,1,191,191,190,190,190,24320,24320,24320,24320,194560,24320,24320,24448,24448,24448,195584,24448,24448,196,196,196,784,190,190,24320,24320,24320,194560,24320,24320,594,196,1378,1182,1182,1580,1378,1182,1182,1580,1182,1378,25546,25546,91065,91065,91065,91065,91065,2914092,91065,25546,1378,1,5,5,6,6,6,1536,1536,1536,1536,12288,1536,1536,1280,1280,1280,10240,1280,1280,,,,,,,,,,,,,,,,,,,,,,,,,,
csv,6,2,42421379,42421387,399324655,399324675,399196903,399196954,399324600,399323492,399323580,399323610,399323702,399324424,399324509,399324576,399441626,399441675,399441682,399442207,399442250,399442337,399442375,399442421,399442444,399679679,399077818,399077884,399195852,399195923,399196039,399196662,399196768,399196835,399909583,399196857,399909634,399909710,399909778,399909848,399909927,399909975,399910051,399910226,399910305,399910431,399991093,399991160,399997413,399997497,399997590,399997754,399997799,400000071,399997336,399991003,399909559,42421189,18687394,18687477,22523356,22523470,22775887,22774979,22775027,22775200,22775268,22775648,22775733,22775821,18932221,18932278,18932431,18933111,18933154,18933178,,,,,,,,,,,,,,,,,,,,,,,,,,
bb_id,6,2,199,200,202,203,204,205,206,207,208,209,210,211,212,214,216,217,218,219,220,222,224,226,227,228,229,230,231,232,233,234,235,238,239,240,241,242,243,244,245,246,247,248,249,250,251,252,253,254,255,256,260,261,262,263,264,267,268,269,270,271,272,273,274,275,276,277,278,280,282,283,284,285,286,288,,,,,,,,,,,,,,,,,,,,,,,,,,
bbv,6,3,1,1,188,188,187,187,187,23936,23936,23936,23936,191488,23936,23936,24064,24064,24064,192512,24064,24064,196,196,196,785,187,187,23936,23936,23936,191488,23936,23936,598,196,1383,1187,1187,1590,1383,1186,1186,1585,1186,1383,25923,25923,92796,92795,92795,92795,92795,2969453,92796,25923,1383,1,8,8,9,9,9,2304,2304,2304,2304,18432,2304,2304,2048,2048,2048,16384,2048,2048,,,,,,,,,,,,,,,,,,,,,,,,,,
csv,6,3,42421660,42421690,398350005,398350067,398224305,398224356,398349915,398349000,398349113,398349190,398349272,398349778,398349840,398349886,398457614,398457796,398457817,398458310,398458315,398458326,398458385,398458431,398458449,399573453,398114448,398114535,398223362,398223467,398223517,398224085,398224170,398224237,399808803,398224259,399808896,399808940,399809029,399809156,399809228,399573943,399574077,399353951,399574260,399809321,399809410,399809576,400000046,399996957,399997050,399997230,399997290,399999886,399999936,399808689,399808753,42421195,31081645,31081665,32600721,32600751,32696812,32696448,32696454,32696505,32696510,32696762,32696763,32696809,31163027,31163034,31163039,31163249,31163250,31163337,,,,,,,,,,,,,,,,,,,,,,,,,,
bb_id,6,3,199,200,202,203,204,205,206,207,208,209,210,211,212,214,216,217,218,219,220,222,224,226,227,228,229,230,231,232,233,234,235,238,239,240,241,242,243,244,245,246,247,248,249,250,251,252,253,254,255,256,260,261,262,263,264,267,268,269,270,271,272,273,274,275,276,277,278,280,282,283,284,285,286,288,,,,,,,,,,,,,,,,,,,,,,,,,,
bbv,7,0,200,200,201,201,200,25628,25628,25628,25628,205019,25627,25627,25600,25600,25600,204800,25600,25600,200,200,200,800,200,200,25625,25625,25626,205008,25626,25626,600,201,1400,1200,1200,1600,1400,1200,1200,1600,1200,1400,25400,25400,89600,89600,89600,89600,89600,2867200,89600,25400,1400,,,,,,,,,,,,,,,,,,,,,,,,,,,,,,,,,,,,,,,,,,,,,,,
csv,7,0,398159063,398159104,399973352,399973483,398158999,399999462,399999563,399999684,399999771,400000000,399999387,399999412,398275015,398275186,398275212,398275991,398276013,398276037,398276142,398276228,398276251,399865673,399865697,399865742,399972396,399972491,399972551,399973200,399973249,399973288,399695963,399973315,399695972,399695974,399695979,399696093,399696119,399488792,399488860,399267360,399488928,399696191,399696321,399696449,399862389,399862478,399862597,399862803,399862868,399865512,399865564,399865619,399865641,,,,,,,,,,,,,,,,,,,,,,,,,,,,,,,,,,,,,,,,,,,,,,,
bb_id,7,0,202,203,204,205,206,207,208,209,210,211,212,214,216,217,218,219,220,222,224,226,227,228,229,230,231,232,233,234,235,238,239,240,241,242,243,244,245,246,247,248,249,250,251,252,253,254,255,256,260,261,262,263,264,,,,,,,,,,,,,,,,,,,,,,,,,,,,,,,,,,,,,,,,,,,,,,,
bbv,7,1,212,212,212,212,212,27136,27136,27136,27136,217088,27136,27136,27136,27136,27136,217088,27136,27136,212,212,212,846,212,212,27136,27136,27136,217088,27136,27136,635,212,1481,1269,1269,1691,1481,1269,1269,1694,1269,1481,26899,26899,94762,94762,94762,94762,94762,3032381,94762,26899,1481,,,,,,,,,,,,,,,,,,,,,,,,,,,,,,,,,,,,,,,,,,,,,,,
csv,7,1,399403735,399403797,399278477,399278549,399403659,399402545,399402572,399402684,399402935,399403525,399403568,399403635,399521926,399521998,399522066,399522598,399522777,399522824,399522883,399522908,399522952,399740847,399165713,399165793,399277491,399277542,399277571,399278320,399278342,399278388,399946113,399278410,399946211,399946292,399946470,399946607,399946642,399946669,399946675,399946789,399946838,399946922,399998728,399998758,399998882,399998929,399999027,399999191,399999214,400000042,399998608,399998675,399946103,,,,,,,,,,,,,,,,,,,,,,,,,,,,,,,,,,,,,,,,,,,,,,,
bb_id,7,1,202,203,204,205,206,207,208,209,210,211,212,214,216,217,218,219,220,222,224,226,227,228,229,230,231,232,233,234,235,238,239,240,241,242,243,244,245,246,247,248,249,250,251,252,253,254,255,256,260,261,262,263,264,,,,,,,,,,,,,,,,,,,,,,,,,,,,,,,,,,,,,,,,,,,,,,,
bbv,7,2,213,213,213,213,213,27264,27264,27264,27264,218112,27264,27264,27264,27264,27264,218112,27264,27264,213,213,213,851,213,213,27264,27264,27264,218112,27264,27264,638,213,1489,1276,1276,1703,1489,1276,1276,1700,1276,1489,26975,26975,95296,95296,95296,95296,95296,3049462,95296,26975,1489,,,,,,,,,,,,,,,,,,,,,,,,,,,,,,,,,,,,,,,,,,,,,,,
csv,7,2,399809663,399809704,399650278,399650371,399809600,399808264,399808333,399808405,399808431,399809434,399809521,399809576,399912923,399912976,399913065,399913602,399913645,399913664,399913739,399913806,399913824,399535469,399535527,399535673,399649288,399649376,399649489,399650100,399650164,399650189,399324425,399650253,399913875,399324541,399324651,399324803,399913906,399913949,399914005,399914119,399914140,399914233,399997393,399997454,399997587,399997681,399997800,399997964,399998050,400000063,399997247,399997314,399535442,,,,,,,,,,,,,,,,,,,,,,,,,,,,,,,,,,,,,,,,,,,,,,,
bb_id,7,2,202,203,204,205,206,207,208,209,210,211,212,214,216,217,218,219,220,222,224,226,227,228,229,230,231,232,233,234,235,238,239,240,241,242,243,244,245,246,247,248,249,250,251,252,253,254,255,256,260,261,262,263,264,,,,,,,,,,,,,,,,,,,,,,,,,,,,,,,,,,,,,,,,,,,,,,,
bbv,7,3,212,212,212,212,212,27136,27136,27136,27136,217088,27136,27136,27136,27136,27136,217088,27136,27136,212,212,212,845,212,212,27136,27136,27136,217088,27136,27136,633,212,1478,1266,1266,1688,1478,1267,1267,1690,1267,1478,26804,26804,94541,94542,94542,94542,94542,3025313,94541,26804,1478,,,,,,,,,,,,,,,,,,,,,,,,,,,,,,,,,,,,,,,,,,,,,,,
csv,7,3,399875752,399875793,399763980,399764073,399875714,399874948,399875033,399875071,399875097,399875593,399875638,399875663,399975650,399975699,399975807,399976677,399976781,399976934,399976976,399977001,399977060,399656045,399656069,399656156,399763198,399763223,399763334,399763866,399763894,399763919,399453546,399763955,399977116,399453662,399453730,399453943,399977247,399977291,399977401,399977612,399977681,399977753,399999536,399999572,399999654,399999710,399999766,399999914,399999937,400000021,399999386,399999437,399655992,,,,,,,,,,,,,,,,,,,,,,,,,,,,,,,,,,,,,,,,,,,,,,,
bb_id,7,3,202,203,204,205,206,207,208,209,210,211,212,214,216,217,218,219,220,222,224,226,227,228,229,230,231,232,233,234,235,238,239,240,241,242,243,244,245,246,247,248,249,250,251,252,253,254,255,256,260,261,262,263,264,,,,,,,,,,,,,,,,,,,,,,,,,,,,,,,,,,,,,,,,,,,,,,,
bbv,8,0,1,1,1,1,1,1,1,1,1,1,1,8192,8192,8192,8192,1048576,8192,8192,1,1,6,1,1,1,1,1,1,178,178,177,177,178,22756,22756,22756,22756,182053,22757,22757,22784,22784,22784,182272,22784,22784,178,178,178,709,177,177,22656,22656,22656,181248,22656,22656,531,177,1241,1063,1063,1416,1241,1064,1064,1420,1064,1241,22570,22570,79414,79414,79414,79414,79414,2541216,79413,22569,1240,,,,,,,,,,,,,,,,,,,,
csv,8,0,222872854,222872857,222872874,222872880,309315185,309315194,222872846,222872847,222872929,222872942,309315115,309312482,309312509,309312544,309312547,309315107,309315109,309315112,309315221,309315223,309315259,309315265,222872838,222872839,309315330,309315338,222872782,399481726,399481788,399353705,399353756,399481692,399480583,399480767,399480900,399480949,399481495,399481538,399481626,399593858,399593929,399594072,399594586,399594633,399594668,399594706,399594760,399594820,399817690,399229988,399230054,399352675,399352742,399352792,399353378,399353465,399353553,398983086,399353638,399817699,399817727,399817753,398983376,399817787,399817877,399817923,399818128,399818135,399818252,399995895,399995970,399999510,399999622,399999790,399999922,400000003,399999284,399999357,399995817,399817663,,,,,,,,,,,,,,,,,,,,
bb_id,8,0,50,52,53,54,56,99,100,102,103,104,105,106,107,108,109,110,111,113,191,192,193,194,196,198,199,200,201,202,203,204,205,206,207,208,209,210,211,212,214,216,217,218,219,220,222,224,226,227,228,229,230,231,232,233,234,235,238,239,240,241,242,243,244,245,246,247,248,249,250,251,252,253,254,255,256,260,261,262,263,264,,,,,,,,,,,,,,,,,,,,
bbv,8,1,1,1,1,8192,8192,8192,8192,1048576,8192,8192,1,1,1,160,160,160,160,160,20480,20480,20480,20480,163840,20480,20480,20480,20480,20480,163840,20480,20480,160,160,160,639,160,160,20480,20480,20480,163840,20480,20480,479,160,1118,958,958,1279,1118,958,958,1276,958,1118,20230,20230,71546,71546,71546,71546,71546,2289464,71546,20230,1118,,,,,,,,,,,,,,,,,,,,,,,,,,,,,,,,,,
csv,8,1,222873248,222873274,309315121,302860259,302860317,302860352,302860355,302864398,302864440,302864443,309315542,309315627,222872785,399855991,399856074,399750439,399750490,399855915,399854923,399854950,399855022,399855048,399855699,399855822,399855847,399965018,399965047,399965098,399965643,399965702,399965763,399965801,399965858,399965881,399642876,399642912,399642968,399749373,399749386,399749399,399750085,399750132,399750210,399438595,399750306,399965933,399438748,399438830,399438978,399965970,399966039,399966089,399966185,399966211,399966332,399999353,399999367,399999449,399999540,399999596,399999751,399999821,400000001,399999238,399999263,399642866,,,,,,,,,,,,,,,,,,,,,,,,,,,,,,,,,,
bb_id,8,1,103,104,105,106,107,108,109,110,111,113,199,200,201,202,203,204,205,206,207,208,209,210,211,212,214,216,217,218,219,220,222,224,226,227,228,229,230,231,232,233,234,235,238,239,240,241,242,243,244,245,246,247,248,249,250,251,252,253,254,255,256,260,261,262,263,264,,,,,,,,,,,,,,,,,,,,,,,,,,,,,,,,,,
bbv,8,2,1,1,1,8192,8192,8192,8192,1048576,8192,8192,1,1,1,156,156,156,156,156,19968,19968,19968,19968,159744,19968,19968,19968,19968,19968,159744,19968,19968,156,156,156,628,157,157,20075,20075,20075,160594,20074,20074,471,156,1098,942,942,1256,1098,941,941,1254,941,1098,19912,19912,70309,70309,70309,70309,70309,2249903,70310,19913,1099,,,,,,,,,,,,,,,,,,,,,,,,,,,,,,,,,,
csv,8,2,222872999,222873039,309315118,308658331,308658378,308658413,308658436,308663496,308663518,308663523,309315403,309315411,222872791,398238142,398238225,398114683,398114755,398238066,398237141,398237229,398237259,398237311,398237911,398237975,398238000,398354640,398354731,398354757,398355240,398355283,398355307,398355366,398355391,398355435,399910206,399910213,399910304,399999629,399999755,399999798,400000019,399999358,399999514,399699361,398114658,399699390,399699435,399699491,399699629,399699713,399496302,399496391,399278217,399496480,399699860,399699913,399699973,399906744,399906791,399906850,399906995,399907046,399910002,399910048,399910073,399910158,,,,,,,,,,,,,,,,,,,,,,,,,,,,,,,,,,
bb_id,8,2,103,104,105,106,107,108,109,110,111,113,199,200,201,202,203,204,205,206,207,208,209,210,211,212,214,216,217,218,219,220,222,224,226,227,228,229,230,231,232,233,234,235,238,239,240,241,242,243,244,245,246,247,248,249,250,251,252,253,254,255,256,260,261,262,263,264,,,,,,,,,,,,,,,,,,,,,,,,,,,,,,,,,,
bbv,8,3,1,1,1,8192,8192,8192,8192,1048576,8192,8192,1,1,1,161,161,161,161,161,20608,20608,20608,20608,164864,20608,20608,20608,20608,20608,164864,20608,20608,161,161,161,644,161,161,20608,20608,20608,164864,20608,20608,483,161,1127,966,966,1288,1127,966,966,1288,966,1127,20483,20483,72164,72164,72164,72164,72164,2309268,72164,20483,1127,,,,,,,,,,,,,,,,,,,,,,,,,,,,,,,,,,
csv,8,3,222873199,222873261,309315124,303299490,303299517,303299552,303299613,303304273,303304275,303304278,309315607,309315619,222872788,399752985,399753026,399649870,399649923,399752967,399752348,399752396,399752405,399752473,399752898,399752903,399752955,399851551,399851579,399851668,399851866,399851867,399851870,399851986,399852058,399852123,399540361,399540368,399540436,399648908,399648954,399648978,399649634,399649651,399649711,399326428,399649728,399852216,399326613,399326697,399326824,399852284,399852349,399852417,399852565,399852571,399852708,399997825,399997855,399997966,399998029,399998085,399998223,399998246,400000040,399997715,399997768,399540331,,,,,,,,,,,,,,,,,,,,,,,,,,,,,,,,,,
bb_id,8,3,103,104,105,106,107,108,109,110,111,113,199,200,201,202,203,204,205,206,207,208,209,210,211,212,214,216,217,218,219,220,222,224,226,227,228,229,230,231,232,233,234,235,238,239,240,241,242,243,244,245,246,247,248,249,250,251,252,253,254,255,256,260,261,262,263,264,,,,,,,,,,,,,,,,,,,,,,,,,,,,,,,,,,
bbv,9,0,199,199,199,199,199,25472,25472,25472,25472,203776,25472,25472,25472,25472,25472,203776,25472,25472,199,199,199,797,199,199,25472,25472,25472,203776,25472,25472,599,199,1396,1197,1197,1596,1396,1197,1197,1596,1197,1396,25304,25304,89309,89309,89309,89309,89309,2857893,89309,25304,1396,,,,,,,,,,,,,,,,,,,,,,,,,,,,,,,,,,,,,,,,,,,,,,,
csv,9,0,398815167,398815208,398695760,398695794,398815072,398814256,398814283,398814320,398814346,398814931,398814953,398815048,398932785,398932834,398932860,398933305,398933310,398933387,398933446,398933459,398933503,399687023,398585575,398585652,398694888,398694934,398694963,398695427,398695512,398695563,399932729,398695637,399932780,399932803,399932850,399932956,399933045,399933072,399933180,399933280,399933362,399933531,399991222,399991454,399999168,399999236,399999292,399999435,399999521,400000126,399999023,399991073,399932700,,,,,,,,,,,,,,,,,,,,,,,,,,,,,,,,,,,,,,,,,,,,,,,
bb_id,9,0,202,203,204,205,206,207,208,209,210,211,212,214,216,217,218,219,220,222,224,226,227,228,229,230,231,232,233,234,235,238,239,240,241,242,243,244,245,246,247,248,249,250,251,252,253,254,255,256,260,261,262,263,264,,,,,,,,,,,,,,,,,,,,,,,,,,,,,,,,,,,,,,,,,,,,,,,
bbv,9,1,211,211,211,211,211,27008,27008,27008,27008,216064,27008,27008,27008,27008,27008,216064,27008,27008,211,211,211,847,211,211,27008,27008,27008,216064,27008,27008,636,211,1483,1272,1272,1696,1483,1271,1271,1694,1271,1483,26913,26913,94930,94930,94930,94930,94930,3037783,94930,26913,1483,,,,,,,,,,,,,,,,,,,,,,,,,,,,,,,,,,,,,,,,,,,,,,,
csv,9,1,398447279,398447383,398334676,398334727,398447219,398446548,398446575,398446626,398446652,398447097,398447142,398447167,398545191,398545280,398545343,398545872,398545931,398545950,398546009,398546092,398546110,399659373,398235024,398235085,398333755,398333823,398333864,398334510,398334595,398334625,399892118,398334647,399892211,399892297,399892365,399892492,399892518,399659775,399659902,399438022,399659928,399892607,399892660,399892711,399997093,399997182,399997301,399997465,399997551,400000004,399997011,399892046,399892089,,,,,,,,,,,,,,,,,,,,,,,,,,,,,,,,,,,,,,,,,,,,,,,
bb_id,9,1,202,203,204,205,206,207,208,209,210,211,212,214,216,217,218,219,220,222,224,226,227,228,229,230,231,232,233,234,235,238,239,240,241,242,243,244,245,246,247,248,249,250,251,252,253,254,255,256,260,261,262,263,264,,,,,,,,,,,,,,,,,,,,,,,,,,,,,,,,,,,,,,,,,,,,,,,
bbv,9,2,214,214,214,214,214,27392,27392,27392,27392,219136,27392,27392,27392,27392,27392,219136,27392,27392,214,214,214,855,213,213,27285,27285,27285,218286,27286,27286,642,214,1498,1284,1284,1712,1498,1284,1284,1712,1284,1498,27178,27178,95846,95846,95846,95846,95846,3067056,95845,27177,1497,,,,,,,,,,,,,,,,,,,,,,,,,,,,,,,,,,,,,,,,,,,,,,,
csv,9,2,398424429,398424501,398311763,398311822,398424369,398423603,398423634,398423664,398423696,398424214,398424278,398424303,398529397,398529462,398529525,398530136,398530174,398530234,398530297,398530322,398530345,399638364,398205557,398205703,398311086,398311111,398311177,398311611,398311634,398311712,399862581,398311738,399862667,399862833,399862861,399862967,399863014,399638871,399638939,399420876,399639007,399863082,399863198,399863249,399998288,399998377,399998454,399998618,399998704,400000147,399998143,399862504,399862552,,,,,,,,,,,,,,,,,,,,,,,,,,,,,,,,,,,,,,,,,,,,,,,
bb_id,9,2,202,203,204,205,206,207,208,209,210,211,212,214,216,217,218,219,220,222,224,226,227,228,229,230,231,232,233,234,235,238,239,240,241,242,243,244,245,246,247,248,249,250,251,252,253,254,255,256,260,261,262,263,264,,,,,,,,,,,,,,,,,,,,,,,,,,,,,,,,,,,,,,,,,,,,,,,
bbv,9,3,210,210,210,210,210,26880,26880,26880,26880,215040,26880,26880,26880,26880,26880,215040,26880,26880,210,210,210,843,210,210,26880,26880,26880,215040,26880,26880,632,210,1475,1265,1265,1686,1475,1265,1265,1686,1265,1475,26752,26752,94367,94367,94367,94367,94366,3019723,94367,26752,1475,,,,,,,,,,,,,,,,,,,,,,,,,,,,,,,,,,,,,,,,,,,,,,,
csv,9,3,398706006,398706089,398598456,398598523,398705972,398705179,398705214,398705244,398705282,398705838,398705860,398705927,398813328,398813356,398813413,398813910,398813953,398814019,398814057,398814103,398814126,399967638,398496322,398496367,398597642,398597648,398597730,398598256,398598331,398598393,399744833,398598431,399967694,399967794,399967921,399968071,399968139,399968183,399968209,399745591,399968256,399968324,399968398,399968474,399999796,399999843,399999941,400000105,399996419,399999647,399999672,399967482,399967529,,,,,,,,,,,,,,,,,,,,,,,,,,,,,,,,,,,,,,,,,,,,,,,
bb_id,9,3,202,203,204,205,206,207,208,209,210,211,212,214,216,217,218,219,220,222,224,226,227,228,229,230,231,232,233,234,235,238,239,240,241,242,243,244,245,246,247,248,249,250,251,252,253,254,255,256,260,261,262,263,264,,,,,,,,,,,,,,,,,,,,,,,,,,,,,,,,,,,,,,,,,,,,,,,
bbv,10,0,201,201,201,201,201,25728,25728,25728,25728,205824,25728,25728,25728,25728,25728,205824,25728,25728,201,201,201,804,201,201,25728,25728,25728,205824,25728,25728,602,201,1406,1205,1205,1606,1406,1205,1205,1607,1205,1406,25525,25525,90027,90027,90027,90027,90027,2880865,90027,25525,1406,,,,,,,,,,,,,,,,,,,,,,,,,,,,,,,,,,,,,,,,,,,,,,,
csv,10,0,398927243,398927284,398802378,398802410,398927167,398926070,398926118,398926148,398926279,398927075,398927139,398927143,399038237,399038303,399038333,399038740,399038818,399038921,399038989,399039131,399039154,399764988,398687818,398687964,398801368,398801435,398801485,398802080,398802184,398802230,399518830,398802332,399765018,399765102,399765210,399765347,399765457,399765548,399765651,399765826,399765917,399765985,399981832,399981925,399999252,399999341,399999397,399999561,399999626,400000067,399999170,399981737,399764931,,,,,,,,,,,,,,,,,,,,,,,,,,,,,,,,,,,,,,,,,,,,,,,
bb_id,10,0,202,203,204,205,206,207,208,209,210,211,212,214,216,217,218,219,220,222,224,226,227,228,229,230,231,232,233,234,235,238,239,240,241,242,243,244,245,246,247,248,249,250,251,252,253,254,255,256,260,261,262,263,264,,,,,,,,,,,,,,,,,,,,,,,,,,,,,,,,,,,,,,,,,,,,,,,
bbv,10,1,212,212,212,212,212,27136,27136,27136,27136,217088,27136,27136,27136,27136,27136,217088,27136,27136,212,212,212,846,212,212,27136,27136,27136,217088,27136,27136,634,212,1480,1268,1268,1689,1480,1269,1269,1694,1269,1480,26905,26905,94739,94739,94739,94739,94739,3031655,94739,26905,1480,,,,,,,,,,,,,,,,,,,,,,,,,,,,,,,,,,,,,,,,,,,,,,,
csv,10,1,399226894,399226935,399105729,399105812,399226839,399225763,399225832,399225904,399225972,399226703,399226767,399226773,399343267,399343358,399343426,399343930,399343994,399344039,399344077,399344123,399344146,399591483,398993382,398993469,399104674,399104678,399104810,399105522,399105544,399105611,399830644,399105679,399830716,399830760,399830849,399830923,399831012,399831056,399831082,399831188,399831277,399831431,399984517,399984589,399996462,399996619,399996759,399996907,399996986,400000025,399996266,399984464,399830615,,,,,,,,,,,,,,,,,,,,,,,,,,,,,,,,,,,,,,,,,,,,,,,
bb_id,10,1,202,203,204,205,206,207,208,209,210,211,212,214,216,217,218,219,220,222,224,226,227,228,229,230,231,232,233,234,235,238,239,240,241,242,243,244,245,246,247,248,249,250,251,252,253,254,255,256,260,261,262,263,264,,,,,,,,,,,,,,,,,,,,,,,,,,,,,,,,,,,,,,,,,,,,,,,
bbv,10,2,213,213,213,213,213,27264,27264,27264,27264,218112,27264,27264,27264,27264,27264,218112,27264,27264,213,213,213,852,213,213,27264,27264,27264,218112,27264,27264,639,213,1491,1278,1278,1704,1491,1278,1278,1704,1278,1491,27051,27051,95387,95387,95387,95387,95387,3052399,95387,27051,1491,,,,,,,,,,,,,,,,,,,,,,,,,,,,,,,,,,,,,,,,,,,,,,,
csv,10,2,398531211,398531294,398419039,398419090,398531177,398530343,398530370,398530442,398530510,398530996,398531086,398531111,398677677,398677922,398677948,398678700,398678722,398678746,398678831,398678912,398678935,399774611,398315925,398315995,398418405,398418430,398418483,398418934,398418956,398418985,399995708,398419007,399995738,399995824,399995913,399996061,399996150,399775076,399775144,399553458,399775191,399996201,399996345,399996471,399996682,399996785,399996963,399997129,399997215,400000046,399995569,399995636,399995658,,,,,,,,,,,,,,,,,,,,,,,,,,,,,,,,,,,,,,,,,,,,,,,
bb_id,10,2,202,203,204,205,206,207,208,209,210,211,212,214,216,217,218,219,220,222,224,226,227,228,229,230,231,232,233,234,235,238,239,240,241,242,243,244,245,246,247,248,249,250,251,252,253,254,255,256,260,261,262,263,264,,,,,,,,,,,,,,,,,,,,,,,,,,,,,,,,,,,,,,,,,,,,,,,
bbv,10,3,210,210,210,210,210,26880,26880,26880,26880,215040,26880,26880,26880,26880,26880,215040,26880,26880,210,210,210,840,210,210,26880,26880,26880,215040,26880,26880,630,210,1470,1260,1260,1680,1470,1260,1260,1680,1260,1470,26671,26671,94128,94128,94128,94128,94129,3012110,94128,26671,1470,,,,,,,,,,,,,,,,,,,,,,,,,,,,,,,,,,,,,,,,,,,,,,,
csv,10,3,398550867,398550971,398435586,398435641,398550791,398549844,398549871,398549905,398550018,398550622,398550688,398550741,398666618,398666688,398666777,398667302,398667324,398667356,398667394,398667461,398667484,399787280,398334469,398334514,398434886,398434911,398434950,398435449,398435471,398435517,399561135,398435539,399787352,399787438,399787527,399787696,399787764,399787850,399787939,399561600,399788051,399788222,399905515,399905629,399997952,399998062,399998181,399998345,399998452,400000004,399997807,399905300,399787169,,,,,,,,,,,,,,,,,,,,,,,,,,,,,,,,,,,,,,,,,,,,,,,
bb_id,10,3,202,203,204,205,206,207,208,209,210,211,212,214,216,217,218,219,220,222,224,226,227,228,229,230,231,232,233,234,235,238,239,240,241,242,243,244,245,246,247,248,249,250,251,252,253,254,255,256,260,261,262,263,264,,,,,,,,,,,,,,,,,,,,,,,,,,,,,,,,,,,,,,,,,,,,,,,
bbv,11,0,1,1,7,1,1,1,1,66,66,67,67,67,8576,8576,8576,8576,68608,8576,8576,8448,8448,8448,67584,8448,8448,139,139,139,555,67,67,8576,8576,8576,68608,8576,8576,489,139,1044,905,905,1255,1044,905,905,1255,905,1044,26956,26956,103804,103804,103804,103804,103804,3321729,103804,26956,1044,1,1,73,73,72,72,72,18432,18432,18432,18432,147456,18432,18432,18688,18688,18688,149504,18688,18688,,,,,,,,,,,,,,,,,,,,
csv,11,0,89766718,89766720,89766762,89766768,89766690,89766691,89766634,89287908,89287928,89741382,89741412,89766631,89766435,89766441,89766450,89766455,89766623,89766624,89766628,89311552,89311559,89311564,89311732,89311733,89311736,398788293,398788339,398788362,399305237,89721897,89721921,89741232,89741236,89741244,89741372,89741373,89741377,399794085,398265519,399794176,399794288,399794370,399794524,399794550,399794575,399794685,399794854,399794943,399795032,399996049,399996135,399999254,399999322,399999378,399999521,399999544,400000010,399999172,399995888,399794031,89766906,89766914,398510055,398510075,398265547,398265598,398509920,398508732,398508782,398508896,398508943,398509634,398509850,398509896,398787273,398787364,398787432,398788083,398788147,398788255,,,,,,,,,,,,,,,,,,,,
bb_id,11,0,183,184,185,186,196,198,201,202,203,204,205,206,207,208,209,210,211,212,214,216,217,218,219,220,222,224,226,227,228,229,230,231,232,233,234,235,238,239,240,241,242,243,244,245,246,247,248,249,250,251,252,253,254,255,256,260,261,262,263,264,265,266,268,269,270,271,272,273,274,275,276,277,278,280,282,283,284,285,286,288,,,,,,,,,,,,,,,,,,,,
bbv,11,1,1,40,40,41,41,41,5248,5248,5248,5248,41984,5248,5248,5120,5120,5120,40960,5120,5120,116,116,116,467,41,41,5248,5248,5248,41984,5248,5248,425,116,892,776,776,1087,892,775,775,1082,775,892,24479,24479,95973,95973,95973,95973,95973,3071133,95973,24479,892,1,1,76,76,75,75,75,19200,19200,19200,19200,153600,19200,19200,19456,19456,19456,155648,19456,19456,,,,,,,,,,,,,,,,,,,,,,,,,,
csv,11,1,89766640,74755946,74755987,76757301,76757352,76893582,76892515,76892521,76892614,76892766,76893375,76893467,76893558,74875649,74875709,74875735,74876107,74876161,74876190,396561006,396561052,396561080,399705426,76647103,76647162,76756037,76756167,76756204,76757060,76757082,76757128,399252104,396069892,399705498,399705563,399705593,399705718,399705744,399252857,399252925,398803193,399252951,399705859,399705947,399706120,399996488,399996657,399996757,399996921,399996986,400000113,399996343,399705293,399705357,89767049,89767136,396324168,396324272,396069917,396069989,396324071,396323018,396323066,396323096,396323130,396323916,396323980,396324047,396560028,396560119,396560166,396560792,396560837,396560886,,,,,,,,,,,,,,,,,,,,,,,,,,
bb_id,11,1,201,202,203,204,205,206,207,208,209,210,211,212,214,216,217,218,219,220,222,224,226,227,228,229,230,231,232,233,234,235,238,239,240,241,242,243,244,245,246,247,248,249,250,251,252,253,254,255,256,260,261,262,263,264,265,266,268,269,270,271,272,273,274,275,276,277,278,280,282,283,284,285,286,288,,,,,,,,,,,,,,,,,,,,,,,,,,
bbv,11,2,1,37,37,38,38,38,4864,4864,4864,4864,38912,4864,4864,4736,4736,4736,37888,4736,4736,114,114,114,455,38,38,4864,4864,4864,38912,4864,4864,417,114,872,758,758,1060,872,759,759,1065,759,872,24324,24324,95055,95054,95054,95054,95054,3041729,95055,24324,872,1,1,77,77,76,76,76,19456,19456,19456,19456,155648,19456,19456,19712,19712,19712,157696,19712,19712,,,,,,,,,,,,,,,,,,,,,,,,,,
csv,11,2,89766643,68678026,68678077,70458183,70458272,70570732,70569987,70570077,70570149,70570175,70570642,70570674,70570699,68798475,68798525,68798559,68799057,68799074,68799129,397923714,397923739,397923825,399237650,70356921,70357008,70457445,70457470,70457531,70458020,70458095,70458157,399696018,397431440,399696069,399696134,399696202,399696350,399696418,399696504,399696572,399696646,399696693,399696803,399943344,399943437,400000071,399996017,399996126,399996278,399996392,399999922,399999989,399943270,399695966,89766833,89766841,397695730,397695792,397431465,397431543,397695654,397694765,397694834,397694906,397694953,397695499,397695563,397695588,397922905,397922933,397923057,397923589,397923611,397923671,,,,,,,,,,,,,,,,,,,,,,,,,,
bb_id,11,2,201,202,203,204,205,206,207,208,209,210,211,212,214,216,217,218,219,220,222,224,226,227,228,229,230,231,232,233,234,235,238,239,240,241,242,243,244,245,246,247,248,249,250,251,252,253,254,255,256,260,261,262,263,264,265,266,268,269,270,271,272,273,274,275,276,277,278,280,282,283,284,285,286,288,,,,,,,,,,,,,,,,,,,,,,,,,,
bbv,11,3,1,43,43,44,44,44,5632,5632,5632,5632,45056,5632,5632,5504,5504,5504,44032,5504,5504,119,119,119,475,44,44,5632,5632,5632,45056,5632,5632,431,119,906,787,787,1098,906,787,787,1102,787,906,24822,24822,96602,96602,96602,96602,96602,3091274,96602,24822,906,1,1,76,76,75,75,75,19200,19200,19200,19200,153600,19200,19200,19456,19456,19456,155648,19456,19456,,,,,,,,,,,,,,,,,,,,,,,,,,
csv,11,3,89766637,78587275,78587295,79263421,79263451,79311093,79310729,79310777,79310786,79310791,79311022,79311023,79311090,78634658,78634665,78634670,78634943,78634944,78634947,398311075,398311146,398311226,399702072,79221561,79221585,79263116,79263120,79263128,79263382,79263383,79263387,399237622,397831936,399702144,399702213,399702317,399702379,399702513,399702613,399702761,399702974,399703000,399703114,399987804,399987855,399997702,399997749,399997826,399998032,399998097,400000092,399997599,399987709,399702003,89767114,89767144,398074246,398074343,397831961,397832000,398074165,398073147,398073204,398073295,398073321,398074008,398074055,398074101,398310320,398310390,398310479,398310935,398310992,398311037,,,,,,,,,,,,,,,,,,,,,,,,,,
bb_id,11,3,201,202,203,204,205,206,207,208,209,210,211,212,214,216,217,218,219,220,222,224,226,227,228,229,230,231,232,233,234,235,238,239,240,241,242,243,244,245,246,247,248,249,250,251,252,253,254,255,256,260,261,262,263,264,265,266,268,269,270,271,272,273,274,275,276,277,278,280,282,283,284,285,286,288,,,,,,,,,,,,,,,,,,,,,,,,,,
bbv,12,0,93,93,93,373,372,93,745,652,652,931,745,652,652,932,652,745,23735,23735,95320,95320,95320,95320,95320,3050247,95320,23735,745,93,93,93,93,93,23808,23808,23808,23808,190464,23808,23808,23808,23808,23808,190464,23808,23808,,,,,,,,,,,,,,,,,,,,,,,,,,,,,,,,,,,,,,,,,,,,,,,,,,,,,,,
csv,12,0,398514017,398514124,398514147,399931949,399478010,398013170,399932021,399932086,399932133,399932165,399932233,399932298,399932366,399932451,399932477,399932591,399994788,399994860,399998531,399998662,399998760,399998945,399998989,400000018,399998407,399994672,399931880,398268807,398268890,398013220,398013353,398268710,398267739,398267888,398267920,398267946,398268534,398268556,398268644,398512940,398512968,398513146,398513784,398513848,398513893,,,,,,,,,,,,,,,,,,,,,,,,,,,,,,,,,,,,,,,,,,,,,,,,,,,,,,,
bb_id,12,0,224,226,227,228,239,240,241,242,243,244,245,246,247,248,249,250,251,252,253,254,255,256,260,261,262,263,264,268,269,270,271,272,273,274,275,276,277,278,280,282,283,284,285,286,288,,,,,,,,,,,,,,,,,,,,,,,,,,,,,,,,,,,,,,,,,,,,,,,,,,,,,,,
bbv,12,1,99,99,99,392,393,99,785,686,686,980,785,687,687,982,687,785,25023,25023,100428,100428,100428,100428,100428,3213691,100428,25023,785,99,99,99,99,99,25344,25344,25344,25344,202752,25344,25344,25344,25344,25344,202752,25344,25344,,,,,,,,,,,,,,,,,,,,,,,,,,,,,,,,,,,,,,,,,,,,,,,,,,,,,,,
csv,12,1,399878137,399878244,399878293,398987322,399402468,399402490,399878323,398987482,398987590,398987799,399878405,399878529,399878599,399878684,399878752,399878841,399997208,399997272,399997354,399997410,399997466,399997670,399997719,400000060,399997046,399997151,399402434,399644220,399644266,399402515,399402601,399644165,399643173,399643322,399643358,399643384,399644008,399644055,399644101,399877237,399877288,399877566,399877986,399878029,399878053,,,,,,,,,,,,,,,,,,,,,,,,,,,,,,,,,,,,,,,,,,,,,,,,,,,,,,,
bb_id,12,1,224,226,227,228,239,240,241,242,243,244,245,246,247,248,249,250,251,252,253,254,255,256,260,261,262,263,264,268,269,270,271,272,273,274,275,276,277,278,280,282,283,284,285,286,288,,,,,,,,,,,,,,,,,,,,,,,,,,,,,,,,,,,,,,,,,,,,,,,,,,,,,,,
bbv,12,2,99,99,99,395,394,99,789,690,690,986,789,690,690,985,690,789,25143,25143,100941,100942,100942,100942,100942,3230136,100941,25143,789,99,99,99,99,99,25344,25344,25344,25344,202752,25344,25344,25344,25344,25344,202752,25344,25344,,,,,,,,,,,,,,,,,,,,,,,,,,,,,,,,,,,,,,,,,,,,,,,,,,,,,,,
csv,12,2,399457045,399457113,399457161,399896609,398963249,398963311,399896681,399896746,399896814,398517525,399896886,399897017,399897099,399897264,399897334,399897465,399997242,399997363,399997527,399997696,399997817,399997960,399998046,400000081,399997042,399997176,399896582,399219591,399219674,398963383,398963455,399219515,399218710,399218758,399218788,399218856,399219297,399219340,399219449,399456269,399456340,399456374,399456814,399456899,399456965,,,,,,,,,,,,,,,,,,,,,,,,,,,,,,,,,,,,,,,,,,,,,,,,,,,,,,,
bb_id,12,2,224,226,227,228,239,240,241,242,243,244,245,246,247,248,249,250,251,252,253,254,255,256,260,261,262,263,264,268,269,270,271,272,273,274,275,276,277,278,280,282,283,284,285,286,288,,,,,,,,,,,,,,,,,,,,,,,,,,,,,,,,,,,,,,,,,,,,,,,,,,,,,,,
bbv,12,3,97,97,97,389,390,97,779,682,682,976,779,682,682,972,682,779,24753,24753,99682,99682,99682,99682,99682,3189830,99682,24753,779,97,97,97,97,97,24832,24832,24832,24832,198656,24832,24832,24832,24832,24832,198656,24832,24832,,,,,,,,,,,,,,,,,,,,,,,,,,,,,,,,,,,,,,,,,,,,,,,,,,,,,,,
csv,12,3,397139831,397139856,397139921,399365962,399808037,396647234,399808121,399808228,399808296,399808465,399808533,399808599,399808651,399366461,399808705,399808757,399808831,399808882,399996788,399996877,399996996,399997147,399997210,400000039,399996664,399808026,399808029,396900716,396900837,396647301,396647352,396900661,396899730,396899820,396899892,396899981,396900550,396900577,396900623,397139103,397139133,397139159,397139684,397139748,397139772,,,,,,,,,,,,,,,,,,,,,,,,,,,,,,,,,,,,,,,,,,,,,,,,,,,,,,,
bb_id,12,3,224,226,227,228,239,240,241,242,243,244,245,246,247,248,249,250,251,252,253,254,255,256,260,261,262,263,264,268,269,270,271,272,273,274,275,276,277,278,280,282,283,284,285,286,288,,,,,,,,,,,,,,,,,,,,,,,,,,,,,,,,,,,,,,,,,,,,,,,,,,,,,,,
bbv,13,0,1,1,7,1,1,1,101,101,101,406,407,102,812,711,711,1018,812,710,710,1012,710,812,25783,25783,104046,104046,104046,104046,104046,3329490,104047,25784,813,1,90,90,91,91,91,23296,23296,23296,23296,186368,23296,23296,23040,23040,23040,184320,23040,23040,1,1,12,12,11,11,11,352,352,352,90112,362,362,361,92654,,,,,,,,,,,,,,,,,,,,,,,,,,,,,,,,,
csv,13,0,347708459,347708461,347708503,347708509,347708429,347708430,395666307,395666384,395666438,398706951,399090097,399090098,398706980,398707033,398707089,398707203,398707249,398325445,398325471,397890544,398325521,398707317,398707400,398707450,399086634,399086712,399086778,399086931,399087006,399089903,399089928,399089984,399090068,347708373,346675237,346675257,347657905,347657935,347708370,347708174,347708180,347708189,347708194,347708362,347708363,347708367,346722689,346722696,346722701,346722869,346722870,346722873,347708574,347708645,399774481,399774568,399090154,399090182,399774340,399750900,399750961,399774286,399774281,399977943,399978035,399977857,400000060,,,,,,,,,,,,,,,,,,,,,,,,,,,,,,,,,
bb_id,13,0,175,176,177,178,188,190,224,226,227,228,239,240,241,242,243,244,245,246,247,248,249,250,251,252,253,254,255,256,260,261,262,263,264,267,268,269,270,271,272,273,274,275,276,277,278,280,282,283,284,285,286,288,290,291,293,294,295,296,297,298,299,300,301,302,303,304,305,,,,,,,,,,,,,,,,,,,,,,,,,,,,,,,,,
bbv,13,1,94,94,94,377,377,94,754,660,660,941,754,660,660,944,660,754,24152,24152,96571,96571,96571,96571,96571,3090258,96571,24152,754,1,81,81,82,82,82,20992,20992,20992,20992,167936,20992,20992,20736,20736,20736,165888,20736,20736,1,1,13,13,12,12,12,384,384,384,98304,416,416,416,106496,,,,,,,,,,,,,,,,,,,,,,,,,,,,,,,,,,,,,,,
csv,13,1,398954236,398954282,398954294,399332450,399715875,397906139,399715905,399715969,399716026,399716089,399716146,399716200,399716257,399716404,399716461,399716529,399989746,399989776,399998740,399998839,399998947,399999079,399999133,400000050,399998627,399989693,399715846,347708379,330671031,330671137,335242750,335242822,335479413,335478758,335478848,335478878,335478925,335479279,335479322,335479389,330945930,330946063,330946194,330947158,330947243,330947288,347708716,347708787,398479724,398479786,397906164,397906234,398479702,398465438,398465458,398479647,398479634,398939156,398939174,398954209,398954154,,,,,,,,,,,,,,,,,,,,,,,,,,,,,,,,,,,,,,,
bb_id,13,1,224,226,227,228,239,240,241,242,243,244,245,246,247,248,249,250,251,252,253,254,255,256,260,261,262,263,264,267,268,269,270,271,272,273,274,275,276,277,278,280,282,283,284,285,286,288,290,291,293,294,295,296,297,298,299,300,301,302,303,304,305,,,,,,,,,,,,,,,,,,,,,,,,,,,,,,,,,,,,,,,
bbv,13,2,92,92,92,371,371,92,742,650,650,930,742,649,649,926,649,742,23572,23572,95075,95075,95075,95075,95075,3042379,95075,23572,742,1,80,80,81,81,81,20736,20736,20736,20736,165888,20736,20736,20480,20480,20480,163840,20480,20480,1,1,12,12,11,11,11,352,352,352,90112,384,384,384,98304,,,,,,,,,,,,,,,,,,,,,,,,,,,,,,,,,,,,,,,
csv,13,2,396865038,396865084,396865107,399625981,399267691,395602367,399626042,399626096,399626174,399626332,399626347,399268077,399268101,398919846,399268116,399626436,399626478,399626560,399999511,399999547,399999634,399999777,399999789,400000008,399999408,399625910,399625921,347708376,324110807,324110834,327914838,327914931,328160936,328160142,328160190,328160220,328160288,328160758,328160826,328160912,324343040,324343131,324343157,324344022,324344101,324344167,347708639,347708651,396304770,396304780,395602381,395602451,396304716,396298554,396298606,396304713,396304710,396847108,396847179,396865000,396864955,,,,,,,,,,,,,,,,,,,,,,,,,,,,,,,,,,,,,,,
bb_id,13,2,224,226,227,228,239,240,241,242,243,244,245,246,247,248,249,250,251,252,253,254,255,256,260,261,262,263,264,267,268,269,270,271,272,273,274,275,276,277,278,280,282,283,284,285,286,288,290,291,293,294,295,296,297,298,299,300,301,302,303,304,305,,,,,,,,,,,,,,,,,,,,,,,,,,,,,,,,,,,,,,,
bbv,13,3,96,96,96,382,381,96,763,667,667,952,763,667,667,954,667,763,24380,24380,97660,97660,97660,97660,97660,3125117,97660,24380,763,1,83,83,84,84,84,21504,21504,21504,21504,172032,21504,21504,21248,21248,21248,169984,21248,21248,1,1,13,13,12,12,12,384,384,384,98304,416,416,416,106496,,,,,,,,,,,,,,,,,,,,,,,,,,,,,,,,,,,,,,,
csv,13,3,399420877,399420912,399421015,399842380,398432761,398432772,399842410,399842464,399842500,398037025,399842526,399842580,399842647,399842783,399842840,399842939,399994023,399994185,399997677,399997724,399997790,399997964,399998018,400000029,399997585,399993904,399842345,347708382,336870368,336870388,338366418,338366469,338440196,338439895,338439901,338439952,338439957,338440188,338440189,338440193,336965666,336965694,336965699,336965972,336965973,336965976,347708781,347708793,398908718,398908759,398432828,398432877,398908571,398893220,398893240,398908558,398908545,399405674,399405734,399420742,399420713,,,,,,,,,,,,,,,,,,,,,,,,,,,,,,,,,,,,,,,
bb_id,13,3,224,226,227,228,239,240,241,242,243,244,245,246,247,248,249,250,251,252,253,254,255,256,260,261,262,263,264,267,268,269,270,271,272,273,274,275,276,277,278,280,282,283,284,285,286,288,290,291,293,294,295,296,297,298,299,300,301,302,303,304,305,,,,,,,,,,,,,,,,,,,,,,,,,,,,,,,,,,,,,,,
bbv,14,0,86,86,86,344,344,86,688,602,602,860,688,602,602,860,602,688,21930,21930,88064,88064,88064,88064,88064,2818048,88064,21930,688,86,86,86,86,86,2752,2752,2752,704512,2760,2760,2760,706555,,,,,,,,,,,,,,,,,,,,,,,,,,,,,,,,,,,,,,,,,,,,,,,,,,,,,,,,,,,,
csv,14,0,395684900,395684956,395685000,398379551,398854442,398854586,398379705,398379770,398379859,398380049,398380096,397935984,397936062,397592369,397936119,398380206,398380259,398380310,398850334,398850444,398850584,398850727,398850813,398854198,398854223,398854330,398854413,399593639,399593705,398854697,398854767,399593498,399569832,399569884,399593449,399593425,399981772,399981943,399981694,400000082,,,,,,,,,,,,,,,,,,,,,,,,,,,,,,,,,,,,,,,,,,,,,,,,,,,,,,,,,,,,
bb_id,14,0,224,226,227,228,239,240,241,242,243,244,245,246,247,248,249,250,251,252,253,254,255,256,260,261,262,263,264,293,294,295,296,297,298,299,300,301,302,303,304,305,,,,,,,,,,,,,,,,,,,,,,,,,,,,,,,,,,,,,,,,,,,,,,,,,,,,,,,,,,,,
bbv,14,1,91,91,91,366,365,91,731,640,640,915,731,640,640,914,640,731,23241,23241,93572,93572,93572,93572,93571,2994294,93572,23241,731,91,91,91,91,91,2912,2912,2912,745472,2912,2912,2912,745472,,,,,,,,,,,,,,,,,,,,,,,,,,,,,,,,,,,,,,,,,,,,,,,,,,,,,,,,,,,,
csv,14,1,397593261,397593327,397593339,399727634,399334093,396575152,399727674,399727728,399727806,399727932,399728010,399728043,399728069,399728132,399728168,399728288,399920851,399920941,399999767,399999844,399999899,400000041,399997544,399999620,399999665,399920799,399727607,397105740,397105760,396575177,396575267,397105676,397087244,397087264,397105631,397105618,397578693,397578711,397593192,397593137,,,,,,,,,,,,,,,,,,,,,,,,,,,,,,,,,,,,,,,,,,,,,,,,,,,,,,,,,,,,
bb_id,14,1,224,226,227,228,239,240,241,242,243,244,245,246,247,248,249,250,251,252,253,254,255,256,260,261,262,263,264,293,294,295,296,297,298,299,300,301,302,303,304,305,,,,,,,,,,,,,,,,,,,,,,,,,,,,,,,,,,,,,,,,,,,,,,,,,,,,,,,,,,,,
bbv,14,2,95,95,95,380,381,96,760,665,665,950,760,665,665,950,665,760,24225,24225,97280,97280,97280,97280,97280,3112989,97281,24226,761,95,95,96,96,95,3046,3046,3045,779629,3040,3040,3040,778240,,,,,,,,,,,,,,,,,,,,,,,,,,,,,,,,,,,,,,,,,,,,,,,,,,,,,,,,,,,,
csv,14,2,396772505,396772530,396772563,399529477,399915088,399915099,399529496,399529611,399529649,399529775,399529853,399144733,399144780,398745263,399144795,399529942,399530026,399530087,399911820,399911898,399911975,399912128,399912226,399914850,399914864,399914920,399914977,396222043,396222074,399915150,399915167,396221698,399993575,399993639,399993418,400000072,396755844,396755883,396772457,396772423,,,,,,,,,,,,,,,,,,,,,,,,,,,,,,,,,,,,,,,,,,,,,,,,,,,,,,,,,,,,
bb_id,14,2,224,226,227,228,239,240,241,242,243,244,245,246,247,248,249,250,251,252,253,254,255,256,260,261,262,263,264,293,294,295,296,297,298,299,300,301,302,303,304,305,,,,,,,,,,,,,,,,,,,,,,,,,,,,,,,,,,,,,,,,,,,,,,,,,,,,,,,,,,,,
bbv,14,3,91,91,91,365,366,91,731,640,640,914,731,640,640,915,640,731,23296,23296,93582,93582,93582,93582,93582,2994618,93582,23296,731,91,91,91,91,91,2912,2912,2912,745472,2912,2912,2912,745472,,,,,,,,,,,,,,,,,,,,,,,,,,,,,,,,,,,,,,,,,,,,,,,,,,,,,,,,,,,,
csv,14,3,398109009,398109013,398109036,399429215,399820776,396899260,399820837,399820891,399820948,399821074,399821110,399821185,399821221,399821284,399821362,399821461,399959988,399960017,399998105,399998182,399998258,399998379,399998453,400000062,399998003,399959935,399820747,397496983,397497045,396899274,396899323,397496919,397477385,397477437,397496906,397496861,398090967,398091141,398108971,398108926,,,,,,,,,,,,,,,,,,,,,,,,,,,,,,,,,,,,,,,,,,,,,,,,,,,,,,,,,,,,
bb_id,14,3,224,226,227,228,239,240,241,242,243,244,245,246,247,248,249,250,251,252,253,254,255,256,260,261,262,263,264,293,294,295,296,297,298,299,300,301,302,303,304,305,,,,,,,,,,,,,,,,,,,,,,,,,,,,,,,,,,,,,,,,,,,,,,,,,,,,,,,,,,,,
bbv,15,0,85,85,85,340,340,85,680,595,595,850,680,595,595,850,595,680,21675,21675,87040,87040,87040,87040,87040,2785280,87040,21675,680,85,85,85,85,85,2720,2720,2720,696320,2731,2731,2731,698906,,,,,,,,,,,,,,,,,,,,,,,,,,,,,,,,,,,,,,,,,,,,,,,,,,,,,,,,,,,,
csv,15,0,395320129,395320196,395320282,398289106,398723824,398723866,398289157,398289243,398289290,398289400,398289434,397804150,397804223,397342848,397804284,398289534,398289570,398289641,398720591,398720638,398720725,398720867,398720890,398723713,398723748,398723773,398723795,399359447,399359471,398723891,398723964,399359433,399340114,399340155,399359399,399359295,399999766,399999837,399999680,400000056,,,,,,,,,,,,,,,,,,,,,,,,,,,,,,,,,,,,,,,,,,,,,,,,,,,,,,,,,,,,
bb_id,15,0,224,226,227,228,239,240,241,242,243,244,245,246,247,248,249,250,251,252,253,254,255,256,260,261,262,263,264,293,294,295,296,297,298,299,300,301,302,303,304,305,,,,,,,,,,,,,,,,,,,,,,,,,,,,,,,,,,,,,,,,,,,,,,,,,,,,,,,,,,,,
bbv,15,1,94,94,94,377,377,94,754,660,660,944,754,659,659,940,659,754,23974,23974,96446,96446,96446,96446,96447,3086300,96446,23974,754,94,94,94,94,94,3008,3008,3008,770048,3008,3008,3008,770048,,,,,,,,,,,,,,,,,,,,,,,,,,,,,,,,,,,,,,,,,,,,,,,,,,,,,,,,,,,,
csv,15,1,397131541,397131586,397131609,399910409,399523701,396137452,399910472,399910526,399910593,399910708,399910734,399524427,399524526,399176136,399524625,399910812,399910927,399910967,399997420,399997578,399997667,399997820,399997895,400000025,399997293,399910229,399910362,396640184,396640225,396137477,396137526,396640115,396624679,396624762,396640020,396640013,397114819,397114868,397131451,397131396,,,,,,,,,,,,,,,,,,,,,,,,,,,,,,,,,,,,,,,,,,,,,,,,,,,,,,,,,,,,
bb_id,15,1,224,226,227,228,239,240,241,242,243,244,245,246,247,248,249,250,251,252,253,254,255,256,260,261,262,263,264,293,294,295,296,297,298,299,300,301,302,303,304,305,,,,,,,,,,,,,,,,,,,,,,,,,,,,,,,,,,,,,,,,,,,,,,,,,,,,,,,,,,,,
bbv,15,2,91,91,91,363,363,90,727,636,636,908,727,637,637,910,637,727,23203,23203,92988,92988,92988,92988,92988,2975591,92987,23202,726,91,91,90,90,91,2906,2906,2907,744083,2912,2912,2912,745472,,,,,,,,,,,,,,,,,,,,,,,,,,,,,,,,,,,,,,,,,,,,,,,,,,,,,,,,,,,,
csv,15,2,397448379,397448446,397448511,399427138,399808768,396265025,399808787,399808841,399808888,399809024,399809081,399809125,399809140,399427910,399809197,399809286,399809370,399809441,399999190,399999258,399999355,399999498,399999562,400000046,399999067,399808707,399808718,396895873,396895914,396265062,396265121,396895800,396876202,396876233,396895766,396895759,397429994,397430065,397448299,397448275,,,,,,,,,,,,,,,,,,,,,,,,,,,,,,,,,,,,,,,,,,,,,,,,,,,,,,,,,,,,
bb_id,15,2,224,226,227,228,239,240,241,242,243,244,245,246,247,248,249,250,251,252,253,254,255,256,260,261,262,263,264,293,294,295,296,297,298,299,300,301,302,303,304,305,,,,,,,,,,,,,,,,,,,,,,,,,,,,,,,,,,,,,,,,,,,,,,,,,,,,,,,,,,,,
bbv,15,3,94,94,94,375,374,94,749,655,655,936,749,655,655,935,655,749,23882,23882,95864,95864,95864,95864,95864,3067659,95864,23882,749,94,94,94,94,94,3008,3008,3008,770048,3008,3008,3008,770048,,,,,,,,,,,,,,,,,,,,,,,,,,,,,,,,,,,,,,,,,,,,,,,,,,,,,,,,,,,,
csv,15,3,399413880,399413915,399413938,399827207,398367484,398367531,399827308,399827341,399827372,397907452,399827408,399827476,399827615,399827762,399827819,399827918,399994525,399994607,399997232,399997289,399997328,399997521,399997580,400000004,399997119,399994462,399827197,398918044,398918085,398367596,398367711,398917959,398903239,398903301,398917904,398917880,399397697,399397757,399413811,399413756,,,,,,,,,,,,,,,,,,,,,,,,,,,,,,,,,,,,,,,,,,,,,,,,,,,,,,,,,,,,
bb_id,15,3,224,226,227,228,239,240,241,242,243,244,245,246,247,248,249,250,251,252,253,254,255,256,260,261,262,263,264,293,294,295,296,297,298,299,300,301,302,303,304,305,,,,,,,,,,,,,,,,,,,,,,,,,,,,,,,,,,,,,,,,,,,,,,,,,,,,,,,,,,,,
bbv,16,0,1,1,1,1,1,1,1,1,1,1,1,8192,8192,8192,8192,1048576,8192,8192,1,1,1,1,1,1,256,1,1,1,1,6,1,1,1,20,20,20,20,19,2475,2475,2475,2475,19797,2474,2474,2560,2560,2560,20480,2560,2560,94,94,94,376,20,20,2560,2560,2560,20480,2560,2560,356,94,732,638,638,900,732,638,638,900,638,732,21410,21410,84736,84736,84736,84736,84736,2711552,84736,21410,732,1,73,73,74,74,74,2368,2368,2368,606208,2339,2339,2340,599037
csv,16,0,273992172,360434477,273969405,273992161,273992166,360434486,273969398,273969399,273992270,273992283,360434407,360431774,360431801,360431836,360431839,360434399,360434401,360434404,273992156,273969431,273969460,273992055,273992085,273992099,273992049,273969390,273969391,360434513,360434515,360434551,360434557,360434687,360434695,398123491,398123527,399966012,399966043,398123462,399999551,399999573,399999661,399999682,400000030,399999485,399999505,398221354,398221429,398221455,398221926,398221958,398221995,398222017,398222099,398222122,399860325,399860402,399860463,399965390,399965395,399965445,399965891,399965908,399965950,399633069,399965967,399633113,399633157,399633326,399633350,399633418,399392290,399392337,399157244,399392363,399633549,399633644,399633758,399856831,399856911,399856967,399857147,399857244,399860112,399860137,399860194,399860261,273969334,272869479,272869489,273886857,273886864,273969331,273966755,273966765,273969328,273969325,272949254,272949262,272951825,272951822
bb_id,16,0,54,56,59,62,64,99,101,102,103,104,105,106,107,108,109,110,111,113,115,168,169,170,171,172,173,180,182,191,192,193,194,199,200,202,203,204,205,206,207,208,209,210,211,212,214,216,217,218,219,220,222,224,226,227,228,229,230,231,232,233,234,235,238,239,240,241,242,243,244,245,246,247,248,249,250,251,252,253,254,255,256,260,261,262,263,264,292,293,294,295,296,297,298,299,300,301,302,303,304,305
bbv,16,1,1,1,1,8192,8192,8192,8192,1048576,8192,8192,1,1,1,1,1,256,1,1,22,22,21,21,21,2688,2688,2688,2688,21504,2688,2688,2727,2727,2727,21816,2726,2726,79,79,79,316,21,21,2688,2688,2688,21504,2688,2688,296,80,611,532,532,748,611,532,532,748,532,611,17457,17457,68898,68898,68898,68898,68898,2204740,68899,17458,612,1,58,58,59,59,59,1888,1888,1888,483328,1856,1856,1856,475136,,,,,,,,,,,,,,,
csv,16,1,273992410,273992490,360434416,353792016,353792043,353792078,353792201,353798039,353798041,353798044,273969577,273969694,273992073,273992097,273992105,273992005,360434794,360434907,399970869,399970910,399867224,399867280,399970827,399969916,399969950,399969980,399970010,399970626,399970674,399970757,399999419,399999484,399999547,400000009,399999364,399999388,398161573,398161586,398161660,399754300,399754328,399754373,399866353,399866431,399866497,399867041,399867063,399867096,399524410,399867101,399524440,399524488,399524519,399524659,399524718,399294373,399294428,399067616,399294454,399524800,399524965,399524994,399750501,399750574,399750668,399750797,399750820,399754033,399754121,399754209,399754273,273969343,251006125,251006145,255432692,255432883,256301246,256271976,256271986,256301222,256301135,251584432,251584603,251606067,251606043,,,,,,,,,,,,,,,
bb_id,16,1,103,104,105,106,107,108,109,110,111,113,168,169,170,171,172,173,199,200,202,203,204,205,206,207,208,209,210,211,212,214,216,217,218,219,220,222,224,226,227,228,229,230,231,232,233,234,235,238,239,240,241,242,243,244,245,246,247,248,249,250,251,252,253,254,255,256,260,261,262,263,264,292,293,294,295,296,297,298,299,300,301,302,303,304,305,,,,,,,,,,,,,,,
bbv,16,2,1,1,1,8192,8192,8192,8192,1048576,8192,8192,1,1,1,1,1,256,1,1,21,21,20,20,20,2560,2560,2560,2560,20480,2560,2560,2688,2688,2688,21504,2688,2688,79,79,79,317,21,21,2634,2634,2634,21072,2634,2634,296,79,612,533,533,750,612,532,532,748,532,612,17459,17459,68996,68996,68996,68996,68996,2207897,68997,17460,613,1,58,58,59,59,59,1888,1888,1888,483328,1856,1856,1856,475136,,,,,,,,,,,,,,,
csv,16,2,273992221,273992296,360434413,359871533,359871580,359871635,359871658,359877236,359877278,359877301,273969457,273969463,273992061,273992079,273992101,273992027,360434622,360434703,398279532,398279594,398158371,398158422,398279435,398278254,398278403,398278456,398278503,398279217,398279260,398279348,398393155,398393220,398393357,398393796,398393818,398393895,398393970,398393994,398394017,399945611,399945630,399945670,399999317,399999342,399999396,399999840,399999925,400000034,399750582,398158219,399750612,399750670,399750696,399750863,399750910,399525120,399525207,399295353,399525238,399750978,399751094,399751166,399941960,399942070,399942127,399942323,399942400,399945273,399945352,399945430,399945526,273969337,240955486,240955516,244837553,244837652,245281083,245271600,245271630,245281070,245281047,241315302,241315320,241327755,241327711,,,,,,,,,,,,,,,
bb_id,16,2,103,104,105,106,107,108,109,110,111,113,168,169,170,171,172,173,199,200,202,203,204,205,206,207,208,209,210,211,212,214,216,217,218,219,220,222,224,226,227,228,229,230,231,232,233,234,235,238,239,240,241,242,243,244,245,246,247,248,249,250,251,252,253,254,255,256,260,261,262,263,264,292,293,294,295,296,297,298,299,300,301,302,303,304,305,,,,,,,,,,,,,,,
bbv,16,3,1,1,1,8192,8192,8192,8192,1048576,8192,8192,1,1,1,1,1,256,1,1,21,21,20,20,20,2560,2560,2560,2560,20480,2560,2560,2688,2688,2688,21504,2688,2688,79,79,79,318,20,20,2560,2560,2560,20480,2560,2560,298,79,616,537,537,756,616,537,537,754,537,616,17555,17555,69549,69549,69549,69549,69549,2225568,69549,17555,616,1,58,58,59,59,59,1888,1888,1888,483328,1856,1856,1856,475136,,,,,,,,,,,,,,,
csv,16,3,273992361,273992477,360434410,353737751,353737818,353737853,353737856,353747930,353747932,353747975,273969603,273969697,273992067,273992091,273992103,273991983,360434859,360434915,398609879,398609920,398484861,398484942,398609824,398608778,398608805,398608891,398609039,398609648,398609670,398609758,398728453,398728502,398728528,398729236,398729258,398729293,398729434,398729506,398729585,399886489,398372123,398372168,398483833,398484001,398484053,398484664,398484732,398484778,399664056,398484783,399886539,399886584,399886598,399886625,399886694,399886763,399886789,399664686,399886822,399886915,399984537,399984625,399996865,399996979,399997063,399997231,399997283,400000055,399996777,399984437,399886479,273969340,255389984,255390015,257396065,257396072,257516324,257512708,257512718,257516321,257516318,256033762,256033780,256054059,256054004,,,,,,,,,,,,,,,
bb_id,16,3,103,104,105,106,107,108,109,110,111,113,168,169,170,171,172,173,199,200,202,203,204,205,206,207,208,209,210,211,212,214,216,217,218,219,220,222,224,226,227,228,229,230,231,232,233,234,235,238,239,240,241,242,243,244,245,246,247,248,249,250,251,252,253,254,255,256,260,261,262,263,264,292,293,294,295,296,297,298,299,300,301,302,303,304,305,,,,,,,,,,,,,,,
bbv,17,0,202,202,201,201,202,25813,25813,25813,25813,206507,25814,25814,25856,25856,25856,206848,25856,25856,202,202,202,805,201,201,25728,25728,25728,205824,25728,25728,604,201,1410,1208,1208,1609,1410,1209,1209,1614,1209,1410,25629,25629,90198,90198,90198,90198,90198,2886309,90197,25628,1409,,,,,,,,,,,,,,,,,,,,,,,,,,,,,,,,,,,,,,,,,,,,,,,
csv,17,0,399354214,399354297,399228235,399228307,399354117,399353256,399353318,399353329,399353456,399353962,399353984,399354051,399471369,399471430,399471456,399471925,399472005,399472051,399472093,399472118,399472148,399692957,399105115,399105160,399227081,399227153,399227182,399228099,399228121,399228188,399920339,399228210,399920390,399920435,399920443,399920519,399920573,399920622,399920711,399920817,399920864,399920932,399994853,399994936,399999135,399999245,399999364,399999507,399999593,400000055,399998990,399994775,399920310,,,,,,,,,,,,,,,,,,,,,,,,,,,,,,,,,,,,,,,,,,,,,,,
bb_id,17,0,202,203,204,205,206,207,208,209,210,211,212,214,216,217,218,219,220,222,224,226,227,228,229,230,231,232,233,234,235,238,239,240,241,242,243,244,245,246,247,248,249,250,251,252,253,254,255,256,260,261,262,263,264,,,,,,,,,,,,,,,,,,,,,,,,,,,,,,,,,,,,,,,,,,,,,,,
bbv,17,1,211,211,211,211,211,27008,27008,27008,27008,216064,27008,27008,27097,27097,27097,216776,27098,27098,212,212,212,846,211,211,27008,27008,27008,216064,27008,27008,635,211,1482,1270,1270,1692,1482,1271,1271,1696,1271,1482,26919,26919,94815,94815,94815,94815,94815,3034067,94814,26918,1481,,,,,,,,,,,,,,,,,,,,,,,,,,,,,,,,,,,,,,,,,,,,,,,
csv,17,1,398921121,398921167,398796171,398796222,398921064,398920156,398920183,398920234,398920260,398920792,398920849,398920857,399041317,399041366,399041392,399042125,399042210,399042234,399042293,399042360,399042383,399692887,398683004,398683129,398795183,398795213,398795319,398795865,398795887,398795975,399895588,398796039,399895662,399895727,399895774,399895905,399895975,399896005,399896078,399896152,399896178,399896309,399947484,399947540,399997437,399997608,399997727,399997891,399997956,400000013,399997299,399947431,399895559,,,,,,,,,,,,,,,,,,,,,,,,,,,,,,,,,,,,,,,,,,,,,,,
bb_id,17,1,202,203,204,205,206,207,208,209,210,211,212,214,216,217,218,219,220,222,224,226,227,228,229,230,231,232,233,234,235,238,239,240,241,242,243,244,245,246,247,248,249,250,251,252,253,254,255,256,260,261,262,263,264,,,,,,,,,,,,,,,,,,,,,,,,,,,,,,,,,,,,,,,,,,,,,,,
bbv,17,2,213,213,213,213,213,27264,27264,27264,27264,218112,27264,27264,27264,27264,27264,218112,27264,27264,213,213,213,848,212,212,27190,27190,27190,217520,27190,27190,636,213,1485,1272,1272,1696,1485,1273,1273,1698,1273,1485,26936,26936,94988,94988,94988,94988,94988,3039600,94987,26935,1484,,,,,,,,,,,,,,,,,,,,,,,,,,,,,,,,,,,,,,,,,,,,,,,
csv,17,2,399838702,399838743,399718799,399718871,399838647,399837758,399837827,399837899,399837946,399838492,399838514,399838581,399957460,399957551,399957598,399958373,399958437,399958545,399958608,399958658,399958734,399613740,399613807,399613877,399718106,399718131,399718202,399718642,399718706,399718731,399406897,399718774,399958834,399406970,399407010,399407266,399958907,399959007,399959134,399959284,399959352,399959420,399998269,399998341,399998423,399998491,399998547,399998711,399998776,400000034,399998107,399998174,399613692,,,,,,,,,,,,,,,,,,,,,,,,,,,,,,,,,,,,,,,,,,,,,,,
bb_id,17,2,202,203,204,205,206,207,208,209,210,211,212,214,216,217,218,219,220,222,224,226,227,228,229,230,231,232,233,234,235,238,239,240,241,242,243,244,245,246,247,248,249,250,251,252,253,254,255,256,260,261,262,263,264,,,,,,,,,,,,,,,,,,,,,,,,,,,,,,,,,,,,,,,,,,,,,,,
bbv,17,3,211,211,211,211,211,27008,27008,27008,27008,216064,27008,27008,27008,27008,27008,216064,27008,27008,211,211,211,841,211,211,27008,27008,27008,216064,27008,27008,631,211,1472,1261,1261,1682,1472,1261,1261,1682,1261,1472,26728,26728,94228,94228,94228,94228,94228,3015294,94228,26728,1472,,,,,,,,,,,,,,,,,,,,,,,,,,,,,,,,,,,,,,,,,,,,,,,
csv,17,3,399691532,399691626,399576827,399576941,399691498,399690830,399690857,399690940,399690998,399691379,399691433,399691458,399797680,399797714,399797740,399798321,399798385,399798414,399798452,399798502,399798561,399464558,399464582,399464814,399575756,399575781,399575993,399576588,399576690,399576759,399253670,399576802,399798638,399253786,399253858,399254009,399798706,399798750,399798776,399798945,399798996,399799146,399997031,399997082,399997164,399997253,399997334,399997538,399997582,400000076,399996869,399996915,399464475,,,,,,,,,,,,,,,,,,,,,,,,,,,,,,,,,,,,,,,,,,,,,,,
bb_id,17,3,202,203,204,205,206,207,208,209,210,211,212,214,216,217,218,219,220,222,224,226,227,228,229,230,231,232,233,234,235,238,239,240,241,242,243,244,245,246,247,248,249,250,251,252,253,254,255,256,260,261,262,263,264,,,,,,,,,,,,,,,,,,,,,,,,,,,,,,,,,,,,,,,,,,,,,,,
bbv,18,0,201,201,201,201,201,25728,25728,25728,25728,205824,25728,25728,25728,25728,25728,205824,25728,25728,201,201,201,806,201,201,25728,25728,25728,205824,25728,25728,605,201,1411,1210,1210,1615,1411,1209,1209,1610,1209,1411,25552,25552,90313,90313,90313,90313,90313,2890042,90313,25552,1411,,,,,,,,,,,,,,,,,,,,,,,,,,,,,,,,,,,,,,,,,,,,,,,
csv,18,0,398368879,398368903,398240506,398240538,398368822,398367628,398367737,398367828,398367854,398368442,398368553,398368655,398485788,398485837,398485863,398486325,398486389,398486392,398486472,398486476,398486541,399657203,398127252,398127297,398239317,398239389,398239418,398240095,398240281,398240371,399889119,398240436,399889191,399889309,399889430,399889610,399889694,399657871,399657939,399438625,399657965,399889757,399889790,399889841,399997693,399997782,399997880,399998023,399998046,400000029,399997569,399889056,399889103,,,,,,,,,,,,,,,,,,,,,,,,,,,,,,,,,,,,,,,,,,,,,,,
bb_id,18,0,202,203,204,205,206,207,208,209,210,211,212,214,216,217,218,219,220,222,224,226,227,228,229,230,231,232,233,234,235,238,239,240,241,242,243,244,245,246,247,248,249,250,251,252,253,254,255,256,260,261,262,263,264,,,,,,,,,,,,,,,,,,,,,,,,,,,,,,,,,,,,,,,,,,,,,,,
bbv,18,1,211,211,211,211,211,27008,27008,27008,27008,216064,27008,27008,27008,27008,27008,216064,27008,27008,211,211,211,845,211,211,27008,27008,27008,216064,27008,27008,633,211,1478,1267,1267,1690,1478,1267,1267,1688,1267,1478,26799,26799,94561,94561,94561,94561,94561,3025965,94562,26800,1478,,,,,,,,,,,,,,,,,,,,,,,,,,,,,,,,,,,,,,,,,,,,,,,
csv,18,1,398754619,398754660,398632325,398632418,398754543,398753366,398753515,398753566,398753573,398754386,398754431,398754456,398869769,398869822,398869909,398870598,398870742,398870766,398870848,398870894,398870917,399999358,398514903,398514953,398631528,398631635,398631664,398632126,398632190,398632215,399797884,398632300,399999472,399999558,399999668,399999753,399999801,399999824,399999875,399798443,399999905,400000004,399947449,399947542,399995917,399995986,399996046,399996193,399996243,399999193,399999249,399999274,399999331,,,,,,,,,,,,,,,,,,,,,,,,,,,,,,,,,,,,,,,,,,,,,,,
bb_id,18,1,202,203,204,205,206,207,208,209,210,211,212,214,216,217,218,219,220,222,224,226,227,228,229,230,231,232,233,234,235,238,239,240,241,242,243,244,245,246,247,248,249,250,251,252,253,254,255,256,260,261,262,263,264,,,,,,,,,,,,,,,,,,,,,,,,,,,,,,,,,,,,,,,,,,,,,,,
bbv,18,2,212,212,213,213,212,27235,27235,27235,27234,217872,27234,27234,27136,27136,27136,217088,27136,27136,212,212,212,852,213,213,27264,27264,27264,218112,27264,27264,639,213,1490,1278,1278,1704,1490,1277,1277,1702,1277,1490,27039,27039,95412,95412,95412,95412,95412,3053200,95413,27040,1491,,,,,,,,,,,,,,,,,,,,,,,,,,,,,,,,,,,,,,,,,,,,,,,
csv,18,2,398161368,398161392,399905653,399905746,398161302,399999879,399999936,400000038,399999330,399999774,399999796,399999828,398264928,398264998,398265024,398265550,398265597,398265646,398265711,398265761,398265772,399790257,399790281,399790347,399904786,399904811,399904910,399905496,399905518,399905585,399578100,399905628,399578137,399578223,399578291,399578481,399578528,399376063,399376125,399150253,399376171,399578663,399578819,399578870,399786140,399786228,399786413,399786612,399786778,399790137,399790183,399790187,399790209,,,,,,,,,,,,,,,,,,,,,,,,,,,,,,,,,,,,,,,,,,,,,,,
bb_id,18,2,202,203,204,205,206,207,208,209,210,211,212,214,216,217,218,219,220,222,224,226,227,228,229,230,231,232,233,234,235,238,239,240,241,242,243,244,245,246,247,248,249,250,251,252,253,254,255,256,260,261,262,263,264,,,,,,,,,,,,,,,,,,,,,,,,,,,,,,,,,,,,,,,,,,,,,,,
bbv,18,3,210,210,210,210,210,26880,26880,26880,26880,215040,26880,26880,26880,26880,26880,215040,26880,26880,210,210,210,841,210,210,26880,26880,26880,215040,26880,26880,630,210,1471,1261,1261,1680,1471,1261,1261,1682,1261,1471,26687,26687,94107,94107,94107,94107,94107,3011426,94108,26688,1471,,,,,,,,,,,,,,,,,,,,,,,,,,,,,,,,,,,,,,,,,,,,,,,
csv,18,3,399584990,399585073,399457274,399457407,399584914,399583859,399584008,399584082,399584150,399584759,399584781,399584848,399702822,399702871,399702897,399703590,399703633,399703737,399703798,399703865,399703953,399930796,399339764,399339809,399456284,399456334,399456363,399457010,399457074,399457162,399119305,399457249,399930857,399930894,399931004,399119677,399931072,399931158,399931205,399931375,399931405,399931498,399992981,399993032,399996721,399996768,399996866,399997030,399997096,399999870,399999909,400000008,399930743,,,,,,,,,,,,,,,,,,,,,,,,,,,,,,,,,,,,,,,,,,,,,,,
bb_id,18,3,202,203,204,205,206,207,208,209,210,211,212,214,216,217,218,219,220,222,224,226,227,228,229,230,231,232,233,234,235,238,239,240,241,242,243,244,245,246,247,248,249,250,251,252,253,254,255,256,260,261,262,263,264,,,,,,,,,,,,,,,,,,,,,,,,,,,,,,,,,,,,,,,,,,,,,,,
bbv,19,0,1,1,7,1,1,1,1,89,89,90,90,90,11520,11520,11520,11520,92160,11520,11520,11392,11392,11392,91136,11392,11392,150,150,150,599,90,90,11520,11520,11520,92160,11520,11520,509,150,1108,958,958,1316,1108,959,959,1321,959,1108,26847,26847,101914,101913,101913,101913,101913,3261217,101914,26847,1108,1,1,61,61,60,60,60,15360,15360,15360,15360,122880,15360,15360,15616,15616,15616,124928,15616,15616,,,,,,,,,,,,,,,,,,,,
csv,19,0,140886095,140886097,140886139,140886145,140886067,140886068,140886011,140407285,140407305,140860759,140860789,140886008,140885812,140885818,140885827,140885832,140886000,140886001,140886005,140430929,140430936,140430941,140431109,140431110,140431113,397917783,397917829,397917852,399362130,140841274,140841298,140860609,140860613,140860621,140860749,140860750,140860754,399812695,397424359,399812746,399812832,399812921,399813056,399813084,399813147,399813211,399813320,399813350,399813603,399970456,399970486,400000200,399996621,399996677,399996841,399996864,399999887,399999975,399970382,399812624,140886210,140886283,397677313,397677365,397424384,397424498,397677258,397676300,397676390,397676420,397676471,397677158,397677201,397677209,397916514,397916651,397916720,397917615,397917637,397917682,,,,,,,,,,,,,,,,,,,,
bb_id,19,0,183,184,185,186,196,198,201,202,203,204,205,206,207,208,209,210,211,212,214,216,217,218,219,220,222,224,226,227,228,229,230,231,232,233,234,235,238,239,240,241,242,243,244,245,246,247,248,249,250,251,252,253,254,255,256,260,261,262,263,264,265,266,268,269,270,271,272,273,274,275,276,277,278,280,282,283,284,285,286,288,,,,,,,,,,,,,,,,,,,,
bbv,19,1,1,68,68,69,69,69,8832,8832,8832,8832,70656,8832,8832,8704,8704,8704,69632,8704,8704,132,132,132,527,69,69,8832,8832,8832,70656,8832,8832,458,132,985,853,853,1178,985,853,853,1182,853,985,24933,24933,95527,95527,95527,95527,95527,3056837,95526,24932,985,1,1,64,64,63,63,63,16128,16128,16128,16128,129024,16128,16128,16384,16384,16384,131072,16384,16384,,,,,,,,,,,,,,,,,,,,,,,,,,
csv,19,1,140886020,127555288,127555329,129564050,129564101,129706095,129704920,129705031,129705101,129705237,129705921,129706023,129706048,127681990,127682085,127682111,127682693,127682736,127682865,398453640,398453707,398453772,399866100,129438616,129438743,129562786,129562916,129563036,129563809,129563810,129563919,399416821,397969862,399866205,399866291,399866380,399866412,399866417,399866482,399866508,399866639,399866686,399866777,399977528,399977600,399999008,399999055,399999132,399999317,399999382,400000118,399998905,399977475,399866092,140886382,140886495,398218782,398218823,397969929,397970043,398218713,398217712,398217781,398217811,398217900,398218467,398218531,398218581,398452689,398452799,398452846,398453430,398453515,398453539,,,,,,,,,,,,,,,,,,,,,,,,,,
bb_id,19,1,201,202,203,204,205,206,207,208,209,210,211,212,214,216,217,218,219,220,222,224,226,227,228,229,230,231,232,233,234,235,238,239,240,241,242,243,244,245,246,247,248,249,250,251,252,253,254,255,256,260,261,262,263,264,265,266,268,269,270,271,272,273,274,275,276,277,278,280,282,283,284,285,286,288,,,,,,,,,,,,,,,,,,,,,,,,,,
bbv,19,2,1,66,66,66,66,67,8477,8477,8477,8478,67824,8478,8478,8448,8448,8448,67584,8448,8448,130,130,130,519,66,66,8448,8448,8448,67584,8448,8448,453,129,973,843,843,1166,973,844,844,1168,844,973,24700,24700,94888,94888,94888,94888,94888,3036386,94887,24699,972,1,1,64,64,63,63,63,16128,16128,16128,16128,129024,16128,16128,16384,16384,16384,131072,16384,16384,,,,,,,,,,,,,,,,,,,,,,,,,,
csv,19,2,140886014,122725654,122725676,124502374,124502446,124629642,124628484,124628574,124628688,124628735,124629470,124629492,124629618,122846367,122846458,122846547,122847371,122847449,122847494,397164372,397164537,397164640,399431804,124383286,124383418,124501470,124501495,124501528,124502133,124502218,124502264,399857325,396663754,399857418,399857483,399857572,399857741,399857772,399857885,399858049,399432671,399858082,399858131,399858231,399858303,399999571,399999627,399999683,399999866,399999889,400000139,399999489,399857197,399857249,140886275,140886291,396923078,396923220,396663821,396663872,396922988,396922047,396922095,396922167,396922256,396922779,396922913,396922964,397163513,397163541,397163609,397164155,397164202,397164268,,,,,,,,,,,,,,,,,,,,,,,,,,
bb_id,19,2,201,202,203,204,205,206,207,208,209,210,211,212,214,216,217,218,219,220,222,224,226,227,228,229,230,231,232,233,234,235,238,239,240,241,242,243,244,245,246,247,248,249,250,251,252,253,254,255,256,260,261,262,263,264,265,266,268,269,270,271,272,273,274,275,276,277,278,280,282,283,284,285,286,288,,,,,,,,,,,,,,,,,,,,,,,,,,
bbv,19,3,1,70,70,71,71,71,9088,9088,9088,9088,72704,9088,9088,8960,8960,8960,71680,8960,8960,134,134,134,535,71,71,9088,9088,9088,72704,9088,9088,465,134,1000,866,866,1198,1000,866,866,1196,866,1000,25025,25025,96253,96253,96253,96253,96252,3080064,96252,25024,1000,1,1,64,64,63,63,63,16128,16128,16128,16128,129024,16128,16128,16384,16384,16384,131072,16384,16384,,,,,,,,,,,,,,,,,,,,,,,,,,
csv,19,3,140886017,131097675,131097695,131778760,131778790,131821375,131820948,131820975,131820984,131820989,131821325,131821326,131821372,131144384,131144433,131144438,131144669,131144733,131144736,399936475,399936546,399936651,398992221,131745421,131745445,131778499,131778545,131778553,131778748,131778749,131778753,399453041,399453063,399936728,398992400,398992447,398992616,399936810,399936955,399936962,399937089,399937115,399937225,399999485,399999601,399999765,399999915,399999971,400000097,399996595,399999338,399999386,399999432,399452951,140886447,140886503,399705416,399705499,399453114,399453165,399705279,399704221,399704248,399704303,399704391,399705057,399705163,399705230,399935518,399935588,399935656,399936349,399936392,399936416,,,,,,,,,,,,,,,,,,,,,,,,,,
bb_id,19,3,201,202,203,204,205,206,207,208,209,210,211,212,214,216,217,218,219,220,222,224,226,227,228,229,230,231,232,233,234,235,238,239,240,241,242,243,244,245,246,247,248,249,250,251,252,253,254,255,256,260,261,262,263,264,265,266,268,269,270,271,272,273,274,275,276,277,278,280,282,283,284,285,286,288,,,,,,,,,,,,,,,,,,,,,,,,,,
bbv,20,0,93,93,93,371,371,93,742,649,649,927,742,649,649,927,649,742,23666,23666,94931,94932,94932,94932,94932,3037804,94931,23666,742,93,93,93,93,93,23808,23808,23808,23808,190464,23808,23808,23808,23808,23808,190464,23808,23808,,,,,,,,,,,,,,,,,,,,,,,,,,,,,,,,,,,,,,,,,,,,,,,,,,,,,,,
csv,20,0,398952760,398952827,398952871,399460555,399956264,398417785,399956416,399956443,399956536,399956650,399956737,399956884,399956910,399957079,399957105,399957194,399987307,399987400,399998528,399998617,399998715,399998879,399998965,400000116,399998362,399987212,399956155,398672506,398672589,398417810,398417861,398672409,398670962,398671086,398671186,398671315,398672170,398672234,398672322,398951696,398951747,398951794,398952550,398952614,398952680,,,,,,,,,,,,,,,,,,,,,,,,,,,,,,,,,,,,,,,,,,,,,,,,,,,,,,,
bb_id,20,0,224,226,227,228,239,240,241,242,243,244,245,246,247,248,249,250,251,252,253,254,255,256,260,261,262,263,264,268,269,270,271,272,273,274,275,276,277,278,280,282,283,284,285,286,288,,,,,,,,,,,,,,,,,,,,,,,,,,,,,,,,,,,,,,,,,,,,,,,,,,,,,,,
bbv,20,1,98,98,98,393,393,98,786,688,688,984,786,688,688,982,688,786,25012,25012,100644,100644,100644,100644,100644,3220630,100644,25012,786,98,98,98,98,98,25088,25088,25088,25088,200704,25088,25088,25088,25088,25088,200704,25088,25088,,,,,,,,,,,,,,,,,,,,,,,,,,,,,,,,,,,,,,,,,,,,,,,,,,,,,,,
csv,20,1,397500109,397500176,397500220,399732263,399258380,397016323,399732335,399732400,399732489,399732679,399732774,399732919,399733048,399733085,399733132,399733214,399959648,399959791,399996975,399997047,399997160,399997303,399997417,400000095,399996872,399959534,399732236,397268450,397268512,397016348,397016420,397268374,397267304,397267371,397267448,397267495,397268081,397268159,397268306,397499417,397499445,397499492,397499894,397499963,397500029,,,,,,,,,,,,,,,,,,,,,,,,,,,,,,,,,,,,,,,,,,,,,,,,,,,,,,,
bb_id,20,1,224,226,227,228,239,240,241,242,243,244,245,246,247,248,249,250,251,252,253,254,255,256,260,261,262,263,264,268,269,270,271,272,273,274,275,276,277,278,280,282,283,284,285,286,288,,,,,,,,,,,,,,,,,,,,,,,,,,,,,,,,,,,,,,,,,,,,,,,,,,,,,,,
bbv,20,2,99,99,99,395,394,99,789,690,690,984,789,690,690,988,690,789,25221,25221,100990,100990,100990,100990,100989,3231678,100990,25221,789,99,99,99,99,99,25344,25344,25344,25344,202752,25344,25344,25344,25344,25344,202752,25344,25344,,,,,,,,,,,,,,,,,,,,,,,,,,,,,,,,,,,,,,,,,,,,,,,,,,,,,,,
csv,20,2,398480317,398480367,398480375,399866598,399412341,397991686,399866649,399866714,399866782,399866877,399866945,399866989,399867078,399867205,399867231,399867341,399981963,399982056,399999765,399999833,399999889,400000053,399996532,399999553,399999620,399981889,399866571,398246754,398246827,397991753,397991808,398246691,398245802,398245871,398245922,398245948,398246557,398246621,398246667,398479326,398479375,398479464,398480207,398480250,398480296,,,,,,,,,,,,,,,,,,,,,,,,,,,,,,,,,,,,,,,,,,,,,,,,,,,,,,,
bb_id,20,2,224,226,227,228,239,240,241,242,243,244,245,246,247,248,249,250,251,252,253,254,255,256,260,261,262,263,264,268,269,270,271,272,273,274,275,276,277,278,280,282,283,284,285,286,288,,,,,,,,,,,,,,,,,,,,,,,,,,,,,,,,,,,,,,,,,,,,,,,,,,,,,,,
bbv,20,3,97,97,97,390,390,97,780,683,683,974,780,683,683,977,683,780,24964,24964,99904,99904,99904,99904,99905,3196955,99904,24964,780,97,97,97,97,97,24832,24832,24832,24832,198656,24832,24832,24832,24832,24832,198656,24832,24832,,,,,,,,,,,,,,,,,,,,,,,,,,,,,,,,,,,,,,,,,,,,,,,,,,,,,,,
csv,20,3,397950516,397950602,397950625,399266573,399714533,397460058,399714645,399714715,399714797,399715006,399715053,399715118,399715186,399715302,399715391,399715480,399997125,399997312,399997415,399997443,399997520,399997705,399997770,400000074,399996979,399997051,399714474,397705346,397705387,397460125,397460180,397705291,397704348,397704410,397704440,397704567,397705031,397705095,397705120,397949807,397949835,397949903,397950386,397950429,397950478,,,,,,,,,,,,,,,,,,,,,,,,,,,,,,,,,,,,,,,,,,,,,,,,,,,,,,,
bb_id,20,3,224,226,227,228,239,240,241,242,243,244,245,246,247,248,249,250,251,252,253,254,255,256,260,261,262,263,264,268,269,270,271,272,273,274,275,276,277,278,280,282,283,284,285,286,288,,,,,,,,,,,,,,,,,,,,,,,,,,,,,,,,,,,,,,,,,,,,,,,,,,,,,,,
bbv,21,0,1,1,7,1,1,1,103,103,103,412,411,103,823,720,720,1029,823,720,720,1028,720,823,26225,26225,105385,105385,105385,105385,105385,3372318,105385,26225,823,1,102,102,103,103,103,26368,26368,26368,26368,210944,26368,26368,26112,26112,26112,208896,26112,26112,1,1,1,1,32,32,32,8192,,,,,,,,,,,,,,,,,,,,,,,,,,,,,,,,,,,,,,,,
csv,21,0,398827714,398827716,398827758,398827764,398827684,398827685,399307358,399307427,399307450,399800852,398777155,398777156,399800903,399800931,399801055,398661721,399801060,399801104,399801300,399801463,399801580,399801730,399997709,399997863,399998050,399998160,399998258,399998485,399998600,400000000,399997596,399997656,399800785,398827628,397794492,397794512,398777160,398777190,398827625,398827429,398827435,398827444,398827449,398827617,398827618,398827622,397841944,397841951,397841956,397842124,397842125,397842128,398827829,398827835,398828048,398828070,399283626,399283659,399307219,399307137,,,,,,,,,,,,,,,,,,,,,,,,,,,,,,,,,,,,,,,,
bb_id,21,0,175,176,177,178,188,190,224,226,227,228,239,240,241,242,243,244,245,246,247,248,249,250,251,252,253,254,255,256,260,261,262,263,264,267,268,269,270,271,272,273,274,275,276,277,278,280,282,283,284,285,286,288,290,291,293,294,302,303,304,305,,,,,,,,,,,,,,,,,,,,,,,,,,,,,,,,,,,,,,,,
bbv,21,1,95,95,95,378,378,95,756,661,661,944,756,661,661,944,661,756,24163,24163,96815,96815,96815,96815,96815,3098083,96815,24163,756,1,94,94,95,95,95,24320,24320,24320,24320,194560,24320,24320,24064,24064,24064,192512,24064,24064,1,1,1,1,32,32,32,8192,,,,,,,,,,,,,,,,,,,,,,,,,,,,,,,,,,,,,,,,,,,,,,
csv,21,1,399122835,399122879,399122911,399548891,386540689,386540791,399549003,399549150,399549281,385972603,399549370,399549414,399549524,399549693,399549740,399549808,399993829,399993943,399997215,399997283,399997379,399997543,399997571,400000042,399997150,399993755,399548773,398827637,381837133,381837174,386540816,386540932,386795683,386794702,386794814,386794872,386795003,386795562,386795664,386795678,382109572,382109675,382109701,382110511,382110617,382110746,398827971,398828088,398828124,398828146,399113558,399113596,399122698,399122685,,,,,,,,,,,,,,,,,,,,,,,,,,,,,,,,,,,,,,,,,,,,,,
bb_id,21,1,224,226,227,228,239,240,241,242,243,244,245,246,247,248,249,250,251,252,253,254,255,256,260,261,262,263,264,267,268,269,270,271,272,273,274,275,276,277,278,280,282,283,284,285,286,288,290,291,293,294,302,303,304,305,,,,,,,,,,,,,,,,,,,,,,,,,,,,,,,,,,,,,,,,,,,,,,
bbv,21,2,94,94,94,375,375,94,750,656,656,938,750,656,656,936,656,750,23920,23920,96063,96063,96063,96063,96064,3074028,96063,23920,750,1,93,93,94,94,94,24064,24064,24064,24064,192512,24064,24064,23808,23808,23808,190464,23808,23808,1,1,1,1,32,32,32,8192,,,,,,,,,,,,,,,,,,,,,,,,,,,,,,,,,,,,,,,,,,,,,,
csv,21,2,399181160,399181174,399181199,399639138,380366740,380366845,399639224,399639390,399639439,379950846,399639507,399639593,399639640,399639725,399639734,399639844,399998632,399998725,399998807,399998875,399998931,399999137,399999160,400000021,399998489,399998598,399639064,398827631,376593064,376593128,380366870,380366911,380617559,380616700,380616727,380616736,380616804,380617291,380617349,380617387,376839882,376840053,376840102,376840627,376840670,376840778,398827900,398827906,398828060,398828082,399166436,399166486,399181021,399180952,,,,,,,,,,,,,,,,,,,,,,,,,,,,,,,,,,,,,,,,,,,,,,
bb_id,21,2,224,226,227,228,239,240,241,242,243,244,245,246,247,248,249,250,251,252,253,254,255,256,260,261,262,263,264,267,268,269,270,271,272,273,274,275,276,277,278,280,282,283,284,285,286,288,290,291,293,294,302,303,304,305,,,,,,,,,,,,,,,,,,,,,,,,,,,,,,,,,,,,,,,,,,,,,,
bbv,21,3,96,96,96,383,382,96,765,669,669,956,765,669,669,955,669,765,24418,24418,97951,97951,97951,97951,97951,3134433,97951,24418,765,1,95,95,96,96,96,24576,24576,24576,24576,196608,24576,24576,24320,24320,24320,194560,24320,24320,1,1,1,1,32,32,32,8192,,,,,,,,,,,,,,,,,,,,,,,,,,,,,,,,,,,,,,,,,,,,,,
csv,21,3,399132125,399132180,399132223,399587146,389348835,389348836,399587309,399587341,399587456,389170168,399587559,399587704,399587774,399587985,399588053,399588163,399993093,399993186,399997344,399997569,399997652,399997810,399997833,400000063,399997154,399993040,399587105,398827634,387801299,387801361,389348882,389348912,389446199,389445814,389445820,389445913,389445918,389446170,389446171,389446175,387896565,387896572,387896600,387896810,387896811,387896814,398828036,398828094,398828136,398828156,399118801,399118849,399132078,399132003,,,,,,,,,,,,,,,,,,,,,,,,,,,,,,,,,,,,,,,,,,,,,,
bb_id,21,3,224,226,227,228,239,240,241,242,243,244,245,246,247,248,249,250,251,252,253,254,255,256,260,261,262,263,264,267,268,269,270,271,272,273,274,275,276,277,278,280,282,283,284,285,286,288,290,291,293,294,302,303,304,305,,,,,,,,,,,,,,,,,,,,,,,,,,,,,,,,,,,,,,,,,,,,,,
bbv,22,0,86,86,86,343,344,86,687,601,601,860,687,601,601,858,601,687,21866,21866,87974,87974,87974,87974,87974,2815185,87974,21866,687,86,86,86,86,86,2752,2752,2752,704512,2752,2752,2752,704512,,,,,,,,,,,,,,,,,,,,,,,,,,,,,,,,,,,,,,,,,,,,,,,,,,,,,,,,,,,,
csv,22,0,399701952,399702040,399702105,397733509,398203896,398203960,399702177,397733583,397733630,397733736,399702203,399702247,399702319,399702568,399702739,399702807,399997533,399997594,399997686,399997733,399997820,399997952,399997975,400000008,399997297,399997468,398203825,398959650,398959723,398204006,398204034,398959575,398935558,398935755,398959551,398959506,399677740,399677811,399701851,399701764,,,,,,,,,,,,,,,,,,,,,,,,,,,,,,,,,,,,,,,,,,,,,,,,,,,,,,,,,,,,
bb_id,22,0,224,226,227,228,239,240,241,242,243,244,245,246,247,248,249,250,251,252,253,254,255,256,260,261,262,263,264,293,294,295,296,297,298,299,300,301,302,303,304,305,,,,,,,,,,,,,,,,,,,,,,,,,,,,,,,,,,,,,,,,,,,,,,,,,,,,,,,,,,,,
bbv,22,1,91,91,91,367,368,92,734,643,643,920,734,642,642,916,642,734,23271,23271,93958,93958,93958,93958,93958,3006658,93959,23272,735,91,91,92,92,91,2925,2925,2924,748655,2912,2912,2912,745472,,,,,,,,,,,,,,,,,,,,,,,,,,,,,,,,,,,,,,,,,,,,,,,,,,,,,,,,,,,,
csv,22,1,396475051,396475096,396475139,399324808,399717436,399717521,399324869,399324944,399324970,399325048,399325053,398925309,398925406,398538647,398925503,399325161,399325250,399325426,399713256,399713303,399713394,399713638,399713705,399717230,399717255,399717322,399717344,396059526,396059613,399717588,399717637,396059446,399989900,399989994,399989833,400000039,396462389,396462438,396475024,396474990,,,,,,,,,,,,,,,,,,,,,,,,,,,,,,,,,,,,,,,,,,,,,,,,,,,,,,,,,,,,
bb_id,22,1,224,226,227,228,239,240,241,242,243,244,245,246,247,248,249,250,251,252,253,254,255,256,260,261,262,263,264,293,294,295,296,297,298,299,300,301,302,303,304,305,,,,,,,,,,,,,,,,,,,,,,,,,,,,,,,,,,,,,,,,,,,,,,,,,,,,,,,,,,,,
bbv,22,2,94,94,94,379,379,94,758,664,664,950,758,663,663,946,663,758,24046,24046,96968,96968,96968,96968,96968,3102994,96968,24046,758,94,94,94,94,94,3008,3008,3008,770048,3008,3008,3008,770048,,,,,,,,,,,,,,,,,,,,,,,,,,,,,,,,,,,,,,,,,,,,,,,,,,,,,,,,,,,,
csv,22,2,396986784,396986809,396986842,399861008,399475849,396062120,399861069,399861133,399861159,399861285,399861325,399476372,399476387,399093991,399476434,399861407,399861502,399861561,399997215,399997262,399997332,399997464,399997501,400000060,399997123,399860949,399860971,396475451,396475539,396062176,396062255,396475413,396463782,396463813,396475368,396475329,396972137,396972176,396986736,396986712,,,,,,,,,,,,,,,,,,,,,,,,,,,,,,,,,,,,,,,,,,,,,,,,,,,,,,,,,,,,
bb_id,22,2,224,226,227,228,239,240,241,242,243,244,245,246,247,248,249,250,251,252,253,254,255,256,260,261,262,263,264,293,294,295,296,297,298,299,300,301,302,303,304,305,,,,,,,,,,,,,,,,,,,,,,,,,,,,,,,,,,,,,,,,,,,,,,,,,,,,,,,,,,,,
bbv,22,3,91,91,91,366,367,91,733,642,642,918,733,642,642,916,642,733,23275,23275,93795,93795,93795,93795,93795,3001421,93795,23275,733,91,91,91,91,91,2912,2912,2912,745472,2912,2912,2912,745472,,,,,,,,,,,,,,,,,,,,,,,,,,,,,,,,,,,,,,,,,,,,,,,,,,,,,,,,,,,,
csv,22,3,397210529,397210554,397210619,399354853,399752245,396136591,399752306,399752360,399752407,399752491,399752569,399752644,399752684,399355569,399752724,399752834,399946818,399946879,399999166,399999234,399999321,399999484,399999528,400000029,399999043,399946713,399752227,396679927,396680003,396136636,396136653,396679894,396660608,396660670,396679860,396679784,397192686,397192736,397210470,397210446,,,,,,,,,,,,,,,,,,,,,,,,,,,,,,,,,,,,,,,,,,,,,,,,,,,,,,,,,,,,
bb_id,22,3,224,226,227,228,239,240,241,242,243,244,245,246,247,248,249,250,251,252,253,254,255,256,260,261,262,263,264,293,294,295,296,297,298,299,300,301,302,303,304,305,,,,,,,,,,,,,,,,,,,,,,,,,,,,,,,,,,,,,,,,,,,,,,,,,,,,,,,,,,,,
bbv,23,0,85,85,85,343,343,85,686,601,601,858,686,601,601,858,601,686,21838,21838,87786,87786,87786,87785,87785,2809125,87786,21838,686,85,85,85,85,85,2720,2720,2720,696320,2720,2720,2720,696320,,,,,,,,,,,,,,,,,,,,,,,,,,,,,,,,,,,,,,,,,,,,,,,,,,,,,,,,,,,,
csv,23,0,397403474,397403520,397403585,399333549,399747201,395922085,399747317,399747526,399747531,399747626,399747672,399747736,399747793,399334046,399747850,399747918,399986035,399986096,399999903,399999950,400000016,399996815,399996879,399999755,399999780,399985941,399747167,396658351,396658445,395922175,395922245,396658297,396634965,396635042,396658082,396658058,397380704,397380754,397403394,397403307,,,,,,,,,,,,,,,,,,,,,,,,,,,,,,,,,,,,,,,,,,,,,,,,,,,,,,,,,,,,
bb_id,23,0,224,226,227,228,239,240,241,242,243,244,245,246,247,248,249,250,251,252,253,254,255,256,260,261,262,263,264,293,294,295,296,297,298,299,300,301,302,303,304,305,,,,,,,,,,,,,,,,,,,,,,,,,,,,,,,,,,,,,,,,,,,,,,,,,,,,,,,,,,,,
bbv,23,1,94,94,94,376,376,94,752,658,658,940,752,658,658,940,658,752,23970,23970,96256,96256,96256,96256,96256,3080192,96256,23970,752,95,95,94,94,95,3027,3027,3028,775057,3037,3037,3036,777228,,,,,,,,,,,,,,,,,,,,,,,,,,,,,,,,,,,,,,,,,,,,,,,,,,,,,,,,,,,,
csv,23,1,395901752,395901777,395901821,398662890,398998939,398998981,398662940,398662983,398663039,398663126,398663212,398343378,398343438,397969741,398343564,398663305,398663347,398663542,398996484,398996544,398996612,398996762,398996774,398998830,398998865,398998879,398998921,399480413,399480486,398999036,398999053,399480359,399461832,399461863,399480335,399480269,399999205,399999276,399999182,400000047,,,,,,,,,,,,,,,,,,,,,,,,,,,,,,,,,,,,,,,,,,,,,,,,,,,,,,,,,,,,
bb_id,23,1,224,226,227,228,239,240,241,242,243,244,245,246,247,248,249,250,251,252,253,254,255,256,260,261,262,263,264,293,294,295,296,297,298,299,300,301,302,303,304,305,,,,,,,,,,,,,,,,,,,,,,,,,,,,,,,,,,,,,,,,,,,,,,,,,,,,,,,,,,,,
bbv,23,2,91,91,91,361,362,91,723,632,632,901,723,633,633,906,633,723,23157,23157,92558,92558,92558,92558,92558,2961842,92558,23157,723,91,91,91,91,91,2912,2912,2912,745472,2912,2912,2912,745472,,,,,,,,,,,,,,,,,,,,,,,,,,,,,,,,,,,,,,,,,,,,,,,,,,,,,,,,,,,,
csv,23,2,399067502,399067506,399067569,399454719,399825401,397858589,399825410,399825412,399825417,399825459,399825464,399825466,399825471,399825524,399825529,399825617,399992492,399992553,399998576,399998635,399998691,399998844,399998877,400000037,399998404,399992439,399825362,398550443,398550505,397858635,397858663,398550379,398530644,398530708,398550355,398550321,399053745,399053753,399067465,399067401,,,,,,,,,,,,,,,,,,,,,,,,,,,,,,,,,,,,,,,,,,,,,,,,,,,,,,,,,,,,
bb_id,23,2,224,226,227,228,239,240,241,242,243,244,245,246,247,248,249,250,251,252,253,254,255,256,260,261,262,263,264,293,294,295,296,297,298,299,300,301,302,303,304,305,,,,,,,,,,,,,,,,,,,,,,,,,,,,,,,,,,,,,,,,,,,,,,,,,,,,,,,,,,,,
bbv,23,3,94,94,94,374,373,94,747,653,653,932,747,653,653,934,653,747,23883,23883,95611,95611,95611,95611,95611,3059559,95611,23883,747,94,94,94,94,94,3008,3008,3008,770048,3008,3008,3008,770048,,,,,,,,,,,,,,,,,,,,,,,,,,,,,,,,,,,,,,,,,,,,,,,,,,,,,,,,,,,,
csv,23,3,399319865,399319879,399319891,399742273,398339061,398339083,399742417,399742429,399742486,397928817,399742564,399742649,399742716,399742873,399742888,399742977,399994629,399994690,399998120,399998219,399998264,399998505,399998609,400000068,399998049,399994545,399742257,398857638,398857669,398339160,398339219,398857595,398841931,398841993,398857530,398857506,399304384,399304465,399319780,399319683,,,,,,,,,,,,,,,,,,,,,,,,,,,,,,,,,,,,,,,,,,,,,,,,,,,,,,,,,,,,
bb_id,23,3,224,226,227,228,239,240,241,242,243,244,245,246,247,248,249,250,251,252,253,254,255,256,260,261,262,263,264,293,294,295,296,297,298,299,300,301,302,303,304,305,,,,,,,,,,,,,,,,,,,,,,,,,,,,,,,,,,,,,,,,,,,,,,,,,,,,,,,,,,,,
bbv,24,0,1,1,1,1,1,1,1,1,6344,6344,6344,6344,812006,6343,6343,1,1,1,1,1,1,256,1,1,84,84,84,337,337,85,673,589,589,842,673,588,588,840,588,673,21421,21421,86203,86203,86203,86204,86204,2758528,86204,21422,674,1,84,84,85,85,85,2720,2720,2720,696320,2688,2688,2688,688128,,,,,,,,,,,,,,,,,,,,,,,,,,,,,,,,,,,
csv,24,0,325111434,325088667,325111423,325111428,325088660,325088661,325111532,325111545,399988005,399988052,399988187,399988270,400000042,399987794,399987917,325111418,325088693,325088696,325111329,325111341,325111361,325111267,325088652,325088653,324071104,324071108,324071110,324890642,325006114,325006115,324890651,324890653,324890658,324890680,324890685,324775160,324775165,324659546,324775170,324890732,324890764,324890773,325005261,325005287,325005322,325005423,325005425,325006097,325006101,325006105,325006106,325088596,323988741,323988751,325006119,325006126,325088593,325086017,325086027,325088590,325088587,324068516,324068524,324071087,324071084,,,,,,,,,,,,,,,,,,,,,,,,,,,,,,,,,,,
bb_id,24,0,54,59,62,64,101,102,103,104,106,107,108,109,110,111,113,115,168,169,170,171,172,173,180,182,224,226,227,228,239,240,241,242,243,244,245,246,247,248,249,250,251,252,253,254,255,256,260,261,262,263,264,292,293,294,295,296,297,298,299,300,301,302,303,304,305,,,,,,,,,,,,,,,,,,,,,,,,,,,,,,,,,,,
bbv,24,1,1,1,7919,7919,7919,7919,1013506,7918,7918,1,1,1,1,1,256,70,70,70,280,280,70,560,490,490,700,560,490,490,700,490,560,17850,17850,71680,71680,71680,71680,71680,2293760,71680,17850,560,1,69,69,70,70,70,2240,2240,2240,573440,2211,2211,2212,566260,,,,,,,,,,,,,,,,,,,,,,,,,,,,,,,,,,,,,,,,,,,,
csv,24,1,325111672,325111822,399999597,399999644,399999759,399999782,400000022,399999406,399999509,325088795,325088868,325111323,325111359,325111367,325111289,301842839,301842895,301842972,305239518,305789241,305789242,305239630,305239733,305239759,305239850,305239897,304678367,304678435,304266589,304678503,305240047,305240245,305240460,305784595,305784747,305784908,305785051,305785116,305789077,305789102,305789169,305789212,325088605,301180970,301180990,305789351,305789400,306402742,306389084,306389094,306402736,306402683,301820805,301820855,301842707,301842704,,,,,,,,,,,,,,,,,,,,,,,,,,,,,,,,,,,,,,,,,,,,
bb_id,24,1,103,104,106,107,108,109,110,111,113,168,169,170,171,172,173,224,226,227,228,239,240,241,242,243,244,245,246,247,248,249,250,251,252,253,254,255,256,260,261,262,263,264,292,293,294,295,296,297,298,299,300,301,302,303,304,305,,,,,,,,,,,,,,,,,,,,,,,,,,,,,,,,,,,,,,,,,,,,
bbv,24,2,1,1,6289,6289,6289,6289,804960,6288,6288,1,1,1,1,1,256,70,70,70,283,283,71,565,495,495,709,565,494,494,704,494,565,17898,17898,72389,72389,72389,72389,72389,2316464,72390,17899,566,1,70,70,71,71,71,2272,2272,2272,581632,2240,2240,2240,573440,,,,,,,,,,,,,,,,,,,,,,,,,,,,,,,,,,,,,,,,,,,,
csv,24,2,325111483,325111558,399990703,399990830,399990925,399991048,400000062,399990612,399990615,325088722,325088725,325111317,325111347,325111363,325111245,294730872,294730923,294730935,297423752,297878022,297878065,297423824,297423910,297423999,297424147,297424215,297023075,297023287,296666028,297023363,297424325,297424378,297424412,297873733,297873814,297874058,297874330,297874538,297877452,297877569,297877669,297878008,325088599,294221638,294221700,297878090,297878160,298442407,298427192,298427254,298442394,298442269,294715558,294715599,294730845,294730760,,,,,,,,,,,,,,,,,,,,,,,,,,,,,,,,,,,,,,,,,,,,
bb_id,24,2,103,104,106,107,108,109,110,111,113,168,169,170,171,172,173,224,226,227,228,239,240,241,242,243,244,245,246,247,248,249,250,251,252,253,254,255,256,260,261,262,263,264,292,293,294,295,296,297,298,299,300,301,302,303,304,305,,,,,,,,,,,,,,,,,,,,,,,,,,,,,,,,,,,,,,,,,,,,
bbv,24,3,1,1,7838,7838,7838,7838,1003227,7837,7837,1,1,1,1,1,256,70,70,70,283,284,71,566,496,496,710,566,495,495,706,495,566,17938,17938,72498,72498,72498,72498,72498,2319952,72499,17939,567,1,70,70,71,71,71,2272,2272,2272,581632,2240,2240,2240,573440,,,,,,,,,,,,,,,,,,,,,,,,,,,,,,,,,,,,,,,,,,,,
csv,24,3,325111623,325111809,399994119,399994166,399994281,399994304,400000002,399994008,399994091,325088821,325088871,325111335,325111353,325111365,325111311,306703161,306703165,306703167,307987154,308167942,308167943,307987163,307987165,307987292,307987314,307987422,307806632,307806637,307625704,307806677,307987469,307987501,307987510,308166440,308166466,308166501,308166665,308166667,308167862,308167866,308167870,308167871,325088602,306501429,306501460,308167947,308168038,308369575,308363542,308363552,308369572,308369548,306696793,306696824,306703081,306703078,,,,,,,,,,,,,,,,,,,,,,,,,,,,,,,,,,,,,,,,,,,,
bb_id,24,3,103,104,106,107,108,109,110,111,113,168,169,170,171,172,173,224,226,227,228,239,240,241,242,243,244,245,246,247,248,249,250,251,252,253,254,255,256,260,261,262,263,264,292,293,294,295,296,297,298,299,300,301,302,303,304,305,,,,,,,,,,,,,,,,,,,,,,,,,,,,,,,,,,,,,,,,,,,,
bbv,25,0,1,1,1,1848,1848,1848,1848,236570,1849,1849,1,1,6,1,1,1,197,197,196,196,196,25088,25088,25088,25088,200704,25088,25088,25216,25216,25216,201728,25216,25216,197,197,197,786,196,196,25088,25088,25088,200704,25088,25088,589,196,1376,1179,1179,1570,1376,1180,1180,1575,1180,1376,25006,25006,88014,88014,88014,88014,88014,2816424,88013,25005,1375,,,,,,,,,,,,,,,,,,,,,,,,,,,,,,,
csv,25,0,11553677,11553686,11553607,11242641,11242688,11242723,11242746,11247764,11247806,11247829,11553713,11553715,11553751,11553757,11553822,11553895,399147795,399147899,399017672,399017723,399147738,399146832,399146859,399146910,399146936,399147510,399147567,399147592,399265312,399265403,399265450,399265958,399265980,399266050,399266088,399266166,399266189,399952998,398890319,398890364,399016705,399016730,399016780,399017433,399017556,399017581,399742998,399017626,399953061,399953128,399953259,399953346,399953463,399953533,399953636,399953813,399953861,399953929,399980791,399980950,399998957,399999050,399999115,399999305,399999370,400000110,399998833,399980731,399952887,,,,,,,,,,,,,,,,,,,,,,,,,,,,,,,
bb_id,25,0,56,99,105,106,107,108,109,110,111,113,191,192,193,194,199,200,202,203,204,205,206,207,208,209,210,211,212,214,216,217,218,219,220,222,224,226,227,228,229,230,231,232,233,234,235,238,239,240,241,242,243,244,245,246,247,248,249,250,251,252,253,254,255,256,260,261,262,263,264,,,,,,,,,,,,,,,,,,,,,,,,,,,,,,,
bbv,25,1,1,273,273,273,273,35070,274,274,1,1,205,205,204,204,204,26112,26112,26112,26112,208896,26112,26112,26240,26240,26240,209920,26240,26240,205,205,205,819,204,204,26112,26112,26112,208896,26112,26112,615,204,1435,1230,1230,1640,1435,1230,1230,1640,1230,1435,26035,26035,91799,91799,91799,91799,91798,2937536,91798,26034,1434,,,,,,,,,,,,,,,,,,,,,,,,,,,,,,,,,,,,,
csv,25,1,11553613,2579559,2579606,2579681,2579704,2588938,2588960,2589023,11554062,11554143,398484591,398484632,398363684,398363737,398484515,398483342,398483409,398483444,398483531,398484276,398484340,398484428,398598124,398598152,398598234,398599194,398599216,398599282,398599362,398599429,398599473,399722353,398253043,398253067,398362651,398362659,398362709,398363293,398363381,398363464,399925618,398363532,399925650,399925736,399925787,399925928,399926017,399722597,399722679,399511170,399722700,399926065,399926142,399926214,399999565,399999658,399999900,400000087,399996384,399999326,399999416,399925482,399925605,,,,,,,,,,,,,,,,,,,,,,,,,,,,,,,,,,,,,
bb_id,25,1,105,106,107,108,109,110,111,113,199,200,202,203,204,205,206,207,208,209,210,211,212,214,216,217,218,219,220,222,224,226,227,228,229,230,231,232,233,234,235,238,239,240,241,242,243,244,245,246,247,248,249,250,251,252,253,254,255,256,260,261,262,263,264,,,,,,,,,,,,,,,,,,,,,,,,,,,,,,,,,,,,,
bbv,25,2,1,1903,1903,1903,1903,243616,1904,1904,1,1,207,207,206,206,206,26368,26368,26368,26368,210944,26368,26368,26496,26496,26496,211968,26496,26496,207,207,207,824,206,206,26368,26368,26368,210944,26368,26368,618,206,1443,1236,1236,1648,1443,1237,1237,1650,1237,1443,26179,26179,92305,92305,92305,92305,92304,2953728,92304,26178,1442,,,,,,,,,,,,,,,,,,,,,,,,,,,,,,,,,,,,,
csv,25,2,11553616,11550974,11551001,11551036,11551039,11553599,11553601,11553604,11553887,11553903,399838423,399838464,399725601,399725652,399838388,399837535,399837562,399837597,399837654,399838252,399838318,399838364,399945274,399945365,399945433,399945957,399946040,399946144,399946205,399946272,399946295,399609154,399609220,399609286,399724852,399724930,399724991,399725430,399725481,399725538,399381905,399725560,399946367,399382044,399382070,399382216,399946456,399946500,399946569,399946636,399946664,399946764,399999711,399999783,399999865,399999927,399999983,400000211,399996924,399999458,399999483,399999611,399609104,,,,,,,,,,,,,,,,,,,,,,,,,,,,,,,,,,,,,
bb_id,25,2,105,106,107,108,109,110,111,113,199,200,202,203,204,205,206,207,208,209,210,211,212,214,216,217,218,219,220,222,224,226,227,228,229,230,231,232,233,234,235,238,239,240,241,242,243,244,245,246,247,248,249,250,251,252,253,254,255,256,260,261,262,263,264,,,,,,,,,,,,,,,,,,,,,,,,,,,,,,,,,,,,,
bbv,25,3,1,354,354,354,354,45349,355,355,1,1,205,205,204,204,204,26112,26112,26112,26112,208896,26112,26112,26219,26218,26218,209744,26218,26218,204,204,204,816,204,204,26112,26112,26112,208896,26112,26112,612,204,1428,1224,1224,1632,1428,1224,1224,1632,1224,1428,25908,25908,91392,91392,91392,91392,91392,2924544,91392,25908,1428,,,,,,,,,,,,,,,,,,,,,,,,,,,,,,,,,,,,,
csv,25,3,11553610,2943528,2943555,2943590,2943593,2948031,2948033,2948036,11554127,11554135,399904634,399904697,399790428,399790521,399904600,399903777,399903804,399903876,399903924,399904382,399904488,399904555,400000089,399999080,399999141,399999753,399999901,399999986,398127981,398128069,398128134,399690738,399690741,399690882,399789766,399789791,399789841,399790266,399790314,399790339,399471935,399790403,399472028,399472072,399472098,399472183,399472230,399241953,399241979,399027130,399242026,399472298,399472372,399472486,399687853,399687900,399687978,399688146,399688239,399690588,399690613,399690659,399690711,,,,,,,,,,,,,,,,,,,,,,,,,,,,,,,,,,,,,
bb_id,25,3,105,106,107,108,109,110,111,113,199,200,202,203,204,205,206,207,208,209,210,211,212,214,216,217,218,219,220,222,224,226,227,228,229,230,231,232,233,234,235,238,239,240,241,242,243,244,245,246,247,248,249,250,251,252,253,254,255,256,260,261,262,263,264,,,,,,,,,,,,,,,,,,,,,,,,,,,,,,,,,,,,,
bbv,26,0,202,202,202,202,202,25856,25856,25856,25856,206848,25856,25856,25856,25856,25856,206848,25856,25856,202,202,202,806,202,202,25856,25856,25856,206848,25856,25856,605,202,1411,1209,1209,1614,1411,1209,1209,1611,1209,1411,25545,25545,90295,90295,90295,90295,90295,2889461,90295,25545,1411,,,,,,,,,,,,,,,,,,,,,,,,,,,,,,,,,,,,,,,,,,,,,,,
csv,26,0,399861721,399861762,399734860,399734917,399861687,399860695,399860743,399860773,399860820,399861429,399861594,399861619,399979669,399979760,399979828,399980395,399980417,399980483,399980542,399980567,399980632,399610023,399610108,399610153,399734050,399734117,399734146,399734673,399734695,399734762,399367028,399734809,399980704,399367207,399367296,399367507,399980772,399980816,399980905,399980990,399981058,399981168,399996681,399996759,399996906,399997075,399997279,399997459,399997604,400000133,399996317,399996342,399609971,,,,,,,,,,,,,,,,,,,,,,,,,,,,,,,,,,,,,,,,,,,,,,,
bb_id,26,0,202,203,204,205,206,207,208,209,210,211,212,214,216,217,218,219,220,222,224,226,227,228,229,230,231,232,233,234,235,238,239,240,241,242,243,244,245,246,247,248,249,250,251,252,253,254,255,256,260,261,262,263,264,,,,,,,,,,,,,,,,,,,,,,,,,,,,,,,,,,,,,,,,,,,,,,,
bbv,26,1,212,212,212,212,212,27136,27136,27136,27136,217088,27136,27136,27136,27136,27136,217088,27136,27136,212,212,212,847,212,212,27136,27136,27136,217088,27136,27136,635,212,1482,1270,1270,1692,1482,1271,1271,1696,1271,1482,26919,26919,94842,94841,94841,94841,94842,3034944,94842,26919,1482,,,,,,,,,,,,,,,,,,,,,,,,,,,,,,,,,,,,,,,,,,,,,,,
csv,26,1,398959654,398959717,398835321,398835372,398959567,398958778,398958805,398958867,398958893,398959369,398959428,398959490,399063464,399063555,399063581,399064051,399064094,399064118,399064198,399064286,399064331,399734887,398722280,398722325,398834688,398834713,398834742,398835143,398835207,398835253,399946200,398835275,399946230,399946274,399946322,399946458,399946599,399946641,399946810,399946907,399946996,399947127,399999914,399999990,400000112,399996471,399996527,399996649,399996704,399999685,399999773,399999840,399946129,,,,,,,,,,,,,,,,,,,,,,,,,,,,,,,,,,,,,,,,,,,,,,,
bb_id,26,1,202,203,204,205,206,207,208,209,210,211,212,214,216,217,218,219,220,222,224,226,227,228,229,230,231,232,233,234,235,238,239,240,241,242,243,244,245,246,247,248,249,250,251,252,253,254,255,256,260,261,262,263,264,,,,,,,,,,,,,,,,,,,,,,,,,,,,,,,,,,,,,,,,,,,,,,,
bbv,26,2,212,212,212,212,212,27136,27136,27136,27136,217088,27136,27136,27136,27136,27136,217088,27136,27136,212,212,212,850,212,212,27136,27136,27136,217088,27136,27136,637,212,1487,1275,1275,1698,1487,1275,1275,1701,1275,1487,27020,27020,95155,95155,95155,95155,95156,3044989,95155,27020,1487,,,,,,,,,,,,,,,,,,,,,,,,,,,,,,,,,,,,,,,,,,,,,,,
csv,26,2,399182732,399182773,399058599,399058650,399182637,399181643,399181712,399181742,399181814,399182480,399182527,399182613,399303185,399303377,399303382,399303911,399303980,399304060,399304199,399304224,399304270,399985373,398952517,398952583,399057625,399057676,399057789,399058410,399058413,399058477,399759856,399058574,399985492,399985592,399985719,399985795,399985884,399985928,399985996,399986280,399986348,399986458,399986574,399986650,399996820,399996932,399997049,399997244,399997358,400000154,399996750,399985240,399985342,,,,,,,,,,,,,,,,,,,,,,,,,,,,,,,,,,,,,,,,,,,,,,,
bb_id,26,2,202,203,204,205,206,207,208,209,210,211,212,214,216,217,218,219,220,222,224,226,227,228,229,230,231,232,233,234,235,238,239,240,241,242,243,244,245,246,247,248,249,250,251,252,253,254,255,256,260,261,262,263,264,,,,,,,,,,,,,,,,,,,,,,,,,,,,,,,,,,,,,,,,,,,,,,,
bbv,26,3,209,209,209,209,209,26752,26752,26752,26752,214016,26752,26752,26773,26774,26774,214192,26774,26774,210,210,210,839,209,209,26752,26752,26752,214016,26752,26752,630,209,1470,1260,1260,1680,1470,1260,1260,1680,1260,1470,26670,26670,94061,94060,94060,94060,94060,3009920,94060,26669,1469,,,,,,,,,,,,,,,,,,,,,,,,,,,,,,,,,,,,,,,,,,,,,,,
csv,26,3,398402506,398402603,398277853,398277946,398402425,398401286,398401416,398401547,398401638,398402205,398402269,398402319,398520850,398520946,398520990,398521718,398521742,398521808,398521846,398521892,398521915,399641246,398167022,398167151,398277136,398277203,398277253,398277654,398277697,398277722,399846379,398277786,399846514,399846580,399846654,399846904,399846974,399641683,399641767,399418787,399641813,399847063,399847116,399847209,400000051,399997122,399997335,399997581,399997627,399999935,399999981,399846349,399846371,,,,,,,,,,,,,,,,,,,,,,,,,,,,,,,,,,,,,,,,,,,,,,,
bb_id,26,3,202,203,204,205,206,207,208,209,210,211,212,214,216,217,218,219,220,222,224,226,227,228,229,230,231,232,233,234,235,238,239,240,241,242,243,244,245,246,247,248,249,250,251,252,253,254,255,256,260,261,262,263,264,,,,,,,,,,,,,,,,,,,,,,,,,,,,,,,,,,,,,,,,,,,,,,,
bbv,27,0,1,1,7,1,1,1,1,113,113,114,114,114,14592,14592,14592,14592,116736,14592,14592,14464,14464,14464,115712,14464,14464,162,162,162,651,114,114,14592,14592,14592,116736,14592,14592,537,162,1188,1026,1026,1400,1188,1026,1026,1400,1026,1188,26966,26966,101007,101006,101006,101006,101006,3232195,101007,26966,1188,1,1,49,49,48,48,48,12288,12288,12288,12288,98304,12288,12288,12544,12544,12544,100352,12544,12544,,,,,,,,,,,,,,,,,,,,
csv,27,0,192005099,192005101,192005143,192005149,192005071,192005072,192005015,191526289,191526309,191979763,191979793,192005012,192004816,192004822,192004831,192004836,192005004,192005005,192005009,191549933,191549940,191549945,191550113,191550114,191550117,397092807,397092857,397092880,399491573,191960278,191960302,191979613,191979617,191979625,191979753,191979754,191979758,399937041,396585536,399937155,399937241,399937313,399937527,399937590,399937702,399937747,399492241,399937792,399937944,399938018,399938132,400000089,399996816,399996916,399997050,399997073,399999928,399999958,399936953,399936995,192005279,192005295,396842837,396842920,396585645,396585738,396842660,396841708,396841777,396841807,396841875,396842421,396842550,396842580,397091715,397091778,397091787,397092702,397092724,397092769,,,,,,,,,,,,,,,,,,,,
bb_id,27,0,183,184,185,186,196,198,201,202,203,204,205,206,207,208,209,210,211,212,214,216,217,218,219,220,222,224,226,227,228,229,230,231,232,233,234,235,238,239,240,241,242,243,244,245,246,247,248,249,250,251,252,253,254,255,256,260,261,262,263,264,265,266,268,269,270,271,272,273,274,275,276,277,278,280,282,283,284,285,286,288,,,,,,,,,,,,,,,,,,,,
bbv,27,1,1,95,95,96,96,96,12288,12288,12288,12288,98304,12288,12288,12160,12160,12160,97280,12160,12160,146,146,146,586,96,96,12288,12288,12288,98304,12288,12288,490,147,1075,929,929,1274,1075,928,928,1270,928,1075,25075,25075,94959,94960,94960,94960,94960,3038720,94960,25076,1076,1,1,52,52,51,51,51,13056,13056,13056,13056,104448,13056,13056,13129,13129,13129,105026,13128,13128,,,,,,,,,,,,,,,,,,,,,,,,,,
csv,27,1,192005018,178751588,178751671,180839380,180839473,180957088,180955568,180955700,180955835,180955931,180956954,180956955,180957064,178889259,178889476,178889586,178890363,178890385,178890535,396079283,396079308,396079387,399262224,180734446,180734526,180838670,180838817,180838832,180839260,180839282,180839312,399716444,399716466,399262296,399262382,399262450,399262514,399262561,398804018,398804065,398353338,398804091,399262715,399262815,399262901,399712777,399712828,399712993,399713150,399713257,399716224,399716305,399716351,399716373,192005444,192005527,399940132,399940199,399716470,399716521,399940076,399939274,399939301,399939373,399939421,399939963,399939985,399940052,399999853,399999905,399999954,400000028,399999742,399999808,,,,,,,,,,,,,,,,,,,,,,,,,,
bb_id,27,1,201,202,203,204,205,206,207,208,209,210,211,212,214,216,217,218,219,220,222,224,226,227,228,229,230,231,232,233,234,235,238,239,240,241,242,243,244,245,246,247,248,249,250,251,252,253,254,255,256,260,261,262,263,264,265,266,268,269,270,271,272,273,274,275,276,277,278,280,282,283,284,285,286,288,,,,,,,,,,,,,,,,,,,,,,,,,,
bbv,27,2,1,93,93,94,94,94,12032,12032,12032,12032,96256,12032,12032,11904,11904,11904,95232,11904,11904,144,144,144,578,94,94,12032,12032,12032,96256,12032,12032,485,145,1062,918,918,1260,1062,917,917,1255,917,1062,24830,24830,94140,94140,94140,94140,94140,3012483,94141,24831,1063,1,1,52,52,51,51,51,13056,13056,13056,13056,104448,13056,13056,13129,13129,13129,105024,13128,13128,,,,,,,,,,,,,,,,,,,,,,,,,,
csv,27,2,192005024,174996973,174997077,176757777,176757844,176868406,176867602,176867664,176867694,176867805,176868272,176868336,176868382,175103960,175104030,175104098,175104730,175104782,175104810,396086531,396086678,396086888,399260553,176655559,176655646,176756944,176756969,176757014,176757507,176757541,176757619,399699919,399699983,399260583,399260585,399260733,399260820,399260909,398807444,398807512,398353450,398807580,399261019,399261072,399261144,399695903,399696072,399696151,399696336,399696401,399699671,399699759,399699826,399699890,192005214,192005287,399935082,399935165,399700008,399700122,399935048,399933781,399933911,399933962,399934035,399934851,399934894,399934982,399999907,399999965,400000094,399999784,399999809,399999877,,,,,,,,,,,,,,,,,,,,,,,,,,
bb_id,27,2,201,202,203,204,205,206,207,208,209,210,211,212,214,216,217,218,219,220,222,224,226,227,228,229,230,231,232,233,234,235,238,239,240,241,242,243,244,245,246,247,248,249,250,251,252,253,254,255,256,260,261,262,263,264,265,266,268,269,270,271,272,273,274,275,276,277,278,280,282,283,284,285,286,288,,,,,,,,,,,,,,,,,,,,,,,,,,
bbv,27,3,1,98,98,99,99,99,12672,12672,12672,12672,101376,12672,12672,12544,12544,12544,100352,12544,12544,149,149,149,595,99,99,12672,12672,12672,101376,12672,12672,496,149,1091,942,942,1288,1091,943,943,1293,943,1091,25440,25440,95690,95691,95691,95691,95691,3062086,95690,25440,1091,1,1,51,51,50,50,50,12800,12800,12800,12800,102400,12800,12800,13056,13056,13056,104448,13056,13056,,,,,,,,,,,,,,,,,,,,,,,,,,
csv,27,3,192005021,182593933,182593995,183314451,183314502,183352153,183351845,183351851,183351860,183351865,183352097,183352098,183352150,182640979,182640986,182640991,182641264,182641328,182641331,397946518,397946585,397946629,399373262,183274411,183274498,183314135,183314139,183314147,183314441,183314442,183314446,399823918,397459353,399823960,399823987,399824043,399824138,399824227,399824313,399824402,399824476,399824566,399824634,399981029,399981071,399999199,399999288,399999386,399999571,399999636,400000007,399999133,399980988,399823909,192005509,192005535,397709666,397709721,397459378,397459450,397709653,397708883,397708952,397708982,397709050,397709495,397709557,397709624,397945460,397945589,397945615,397946390,397946412,397946436,,,,,,,,,,,,,,,,,,,,,,,,,,
bb_id,27,3,201,202,203,204,205,206,207,208,209,210,211,212,214,216,217,218,219,220,222,224,226,227,228,229,230,231,232,233,234,235,238,239,240,241,242,243,244,245,246,247,248,249,250,251,252,253,254,255,256,260,261,262,263,264,265,266,268,269,270,271,272,273,274,275,276,277,278,280,282,283,284,285,286,288,,,,,,,,,,,,,,,,,,,,,,,,,,
bbv,28,0,94,94,94,376,375,94,751,657,657,938,751,657,657,940,657,751,23968,23968,96175,96176,96176,96176,96176,3077616,96175,23968,751,94,94,94,94,94,24064,24064,24064,24064,192512,24064,24064,24064,24064,24064,192512,24064,24064,,,,,,,,,,,,,,,,,,,,,,,,,,,,,,,,,,,,,,,,,,,,,,,,,,,,,,,
csv,28,0,397315941,397316050,397316136,399737716,399254596,396852997,399737788,399737853,399737942,399738069,399738179,399738265,399738354,399738428,399738517,399738627,399991526,399991613,399998068,399998115,399998213,399998398,399998463,400000002,399997965,399991427,399737626,397086436,397086519,396853058,396853123,397086360,397085727,397085754,397085787,397085813,397086205,397086269,397086336,397314962,397315032,397315079,397315609,397315713,397315861,,,,,,,,,,,,,,,,,,,,,,,,,,,,,,,,,,,,,,,,,,,,,,,,,,,,,,,
bb_id,28,0,224,226,227,228,239,240,241,242,243,244,245,246,247,248,249,250,251,252,253,254,255,256,260,261,262,263,264,268,269,270,271,272,273,274,275,276,277,278,280,282,283,284,285,286,288,,,,,,,,,,,,,,,,,,,,,,,,,,,,,,,,,,,,,,,,,,,,,,,,,,,,,,,
bbv,28,1,98,98,98,391,391,97,783,685,685,978,783,686,686,980,686,783,24988,24988,100121,100121,100121,100121,100121,3203867,100120,24987,782,97,97,97,97,97,24832,24832,24832,24832,198656,24832,24832,25015,25015,25015,200126,25016,25016,,,,,,,,,,,,,,,,,,,,,,,,,,,,,,,,,,,,,,,,,,,,,,,,,,,,,,,
csv,28,1,397160929,397161056,397161071,399441714,399907678,396793489,399907771,399907836,399907925,399908052,399908141,399908206,399908295,399442472,399908363,399908494,399908547,399908640,399997230,399997319,399997417,399997581,399997604,400000060,399997064,399907585,399907607,397009708,397009770,396793493,396793528,397009674,397008901,397008951,397009023,397009091,397009589,397009620,397009645,397159975,397160066,397160134,397160742,397160790,397160814,,,,,,,,,,,,,,,,,,,,,,,,,,,,,,,,,,,,,,,,,,,,,,,,,,,,,,,
bb_id,28,1,224,226,227,228,239,240,241,242,243,244,245,246,247,248,249,250,251,252,253,254,255,256,260,261,262,263,264,268,269,270,271,272,273,274,275,276,277,278,280,282,283,284,285,286,288,,,,,,,,,,,,,,,,,,,,,,,,,,,,,,,,,,,,,,,,,,,,,,,,,,,,,,,
bbv,28,2,99,99,99,393,392,98,786,687,687,980,786,688,688,984,688,786,25181,25181,100605,100605,100605,100605,100605,3219328,100604,25180,785,98,98,98,98,98,25088,25088,25088,25088,200704,25088,25088,25271,25271,25271,202176,25272,25272,,,,,,,,,,,,,,,,,,,,,,,,,,,,,,,,,,,,,,,,,,,,,,,,,,,,,,,
csv,28,2,399092804,399092850,399092936,399559138,398591177,398591225,399559189,399559212,399559280,398142662,399559327,399559392,399559481,399559629,399559697,399559807,399999406,399999478,399999581,399999628,399999726,399999852,400000004,399999219,399999244,399999311,399559069,398846872,398846934,398591250,398591319,398846796,398845939,398845980,398846031,398846137,398846559,398846724,398846772,399091910,399092001,399092027,399092657,399092700,399092724,,,,,,,,,,,,,,,,,,,,,,,,,,,,,,,,,,,,,,,,,,,,,,,,,,,,,,,
bb_id,28,2,224,226,227,228,239,240,241,242,243,244,245,246,247,248,249,250,251,252,253,254,255,256,260,261,262,263,264,268,269,270,271,272,273,274,275,276,277,278,280,282,283,284,285,286,288,,,,,,,,,,,,,,,,,,,,,,,,,,,,,,,,,,,,,,,,,,,,,,,,,,,,,,,
bbv,28,3,97,97,97,389,389,97,778,681,681,974,778,681,681,971,681,778,24745,24745,99602,99602,99602,99601,99601,3187258,99602,24745,778,97,97,97,97,97,24832,24832,24832,24832,198656,24832,24832,24832,24832,24832,198656,24832,24832,,,,,,,,,,,,,,,,,,,,,,,,,,,,,,,,,,,,,,,,,,,,,,,,,,,,,,,
csv,28,3,396991249,396991337,396991423,399306580,399749142,396544492,399749235,399749321,399749389,399749537,399749605,399749714,399749801,399307124,399749827,399750019,399971208,399971280,399999934,399999981,400000039,399996178,399996346,399999670,399999751,399971113,399749092,396794098,396794139,396544517,396544589,396794064,396793422,396793429,396793488,396793498,396793951,396793952,396794040,396990612,396990703,396990792,396991130,396991182,396991206,,,,,,,,,,,,,,,,,,,,,,,,,,,,,,,,,,,,,,,,,,,,,,,,,,,,,,,
bb_id,28,3,224,226,227,228,239,240,241,242,243,244,245,246,247,248,249,250,251,252,253,254,255,256,260,261,262,263,264,268,269,270,271,272,273,274,275,276,277,278,280,282,283,284,285,286,288,,,,,,,,,,,,,,,,,,,,,,,,,,,,,,,,,,,,,,,,,,,,,,,,,,,,,,,
bbv,29,0,93,93,93,373,374,94,746,653,653,934,746,652,652,930,652,746,23719,23719,95549,95549,95549,95549,95549,3057584,95550,23720,747,94,94,94,94,94,24064,24064,24064,24064,192512,24064,24064,24006,24006,24006,192040,24005,24005,,,,,,,,,,,,,,,,,,,,,,,,,,,,,,,,,,,,,,,,,,,,,,,,,,,,,,,
csv,29,0,395752677,395752702,395752792,399090236,399561443,399561507,399090346,399090413,399090460,399090629,399090697,398609551,398609598,398129520,398609624,399090765,399090839,399090932,399558449,399558517,399558573,399558738,399558782,399561342,399561367,399561392,399561414,399790480,399790545,399561532,399561583,399790466,399789418,399789548,399789558,399789631,399790206,399790312,399790421,399999899,399999990,400000037,399999704,399999768,399999834,,,,,,,,,,,,,,,,,,,,,,,,,,,,,,,,,,,,,,,,,,,,,,,,,,,,,,,
bb_id,29,0,224,226,227,228,239,240,241,242,243,244,245,246,247,248,249,250,251,252,253,254,255,256,260,261,262,263,264,268,269,270,271,272,273,274,275,276,277,278,280,282,283,284,285,286,288,,,,,,,,,,,,,,,,,,,,,,,,,,,,,,,,,,,,,,,,,,,,,,,,,,,,,,,
bbv,29,1,98,98,98,392,392,98,784,686,686,980,784,686,686,980,686,784,24990,24990,100344,100344,100344,100344,100344,3211004,100344,24990,784,98,98,98,98,98,25088,25088,25088,25088,200704,25088,25088,25088,25088,25088,200704,25088,25088,,,,,,,,,,,,,,,,,,,,,,,,,,,,,,,,,,,,,,,,,,,,,,,,,,,,,,,
csv,29,1,397242462,397242550,397242636,399541585,399944266,396778283,399944338,399944382,399944450,399944556,399944603,399944689,399944778,399542387,399944805,399944918,399944971,399945024,399997619,399997774,399997869,399998092,399998155,400000032,399997470,399944086,399944214,397005825,397005913,396778308,396778380,397005705,397004753,397004822,397004894,397004941,397005571,397005614,397005639,397241589,397241659,397241685,397242294,397242358,397242382,,,,,,,,,,,,,,,,,,,,,,,,,,,,,,,,,,,,,,,,,,,,,,,,,,,,,,,
bb_id,29,1,224,226,227,228,239,240,241,242,243,244,245,246,247,248,249,250,251,252,253,254,255,256,260,261,262,263,264,268,269,270,271,272,273,274,275,276,277,278,280,282,283,284,285,286,288,,,,,,,,,,,,,,,,,,,,,,,,,,,,,,,,,,,,,,,,,,,,,,,,,,,,,,,
bbv,29,2,98,98,98,391,392,98,783,685,685,980,783,685,685,978,685,783,24830,24830,100130,100130,100130,100130,100130,3204187,100130,24830,783,98,98,98,98,98,25088,25088,25088,25088,200704,25088,25088,25088,25088,25088,200704,25088,25088,,,,,,,,,,,,,,,,,,,,,,,,,,,,,,,,,,,,,,,,,,,,,,,,,,,,,,,
csv,29,2,399900137,399900184,399900189,398950014,399426770,399426813,399900240,398950197,398950270,398950512,399900289,399900345,399900438,399900666,399900816,399900884,399997523,399997537,399997680,399997727,399997809,399997991,399998157,400000058,399997413,399997459,399426678,399683422,399683540,399426838,399426931,399683301,399682589,399682658,399682709,399682735,399683200,399683248,399683277,399899285,399899376,399899444,399899969,399900033,399900057,,,,,,,,,,,,,,,,,,,,,,,,,,,,,,,,,,,,,,,,,,,,,,,,,,,,,,,
bb_id,29,2,224,226,227,228,239,240,241,242,243,244,245,246,247,248,249,250,251,252,253,254,255,256,260,261,262,263,264,268,269,270,271,272,273,274,275,276,277,278,280,282,283,284,285,286,288,,,,,,,,,,,,,,,,,,,,,,,,,,,,,,,,,,,,,,,,,,,,,,,,,,,,,,,
bbv,29,3,98,98,98,392,392,98,784,686,686,980,784,686,686,980,686,784,24990,24990,100366,100366,100366,100367,100367,3211730,100366,24990,784,98,98,98,98,98,25088,25088,25088,25088,200704,25088,25088,25088,25088,25088,200704,25088,25088,,,,,,,,,,,,,,,,,,,,,,,,,,,,,,,,,,,,,,,,,,,,,,,,,,,,,,,
csv,29,3,396979650,396979727,396979738,399299639,399719197,396507858,399719269,399719356,399719427,399719536,399719581,399719688,399719756,399300391,399719782,399719850,399926902,399927042,399998153,399998246,399998344,399998508,399998615,400000011,399997834,399926784,399719168,396764413,396764454,396507883,396507976,396764358,396763490,396763517,396763568,396763594,396764140,396764225,396764292,396978409,396978459,396978510,396979393,396979478,396979587,,,,,,,,,,,,,,,,,,,,,,,,,,,,,,,,,,,,,,,,,,,,,,,,,,,,,,,
bb_id,29,3,224,226,227,228,239,240,241,242,243,244,245,246,247,248,249,250,251,252,253,254,255,256,260,261,262,263,264,268,269,270,271,272,273,274,275,276,277,278,280,282,283,284,285,286,288,,,,,,,,,,,,,,,,,,,,,,,,,,,,,,,,,,,,,,,,,,,,,,,,,,,,,,,
bbv,30,0,1,1,7,1,1,1,96,96,96,381,380,95,762,666,666,950,762,667,667,954,667,762,24416,24415,97532,97532,97532,97532,97532,3121024,97532,24415,761,1,19,19,20,20,20,5120,5120,5120,5120,40960,5120,5120,4922,4922,4922,39384,4923,4923,1,1,76,76,75,75,75,2400,2400,2400,614400,2432,2432,2432,622592,,,,,,,,,,,,,,,,,,,,,,,,,,,,,,,,,
csv,30,0,49946822,49946824,49946866,49946872,49946792,49946793,399304001,399304026,399304069,399648304,397917828,397917946,399648333,399648390,399648518,397442789,399648585,399648659,399648705,399648830,399648876,399648964,400000076,399994266,399997077,399997124,399997180,399997354,399997380,399999870,399999926,399999992,399648252,49946736,48913600,48913620,49896268,49896298,49946733,49946537,49946543,49946552,49946557,49946725,49946726,49946730,48961052,48961059,48961064,48961232,48961233,48961236,49946937,49947008,398656973,398657046,397918098,397918128,398656877,398634117,398634211,398656811,398656745,399288815,399288885,399303943,399303878,,,,,,,,,,,,,,,,,,,,,,,,,,,,,,,,,
bb_id,30,0,175,176,177,178,188,190,224,226,227,228,239,240,241,242,243,244,245,246,247,248,249,250,251,252,253,254,255,256,260,261,262,263,264,267,268,269,270,271,272,273,274,275,276,277,278,280,282,283,284,285,286,288,290,291,293,294,295,296,297,298,299,300,301,302,303,304,305,,,,,,,,,,,,,,,,,,,,,,,,,,,,,,,,,
bbv,30,1,90,90,90,357,357,90,714,624,624,892,714,624,624,892,624,714,22707,22707,91385,91385,91385,91385,91385,2924304,91385,22707,714,1,9,9,10,10,10,2560,2560,2560,2560,20480,2560,2560,2304,2304,2304,18432,2304,2304,1,1,81,81,80,80,80,2560,2560,2560,655360,2592,2592,2592,663552,,,,,,,,,,,,,,,,,,,,,,,,,,,,,,,,,,,,,,,
csv,30,1,399967403,399967407,399967419,398486738,398884463,398884485,399967480,398486832,398486910,398487036,399967530,399967640,399967732,399967950,399968007,399968064,399998950,399999011,399999134,399999212,399999299,399999452,399999516,400000023,399998829,399998866,398884424,49946742,33414958,33414999,37404195,37404330,37603670,37603025,37603073,37603086,37603095,37603514,37603641,37603666,33615443,33615555,33615665,33616308,33616377,33616527,49947127,49947214,399476481,399476564,398884520,398884652,399476459,399458101,399458144,399476414,399476359,399952717,399952735,399967376,399967321,,,,,,,,,,,,,,,,,,,,,,,,,,,,,,,,,,,,,,,
bb_id,30,1,224,226,227,228,239,240,241,242,243,244,245,246,247,248,249,250,251,252,253,254,255,256,260,261,262,263,264,267,268,269,270,271,272,273,274,275,276,277,278,280,282,283,284,285,286,288,290,291,293,294,295,296,297,298,299,300,301,302,303,304,305,,,,,,,,,,,,,,,,,,,,,,,,,,,,,,,,,,,,,,,
bbv,30,2,91,91,91,368,367,91,735,644,644,920,735,643,643,918,643,735,23429,23429,94114,94114,94114,94114,94114,3011636,94114,23429,735,1,8,8,9,9,9,2304,2304,2304,2304,18432,2304,2304,2048,2048,2048,16384,2048,2048,1,1,83,83,82,82,82,2624,2624,2624,671744,2656,2656,2656,679936,,,,,,,,,,,,,,,,,,,,,,,,,,,,,,,,,,,,,,,
csv,30,2,397236356,397236482,397236505,399826172,399505314,396025305,399826253,399826285,399826311,399826425,399826471,399505705,399505730,399205866,399505756,399826538,399826632,399826661,399998467,399998555,399998631,399998794,399998841,400000044,399998385,399826114,399826136,49946739,32550107,32550211,36431039,36431111,36690322,36689353,36689380,36689555,36689581,36690167,36690252,36690298,32796370,32796454,32796560,32797045,32797130,32797154,49947002,49947014,396623024,396623055,396025330,396025421,396622970,396605048,396605100,396622904,396622880,397217043,397217158,397236318,397236259,,,,,,,,,,,,,,,,,,,,,,,,,,,,,,,,,,,,,,,
bb_id,30,2,224,226,227,228,239,240,241,242,243,244,245,246,247,248,249,250,251,252,253,254,255,256,260,261,262,263,264,267,268,269,270,271,272,273,274,275,276,277,278,280,282,283,284,285,286,288,290,291,293,294,295,296,297,298,299,300,301,302,303,304,305,,,,,,,,,,,,,,,,,,,,,,,,,,,,,,,,,,,,,,,
bbv,30,3,90,90,90,361,361,91,721,631,631,902,721,630,630,900,630,721,22951,22951,92329,92329,92329,92329,92329,2954542,92330,22952,722,1,10,10,11,11,11,2816,2816,2816,2816,22528,2816,2816,2560,2560,2560,20480,2560,2560,1,1,81,81,80,80,80,2560,2560,2560,655360,2571,2571,2570,657960,,,,,,,,,,,,,,,,,,,,,,,,,,,,,,,,,,,,,,,
csv,30,3,396021647,396021737,396021760,398932330,399244891,399244902,398932390,398932423,398932438,398932532,398932547,398550603,398550660,398167500,398550686,398932635,398932708,398932748,399242714,399242802,399242878,399243051,399243105,399244792,399244827,399244841,399244873,49946745,37614076,37614096,39164508,39164538,39261682,39261253,39261259,39261310,39261315,39261588,39261589,39261593,37707697,37707704,37707770,37708039,37708084,37708087,49947192,49947220,399841794,399841846,399244947,399244995,399841772,399822240,399822260,399841759,399841694,399997445,399997537,399997357,400000002,,,,,,,,,,,,,,,,,,,,,,,,,,,,,,,,,,,,,,,
bb_id,30,3,224,226,227,228,239,240,241,242,243,244,245,246,247,248,249,250,251,252,253,254,255,256,260,261,262,263,264,267,268,269,270,271,272,273,274,275,276,277,278,280,282,283,284,285,286,288,290,291,293,294,295,296,297,298,299,300,301,302,303,304,305,,,,,,,,,,,,,,,,,,,,,,,,,,,,,,,,,,,,,,,
bbv,31,0,85,85,85,342,343,85,685,600,600,858,685,600,600,856,600,685,21737,21738,87560,87560,87560,87560,87560,2801920,87560,21737,685,85,85,85,85,85,2720,2720,2720,696320,2720,2720,2720,696320,,,,,,,,,,,,,,,,,,,,,,,,,,,,,,,,,,,,,,,,,,,,,,,,,,,,,,,,,,,,
csv,31,0,397514077,397514144,397514209,399520250,399985689,396184575,399985719,399985767,399985818,399986094,399986361,399986363,399986433,399520819,399986522,399986632,399986706,399986820,399996380,399996549,399996584,399996729,399996794,399999947,400000050,399985636,399985658,396861855,396861938,396184623,396184651,396861791,396843206,396843320,396861715,396861639,397490406,397490498,397513976,397513868,,,,,,,,,,,,,,,,,,,,,,,,,,,,,,,,,,,,,,,,,,,,,,,,,,,,,,,,,,,,
bb_id,31,0,224,226,227,228,239,240,241,242,243,244,245,246,247,248,249,250,251,252,253,254,255,256,260,261,262,263,264,293,294,295,296,297,298,299,300,301,302,303,304,305,,,,,,,,,,,,,,,,,,,,,,,,,,,,,,,,,,,,,,,,,,,,,,,,,,,,,,,,,,,,
bbv,31,1,94,94,94,376,376,94,752,658,658,940,752,658,658,940,658,752,24073,24073,96359,96359,96359,96359,96359,3083493,96359,24073,752,94,94,94,94,94,3008,3008,3008,770048,3008,3008,3008,770048,,,,,,,,,,,,,,,,,,,,,,,,,,,,,,,,,,,,,,,,,,,,,,,,,,,,,,,,,,,,
csv,31,1,399559886,399559911,399559957,398117596,398500831,398500863,399560029,398117805,398117843,398117907,399560118,399560183,399560230,399560399,399560467,399560598,399998161,399998299,399998540,399998650,399998706,399998870,399998935,400000071,399998079,399998087,398500762,398990642,398990673,398500893,398500970,398990599,398975678,398975719,398990575,398990541,399541892,399541921,399559747,399559723,,,,,,,,,,,,,,,,,,,,,,,,,,,,,,,,,,,,,,,,,,,,,,,,,,,,,,,,,,,,
bb_id,31,1,224,226,227,228,239,240,241,242,243,244,245,246,247,248,249,250,251,252,253,254,255,256,260,261,262,263,264,293,294,295,296,297,298,299,300,301,302,303,304,305,,,,,,,,,,,,,,,,,,,,,,,,,,,,,,,,,,,,,,,,,,,,,,,,,,,,,,,,,,,,
bbv,31,2,91,91,91,361,362,91,723,632,632,901,723,633,633,906,633,723,23150,23149,92507,92507,92507,92507,92507,2960241,92508,23150,723,91,91,91,91,91,2912,2912,2912,745472,2912,2912,2912,745472,,,,,,,,,,,,,,,,,,,,,,,,,,,,,,,,,,,,,,,,,,,,,,,,,,,,,,,,,,,,
csv,31,2,399052137,399052214,399052289,399453953,399894679,397765007,399894739,399894849,399894931,399895085,399895155,399895220,399895288,399895457,399895508,399895658,400000046,399983916,399996170,399996217,399996273,399996481,399996586,399999775,399999863,399999951,399894593,398502352,398502383,397765074,397765113,398502289,398478685,398478737,398502265,398502189,399036567,399036606,399051953,399051929,,,,,,,,,,,,,,,,,,,,,,,,,,,,,,,,,,,,,,,,,,,,,,,,,,,,,,,,,,,,
bb_id,31,2,224,226,227,228,239,240,241,242,243,244,245,246,247,248,249,250,251,252,253,254,255,256,260,261,262,263,264,293,294,295,296,297,298,299,300,301,302,303,304,305,,,,,,,,,,,,,,,,,,,,,,,,,,,,,,,,,,,,,,,,,,,,,,,,,,,,,,,,,,,,
bbv,31,3,94,94,94,375,375,93,751,657,657,938,751,658,658,940,658,751,23968,23968,96036,96036,96036,96036,96036,3073145,96035,23967,750,93,93,93,93,93,2976,2976,2976,761856,2997,2997,2998,767448,,,,,,,,,,,,,,,,,,,,,,,,,,,,,,,,,,,,,,,,,,,,,,,,,,,,,,,,,,,,
csv,31,3,397485154,397485231,397485285,399439930,399874428,396495980,399874542,399874565,399874633,399874739,399874807,399874893,399874940,399440493,399874966,399875055,399875150,399875222,399998222,399998290,399998334,399998477,399998479,400000014,399998083,399874335,399874399,396986919,396986960,396496005,396496064,396986834,396971483,396971514,396986810,396986776,397468987,397469016,397485106,397485051,,,,,,,,,,,,,,,,,,,,,,,,,,,,,,,,,,,,,,,,,,,,,,,,,,,,,,,,,,,,
bb_id,31,3,224,226,227,228,239,240,241,242,243,244,245,246,247,248,249,250,251,252,253,254,255,256,260,261,262,263,264,293,294,295,296,297,298,299,300,301,302,303,304,305,,,,,,,,,,,,,,,,,,,,,,,,,,,,,,,,,,,,,,,,,,,,,,,,,,,,,,,,,,,,
bbv,32,0,1,1,1,1,1,1,1,1,2003,2003,2003,2003,256330,2002,2002,1,1,1,1,1,1,256,1,1,95,95,95,381,381,96,761,666,666,952,761,665,665,950,665,761,24227,24227,97532,97532,97532,97532,97532,3121024,97532,24228,762,1,95,95,96,96,96,3072,3072,3072,786432,3040,3040,3040,778240,,,,,,,,,,,,,,,,,,,,,,,,,,,,,,,,,,,
csv,32,0,376230586,376207819,376230575,376230580,376207812,376207813,376230684,376230808,399993629,399993736,399993851,399993874,400000070,399993538,399993601,376230570,376207845,376207874,376230487,376230493,376230513,376230419,376207804,376207805,375190256,375190260,375190262,376009794,376125266,376125267,376009803,376009805,376009810,376009832,376009837,375894312,375894317,375778698,375894322,376009884,376009916,376009925,376124413,376124439,376124474,376124575,376124577,376125249,376125253,376125257,376125258,376207748,375107893,375107903,376125271,376125278,376207745,376205169,376205179,376207742,376207739,375187668,375187676,375190239,375190236,,,,,,,,,,,,,,,,,,,,,,,,,,,,,,,,,,,
bb_id,32,0,54,59,62,64,101,102,103,104,106,107,108,109,110,111,113,115,168,169,170,171,172,173,180,182,224,226,227,228,239,240,241,242,243,244,245,246,247,248,249,250,251,252,253,254,255,256,260,261,262,263,264,292,293,294,295,296,297,298,299,300,301,302,303,304,305,,,,,,,,,,,,,,,,,,,,,,,,,,,,,,,,,,,
bbv,32,1,1,1,2491,2491,2491,2491,318808,2490,2490,1,1,1,1,1,256,81,81,81,328,328,82,655,574,574,820,655,573,573,818,573,655,20797,20797,83855,83855,83855,83855,83855,2683380,83856,20798,656,1,81,81,82,82,82,2624,2624,2624,671744,2592,2592,2592,663552,,,,,,,,,,,,,,,,,,,,,,,,,,,,,,,,,,,,,,,,,,,,
csv,32,1,376230782,376230834,399993331,399993398,399993453,399993476,400000030,399993300,399993323,376207903,376207976,376230475,376230511,376230519,376230441,353624012,353624016,353624068,357145532,357448574,357448585,357145656,357145710,357145820,357145894,357145909,356669741,356669861,356140825,356669981,357145956,357146093,357146217,357446194,357446230,357446275,357446386,357446438,357448487,357448511,357448535,357448556,376207757,353108095,353108189,357448599,357448616,358219150,358187730,358187862,358219126,358219081,353609656,353609695,353623894,353623871,,,,,,,,,,,,,,,,,,,,,,,,,,,,,,,,,,,,,,,,,,,,
bb_id,32,1,103,104,106,107,108,109,110,111,113,168,169,170,171,172,173,224,226,227,228,239,240,241,242,243,244,245,246,247,248,249,250,251,252,253,254,255,256,260,261,262,263,264,292,293,294,295,296,297,298,299,300,301,302,303,304,305,,,,,,,,,,,,,,,,,,,,,,,,,,,,,,,,,,,,,,,,,,,,
bbv,32,2,1,1,2061,2061,2061,2061,263733,2060,2060,1,1,1,1,1,256,82,82,82,331,331,83,661,579,579,829,661,578,578,824,578,661,20965,20966,84708,84708,84708,84708,84708,2710656,84708,20966,662,1,82,82,83,83,83,2656,2656,2656,679936,2624,2624,2624,671744,,,,,,,,,,,,,,,,,,,,,,,,,,,,,,,,,,,,,,,,,,,,
csv,32,2,376230635,376230795,399994387,399994434,399994569,399994652,400000050,399994216,399994299,376207871,376207877,376230481,376230499,376230515,376230397,346034515,346034579,346034773,348839852,349290609,349290652,348839882,348839928,348839996,348840188,348840303,348441357,348441414,348048195,348441492,348840427,348840602,348840634,349286966,349287055,349287111,349287254,349287277,349290403,349290470,349290516,349290538,376207751,345514186,345514238,349290677,349290747,349793250,349777742,349777762,349793115,349793065,346015405,346015499,346034477,346034427,,,,,,,,,,,,,,,,,,,,,,,,,,,,,,,,,,,,,,,,,,,,
bb_id,32,2,103,104,106,107,108,109,110,111,113,168,169,170,171,172,173,224,226,227,228,239,240,241,242,243,244,245,246,247,248,249,250,251,252,253,254,255,256,260,261,262,263,264,292,293,294,295,296,297,298,299,300,301,302,303,304,305,,,,,,,,,,,,,,,,,,,,,,,,,,,,,,,,,,,,,,,,,,,,
bbv,32,3,1,1,2457,2457,2457,2457,314445,2456,2456,1,1,1,1,1,256,82,82,82,329,329,83,657,575,575,822,657,574,574,820,574,657,20912,20912,84188,84188,84188,84188,84188,2694023,84189,20913,658,1,82,82,83,83,83,2656,2656,2656,679936,2624,2624,2624,671744,,,,,,,,,,,,,,,,,,,,,,,,,,,,,,,,,,,,,,,,,,,,
csv,32,3,376230733,376230821,399994765,399994972,399995087,399995110,400000010,399994654,399994677,376207929,376207979,376230469,376230505,376230517,376230463,357784270,357784316,357784370,359340265,359518492,359518535,359340274,359340276,359340281,359340404,359340409,359157736,359157741,358978755,359157746,359340479,359340511,359340520,359517156,359517182,359517217,359517381,359517383,359518475,359518479,359518483,359518484,376207754,357322182,357322233,359518539,359518546,359662413,359658747,359658757,359662410,359662407,357762972,357762990,357784222,357784177,,,,,,,,,,,,,,,,,,,,,,,,,,,,,,,,,,,,,,,,,,,,
bb_id,32,3,103,104,106,107,108,109,110,111,113,168,169,170,171,172,173,224,226,227,228,239,240,241,242,243,244,245,246,247,248,249,250,251,252,253,254,255,256,260,261,262,263,264,292,293,294,295,296,297,298,299,300,301,302,303,304,305,,,,,,,,,,,,,,,,,,,,,,,,,,,,,,,,,,,,,,,,,,,,
bbv,33,0,1,1,1,6189,6189,6189,6189,792246,6190,6190,1,1,6,1,1,1,169,169,168,168,168,21504,21504,21504,21504,172032,21504,21504,21632,21632,21632,173056,21632,21632,169,169,169,674,168,168,21504,21504,21504,172032,21504,21504,505,168,1180,1011,1011,1346,1180,1012,1012,1351,1012,1180,21450,21450,75471,75471,75471,75471,75471,2415062,75470,21449,1179,,,,,,,,,,,,,,,,,,,,,,,,,,,,,,,
csv,33,0,62672821,62672830,62672751,62670118,62670145,62670180,62670183,62672743,62672745,62672748,62672857,62672859,62672895,62672901,62672966,62673039,399138233,399138255,399034517,399034576,399138161,399137470,399137477,399137489,399137519,399137939,399138085,399138157,399241010,399241060,399241086,399241712,399241818,399241905,399241943,399242010,399242075,399942241,398923787,398923853,399033549,399033611,399033678,399034253,399034349,399034432,399702427,399034481,399942313,399942357,399942408,399942522,399942630,399942775,399942845,399942898,399942924,399942996,399974778,399974913,399997521,399997645,399997823,399997968,399998033,400000047,399997331,399974662,399942214,,,,,,,,,,,,,,,,,,,,,,,,,,,,,,,
bb_id,33,0,56,99,105,106,107,108,109,110,111,113,191,192,193,194,199,200,202,203,204,205,206,207,208,209,210,211,212,214,216,217,218,219,220,222,224,226,227,228,229,230,231,232,233,234,235,238,239,240,241,242,243,244,245,246,247,248,249,250,251,252,253,254,255,256,260,261,262,263,264,,,,,,,,,,,,,,,,,,,,,,,,,,,,,,,
bbv,33,1,1,5701,5701,5701,5701,729768,5702,5702,1,1,179,179,178,178,178,22784,22784,22784,22784,182272,22784,22784,22912,22912,22912,183296,22912,22912,179,179,179,713,178,178,22784,22784,22784,182272,22784,22784,534,178,1248,1069,1069,1424,1248,1070,1070,1428,1070,1248,22694,22694,79856,79856,79856,79856,79856,2555360,79855,22693,1247,,,,,,,,,,,,,,,,,,,,,,,,,,,,,,,,,,,,,
csv,33,1,62672760,54381023,54381150,54381265,54381288,54390144,54390306,54390329,62673243,62673272,399469244,399469331,399346003,399346033,399469185,399468151,399468178,399468250,399468280,399468988,399469073,399469098,399585032,399585102,399585170,399585653,399585696,399585720,399585800,399585846,399585869,399827551,399260486,399260513,399345121,399345188,399345259,399345825,399345889,399345956,399075368,399345999,399827644,399827730,399827819,399075656,399827887,399827952,399828041,399828126,399828194,399828283,399995432,399995504,399999610,399999699,399999776,399999940,400000026,399999419,399999486,399995337,399827524,,,,,,,,,,,,,,,,,,,,,,,,,,,,,,,,,,,,,
bb_id,33,1,105,106,107,108,109,110,111,113,199,200,202,203,204,205,206,207,208,209,210,211,212,214,216,217,218,219,220,222,224,226,227,228,229,230,231,232,233,234,235,238,239,240,241,242,243,244,245,246,247,248,249,250,251,252,253,254,255,256,260,261,262,263,264,,,,,,,,,,,,,,,,,,,,,,,,,,,,,,,,,,,,,
bbv,33,2,1,6131,6131,6131,6131,784843,6132,6132,1,1,181,181,180,180,180,23040,23040,23040,23040,184320,23040,23040,23168,23168,23168,185344,23168,23168,181,181,181,722,180,180,23040,23040,23040,184320,23040,23040,541,180,1264,1083,1083,1442,1264,1084,1084,1447,1084,1264,22978,22978,80878,80878,80878,80878,80878,2588092,80877,22977,1263,,,,,,,,,,,,,,,,,,,,,,,,,,,,,,,,,,,,,
csv,33,2,62672754,62411449,62411496,62411551,62411554,62416792,62416814,62416837,62673031,62673047,399088463,399088541,398994146,398994192,399088429,399087501,399087549,399087579,399087642,399088263,399088343,399088405,399184321,399184328,399184338,399184786,399184875,399184922,399184946,399184992,399184999,399836930,398886631,398886697,398993478,398993486,398993536,398993941,398994000,398994020,399606682,398994079,399837002,399837067,399837135,399837188,399837277,399837325,399837334,399837387,399837449,399837604,399979727,399979786,399996781,399996828,399996905,399997090,399997197,400000003,399996657,399979611,399836861,,,,,,,,,,,,,,,,,,,,,,,,,,,,,,,,,,,,,
bb_id,33,2,105,106,107,108,109,110,111,113,199,200,202,203,204,205,206,207,208,209,210,211,212,214,216,217,218,219,220,222,224,226,227,228,229,230,231,232,233,234,235,238,239,240,241,242,243,244,245,246,247,248,249,250,251,252,253,254,255,256,260,261,262,263,264,,,,,,,,,,,,,,,,,,,,,,,,,,,,,,,,,,,,,
bbv,33,3,1,5735,5735,5735,5735,734131,5736,5736,1,1,178,178,177,177,177,22656,22656,22656,22656,181248,22656,22656,22784,22784,22784,182272,22784,22784,178,178,178,709,177,177,22656,22656,22656,181248,22656,22656,532,177,1242,1064,1064,1417,1242,1065,1065,1422,1065,1242,22587,22587,79472,79472,79472,79472,79472,2543099,79471,22586,1241,,,,,,,,,,,,,,,,,,,,,,,,,,,,,,,,,,,,,
csv,33,3,62672757,54791113,54791167,54791202,54791205,54795843,54795845,54795848,62673178,62673251,399203530,399203571,399090576,399090627,399203454,399202610,399202637,399202730,399202798,399203236,399203300,399203367,399349242,399349299,399349310,399350418,399350503,399350612,399350633,399350700,399350706,399593706,398995098,398995143,399089875,399089900,399089971,399090288,399090378,399090445,399825733,399090467,399825763,399825870,399825900,399826035,399826108,399826208,399826356,399826468,399826623,399826726,399986899,399986954,399997413,399997460,399997598,399997767,399997825,400000024,399997327,399986783,399825683,,,,,,,,,,,,,,,,,,,,,,,,,,,,,,,,,,,,,
bb_id,33,3,105,106,107,108,109,110,111,113,199,200,202,203,204,205,206,207,208,209,210,211,212,214,216,217,218,219,220,222,224,226,227,228,229,230,231,232,233,234,235,238,239,240,241,242,243,244,245,246,247,248,249,250,251,252,253,254,255,256,260,261,262,263,264,,,,,,,,,,,,,,,,,,,,,,,,,,,,,,,,,,,,,
bbv,34,0,201,201,201,201,201,25728,25728,25728,25728,205824,25728,25728,25728,25728,25728,205824,25728,25728,201,201,201,805,201,201,25728,25728,25728,205824,25728,25728,604,201,1409,1208,1208,1612,1409,1208,1208,1609,1208,1409,25539,25539,90221,90221,90221,90221,90221,2887079,90221,25539,1409,,,,,,,,,,,,,,,,,,,,,,,,,,,,,,,,,,,,,,,,,,,,,,,
csv,34,0,398510410,398510554,398385138,398385189,398510240,398509157,398509184,398509260,398509373,398509981,398510043,398510155,398627134,398627218,398627265,398627809,398627831,398627876,398627914,398627985,398628090,399775305,398264155,398264204,398384025,398384107,398384136,398384855,398384877,398384944,399536857,398385052,399775370,399775507,399775568,399775834,399775860,399775920,399776068,399537548,399776094,399776185,399894183,399894296,399996792,399996874,399997052,399997197,399997262,400000020,399996642,399894080,399775278,,,,,,,,,,,,,,,,,,,,,,,,,,,,,,,,,,,,,,,,,,,,,,,
bb_id,34,0,202,203,204,205,206,207,208,209,210,211,212,214,216,217,218,219,220,222,224,226,227,228,229,230,231,232,233,234,235,238,239,240,241,242,243,244,245,246,247,248,249,250,251,252,253,254,255,256,260,261,262,263,264,,,,,,,,,,,,,,,,,,,,,,,,,,,,,,,,,,,,,,,,,,,,,,,
bbv,34,1,211,211,211,211,211,27008,27008,27008,27008,216064,27008,27008,27008,27008,27008,216064,27008,27008,211,211,211,845,211,211,27008,27008,27008,216064,27008,27008,634,211,1478,1267,1267,1689,1478,1267,1267,1690,1267,1478,26821,26821,94608,94608,94608,94608,94608,3027488,94609,26822,1479,,,,,,,,,,,,,,,,,,,,,,,,,,,,,,,,,,,,,,,,,,,,,,,
csv,34,1,399185321,399185383,399078819,399078854,399185287,399184466,399184556,399184587,399184613,399185174,399185217,399185242,399294396,399294466,399294492,399295082,399295207,399295332,399295370,399295439,399295466,400000047,398986824,398986869,399077811,399077899,399077991,399078565,399078650,399078717,399774491,399078764,399774521,399774586,399774717,399774812,399774901,399774966,399775034,399775211,399775245,399775361,399985148,399985178,399996262,399996351,399996407,399996529,399996577,399999822,399999931,399999977,399999999,,,,,,,,,,,,,,,,,,,,,,,,,,,,,,,,,,,,,,,,,,,,,,,
bb_id,34,1,202,203,204,205,206,207,208,209,210,211,212,214,216,217,218,219,220,222,224,226,227,228,229,230,231,232,233,234,235,238,239,240,241,242,243,244,245,246,247,248,249,250,251,252,253,254,255,256,260,261,262,263,264,,,,,,,,,,,,,,,,,,,,,,,,,,,,,,,,,,,,,,,,,,,,,,,
bbv,34,2,213,213,213,213,213,27264,27264,27264,27264,218112,27264,27264,27264,27264,27264,218112,27264,27264,213,213,213,852,213,213,27264,27264,27264,218112,27264,27264,639,213,1491,1278,1278,1704,1491,1278,1278,1704,1278,1491,27047,27047,95389,95389,95389,95389,95389,3052446,95389,27047,1491,,,,,,,,,,,,,,,,,,,,,,,,,,,,,,,,,,,,,,,,,,,,,,,
csv,34,2,399162342,399162425,399049465,399049540,399162327,399161368,399161395,399161467,399161515,399162031,399162135,399162282,399271208,399271236,399271265,399271741,399271805,399271871,399271972,399272022,399272045,399960046,398947451,398947523,399048620,399048691,399048720,399049164,399049218,399049301,399726447,399049381,399960118,399960204,399960293,399960346,399960435,399960521,399960547,399960621,399960647,399960757,399990240,399990312,399997978,399998046,399998102,399998266,399998331,400000041,399997896,399990166,399960019,,,,,,,,,,,,,,,,,,,,,,,,,,,,,,,,,,,,,,,,,,,,,,,
bb_id,34,2,202,203,204,205,206,207,208,209,210,211,212,214,216,217,218,219,220,222,224,226,227,228,229,230,231,232,233,234,235,238,239,240,241,242,243,244,245,246,247,248,249,250,251,252,253,254,255,256,260,261,262,263,264,,,,,,,,,,,,,,,,,,,,,,,,,,,,,,,,,,,,,,,,,,,,,,,
bbv,34,3,210,210,210,210,210,26880,26880,26880,26880,215040,26880,26880,26880,26880,26880,215040,26880,26880,210,210,210,841,210,210,26880,26880,26880,215040,26880,26880,630,210,1471,1261,1261,1681,1471,1261,1261,1681,1261,1471,26680,26680,94142,94142,94142,94142,94142,3012548,94142,26680,1471,,,,,,,,,,,,,,,,,,,,,,,,,,,,,,,,,,,,,,,,,,,,,,,
csv,34,3,399043575,399043611,398942137,398942188,399043534,399042857,399042895,399042908,399042942,399043447,399043470,399043490,399132589,399132599,399132610,399133009,399133073,399133140,399133161,399133207,399133213,399835654,398827562,398827742,398941441,398941487,398941516,398941959,398942023,398942069,399600823,398942091,399835747,399835812,399835880,399835975,399836064,399836150,399836218,399836313,399836381,399836491,399978880,399978915,399996638,399996710,399996827,399996996,399997096,400000068,399996533,399978787,399835627,,,,,,,,,,,,,,,,,,,,,,,,,,,,,,,,,,,,,,,,,,,,,,,
bb_id,34,3,202,203,204,205,206,207,208,209,210,211,212,214,216,217,218,219,220,222,224,226,227,228,229,230,231,232,233,234,235,238,239,240,241,242,243,244,245,246,247,248,249,250,251,252,253,254,255,256,260,261,262,263,264,,,,,,,,,,,,,,,,,,,,,,,,,,,,,,,,,,,,,,,,,,,,,,,
bbv,35,0,1,1,7,1,1,1,1,142,142,143,143,143,18304,18304,18304,18304,146432,18304,18304,18176,18176,18176,145408,18176,18176,179,179,179,715,143,143,18304,18304,18304,146432,18304,18304,572,179,1287,1108,1108,1500,1287,1108,1108,1504,1108,1287,27453,27453,101042,101042,101042,101042,101042,3233317,101042,27453,1287,1,1,37,37,36,36,36,9216,9216,9216,9216,73728,9216,9216,9472,9472,9472,75776,9472,9472,,,,,,,,,,,,,,,,,,,,
csv,35,0,243124493,243124495,243124537,243124543,243124465,243124466,243124409,242645683,242645703,243099157,243099187,243124406,243124210,243124216,243124225,243124230,243124398,243124399,243124403,242669327,242669334,242669339,242669507,242669508,242669511,398192771,398192873,398192896,399598600,243079672,243079696,243099007,243099011,243099019,243099147,243099148,243099152,399134654,397699491,399598738,399598817,399598822,399598976,399598981,399599069,399599138,399599249,399599303,399599397,399981270,399981325,399999315,399999404,399999523,399999708,399999794,400000025,399999191,399981175,399598590,243124608,243124616,397951982,397952023,397699537,397699651,397951927,397950811,397950880,397950952,397951020,397951587,397951813,397951861,398191607,398191656,398191665,398192359,398192488,398192616,,,,,,,,,,,,,,,,,,,,
bb_id,35,0,183,184,185,186,196,198,201,202,203,204,205,206,207,208,209,210,211,212,214,216,217,218,219,220,222,224,226,227,228,229,230,231,232,233,234,235,238,239,240,241,242,243,244,245,246,247,248,249,250,251,252,253,254,255,256,260,261,262,263,264,265,266,268,269,270,271,272,273,274,275,276,277,278,280,282,283,284,285,286,288,,,,,,,,,,,,,,,,,,,,
bbv,35,1,1,122,122,123,123,123,15744,15744,15744,15744,125952,15744,15744,15616,15616,15616,124928,15616,15616,161,161,161,643,123,123,15744,15744,15744,125952,15744,15744,521,161,1165,1004,1004,1364,1165,1004,1004,1364,1004,1165,25419,25419,94192,94192,94192,94192,94192,3014129,94191,25418,1164,1,1,39,39,38,38,38,9728,9728,9728,9728,77824,9728,9728,9984,9984,9984,79872,9984,9984,,,,,,,,,,,,,,,,,,,,,,,,,,
csv,35,1,243124415,231528868,231529090,233625883,233625924,233729580,233728844,233728976,233729027,233729053,233729492,233729510,233729535,231665478,231665569,231665637,231666288,231666289,231666423,398650562,398650629,398650694,399138258,233505566,233505625,233625301,233625326,233625414,233625762,233625827,233625852,399601312,398168558,399601363,399601428,399601479,399601541,399601593,399601679,399601751,399601979,399602148,399602243,399987775,399987868,399998330,399998419,399998475,399998639,399998704,400000046,399998206,399987722,399601283,243124820,243124911,398414476,398414559,398168604,398168655,398414400,398413232,398413299,398413390,398413554,398414224,398414288,398414313,398649551,398649579,398649661,398650289,398650395,398650461,,,,,,,,,,,,,,,,,,,,,,,,,,
bb_id,35,1,201,202,203,204,205,206,207,208,209,210,211,212,214,216,217,218,219,220,222,224,226,227,228,229,230,231,232,233,234,235,238,239,240,241,242,243,244,245,246,247,248,249,250,251,252,253,254,255,256,260,261,262,263,264,265,266,268,269,270,271,272,273,274,275,276,277,278,280,282,283,284,285,286,288,,,,,,,,,,,,,,,,,,,,,,,,,,
bbv,35,2,1,118,118,119,119,119,15232,15232,15232,15232,121856,15232,15232,15104,15104,15104,120832,15104,15104,157,157,157,630,119,119,15232,15232,15232,121856,15232,15232,511,157,1141,984,984,1340,1141,983,983,1335,983,1141,24944,24944,92947,92947,92947,92947,92947,2974309,92947,24944,1141,1,1,39,39,38,38,38,9728,9728,9728,9728,77824,9728,9728,9984,9984,9984,79872,9984,9984,,,,,,,,,,,,,,,,,,,,,,,,,,
csv,35,2,243124418,220797877,220797960,222557801,222557939,222663539,222662813,222662861,222662902,222662956,222663374,222663454,222663496,220896874,220896902,220896991,220897492,220897556,220897622,396796324,396796332,396796437,399893254,222454166,222454236,222557119,222557144,222557215,222557705,222557731,222557756,399474561,396289223,399893347,399893391,399893459,399893672,399893724,399475052,399475103,399049270,399475156,399893869,399894044,399894097,399997237,399997354,399997410,399997579,399997637,400000004,399997155,399893184,399893227,243124681,243124689,396546257,396546298,396289290,396289404,396546188,396545208,396545298,396545370,396545417,396545984,396546113,396546164,396795472,396795542,396795568,396796114,396796199,396796265,,,,,,,,,,,,,,,,,,,,,,,,,,
bb_id,35,2,201,202,203,204,205,206,207,208,209,210,211,212,214,216,217,218,219,220,222,224,226,227,228,229,230,231,232,233,234,235,238,239,240,241,242,243,244,245,246,247,248,249,250,251,252,253,254,255,256,260,261,262,263,264,265,266,268,269,270,271,272,273,274,275,276,277,278,280,282,283,284,285,286,288,,,,,,,,,,,,,,,,,,,,,,,,,,
bbv,35,3,1,124,124,125,125,125,16000,16000,16000,16000,128000,16000,16000,15872,15872,15872,126976,15872,15872,163,163,163,650,125,125,16000,16000,16000,128000,16000,16000,526,163,1176,1013,1013,1378,1176,1013,1013,1375,1013,1176,25520,25520,94747,94747,94747,94747,94747,3031893,94747,25520,1176,1,1,39,39,38,38,38,9728,9728,9728,9728,77824,9728,9728,9984,9984,9984,79872,9984,9984,,,,,,,,,,,,,,,,,,,,,,,,,,
csv,35,3,243124412,234976690,234976710,235673212,235673242,235721163,235720841,235720847,235720898,235720903,235721155,235721156,235721160,235014987,235014994,235015046,235015256,235015257,235015260,399719419,399719526,399719610,398776220,235631653,235631698,235672957,235672961,235672969,235673160,235673161,235673207,399234422,399234444,399719640,398776357,398776467,398776615,399719769,399719855,399719923,399720136,399720183,399720256,399997151,399997246,399997328,399997457,399997635,399997780,399997866,400000067,399997031,399997056,399234311,243124885,243124919,399482547,399482651,399234516,399234567,399482513,399481652,399481716,399481849,399481875,399482337,399482401,399482468,399718584,399718675,399718722,399719268,399719311,399719381,,,,,,,,,,,,,,,,,,,,,,,,,,
bb_id,35,3,201,202,203,204,205,206,207,208,209,210,211,212,214,216,217,218,219,220,222,224,226,227,228,229,230,231,232,233,234,235,238,239,240,241,242,243,244,245,246,247,248,249,250,251,252,253,254,255,256,260,261,262,263,264,265,266,268,269,270,271,272,273,274,275,276,277,278,280,282,283,284,285,286,288,,,,,,,,,,,,,,,,,,,,,,,,,,
bbv,36,0,94,94,94,374,375,94,749,655,655,938,749,655,655,934,655,749,23766,23766,95796,95796,95796,95796,95796,3065473,95796,23766,749,94,94,94,94,94,24064,24064,24064,24064,192512,24064,24064,24064,24064,24064,192512,24064,24064,,,,,,,,,,,,,,,,,,,,,,,,,,,,,,,,,,,,,,,,,,,,,,,,,,,,,,,
csv,36,0,399870715,399870740,399870784,398884804,399370584,399370611,399870814,398884941,398884992,398885143,399870932,399871038,399871151,399871463,399871547,399871737,399999177,399999207,399999310,399999441,399999539,399999724,399999789,400000083,399999078,399999124,399370471,399645838,399645959,399370636,399370712,399645792,399644976,399645003,399645038,399645064,399645675,399645724,399645754,399869844,399869935,399869944,399870505,399870590,399870656,,,,,,,,,,,,,,,,,,,,,,,,,,,,,,,,,,,,,,,,,,,,,,,,,,,,,,,
bb_id,36,0,224,226,227,228,239,240,241,242,243,244,245,246,247,248,249,250,251,252,253,254,255,256,260,261,262,263,264,268,269,270,271,272,273,274,275,276,277,278,280,282,283,284,285,286,288,,,,,,,,,,,,,,,,,,,,,,,,,,,,,,,,,,,,,,,,,,,,,,,,,,,,,,,
bbv,36,1,98,98,98,391,391,98,782,684,684,979,782,684,684,976,684,782,24823,24823,100037,100037,100037,100037,100037,3201188,100037,24823,782,98,98,98,98,98,25088,25088,25088,25088,200704,25088,25088,25088,25088,25088,200704,25088,25088,,,,,,,,,,,,,,,,,,,,,,,,,,,,,,,,,,,,,,,,,,,,,,,,,,,,,,,
csv,36,1,399807252,399807361,399807510,398886140,399345296,399345440,399807523,398886300,398886326,398886474,399807636,399807757,399807887,399808019,399808078,399808146,399996867,399996897,399997000,399997047,399997145,399997330,399997395,400000041,399996705,399996793,399345185,399570871,399570912,399345488,399345560,399570816,399570123,399570150,399570189,399570215,399570682,399570725,399570792,399806259,399806305,399806364,399806991,399807134,399807158,,,,,,,,,,,,,,,,,,,,,,,,,,,,,,,,,,,,,,,,,,,,,,,,,,,,,,,
bb_id,36,1,224,226,227,228,239,240,241,242,243,244,245,246,247,248,249,250,251,252,253,254,255,256,260,261,262,263,264,268,269,270,271,272,273,274,275,276,277,278,280,282,283,284,285,286,288,,,,,,,,,,,,,,,,,,,,,,,,,,,,,,,,,,,,,,,,,,,,,,,,,,,,,,,
bbv,36,2,99,99,99,394,394,99,788,689,689,982,788,690,690,988,690,788,25221,25221,100889,100889,100889,100889,100889,3228432,100889,25221,788,99,99,99,99,99,25344,25344,25344,25344,202752,25344,25344,25344,25344,25344,202752,25344,25344,,,,,,,,,,,,,,,,,,,,,,,,,,,,,,,,,,,,,,,,,,,,,,,,,,,,,,,
csv,36,2,398509396,398509538,398509565,399806126,399414783,398039830,399806199,399806226,399806233,399806270,399806315,399806338,399806369,399806475,399806585,399806695,399977115,399977208,399998406,399998453,399998509,399998715,399998801,400000020,399998280,399977062,399806036,398287757,398287798,398039897,398039990,398287737,398286512,398286539,398286600,398286656,398287528,398287572,398287713,398508396,398508467,398508496,398509307,398509308,398509358,,,,,,,,,,,,,,,,,,,,,,,,,,,,,,,,,,,,,,,,,,,,,,,,,,,,,,,
bb_id,36,2,224,226,227,228,239,240,241,242,243,244,245,246,247,248,249,250,251,252,253,254,255,256,260,261,262,263,264,268,269,270,271,272,273,274,275,276,277,278,280,282,283,284,285,286,288,,,,,,,,,,,,,,,,,,,,,,,,,,,,,,,,,,,,,,,,,,,,,,,,,,,,,,,
bbv,36,3,97,97,97,390,389,97,779,682,682,972,779,682,682,976,682,779,24888,24888,99648,99648,99648,99648,99648,3188735,99648,24888,779,97,97,97,97,97,24832,24832,24832,24832,198656,24832,24832,24832,24832,24832,198656,24832,24832,,,,,,,,,,,,,,,,,,,,,,,,,,,,,,,,,,,,,,,,,,,,,,,,,,,,,,,
csv,36,3,398626465,398626499,398626522,399967500,399561879,398174999,399967593,399967658,399967688,399967749,399967832,399967896,399967983,399968225,399968511,399968707,399997771,399997801,399997904,399997951,399998028,399998213,399998282,400000062,399997651,399997676,399967431,398402981,398403085,398175028,398175079,398402884,398402082,398402172,398402244,398402312,398402780,398402830,398402860,398625615,398625664,398625774,398626257,398626321,398626370,,,,,,,,,,,,,,,,,,,,,,,,,,,,,,,,,,,,,,,,,,,,,,,,,,,,,,,
bb_id,36,3,224,226,227,228,239,240,241,242,243,244,245,246,247,248,249,250,251,252,253,254,255,256,260,261,262,263,264,268,269,270,271,272,273,274,275,276,277,278,280,282,283,284,285,286,288,,,,,,,,,,,,,,,,,,,,,,,,,,,,,,,,,,,,,,,,,,,,,,,,,,,,,,,
bbv,37,0,93,93,93,375,375,93,750,657,657,938,750,657,657,938,657,750,23934,23934,95970,95970,95970,95970,95970,3071041,95970,23934,750,93,93,93,93,93,23808,23808,23808,23808,190464,23808,23808,23808,23808,23808,190464,23808,23808,,,,,,,,,,,,,,,,,,,,,,,,,,,,,,,,,,,,,,,,,,,,,,,,,,,,,,,
csv,37,0,397049095,397049120,397049206,399526743,399986939,396563130,399987011,399987034,399987123,399987314,399987402,399987472,399987561,399527642,399987650,399987781,399987813,399987915,399999374,399999487,399999525,399999662,399999717,400000046,399999186,399986846,399986910,396812770,396812811,396563185,396563280,396812635,396811603,396811698,396811784,396811810,396812482,396812530,396812611,397048329,397048481,397048570,397048906,397048991,397049015,,,,,,,,,,,,,,,,,,,,,,,,,,,,,,,,,,,,,,,,,,,,,,,,,,,,,,,
bb_id,37,0,224,226,227,228,239,240,241,242,243,244,245,246,247,248,249,250,251,252,253,254,255,256,260,261,262,263,264,268,269,270,271,272,273,274,275,276,277,278,280,282,283,284,285,286,288,,,,,,,,,,,,,,,,,,,,,,,,,,,,,,,,,,,,,,,,,,,,,,,,,,,,,,,
bbv,37,1,97,97,97,392,392,98,783,686,686,980,783,685,685,978,685,783,24937,24937,100299,100299,100299,100299,100299,3209579,100300,24938,784,98,98,98,98,98,25088,25088,25088,25088,200704,25088,25088,24869,24869,24869,198948,24868,24868,,,,,,,,,,,,,,,,,,,,,,,,,,,,,,,,,,,,,,,,,,,,,,,,,,,,,,,
csv,37,1,396115607,396115653,396115676,399258282,399726042,399726064,399258378,399258478,399258628,399258822,399258894,398790492,398790581,398337080,398790628,399259036,399259089,399259149,399723114,399723161,399723238,399723423,399723467,399725815,399725840,399725907,399725992,399973984,399974046,399726131,399726245,399973950,399973095,399973122,399973215,399973304,399973732,399973838,399973905,399999489,399999557,399999688,400000004,399999292,399999419,,,,,,,,,,,,,,,,,,,,,,,,,,,,,,,,,,,,,,,,,,,,,,,,,,,,,,,
bb_id,37,1,224,226,227,228,239,240,241,242,243,244,245,246,247,248,249,250,251,252,253,254,255,256,260,261,262,263,264,268,269,270,271,272,273,274,275,276,277,278,280,282,283,284,285,286,288,,,,,,,,,,,,,,,,,,,,,,,,,,,,,,,,,,,,,,,,,,,,,,,,,,,,,,,
bbv,37,2,98,98,98,392,392,98,784,686,686,980,784,686,686,980,686,784,24996,24996,100397,100397,100397,100397,100397,3212706,100397,24996,784,98,98,98,98,98,25088,25088,25088,25088,200704,25088,25088,25088,25088,25088,200704,25088,25088,,,,,,,,,,,,,,,,,,,,,,,,,,,,,,,,,,,,,,,,,,,,,,,,,,,,,,,
csv,37,2,398340325,398340354,398340377,399669074,399266889,397835059,399669181,399669326,399669396,399669470,399669559,399669603,399669671,399669840,399669908,399670018,399988596,399988672,399998023,399998077,399998118,399998293,399998442,400000067,399997939,399988564,399668979,398094939,398095043,397835105,397835161,398094905,398094096,398094127,398094199,398094288,398094813,398094835,398094881,398339557,398339585,398339653,398340136,398340221,398340287,,,,,,,,,,,,,,,,,,,,,,,,,,,,,,,,,,,,,,,,,,,,,,,,,,,,,,,
bb_id,37,2,224,226,227,228,239,240,241,242,243,244,245,246,247,248,249,250,251,252,253,254,255,256,260,261,262,263,264,268,269,270,271,272,273,274,275,276,277,278,280,282,283,284,285,286,288,,,,,,,,,,,,,,,,,,,,,,,,,,,,,,,,,,,,,,,,,,,,,,,,,,,,,,,
bbv,37,3,97,97,97,390,391,98,780,683,683,978,780,682,682,972,682,780,24764,24764,99959,99959,99959,99959,99959,3198701,99960,24765,781,97,97,98,98,97,24881,24881,24881,24881,199044,24880,24880,24832,24832,24832,198656,24832,24832,,,,,,,,,,,,,,,,,,,,,,,,,,,,,,,,,,,,,,,,,,,,,,,,,,,,,,,
csv,37,3,396329441,396329487,396329510,399514257,399959349,399959392,399514308,399514394,399514441,399514547,399514594,399055891,399055917,398600261,399055985,399514725,399514799,399514871,399955445,399955584,399955717,399955982,399956032,399959177,399959224,399959278,399959336,396078984,396079093,399959627,399959703,396078864,399999561,399999694,399999726,399999752,400000025,399999490,399999550,396328610,396328680,396328748,396329231,396329295,396329361,,,,,,,,,,,,,,,,,,,,,,,,,,,,,,,,,,,,,,,,,,,,,,,,,,,,,,,
bb_id,37,3,224,226,227,228,239,240,241,242,243,244,245,246,247,248,249,250,251,252,253,254,255,256,260,261,262,263,264,268,269,270,271,272,273,274,275,276,277,278,280,282,283,284,285,286,288,,,,,,,,,,,,,,,,,,,,,,,,,,,,,,,,,,,,,,,,,,,,,,,,,,,,,,,
bbv,38,0,1,1,7,1,1,1,97,97,97,386,385,97,771,674,674,962,771,674,674,964,674,771,24612,24612,98687,98687,98687,98687,98687,3157983,98687,24612,771,1,32,32,33,33,33,8448,8448,8448,8448,67584,8448,8448,8192,8192,8192,65536,8192,8192,1,1,65,65,64,64,64,2048,2048,2048,524288,2080,2080,2080,532480,,,,,,,,,,,,,,,,,,,,,,,,,,,,,,,,,
csv,38,0,101066211,101066213,101066255,101066261,101066181,101066182,399551658,399551724,399551768,399992103,398528858,398528890,399992154,399992218,399992286,398125734,399992301,399992449,399992506,399992622,399992689,399992788,399999218,399999237,399999365,399999401,399999455,399999664,399999742,400000022,399999053,399999140,399992087,101066125,100032989,100033009,101015657,101015687,101066122,101065926,101065932,101065941,101065946,101066114,101066115,101066119,100080441,100080448,100080453,100080621,100080622,100080625,101066326,101066397,399027366,399027397,398528946,398529005,399027334,399012887,399012969,399027310,399027287,399531841,399531911,399551589,399551524,,,,,,,,,,,,,,,,,,,,,,,,,,,,,,,,,
bb_id,38,0,175,176,177,178,188,190,224,226,227,228,239,240,241,242,243,244,245,246,247,248,249,250,251,252,253,254,255,256,260,261,262,263,264,267,268,269,270,271,272,273,274,275,276,277,278,280,282,283,284,285,286,288,290,291,293,294,295,296,297,298,299,300,301,302,303,304,305,,,,,,,,,,,,,,,,,,,,,,,,,,,,,,,,,
bbv,38,1,91,91,91,361,361,90,723,632,632,901,723,633,633,906,633,723,23159,23159,92482,92482,92482,92482,92482,2959417,92481,23158,722,1,21,21,22,22,22,5632,5632,5632,5632,45056,5632,5632,5595,5595,5595,44764,5596,5596,1,1,69,69,68,68,68,2176,2176,2176,557056,2208,2208,2208,565248,,,,,,,,,,,,,,,,,,,,,,,,,,,,,,,,,,,,,,,
csv,38,1,399144862,399144876,399144919,399433621,399791575,398096319,399791646,399791700,399791757,399791820,399791856,399791931,399791967,399792051,399792077,399792176,399993374,399993414,399997301,399997400,399997466,399997640,399997715,400000053,399997188,399993321,399791515,101066131,85802694,85802815,90339691,90339763,90624298,90623419,90623446,90623518,90623544,90624174,90624196,90624291,86078319,86078452,86078604,86079589,86079674,86079740,101066492,101066583,398753064,398753115,398096344,398096576,398753011,398737713,398737733,398752967,398752902,399133037,399133096,399144814,399144760,,,,,,,,,,,,,,,,,,,,,,,,,,,,,,,,,,,,,,,
bb_id,38,1,224,226,227,228,239,240,241,242,243,244,245,246,247,248,249,250,251,252,253,254,255,256,260,261,262,263,264,267,268,269,270,271,272,273,274,275,276,277,278,280,282,283,284,285,286,288,290,291,293,294,295,296,297,298,299,300,301,302,303,304,305,,,,,,,,,,,,,,,,,,,,,,,,,,,,,,,,,,,,,,,
bbv,38,2,91,91,91,366,367,92,732,641,641,918,732,640,640,912,640,732,23223,23223,93724,93724,93724,93724,93724,2999183,93725,23224,733,1,20,20,21,21,21,5376,5376,5376,5376,43008,5376,5376,5120,5120,5120,40960,5120,5120,1,1,72,72,71,71,71,2272,2272,2272,581632,2294,2294,2293,587048,,,,,,,,,,,,,,,,,,,,,,,,,,,,,,,,,,,,,,,
csv,38,2,396028880,396028947,396029012,398914374,399176604,399176615,398914423,398914445,398914480,398914572,398914607,398665276,398665311,398325508,398665336,398914694,398914746,398914795,399174201,399174299,399174334,399174507,399174550,399176464,399176499,399176513,399176565,101066128,79473790,79473831,83214082,83214133,83467855,83466618,83466687,83466780,83466869,83467629,83467733,83467805,79709868,79709938,79710027,79710510,79710532,79710619,101066391,101066403,399607128,399607215,399176650,399176667,399607027,399589698,399589729,399606963,399606918,399996753,399996843,399996663,400000032,,,,,,,,,,,,,,,,,,,,,,,,,,,,,,,,,,,,,,,
bb_id,38,2,224,226,227,228,239,240,241,242,243,244,245,246,247,248,249,250,251,252,253,254,255,256,260,261,262,263,264,267,268,269,270,271,272,273,274,275,276,277,278,280,282,283,284,285,286,288,290,291,293,294,295,296,297,298,299,300,301,302,303,304,305,,,,,,,,,,,,,,,,,,,,,,,,,,,,,,,,,,,,,,,
bbv,38,3,92,92,92,365,364,91,730,638,638,910,730,639,639,914,639,730,23347,23347,93339,93339,93339,93339,93339,2986817,93338,23346,729,1,23,23,23,23,24,6095,6095,6095,6095,48764,6096,6096,5888,5888,5888,47104,5888,5888,1,1,69,69,68,68,68,2176,2176,2176,557056,2208,2208,2208,565248,,,,,,,,,,,,,,,,,,,,,,,,,,,,,,,,,,,,,,,
csv,38,3,399510605,399510629,399510693,399920034,398619780,398619812,399920104,399920203,399920279,398257268,399920430,399920545,399920562,399920657,399920693,399920761,399999304,399999410,399999516,399999563,399999709,399999843,399999897,400000001,399999186,399999251,399920009,101066134,91147319,91147339,92684538,92684631,92770306,92770019,92770033,92770042,92770047,92770298,92770299,92770303,91241391,91241398,91241403,91241697,91241698,91241701,101066557,101066589,399108029,399108049,398619826,398619864,399107986,399092659,399092679,399107973,399107927,399498089,399498118,399510567,399510534,,,,,,,,,,,,,,,,,,,,,,,,,,,,,,,,,,,,,,,
bb_id,38,3,224,226,227,228,239,240,241,242,243,244,245,246,247,248,249,250,251,252,253,254,255,256,260,261,262,263,264,267,268,269,270,271,272,273,274,275,276,277,278,280,282,283,284,285,286,288,290,291,293,294,295,296,297,298,299,300,301,302,303,304,305,,,,,,,,,,,,,,,,,,,,,,,,,,,,,,,,,,,,,,,
bbv,39,0,85,85,85,340,341,85,681,596,596,851,681,596,596,852,596,681,21755,21755,87235,87235,87235,87235,87235,2791549,87236,21755,681,85,85,85,85,85,2720,2720,2720,696320,2720,2720,2720,696320,,,,,,,,,,,,,,,,,,,,,,,,,,,,,,,,,,,,,,,,,,,,,,,,,,,,,,,,,,,,
csv,39,0,398754277,398754344,398754409,399252575,399736416,397415570,399736554,399736612,399736760,399736792,399736841,399736927,399736995,399737101,399737169,399737279,399992761,399992833,399996288,399996356,399996412,399996555,399996578,399999848,400000085,399992666,399736362,398025577,398025771,397415615,397415642,398025495,398004963,398005025,398025414,398025309,398729939,398730010,398754195,398754049,,,,,,,,,,,,,,,,,,,,,,,,,,,,,,,,,,,,,,,,,,,,,,,,,,,,,,,,,,,,
bb_id,39,0,224,226,227,228,239,240,241,242,243,244,245,246,247,248,249,250,251,252,253,254,255,256,260,261,262,263,264,293,294,295,296,297,298,299,300,301,302,303,304,305,,,,,,,,,,,,,,,,,,,,,,,,,,,,,,,,,,,,,,,,,,,,,,,,,,,,,,,,,,,,
bbv,39,1,94,94,94,377,377,94,754,660,660,943,754,660,660,943,660,754,24004,24004,96492,96491,96491,96491,96491,3087719,96492,24004,754,94,94,94,94,94,3008,3008,3008,770048,3008,3008,3008,770048,,,,,,,,,,,,,,,,,,,,,,,,,,,,,,,,,,,,,,,,,,,,,,,,,,,,,,,,,,,,
csv,39,1,398100341,398100397,398100451,399382106,399839824,397156876,399839901,399840001,399840027,399840192,399840241,399840327,399840395,399840490,399840558,399840647,399954349,399954461,400000039,399997236,399997355,399997498,399997521,399999953,399999957,399954250,399839795,397607709,397607740,397157002,397157073,397607645,397592472,397592534,397607621,397607587,398084565,398084594,398100272,398100248,,,,,,,,,,,,,,,,,,,,,,,,,,,,,,,,,,,,,,,,,,,,,,,,,,,,,,,,,,,,
bb_id,39,1,224,226,227,228,239,240,241,242,243,244,245,246,247,248,249,250,251,252,253,254,255,256,260,261,262,263,264,293,294,295,296,297,298,299,300,301,302,303,304,305,,,,,,,,,,,,,,,,,,,,,,,,,,,,,,,,,,,,,,,,,,,,,,,,,,,,,,,,,,,,
bbv,39,2,91,91,91,364,363,90,728,637,637,910,728,637,637,910,637,728,23205,23205,93120,93120,93120,93120,93120,2979816,93119,23204,727,90,90,90,90,90,2880,2880,2880,737280,2890,2890,2891,740056,,,,,,,,,,,,,,,,,,,,,,,,,,,,,,,,,,,,,,,,,,,,,,,,,,,,,,,,,,,,
csv,39,2,397075892,397075948,397075971,399772324,399312570,395848489,399772429,399772579,399772642,399772851,399772961,399313079,399313147,398861222,399313215,399773050,399773103,399773175,399999012,399999059,399999136,399999342,399999386,400000081,399998909,399772245,399772297,396591044,396591106,395848514,395848567,396590980,396570327,396570409,396590873,396590849,397060613,397060642,397075844,397075820,,,,,,,,,,,,,,,,,,,,,,,,,,,,,,,,,,,,,,,,,,,,,,,,,,,,,,,,,,,,
bb_id,39,2,224,226,227,228,239,240,241,242,243,244,245,246,247,248,249,250,251,252,253,254,255,256,260,261,262,263,264,293,294,295,296,297,298,299,300,301,302,303,304,305,,,,,,,,,,,,,,,,,,,,,,,,,,,,,,,,,,,,,,,,,,,,,,,,,,,,,,,,,,,,
bbv,39,3,93,93,93,374,374,93,748,655,655,936,748,655,655,936,655,748,23825,23825,95837,95837,95837,95837,95837,3066798,95837,23825,748,93,93,93,93,93,2976,2976,2976,761856,2976,2976,2976,761856,,,,,,,,,,,,,,,,,,,,,,,,,,,,,,,,,,,,,,,,,,,,,,,,,,,,,,,,,,,,
csv,39,3,397508868,397508934,397508998,399568591,399107155,396542457,399568606,399568682,399568738,399568966,399569114,399569181,399569249,399569344,399569433,399569522,399916281,399916336,399998216,399998326,399998445,399998609,399998695,400000060,399998113,399916186,399568459,397039744,397039816,396542513,396542593,397039711,397025172,397025223,397039667,397039581,397496815,397496833,397508841,397508797,,,,,,,,,,,,,,,,,,,,,,,,,,,,,,,,,,,,,,,,,,,,,,,,,,,,,,,,,,,,
bb_id,39,3,224,226,227,228,239,240,241,242,243,244,245,246,247,248,249,250,251,252,253,254,255,256,260,261,262,263,264,293,294,295,296,297,298,299,300,301,302,303,304,305,,,,,,,,,,,,,,,,,,,,,,,,,,,,,,,,,,,,,,,,,,,,,,,,,,,,,,,,,,,,
bbv,40,0,87,87,87,348,348,87,696,609,609,870,696,609,609,870,609,696,22175,22175,89047,89047,89047,89047,89047,2849482,89046,22175,696,87,87,87,87,87,2784,2784,2784,712704,2784,2784,2784,712704,,,,,,,,,,,,,,,,,,,,,,,,,,,,,,,,,,,,,,,,,,,,,,,,,,,,,,,,,,,,
csv,40,0,399581914,399581918,399581962,399787609,399961008,399095020,399961017,399961019,399961024,399961035,399961071,399961104,399961109,399961131,399961167,399961214,399999389,399999398,399999459,399999485,399999631,399999732,399999734,400000039,399999308,399999312,399960969,399368840,399368892,399095024,399095031,399368828,399359758,399359768,399368783,399368780,399575241,399575249,399581834,399581831,,,,,,,,,,,,,,,,,,,,,,,,,,,,,,,,,,,,,,,,,,,,,,,,,,,,,,,,,,,,
bb_id,40,0,224,226,227,228,239,240,241,242,243,244,245,246,247,248,249,250,251,252,253,254,255,256,260,261,262,263,264,293,294,295,296,297,298,299,300,301,302,303,304,305,,,,,,,,,,,,,,,,,,,,,,,,,,,,,,,,,,,,,,,,,,,,,,,,,,,,,,,,,,,,
bbv,40,1,91,91,91,366,366,92,731,640,640,916,731,639,639,911,639,731,23217,23217,93650,93651,93651,93651,93651,2996832,93651,23218,732,91,91,92,92,91,2920,2920,2919,747498,2912,2912,2912,745472,,,,,,,,,,,,,,,,,,,,,,,,,,,,,,,,,,,,,,,,,,,,,,,,,,,,,,,,,,,,
csv,40,1,395966484,395966498,395966531,399333183,399759495,399759559,399333232,399333387,399333454,399333610,399333666,398941851,398941877,398373093,398941987,399333734,399333766,399333815,399755365,399755461,399755517,399755761,399755950,399759163,399759251,399759360,399759466,395526011,395526084,399759605,399759633,395525916,399972792,399972844,399972641,400000049,395954667,395954716,395966426,395966413,,,,,,,,,,,,,,,,,,,,,,,,,,,,,,,,,,,,,,,,,,,,,,,,,,,,,,,,,,,,
bb_id,40,1,224,226,227,228,239,240,241,242,243,244,245,246,247,248,249,250,251,252,253,254,255,256,260,261,262,263,264,293,294,295,296,297,298,299,300,301,302,303,304,305,,,,,,,,,,,,,,,,,,,,,,,,,,,,,,,,,,,,,,,,,,,,,,,,,,,,,,,,,,,,
bbv,40,2,94,94,94,376,377,95,752,658,658,940,752,658,658,940,658,752,23970,23970,96320,96320,96320,96320,96320,3082264,96321,23971,753,94,94,95,95,95,3040,3040,3040,778240,3008,3008,3008,770048,,,,,,,,,,,,,,,,,,,,,,,,,,,,,,,,,,,,,,,,,,,,,,,,,,,,,,,,,,,,
csv,40,2,392595910,392595998,392596021,395390280,395707088,395707193,395390309,395390352,395390419,395390502,395390548,395068519,395068555,394703978,395068581,395390616,395390689,395390739,395704226,395704293,395704349,395704501,395704544,395706873,395706938,395706966,395707038,392000923,392000954,395707237,395707258,396174022,396155631,396155662,396173956,396173890,392577297,392577305,392595849,392595703,,,,,,,,,,,,,,,,,,,,,,,,,,,,,,,,,,,,,,,,,,,,,,,,,,,,,,,,,,,,
bb_id,40,2,224,226,227,228,239,240,241,242,243,244,245,246,247,248,249,250,251,252,253,254,255,256,260,261,262,263,264,293,294,295,296,297,298,299,300,301,302,303,304,305,,,,,,,,,,,,,,,,,,,,,,,,,,,,,,,,,,,,,,,,,,,,,,,,,,,,,,,,,,,,
bbv,40,3,91,91,91,365,365,91,730,639,639,914,730,638,638,910,638,730,23208,23208,93411,93411,93411,93411,93411,2989140,93411,23208,730,91,91,91,91,91,2912,2912,2912,745472,2912,2912,2912,745472,,,,,,,,,,,,,,,,,,,,,,,,,,,,,,,,,,,,,,,,,,,,,,,,,,,,,,,,,,,,
csv,40,3,396126151,396126257,396126280,399642231,399260784,395105422,399642366,399642452,399642520,399642668,399642694,399261046,399261082,398804540,399261097,399642825,399642878,399642969,399999100,399999241,399999347,399999596,399999746,400000018,399999029,399642035,399642141,395702266,395702328,395105436,395105495,395702221,395682285,395682368,395702086,395702073,396111868,396111938,396126120,396126096,,,,,,,,,,,,,,,,,,,,,,,,,,,,,,,,,,,,,,,,,,,,,,,,,,,,,,,,,,,,
bb_id,40,3,224,226,227,228,239,240,241,242,243,244,245,246,247,248,249,250,251,252,253,254,255,256,260,261,262,263,264,293,294,295,296,297,298,299,300,301,302,303,304,305,,,,,,,,,,,,,,,,,,,,,,,,,,,,,,,,,,,,,,,,,,,,,,,,,,,,,,,,,,,,
bbv,41,0,1,1,1,1,1,1,1,1,1,1,1,8192,8192,8192,8192,1048576,8192,8192,1,1,1,1,1,1,256,1,1,1,1,6,1,1,1,143,143,142,142,142,18176,18176,18176,18176,145408,18176,18176,18304,18304,18304,146432,18304,18304,162,162,162,649,142,142,18176,18176,18176,145408,18176,18176,506,162,1155,993,993,1337,1155,993,993,1337,993,1155,23048,23048,84017,84017,84017,84017,84017,2688559,84017,23048,1155,1,19,19,20,20,20,640,640,640,163840,608,608,608,155648
csv,41,0,27349935,113792240,27327168,27349924,27349929,113792249,27327161,27327162,27350033,27350059,113792170,113789537,113789564,113789599,113789602,113792162,113792164,113792167,27349919,27327194,27327223,27349824,27349842,27349862,27349812,27327153,27327154,113792276,113792278,113792314,113792320,113792385,113792393,399117978,399118019,398991053,398991125,399117820,399116952,399117021,399117093,399117161,399117606,399117757,399117796,399236721,399236749,399236817,399237346,399237389,399237453,399237512,399237584,399237621,399948675,398892727,398892793,398990402,398990448,398990459,398990853,398990959,398990984,399709911,398991048,399948806,399948873,399948903,399948981,399949060,399949092,399949200,399949279,399949382,399949551,399978236,399978308,399997519,399997587,399997643,399997786,399997809,400000014,399997395,399978141,399948550,27327097,26227242,26227252,27244620,27244627,27327094,27324518,27324528,27327091,27327088,26307017,26307025,26309588,26309585
bb_id,41,0,54,56,59,62,64,99,101,102,103,104,105,106,107,108,109,110,111,113,115,168,169,170,171,172,173,180,182,191,192,193,194,199,200,202,203,204,205,206,207,208,209,210,211,212,214,216,217,218,219,220,222,224,226,227,228,229,230,231,232,233,234,235,238,239,240,241,242,243,244,245,246,247,248,249,250,251,252,253,254,255,256,260,261,262,263,264,292,293,294,295,296,297,298,299,300,301,302,303,304,305
bbv,41,1,1,1,1,8192,8192,8192,8192,1048576,8192,8192,1,1,1,1,1,256,1,1,152,152,151,151,151,19328,19328,19328,19328,154624,19328,19328,19456,19456,19456,155648,19456,19456,154,154,154,614,151,151,19328,19328,19328,154624,19328,19328,463,153,1078,924,924,1232,1078,925,925,1236,925,1078,19809,19809,69980,69980,69980,69980,69980,2239343,69979,19808,1077,1,2,2,2,2,3,88,88,89,22550,64,64,64,16384,,,,,,,,,,,,,,,
csv,41,1,27350157,27350253,113792179,107392395,107392422,107392457,107392500,107397158,107397160,107397223,27327340,27327413,27349836,27349860,27349868,27349746,113792601,113792674,398889464,398889526,398775692,398775743,398889367,398888451,398888520,398888550,398888597,398889177,398889229,398889301,398986933,398987101,398987141,398987723,398987745,398987922,398987960,398988007,398988030,399664535,398676302,398676368,398774965,398775006,398775035,398775516,398775587,398775637,399898646,398775659,399898697,399898764,399898832,399899064,399899153,399899239,399899328,399899381,399899449,399899580,399959799,399959859,399998777,399998866,399998922,399999086,399999130,400000035,399998695,399959693,399898537,27327100,5493985,5494171,9983941,9984011,10705613,10690448,10690468,10705580,10705547,6100286,6100356,6119452,6119404,,,,,,,,,,,,,,,
bb_id,41,1,103,104,105,106,107,108,109,110,111,113,168,169,170,171,172,173,199,200,202,203,204,205,206,207,208,209,210,211,212,214,216,217,218,219,220,222,224,226,227,228,229,230,231,232,233,234,235,238,239,240,241,242,243,244,245,246,247,248,249,250,251,252,253,254,255,256,260,261,262,263,264,292,293,294,295,296,297,298,299,300,301,302,303,304,305,,,,,,,,,,,,,,,
bbv,41,2,1,1,1,8192,8192,8192,8192,1048576,8192,8192,1,1,1,1,1,256,1,1,154,154,153,153,153,19584,19584,19584,19584,156672,19584,19584,19712,19712,19712,157696,19712,19712,154,154,154,614,153,153,19584,19584,19584,156672,19584,19584,461,153,1076,922,922,1228,1076,923,923,1232,923,1076,19554,19554,68838,68838,68837,68837,68837,2202784,68837,19553,1075,1,,,,,,,,,,,,,,,,,,,,,,,,,,,,
csv,41,2,27349984,27350046,113792173,113155032,113155079,113155134,113155157,113160215,113160237,113160280,27327220,27327226,27349818,27349848,27349864,27349790,113792458,113792466,398902712,398902764,398789748,398789804,398902695,398901763,398901878,398902033,398902060,398902611,398902655,398902663,398996189,398996296,398996362,398996774,398996826,398996911,398996949,398997001,398997063,399658610,398688026,398688177,398788972,398789011,398789040,398789546,398789590,398789640,399873962,398789687,399874013,399874099,399874167,399874357,399874425,399874469,399874537,399874632,399874679,399874747,399982789,399982861,399999993,400000065,399996331,399996530,399996675,399999781,399999869,399982694,399873933,27327106,,,,,,,,,,,,,,,,,,,,,,,,,,,,
bb_id,41,2,103,104,105,106,107,108,109,110,111,113,168,169,170,171,172,173,199,200,202,203,204,205,206,207,208,209,210,211,212,214,216,217,218,219,220,222,224,226,227,228,229,230,231,232,233,234,235,238,239,240,241,242,243,244,245,246,247,248,249,250,251,252,253,254,255,256,260,261,262,263,264,292,,,,,,,,,,,,,,,,,,,,,,,,,,,,
bbv,41,3,1,1,1,8192,8192,8192,8192,1048576,8192,8192,1,1,1,1,1,256,1,1,151,151,150,150,150,19200,19200,19200,19200,153600,19200,19200,19328,19328,19328,154624,19328,19328,154,154,154,613,150,150,19200,19200,19200,153600,19200,19200,463,154,1076,922,922,1230,1076,923,923,1234,923,1076,19880,19880,70375,70375,70375,70375,70375,2252029,70376,19880,1076,1,3,3,4,4,4,128,128,128,32768,96,96,96,24576,,,,,,,,,,,,,,,
csv,41,3,27350108,27350240,113792176,107352060,107352107,107352222,107352305,107361021,107361103,107361206,27327366,27327416,27349830,27349854,27349866,27349768,113792666,113792682,399631935,399632006,399506976,399507048,399631848,399631062,399631171,399631222,399631253,399631773,399631795,399631824,399748406,399748495,399748643,399749357,399749421,399749466,399749550,399749657,399749762,399991323,399393875,399393920,399506016,399506052,399506102,399506735,399506860,399506885,399166218,399506951,399991395,399991439,399991507,399166543,399991596,399991705,399991813,399992022,399992090,399992179,399992274,399992346,399996078,399996228,399996387,399996652,399996740,399999911,400000039,399991190,399991254,27327103,10765832,10765842,12042552,12042559,12245099,12239100,12239110,12245096,12245093,10869970,10869988,10873368,10873365,,,,,,,,,,,,,,,
bb_id,41,3,103,104,105,106,107,108,109,110,111,113,168,169,170,171,172,173,199,200,202,203,204,205,206,207,208,209,210,211,212,214,216,217,218,219,220,222,224,226,227,228,229,230,231,232,233,234,235,238,239,240,241,242,243,244,245,246,247,248,249,250,251,252,253,254,255,256,260,261,262,263,264,292,293,294,295,296,297,298,299,300,301,302,303,304,305,,,,,,,,,,,,,,,
bbv,42,0,201,201,201,201,201,25728,25728,25728,25728,205824,25728,25728,25728,25728,25728,205824,25728,25728,201,201,201,804,201,201,25728,25728,25728,205824,25728,25728,604,201,1408,1207,1207,1610,1408,1207,1207,1609,1207,1408,25535,25535,90128,90128,90128,90128,90128,2884103,90129,25535,1408,,,,,,,,,,,,,,,,,,,,,,,,,,,,,,,,,,,,,,,,,,,,,,,
csv,42,0,398870922,398870958,398743383,398743521,398870909,398870048,398870070,398870095,398870158,398870626,398870724,398870728,398973098,398973147,398973215,398973706,398973791,398973857,398973895,398973962,398974027,399692852,398623175,398623382,398742454,398742504,398742636,398743264,398743307,398743332,399904124,398743358,399904154,399904204,399904239,399904350,399904439,399904525,399904576,399904633,399904713,399904794,399955441,399955513,399996946,399996993,399997070,399997255,399997299,399999861,400000025,399955285,399904087,,,,,,,,,,,,,,,,,,,,,,,,,,,,,,,,,,,,,,,,,,,,,,,
bb_id,42,0,202,203,204,205,206,207,208,209,210,211,212,214,216,217,218,219,220,222,224,226,227,228,229,230,231,232,233,234,235,238,239,240,241,242,243,244,245,246,247,248,249,250,251,252,253,254,255,256,260,261,262,263,264,,,,,,,,,,,,,,,,,,,,,,,,,,,,,,,,,,,,,,,,,,,,,,,
bbv,42,1,212,212,212,212,212,27136,27136,27136,27136,217088,27136,27136,27103,27102,27102,216816,27102,27102,211,211,211,846,212,212,27136,27136,27136,217088,27136,27136,634,212,1479,1268,1268,1692,1479,1267,1267,1688,1267,1479,26802,26802,94692,94692,94692,94692,94692,3030161,94693,26803,1480,,,,,,,,,,,,,,,,,,,,,,,,,,,,,,,,,,,,,,,,,,,,,,,
csv,42,1,399914341,399914403,399796254,399796326,399914307,399913256,399913291,399913401,399913528,399914194,399914237,399914262,400000027,399999239,399999286,399999771,399999840,399999920,398208634,398208659,398208703,399684570,399684615,399684660,399795025,399795190,399795263,399796055,399796119,399796165,399520612,399796187,399520705,399520770,399520776,399520822,399520894,399306084,399306189,399092665,399306236,399521053,399521181,399521286,399681815,399682026,399682105,399682206,399682208,399684387,399684391,399684479,399684501,,,,,,,,,,,,,,,,,,,,,,,,,,,,,,,,,,,,,,,,,,,,,,,
bb_id,42,1,202,203,204,205,206,207,208,209,210,211,212,214,216,217,218,219,220,222,224,226,227,228,229,230,231,232,233,234,235,238,239,240,241,242,243,244,245,246,247,248,249,250,251,252,253,254,255,256,260,261,262,263,264,,,,,,,,,,,,,,,,,,,,,,,,,,,,,,,,,,,,,,,,,,,,,,,
bbv,42,2,213,213,213,213,213,27264,27264,27264,27264,218112,27264,27264,27264,27264,27264,218112,27264,27264,213,213,213,852,213,213,27264,27264,27264,218112,27264,27264,638,213,1490,1277,1277,1702,1490,1277,1277,1703,1277,1490,27047,27047,95374,95374,95375,95375,95374,3051968,95374,27047,1490,,,,,,,,,,,,,,,,,,,,,,,,,,,,,,,,,,,,,,,,,,,,,,,
csv,42,2,399054942,399055025,398932219,398932249,399054885,399053936,399053963,399054018,399054069,399054739,399054775,399054781,399172995,399173044,399173070,399173665,399173713,399173833,399173972,399174102,399174125,399819441,398817364,398817430,398931462,398931508,398931517,398931998,398932083,398932150,399618851,398932172,399819513,399819599,399819651,399819735,399819775,399819882,399819950,399820045,399820092,399820223,399989372,399989423,399999708,399999818,399999896,400000021,399996650,399999559,399999626,399989256,399819372,,,,,,,,,,,,,,,,,,,,,,,,,,,,,,,,,,,,,,,,,,,,,,,
bb_id,42,2,202,203,204,205,206,207,208,209,210,211,212,214,216,217,218,219,220,222,224,226,227,228,229,230,231,232,233,234,235,238,239,240,241,242,243,244,245,246,247,248,249,250,251,252,253,254,255,256,260,261,262,263,264,,,,,,,,,,,,,,,,,,,,,,,,,,,,,,,,,,,,,,,,,,,,,,,
bbv,42,3,210,210,210,210,210,26880,26880,26880,26880,215040,26880,26880,26880,26880,26880,215040,26880,26880,210,210,210,840,210,210,26880,26880,26880,215040,26880,26880,630,210,1470,1260,1260,1680,1470,1260,1260,1680,1260,1470,26680,26680,94099,94099,94099,94099,94099,3011149,94098,26680,1470,,,,,,,,,,,,,,,,,,,,,,,,,,,,,,,,,,,,,,,,,,,,,,,
csv,42,3,399512791,399512874,399390582,399390738,399512715,399511430,399511440,399511535,399511605,399512499,399512643,399512668,399683871,399683899,399683946,399684636,399684710,399684767,399684858,399684920,399685001,399924415,399276239,399276305,399389654,399389679,399389733,399390427,399390475,399390500,399057842,399390557,399924478,399924543,399924611,399058184,399924658,399924723,399924812,399924981,399925032,399925130,399998282,399998338,399998441,399998474,399998556,399998741,399998827,400000048,399998140,399998207,399924384,,,,,,,,,,,,,,,,,,,,,,,,,,,,,,,,,,,,,,,,,,,,,,,
bb_id,42,3,202,203,204,205,206,207,208,209,210,211,212,214,216,217,218,219,220,222,224,226,227,228,229,230,231,232,233,234,235,238,239,240,241,242,243,244,245,246,247,248,249,250,251,252,253,254,255,256,260,261,262,263,264,,,,,,,,,,,,,,,,,,,,,,,,,,,,,,,,,,,,,,,,,,,,,,,
bbv,43,0,1,1,7,1,1,1,1,168,168,169,169,169,21632,21632,21632,21632,173056,21632,21632,21504,21504,21504,172032,21504,21504,193,193,193,773,169,169,21632,21632,21632,173056,21632,21632,604,193,1377,1184,1184,1596,1377,1184,1184,1594,1184,1377,27714,27714,100778,100778,100778,100778,100778,3224887,100777,27714,1377,1,1,25,25,24,24,24,6144,6144,6144,6144,49152,6144,6144,6400,6400,6400,51200,6400,6400,,,,,,,,,,,,,,,,,,,,
csv,43,0,294243914,294243916,294243958,294243964,294243886,294243887,294243830,293765104,293765124,294218578,294218608,294243827,294243631,294243637,294243646,294243651,294243819,294243820,294243824,293788748,293788755,293788760,293788928,293788929,293788932,397065969,397065994,397066038,399493167,294199093,294199117,294218428,294218432,294218440,294218568,294218569,294218573,399970339,396596226,399970432,399970476,399970548,399970673,399970746,399970846,399970973,399493858,399970999,399971090,399971143,399971215,399997351,399997454,399997573,399997800,399997844,400000037,399997217,399970267,399970310,294244029,294244037,396823503,396823607,396596233,396596301,396823469,396822667,396822694,396822766,396822813,396823321,396823373,396823424,397065138,397065166,397065234,397065780,397065844,397065910,,,,,,,,,,,,,,,,,,,,
bb_id,43,0,183,184,185,186,196,198,201,202,203,204,205,206,207,208,209,210,211,212,214,216,217,218,219,220,222,224,226,227,228,229,230,231,232,233,234,235,238,239,240,241,242,243,244,245,246,247,248,249,250,251,252,253,254,255,256,260,261,262,263,264,265,266,268,269,270,271,272,273,274,275,276,277,278,280,282,283,284,285,286,288,,,,,,,,,,,,,,,,,,,,
bbv,43,1,1,148,148,149,149,149,19072,19072,19072,19072,152576,19072,19072,18977,18978,18978,151824,18978,18978,175,175,175,700,149,149,19072,19072,19072,152576,19072,19072,551,175,1251,1076,1076,1452,1251,1076,1076,1452,1076,1251,25553,25553,93376,93376,93376,93376,93376,2988032,93376,25553,1251,1,1,26,26,26,26,25,6405,6405,6405,6404,51232,6404,6404,6656,6656,6656,53248,6656,6656,,,,,,,,,,,,,,,,,,,,,,,,,,
csv,43,1,294243833,280140998,280141021,282211776,282211869,282313970,282313396,282313423,282313432,282313458,282313752,282313879,282313904,280259890,280259958,280259989,280260713,280260777,280260843,396394034,396394071,396394094,399541676,282106858,282106924,282210613,282210640,282210649,282211391,282211507,282211638,399996036,399996100,399541769,399541834,399541923,399542092,399542181,399101624,399101753,398642392,399101779,399542270,399542323,399542378,399992837,399992884,399992961,399993146,399993190,399995769,399995916,399995962,399995965,294244245,294244332,396181677,396181699,399996125,399996218,396181617,399999926,399999995,400000046,399999245,399999791,399999855,399999901,396393224,396393273,396393339,396393923,396393967,396393996,,,,,,,,,,,,,,,,,,,,,,,,,,
bb_id,43,1,201,202,203,204,205,206,207,208,209,210,211,212,214,216,217,218,219,220,222,224,226,227,228,229,230,231,232,233,234,235,238,239,240,241,242,243,244,245,246,247,248,249,250,251,252,253,254,255,256,260,261,262,263,264,265,266,268,269,270,271,272,273,274,275,276,277,278,280,282,283,284,285,286,288,,,,,,,,,,,,,,,,,,,,,,,,,,
bbv,43,2,1,145,145,146,146,146,18688,18688,18688,18688,149504,18688,18688,18560,18560,18560,148480,18560,18560,171,171,171,686,146,146,18688,18688,18688,149504,18688,18688,540,171,1226,1055,1055,1426,1226,1054,1054,1421,1054,1226,25053,25053,91721,91721,91721,91721,91722,2935089,91721,25053,1226,1,1,26,26,25,25,25,6400,6400,6400,6400,51200,6400,6400,6656,6656,6656,53248,6656,6656,,,,,,,,,,,,,,,,,,,,,,,,,,
csv,43,2,294243839,272935851,272935934,274713739,274713886,274843499,274842442,274842469,274842541,274842609,274843321,274843368,274843435,273054738,273054827,273054867,273055619,273055742,273055766,396596271,396596351,396596646,399784691,274595117,274595204,274712776,274712911,274712965,274713550,274713560,274713678,399332647,396129722,399784763,399784898,399784980,399785238,399785341,399332906,399332932,398879184,399333019,399785510,399785563,399785616,399998078,399998171,399998286,399998413,399998487,400000016,399998017,399784621,399784664,294244102,294244110,396361373,396361435,396129780,396129886,396361339,396360539,396360608,396360638,396360685,396361130,396361255,396361268,396595451,396595500,396595569,396596172,396596181,396596229,,,,,,,,,,,,,,,,,,,,,,,,,,
bb_id,43,2,201,202,203,204,205,206,207,208,209,210,211,212,214,216,217,218,219,220,222,224,226,227,228,229,230,231,232,233,234,235,238,239,240,241,242,243,244,245,246,247,248,249,250,251,252,253,254,255,256,260,261,262,263,264,265,266,268,269,270,271,272,273,274,275,276,277,278,280,282,283,284,285,286,288,,,,,,,,,,,,,,,,,,,,,,,,,,
bbv,43,3,1,151,151,152,152,152,19456,19456,19456,19456,155648,19456,19456,19328,19328,19328,154624,19328,19328,177,177,177,710,152,152,19456,19456,19456,155648,19456,19456,559,177,1269,1092,1092,1474,1269,1092,1092,1472,1092,1269,25858,25858,94444,94444,94444,94444,94444,3022208,94444,25858,1269,1,1,26,26,25,25,25,6400,6400,6400,6400,51200,6400,6400,6656,6656,6656,53248,6656,6656,,,,,,,,,,,,,,,,,,,,,,,,,,
csv,43,3,294243836,283796388,283796544,284520365,284520416,284567884,284567396,284567402,284567411,284567416,284567813,284567814,284567818,283842376,283842404,283842409,283842766,283842767,283842770,396957109,396957190,396957356,399284658,284478100,284478124,284520068,284520072,284520080,284520334,284520335,284520360,399769241,396511749,399769292,399769357,399769446,399769594,399769662,399769731,399769844,399285452,399769870,399769973,399998242,399998464,399998590,399998679,399998798,399998983,399999028,400000067,399998196,399998204,399769212,294244310,294244340,396742348,396742394,396511774,396511888,396742314,396741383,396741410,396741476,396741494,396742138,396742202,396742269,396956313,396956341,396956388,396956861,396956897,396957024,,,,,,,,,,,,,,,,,,,,,,,,,,
bb_id,43,3,201,202,203,204,205,206,207,208,209,210,211,212,214,216,217,218,219,220,222,224,226,227,228,229,230,231,232,233,234,235,238,239,240,241,242,243,244,245,246,247,248,249,250,251,252,253,254,255,256,260,261,262,263,264,265,266,268,269,270,271,272,273,274,275,276,277,278,280,282,283,284,285,286,288,,,,,,,,,,,,,,,,,,,,,,,,,,
bbv,44,0,93,93,93,373,373,94,745,652,652,932,745,651,651,930,651,745,23717,23717,95480,95480,95480,95480,95480,3055369,95481,23718,746,93,93,94,94,93,23949,23949,23949,23949,191592,23948,23948,23808,23808,23808,190464,23808,23808,,,,,,,,,,,,,,,,,,,,,,,,,,,,,,,,,,,,,,,,,,,,,,,,,,,,,,,
csv,44,0,396054387,396054475,396054561,399434846,399871879,399871906,399434933,399435003,399435050,399435198,399435287,398952416,398952467,398470569,398952575,399435338,399435537,399435733,399868082,399868196,399868326,399868457,399868630,399871631,399871698,399871786,399871850,395827345,395827468,399871940,399872030,395827311,399999395,399999422,399999473,399999482,400000038,399999240,399999328,396053269,396053350,396053446,396054114,396054157,396054181,,,,,,,,,,,,,,,,,,,,,,,,,,,,,,,,,,,,,,,,,,,,,,,,,,,,,,,
bb_id,44,0,224,226,227,228,239,240,241,242,243,244,245,246,247,248,249,250,251,252,253,254,255,256,260,261,262,263,264,268,269,270,271,272,273,274,275,276,277,278,280,282,283,284,285,286,288,,,,,,,,,,,,,,,,,,,,,,,,,,,,,,,,,,,,,,,,,,,,,,,,,,,,,,,
bbv,44,1,99,99,99,392,392,98,785,686,686,980,785,687,687,982,687,785,25046,25046,100408,100408,100408,100408,100408,3213033,100407,25045,784,99,99,98,98,99,25339,25339,25339,25340,202720,25340,25340,25344,25344,25344,202752,25344,25344,,,,,,,,,,,,,,,,,,,,,,,,,,,,,,,,,,,,,,,,,,,,,,,,,,,,,,,
csv,44,1,399804851,399804897,399804983,398886921,399347307,399347329,399805039,398887037,398887105,398887253,399805048,399805107,399805201,399805370,399805438,399805527,399998609,399998661,399998767,399998858,399998942,399999132,399999197,400000061,399998454,399998509,399347243,399596778,399596861,399347455,399347506,399596744,399595899,399595926,399595977,399596003,399596629,399596674,399596699,399804328,399804377,399804386,399804725,399804747,399804813,,,,,,,,,,,,,,,,,,,,,,,,,,,,,,,,,,,,,,,,,,,,,,,,,,,,,,,
bb_id,44,1,224,226,227,228,239,240,241,242,243,244,245,246,247,248,249,250,251,252,253,254,255,256,260,261,262,263,264,268,269,270,271,272,273,274,275,276,277,278,280,282,283,284,285,286,288,,,,,,,,,,,,,,,,,,,,,,,,,,,,,,,,,,,,,,,,,,,,,,,,,,,,,,,
bbv,44,2,99,99,99,394,394,99,788,689,689,982,788,690,690,988,690,788,25219,25219,100840,100840,100840,100840,100840,3226863,100840,25219,788,99,99,99,99,99,25344,25344,25344,25344,202752,25344,25344,25344,25344,25344,202752,25344,25344,,,,,,,,,,,,,,,,,,,,,,,,,,,,,,,,,,,,,,,,,,,,,,,,,,,,,,,
csv,44,2,398545026,398545032,398545137,399884401,399465982,398045389,399884473,399884559,399884627,399884722,399884791,399884859,399884916,399885029,399885102,399885212,399986920,399986971,399999568,399999666,399999769,399999954,400000040,399999416,399999477,399986804,399884390,398303446,398303487,398045414,398045528,398303370,398301981,398302071,398302122,398302190,398302932,398302954,398303281,398544155,398544225,398544251,398544797,398544823,398544927,,,,,,,,,,,,,,,,,,,,,,,,,,,,,,,,,,,,,,,,,,,,,,,,,,,,,,,
bb_id,44,2,224,226,227,228,239,240,241,242,243,244,245,246,247,248,249,250,251,252,253,254,255,256,260,261,262,263,264,268,269,270,271,272,273,274,275,276,277,278,280,282,283,284,285,286,288,,,,,,,,,,,,,,,,,,,,,,,,,,,,,,,,,,,,,,,,,,,,,,,,,,,,,,,
bbv,44,3,97,97,97,389,389,98,777,680,680,972,777,679,679,970,679,777,24736,24736,99519,99519,99519,99519,99519,3184627,99520,24737,778,98,98,98,98,98,25088,25088,25088,25088,200704,25088,25088,25009,25009,25009,200066,25008,25008,,,,,,,,,,,,,,,,,,,,,,,,,,,,,,,,,,,,,,,,,,,,,,,,,,,,,,,
csv,44,3,395976638,395976747,395976770,399166530,399621596,399621602,399166539,399166670,399166752,399166982,399167029,398713762,398713889,398288381,398713950,399167097,399167150,399167285,399618177,399618228,399618284,399618577,399618677,399621461,399621507,399621513,399621563,399849090,399849194,399621735,399621821,399849056,399848022,399848091,399848121,399848151,399848838,399848923,399849011,399999591,399999619,399999713,400000017,399999483,399999507,,,,,,,,,,,,,,,,,,,,,,,,,,,,,,,,,,,,,,,,,,,,,,,,,,,,,,,
bb_id,44,3,224,226,227,228,239,240,241,242,243,244,245,246,247,248,249,250,251,252,253,254,255,256,260,261,262,263,264,268,269,270,271,272,273,274,275,276,277,278,280,282,283,284,285,286,288,,,,,,,,,,,,,,,,,,,,,,,,,,,,,,,,,,,,,,,,,,,,,,,,,,,,,,,
bbv,45,0,94,94,94,375,374,93,750,656,656,936,750,657,657,940,657,750,23964,23964,95884,95884,95884,95884,95884,3068288,95883,23963,749,94,94,93,93,94,23923,23923,23923,23923,191384,23924,23924,24064,24064,24064,192512,24064,24064,,,,,,,,,,,,,,,,,,,,,,,,,,,,,,,,,,,,,,,,,,,,,,,,,,,,,,,
csv,45,0,397554444,397554511,397554555,399953585,399469520,397028606,399953678,399953743,399953811,399953938,399954027,399954071,399954181,399954255,399954344,399954454,399954549,399954625,399997278,399997327,399997383,399997547,399997591,400000044,399997074,399953473,399953537,397286573,397286614,397028654,397028726,397286535,397285612,397285681,397285774,397285863,397286401,397286423,397286495,397553318,397553371,397553401,397554234,397554298,397554364,,,,,,,,,,,,,,,,,,,,,,,,,,,,,,,,,,,,,,,,,,,,,,,,,,,,,,,
bb_id,45,0,224,226,227,228,239,240,241,242,243,244,245,246,247,248,249,250,251,252,253,254,255,256,260,261,262,263,264,268,269,270,271,272,273,274,275,276,277,278,280,282,283,284,285,286,288,,,,,,,,,,,,,,,,,,,,,,,,,,,,,,,,,,,,,,,,,,,,,,,,,,,,,,,
bbv,45,1,97,97,97,392,391,97,783,686,686,980,783,685,685,978,685,783,24934,24934,100186,100186,100186,100186,100186,3205954,100186,24934,783,97,97,97,97,97,24832,24832,24832,24832,198656,24832,24832,24832,24832,24832,198656,24832,24832,,,,,,,,,,,,,,,,,,,,,,,,,,,,,,,,,,,,,,,,,,,,,,,,,,,,,,,
csv,45,1,396754194,396754219,396754284,399941862,399490984,396303709,399942030,399942217,399942266,399942435,399942482,399491449,399491517,399032460,399491606,399942613,399942666,399942738,399998872,399998919,399998996,399999202,399999246,400000023,399998769,399941625,399941769,396536175,396536317,396303776,396303890,396536085,396535225,396535273,396535286,396535352,396535864,396535968,396536061,396753375,396753439,396753569,396754068,396754090,396754156,,,,,,,,,,,,,,,,,,,,,,,,,,,,,,,,,,,,,,,,,,,,,,,,,,,,,,,
bb_id,45,1,224,226,227,228,239,240,241,242,243,244,245,246,247,248,249,250,251,252,253,254,255,256,260,261,262,263,264,268,269,270,271,272,273,274,275,276,277,278,280,282,283,284,285,286,288,,,,,,,,,,,,,,,,,,,,,,,,,,,,,,,,,,,,,,,,,,,,,,,,,,,,,,,
bbv,45,2,98,98,98,394,394,98,788,690,690,988,788,689,689,982,689,788,25016,25016,100835,100835,100835,100835,100835,3226736,100835,25016,788,98,98,98,98,98,25088,25088,25088,25088,200704,25088,25088,25088,25088,25088,200704,25088,25088,,,,,,,,,,,,,,,,,,,,,,,,,,,,,,,,,,,,,,,,,,,,,,,,,,,,,,,
csv,45,2,396822054,396822121,396822165,399974707,399531286,396363138,399974758,399974844,399974933,399975018,399975109,399531753,399531842,399085705,399531889,399975177,399975256,399975342,399997887,399997997,399998095,399998280,399998345,400000065,399997784,399974637,399974680,396597360,396597443,396363199,396363276,396597284,396596161,396596197,396596273,396596352,396597138,396597167,396597218,396820617,396820687,396820742,396821865,396821929,396822016,,,,,,,,,,,,,,,,,,,,,,,,,,,,,,,,,,,,,,,,,,,,,,,,,,,,,,,
bb_id,45,2,224,226,227,228,239,240,241,242,243,244,245,246,247,248,249,250,251,252,253,254,255,256,260,261,262,263,264,268,269,270,271,272,273,274,275,276,277,278,280,282,283,284,285,286,288,,,,,,,,,,,,,,,,,,,,,,,,,,,,,,,,,,,,,,,,,,,,,,,,,,,,,,,
bbv,45,3,98,98,98,389,389,97,779,681,681,971,779,682,682,976,682,779,24953,24953,99688,99688,99688,99688,99688,3190009,99687,24952,778,97,97,97,97,97,24832,24832,24832,24832,198656,24832,24832,24911,24911,24911,199294,24912,24912,,,,,,,,,,,,,,,,,,,,,,,,,,,,,,,,,,,,,,,,,,,,,,,,,,,,,,,
csv,45,3,398644204,398644250,398644273,399133412,399606339,398161645,399606369,399606415,399606462,399606557,399606625,399606690,399606758,399606948,399606995,399607126,399984432,399984509,399996862,399996930,399997049,399997196,399997301,400000002,399996717,399984293,399606209,398414521,398414604,398161712,398161805,398414424,398413535,398413604,398413676,398413723,398414269,398414333,398414358,398643016,398643170,398643196,398643889,398643995,398644082,,,,,,,,,,,,,,,,,,,,,,,,,,,,,,,,,,,,,,,,,,,,,,,,,,,,,,,
bb_id,45,3,224,226,227,228,239,240,241,242,243,244,245,246,247,248,249,250,251,252,253,254,255,256,260,261,262,263,264,268,269,270,271,272,273,274,275,276,277,278,280,282,283,284,285,286,288,,,,,,,,,,,,,,,,,,,,,,,,,,,,,,,,,,,,,,,,,,,,,,,,,,,,,,,
bbv,46,0,1,1,7,1,1,1,97,97,97,389,390,98,778,681,681,974,778,680,680,970,680,778,24741,24741,99700,99700,99700,99700,99700,3190400,99701,24742,779,1,44,44,45,45,45,11520,11520,11520,11520,92160,11520,11520,11264,11264,11264,90112,11264,11264,1,1,54,54,53,53,53,1696,1696,1696,434176,1718,1718,1717,439692,,,,,,,,,,,,,,,,,,,,,,,,,,,,,,,,,
csv,46,0,152185656,152185658,152185700,152185706,152185626,152185627,395555530,395555555,395555620,398293496,398762190,398762315,398293547,398293612,398293680,398293828,398293896,397826163,397826220,397429150,397826287,398293947,398294025,398294108,398758509,398758539,398758717,398758873,398758926,398761904,398761929,398762036,398762105,152185570,151152434,151152454,152135102,152135132,152185567,152185371,152185377,152185386,152185391,152185559,152185560,152185564,151199886,151199893,151199898,151200066,151200067,151200070,152185836,152185848,399503396,399503509,398762340,398762393,399503380,399479566,399479637,399503335,399503311,399986876,399986977,399986817,400000053,,,,,,,,,,,,,,,,,,,,,,,,,,,,,,,,,
bb_id,46,0,175,176,177,178,188,190,224,226,227,228,239,240,241,242,243,244,245,246,247,248,249,250,251,252,253,254,255,256,260,261,262,263,264,267,268,269,270,271,272,273,274,275,276,277,278,280,282,283,284,285,286,288,290,291,293,294,295,296,297,298,299,300,301,302,303,304,305,,,,,,,,,,,,,,,,,,,,,,,,,,,,,,,,,
bbv,46,1,91,91,91,364,364,91,728,637,637,910,728,637,637,910,637,728,23205,23205,93171,93171,93170,93170,93170,2981461,93171,23205,728,1,34,34,35,35,35,8960,8960,8960,8960,71680,8960,8960,8704,8704,8704,69632,8704,8704,1,1,57,57,56,56,56,1792,1792,1792,458752,1824,1824,1824,466944,,,,,,,,,,,,,,,,,,,,,,,,,,,,,,,,,,,,,,,
csv,46,1,397038400,397038445,397038488,399986579,399608279,396018874,399986661,399986694,399986772,399986948,399987008,399608688,399608724,399209780,399608750,399987121,399987174,399987294,399999944,400000043,399997039,399997175,399997213,399999754,399999831,399986499,399986552,152185576,135528114,135528199,140028859,140028994,140313887,140312769,140312880,140312994,140313020,140313625,140313754,140313863,135805665,135805735,135805782,135806517,135806629,135806697,152185937,152186040,396622331,396622393,396018899,396018969,396622267,396604095,396604167,396622231,396622096,397026960,397026978,397038342,397038329,,,,,,,,,,,,,,,,,,,,,,,,,,,,,,,,,,,,,,,
bb_id,46,1,224,226,227,228,239,240,241,242,243,244,245,246,247,248,249,250,251,252,253,254,255,256,260,261,262,263,264,267,268,269,270,271,272,273,274,275,276,277,278,280,282,283,284,285,286,288,290,291,293,294,295,296,297,298,299,300,301,302,303,304,305,,,,,,,,,,,,,,,,,,,,,,,,,,,,,,,,,,,,,,,
bbv,46,2,92,92,92,367,367,92,734,642,642,916,734,643,643,920,643,734,23454,23454,93955,93955,93955,93955,93955,3006557,93955,23454,734,1,33,33,34,34,34,8704,8704,8704,8704,69632,8704,8704,8448,8448,8448,67584,8448,8448,1,1,59,59,58,58,58,1856,1856,1856,475136,1888,1888,1888,483328,,,,,,,,,,,,,,,,,,,,,,,,,,,,,,,,,,,,,,,
csv,46,2,397853883,397853929,397853952,399968195,399562524,396766412,399968246,399968283,399968401,399968546,399968706,399968739,399968827,399968880,399968895,399969015,399969110,399969192,399998620,399998698,399998785,399998948,399999002,400000074,399998496,399968063,399968116,152185573,130506636,130506779,134338750,134338801,134568920,134567990,134568022,134568061,134568101,134568786,134568829,134568854,130743686,130743693,130743822,130744532,130744617,130744704,152185771,152185842,397245909,397245940,396766446,396766604,397245834,397227905,397227919,397245747,397245681,397835751,397835803,397853845,397853777,,,,,,,,,,,,,,,,,,,,,,,,,,,,,,,,,,,,,,,
bb_id,46,2,224,226,227,228,239,240,241,242,243,244,245,246,247,248,249,250,251,252,253,254,255,256,260,261,262,263,264,267,268,269,270,271,272,273,274,275,276,277,278,280,282,283,284,285,286,288,290,291,293,294,295,296,297,298,299,300,301,302,303,304,305,,,,,,,,,,,,,,,,,,,,,,,,,,,,,,,,,,,,,,,
bbv,46,3,92,92,92,371,370,92,741,649,649,929,741,648,648,924,648,741,23497,23497,94745,94745,94745,94745,94745,3031840,94745,23497,741,1,35,35,36,36,36,9216,9216,9216,9216,73728,9216,9216,8960,8960,8960,71680,8960,8960,1,1,57,57,56,56,56,1792,1792,1792,458752,1824,1824,1824,466944,,,,,,,,,,,,,,,,,,,,,,,,,,,,,,,,,,,,,,,
csv,46,3,397089411,397089477,397089531,399997219,399609892,396069713,399997280,399997355,399997433,399997622,399997700,399610365,399610391,399218329,399610469,399997768,399997831,399997934,399998047,399998167,399998275,399998428,399998482,400000017,399997074,399997179,399997211,152185579,141634710,141634730,143119584,143119614,143215895,143215493,143215499,143215508,143215574,143215845,143215846,143215850,141728386,141728479,141728484,141728816,141728817,141728820,152186002,152186046,396670354,396670406,396069793,396069924,396670280,396650276,396650378,396670235,396670170,397074182,397074256,397089373,397089349,,,,,,,,,,,,,,,,,,,,,,,,,,,,,,,,,,,,,,,
bb_id,46,3,224,226,227,228,239,240,241,242,243,244,245,246,247,248,249,250,251,252,253,254,255,256,260,261,262,263,264,267,268,269,270,271,272,273,274,275,276,277,278,280,282,283,284,285,286,288,290,291,293,294,295,296,297,298,299,300,301,302,303,304,305,,,,,,,,,,,,,,,,,,,,,,,,,,,,,,,,,,,,,,,
bbv,47,0,86,86,86,341,340,85,682,596,596,850,682,597,597,854,597,682,21854,21854,87269,87269,87269,87269,87269,2792579,87268,21853,681,85,85,85,85,85,2720,2720,2720,696320,2730,2730,2731,698996,,,,,,,,,,,,,,,,,,,,,,,,,,,,,,,,,,,,,,,,,,,,,,,,,,,,,,,,,,,,
csv,47,0,399248643,399248657,399248703,399667802,397836300,397836322,399667873,399667937,399667994,397365503,399668051,399668115,399668216,399668462,399668521,399668578,399999296,399999378,399999502,399999538,399999615,399999778,399999832,400000074,399999135,399999212,399667786,398587599,398587672,397836372,397836461,398587566,398563671,398563729,398587500,398587434,399228843,399228893,399248573,399248514,,,,,,,,,,,,,,,,,,,,,,,,,,,,,,,,,,,,,,,,,,,,,,,,,,,,,,,,,,,,
bb_id,47,0,224,226,227,228,239,240,241,242,243,244,245,246,247,248,249,250,251,252,253,254,255,256,260,261,262,263,264,293,294,295,296,297,298,299,300,301,302,303,304,305,,,,,,,,,,,,,,,,,,,,,,,,,,,,,,,,,,,,,,,,,,,,,,,,,,,,,,,,,,,,
bbv,47,1,94,94,94,376,376,94,752,658,658,940,752,658,658,940,658,752,23970,23970,96301,96301,96302,96302,96302,3081650,96301,23970,752,94,94,94,94,94,3008,3008,3008,770048,3008,3008,3008,770048,,,,,,,,,,,,,,,,,,,,,,,,,,,,,,,,,,,,,,,,,,,,,,,,,,,,,,,,,,,,
csv,47,1,397188673,397188687,397188794,399851422,399457835,396156260,399851483,399851557,399851655,399851781,399851869,399458213,399458270,399166113,399458289,399851947,399852000,399852071,399997975,399998022,399998078,399998283,399998369,400000043,399997862,399851301,399851323,396658680,396658700,396156367,396156442,396658616,396642999,396643092,396658571,396658558,397174605,397174623,397188614,397188549,,,,,,,,,,,,,,,,,,,,,,,,,,,,,,,,,,,,,,,,,,,,,,,,,,,,,,,,,,,,
bb_id,47,1,224,226,227,228,239,240,241,242,243,244,245,246,247,248,249,250,251,252,253,254,255,256,260,261,262,263,264,293,294,295,296,297,298,299,300,301,302,303,304,305,,,,,,,,,,,,,,,,,,,,,,,,,,,,,,,,,,,,,,,,,,,,,,,,,,,,,,,,,,,,
bbv,47,2,90,90,90,361,362,91,722,632,632,904,722,631,631,900,631,722,22956,22956,92533,92533,92533,92533,92533,2961075,92534,22957,723,91,91,91,91,91,2912,2912,2912,745472,2910,2910,2909,744830,,,,,,,,,,,,,,,,,,,,,,,,,,,,,,,,,,,,,,,,,,,,,,,,,,,,,,,,,,,,
csv,47,2,395601483,395601529,395601598,398379014,398762560,398762613,398379033,398379087,398379134,398379260,398379317,397992152,397992209,397568523,397992287,398379374,398379458,398379519,398758941,398759099,398759167,398759644,398759708,398762418,398762485,398762499,398762542,399431745,399431816,398762690,398762739,399431691,399409116,399409189,399431679,399431634,399988866,399988920,399988780,400000053,,,,,,,,,,,,,,,,,,,,,,,,,,,,,,,,,,,,,,,,,,,,,,,,,,,,,,,,,,,,
bb_id,47,2,224,226,227,228,239,240,241,242,243,244,245,246,247,248,249,250,251,252,253,254,255,256,260,261,262,263,264,293,294,295,296,297,298,299,300,301,302,303,304,305,,,,,,,,,,,,,,,,,,,,,,,,,,,,,,,,,,,,,,,,,,,,,,,,,,,,,,,,,,,,
bbv,47,3,94,94,94,375,376,94,751,657,657,938,751,658,658,940,658,751,23969,23969,96226,96225,96225,96225,96225,3079207,96226,23969,751,94,94,94,94,94,3008,3008,3008,770048,3008,3008,3008,770048,,,,,,,,,,,,,,,,,,,,,,,,,,,,,,,,,,,,,,,,,,,,,,,,,,,,,,,,,,,,
csv,47,3,397263136,397263149,397263151,399296874,399694938,396283073,399694982,399695099,399695148,399695344,399695427,399695495,399695611,399297332,399695637,399695717,399896002,399896063,400000022,399997418,399997505,399997679,399997733,399999853,399999909,399895949,399694895,396765767,396765839,396283129,396283188,396765713,396750909,396750976,396765700,396765645,397243243,397243272,397263020,397263013,,,,,,,,,,,,,,,,,,,,,,,,,,,,,,,,,,,,,,,,,,,,,,,,,,,,,,,,,,,,
bb_id,47,3,224,226,227,228,239,240,241,242,243,244,245,246,247,248,249,250,251,252,253,254,255,256,260,261,262,263,264,293,294,295,296,297,298,299,300,301,302,303,304,305,,,,,,,,,,,,,,,,,,,,,,,,,,,,,,,,,,,,,,,,,,,,,,,,,,,,,,,,,,,,
bbv,48,0,86,86,86,346,347,86,693,607,607,868,693,607,607,866,607,693,22005,22005,88724,88724,88724,88724,88724,2839171,88724,22005,693,86,86,86,86,86,2752,2752,2752,704512,2752,2752,2752,704512,,,,,,,,,,,,,,,,,,,,,,,,,,,,,,,,,,,,,,,,,,,,,,,,,,,,,,,,,,,,
csv,48,0,397031116,397031140,397031163,399075211,399549181,395844416,399549253,399549318,399549407,399549597,399549644,399549709,399549798,399075890,399549866,399549934,399786822,399786894,399998996,399999085,399999183,399999368,399999477,400000021,399998872,399786727,399549089,396482056,396482118,395844483,395844511,396482023,396462833,396462916,396481989,396481913,397015729,397015767,397031078,397031034,,,,,,,,,,,,,,,,,,,,,,,,,,,,,,,,,,,,,,,,,,,,,,,,,,,,,,,,,,,,
bb_id,48,0,224,226,227,228,239,240,241,242,243,244,245,246,247,248,249,250,251,252,253,254,255,256,260,261,262,263,264,293,294,295,296,297,298,299,300,301,302,303,304,305,,,,,,,,,,,,,,,,,,,,,,,,,,,,,,,,,,,,,,,,,,,,,,,,,,,,,,,,,,,,
bbv,48,1,91,91,91,362,363,91,725,634,634,904,725,635,635,909,635,725,23196,23196,92843,92843,92842,92842,92842,2970958,92843,23196,725,91,91,91,91,91,2912,2912,2912,745472,2912,2912,2912,745472,,,,,,,,,,,,,,,,,,,,,,,,,,,,,,,,,,,,,,,,,,,,,,,,,,,,,,,,,,,,
csv,48,1,397849488,397849565,397849619,399207828,399670527,396729669,399670620,399670685,399670753,399670943,399671053,399671139,399671228,399671302,399671374,399671571,399958568,399958640,399999979,400000068,399996064,399996268,399996338,399999807,399999855,399958492,399670435,397296666,397296697,396729735,396729752,397296623,397277956,397277997,397296577,397296426,397829699,397829811,397849358,397849263,,,,,,,,,,,,,,,,,,,,,,,,,,,,,,,,,,,,,,,,,,,,,,,,,,,,,,,,,,,,
bb_id,48,1,224,226,227,228,239,240,241,242,243,244,245,246,247,248,249,250,251,252,253,254,255,256,260,261,262,263,264,293,294,295,296,297,298,299,300,301,302,303,304,305,,,,,,,,,,,,,,,,,,,,,,,,,,,,,,,,,,,,,,,,,,,,,,,,,,,,,,,,,,,,
bbv,48,2,96,96,96,382,381,95,764,668,668,952,764,669,669,958,669,764,24458,24458,97732,97732,97732,97732,97732,3127424,97731,24457,763,95,95,95,95,95,3040,3040,3040,778240,3042,3042,3043,778882,,,,,,,,,,,,,,,,,,,,,,,,,,,,,,,,,,,,,,,,,,,,,,,,,,,,,,,,,,,,
csv,48,2,398362308,398362354,398362358,399760356,399303221,397275345,399760407,399760430,399760498,399760572,399760640,399760705,399760731,399760816,399760884,399761038,399986877,399986949,399996814,399996903,399997022,399997228,399997293,400000042,399996669,399986782,399760329,397768335,397768397,397275380,397275408,397768292,397753268,397753370,397768268,397768234,398343037,398343127,398362190,398362145,,,,,,,,,,,,,,,,,,,,,,,,,,,,,,,,,,,,,,,,,,,,,,,,,,,,,,,,,,,,
bb_id,48,2,224,226,227,228,239,240,241,242,243,244,245,246,247,248,249,250,251,252,253,254,255,256,260,261,262,263,264,293,294,295,296,297,298,299,300,301,302,303,304,305,,,,,,,,,,,,,,,,,,,,,,,,,,,,,,,,,,,,,,,,,,,,,,,,,,,,,,,,,,,,
bbv,48,3,91,91,91,365,364,91,729,638,638,912,729,637,637,910,637,729,23206,23206,93222,93223,93223,93223,93223,2983106,93222,23206,729,91,91,91,91,91,2912,2912,2912,745472,2912,2912,2912,745472,,,,,,,,,,,,,,,,,,,,,,,,,,,,,,,,,,,,,,,,,,,,,,,,,,,,,,,,,,,,
csv,48,3,397050691,397050705,397050773,399968570,399511381,396014710,399968762,399968834,399968895,399969169,399969242,399511991,399512059,399048061,399512127,399969467,399969564,399969636,399999454,399999503,399999559,399999723,399999809,400000000,399999372,399968456,399968525,396616955,396616996,396014755,396014783,396616891,396598103,396598148,396616836,396616760,397034906,397034924,397050606,397050530,,,,,,,,,,,,,,,,,,,,,,,,,,,,,,,,,,,,,,,,,,,,,,,,,,,,,,,,,,,,
bb_id,48,3,224,226,227,228,239,240,241,242,243,244,245,246,247,248,249,250,251,252,253,254,255,256,260,261,262,263,264,293,294,295,296,297,298,299,300,301,302,303,304,305,,,,,,,,,,,,,,,,,,,,,,,,,,,,,,,,,,,,,,,,,,,,,,,,,,,,,,,,,,,,
bbv,49,0,1,1,1,1,1,1,1,1,1,1,1,8192,8192,8192,8192,1048576,8192,8192,1,1,1,1,1,1,256,1,1,1,1,6,1,1,1,118,118,117,117,117,14976,14976,14976,14976,119808,14976,14976,15104,15104,15104,120832,15104,15104,149,149,149,595,117,117,14976,14976,14976,119808,14976,14976,478,149,1073,924,924,1252,1073,924,924,1254,924,1073,22888,22888,84593,84593,84593,84593,84593,2706981,84593,22888,1073,1,31,31,32,32,32,1024,1024,1024,262144,992,992,992,253952
csv,49,0,78469351,164911656,78446584,78469340,78469345,164911665,78446577,78446578,78469449,78469475,164911586,164908953,164908980,164909015,164909018,164911578,164911580,164911583,78469335,78446610,78446639,78469240,78469258,78469278,78469228,78446569,78446570,164911692,164911694,164911730,164911736,164911801,164911809,398781388,398781424,398671154,398671247,398781261,398780519,398780541,398780608,398780687,398781053,398781156,398781242,398882088,398882096,398882147,398882549,398882613,398882637,398882696,398882784,398882829,399612313,398559652,398559739,398670356,398670444,398670536,398670934,398670998,398671086,399841538,398671108,399841568,399841715,399841792,399842137,399842268,399842375,399842448,399842557,399842726,399842794,399964499,399964571,399998924,399998971,399999069,399999212,399999235,400000016,399998821,399964404,399841500,78446513,77346658,77346668,78364036,78364043,78446510,78443934,78443944,78446507,78446504,77426433,77426441,77429004,77429001
bb_id,49,0,54,56,59,62,64,99,101,102,103,104,105,106,107,108,109,110,111,113,115,168,169,170,171,172,173,180,182,191,192,193,194,199,200,202,203,204,205,206,207,208,209,210,211,212,214,216,217,218,219,220,222,224,226,227,228,229,230,231,232,233,234,235,238,239,240,241,242,243,244,245,246,247,248,249,250,251,252,253,254,255,256,260,261,262,263,264,292,293,294,295,296,297,298,299,300,301,302,303,304,305
bbv,49,1,1,1,1,8192,8192,8192,8192,1048576,8192,8192,1,1,1,1,1,256,1,1,125,125,124,124,124,15872,15872,15872,15872,126976,15872,15872,16000,16000,16000,128000,16000,16000,139,139,139,557,124,124,15872,15872,15872,126976,15872,15872,432,139,989,850,850,1144,989,850,850,1141,850,989,19453,19453,70661,70661,70662,70662,70662,2261173,70661,19453,989,1,14,14,15,15,15,480,480,480,122880,448,448,448,114688,,,,,,,,,,,,,,,
csv,49,1,78469573,78469669,164911592,158304262,158304309,158304384,158304407,158312983,158313085,158313188,78446712,78446788,78469246,78469276,78469284,78469162,164911973,164912086,398657502,398657543,398547689,398547740,398657469,398656719,398656786,398656820,398656825,398657292,398657314,398657392,398758237,398758342,398758384,398758899,398758910,398759029,398759128,398759227,398759250,399881815,398433930,398433975,398546888,398546913,398546984,398547553,398547575,398547621,399661863,398547643,399881887,399881952,399882041,399882210,399882299,399882385,399882453,399662400,399882521,399882656,399993715,399993808,399997455,399997565,399997684,399997848,399997934,400000041,399997331,399993641,399881746,78446519,59270889,59270920,62827078,62827085,62981803,62978440,62978460,62981800,62981797,60041071,60041121,60065059,60065056,,,,,,,,,,,,,,,
bb_id,49,1,103,104,105,106,107,108,109,110,111,113,168,169,170,171,172,173,199,200,202,203,204,205,206,207,208,209,210,211,212,214,216,217,218,219,220,222,224,226,227,228,229,230,231,232,233,234,235,238,239,240,241,242,243,244,245,246,247,248,249,250,251,252,253,254,255,256,260,261,262,263,264,292,293,294,295,296,297,298,299,300,301,302,303,304,305,,,,,,,,,,,,,,,
bbv,49,2,1,1,1,8192,8192,8192,8192,1048576,8192,8192,1,1,1,1,1,256,1,1,125,125,124,124,124,15872,15872,15872,15872,126976,15872,15872,16000,16000,16000,128000,16000,16000,136,136,136,544,124,124,15872,15872,15872,126976,15872,15872,421,136,965,829,829,1114,965,829,829,1112,829,965,18697,18697,67661,67661,67661,67661,67661,2165135,67661,18697,965,1,11,11,12,12,12,384,384,384,98304,352,352,352,90112,,,,,,,,,,,,,,,
csv,49,2,78469400,78469462,164911589,164372454,164372481,164372536,164372539,164378157,164378159,164378162,78446636,78446642,78469234,78469264,78469280,78469206,164911874,164911882,398938186,398938290,398823763,398823814,398938152,398937062,398937089,398937181,398937289,398937978,398938101,398938126,399060209,399060279,399060326,399060872,399060894,399060939,399060977,399061023,399061046,399731462,398717501,398717530,398822888,398822936,398822993,398823655,398823658,398823669,399942941,398823738,399943034,399943099,399943146,399943231,399943299,399943385,399943411,399943464,399943490,399943600,399998142,399998172,399998275,399998322,399998399,399998563,399998628,400000062,399998043,399998068,399942891,78446516,46306339,46306433,49995447,49995538,50732101,50709052,50709125,50732014,50731948,46911725,46911796,46930225,46930180,,,,,,,,,,,,,,,
bb_id,49,2,103,104,105,106,107,108,109,110,111,113,168,169,170,171,172,173,199,200,202,203,204,205,206,207,208,209,210,211,212,214,216,217,218,219,220,222,224,226,227,228,229,230,231,232,233,234,235,238,239,240,241,242,243,244,245,246,247,248,249,250,251,252,253,254,255,256,260,261,262,263,264,292,293,294,295,296,297,298,299,300,301,302,303,304,305,,,,,,,,,,,,,,,
bbv,49,3,1,1,1,8192,8192,8192,8192,1048576,8192,8192,1,1,1,1,1,256,1,1,125,125,124,124,124,15872,15872,15872,15872,126976,15872,15872,16000,16000,16000,128000,16000,16000,139,139,139,552,124,124,15872,15872,15872,126976,15872,15872,429,139,981,842,842,1132,981,843,843,1134,843,981,19360,19360,70049,70049,70049,70049,70049,2241598,70050,19361,981,1,14,14,15,15,15,480,480,480,122880,448,448,448,114688,,,,,,,,,,,,,,,
csv,49,3,78469524,78469656,164911595,158392021,158392048,158392083,158392166,158397564,158397566,158397609,78446738,78446785,78469252,78469270,78469282,78469184,164912038,164912094,399714684,399714706,399588837,399588909,399714629,399713515,399713563,399713593,399713682,399714401,399714479,399714525,399835914,399835946,399835972,399836638,399836702,399836768,399836827,399836852,399836896,399477292,399477402,399477430,399587992,399588038,399588048,399588617,399588681,399588727,399256887,399588749,399836926,399257024,399257092,399257261,399836973,399837059,399837106,399837254,399837343,399837411,399996022,399996115,399996218,399996265,399996384,399996548,399996634,399999865,399999932,400000020,399477265,78446522,56994381,56994412,61401856,61401926,62166408,62143300,62143331,62166262,62166182,57534638,57534772,57558019,57557995,,,,,,,,,,,,,,,
bb_id,49,3,103,104,105,106,107,108,109,110,111,113,168,169,170,171,172,173,199,200,202,203,204,205,206,207,208,209,210,211,212,214,216,217,218,219,220,222,224,226,227,228,229,230,231,232,233,234,235,238,239,240,241,242,243,244,245,246,247,248,249,250,251,252,253,254,255,256,260,261,262,263,264,292,293,294,295,296,297,298,299,300,301,302,303,304,305,,,,,,,,,,,,,,,
bbv,50,0,201,201,201,201,201,25728,25728,25728,25728,205824,25728,25728,25728,25728,25728,205824,25728,25728,201,201,201,802,201,201,25728,25728,25728,205824,25728,25728,601,201,1403,1202,1202,1604,1403,1202,1202,1602,1202,1403,25459,25459,89805,89805,89805,89805,89805,2873772,89805,25459,1403,,,,,,,,,,,,,,,,,,,,,,,,,,,,,,,,,,,,,,,,,,,,,,,
csv,50,0,399673039,399673082,399555460,399555495,399673005,399672102,399672129,399672201,399672252,399672833,399672855,399672880,399779296,399779366,399779434,399779980,399780124,399780150,399780188,399780255,399780278,399446275,399446362,399446390,399554494,399554554,399554583,399555178,399555227,399555295,399205693,399555424,399780394,399205809,399205902,399206114,399780502,399780649,399780717,399780865,399780933,399781022,399997455,399997569,399997672,399997719,399997817,399998044,399998109,400000082,399997190,399997337,399446248,,,,,,,,,,,,,,,,,,,,,,,,,,,,,,,,,,,,,,,,,,,,,,,
bb_id,50,0,202,203,204,205,206,207,208,209,210,211,212,214,216,217,218,219,220,222,224,226,227,228,229,230,231,232,233,234,235,238,239,240,241,242,243,244,245,246,247,248,249,250,251,252,253,254,255,256,260,261,262,263,264,,,,,,,,,,,,,,,,,,,,,,,,,,,,,,,,,,,,,,,,,,,,,,,
bbv,50,1,212,212,212,212,212,27136,27136,27136,27136,217088,27136,27136,27136,27136,27136,217088,27136,27136,212,212,212,847,212,212,27136,27136,27136,217088,27136,27136,635,212,1482,1270,1270,1692,1482,1270,1270,1695,1270,1482,26917,26917,94870,94870,94870,94870,94870,3035822,94870,26917,1482,,,,,,,,,,,,,,,,,,,,,,,,,,,,,,,,,,,,,,,,,,,,,,,
csv,50,1,399027327,399027389,398904436,398904487,399027249,399026364,399026412,399026442,399026489,399027098,399027221,399027246,399145258,399145333,399145359,399146167,399146231,399146255,399146314,399146339,399146425,399801605,398789584,398789730,398903108,398903236,398903288,398904067,398904152,398904240,399593925,398904304,399801639,399801736,399801813,399801927,399802000,399802079,399802227,399802282,399802371,399802481,399974259,399974312,399999393,399999482,399999580,399999744,399999830,400000040,399999311,399974084,399801532,,,,,,,,,,,,,,,,,,,,,,,,,,,,,,,,,,,,,,,,,,,,,,,
bb_id,50,1,202,203,204,205,206,207,208,209,210,211,212,214,216,217,218,219,220,222,224,226,227,228,229,230,231,232,233,234,235,238,239,240,241,242,243,244,245,246,247,248,249,250,251,252,253,254,255,256,260,261,262,263,264,,,,,,,,,,,,,,,,,,,,,,,,,,,,,,,,,,,,,,,,,,,,,,,
bbv,50,2,213,213,213,213,213,27264,27264,27264,27264,218112,27264,27264,27264,27264,27264,218112,27264,27264,213,213,213,850,213,213,27264,27264,27264,218112,27264,27264,637,213,1487,1274,1274,1700,1487,1274,1274,1698,1274,1487,26991,26991,95213,95213,95213,95213,95213,3046810,95213,26991,1487,,,,,,,,,,,,,,,,,,,,,,,,,,,,,,,,,,,,,,,,,,,,,,,
csv,50,2,399665290,399665335,399551122,399551194,399665214,399664317,399664386,399664458,399664484,399665003,399665123,399665190,399773159,399773187,399773255,399773721,399773851,399773952,399774091,399774181,399774184,399449749,399449795,399449865,399550591,399550599,399550649,399550996,399551039,399551059,399225566,399551102,399774196,399225677,399225729,399225842,399774266,399774322,399774411,399774622,399774669,399774779,399998506,399998599,399998765,399998896,399999015,399999221,399999307,400000061,399998386,399998411,399449685,,,,,,,,,,,,,,,,,,,,,,,,,,,,,,,,,,,,,,,,,,,,,,,
bb_id,50,2,202,203,204,205,206,207,208,209,210,211,212,214,216,217,218,219,220,222,224,226,227,228,229,230,231,232,233,234,235,238,239,240,241,242,243,244,245,246,247,248,249,250,251,252,253,254,255,256,260,261,262,263,264,,,,,,,,,,,,,,,,,,,,,,,,,,,,,,,,,,,,,,,,,,,,,,,
bbv,50,3,210,210,210,210,210,26880,26880,26880,26880,215040,26880,26880,26880,26880,26880,215040,26880,26880,210,210,210,843,210,210,26880,26880,26880,215040,26880,26880,632,210,1475,1265,1265,1686,1475,1265,1265,1686,1265,1475,26754,26754,94396,94396,94396,94396,94396,3020661,94395,26753,1475,,,,,,,,,,,,,,,,,,,,,,,,,,,,,,,,,,,,,,,,,,,,,,,
csv,50,3,398634986,398635090,398508153,398508204,398634910,398634009,398634036,398634101,398634127,398634713,398634756,398634844,398755904,398755974,398756042,398756616,398756638,398756697,398756735,398756861,398756884,399866241,398393065,398393110,398507186,398507253,398507303,398507975,398508018,398508043,399648158,398508107,399866296,399866360,399866386,399866558,399866640,399866768,399866821,399648760,399866830,399866938,399979027,399979078,399996915,399997025,399997144,399997312,399997381,400000019,399996812,399978974,399866168,,,,,,,,,,,,,,,,,,,,,,,,,,,,,,,,,,,,,,,,,,,,,,,
bb_id,50,3,202,203,204,205,206,207,208,209,210,211,212,214,216,217,218,219,220,222,224,226,227,228,229,230,231,232,233,234,235,238,239,240,241,242,243,244,245,246,247,248,249,250,251,252,253,254,255,256,260,261,262,263,264,,,,,,,,,,,,,,,,,,,,,,,,,,,,,,,,,,,,,,,,,,,,,,,
bbv,51,0,1,1,7,1,1,1,1,193,193,194,194,194,24832,24832,24832,24832,198656,24832,24832,24704,24704,24704,197632,24704,24704,206,206,206,827,194,194,24832,24832,24832,198656,24832,24832,632,206,1459,1253,1253,1678,1459,1253,1253,1680,1253,1459,27893,27893,99829,99829,99829,99829,99829,3194516,99829,27893,1459,1,1,13,13,12,12,12,3072,3072,3072,3072,24576,3072,3072,3328,3328,3328,26624,3328,3328,,,,,,,,,,,,,,,,,,,,
csv,51,0,345363299,345363301,345363343,345363349,345363271,345363272,345363215,344884489,344884509,345337963,345337993,345363212,345363016,345363022,345363031,345363036,345363204,345363205,345363209,344908133,344908140,344908145,344908313,344908314,344908317,397482811,397482883,397482906,399841660,345318478,345318502,345337813,345337817,345337825,345337953,345337954,345337958,399357086,396991665,399841732,399841797,399841848,399841994,399842046,399842069,399842130,399842305,399842333,399842401,399958094,399958210,399998408,399998518,399998616,399998780,399998870,400000040,399998326,399958016,399841633,345363479,345363487,397244370,397244512,396991711,396991762,397244336,397243197,397243245,397243258,397243387,397244038,397244163,397244256,397482020,397482069,397482095,397482578,397482642,397482712,,,,,,,,,,,,,,,,,,,,
bb_id,51,0,183,184,185,186,196,198,201,202,203,204,205,206,207,208,209,210,211,212,214,216,217,218,219,220,222,224,226,227,228,229,230,231,232,233,234,235,238,239,240,241,242,243,244,245,246,247,248,249,250,251,252,253,254,255,256,260,261,262,263,264,265,266,268,269,270,271,272,273,274,275,276,277,278,280,282,283,284,285,286,288,,,,,,,,,,,,,,,,,,,,
bbv,51,1,1,175,175,176,176,176,22528,22528,22528,22528,180224,22528,22528,22400,22400,22400,179200,22400,22400,189,189,189,756,176,176,22528,22528,22528,180224,22528,22528,580,189,1336,1147,1147,1538,1336,1147,1147,1539,1147,1336,25780,25780,92353,92353,92353,92353,92353,2955323,92353,25780,1336,1,1,14,14,13,13,13,3328,3328,3328,3328,26624,3328,3328,3584,3584,3584,28672,3584,3584,,,,,,,,,,,,,,,,,,,,,,,,,,
csv,51,1,345363218,329026789,329026872,330978371,330978420,331082056,331081127,331081175,331081226,331081252,331081834,331081961,331082028,329132125,329132155,329132195,329132793,329132836,329132860,398419418,398419467,398419513,399798420,330867730,330867880,330977585,330977642,330977682,330978266,330978283,330978308,399332711,398010568,399798548,399798672,399798763,399798837,399798905,399798970,399799059,399799186,399799212,399799322,399997313,399997486,399997568,399997638,399997694,399997879,399997944,400000061,399997090,399997183,399798393,345363626,345363717,398239102,398239126,398010799,398010993,398239085,398238403,398238415,398238475,398238527,398238990,398239020,398239045,398418757,398418827,398418875,398419291,398419334,398419400,,,,,,,,,,,,,,,,,,,,,,,,,,
bb_id,51,1,201,202,203,204,205,206,207,208,209,210,211,212,214,216,217,218,219,220,222,224,226,227,228,229,230,231,232,233,234,235,238,239,240,241,242,243,244,245,246,247,248,249,250,251,252,253,254,255,256,260,261,262,263,264,265,266,268,269,270,271,272,273,274,275,276,277,278,280,282,283,284,285,286,288,,,,,,,,,,,,,,,,,,,,,,,,,,
bbv,51,2,1,174,174,175,175,175,22400,22400,22400,22400,179200,22400,22400,22272,22272,22272,178176,22272,22272,188,188,188,753,175,175,22400,22400,22400,179200,22400,22400,578,188,1331,1143,1143,1531,1331,1143,1143,1534,1143,1331,25699,25699,92020,92020,92020,92020,92020,2944653,92020,25699,1331,1,1,14,14,13,13,13,3328,3328,3328,3328,26624,3328,3328,3584,3584,3584,28672,3584,3584,,,,,,,,,,,,,,,,,,,,,,,,,,
csv,51,2,345363221,327732089,327732130,329495262,329495336,329621707,329620798,329620852,329620935,329620982,329621594,329621637,329621662,327849074,327849102,327849149,327849569,327849641,327849718,398660924,398660996,398661075,399134565,329375942,329375996,329493875,329493942,329493992,329494882,329494986,329495114,399591357,398171755,399591429,399591515,399591604,399591699,399591767,399591811,399591900,399591985,399592032,399592163,399993013,399993043,399997044,399997158,399997239,399997435,399997570,400000019,399996899,399992897,399591286,345363414,345363495,398416760,398416864,398171785,398171836,398416642,398415577,398415644,398415776,398415807,398416519,398416546,398416587,398659898,398659972,398660023,398660747,398660759,398660783,,,,,,,,,,,,,,,,,,,,,,,,,,
bb_id,51,2,201,202,203,204,205,206,207,208,209,210,211,212,214,216,217,218,219,220,222,224,226,227,228,229,230,231,232,233,234,235,238,239,240,241,242,243,244,245,246,247,248,249,250,251,252,253,254,255,256,260,261,262,263,264,265,266,268,269,270,271,272,273,274,275,276,277,278,280,282,283,284,285,286,288,,,,,,,,,,,,,,,,,,,,,,,,,,
bbv,51,3,1,177,177,178,178,178,22784,22784,22784,22784,182272,22784,22784,22656,22656,22656,181248,22656,22656,191,191,191,763,178,178,22784,22784,22784,182272,22784,22784,585,191,1348,1157,1157,1550,1348,1157,1157,1554,1157,1348,26022,26022,93104,93104,93104,93104,93104,2979314,93104,26022,1348,1,1,14,14,13,13,13,3328,3328,3328,3328,26624,3328,3328,3584,3584,3584,28672,3584,3584,,,,,,,,,,,,,,,,,,,,,,,,,,
csv,51,3,345363224,333229267,333229329,333908493,333908523,333956908,333956565,333956571,333956580,333956627,333956858,333956880,333956884,333275445,333275576,333275581,333275812,333275813,333275858,398516007,398516106,398516171,399920335,333866013,333866037,333908158,333908162,333908170,333908460,333908461,333908465,399456384,398076168,399920365,399920409,399920435,399920509,399920581,399920640,399920696,399920945,399921093,399921163,399980417,399980489,399998931,399999041,399999160,399999345,399999431,400000082,399998826,399980301,399920287,345363691,345363725,398283131,398283172,398076193,398076269,398283106,398282042,398282158,398282244,398282372,398282967,398282971,398283101,398515402,398515451,398515477,398515889,398515911,398515944,,,,,,,,,,,,,,,,,,,,,,,,,,
bb_id,51,3,201,202,203,204,205,206,207,208,209,210,211,212,214,216,217,218,219,220,222,224,226,227,228,229,230,231,232,233,234,235,238,239,240,241,242,243,244,245,246,247,248,249,250,251,252,253,254,255,256,260,261,262,263,264,265,266,268,269,270,271,272,273,274,275,276,277,278,280,282,283,284,285,286,288,,,,,,,,,,,,,,,,,,,,,,,,,,
bbv,52,0,93,93,93,372,373,93,745,652,652,932,745,652,652,930,652,745,23719,23719,95396,95395,95395,95395,95395,3052661,95396,23719,745,93,93,93,93,93,23808,23808,23808,23808,190464,23808,23808,23808,23808,23808,190464,23808,23808,,,,,,,,,,,,,,,,,,,,,,,,,,,,,,,,,,,,,,,,,,,,,,,,,,,,,,,
csv,52,0,396846438,396846463,396846528,399236199,399716019,396394470,399716152,399716278,399716372,399716660,399716712,399716812,399716981,399237047,399717072,399717182,399951027,399951083,400000066,399996279,399996404,399996633,399996767,399999722,399999883,399950974,399715925,396625640,396625704,396394517,396394589,396625540,396624550,396624599,396624653,396624763,396625361,396625383,396625452,396845567,396845637,396845684,396846230,396846252,396846398,,,,,,,,,,,,,,,,,,,,,,,,,,,,,,,,,,,,,,,,,,,,,,,,,,,,,,,
bb_id,52,0,224,226,227,228,239,240,241,242,243,244,245,246,247,248,249,250,251,252,253,254,255,256,260,261,262,263,264,268,269,270,271,272,273,274,275,276,277,278,280,282,283,284,285,286,288,,,,,,,,,,,,,,,,,,,,,,,,,,,,,,,,,,,,,,,,,,,,,,,,,,,,,,,
bbv,52,1,98,98,98,392,392,98,784,686,686,980,784,686,686,980,686,784,24992,24992,100368,100368,100368,100368,100367,3211746,100368,24992,784,98,98,98,98,98,25088,25088,25088,25088,200704,25088,25088,25088,25088,25088,200704,25088,25088,,,,,,,,,,,,,,,,,,,,,,,,,,,,,,,,,,,,,,,,,,,,,,,,,,,,,,,
csv,52,1,398359247,398359314,398359337,399758308,399294026,397880253,399758382,399758447,399758494,399758589,399758636,399758659,399758710,399758835,399758922,399759133,399999348,399999403,399999572,399999645,399999757,400000005,399996839,399999209,399999255,399999265,399758180,398126411,398126494,397880320,397880413,398126377,398125427,398125500,398125638,398125720,398126264,398126307,398126332,398358374,398358465,398358533,398359079,398359122,398359146,,,,,,,,,,,,,,,,,,,,,,,,,,,,,,,,,,,,,,,,,,,,,,,,,,,,,,,
bb_id,52,1,224,226,227,228,239,240,241,242,243,244,245,246,247,248,249,250,251,252,253,254,255,256,260,261,262,263,264,268,269,270,271,272,273,274,275,276,277,278,280,282,283,284,285,286,288,,,,,,,,,,,,,,,,,,,,,,,,,,,,,,,,,,,,,,,,,,,,,,,,,,,,,,,
bbv,52,2,98,98,98,395,394,98,789,691,691,989,789,690,690,984,690,789,25024,25024,100881,100881,100881,100881,100881,3228170,100881,25024,789,98,98,98,98,98,25088,25088,25088,25088,200704,25088,25088,25088,25088,25088,200704,25088,25088,,,,,,,,,,,,,,,,,,,,,,,,,,,,,,,,,,,,,,,,,,,,,,,,,,,,,,,
csv,52,2,396796612,396796745,396796748,399993255,399546449,396325752,399993352,399993457,399993530,399993714,399993740,399546855,399546860,399101708,399546865,399993814,399993873,399993954,399999490,399999619,399999701,399999879,400000068,399999369,399999394,399993143,399993207,396569628,396569712,396325819,396325912,396569573,396568928,396568998,396569053,396569104,396569481,396569524,396569549,396795570,396795661,396795729,396796356,396796420,396796507,,,,,,,,,,,,,,,,,,,,,,,,,,,,,,,,,,,,,,,,,,,,,,,,,,,,,,,
bb_id,52,2,224,226,227,228,239,240,241,242,243,244,245,246,247,248,249,250,251,252,253,254,255,256,260,261,262,263,264,268,269,270,271,272,273,274,275,276,277,278,280,282,283,284,285,286,288,,,,,,,,,,,,,,,,,,,,,,,,,,,,,,,,,,,,,,,,,,,,,,,,,,,,,,,
bbv,52,3,97,97,97,390,391,98,780,683,683,978,780,682,682,972,682,780,24763,24763,99946,99946,99946,99946,99946,3198297,99947,24764,781,97,97,98,98,97,24867,24867,24867,24867,198933,24866,24866,24832,24832,24832,198656,24832,24832,,,,,,,,,,,,,,,,,,,,,,,,,,,,,,,,,,,,,,,,,,,,,,,,,,,,,,,
csv,52,3,396291712,396291779,396291802,399476681,399955237,399955301,399476753,399476801,399476848,399477022,399477170,399014840,399014928,398562928,399014975,399477243,399477434,399477607,399950949,399951074,399951221,399951404,399951549,399954968,399955056,399955102,399955166,396056028,396056048,399955389,399955482,396055994,399999188,399999261,399999316,399999408,400000089,399998970,399999079,396290944,396291035,396291103,396291565,396291629,396291674,,,,,,,,,,,,,,,,,,,,,,,,,,,,,,,,,,,,,,,,,,,,,,,,,,,,,,,
bb_id,52,3,224,226,227,228,239,240,241,242,243,244,245,246,247,248,249,250,251,252,253,254,255,256,260,261,262,263,264,268,269,270,271,272,273,274,275,276,277,278,280,282,283,284,285,286,288,,,,,,,,,,,,,,,,,,,,,,,,,,,,,,,,,,,,,,,,,,,,,,,,,,,,,,,
bbv,53,0,93,93,93,373,373,94,745,652,652,932,745,651,651,930,651,745,23716,23716,95408,95409,95409,95409,95409,3053088,95409,23717,746,94,94,94,94,94,24064,24064,24064,24064,192512,24064,24064,23845,23845,23845,190755,23844,23844,,,,,,,,,,,,,,,,,,,,,,,,,,,,,,,,,,,,,,,,,,,,,,,,,,,,,,,
csv,53,0,395899889,395899940,395899963,399257704,399715567,399715571,399257713,399257778,399257888,399258080,399258188,398775164,398775190,398297215,398775241,399258359,399258412,399258484,399711955,399712025,399712081,399712287,399712335,399715318,399715406,399715515,399715558,399965256,399965332,399715638,399715670,399965114,399964052,399964079,399964151,399964177,399964956,399964978,399965060,399999574,399999632,399999740,400000091,399999453,399999530,,,,,,,,,,,,,,,,,,,,,,,,,,,,,,,,,,,,,,,,,,,,,,,,,,,,,,,
bb_id,53,0,224,226,227,228,239,240,241,242,243,244,245,246,247,248,249,250,251,252,253,254,255,256,260,261,262,263,264,268,269,270,271,272,273,274,275,276,277,278,280,282,283,284,285,286,288,,,,,,,,,,,,,,,,,,,,,,,,,,,,,,,,,,,,,,,,,,,,,,,,,,,,,,,
bbv,53,1,98,98,98,393,393,98,786,688,688,984,786,688,688,982,688,786,25006,25006,100577,100577,100577,100577,100578,3218484,100577,25006,786,98,98,98,98,98,25088,25088,25088,25088,200704,25088,25088,25088,25088,25088,200704,25088,25088,,,,,,,,,,,,,,,,,,,,,,,,,,,,,,,,,,,,,,,,,,,,,,,,,,,,,,,
csv,53,1,397606046,397606092,397606115,399864422,399446873,397123376,399864433,399864481,399864522,399864612,399864680,399864745,399864771,399864845,399864934,399865023,399965035,399965090,399997812,399997911,399998044,399998288,399998355,400000049,399997658,399964982,399864391,397372252,397372335,397123422,397123473,397372235,397371140,397371209,397371243,397371269,397372120,397372144,397372169,397605194,397605201,397605269,397605836,397605921,397605945,,,,,,,,,,,,,,,,,,,,,,,,,,,,,,,,,,,,,,,,,,,,,,,,,,,,,,,
bb_id,53,1,224,226,227,228,239,240,241,242,243,244,245,246,247,248,249,250,251,252,253,254,255,256,260,261,262,263,264,268,269,270,271,272,273,274,275,276,277,278,280,282,283,284,285,286,288,,,,,,,,,,,,,,,,,,,,,,,,,,,,,,,,,,,,,,,,,,,,,,,,,,,,,,,
bbv,53,2,99,99,99,392,393,99,785,686,686,980,785,687,687,982,687,785,25043,25043,100530,100530,100530,100530,100529,3216960,100530,25043,785,99,99,99,99,99,25344,25344,25344,25344,202752,25344,25344,25344,25344,25344,202752,25344,25344,,,,,,,,,,,,,,,,,,,,,,,,,,,,,,,,,,,,,,,,,,,,,,,,,,,,,,,
csv,53,2,399810905,399811026,399811033,398867523,399318158,399318233,399811119,398867660,398867728,398867899,399811246,399811313,399811402,399811571,399811623,399811722,399999527,399999583,399999693,399999766,399999864,400000028,399996244,399999318,399999385,399999452,399318104,399575230,399575271,399318288,399318339,399575133,399574433,399574460,399574532,399574558,399574999,399575063,399575109,399810202,399810230,399810277,399810790,399810833,399810842,,,,,,,,,,,,,,,,,,,,,,,,,,,,,,,,,,,,,,,,,,,,,,,,,,,,,,,
bb_id,53,2,224,226,227,228,239,240,241,242,243,244,245,246,247,248,249,250,251,252,253,254,255,256,260,261,262,263,264,268,269,270,271,272,273,274,275,276,277,278,280,282,283,284,285,286,288,,,,,,,,,,,,,,,,,,,,,,,,,,,,,,,,,,,,,,,,,,,,,,,,,,,,,,,
bbv,53,3,98,98,98,390,389,97,780,682,682,972,780,683,683,978,683,780,24970,24970,99796,99796,99796,99796,99796,3193463,99795,24969,779,98,98,97,97,98,25053,25053,25053,25053,200427,25054,25054,25088,25088,25088,200704,25088,25088,,,,,,,,,,,,,,,,,,,,,,,,,,,,,,,,,,,,,,,,,,,,,,,,,,,,,,,
csv,53,3,398332952,398333019,398333063,399725193,399287343,397833854,399725251,399725300,399725369,399725426,399725498,399725527,399725553,399725677,399725726,399725801,399987998,399988152,399997751,399997838,399997946,399998145,399998290,400000070,399997662,399987847,399725140,398088547,398088679,397833921,397833993,398088460,398087793,398087843,398087899,398087946,398088358,398088364,398088410,398332018,398332109,398332156,398332744,398332888,398332914,,,,,,,,,,,,,,,,,,,,,,,,,,,,,,,,,,,,,,,,,,,,,,,,,,,,,,,
bb_id,53,3,224,226,227,228,239,240,241,242,243,244,245,246,247,248,249,250,251,252,253,254,255,256,260,261,262,263,264,268,269,270,271,272,273,274,275,276,277,278,280,282,283,284,285,286,288,,,,,,,,,,,,,,,,,,,,,,,,,,,,,,,,,,,,,,,,,,,,,,,,,,,,,,,
bbv,54,0,1,1,7,1,1,1,100,100,100,397,396,99,794,694,694,990,794,695,695,994,695,794,25403,25403,101564,101564,101564,101564,101564,3250029,101563,25402,793,1,56,56,57,57,57,14592,14592,14592,14592,116736,14592,14592,14555,14555,14555,116445,14556,14556,1,1,43,43,42,42,42,1344,1344,1344,344064,1376,1376,1376,352256,,,,,,,,,,,,,,,,,,,,,,,,,,,,,,,,,
csv,54,0,203304972,203304974,203305016,203305022,203304942,203304943,399292156,399292244,399292288,399808713,397826793,397826815,399808795,399808849,399808889,397359905,399808986,399809045,399809085,399809239,399809275,399809324,399995052,399995134,399998864,399998921,399998977,399999109,399999132,400000058,399998751,399994999,399808686,203304886,202271750,202271770,203254418,203254448,203304883,203304687,203304693,203304702,203304707,203304875,203304876,203304880,202319202,202319209,202319214,202319382,202319383,202319386,203305087,203305158,398570310,398570341,397826882,397826952,398570256,398546930,398546982,398570169,398570082,399268986,399269179,399292076,399291989,,,,,,,,,,,,,,,,,,,,,,,,,,,,,,,,,
bb_id,54,0,175,176,177,178,188,190,224,226,227,228,239,240,241,242,243,244,245,246,247,248,249,250,251,252,253,254,255,256,260,261,262,263,264,267,268,269,270,271,272,273,274,275,276,277,278,280,282,283,284,285,286,288,290,291,293,294,295,296,297,298,299,300,301,302,303,304,305,,,,,,,,,,,,,,,,,,,,,,,,,,,,,,,,,
bbv,54,1,91,91,91,365,366,92,730,639,639,914,730,638,638,910,638,730,23210,23210,93526,93526,93526,93526,93526,2992844,93527,23211,731,1,46,46,47,47,47,12032,12032,12032,12032,96256,12032,12032,11776,11776,11776,94208,11776,11776,1,1,45,45,45,45,44,1418,1418,1417,362973,1440,1440,1440,368640,,,,,,,,,,,,,,,,,,,,,,,,,,,,,,,,,,,,,,,
csv,54,1,396505896,396505941,396505953,399321309,399772262,399772309,399321381,399321425,399321451,399321599,399321667,398926455,398926512,398533931,398926558,399321777,399321851,399321944,399768355,399768458,399768619,399768830,399769010,399772077,399772102,399772169,399772233,203304895,185359207,185359290,189840037,189840088,190128776,190127887,190127956,190128028,190128075,190128642,190128664,190128668,185576194,185576237,185576310,185577088,185577116,185577167,203305253,203305344,396108426,396108477,399772376,399772444,396108414,399979514,399979589,399979447,400000068,396493678,396493727,396505869,396505835,,,,,,,,,,,,,,,,,,,,,,,,,,,,,,,,,,,,,,,
bb_id,54,1,224,226,227,228,239,240,241,242,243,244,245,246,247,248,249,250,251,252,253,254,255,256,260,261,262,263,264,267,268,269,270,271,272,273,274,275,276,277,278,280,282,283,284,285,286,288,290,291,293,294,295,296,297,298,299,300,301,302,303,304,305,,,,,,,,,,,,,,,,,,,,,,,,,,,,,,,,,,,,,,,
bbv,54,2,92,92,92,372,371,92,743,651,651,930,743,650,650,928,650,743,23662,23662,95076,95076,95076,95076,95077,3042448,95076,23662,743,1,45,45,46,46,46,11776,11776,11776,11776,94208,11776,11776,11520,11520,11520,92160,11520,11520,1,1,47,47,46,46,46,1472,1472,1472,376832,1504,1504,1504,385024,,,,,,,,,,,,,,,,,,,,,,,,,,,,,,,,,,,,,,,
csv,54,2,397011961,397011996,397012019,399927378,399503679,396104193,399927418,399927493,399927529,399927655,399927733,399504049,399504137,399087569,399504245,399927811,399927864,399927925,399998427,399998474,399998540,399998693,399998747,400000037,399998335,399927319,399927351,203304889,181591161,181591202,185425858,185425909,185664908,185664134,185664161,185664233,185664259,185664746,185664829,185664854,181834030,181834041,181834149,181834834,181834900,181834945,203305152,203305164,396503880,396503910,396104218,396104266,396503817,396491400,396491431,396503773,396503729,396996458,396996558,397011892,397011827,,,,,,,,,,,,,,,,,,,,,,,,,,,,,,,,,,,,,,,
bb_id,54,2,224,226,227,228,239,240,241,242,243,244,245,246,247,248,249,250,251,252,253,254,255,256,260,261,262,263,264,267,268,269,270,271,272,273,274,275,276,277,278,280,282,283,284,285,286,288,290,291,293,294,295,296,297,298,299,300,301,302,303,304,305,,,,,,,,,,,,,,,,,,,,,,,,,,,,,,,,,,,,,,,
bbv,54,3,92,92,92,369,370,92,739,647,647,926,739,647,647,922,647,739,23479,23479,94627,94627,94626,94626,94626,3028041,94627,23479,739,1,47,47,48,48,48,12288,12288,12288,12288,98304,12288,12288,12032,12032,12032,96256,12032,12032,1,1,45,45,44,44,44,1408,1408,1408,360448,1440,1440,1440,368640,,,,,,,,,,,,,,,,,,,,,,,,,,,,,,,,,,,,,,,
csv,54,3,397067547,397067633,397067801,399186645,399628126,396041779,399628156,399628287,399628369,399628599,399628667,399628732,399628800,399187216,399628826,399628915,399838154,399838173,399999980,400000016,399997163,399997306,399997318,399999863,399999877,399838080,399628072,203304892,190857190,190857252,192339099,192339129,192434569,192434165,192434171,192434281,192434286,192434561,192434562,192434566,190933721,190933728,190933733,190933957,190933979,190933982,203305318,203305350,396565424,396565465,396041793,396041852,396565360,396546116,396546199,396565284,396565217,397049527,397049577,397067406,397067352,,,,,,,,,,,,,,,,,,,,,,,,,,,,,,,,,,,,,,,
bb_id,54,3,224,226,227,228,239,240,241,242,243,244,245,246,247,248,249,250,251,252,253,254,255,256,260,261,262,263,264,267,268,269,270,271,272,273,274,275,276,277,278,280,282,283,284,285,286,288,290,291,293,294,295,296,297,298,299,300,301,302,303,304,305,,,,,,,,,,,,,,,,,,,,,,,,,,,,,,,,,,,,,,,
bbv,55,0,85,85,85,343,344,86,686,601,601,860,686,600,600,856,600,686,21772,21772,87876,87876,87876,87876,87876,2812051,87877,21773,687,85,85,86,86,85,2743,2743,2742,702198,2720,2720,2720,696320,,,,,,,,,,,,,,,,,,,,,,,,,,,,,,,,,,,,,,,,,,,,,,,,,,,,,,,,,,,,
csv,55,0,396158106,396158131,396158185,399094437,399508881,399508923,399094529,399094552,399094613,399094829,399094955,398666263,398666289,398201843,398666346,399095023,399095150,399095221,399506047,399506146,399506212,399506365,399506440,399508760,399508795,399508820,399508852,395484523,395484575,399508948,399509007,395484368,399980422,399980561,399980351,400000049,396138073,396138102,396158058,396158034,,,,,,,,,,,,,,,,,,,,,,,,,,,,,,,,,,,,,,,,,,,,,,,,,,,,,,,,,,,,
bb_id,55,0,224,226,227,228,239,240,241,242,243,244,245,246,247,248,249,250,251,252,253,254,255,256,260,261,262,263,264,293,294,295,296,297,298,299,300,301,302,303,304,305,,,,,,,,,,,,,,,,,,,,,,,,,,,,,,,,,,,,,,,,,,,,,,,,,,,,,,,,,,,,
bbv,55,1,94,94,94,376,375,93,752,658,658,940,752,658,658,940,658,752,23970,23970,96185,96185,96185,96185,96185,3077915,96184,23969,751,94,94,93,93,94,2998,2998,2999,767523,3008,3008,3008,770048,,,,,,,,,,,,,,,,,,,,,,,,,,,,,,,,,,,,,,,,,,,,,,,,,,,,,,,,,,,,
csv,55,1,397035425,397035450,397035504,399823032,399466182,395923927,399823128,399823262,399823321,399823468,399823525,399466638,399466785,399074377,399466917,399823624,399823708,399823811,399997402,399997449,399997515,399997668,399997743,400000070,399997310,399822814,399822908,396461104,396461177,395924063,395924124,396461029,396443388,396443419,396461005,396460960,397019425,397019468,397035377,397035353,,,,,,,,,,,,,,,,,,,,,,,,,,,,,,,,,,,,,,,,,,,,,,,,,,,,,,,,,,,,
bb_id,55,1,224,226,227,228,239,240,241,242,243,244,245,246,247,248,249,250,251,252,253,254,255,256,260,261,262,263,264,293,294,295,296,297,298,299,300,301,302,303,304,305,,,,,,,,,,,,,,,,,,,,,,,,,,,,,,,,,,,,,,,,,,,,,,,,,,,,,,,,,,,,
bbv,55,2,91,91,91,362,363,91,725,634,634,904,725,635,635,909,635,725,23193,23193,92811,92811,92811,92811,92811,2969964,92811,23193,725,91,91,91,91,91,2912,2912,2912,745472,2912,2912,2912,745472,,,,,,,,,,,,,,,,,,,,,,,,,,,,,,,,,,,,,,,,,,,,,,,,,,,,,,,,,,,,
csv,55,2,398308538,398308563,398308628,399553537,399893994,396974220,399894034,399894178,399894227,399894374,399894431,399894443,399894490,399894574,399894589,399894688,399989594,399989613,399997870,399997948,399998025,399998188,399998232,400000039,399997757,399989480,399893822,397704898,397704971,396974236,396974264,397704865,397681509,397681582,397704820,397704733,398291342,398291392,398308479,398308413,,,,,,,,,,,,,,,,,,,,,,,,,,,,,,,,,,,,,,,,,,,,,,,,,,,,,,,,,,,,
bb_id,55,2,224,226,227,228,239,240,241,242,243,244,245,246,247,248,249,250,251,252,253,254,255,256,260,261,262,263,264,293,294,295,296,297,298,299,300,301,302,303,304,305,,,,,,,,,,,,,,,,,,,,,,,,,,,,,,,,,,,,,,,,,,,,,,,,,,,,,,,,,,,,
bbv,55,3,94,94,94,373,373,94,746,652,652,932,746,652,652,932,652,746,23789,23789,95442,95442,95443,95443,95443,3054145,95442,23789,746,94,94,94,94,94,3008,3008,3008,770048,3008,3008,3008,770048,,,,,,,,,,,,,,,,,,,,,,,,,,,,,,,,,,,,,,,,,,,,,,,,,,,,,,,,,,,,
csv,55,3,399765229,399765285,399765308,398196785,398646711,398646747,399765390,398196947,398197033,398197263,399765416,399765449,399765506,399765605,399765631,399765827,399999451,399999491,399999625,399999682,399999790,399999922,399999945,400000018,399999363,399999398,398646677,399236214,399236287,398646751,398646901,399236139,399218133,399218227,399236115,399236070,399749508,399749537,399765160,399765105,,,,,,,,,,,,,,,,,,,,,,,,,,,,,,,,,,,,,,,,,,,,,,,,,,,,,,,,,,,,
bb_id,55,3,224,226,227,228,239,240,241,242,243,244,245,246,247,248,249,250,251,252,253,254,255,256,260,261,262,263,264,293,294,295,296,297,298,299,300,301,302,303,304,305,,,,,,,,,,,,,,,,,,,,,,,,,,,,,,,,,,,,,,,,,,,,,,,,,,,,,,,,,,,,
bbv,56,0,86,86,86,343,343,85,687,601,601,858,687,602,602,860,602,687,21928,21928,87825,87825,87825,87825,87825,2810392,87824,21927,686,86,86,85,85,86,2729,2729,2730,698634,2752,2752,2752,704512,,,,,,,,,,,,,,,,,,,,,,,,,,,,,,,,,,,,,,,,,,,,,,,,,,,,,,,,,,,,
csv,56,0,397500477,397500501,397500513,399460157,399941144,396164535,399941174,399941239,399941286,399941455,399941548,399941700,399941761,399460645,399941909,399942000,399942095,399942209,399997372,399997461,399997559,399997723,399997767,400000031,399997290,399941030,399941094,396890484,396890536,396164602,396164651,396890451,396869013,396869046,396890385,396890298,397489628,397489676,397500430,397500387,,,,,,,,,,,,,,,,,,,,,,,,,,,,,,,,,,,,,,,,,,,,,,,,,,,,,,,,,,,,
bb_id,56,0,224,226,227,228,239,240,241,242,243,244,245,246,247,248,249,250,251,252,253,254,255,256,260,261,262,263,264,293,294,295,296,297,298,299,300,301,302,303,304,305,,,,,,,,,,,,,,,,,,,,,,,,,,,,,,,,,,,,,,,,,,,,,,,,,,,,,,,,,,,,
bbv,56,1,92,92,92,366,366,92,732,640,640,912,732,641,641,918,641,732,23440,23440,93723,93723,93723,93723,93723,2999127,93723,23440,732,92,92,92,92,92,2944,2944,2944,753664,2944,2944,2944,753664,,,,,,,,,,,,,,,,,,,,,,,,,,,,,,,,,,,,,,,,,,,,,,,,,,,,,,,,,,,,
csv,56,1,398286965,398287011,398287034,399699977,399236688,397414516,399700070,399700156,399700203,399700235,399700366,399700389,399700436,399700542,399700568,399700678,399986746,399986905,399998565,399998612,399998710,399998853,399998876,400000010,399998441,399986647,399699866,397865018,397865069,397414560,397414597,397864967,397849564,397849636,397864950,397864823,398269384,398269434,398286927,398286882,,,,,,,,,,,,,,,,,,,,,,,,,,,,,,,,,,,,,,,,,,,,,,,,,,,,,,,,,,,,
bb_id,56,1,224,226,227,228,239,240,241,242,243,244,245,246,247,248,249,250,251,252,253,254,255,256,260,261,262,263,264,293,294,295,296,297,298,299,300,301,302,303,304,305,,,,,,,,,,,,,,,,,,,,,,,,,,,,,,,,,,,,,,,,,,,,,,,,,,,,,,,,,,,,
bbv,56,2,95,95,95,380,380,95,760,665,665,950,760,665,665,950,665,760,24224,24224,97269,97269,97269,97269,97269,3112597,97269,24224,760,95,95,95,95,95,3040,3040,3040,778240,3040,3040,3040,778240,,,,,,,,,,,,,,,,,,,,,,,,,,,,,,,,,,,,,,,,,,,,,,,,,,,,,,,,,,,,
csv,56,2,398117515,398117570,398117683,399460356,399912057,397355599,399912087,399912157,399912218,399912404,399912453,399912539,399912607,399912639,399912707,399912796,399969657,399969750,399997895,399998005,399998103,399998267,399998353,400000052,399997771,399969562,399911963,397706957,397706988,397355666,397355683,397706925,397695170,397695200,397706881,397706857,398103953,398103982,398117477,398117461,,,,,,,,,,,,,,,,,,,,,,,,,,,,,,,,,,,,,,,,,,,,,,,,,,,,,,,,,,,,
bb_id,56,2,224,226,227,228,239,240,241,242,243,244,245,246,247,248,249,250,251,252,253,254,255,256,260,261,262,263,264,293,294,295,296,297,298,299,300,301,302,303,304,305,,,,,,,,,,,,,,,,,,,,,,,,,,,,,,,,,,,,,,,,,,,,,,,,,,,,,,,,,,,,
bbv,56,3,91,91,91,366,365,91,731,640,640,912,731,640,640,916,640,731,23368,23368,93589,93589,93589,93589,93589,2994876,93589,23368,731,91,91,91,91,91,2912,2912,2912,745472,2912,2912,2912,745472,,,,,,,,,,,,,,,,,,,,,,,,,,,,,,,,,,,,,,,,,,,,,,,,,,,,,,,,,,,,
csv,56,3,398233545,398233611,398233655,399655538,399188874,397379316,399655631,399655675,399655764,399655838,399655885,399655992,399656039,399656250,399656339,399656449,399979183,399979227,399996765,399996854,399996952,399997116,399997160,400000073,399996641,399979109,399655511,397826930,397826950,397379361,397379388,397826887,397811836,397811887,397826874,397826820,398219331,398219349,398233518,398233473,,,,,,,,,,,,,,,,,,,,,,,,,,,,,,,,,,,,,,,,,,,,,,,,,,,,,,,,,,,,
bb_id,56,3,224,226,227,228,239,240,241,242,243,244,245,246,247,248,249,250,251,252,253,254,255,256,260,261,262,263,264,293,294,295,296,297,298,299,300,301,302,303,304,305,,,,,,,,,,,,,,,,,,,,,,,,,,,,,,,,,,,,,,,,,,,,,,,,,,,,,,,,,,,,
bbv,57,0,1,1,1,1,1,1,1,1,1,1,1,1,1,1,6,6,1,1,1,1,1,1,1,1,1,1,1,256,1,1,42,42,42,169,169,43,337,295,295,422,337,294,294,420,294,337,10712,10712,43247,43247,43247,43247,43247,1383912,43248,10713,338,1,42,42,43,43,43,1376,1376,1376,352256,1344,1344,1344,344064,,,,,,,,,,,,,,,,,,,,,,,,,,,,,
csv,57,0,129565905,129588661,129588666,129565898,129565899,129588656,129588759,129588766,129588773,129588777,129588811,129588814,129588817,129588820,129588979,129588982,129588984,129588987,129588990,129588992,129588995,129589000,129565957,129565963,129588555,129588579,129588599,129588505,129565890,129565891,128548342,128548346,128548348,129367880,129483352,129483353,129367889,129367891,129367896,129367918,129367923,129252398,129252403,129136784,129252408,129367970,129368002,129368011,129482499,129482525,129482560,129482661,129482663,129483335,129483339,129483343,129483344,129565834,128465979,128465989,129483357,129483364,129565831,129563255,129563265,129565828,129565825,128545754,128545762,128548325,128548322,,,,,,,,,,,,,,,,,,,,,,,,,,,,,
bb_id,57,0,59,62,64,101,102,115,116,118,120,121,132,133,134,135,136,137,138,139,140,141,143,144,168,169,170,171,172,173,180,182,224,226,227,228,239,240,241,242,243,244,245,246,247,248,249,250,251,252,253,254,255,256,260,261,262,263,264,292,293,294,295,296,297,298,299,300,301,302,303,304,305,,,,,,,,,,,,,,,,,,,,,,,,,,,,,
bbv,57,1,1,1,1,1,1,256,25,25,25,102,103,26,204,179,179,258,204,178,178,252,178,204,6395,6395,26156,26156,26156,26156,26156,837006,26157,6396,205,1,25,25,26,26,26,832,832,832,212992,800,800,800,204800,,,,,,,,,,,,,,,,,,,,,,,,,,,,,,,,,,,,,,,,,,,,,,,,,,,,,
csv,57,1,129566231,129566282,129588567,129588597,129588605,129588549,104221534,104221579,104221622,107430498,107994680,107994826,107430549,107430673,107430741,107431058,107431149,106876040,106876107,106543574,106876164,107431217,107431312,107431426,107989340,107989387,107989527,107989754,107989882,107994390,107994415,107994507,107994529,129565837,103844436,103844456,107994851,107994942,108580752,108570255,108570275,108580739,108580716,104210050,104210169,104221476,104221463,,,,,,,,,,,,,,,,,,,,,,,,,,,,,,,,,,,,,,,,,,,,,,,,,,,,,
bb_id,57,1,168,169,170,171,172,173,224,226,227,228,239,240,241,242,243,244,245,246,247,248,249,250,251,252,253,254,255,256,260,261,262,263,264,292,293,294,295,296,297,298,299,300,301,302,303,304,305,,,,,,,,,,,,,,,,,,,,,,,,,,,,,,,,,,,,,,,,,,,,,,,,,,,,,
bbv,57,2,1,1,1,1,1,256,23,23,23,94,94,24,187,164,164,236,187,163,163,231,163,187,5878,5878,24039,24039,24039,24039,24039,769263,24040,5879,188,1,23,23,24,24,24,768,768,768,196608,736,736,736,188416,,,,,,,,,,,,,,,,,,,,,,,,,,,,,,,,,,,,,,,,,,,,,,,,,,,,,
csv,57,2,129565931,129565960,129588561,129588585,129588601,129588483,100276879,100276956,100277042,103374381,103762761,103762824,103374442,103374506,103374532,103374699,103374725,102932222,102932377,102470988,102932438,103374824,103374949,103374999,103759649,103759696,103759771,103759914,103759957,103762478,103762543,103762599,103762692,129565840,99891482,99891522,103762869,103762900,104311712,104292060,104292091,104311678,104311613,100261273,100261333,100276862,100276786,,,,,,,,,,,,,,,,,,,,,,,,,,,,,,,,,,,,,,,,,,,,,,,,,,,,,
bb_id,57,2,168,169,170,171,172,173,224,226,227,228,239,240,241,242,243,244,245,246,247,248,249,250,251,252,253,254,255,256,260,261,262,263,264,292,293,294,295,296,297,298,299,300,301,302,303,304,305,,,,,,,,,,,,,,,,,,,,,,,,,,,,,,,,,,,,,,,,,,,,,,,,,,,,,
bbv,57,3,1,1,1,1,1,256,26,26,26,106,107,27,212,186,186,268,212,185,185,262,185,212,6649,6649,27170,27170,27170,27170,27170,869443,27171,6650,213,1,26,26,27,27,27,864,864,864,221184,832,832,832,212992,,,,,,,,,,,,,,,,,,,,,,,,,,,,,,,,,,,,,,,,,,,,,,,,,,,,,
csv,57,3,129566257,129566285,129588573,129588591,129588603,129588527,108801999,108802003,108802005,110048350,110231529,110231593,110048359,110048361,110048366,110048489,110048494,109864880,109864885,109682115,109864911,110048541,110048638,110048647,110230048,110230074,110230109,110230334,110230336,110231512,110231516,110231520,110231521,129565843,108671282,108671292,110231597,110231604,110439477,110433069,110433079,110439308,110439305,108797721,108797729,108801942,108801939,,,,,,,,,,,,,,,,,,,,,,,,,,,,,,,,,,,,,,,,,,,,,,,,,,,,,
bb_id,57,3,168,169,170,171,172,173,224,226,227,228,239,240,241,242,243,244,245,246,247,248,249,250,251,252,253,254,255,256,260,261,262,263,264,292,293,294,295,296,297,298,299,300,301,302,303,304,305,,,,,,,,,,,,,,,,,,,,,,,,,,,,,,,,,,,,,,,,,,,,,,,,,,,,,
