type,region,thread,data
bbv,0,0,1,1,1,1,1,1,1,1,1,875,1,1,1,1,11,11,10,10,10,10,10,8750,10,10,10,10,10,10,10,10,10,10,35000,35000,36040,36040,36039,4805365,11,3501
csv,0,0,90,96,1602,1964,504397,504405,504434,504489,504526,558223,558274,560608,560632,560641,385502588,385502621,384588569,384588579,384588583,384588671,384588697,384662301,384662304,384662310,384662334,384662371,384662430,385236448,385236472,385236502,385236558,385502574,385491791,385236436,399991548,399991636,399991508,400000030,385502598,504380
bb_id,0,0,31,32,70,71,72,73,74,75,76,77,78,80,81,82,100,101,102,103,104,105,106,107,108,110,111,112,113,114,115,116,117,118,119,120,122,123,124,125,126,128
bbv,0,1,1,1,1,1,1,1,1,875,1,1,1,1,11,11,10,10,10,10,10,8750,10,10,10,10,10,10,10,10,10,10,35000,35000,36619,36619,36618,4810209,3500
csv,0,1,640,786,504455,504514,504610,504695,504778,560581,560584,560602,560620,560644,385502606,385502651,384588617,384588695,384588753,384588851,384588895,384654585,384654756,384662328,384662352,384662409,384662436,385236460,385236484,385236538,385236564,385502584,385499600,385227867,399990291,399990359,399990251,400000070,447680
bb_id,0,1,70,71,72,73,74,75,76,77,78,80,81,82,100,101,102,103,104,105,106,107,108,110,111,112,113,114,115,116,117,118,119,120,122,123,124,125,128
bbv,0,2,1,1,1,1,1,1,1,875,1,1,1,1,11,11,10,10,10,10,10,8750,10,10,10,10,10,10,10,10,10,10,35000,35000,36135,36135,36134,4801121,3500
csv,0,2,156,158,504422,504430,504438,504506,504524,556460,556527,560590,560626,560638,385502592,385502636,384588634,384588644,384588675,384588745,384588776,384657909,384657933,384662316,384662340,384662428,384662432,385236454,385236466,385236520,385236560,385502569,385502564,385217371,399995185,399995213,399995145,400000050,493184
bb_id,0,2,70,71,72,73,74,75,76,77,78,80,81,82,100,101,102,103,104,105,106,107,108,110,111,112,113,114,115,116,117,118,119,120,122,123,124,125,128
bbv,0,3,1,1,1,1,1,1,1,875,1,1,1,1,11,11,10,10,10,10,10,8750,10,10,10,10,10,10,10,10,10,10,35000,35000,36626,36626,36625,4829190,3500
csv,0,3,470,544,504472,504522,504614,504712,504780,558722,558741,560596,560614,560635,385502602,385502666,384588600,384588685,384588749,384588824,384588897,384654690,384654759,384662322,384662346,384662390,384662434,385236442,385236478,385236556,385236562,385502579,385491468,385225858,399997802,399997890,399997762,400000010,450596
bb_id,0,3,70,71,72,73,74,75,76,77,78,80,81,82,100,101,102,103,104,105,106,107,108,110,111,112,113,114,115,116,117,118,119,120,122,123,124,125,128
bbv,1,0,10,10,10,10,10,10,10,8750,10,10,10,10,10,10,10,10,10,10,35000,35000,36045,36045,36045,4810876,10
csv,1,0,370444462,370444491,369530456,369530476,369530484,369530511,369530594,369604171,369604174,369604180,369604210,369604241,369604300,370178318,370178348,370178372,370178428,370444444,370439532,370178306,399985793,399985901,399985613,400000069,370444476
bb_id,1,0,100,101,102,103,104,105,106,107,108,110,111,112,113,114,115,116,117,118,119,120,122,123,124,125,126
bbv,1,1,10,10,10,10,10,10,10,8750,10,10,10,10,10,10,10,10,10,10,35000,35000,36698,36698,36698,4821175
csv,1,1,370444470,370444584,369530545,369530582,369530604,369530658,369530704,369603202,369603310,369604192,369604222,369604279,369604304,370178330,370178354,370178426,370178432,370444449,370419525,370170557,399995164,399995192,399995124,400000049
bb_id,1,1,100,101,102,103,104,105,106,107,108,110,111,112,113,114,115,116,117,118,119,120,122,123,124,125
bbv,1,2,10,10,10,10,10,10,10,8750,10,10,10,10,10,10,10,10,10,10,35000,35000,36186,36186,36186,4806805
csv,1,2,370444458,370444554,369530439,369530466,369530480,369530572,369530596,369594397,369594421,369604198,369604204,369604298,369604302,370178324,370178342,370178390,370178430,370444439,370444434,370143907,399994127,399994195,399994087,400000009
bb_id,1,2,100,101,102,103,104,105,106,107,108,110,111,112,113,114,115,116,117,118,119,120,122,123,124,125
bbv,1,3,10,10,10,10,10,10,10,8750,10,10,10,10,10,10,10,10,10,10,35000,35000,36668,36668,36668,4834736
csv,1,3,370444466,370444569,369530528,369530592,369530600,369530631,369530702,369601351,369601375,369604186,369604216,369604260,369604306,370178312,370178336,370178408,370178434,370444454,370430450,370176748,399997041,399997069,399996941,400000029
bb_id,1,3,100,101,102,103,104,105,106,107,108,110,111,112,113,114,115,116,117,118,119,120,122,123,124,125
bbv,2,0,1,1,1,1,1,1,1,1,1,1,875,1,1,1,1,1,1,1,1,1,1,875,1,1,1,1,3500,3500,3500,466836,10,10,10,10,10,10,10,8750,10,10,10,10,10,10,10,10,10,10,35000,35000,33362,33362,33362,4446573,10,3501,1,1,1,1,1,875,1,1,1,1,1,1,1,3500,1,1,1,1,1,1
csv,2,0,200905926,200576320,200905920,200906046,200906050,201410227,201410235,201410268,201410304,201410306,201455266,201455333,201466438,201466450,201466468,162915369,200495508,200495517,200495547,200495613,200495645,200576240,200576243,200576270,200576276,200576289,200493474,200493482,200495491,200495482,393937448,393937546,393023429,393023490,393023528,393023582,393023619,393097161,393097164,393097182,393097200,393097231,393097290,393671302,393671332,393671362,393671441,393937429,393937424,393671296,399996222,399996350,399996102,400000050,393937458,201410210,200576407,200576416,200576420,200576502,200576506,200664450,200664532,200667740,200667750,200667787,200689946,200690050,200905907,200905905,200667792,200667793,200689643,200667807,200689624,200674451
bb_id,2,0,32,34,36,70,71,72,73,74,75,76,77,78,80,81,82,83,84,85,86,87,88,89,90,92,93,94,96,97,98,99,100,101,102,103,104,105,106,107,108,110,111,112,113,114,115,116,117,118,119,120,122,123,124,125,126,128,148,149,150,151,152,153,154,156,157,158,159,160,161,162,163,164,165,166,167,168
bbv,2,1,1,1,1,1,1,1,1,875,1,1,1,1,1,1,1,1,1,1,875,1,1,1,1,3500,3500,3500,459781,10,10,10,10,10,10,10,8750,10,10,10,10,10,10,10,10,10,10,35000,35000,32348,32348,32348,4249575,3500,1,1,1,1,1,875,1,1,1,1,1,1,1,3500
csv,2,1,200906278,200906642,201410340,201410388,201410396,201410413,201410432,201466411,201466414,201466426,201466462,201466474,162915467,200495568,200495654,200495671,200495699,200495701,200575590,200575616,200576248,200576254,200576295,194962697,194962765,194968308,194968279,393937466,393937511,393023480,393023520,393023586,393023617,393023757,393080016,393080124,393097176,393097206,393097269,393097296,393671314,393671344,393671398,393671418,393937444,393930679,393664326,399989711,399989779,399989611,400000070,201361610,200577776,200577898,200578010,200578690,200578798,200660858,200660888,200667732,200667780,200667956,200668035,200668124,200887800,200887798
bb_id,2,1,70,71,72,73,74,75,76,77,78,80,81,82,83,84,85,86,87,88,89,90,92,93,94,96,97,98,99,100,101,102,103,104,105,106,107,108,110,111,112,113,114,115,116,117,118,119,120,122,123,124,125,128,148,149,150,151,152,153,154,156,157,158,159,160,161,162
bbv,2,2,1,1,1,1,1,1,1,875,1,1,1,1,1,1,1,1,1,1,875,1,1,1,1,3500,3500,3500,464982,10,10,10,10,10,10,10,8750,10,10,10,10,10,10,10,10,10,10,35000,35000,33157,33157,33157,4406069,3500,1,1,1,1,1,875,1,1,1,1,1,1,1,3500
csv,2,2,200905986,200906048,201410252,201410260,201410264,201410285,201410287,201458165,201458168,201466432,201466444,201466465,162915383,200495534,200495543,200495551,200495641,200495643,200575961,200575987,200576281,200576287,200576291,199598495,199598503,199601309,199601280,393937452,393937481,393023446,393023500,393023524,393023555,393023621,393092601,393092835,393097188,393097194,393097288,393097292,393671320,393671326,393671380,393671443,393937434,393930945,393647762,399994768,399994845,399994728,400000030,201404234,200576357,200576366,200576370,200576461,200576504,200656746,200656776,200667716,200667760,200667800,200667828,200667830,200878752,200878733
bb_id,2,2,70,71,72,73,74,75,76,77,78,80,81,82,83,84,85,86,87,88,89,90,92,93,94,96,97,98,99,100,101,102,103,104,105,106,107,108,110,111,112,113,114,115,116,117,118,119,120,122,123,124,125,128,148,149,150,151,152,153,154,156,157,158,159,160,161,162
bbv,2,3,1,1,1,1,1,1,1,875,1,1,1,1,1,1,1,1,1,1,875,1,1,1,1,3500,3500,3500,461505,10,10,10,10,10,10,10,8750,10,10,10,10,10,10,10,10,10,10,35000,35000,32376,32376,32376,4270374,3500,1,1,1,1,1,875,1,1,1,1,1,1,1,3500
csv,2,3,200906218,200906640,201410323,201410380,201410392,201410430,201410466,201461608,201461627,201466420,201466456,201466471,162915453,200495585,200495663,200495667,200495729,200495731,200574851,200575383,200576259,200576265,200576293,196144300,196144308,196151451,196151402,393937462,393937496,393023463,393023510,393023590,393023711,393023713,393080079,393080127,393097170,393097212,393097250,393097294,393671308,393671338,393671416,393671420,393937439,393923725,393666745,399994925,399994953,399994817,400000010,201361394,200577739,200577889,200578006,200578649,200578796,200667704,200667708,200667724,200667770,200667814,200668021,200668122,200879043,200879007
bb_id,2,3,70,71,72,73,74,75,76,77,78,80,81,82,83,84,85,86,87,88,89,90,92,93,94,96,97,98,99,100,101,102,103,104,105,106,107,108,110,111,112,113,114,115,116,117,118,119,120,122,123,124,125,128,148,149,150,151,152,153,154,156,157,158,159,160,161,162
bbv,3,0,10,10,10,10,10,10,10,8750,10,10,10,10,10,10,10,10,10,10,35000,35000,36040,36040,36040,4808669,10
csv,3,0,378879322,378879444,377965299,377965309,377965313,377965388,377965446,378039031,378039034,378039046,378039070,378039101,378039162,378613172,378613208,378613232,378613288,378879304,378864759,378613166,399996602,399996630,399996482,400000050,378879336
bb_id,3,0,100,101,102,103,104,105,106,107,108,110,111,112,113,114,115,116,117,118,119,120,122,123,124,125,126
bbv,3,1,10,10,10,10,10,10,10,8750,10,10,10,10,10,10,10,10,10,10,35000,35000,36704,36704,36704,4821654
csv,3,1,378879330,378879429,377965361,377965425,377965481,377965575,377965619,378026023,378026089,378039058,378039082,378039139,378039166,378613184,378613214,378613286,378613311,378879314,378877698,378603244,399990611,399990739,399990511,400000030
bb_id,3,1,100,101,102,103,104,105,106,107,108,110,111,112,113,114,115,116,117,118,119,120,122,123,124,125
bbv,3,2,10,10,10,10,10,10,10,8750,10,10,10,10,10,10,10,10,10,10,35000,35000,36191,36191,36191,4807408
csv,3,2,378879318,378879351,377965330,377965340,377965344,377965415,377965444,378034996,378035314,378039052,378039064,378039158,378039160,378613178,378613202,378613250,378613290,378879299,378879294,378590534,399992408,399992436,399992368,400000070
bb_id,3,2,100,101,102,103,104,105,106,107,108,110,111,112,113,114,115,116,117,118,119,120,122,123,124,125
bbv,3,3,10,10,10,10,10,10,10,8750,10,10,10,10,10,10,10,10,10,10,35000,35000,36675,36675,36675,4835837
csv,3,3,378879326,378879414,377965442,377965477,377965548,377965646,377965732,378026971,378026974,378039040,378039076,378039120,378039164,378613190,378613196,378613268,378613313,378879309,378874563,378608984,399995365,399995393,399995285,400000010
bb_id,3,3,100,101,102,103,104,105,106,107,108,110,111,112,113,114,115,116,117,118,119,120,122,123,124,125
bbv,4,0,1,3169,3169,3168,422588,9,9,10,10,10,10,10,8750,10,10,10,10,10,10,10,10,10,10,35000,35000,33513,33513,33514,4470317,9
csv,4,0,363821198,399996554,399996582,399996514,400000019,325326994,325327085,362907186,362907210,362907214,362907302,362907324,362980901,362980904,362980922,362980934,362980990,362981036,363555042,363555072,363555102,363555181,363821169,363805128,363505590,362905135,362905143,362907152,362907143,325327012
bb_id,4,0,83,96,97,98,99,100,101,102,103,104,105,106,107,108,110,111,112,113,114,115,116,117,118,119,120,122,123,124,125,126
bbv,4,1,1,3500,3500,3500,459781,9,9,10,10,10,10,10,8750,10,10,10,10,10,10,10,10,10,10,35000,35000,32631,32631,32632,4286437
csv,4,1,363821280,395687335,395687363,395693672,395693623,325327006,325327120,362907248,362907322,362907351,362907382,362907453,362970140,362970206,362980928,362980946,362981028,362981032,363555060,363555084,363555138,363555158,363821184,363817003,363523302,356429875,356429883,356434006,356433997
bb_id,4,1,83,96,97,98,99,100,101,102,103,104,105,106,107,108,110,111,112,113,114,115,116,117,118,119,120,122,123,124,125
bbv,4,2,1,3312,3312,3311,440127,9,9,10,10,10,10,10,8750,10,10,10,10,10,10,10,10,10,10,35000,35000,33331,33331,33332,4427697
csv,4,2,363821212,399998991,399999019,399998951,400000039,325326998,325327070,362907169,362907196,362907200,362907275,362907326,362975270,362975567,362980910,362980952,362980971,362981034,363555048,363555066,363555120,363555183,363821174,363818409,363469510,362064053,362064081,362068147,362068118
bb_id,4,2,83,96,97,98,99,100,101,102,103,104,105,106,107,108,110,111,112,113,114,115,116,117,118,119,120,122,123,124,125
bbv,4,3,1,3500,3500,3500,461505,9,9,10,10,10,10,10,8750,10,10,10,10,10,10,10,10,10,10,35000,35000,32655,32655,32656,4305113
csv,4,3,363821266,396765230,396765238,396771864,396771855,325327002,325327027,362907231,362907312,362907355,362907451,362907497,362971046,362971049,362980916,362980940,362981009,362981030,363555054,363555078,363555156,363555179,363821179,363821164,363555036,356379680,356379768,356387988,356387919
bb_id,4,3,83,96,97,98,99,100,101,102,103,104,105,106,107,108,110,111,112,113,114,115,116,117,118,119,120,122,123,124,125
bbv,5,0,1,1,1,1,1,1,1,1,1,1,875,1,1,1,1,1,1,1,1,1,875,1,1,1,1,331,331,332,44248,11,11,10,10,10,10,10,8750,10,10,10,10,10,10,10,10,10,10,35000,35000,35930,35930,35929,4790639,11,3501,1,1,1,1,1,875,1,1,1,1,1,1,1,3500,1,1,1
csv,5,0,1811697,1482110,1811691,1811817,1811821,2316027,2316035,2316039,2316056,2316075,2367936,2367939,2372191,2372227,2372236,1401298,1401324,1401337,1401403,1401435,1481601,1481604,1482060,1482066,1482081,1399264,1399272,1401281,1401272,387314193,387314315,386400170,386400180,386400184,386400296,386400325,386473902,386473905,386473917,386473941,386473972,386474012,387048049,387048073,387048103,387048182,387314170,387314165,387048037,399989536,399989604,399989496,400000075,387314207,2306333,1482147,1482156,1482160,1482301,1482385,1573494,1573498,1573522,1573550,1573577,1573634,1573638,1805352,1805333,1573582,1573583,1573606
bb_id,5,0,32,34,36,70,71,72,73,74,75,76,77,78,80,81,82,84,85,86,87,88,89,90,92,93,94,96,97,98,99,100,101,102,103,104,105,106,107,108,110,111,112,113,114,115,116,117,118,119,120,122,123,124,125,126,128,148,149,150,151,152,153,154,156,157,158,159,160,161,162,163,164,165
bbv,5,1,1,1,1,1,1,1,1,875,1,1,1,1,1,1,1,1,1,875,1,1,1,1,11,11,10,10,10,10,10,8750,10,10,10,10,10,10,10,10,10,10,35000,35000,36412,36412,36411,4782383,3500,1,1,1,1,1,875,1,1,1,1,1,1,1,3500
csv,5,1,1811941,1812125,2316111,2316175,2316227,2316297,2316349,2372182,2372185,2372203,2372233,2372245,1401358,1411472,1411683,1411881,1411979,1482046,1482049,1482071,1482077,1482085,387314201,387314280,386400363,386400457,386400488,386400578,386400687,386463543,386463630,386473911,386473953,386474010,386474035,387048061,387048085,387048141,387048143,387314185,387311144,387036311,399999667,399999735,399999627,400000015,2231849,1482234,1482252,1482260,1482342,1482387,1560252,1560334,1573530,1573570,1573604,1573768,1573823,1781854,1781801
bb_id,5,1,70,71,72,73,74,75,76,77,78,80,81,82,84,85,86,87,88,89,90,92,93,94,100,101,102,103,104,105,106,107,108,110,111,112,113,114,115,116,117,118,119,120,122,123,124,125,128,148,149,150,151,152,153,154,156,157,158,159,160,161,162
bbv,5,2,1,1,1,1,1,1,1,875,1,1,1,1,1,1,1,1,1,875,1,1,1,1,188,188,189,24855,11,11,10,10,10,10,10,8750,10,10,10,10,10,10,10,10,10,10,35000,35000,36021,36021,36020,4786163,3500,1,1,1,1,1,875,1,1,1,1,1,1,1,3500
csv,5,2,1811757,1811819,2315998,2316006,2316010,2316073,2316077,2366269,2366320,2372197,2372221,2372239,1401315,1401333,1401341,1401431,1401433,1476340,1476435,1477567,1478194,1482079,993042,993070,996616,996587,387314189,387314222,386400201,386400211,386400215,386400269,386400298,386469825,386469828,386473929,386473935,386474031,386474037,387048043,387048067,387048180,387048241,387314175,387313462,387023560,399997330,399997358,399997230,400000055,2315981,1493190,1493329,1493359,1493504,1493636,1572060,1572064,1573506,1573540,1573590,1573620,1573636,1811678,1811676
bb_id,5,2,70,71,72,73,74,75,76,77,78,80,81,82,84,85,86,87,88,89,90,92,93,94,96,97,98,99,100,101,102,103,104,105,106,107,108,110,111,112,113,114,115,116,117,118,119,120,122,123,124,125,128,148,149,150,151,152,153,154,156,157,158,159,160,161,162
bbv,5,3,1,1,1,1,1,1,1,875,1,1,1,1,1,1,1,1,1,875,1,1,1,1,11,11,10,10,10,10,10,8750,10,10,10,10,10,10,10,10,10,10,35000,35000,36389,36389,36388,4797356,3500,1,1,1,1,1,875,1,1,1,1,1,1,1,3500
csv,5,3,1811881,1812123,2316094,2316167,2316231,2316280,2316299,2369795,2369814,2372209,2372215,2372242,1401375,1411853,1411977,1412099,1412101,1479551,1479945,1481793,1482055,1482083,387314197,387314265,386400232,386400242,386400302,386400484,386400580,386462532,386462556,386473923,386473947,386473991,386474033,387048055,387048079,387048121,387048123,387314180,387313177,387042625,399994813,399994841,399994773,400000035,2227313,1482197,1482243,1482256,1482383,1482389,1556790,1556846,1573514,1573560,1573597,1573754,1573821,1789115,1789062
bb_id,5,3,70,71,72,73,74,75,76,77,78,80,81,82,84,85,86,87,88,89,90,92,93,94,100,101,102,103,104,105,106,107,108,110,111,112,113,114,115,116,117,118,119,120,122,123,124,125,128,148,149,150,151,152,153,154,156,157,158,159,160,161,162
bbv,6,0,10,10,10,10,10,10,10,8750,10,10,10,10,10,10,10,10,10,10,35000,35000,36026,36026,36026,4807352,10
csv,6,0,372256062,372256087,371342062,371342076,371342080,371342107,371342109,371415767,371415770,371415776,371415812,371415837,371415943,371989920,371989950,371989968,371989988,372256035,372251869,371989902,399997827,399997895,399997787,400000052,372256072
bb_id,6,0,100,101,102,103,104,105,106,107,108,110,111,112,113,114,115,116,117,118,119,120,122,123,124,125,126
bbv,6,1,10,10,10,10,10,10,10,8750,10,10,10,10,10,10,10,10,10,10,35000,35000,36690,36690,36690,4821285
csv,6,1,372256054,372256188,371342143,371342211,371342238,371342269,371342340,371411918,371411921,371415788,371415818,371415875,371415898,371989908,371989944,371990045,371990087,372256050,372256030,371987401,399998004,399998072,399997964,400000012
bb_id,6,1,100,101,102,103,104,105,106,107,108,110,111,112,113,114,115,116,117,118,119,120,122,123,124,125
bbv,6,2,10,10,10,10,10,10,10,8750,10,10,10,10,10,10,10,10,10,10,35000,35000,36201,36201,36201,4807850
csv,6,2,372256066,372256102,371342035,371342045,371342066,371342191,371342234,371411897,371412113,371415782,371415806,371415896,371415941,371989926,371989932,371989986,371989990,372256040,372252933,371964318,399996450,399996538,399996350,400000072
bb_id,6,2,100,101,102,103,104,105,106,107,108,110,111,112,113,114,115,116,117,118,119,120,122,123,124,125
bbv,6,3,10,10,10,10,10,10,10,8750,10,10,10,10,10,10,10,10,10,10,35000,35000,36679,36679,36679,4837107
csv,6,3,372256058,372256173,371342126,371342201,371342242,371342296,371342342,371405531,371405597,371415794,371415800,371415856,371415877,371989914,371989938,371990027,371990047,372256045,372255916,371982768,399994253,399994321,399994213,400000032
bb_id,6,3,100,101,102,103,104,105,106,107,108,110,111,112,113,114,115,116,117,118,119,120,122,123,124,125
bbv,7,0,1,1,1,1,1,1,1,1,1,1,875,1,1,1,1,1,1,1,1,1,1,875,1,1,1,1,3500,3500,3500,466836,10,10,10,10,10,10,10,8750,10,10,10,10,10,10,10,10,10,10,35000,35000,33378,33378,33378,4450365,10,3501,1,1,1,1,1,875,1,1,1,1,1,1,1,3500,1,1,1
csv,7,0,202717500,202387913,202717494,202717620,202717744,203221801,203221826,203221830,203221893,203221928,203277886,203277905,203278000,203278030,203278042,164726976,202307101,202307127,202307140,202307206,202307256,202385262,202385334,202385477,202385529,202387882,202305067,202305075,202307084,202307075,395749022,395749055,394835003,394835013,394835017,394835044,394835046,394908735,394908738,394908744,394908768,394908824,394908864,395482876,395482906,395482936,395482994,395749003,395748998,395482870,399994616,399994704,399994416,400000041,395749032,203221784,202387987,202388005,202388009,202388095,202388191,202476693,202476697,202479333,202479353,202479380,202479539,202479677,202717481,202717479,202479385,202479407,202479453
bb_id,7,0,32,34,36,70,71,72,73,74,75,76,77,78,80,81,82,83,84,85,86,87,88,89,90,92,93,94,96,97,98,99,100,101,102,103,104,105,106,107,108,110,111,112,113,114,115,116,117,118,119,120,122,123,124,125,126,128,148,149,150,151,152,153,154,156,157,158,159,160,161,162,163,164,165
bbv,7,1,1,1,1,1,1,1,1,875,1,1,1,1,1,1,1,1,1,1,875,1,1,1,1,3500,3500,3500,459781,10,10,10,10,10,10,10,8750,10,10,10,10,10,10,10,10,10,10,35000,35000,32361,32361,32361,4250303,3500,1,1,1,1,1,875,1,1,1,1,1,1,1,3500
csv,7,1,202717680,202717746,203221876,203221918,203221938,203221987,203222006,203273483,203273486,203278006,203278036,203278056,164727004,202307161,202307243,202307260,202307292,202307324,202387855,202387858,202387874,202387880,202387886,199081770,199081898,199085744,199085735,395749040,395749100,394835080,394835142,394835205,394835236,394835259,394899132,394899324,394908762,394908780,394908862,394908870,395482894,395482918,395482972,395482992,395749018,395736496,395473604,399992902,399992950,399992862,400000001,203170808,202388169,202388187,202388199,202388333,202388389,202473179,202473183,202479317,202479373,202479406,202479435,202479457,202673768,202673749
bb_id,7,1,70,71,72,73,74,75,76,77,78,80,81,82,83,84,85,86,87,88,89,90,92,93,94,96,97,98,99,100,101,102,103,104,105,106,107,108,110,111,112,113,114,115,116,117,118,119,120,122,123,124,125,128,148,149,150,151,152,153,154,156,157,158,159,160,161,162
bbv,7,2,1,1,1,1,1,1,1,875,1,1,1,1,1,1,1,1,1,1,875,1,1,1,1,3500,3500,3500,464982,10,10,10,10,10,10,10,8750,10,10,10,10,10,10,10,10,10,10,35000,35000,33097,33097,33097,4399006,3500,1,1,1,1,1,875,1,1,1,1,1,1,1,3500
csv,7,2,202717560,202717742,203221818,203221838,203221842,203221910,203221930,203277985,203277988,203277994,203278024,203278039,164726962,202307118,202307136,202307144,202307234,202307254,202381637,202381663,202382933,202383330,202387888,201312136,201312164,201315693,201315664,395749026,395749070,394835180,394835319,394835428,394835518,394835604,394903818,394904157,394908750,394908786,394908805,394908866,395482882,395482900,395482954,395482996,395749008,395733836,395462657,399993839,399993927,399993699,400000021,203215916,202387950,202387996,202388013,202388054,202388189,202479297,202479301,202479325,202479343,202479392,202479449,202479451,202706021,202706002
bb_id,7,2,70,71,72,73,74,75,76,77,78,80,81,82,83,84,85,86,87,88,89,90,92,93,94,96,97,98,99,100,101,102,103,104,105,106,107,108,110,111,112,113,114,115,116,117,118,119,120,122,123,124,125,128,148,149,150,151,152,153,154,156,157,158,159,160,161,162
bbv,7,3,1,1,1,1,1,1,1,875,1,1,1,1,1,1,1,1,1,1,875,1,1,1,1,3500,3500,3500,461505,10,10,10,10,10,10,10,8750,10,10,10,10,10,10,10,10,10,10,35000,35000,32397,32397,32397,4272936,3500,1,1,1,1,1,875,1,1,1,1,1,1,1,3500
csv,7,3,202717740,202717748,203221859,203221926,203221934,203222004,203222072,203272728,203272747,203278012,203278018,203278053,164726990,202307178,202307252,202307264,202307320,202307322,202387024,202387280,202387863,202387869,202387884,199013002,199013030,199021793,199021704,395749036,395749085,394835063,394835132,394835209,394835286,394835288,394896567,394896591,394908756,394908774,394908843,394908868,395482888,395482912,395482990,395482998,395749013,395747326,395477868,399995013,399995101,399994913,400000061,203171960,202388132,202388178,202388195,202388292,202388387,202470549,202470579,202479309,202479363,202479399,202479421,202479455,202693303,202693301
bb_id,7,3,70,71,72,73,74,75,76,77,78,80,81,82,83,84,85,86,87,88,89,90,92,93,94,96,97,98,99,100,101,102,103,104,105,106,107,108,110,111,112,113,114,115,116,117,118,119,120,122,123,124,125,128,148,149,150,151,152,153,154,156,157,158,159,160,161,162
bbv,8,0,10,10,10,10,10,10,10,8750,10,10,10,10,10,10,10,10,10,10,35000,35000,36013,36013,36013,4804227,10
csv,8,0,380690901,380691007,379776882,379776909,379776913,379776985,379777014,379850086,379850110,379850641,379850653,379850684,379850745,380424761,380424785,380424815,380424871,380690882,380690877,380424749,399991825,399991913,399991785,400000024,380690919
bb_id,8,0,100,101,102,103,104,105,106,107,108,110,111,112,113,114,115,116,117,118,119,120,122,123,124,125,126
bbv,8,1,10,10,10,10,10,10,10,8750,10,10,10,10,10,10,10,10,10,10,35000,35000,36715,36715,36715,4822466
csv,8,1,380690913,380690992,379777002,379777012,379777066,379777120,379777145,379842271,379842337,379850635,379850665,379850722,379850749,380424773,380424797,380424869,380424877,380690897,380688141,380418927,399994562,399994650,399994522,400000064
bb_id,8,1,100,101,102,103,104,105,106,107,108,110,111,112,113,114,115,116,117,118,119,120,122,123,124,125
bbv,8,2,10,10,10,10,10,10,10,8750,10,10,10,10,10,10,10,10,10,10,35000,35000,36183,36183,36183,4806205
csv,8,2,380690905,380690934,379776899,379776923,379776927,379777041,379777122,379850614,379850617,379850629,379850647,379850741,379850743,380424767,380424779,380424833,380424873,380690887,380688426,380399534,399994999,399995067,399994959,400000044
bb_id,8,2,100,101,102,103,104,105,106,107,108,110,111,112,113,114,115,116,117,118,119,120,122,123,124,125
bbv,8,3,10,10,10,10,10,10,10,8750,10,10,10,10,10,10,10,10,10,10,35000,35000,36721,36721,36721,4840629
csv,8,3,380690909,380690977,379776944,379776954,379776958,379777093,379777147,379841554,379841599,379850623,379850659,379850703,379850747,380424755,380424791,380424851,380424875,380690892,380683866,380421182,399995456,399995544,399995376,400000004
bb_id,8,3,100,101,102,103,104,105,106,107,108,110,111,112,113,114,115,116,117,118,119,120,122,123,124,125
bbv,9,0,1,2770,2770,2769,368919,9,9,10,10,10,10,10,8750,10,10,10,10,10,10,10,10,10,10,35000,35000,33653,33653,33654,4489217,9
csv,9,0,365632787,399998438,399998466,399998398,400000026,327138587,327138782,364718758,364718768,364718772,364718853,364718855,364792490,364792493,364792517,364792529,364792560,364792600,365366631,365366661,365366691,365366789,365632763,365631233,365366625,364716724,364716732,364718741,364718732,327138601
bb_id,9,0,83,96,97,98,99,100,101,102,103,104,105,106,107,108,110,111,112,113,114,115,116,117,118,119,120,122,123,124,125,126
bbv,9,1,1,3500,3500,3500,459781,9,9,10,10,10,10,10,8750,10,10,10,10,10,10,10,10,10,10,35000,35000,32822,32822,32823,4312613
csv,9,1,365632829,399698907,399698935,399704847,399704838,327138595,327138699,364718789,364718816,364718863,364718938,364718971,364785509,364785575,364792499,364792541,364792598,364792748,365366649,365366673,365366727,365366747,365632773,365629428,365354858,358840707,358840715,358844738,358844729
bb_id,9,1,83,96,97,98,99,100,101,102,103,104,105,106,107,108,110,111,112,113,114,115,116,117,118,119,120,122,123,124,125
bbv,9,2,1,3045,3045,3044,404448,9,9,10,10,10,10,10,8750,10,10,10,10,10,10,10,10,10,10,35000,35000,33498,33498,33499,4449876
csv,9,2,365632801,399994721,399994749,399994681,400000006,327138583,327138797,364718880,364718911,364718969,364719021,364719107,364787783,364787786,364792511,364792523,364792619,364792621,365366637,365366655,365366709,365366791,365632758,365632639,365343870,363761491,363761519,363764248,363764219
bb_id,9,2,83,96,97,98,99,100,101,102,103,104,105,106,107,108,110,111,112,113,114,115,116,117,118,119,120,122,123,124,125
bbv,9,3,1,3500,3500,3500,461505,9,9,10,10,10,10,10,8750,10,10,10,10,10,10,10,10,10,10,35000,35000,32814,32814,32815,4327222
csv,9,3,365632815,399693830,399693918,399704198,399704089,327138591,327138616,364718806,364718826,364718859,364718965,364718973,364786436,364786439,364792505,364792535,364792579,364792746,365366643,365366667,365366745,365366749,365632768,365632753,365362853,358810371,358810479,358820059,358820030
bb_id,9,3,83,96,97,98,99,100,101,102,103,104,105,106,107,108,110,111,112,113,114,115,116,117,118,119,120,122,123,124,125
bbv,10,0,1,1,1,1,1,1,1,1,1,1,875,1,1,1,1,1,1,1,1,1,875,1,1,1,1,730,730,731,97917,11,11,10,10,10,10,10,8750,10,10,10,10,10,10,10,10,10,10,35000,35000,35790,35790,35789,4771832,11,3501,1,1,1,1,1,875,1,1,1,1,1,1,1,3500,1,1,1
csv,10,0,3623299,3293712,3623293,3623359,3623541,4127600,4127608,4127612,4127692,4127729,4180645,4180664,4183805,4183823,4183841,3212900,3212960,3212973,3213005,3213035,3293634,3293640,3293673,3293679,3293681,3210866,3210874,3212883,3212874,389125795,389125869,388211772,388211782,388211786,388211844,388211873,388285504,388285507,388285531,388285543,388285574,388285635,388859645,388859681,388859782,388859824,389125777,389125767,388859639,399995472,399995560,399995332,400000074,389125809,4127583,3293749,3293795,3293808,3293936,3293996,3385096,3385100,3385116,3385142,3385179,3385250,3385270,3623280,3623278,3385184,3385206,3385208
bb_id,10,0,32,34,36,70,71,72,73,74,75,76,77,78,80,81,82,84,85,86,87,88,89,90,92,93,94,96,97,98,99,100,101,102,103,104,105,106,107,108,110,111,112,113,114,115,116,117,118,119,120,122,123,124,125,126,128,148,149,150,151,152,153,154,156,157,158,159,160,161,162,163,164,165
bbv,10,1,1,1,1,1,1,1,1,875,1,1,1,1,1,1,1,1,1,875,1,1,1,1,11,11,10,10,10,10,10,8750,10,10,10,10,10,10,10,10,10,10,35000,35000,36206,36206,36205,4755563,3500,1,1,1,1,1,875,1,1,1,1,1,1,1,3500
csv,10,1,3623479,3623545,4127675,4127725,4127749,4127770,4127804,4170607,4170674,4183811,4183835,4183851,3212934,3217804,3217808,3217905,3217907,3292660,3292663,3293651,3293657,3293687,389125803,389125824,388211974,388212055,388212122,388212153,388212245,388271404,388271491,388285519,388285555,388285612,388285639,388859657,388859687,388859743,388859764,389125787,389117768,388792522,399998986,399999054,399998946,400000054,4074951,3293849,3293895,3293990,3294117,3294472,3370034,3370038,3385124,3385172,3385205,3385236,3385266,3606155,3606136
bb_id,10,1,70,71,72,73,74,75,76,77,78,80,81,82,84,85,86,87,88,89,90,92,93,94,100,101,102,103,104,105,106,107,108,110,111,112,113,114,115,116,117,118,119,120,122,123,124,125,128,148,149,150,151,152,153,154,156,157,158,159,160,161,162
bbv,10,2,1,1,1,1,1,1,1,875,1,1,1,1,1,1,1,1,1,875,1,1,1,1,455,455,456,60534,11,11,10,10,10,10,10,8750,10,10,10,10,10,10,10,10,10,10,35000,35000,35872,35872,35871,4766291,3500,1,1,1,1,1,875,1,1,1,1,1,1,1,3500
csv,10,2,3623539,3623655,4127629,4127637,4127641,4127709,4127727,4183784,4183787,4183799,4183817,4183838,3212917,3212969,3212977,3213033,3213037,3293220,3293637,3293662,3293668,3293683,2517445,2517461,2520330,2520301,389125791,389125839,388211803,388211813,388211817,388211871,388212014,388282687,388282690,388285525,388285537,388285631,388285633,388859651,388859675,388859705,388859784,389125772,389124589,388815236,399988658,399988746,399988618,400000014,4119231,3293786,3293804,3293812,3293977,3293998,3381114,3381612,3385108,3385152,3385191,3385264,3385272,3609933,3609914
bb_id,10,2,70,71,72,73,74,75,76,77,78,80,81,82,84,85,86,87,88,89,90,92,93,94,96,97,98,99,100,101,102,103,104,105,106,107,108,110,111,112,113,114,115,116,117,118,119,120,122,123,124,125,128,148,149,150,151,152,153,154,156,157,158,159,160,161,162
bbv,10,3,1,1,1,1,1,1,1,875,1,1,1,1,1,1,1,1,1,875,1,1,1,1,11,11,10,10,10,10,10,8750,10,10,10,10,10,10,10,10,10,10,35000,35000,36205,36205,36204,4773531,3500,1,1,1,1,1,875,1,1,1,1,1,1,1,3500
csv,10,3,3623419,3623543,4127658,4127717,4127753,4127821,4127871,4171474,4171477,4183793,4183829,4183848,3212951,3216864,3216868,3217057,3217059,3291944,3292016,3293059,3293646,3293685,389125799,389125854,388211991,388212045,388212126,388212243,388212247,388271764,388271830,388285513,388285549,388285593,388285637,388859663,388859669,388859723,388859725,389125782,389121131,388791866,399995709,399995737,399995649,400000034,4071495,3293886,3293986,3293994,3294158,3294474,3364544,3364574,3385132,3385162,3385198,3385222,3385268,3609642,3609640
bb_id,10,3,70,71,72,73,74,75,76,77,78,80,81,82,84,85,86,87,88,89,90,92,93,94,100,101,102,103,104,105,106,107,108,110,111,112,113,114,115,116,117,118,119,120,122,123,124,125,128,148,149,150,151,152,153,154,156,157,158,159,160,161,162
bbv,11,0,10,10,10,10,10,10,10,8750,10,10,10,10,10,10,10,10,10,10,35000,35000,36079,36079,36079,4814330,10
csv,11,0,374067657,374067753,373153638,373153648,373153652,373153710,373153801,373227370,373227373,373227385,373227403,373227440,373227501,373801511,373801553,373801571,373801627,374067638,374067633,373801505,399999543,399999671,399999363,400000071,374067675
bb_id,11,0,100,101,102,103,104,105,106,107,108,110,111,112,113,114,115,116,117,118,119,120,122,123,124,125,126
bbv,11,1,10,10,10,10,10,10,10,8750,10,10,10,10,10,10,10,10,10,10,35000,35000,36659,36659,36659,4816750
csv,11,1,374067665,374067803,373153754,373153781,373153785,373153830,373153985,373210687,373210774,373227397,373227415,373227497,373227505,373801523,373801547,373801625,373801633,374067648,374064536,373792772,399995452,399995460,399995432,400000011
bb_id,11,1,100,101,102,103,104,105,106,107,108,110,111,112,113,114,115,116,117,118,119,120,122,123,124,125
bbv,11,2,10,10,10,10,10,10,10,8750,10,10,10,10,10,10,10,10,10,10,35000,35000,36220,36220,36220,4810465
csv,11,2,374067661,374067768,373153669,373153679,373153683,373153737,373153803,373221151,373221154,373227379,373227421,373227459,373227503,373801529,373801535,373801589,373801629,374067643,374065106,373777028,399998586,399998614,399998446,400000051
bb_id,11,2,100,101,102,103,104,105,106,107,108,110,111,112,113,114,115,116,117,118,119,120,122,123,124,125
bbv,11,3,10,10,10,10,10,10,10,8750,10,10,10,10,10,10,10,10,10,10,35000,35000,36645,36645,36645,4832036
csv,11,3,374067669,374067690,373153771,373153795,373153799,373153857,373153987,373210984,373211050,373227391,373227409,373227478,373227499,373801517,373801541,373801607,373801631,374067653,374060337,373797241,399996129,399996217,399996089,400000031
bb_id,11,3,100,101,102,103,104,105,106,107,108,110,111,112,113,114,115,116,117,118,119,120,122,123,124,125
bbv,12,0,1,1,1,1,1,1,1,1,1,1,875,1,1,1,1,1,1,1,1,1,1,875,1,1,1,1,3500,3500,3500,466836,10,10,10,10,10,10,10,8750,10,10,10,10,10,10,10,10,10,10,35000,35000,33316,33316,33316,4442381,10,3501,1,1,1,1,1,875,1,1,1,1,1,1,1,3500,1,1,1,1
csv,12,0,204529119,204199517,204529113,204529179,204529241,205033420,205033428,205033449,205033478,205033499,205087374,205087393,205089631,205089643,205089661,166538580,204118705,204118731,204118761,204118810,204118860,204199470,204199473,204199478,204199484,204199490,204116671,204116679,204118688,204118679,397560645,397560689,396646622,396646659,396646667,396646694,396646696,396720354,396720357,396720381,396720387,396720424,396720483,397294501,397294525,397294573,397294613,397560627,397559287,397293751,399982068,399982256,399982028,400000041,397560659,205033403,204199554,204199563,204199604,204199658,204199701,204289623,204290017,204290913,204290967,204290984,204317542,204317697,204529100,204529098,204290996,204317341,204291017,204317271
bb_id,12,0,32,34,36,70,71,72,73,74,75,76,77,78,80,81,82,83,84,85,86,87,88,89,90,92,93,94,96,97,98,99,100,101,102,103,104,105,106,107,108,110,111,112,113,114,115,116,117,118,119,120,122,123,124,125,126,128,148,149,150,151,152,153,154,156,157,158,159,160,161,162,163,165,166,167
bbv,12,1,1,1,1,1,1,1,1,875,1,1,1,1,1,1,1,1,1,1,875,1,1,1,1,3500,3500,3500,459781,10,10,10,10,10,10,10,8750,10,10,10,10,10,10,10,10,10,10,35000,35000,32405,32405,32405,4256387,3500,1,1,1,1,1,875,1,1,1,1,1,1,1,3500
csv,12,1,204529363,204529475,205033533,205033597,205033669,205033734,205033753,205086683,205086702,205089625,205089655,205089671,166538608,204118782,204118856,204119236,204119637,204119708,204197219,204197268,204198199,204198343,204199492,198482685,198482713,198487939,198487870,397560653,397560787,396646730,396646798,396646846,396646877,396646950,396716421,396716487,396720369,396720405,396720462,396720489,397294507,397294537,397294609,397294617,397560637,397540876,397293915,399992296,399992404,399992236,400000021,204980519,204199777,204199795,204200011,204200327,204200695,204286837,204286841,204290937,204290977,204291010,204291537,204291626,204516550,204516548
bb_id,12,1,70,71,72,73,74,75,76,77,78,80,81,82,83,84,85,86,87,88,89,90,92,93,94,96,97,98,99,100,101,102,103,104,105,106,107,108,110,111,112,113,114,115,116,117,118,119,120,122,123,124,125,128,148,149,150,151,152,153,154,156,157,158,159,160,161,162
bbv,12,2,1,1,1,1,1,1,1,875,1,1,1,1,1,1,1,1,1,1,875,1,1,1,1,3500,3500,3500,464982,10,10,10,10,10,10,10,8750,10,10,10,10,10,10,10,10,10,10,35000,35000,33101,33101,33101,4398726,3500,1,1,1,1,1,875,1,1,1,1,1,1,1,3500
csv,12,2,204529239,204529243,205033445,205033457,205033461,205033495,205033497,205089604,205089607,205089613,205089637,205089658,166538566,204118722,204118740,204118765,204118838,204118858,204188710,204189334,204190535,204191323,204199488,203419027,203419055,203422581,203422552,397560641,397560674,396646639,396646649,396646663,396646757,396646821,396717054,396717078,396720363,396720393,396720481,396720485,397294513,397294519,397294555,397294611,397560622,397560617,397268249,399988379,399988507,399988279,400000061,205024907,204199600,204199613,204199617,204199699,204199703,204290901,204290905,204290921,204290947,204290991,204291031,204291033,204523352,204523333
bb_id,12,2,70,71,72,73,74,75,76,77,78,80,81,82,83,84,85,86,87,88,89,90,92,93,94,96,97,98,99,100,101,102,103,104,105,106,107,108,110,111,112,113,114,115,116,117,118,119,120,122,123,124,125,128,148,149,150,151,152,153,154,156,157,158,159,160,161,162
bbv,12,3,1,1,1,1,1,1,1,875,1,1,1,1,1,1,1,1,1,1,875,1,1,1,1,3500,3500,3500,461505,10,10,10,10,10,10,10,8750,10,10,10,10,10,10,10,10,10,10,35000,35000,32416,32416,32416,4275106,3500,1,1,1,1,1,875,1,1,1,1,1,1,1,3500
csv,12,3,204529303,204529473,205033516,205033589,205033665,205033751,205033851,205089025,205089028,205089619,205089649,205089668,166538594,204118757,204118847,204119232,204119609,204119710,204193623,204193672,204196805,204197504,204199486,199529398,199529406,199536352,199536343,397560649,397560704,396646713,396646788,396646850,396646946,396646948,396713835,396713880,396720375,396720399,396720443,396720487,397294495,397294531,397294591,397294615,397560632,397556076,397294489,399994033,399994121,399993993,400000001,204979979,204199740,204199786,204200007,204200286,204200693,204279267,204279297,204290929,204290957,204291003,204291523,204291624,204514950,204514931
bb_id,12,3,70,71,72,73,74,75,76,77,78,80,81,82,83,84,85,86,87,88,89,90,92,93,94,96,97,98,99,100,101,102,103,104,105,106,107,108,110,111,112,113,114,115,116,117,118,119,120,122,123,124,125,128,148,149,150,151,152,153,154,156,157,158,159,160,161,162
bbv,13,0,10,10,10,10,10,10,10,8750,10,10,10,10,10,10,10,10,10,10,35000,35000,36084,36084,36084,4813644,10
csv,13,0,382502520,382502553,381588501,381588511,381588515,381588542,381588561,381662233,381662236,381662242,381662272,381662303,381662368,382236380,382236404,382236434,382236492,382502501,382491875,382236368,399991169,399991257,399991129,400000051,382502538
bb_id,13,0,100,101,102,103,104,105,106,107,108,110,111,112,113,114,115,116,117,118,119,120,122,123,124,125,126
bbv,13,1,10,10,10,10,10,10,10,8750,10,10,10,10,10,10,10,10,10,10,35000,35000,36673,36673,36673,4816596
csv,13,1,382502528,382502618,381588609,381588669,381588729,381588783,381588850,381652564,381652588,381662260,381662278,381662341,381662364,382236392,382236416,382236470,382236490,382502506,382502496,382233580,399989892,399990020,399989772,400000011
bb_id,13,1,100,101,102,103,104,105,106,107,108,110,111,112,113,114,115,116,117,118,119,120,122,123,124,125
bbv,13,2,10,10,10,10,10,10,10,8750,10,10,10,10,10,10,10,10,10,10,35000,35000,36219,36219,36219,4812226
csv,13,2,382502524,382502568,381588559,381588571,381588575,381588636,381588659,381654499,381654628,381662248,381662266,381662360,381662366,382236374,382236398,382236452,382236494,382502511,382497214,382210579,399993106,399993274,399993006,400000071
bb_id,13,2,100,101,102,103,104,105,106,107,108,110,111,112,113,114,115,116,117,118,119,120,122,123,124,125
bbv,13,3,10,10,10,10,10,10,10,8750,10,10,10,10,10,10,10,10,10,10,35000,35000,36647,36647,36647,4831078
csv,13,3,382502532,382502603,381588592,381588679,381588725,381588756,381588848,381656875,381656941,381662254,381662284,381662322,381662362,382236386,382236410,382236488,382236496,382502516,382497670,382234687,399998283,399998311,399998223,400000031
bb_id,13,3,100,101,102,103,104,105,106,107,108,110,111,112,113,114,115,116,117,118,119,120,122,123,124,125
bbv,14,0,1,2467,2467,2466,329140,9,9,10,10,10,10,10,8750,10,10,10,10,10,10,10,10,10,10,35000,35000,33731,33731,33732,4499613,9
csv,14,0,367444413,399992383,399992471,399992343,400000005,328950199,328950271,366530370,366530397,366530415,366530476,366530525,366604102,366604105,366604123,366604135,366604172,366604231,367178243,367178273,367178303,367178382,367444375,367440489,367178237,366528336,366528344,366530353,366530344,328950213
bb_id,14,0,83,96,97,98,99,100,101,102,103,104,105,106,107,108,110,111,112,113,114,115,116,117,118,119,120,122,123,124,125,126
bbv,14,1,1,3500,3500,3500,459781,9,9,10,10,10,10,10,8750,10,10,10,10,10,10,10,10,10,10,35000,35000,33057,33057,33058,4343754
csv,14,1,367444441,399375262,399375290,399381393,399381304,328950207,328950541,366530432,366530523,366530531,366530562,366530564,366599749,366599857,366604117,366604147,366604229,366604237,367178261,367178285,367178339,367178359,367444385,367439349,367170611,360373790,360373858,360380161,360380132
bb_id,14,1,83,96,97,98,99,100,101,102,103,104,105,106,107,108,110,111,112,113,114,115,116,117,118,119,120,122,123,124,125
bbv,14,2,1,2787,2787,2786,370031,9,9,10,10,10,10,10,8750,10,10,10,10,10,10,10,10,10,10,35000,35000,33588,33588,33589,4461392
csv,14,2,367444399,399993040,399993068,399992940,400000025,328950195,328950228,366530387,366530407,366530411,366530503,366530527,366600865,366600868,366604111,366604153,366604191,366604233,367178249,367178267,367178321,367178384,367444370,367444365,367152612,365589285,365589313,365593719,365593690
bb_id,14,2,83,96,97,98,99,100,101,102,103,104,105,106,107,108,110,111,112,113,114,115,116,117,118,119,120,122,123,124,125
bbv,14,3,1,3389,3389,3388,446365,9,9,10,10,10,10,10,8750,10,10,10,10,10,10,10,10,10,10,35000,35000,33087,33087,33088,4363499
csv,14,3,367444427,399995057,399995145,399995037,400000045,328950203,328950526,366530449,366530513,366530535,366530591,366530656,366597730,366597817,366604129,366604141,366604210,366604235,367178255,367178279,367178357,367178380,367444380,367436974,367176679,360531528,360531536,360536402,360536393
bb_id,14,3,83,96,97,98,99,100,101,102,103,104,105,106,107,108,110,111,112,113,114,115,116,117,118,119,120,122,123,124,125
bbv,15,0,1,1,1,1,1,1,1,1,1,1,875,1,1,1,1,1,1,1,1,1,875,1,1,1,1,1033,1033,1034,137696,11,11,10,10,10,10,10,8750,10,10,10,10,10,10,10,10,10,10,35000,35000,35663,35663,35662,4755228,11,3501,1,1,1,1,1,875,1,1,1,1,1,1,1,3500,1,1,1
csv,15,0,5434892,5105305,5434886,5435012,5435016,5939193,5939201,5939222,5939285,5939322,5992539,5992558,5995386,5995422,5995434,5024493,5024553,5024575,5024611,5024673,5105258,5105261,5105266,5105272,5105276,5022459,5022467,5024476,5024467,390937388,390937417,390023365,390023375,390023379,390023464,390023483,390097097,390097100,390097124,390097136,390097167,390097226,390671238,390671268,390671352,390671358,390937370,390930273,390669141,399991080,399991237,399990960,400000056,390937402,5939176,5105342,5105351,5105401,5105446,5105581,5194475,5194635,5196701,5196745,5196772,5196857,5196865,5434873,5434871,5196777,5196799,5196801
bb_id,15,0,32,34,36,70,71,72,73,74,75,76,77,78,80,81,82,84,85,86,87,88,89,90,92,93,94,96,97,98,99,100,101,102,103,104,105,106,107,108,110,111,112,113,114,115,116,117,118,119,120,122,123,124,125,126,128,148,149,150,151,152,153,154,156,157,158,159,160,161,162,163,164,165
bbv,15,1,1,1,1,1,1,1,1,875,1,1,1,1,1,1,1,1,1,875,1,1,1,1,11,11,10,10,10,10,10,8750,10,10,10,10,10,10,10,10,10,10,35000,35000,35996,35996,35995,4728120,3500,1,1,1,1,1,875,1,1,1,1,1,1,1,3500
csv,15,1,5435136,5435138,5939251,5939318,5939394,5939508,5939576,5988680,5988731,5995398,5995428,5995448,5024527,5027350,5027377,5027543,5027683,5099331,5099679,5101368,5101958,5105280,390937396,390937558,390023413,390023423,390023437,390023566,390023595,390084803,390085100,390097118,390097148,390097205,390097232,390671256,390671280,390671316,390671356,390937380,390937360,390671191,399997911,399997939,399997871,400000008,5888812,5105524,5105570,5105587,5105684,5105727,5196689,5196693,5196725,5196765,5196798,5196829,5196859,5413908,5413906
bb_id,15,1,70,71,72,73,74,75,76,77,78,80,81,82,84,85,86,87,88,89,90,92,93,94,100,101,102,103,104,105,106,107,108,110,111,112,113,114,115,116,117,118,119,120,122,123,124,125,128,148,149,150,151,152,153,154,156,157,158,159,160,161,162
bbv,15,2,1,1,1,1,1,1,1,875,1,1,1,1,1,1,1,1,1,875,1,1,1,1,713,713,714,94951,11,11,10,10,10,10,10,8750,10,10,10,10,10,10,10,10,10,10,35000,35000,35735,35735,35734,4748042,3500,1,1,1,1,1,875,1,1,1,1,1,1,1,3500
csv,15,2,5434952,5435014,5939218,5939230,5939234,5939302,5939320,5995377,5995380,5995392,5995416,5995431,5024544,5024562,5024579,5024639,5024671,5098845,5098917,5100443,5101397,5105278,4102687,4102715,4105881,4105852,390937384,390937452,390023481,390023518,390023664,390023901,390024134,390092201,390092225,390097106,390097130,390097224,390097228,390671244,390671262,390671298,390671360,390937365,390936524,390645361,399987863,399987951,399987723,400000036,5932732,5105388,5105397,5105405,5105487,5105583,5187269,5187715,5196709,5196735,5196784,5196843,5196863,5417769,5417750
bb_id,15,2,70,71,72,73,74,75,76,77,78,80,81,82,84,85,86,87,88,89,90,92,93,94,96,97,98,99,100,101,102,103,104,105,106,107,108,110,111,112,113,114,115,116,117,118,119,120,122,123,124,125,128,148,149,150,151,152,153,154,156,157,158,159,160,161,162
bbv,15,3,1,1,1,1,1,1,1,875,1,1,1,1,1,1,1,1,1,875,1,1,1,1,111,111,112,15140,11,11,10,10,10,10,10,8750,10,10,10,10,10,10,10,10,10,10,35000,35000,35996,35996,35995,4746510,3500,1,1,1,1,1,875,1,1,1,1,1,1,1,3500
csv,15,3,5435076,5435140,5939268,5939310,5939390,5939491,5939574,5993982,5993985,5995404,5995410,5995445,5024510,5024571,5024583,5024667,5024669,5101627,5101630,5101963,5102107,5105274,663394,663402,669511,669502,390937392,390937543,390023396,390023433,390023487,390023593,390023597,390089342,390089408,390097112,390097142,390097186,390097230,390671250,390671274,390671334,390671354,390937375,390932591,390671232,399999928,400000016,399999868,399999839,5886040,5105561,5105579,5105591,5105725,5105807,5186719,5186827,5196717,5196755,5196791,5196815,5196861,5404964,5404945
bb_id,15,3,70,71,72,73,74,75,76,77,78,80,81,82,84,85,86,87,88,89,90,92,93,94,96,97,98,99,100,101,102,103,104,105,106,107,108,110,111,112,113,114,115,116,117,118,119,120,122,123,124,125,128,148,149,150,151,152,153,154,156,157,158,159,160,161,162
bbv,16,0,10,10,10,10,10,10,10,8750,10,10,10,10,10,10,10,10,10,10,35000,35000,36042,36042,36042,4809020,10
csv,16,0,375879268,375879447,374965249,374965259,374965263,374965290,374965292,375038981,375038984,375039008,375039020,375039070,375039112,375613122,375613152,375613182,375613222,375879249,375870542,375610697,399992951,399992979,399992851,400000053,375879286
bb_id,16,0,100,101,102,103,104,105,106,107,108,110,111,112,113,114,115,116,117,118,119,120,122,123,124,125,126
bbv,16,1,10,10,10,10,10,10,10,8750,10,10,10,10,10,10,10,10,10,10,35000,35000,36719,36719,36719,4824499
csv,16,1,375879280,375879336,374965330,374965416,374965430,374965478,374965480,375023726,375024065,375038996,375039026,375039108,375039116,375613140,375613164,375613242,375613301,375879264,375872613,375608975,399990814,399990842,399990734,400000033
bb_id,16,1,100,101,102,103,104,105,106,107,108,110,111,112,113,114,115,116,117,118,119,120,122,123,124,125
bbv,16,2,10,10,10,10,10,10,10,8750,10,10,10,10,10,10,10,10,10,10,35000,35000,36161,36161,36161,4802779
csv,16,2,375879272,375879462,374965385,374965494,374965609,374965720,374965787,375034757,375034760,375039002,375039014,375039051,375039110,375613128,375613146,375613200,375613220,375879254,375879244,375584621,399996408,399996496,399996348,400000073
bb_id,16,2,100,101,102,103,104,105,106,107,108,110,111,112,113,114,115,116,117,118,119,120,122,123,124,125
bbv,16,3,10,10,10,10,10,10,10,8750,10,10,10,10,10,10,10,10,10,10,35000,35000,36687,36687,36687,4837272
csv,16,3,375879276,375879301,374965347,374965426,374965484,374965563,374965722,375029798,375029927,375038990,375039032,375039089,375039114,375613134,375613158,375613218,375613224,375879259,375875520,375613116,399996825,399996973,399996785,400000013
bb_id,16,3,100,101,102,103,104,105,106,107,108,110,111,112,113,114,115,116,117,118,119,120,122,123,124,125
bbv,17,0,1,1,1,1,1,1,1,1,1,1,875,1,1,1,1,1,1,1,1,1,1,875,1,1,1,1,3500,3500,3500,466836,10,10,10,10,10,10,10,8750,10,10,10,10,10,10,10,10,10,10,35000,35000,33348,33348,33348,4447414,10,3501,1,1,1,1,1,875,1,1,1,1,1,1,1,3500,1,1,1
csv,17,0,206340713,206011126,206340707,206340833,206340873,206845014,206845039,206845051,206845130,206845149,206901099,206901150,206901219,206901243,206901255,168350189,205930314,205930340,205930353,205930419,205930467,206011073,206011076,206011087,206011093,206011095,205928280,205928288,205930297,205930288,399372234,399372268,398458216,398458226,398458230,398458328,398458402,398531948,398531951,398531969,398531987,398532018,398532077,399106095,399106125,399106224,399106249,399372226,399364060,399106083,399986353,399986381,399986245,400000075,399372253,206844997,206011163,206011218,206011226,206011400,206011412,206102510,206102514,206102522,206102556,206102593,206102636,206102682,206340694,206340692,206102619,206102620,206102622
bb_id,17,0,32,34,36,70,71,72,73,74,75,76,77,78,80,81,82,83,84,85,86,87,88,89,90,92,93,94,96,97,98,99,100,101,102,103,104,105,106,107,108,110,111,112,113,114,115,116,117,118,119,120,122,123,124,125,126,128,148,149,150,151,152,153,154,156,157,158,159,160,161,162,163,164,165
bbv,17,1,1,1,1,1,1,1,1,875,1,1,1,1,1,1,1,1,1,1,875,1,1,1,1,3500,3500,3500,459781,10,10,10,10,10,10,10,8750,10,10,10,10,10,10,10,10,10,10,35000,35000,32353,32353,32353,4249853,3500,1,1,1,1,1,875,1,1,1,1,1,1,1,3500
csv,17,1,206340993,206341069,206845089,206845097,206845113,206845217,206845251,206896664,206896683,206901213,206901249,206901269,168350217,205930374,205930456,205930473,205930551,205930581,206001216,206001242,206002282,206002659,206011101,202737067,202737135,202741081,202741072,399372247,399372313,398458264,398458274,398458336,398458390,398458406,398519444,398519489,398531963,398531999,398532056,398532083,399106101,399106131,399106169,399106228,399372243,399362521,399087715,399985859,399985967,399985819,400000055,206791177,206011300,206011318,206011406,206011494,206011550,206085550,206085632,206102546,206102586,206102607,206102678,206102703,206322498,206322462
bb_id,17,1,70,71,72,73,74,75,76,77,78,80,81,82,83,84,85,86,87,88,89,90,92,93,94,96,97,98,99,100,101,102,103,104,105,106,107,108,110,111,112,113,114,115,116,117,118,119,120,122,123,124,125,128,148,149,150,151,152,153,154,156,157,158,159,160,161,162
bbv,17,2,1,1,1,1,1,1,1,875,1,1,1,1,1,1,1,1,1,1,875,1,1,1,1,3500,3500,3500,464982,10,10,10,10,10,10,10,8750,10,10,10,10,10,10,10,10,10,10,35000,35000,33149,33149,33149,4404867,3500,1,1,1,1,1,875,1,1,1,1,1,1,1,3500
csv,17,2,206340773,206340835,206845031,206845047,206845055,206845147,206845151,206895941,206896040,206901207,206901237,206901252,168350175,205930331,205930349,205930357,205930447,205930469,206007523,206007756,206010636,206011082,206011097,205001617,205001645,205005171,205005142,399372230,399372283,398458301,398458400,398458473,398458647,398458817,398528837,398528840,398531957,398531993,398532075,398532079,399106089,399106119,399106149,399106151,399372216,399372211,399081606,399995730,399995838,399995630,400000015,206838697,206011200,206011209,206011222,206011359,206011402,206099074,206099104,206102530,206102566,206102614,206102650,206102680,206328673,206328654
bb_id,17,2,70,71,72,73,74,75,76,77,78,80,81,82,83,84,85,86,87,88,89,90,92,93,94,96,97,98,99,100,101,102,103,104,105,106,107,108,110,111,112,113,114,115,116,117,118,119,120,122,123,124,125,128,148,149,150,151,152,153,154,156,157,158,159,160,161,162
bbv,17,3,1,1,1,1,1,1,1,875,1,1,1,1,1,1,1,1,1,1,875,1,1,1,1,3500,3500,3500,461505,10,10,10,10,10,10,10,8750,10,10,10,10,10,10,10,10,10,10,35000,35000,32385,32385,32385,4270473,3500,1,1,1,1,1,875,1,1,1,1,1,1,1,3500
csv,17,3,206340933,206341067,206845072,206845105,206845109,206845200,206845253,206901198,206901201,206901225,206901231,206901266,168350203,205930391,205930465,205930477,205930579,205930675,206002443,206002469,206002733,206002785,206011099,202723470,202723498,202736538,202736409,399372238,399372298,398458247,398458284,398458332,398458363,398458404,398524046,398524049,398531975,398531981,398532037,398532081,399106107,399106113,399106187,399106226,399372221,399368563,399098498,399997347,399997375,399997227,400000035,206793913,206011263,206011309,206011410,206011453,206011496,206084584,206084718,206102538,206102576,206102600,206102664,206102701,206323520,206323484
bb_id,17,3,70,71,72,73,74,75,76,77,78,80,81,82,83,84,85,86,87,88,89,90,92,93,94,96,97,98,99,100,101,102,103,104,105,106,107,108,110,111,112,113,114,115,116,117,118,119,120,122,123,124,125,128,148,149,150,151,152,153,154,156,157,158,159,160,161,162
bbv,18,0,10,10,10,10,10,10,10,8750,10,10,10,10,10,10,10,10,10,10,35000,35000,36049,36049,36049,4807820,10
csv,18,0,384314100,384314259,383400081,383400091,383400095,383400183,383400209,383473813,383473816,383473834,383473852,383473883,383473942,384047954,384047984,384048068,384048070,384314081,384292017,384023471,399987326,399987414,399987286,400000079,384314118
bb_id,18,0,100,101,102,103,104,105,106,107,108,110,111,112,113,114,115,116,117,118,119,120,122,123,124,125,126
bbv,18,1,10,10,10,10,10,10,10,8750,10,10,10,10,10,10,10,10,10,10,35000,35000,36695,36695,36695,4819555
csv,18,1,384314112,384314334,383400146,383400203,383400213,383400244,383400342,383472652,383472802,383473840,383473858,383473921,383473948,384047972,384047996,384048032,384048074,384314096,384314076,384025726,399994054,399994082,399994014,400000019
bb_id,18,1,100,101,102,103,104,105,106,107,108,110,111,112,113,114,115,116,117,118,119,120,122,123,124,125
bbv,18,2,10,10,10,10,10,10,10,8750,10,10,10,10,10,10,10,10,10,10,35000,35000,36186,36186,36186,4807641
csv,18,2,384314104,384314133,383400112,383400156,383400207,383400292,383400365,383465635,383465701,383473828,383473846,383473940,383473944,384047966,384047978,384048014,384048072,384314086,384307103,383991532,399988260,399988348,399988220,400000059
bb_id,18,2,100,101,102,103,104,105,106,107,108,110,111,112,113,114,115,116,117,118,119,120,122,123,124,125
bbv,18,3,10,10,10,10,10,10,10,8750,10,10,10,10,10,10,10,10,10,10,35000,35000,36697,36697,36697,4838521
csv,18,3,384314108,384314176,383400129,383400193,383400217,383400340,383400409,383473369,383473498,383473822,383473864,383473902,383473946,384047960,384047990,384048050,384048076,384314091,384309554,384047948,399998771,399998879,399998711,400000039
bb_id,18,3,100,101,102,103,104,105,106,107,108,110,111,112,113,114,115,116,117,118,119,120,122,123,124,125
bbv,19,0,1,2456,2456,2455,327857,9,9,10,10,10,10,10,8750,10,10,10,10,10,10,10,10,10,10,35000,35000,33898,33898,33899,4522318,9
csv,19,0,369255985,399991930,399992058,399991810,400000032,330761771,330761870,368341973,368341983,368341987,368342041,368342043,368415674,368415677,368415695,368415713,368415744,368415803,368989815,368989845,368989893,368989931,369255947,369251852,368989809,368339908,368339916,368341925,368341916,330761785
bb_id,19,0,83,96,97,98,99,100,101,102,103,104,105,106,107,108,110,111,112,113,114,115,116,117,118,119,120,122,123,124,125,126
bbv,19,1,1,3124,3124,3123,411101,9,9,10,10,10,10,10,8750,10,10,10,10,10,10,10,10,10,10,35000,35000,33237,33237,33238,4367023
csv,19,1,369256013,399994544,399994572,399994444,400000072,330761779,330761815,368342083,368342110,368342166,368342260,368342352,368404325,368404391,368415689,368415725,368415801,368415809,368989833,368989857,368989929,368989935,369255957,369237317,368976279,361810479,361810567,361817210,361817141
bb_id,19,1,83,96,97,98,99,100,101,102,103,104,105,106,107,108,110,111,112,113,114,115,116,117,118,119,120,122,123,124,125
bbv,19,2,1,2759,2759,2758,366295,9,9,10,10,10,10,10,8750,10,10,10,10,10,10,10,10,10,10,35000,35000,33769,33769,33770,4485771
csv,19,2,369255971,399991253,399991361,399991213,400000012,330761767,330761885,368341942,368341952,368341956,368342014,368342045,368411303,368411306,368415701,368415707,368415763,368415805,368989821,368989839,368989875,368989933,369255942,369255937,368972466,367357308,367357336,367360882,367360853
bb_id,19,2,83,96,97,98,99,100,101,102,103,104,105,106,107,108,110,111,112,113,114,115,116,117,118,119,120,122,123,124,125
bbv,19,3,1,3116,3116,3115,410760,9,9,10,10,10,10,10,8750,10,10,10,10,10,10,10,10,10,10,35000,35000,33235,33235,33236,4382474
csv,19,3,369255999,399994267,399994295,399994207,400000052,330761775,330761800,368342100,368342120,368342170,368342287,368342354,368409032,368409098,368415683,368415719,368415782,368415807,368989827,368989851,368989911,368989937,369255952,369248546,368980748,361835438,361835446,361842086,361842029
bb_id,19,3,83,96,97,98,99,100,101,102,103,104,105,106,107,108,110,111,112,113,114,115,116,117,118,119,120,122,123,124,125
bbv,20,0,1,1,1,1,1,1,1,1,1,1,875,1,1,1,1,1,1,1,1,1,875,1,1,1,1,1044,1044,1045,138979,11,11,10,10,10,10,10,8750,10,10,10,10,10,10,10,10,10,10,35000,35000,35528,35528,35527,4737072,11,3501,1,1,1,1,1,875,1,1,1,1,1,1,1,3500,1,1,1
csv,20,0,7246437,6916850,7246431,7246557,7246623,7750738,7750746,7750767,7750818,7750828,7803921,7803940,7806937,7806961,7806979,6836038,6836064,6836094,6836143,6836173,6916797,6916800,6916811,6916817,6916819,6834004,6834012,6836021,6836012,392748933,392748992,391834910,391834920,391834924,391835002,391835034,391908642,391908645,391908669,391908675,391908712,391908777,392482783,392482813,392482843,392482899,392748915,392736080,392481301,399996343,399996551,399996203,400000011,392748947,7750721,6916924,6916942,6916996,6917128,6917218,7008234,7008238,7008254,7008290,7008317,7008360,7008404,7241333,7241280,7008322,7008344,7008346
bb_id,20,0,32,34,36,70,71,72,73,74,75,76,77,78,80,81,82,84,85,86,87,88,89,90,92,93,94,96,97,98,99,100,101,102,103,104,105,106,107,108,110,111,112,113,114,115,116,117,118,119,120,122,123,124,125,126,128,148,149,150,151,152,153,154,156,157,158,159,160,161,162,163,164,165
bbv,20,1,1,1,1,1,1,1,1,875,1,1,1,1,1,1,1,1,1,875,1,1,1,1,376,376,377,48680,11,11,10,10,10,10,10,8750,10,10,10,10,10,10,10,10,10,10,35000,35000,35806,35806,35805,4703788,3500,1,1,1,1,1,875,1,1,1,1,1,1,1,3500
csv,20,1,7246619,7246621,7750801,7750844,7750868,7750889,7750959,7806922,7806925,7806949,7806973,7806989,6836090,6836191,6836201,6836257,6836259,6911172,6911336,6912583,6912727,6916825,3375479,3375567,3381636,3381567,392748941,392749007,391834958,391835022,391835042,391835115,391835144,391900086,391900278,391908663,391908681,391908750,391908773,392482801,392482825,392482897,392482905,392748925,392748905,392482777,399994086,399994114,399994046,400000051,7700501,6917033,6917046,6917132,6917214,6917222,7006488,7006492,7008270,7008280,7008336,7008402,7008427,7180163,7180110
bb_id,20,1,70,71,72,73,74,75,76,77,78,80,81,82,84,85,86,87,88,89,90,92,93,94,96,97,98,99,100,101,102,103,104,105,106,107,108,110,111,112,113,114,115,116,117,118,119,120,122,123,124,125,128,148,149,150,151,152,153,154,156,157,158,159,160,161,162
bbv,20,2,1,1,1,1,1,1,1,875,1,1,1,1,1,1,1,1,1,875,1,1,1,1,741,741,742,98687,11,11,10,10,10,10,10,8750,10,10,10,10,10,10,10,10,10,10,35000,35000,35562,35562,35561,4725269,3500,1,1,1,1,1,875,1,1,1,1,1,1,1,3500
csv,20,2,7246497,7246559,7750763,7750826,7750848,7750939,7750993,7806743,7806746,7806931,7806955,7806976,6836055,6836073,6836098,6836171,6836193,6913578,6913903,6916015,6916806,6916821,5769965,5769993,5772742,5772733,392748929,392748977,391834975,391835032,391835067,391835192,391835259,391905888,391905912,391908651,391908693,391908771,391908775,392482789,392482807,392482861,392482901,392748910,392743623,392457767,399991009,399991137,399990869,400000031,7744277,6916887,6916933,6916992,6917087,6917216,6995070,6995646,7008246,7008300,7008343,7008374,7008406,7224093,7224057
bb_id,20,2,70,71,72,73,74,75,76,77,78,80,81,82,84,85,86,87,88,89,90,92,93,94,96,97,98,99,100,101,102,103,104,105,106,107,108,110,111,112,113,114,115,116,117,118,119,120,122,123,124,125,128,148,149,150,151,152,153,154,156,157,158,159,160,161,162
bbv,20,3,1,1,1,1,1,1,1,875,1,1,1,1,1,1,1,1,1,875,1,1,1,1,384,384,385,50745,11,11,10,10,10,10,10,8750,10,10,10,10,10,10,10,10,10,10,35000,35000,35804,35804,35803,4722471,3500,1,1,1,1,1,875,1,1,1,1,1,1,1,3500
csv,20,3,7247583,7247765,7750784,7750836,7750872,7750906,7750957,7806260,7806343,7806943,7806967,7806986,6836115,6836182,6836197,6836229,6836261,6913972,6913975,6914394,6914538,6916823,3557098,3557106,3564172,3564123,392748937,392748962,391834941,391835012,391835038,391835142,391835215,391903932,391903935,391908657,391908687,391908731,391908752,392482795,392482819,392482879,392482903,392748920,392747309,392481055,399989752,399989780,399989632,400000071,7701473,6916979,6916988,6917037,6917173,6917220,6993142,6993172,7008262,7008310,7008329,7008388,7008425,7246418,7246416
bb_id,20,3,70,71,72,73,74,75,76,77,78,80,81,82,84,85,86,87,88,89,90,92,93,94,96,97,98,99,100,101,102,103,104,105,106,107,108,110,111,112,113,114,115,116,117,118,119,120,122,123,124,125,128,148,149,150,151,152,153,154,156,157,158,159,160,161,162
bbv,21,0,10,10,10,10,10,10,10,8750,10,10,10,10,10,10,10,10,10,10,35000,35000,36027,36027,36027,4806962,10
csv,21,0,377690802,377690937,376776779,376776789,376776793,376776837,376776849,376849836,376849839,376850532,376850550,376850581,376850640,377424652,377424682,377424768,377424812,377690784,377690774,377424646,399994221,399994349,399994181,400000040,377690816
bb_id,21,0,100,101,102,103,104,105,106,107,108,110,111,112,113,114,115,116,117,118,119,120,122,123,124,125,126
bbv,21,1,10,10,10,10,10,10,10,8750,10,10,10,10,10,10,10,10,10,10,35000,35000,36694,36694,36694,4820584
csv,21,1,377690810,377690874,376776908,376776997,376777045,376777076,376777170,376849413,376849458,376850526,376850562,376850638,376850646,377424670,377424694,377424730,377424750,377690794,377688494,377407385,399999415,399999443,399999315,400000020
bb_id,21,1,100,101,102,103,104,105,106,107,108,110,111,112,113,114,115,116,117,118,119,120,122,123,124,125
bbv,21,2,10,10,10,10,10,10,10,8750,10,10,10,10,10,10,10,10,10,10,35000,35000,36173,36173,36173,4804854
csv,21,2,377690798,377690952,376776810,376776847,376776853,376776956,376777020,376839036,376839102,376850538,376850544,376850600,376850642,377424658,377424676,377424712,377424770,377690779,377683041,377408369,399999812,399999840,399999732,400000060
bb_id,21,2,100,101,102,103,104,105,106,107,108,110,111,112,113,114,115,116,117,118,119,120,122,123,124,125
bbv,21,3,10,10,10,10,10,10,10,8750,10,10,10,10,10,10,10,10,10,10,35000,35000,36726,36726,36726,4841149
csv,21,3,377690806,377690831,376776891,376776987,376777049,376777103,376777168,376850511,376850514,376850520,376850556,376850619,376850644,377424664,377424688,377424748,377424772,377690789,377677246,377415011,399997618,399997646,399997518,400000000
bb_id,21,3,100,101,102,103,104,105,106,107,108,110,111,112,113,114,115,116,117,118,119,120,122,123,124,125
bbv,22,0,1,1,1,1,1,1,1,1,1,1,875,1,1,1,1,1,1,1,1,1,1,875,1,1,1,1,3500,3500,3500,466836,9,9,9,9,9,9,9,7875,9,9,9,9,9,9,9,9,9,9,31500,31500,33347,33347,33347,4447741,9,3501,1,1,1,1,1,875,1,1,1,1,1,1,1,3500,1,1,1
csv,22,0,208152256,207822669,208152250,208152316,208152502,208656557,208656565,208656586,208656666,208656702,208712741,208712744,208712762,208712774,208712798,170161732,207741857,207741866,207741887,207741962,207741992,207822622,207822625,207822630,207822636,207822642,207739823,207739831,207741840,207741831,362689588,362689617,361775565,361775575,361775579,361775606,361775608,361849297,361849300,361849318,361849336,361849367,361849426,362423444,362423468,362423554,362423556,362689570,362687793,362423432,399999839,399999847,399999819,400000007,362689602,208656540,207822706,207822752,207822865,207822910,207823039,207907523,207907527,207914065,207914129,207914136,207914223,207914246,208149175,208149122,207914141,207914156,207914165
bb_id,22,0,32,34,36,70,71,72,73,74,75,76,77,78,80,81,82,83,84,85,86,87,88,89,90,92,93,94,96,97,98,99,100,101,102,103,104,105,106,107,108,110,111,112,113,114,115,116,117,118,119,120,122,123,124,125,126,128,148,149,150,151,152,153,154,156,157,158,159,160,161,162,163,164,165
bbv,22,1,1,1,1,1,1,1,1,875,1,1,1,1,1,1,1,1,1,1,875,1,1,1,1,3500,3500,3500,459781,9,9,9,9,9,9,9,7875,9,9,9,9,9,9,9,9,9,9,31500,31500,32500,32500,32501,4269058,3500,1,1,1,1,1,875,1,1,1,1,1,1,1,3500
csv,22,1,208152436,208152438,208656632,208656684,208656710,208656776,208656812,208705628,208705695,208712756,208712786,208712812,170161800,207741934,207742010,207742020,207742122,207742170,207809240,207809335,207810421,207810956,207822644,202592262,202592370,202598376,202598307,362689596,362689710,361775894,361775973,361775981,361776008,361776083,361842106,361842403,361849312,361849348,361849405,361849432,362423456,362423480,362423516,362423536,362689580,362684354,362415478,394062222,394062230,394065219,394065210,208603980,207822835,207822853,207822857,207822992,207823037,207904451,207904481,207914089,207914119,207914163,207914209,207914244,208123639,208123586
bb_id,22,1,70,71,72,73,74,75,76,77,78,80,81,82,83,84,85,86,87,88,89,90,92,93,94,96,97,98,99,100,101,102,103,104,105,106,107,108,110,111,112,113,114,115,116,117,118,119,120,122,123,124,125,128,148,149,150,151,152,153,154,156,157,158,159,160,161,162
bbv,22,2,1,1,1,1,1,1,1,875,1,1,1,1,1,1,1,1,1,1,875,1,1,1,1,3500,3500,3500,464982,9,9,9,9,9,9,9,7875,9,9,9,9,9,9,9,9,9,9,31500,31500,33265,33265,33266,4419337,3500,1,1,1,1,1,875,1,1,1,1,1,1,1,3500
csv,22,2,208152376,208152440,208656582,208656594,208656598,208656649,208656668,208708722,208708741,208712750,208712792,208712795,170161718,207741883,207741896,207741900,207741990,207742012,207816467,207816769,207819304,207820506,207822640,206620010,206620038,206622747,206622718,362689584,362689652,361775942,361776039,361776156,361776248,361776334,361844275,361844299,361849324,361849330,361849424,361849428,362423438,362423462,362423498,362423558,362689565,362689560,362398668,399316026,399316054,399319603,399319574,208648224,207822743,207822761,207822869,207823033,207823041,207891265,207891659,207914073,207914099,207914148,207914179,207914181,208118010,208117957
bb_id,22,2,70,71,72,73,74,75,76,77,78,80,81,82,83,84,85,86,87,88,89,90,92,93,94,96,97,98,99,100,101,102,103,104,105,106,107,108,110,111,112,113,114,115,116,117,118,119,120,122,123,124,125,128,148,149,150,151,152,153,154,156,157,158,159,160,161,162
bbv,22,3,1,1,1,1,1,1,1,875,1,1,1,1,1,1,1,1,1,1,875,1,1,1,1,3500,3500,3500,461505,9,9,9,9,9,9,9,7875,9,9,9,9,9,9,9,9,9,9,31500,31500,32470,32470,32471,4281530,3500,1,1,1,1,1,875,1,1,1,1,1,1,1,3500
csv,22,3,208152500,208152576,208656615,208656676,208656706,208656759,208656810,208706975,208706978,208712768,208712780,208712809,170161786,207741917,207742001,207742016,207742094,207742172,207813693,207813765,207814230,207814328,207822638,203458857,203458865,203463311,203463262,362689592,362689667,361775877,361775904,361775977,361776110,361776179,361843936,361843981,361849306,361849342,361849386,361849430,362423450,362423474,362423534,362423579,362689575,362679205,362419906,393910601,393910649,393919458,393919380,208604916,207822798,207822844,207822861,207822951,207823035,207914053,207914057,207914081,207914109,207914155,207914195,207914242,208152237,208152235
bb_id,22,3,70,71,72,73,74,75,76,77,78,80,81,82,83,84,85,86,87,88,89,90,92,93,94,96,97,98,99,100,101,102,103,104,105,106,107,108,110,111,112,113,114,115,116,117,118,119,120,122,123,124,125,128,148,149,150,151,152,153,154,156,157,158,159,160,161,162
bbv,23,0,11,11,11,11,11,11,11,9625,11,11,11,11,11,11,11,11,11,11,38500,38500,36084,36084,36084,4811480,11
csv,23,0,386125719,386125774,385211692,385211702,385211706,385211733,385211735,385285424,385285427,385285445,385285463,385285513,385285517,385859571,385859595,385859625,385859681,386125692,386107295,385858821,399997267,399997295,399997067,400000052,386125729
bb_id,23,0,100,101,102,103,104,105,106,107,108,110,111,112,113,114,115,116,117,118,119,120,122,123,124,125,126
bbv,23,1,11,11,11,11,11,11,11,9625,11,11,11,11,11,11,11,11,11,11,38500,38500,36562,36562,36561,4802484
csv,23,1,386125711,386125759,385211807,385211879,385211912,385211966,385212018,385275737,385275803,385285433,385285475,385285555,385285723,385859583,385859607,385859679,385859687,386125707,386080809,385849760,399991573,399991641,399991533,400000012
bb_id,23,1,100,101,102,103,104,105,106,107,108,110,111,112,113,114,115,116,117,118,119,120,122,123,124,125
bbv,23,2,11,11,11,11,11,11,11,9625,11,11,11,11,11,11,11,11,11,11,38500,38500,36078,36078,36077,4793624
csv,23,2,386125723,386125789,385211752,385211838,385211883,385211993,385212230,385280381,385280405,385285451,385285457,385285494,385285515,385859565,385859589,385859643,385859683,386125697,386102583,385835205,399998984,399998992,399998964,400000072
bb_id,23,2,100,101,102,103,104,105,106,107,108,110,111,112,113,114,115,116,117,118,119,120,122,123,124,125
bbv,23,3,11,11,11,11,11,11,11,9625,11,11,11,11,11,11,11,11,11,11,38500,38500,36561,36561,36560,4820877
csv,23,3,386125715,386125744,385211790,385211869,385211908,385211939,385212016,385275440,385275674,385285439,385285469,385285536,385285557,385859577,385859601,385859661,385859685,386125702,386125687,385859559,399996510,399996558,399996470,400000032
bb_id,23,3,100,101,102,103,104,105,106,107,108,110,111,112,113,114,115,116,117,118,119,120,122,123,124,125
bbv,24,0,1,2208,2208,2207,295756,9,9,10,10,10,10,10,8750,10,10,10,10,10,10,10,10,10,10,35000,35000,34014,34014,34015,4538545,9
csv,24,0,371067603,399999313,399999401,399999273,400000021,332573385,332573501,370153577,370153645,370153663,370153694,370153750,370227292,370227295,370227307,370227337,370227362,370227421,370801439,370801463,370801589,370801650,371067565,371062045,370801427,370151526,370151534,370153543,370153534,332573403
bb_id,24,0,83,96,97,98,99,100,101,102,103,104,105,106,107,108,110,111,112,113,114,115,116,117,118,119,120,122,123,124,125,126
bbv,24,1,1,3138,3138,3137,413062,9,9,10,10,10,10,10,8750,10,10,10,10,10,10,10,10,10,10,35000,35000,33438,33438,33439,4393136
csv,24,1,371067617,399986522,399986570,399986482,400000041,332573393,332573418,370153594,370153604,370153625,370153748,370153844,370226134,370226263,370227313,370227343,370227419,370227427,370801445,370801475,370801529,370801533,371067575,371067327,370786872,363908842,363908850,363912976,363912967
bb_id,24,1,83,96,97,98,99,100,101,102,103,104,105,106,107,108,110,111,112,113,114,115,116,117,118,119,120,122,123,124,125
bbv,24,2,1,2438,2438,2437,323685,9,9,10,10,10,10,10,8750,10,10,10,10,10,10,10,10,10,10,35000,35000,33922,33922,33923,4506016
csv,24,2,371067589,399987779,399987807,399987539,400000001,332573389,332573516,370153560,370153635,370153667,370153777,370153821,370219072,370219201,370227301,370227331,370227381,370227423,370801451,370801457,370801493,370801591,371067560,371062862,370778016,369019808,369019836,369022502,369022473
bb_id,24,2,83,96,97,98,99,100,101,102,103,104,105,106,107,108,110,111,112,113,114,115,116,117,118,119,120,122,123,124,125
bbv,24,3,1,2994,2994,2993,394181,9,9,10,10,10,10,10,8750,10,10,10,10,10,10,10,10,10,10,35000,35000,33439,33439,33440,4409223
csv,24,3,371067631,399991176,399991244,399991036,400000061,332573397,332573531,370153621,370153655,370153659,370153721,370153846,370224955,370224979,370227319,370227325,370227400,370227425,370801433,370801469,370801511,370801531,371067570,371067555,370797245,363869321,363869389,363879629,363879540
bb_id,24,3,83,96,97,98,99,100,101,102,103,104,105,106,107,108,110,111,112,113,114,115,116,117,118,119,120,122,123,124,125
bbv,25,0,1,1,1,1,1,1,1,1,1,1,875,1,1,1,1,1,1,1,1,1,875,1,1,1,1,1292,1292,1293,171080,11,11,10,10,10,10,10,8750,10,10,10,10,10,10,10,10,10,10,35000,35000,35404,35404,35403,4720545,11,3501,1,1,1,1,1,875,1,1,1,1,1,1,1,3500,1,1,1,1
csv,25,0,9058081,8728479,9058075,9058445,9058615,9562382,9562407,9562419,9562465,9562484,9618566,9618569,9618593,9618605,9618623,8647667,8647693,8647706,8647790,8647822,8728432,8728435,8728440,8728446,8728450,8645633,8645641,8647650,8647641,394560572,394560684,393646554,393646564,393646568,393646649,393646740,393720286,393720289,393720307,393720325,393720375,393720400,394294439,394294457,394294487,394294543,394560559,394560549,394294421,399991672,399991700,399991572,400000054,394560587,9562365,8728516,8728571,8728653,8728761,8728847,8813381,8813697,8819891,8819909,8819946,8840809,8840879,9047620,9047618,8819951,8840727,8819979,8840691
bb_id,25,0,32,34,36,70,71,72,73,74,75,76,77,78,80,81,82,84,85,86,87,88,89,90,92,93,94,96,97,98,99,100,101,102,103,104,105,106,107,108,110,111,112,113,114,115,116,117,118,119,120,122,123,124,125,126,128,148,149,150,151,152,153,154,156,157,158,159,160,161,162,163,165,166,167
bbv,25,1,1,1,1,1,1,1,1,875,1,1,1,1,1,1,1,1,1,875,1,1,1,1,362,362,363,46719,11,11,10,10,10,10,10,8750,10,10,10,10,10,10,10,10,10,10,35000,35000,35600,35600,35599,4676814,3500,1,1,1,1,1,875,1,1,1,1,1,1,1,3500
csv,25,1,9058613,9058833,9562440,9562448,9562490,9562564,9562618,9612160,9612163,9618581,9618617,9618637,8647744,8647762,8647830,8648346,8648419,8718040,8718250,8719336,8719526,8728454,3544447,3544475,3550555,3550506,394560591,394560621,393646670,393646711,393646746,393646817,393646924,393715072,393715327,393720295,393720331,393720394,393720396,394294427,394294469,394294541,394294547,394560581,394557091,394277775,399998846,399998874,399998806,400000014,9513621,8728645,8728671,8728679,8728843,8728851,8819863,8819867,8819899,8819939,8819965,8820023,8820025,9058062,9058060
bb_id,25,1,70,71,72,73,74,75,76,77,78,80,81,82,84,85,86,87,88,89,90,92,93,94,96,97,98,99,100,101,102,103,104,105,106,107,108,110,111,112,113,114,115,116,117,118,119,120,122,123,124,125,128,148,149,150,151,152,153,154,156,157,158,159,160,161,162
bbv,25,2,1,1,1,1,1,1,1,875,1,1,1,1,1,1,1,1,1,875,1,1,1,1,1062,1062,1063,141297,11,11,10,10,10,10,10,8750,10,10,10,10,10,10,10,10,10,10,35000,35000,35428,35428,35427,4707917,3500,1,1,1,1,1,875,1,1,1,1,1,1,1,3500
csv,25,2,9058141,9058143,9562399,9562415,9562423,9562482,9562486,9618259,9618278,9618575,9618599,9618620,8647684,8647702,8647710,8647818,8647820,8720791,8720978,8722248,8723128,8728452,7814219,7814267,7819473,7819424,394560568,394560699,393646612,393646622,393646674,393646738,393646742,393714691,393714757,393720313,393720319,393720419,393720503,394294445,394294451,394294505,394294545,394560554,394558098,394279948,399989615,399989643,399989507,400000074,9555273,8728553,8728562,8728649,8728720,8728845,8818949,8819083,8819883,8819919,8819972,8819993,8819995,8994119,8994100
bb_id,25,2,70,71,72,73,74,75,76,77,78,80,81,82,84,85,86,87,88,89,90,92,93,94,96,97,98,99,100,101,102,103,104,105,106,107,108,110,111,112,113,114,115,116,117,118,119,120,122,123,124,125,128,148,149,150,151,152,153,154,156,157,158,159,160,161,162
bbv,25,3,1,1,1,1,1,1,1,875,1,1,1,1,1,1,1,1,1,875,1,1,1,1,506,506,507,67324,11,11,10,10,10,10,10,8750,10,10,10,10,10,10,10,10,10,10,35000,35000,35595,35595,35594,4693987,3500,1,1,1,1,1,875,1,1,1,1,1,1,1,3500
csv,25,3,9058203,9058205,9562507,9562515,9562568,9562635,9562669,9611821,9611840,9618587,9618611,9618634,8647727,8647753,8647826,8648318,8648417,8725773,8725822,8726011,8726063,8728448,4369938,4369946,4375972,4375963,394560576,394560606,393646585,393646595,393646653,393646701,393646748,393716167,393716170,393720301,393720337,393720356,393720398,394294433,394294463,394294523,394294549,394560564,394557756,394286877,399997769,399997857,399997669,400000034,9517329,8728608,8728662,8728675,8728802,8728849,8806279,8806361,8819875,8819929,8819958,8820009,8820027,9053963,9053944
bb_id,25,3,70,71,72,73,74,75,76,77,78,80,81,82,84,85,86,87,88,89,90,92,93,94,96,97,98,99,100,101,102,103,104,105,106,107,108,110,111,112,113,114,115,116,117,118,119,120,122,123,124,125,128,148,149,150,151,152,153,154,156,157,158,159,160,161,162
bbv,26,0,10,10,10,10,10,10,10,8750,10,10,10,10,10,10,10,10,10,10,35000,35000,36045,36045,36045,4809062,10
csv,26,0,379502443,379502515,378588437,378588447,378588461,378588492,378588521,378662152,378662155,378662173,378662185,378662222,378662281,379236293,379236323,379236449,379236491,379502420,379486911,379236287,399992316,399992344,399992276,400000055,379502453
bb_id,26,0,100,101,102,103,104,105,106,107,108,110,111,112,113,114,115,116,117,118,119,120,122,123,124,125,126
bbv,26,1,10,10,10,10,10,10,10,8750,10,10,10,10,10,10,10,10,10,10,35000,35000,36682,36682,36682,4818224
csv,26,1,379502439,379502585,378588540,378588592,378588676,378588713,378588790,378662002,378662005,378662179,378662203,378662279,378662287,379236311,379236335,379236371,379236391,379502435,379499717,379226037,399998670,399998738,399998630,400000035
bb_id,26,1,100,101,102,103,104,105,106,107,108,110,111,112,113,114,115,116,117,118,119,120,122,123,124,125
bbv,26,2,10,10,10,10,10,10,10,8750,10,10,10,10,10,10,10,10,10,10,35000,35000,36186,36186,36186,4806732
csv,26,2,379502447,379502570,378588420,378588457,378588465,378588519,378588523,378654775,378654862,378662161,378662197,378662241,378662283,379236299,379236317,379236353,379236451,379502425,379496126,379208776,399993653,399993681,399993553,400000075
bb_id,26,2,100,101,102,103,104,105,106,107,108,110,111,112,113,114,115,116,117,118,119,120,122,123,124,125
bbv,26,3,10,10,10,10,10,10,10,8750,10,10,10,10,10,10,10,10,10,10,35000,35000,36702,36702,36702,4839541
csv,26,3,379502457,379502472,378588609,378588686,378588717,378588786,378588788,378651181,378651499,378662167,378662191,378662260,378662285,379236305,379236329,379236389,379236393,379502430,379502415,379234483,399999007,399999035,399998967,400000015
bb_id,26,3,100,101,102,103,104,105,106,107,108,110,111,112,113,114,115,116,117,118,119,120,122,123,124,125
bbv,27,0,1,1,1,1,1,1,1,1,1,1,875,1,1,1,1,1,1,1,1,1,1,875,1,1,1,1,3500,3500,3500,466836,9,9,9,9,9,9,9,7875,9,9,9,9,9,9,9,9,9,9,31500,31500,33042,33042,33042,4407423,9,3501,1,1,1,1,1,875,1,1,1,1,1,1,1,3500,1,1,1
csv,27,0,209963882,209634295,209963876,209964124,209964166,210468183,210468208,210468220,210468275,210468312,210518550,210518569,210524382,210524406,210524424,171973358,209553483,209553526,209553556,209553642,209553706,209634248,209634251,209634256,209634262,209634264,209551449,209551457,209553466,209553457,364501210,364501243,363587218,363587232,363587236,363587290,363587292,363651995,363651998,363660944,363660956,363661031,363661056,364235070,364235094,364235124,364235184,364501191,364491553,364235058,399997434,399997462,399997394,400000039,364501228,210468166,209634452,209634461,209634495,209634536,209634663,209724115,209725159,209725691,209725725,209725762,209725847,209725872,209963863,209963861,209725781,209725782,209725791
bb_id,27,0,32,34,36,70,71,72,73,74,75,76,77,78,80,81,82,83,84,85,86,87,88,89,90,92,93,94,96,97,98,99,100,101,102,103,104,105,106,107,108,110,111,112,113,114,115,116,117,118,119,120,122,123,124,125,126,128,148,149,150,151,152,153,154,156,157,158,159,160,161,162,163,164,165
bbv,27,1,1,1,1,1,1,1,1,875,1,1,1,1,1,1,1,1,1,1,875,1,1,1,1,3500,3500,3500,459781,9,9,9,9,9,9,9,7875,9,9,9,9,9,9,9,9,9,9,31500,31500,32718,32718,32719,4298392,3500,1,1,1,1,1,875,1,1,1,1,1,1,1,3500
csv,27,1,209964064,209964126,210468241,210468300,210468336,210468402,210468438,210522460,210522479,210524376,210524418,210524438,171973412,209553517,209553569,209553582,209553700,209553704,209624960,209625032,209625819,209626791,209634268,205966739,205966827,205973493,205973424,364501222,364501288,363587332,363587411,363587461,363587515,363587582,363632648,363632840,363660938,363660968,363661012,363661054,364235082,364235106,364235178,364235182,364501206,364477702,364220831,396287075,396287083,396291226,396291217,210421006,209634415,209634483,209634491,209634659,209634667,209717581,209717611,209725715,209725755,209725789,209725833,209725853,209930571,209930569
bb_id,27,1,70,71,72,73,74,75,76,77,78,80,81,82,83,84,85,86,87,88,89,90,92,93,94,96,97,98,99,100,101,102,103,104,105,106,107,108,110,111,112,113,114,115,116,117,118,119,120,122,123,124,125,128,148,149,150,151,152,153,154,156,157,158,159,160,161,162
bbv,27,2,1,1,1,1,1,1,1,875,1,1,1,1,1,1,1,1,1,1,875,1,1,1,1,3500,3500,3500,464982,9,9,9,9,9,9,9,7875,9,9,9,9,9,9,9,9,9,9,31500,31500,33132,33132,33132,4400207,3500,1,1,1,1,1,875,1,1,1,1,1,1,1,3500
csv,27,2,209963942,209963944,210468200,210468216,210468224,210468292,210468310,210520329,210520332,210524394,210524400,210524421,171973344,209553500,209553535,209553560,209553614,209553644,209628225,209628274,209630516,209631419,209634270,208575683,208575711,208579197,208579148,364501214,364501258,363587191,363587201,363587222,363587263,363587294,363645734,363645758,363660950,363660974,363661050,363661058,364235064,364235088,364235142,364235186,364501196,364501186,364219150,399999451,399999459,399999411,400000019,210459202,209634332,209634341,209634465,209634577,209634661,209725679,209725683,209725699,209725735,209725769,209725805,209725849,209949122,209949103
bb_id,27,2,70,71,72,73,74,75,76,77,78,80,81,82,83,84,85,86,87,88,89,90,92,93,94,96,97,98,99,100,101,102,103,104,105,106,107,108,110,111,112,113,114,115,116,117,118,119,120,122,123,124,125,128,148,149,150,151,152,153,154,156,157,158,159,160,161,162
bbv,27,3,1,1,1,1,1,1,1,875,1,1,1,1,1,1,1,1,1,1,875,1,1,1,1,3500,3500,3500,461505,9,9,9,9,9,9,9,7875,9,9,9,9,9,9,9,9,9,9,31500,31500,32703,32703,32704,4311622,3500,1,1,1,1,1,875,1,1,1,1,1,1,1,3500
csv,27,3,209964004,209964128,210468258,210468308,210468332,210468353,210468404,210524367,210524370,210524388,210524412,210524435,171973426,209553552,209553578,209553586,209553672,209553702,209628102,209628151,209628202,209628303,209634266,206382729,206382817,206388923,206388914,364501218,364501273,363587349,363587401,363587457,363587488,363587580,363660923,363660926,363660932,363660962,363660993,363661052,364235076,364235100,364235160,364235180,364501201,364493396,364225997,396275218,396275246,396283829,396283800,210417910,209634378,209634474,209634487,209634618,209634665,209719301,209719305,209725707,209725745,209725776,209725819,209725851,209945907,209945854
bb_id,27,3,70,71,72,73,74,75,76,77,78,80,81,82,83,84,85,86,87,88,89,90,92,93,94,96,97,98,99,100,101,102,103,104,105,106,107,108,110,111,112,113,114,115,116,117,118,119,120,122,123,124,125,128,148,149,150,151,152,153,154,156,157,158,159,160,161,162
bbv,28,0,11,11,11,11,11,11,11,9625,11,11,11,11,11,11,11,11,11,11,38500,38500,36365,36365,36365,4849010,11
csv,28,0,387937309,387937383,387023286,387023313,387023327,387023358,387023431,387097018,387097021,387097045,387097051,387097145,387097147,387671171,387671201,387671219,387671239,387937286,387934982,387671153,399993857,399993905,399993737,400000019,387937323
bb_id,28,0,100,101,102,103,104,105,106,107,108,110,111,112,113,114,115,116,117,118,119,120,122,123,124,125,126
bbv,28,1,11,11,11,11,11,11,11,9625,11,11,11,11,11,11,11,11,11,11,38500,38500,36352,36352,36351,4774853
csv,28,1,387937313,387937353,387023402,387023429,387023447,387023583,387023654,387089389,387089392,387097039,387097069,387097088,387097153,387671159,387671195,387671334,387671376,387937291,387937281,387662625,399996834,399996862,399996794,400000059
bb_id,28,1,100,101,102,103,104,105,106,107,108,110,111,112,113,114,115,116,117,118,119,120,122,123,124,125
bbv,28,2,11,11,11,11,11,11,11,9625,11,11,11,11,11,11,11,11,11,11,38500,38500,36201,36201,36201,4810981
csv,28,2,387937305,387937368,387023303,387023323,387023331,387023385,387023433,387090253,387090256,387097033,387097057,387097126,387097149,387671177,387671183,387671237,387671241,387937296,387927116,387652744,399999591,399999619,399999551,400000079
bb_id,28,2,100,101,102,103,104,105,106,107,108,110,111,112,113,114,115,116,117,118,119,120,122,123,124,125
bbv,28,3,11,11,11,11,11,11,11,9625,11,11,11,11,11,11,11,11,11,11,38500,38500,36361,36361,36360,4793632
csv,28,3,387937317,387937338,387023419,387023443,387023451,387023610,387023656,387083506,387083803,387097027,387097063,387097107,387097151,387671165,387671189,387671316,387671374,387937301,387934279,387668529,399993300,399993388,399993260,400000039
bb_id,28,3,100,101,102,103,104,105,106,107,108,110,111,112,113,114,115,116,117,118,119,120,122,123,124,125
bbv,29,0,1,2140,2140,2139,286530,9,9,10,10,10,10,10,8750,10,10,10,10,10,10,10,10,10,10,35000,35000,34144,34144,34145,4555760,9
csv,29,0,372879176,399997371,399997459,399997271,400000076,334384976,334385048,371965178,371965300,371965312,371965366,371965412,372038879,372038882,372038906,372038924,372038949,372039008,372613026,372613062,372613080,372613100,372879157,372878610,372613014,371963113,371963121,371965130,371965121,334384990
bb_id,29,0,83,96,97,98,99,100,101,102,103,104,105,106,107,108,110,111,112,113,114,115,116,117,118,119,120,122,123,124,125,126
bbv,29,1,1,2783,2783,2782,365487,9,9,10,10,10,10,10,8750,10,10,10,10,10,10,10,10,10,10,35000,35000,33648,33648,33649,4420767
csv,29,1,372879258,399998188,399998216,399998128,400000016,334384984,334385126,371965212,371965222,371965226,371965290,371965308,372036521,372036629,372038900,372038930,372039006,372039014,372613032,372613056,372613138,372613178,372879162,372866773,372608299,365992318,365992386,365995672,365995663
bb_id,29,1,83,96,97,98,99,100,101,102,103,104,105,106,107,108,110,111,112,113,114,115,116,117,118,119,120,122,123,124,125
bbv,29,2,1,2391,2391,2390,317548,9,9,10,10,10,10,10,8750,10,10,10,10,10,10,10,10,10,10,35000,35000,34053,34053,34054,4523263
csv,29,2,372879210,399993637,399993665,399993537,400000056,334384972,334385005,371965195,371965236,371965304,371965339,371965368,372034943,372034967,372038888,372038912,372038968,372039010,372613038,372613044,372613098,372613102,372879147,372879142,372594154,371023302,371023330,371026739,371026710
bb_id,29,2,83,96,97,98,99,100,101,102,103,104,105,106,107,108,110,111,112,113,114,115,116,117,118,119,120,122,123,124,125
bbv,29,3,1,2788,2788,2787,367791,9,9,10,10,10,10,10,8750,10,10,10,10,10,10,10,10,10,10,35000,35000,33639,33639,33640,4436468
csv,29,3,372879244,399993794,399993822,399993714,400000036,334384980,334385111,371965147,371965157,371965161,371965263,371965306,372037406,372037409,372038894,372038918,372038987,372039012,372613020,372613050,372613120,372613180,372879152,372877299,372611579,365812124,365812212,365823295,365823206
bb_id,29,3,83,96,97,98,99,100,101,102,103,104,105,106,107,108,110,111,112,113,114,115,116,117,118,119,120,122,123,124,125
bbv,30,0,1,1,1,1,1,1,1,1,1,1,875,1,1,1,1,1,1,1,1,1,875,1,1,1,1,1360,1360,1361,180306,11,11,10,10,10,10,10,8750,10,10,10,10,10,10,10,10,10,10,35000,35000,35240,35240,35239,4698809,11,3501,1,1,1,1,1,875,1,1,1,1,1,1,1,3500,1,1,1
csv,30,0,10869638,10540051,10869632,10869820,10869858,11373939,11373947,11373968,11374039,11374064,11430123,11430126,11430150,11430162,11430180,10459256,10459265,10459278,10459353,10459383,10540004,10540007,10540012,10540018,10540020,10457205,10457213,10459222,10459213,396372134,396372163,395458111,395458121,395458125,395458241,395458330,395531843,395531846,395531864,395531882,395531913,395531972,396105996,396106026,396106044,396106100,396372111,396355405,396105978,399985680,399985788,399985640,400000079,396372144,11373922,10540134,10540147,10540151,10540192,10540320,10620689,10620797,10631471,10631491,10631518,10631575,10631579,10869619,10869617,10631523,10631538,10631547
bb_id,30,0,32,34,36,70,71,72,73,74,75,76,77,78,80,81,82,84,85,86,87,88,89,90,92,93,94,96,97,98,99,100,101,102,103,104,105,106,107,108,110,111,112,113,114,115,116,117,118,119,120,122,123,124,125,126,128,148,149,150,151,152,153,154,156,157,158,159,160,161,162,163,164,165
bbv,30,1,1,1,1,1,1,1,1,875,1,1,1,1,1,1,1,1,1,875,1,1,1,1,717,717,718,94294,11,11,10,10,10,10,10,8750,10,10,10,10,10,10,10,10,10,10,35000,35000,35422,35422,35421,4652899,3500,1,1,1,1,1,875,1,1,1,1,1,1,1,3500
csv,30,1,10869918,10870030,11374014,11374088,11374109,11374176,11374194,11427378,11427397,11430144,11430174,11430194,10459316,10459394,10459398,10459596,10459736,10528370,10528396,10529206,10529304,10540024,6613612,6613640,6619186,6619157,396372130,396372248,395458173,395458200,395458204,395458326,395458479,395523539,395523626,395531858,395531894,395531951,395531978,396105990,396106020,396106098,396106104,396372126,396372106,396102165,399994354,399994422,399994314,400000039,11323414,10540307,10540329,10540337,10540534,10540707,10631435,10631439,10631447,10631511,10631537,10631695,10631798,10846903,10846884
bb_id,30,1,70,71,72,73,74,75,76,77,78,80,81,82,84,85,86,87,88,89,90,92,93,94,96,97,98,99,100,101,102,103,104,105,106,107,108,110,111,112,113,114,115,116,117,118,119,120,122,123,124,125,128,148,149,150,151,152,153,154,156,157,158,159,160,161,162
bbv,30,2,1,1,1,1,1,1,1,875,1,1,1,1,1,1,1,1,1,875,1,1,1,1,1109,1109,1110,147434,11,11,10,10,10,10,10,8750,10,10,10,10,10,10,10,10,10,10,35000,35000,35275,35275,35274,4687381,3500,1,1,1,1,1,875,1,1,1,1,1,1,1,3500
csv,30,2,10869698,10869700,11373964,11373976,11373980,11374056,11374062,11429768,11429787,11430132,11430156,11430177,10459239,10459274,10459282,10459381,10459385,10533582,10533815,10535076,10536462,10540026,9593247,9593275,9595964,9595935,396372138,396372193,395458142,395458152,395458156,395458268,395458328,395528669,395528693,395531852,395531888,395531970,395531974,396106002,396106008,396106062,396106102,396372116,396368553,396082608,399983086,399983174,399983046,400000059,11366758,10540088,10540097,10540138,10540233,10540318,10613847,10613877,10631463,10631501,10631530,10631561,10631577,10846153,10846100
bb_id,30,2,70,71,72,73,74,75,76,77,78,80,81,82,84,85,86,87,88,89,90,92,93,94,96,97,98,99,100,101,102,103,104,105,106,107,108,110,111,112,113,114,115,116,117,118,119,120,122,123,124,125,128,148,149,150,151,152,153,154,156,157,158,159,160,161,162
bbv,30,3,1,1,1,1,1,1,1,875,1,1,1,1,1,1,1,1,1,875,1,1,1,1,712,712,713,93714,11,11,10,10,10,10,10,8750,10,10,10,10,10,10,10,10,10,10,35000,35000,35414,35414,35413,4670847,3500,1,1,1,1,1,875,1,1,1,1,1,1,1,3500
csv,30,3,10869760,10869920,11373997,11374022,11374060,11374105,11374159,11428549,11428552,11430138,11430168,11430187,10459299,10459325,10459402,10459568,10459738,10533930,10533933,10534260,10534312,10540022,6739580,6739588,6744351,6744282,396372148,396372178,395458190,395458214,395458272,395458299,395458481,395527175,395527304,395531870,395531876,395531932,395531976,396105984,396106014,396106080,396106106,396372121,396370966,396103969,399999831,399999839,399999791,400000019,11323126,10540270,10540316,10540333,10540575,10540709,10622981,10622985,10631455,10631481,10631545,10631709,10631796,10867713,10867609
bb_id,30,3,70,71,72,73,74,75,76,77,78,80,81,82,84,85,86,87,88,89,90,92,93,94,96,97,98,99,100,101,102,103,104,105,106,107,108,110,111,112,113,114,115,116,117,118,119,120,122,123,124,125,128,148,149,150,151,152,153,154,156,157,158,159,160,161,162
bbv,31,0,10,10,10,10,10,10,10,8750,10,10,10,10,10,10,10,10,10,10,35000,35000,36050,36050,36050,4809479,10
csv,31,0,381313995,381314082,380399972,380399982,380399986,380400064,380400096,380473704,380473707,380473731,380473737,380473774,380473833,381047851,381047875,381047961,381047986,381313972,381304904,381047839,399989460,399989528,399989420,400000048,381314001
bb_id,31,0,100,101,102,103,104,105,106,107,108,110,111,112,113,114,115,116,117,118,119,120,122,123,124,125,126
bbv,31,1,10,10,10,10,10,10,10,8750,10,10,10,10,10,10,10,10,10,10,35000,35000,36695,36695,36695,4819788
csv,31,1,381314009,381314117,380400020,380400084,380400129,380400227,380400256,380464455,380464542,380473725,380473755,380473812,380473839,381047863,381047887,381047941,381047963,381313991,381307298,381036523,399993014,399993042,399992934,400000028
bb_id,31,1,100,101,102,103,104,105,106,107,108,110,111,112,113,114,115,116,117,118,119,120,122,123,124,125
bbv,31,2,10,10,10,10,10,10,10,8750,10,10,10,10,10,10,10,10,10,10,35000,35000,36191,36191,36191,4807659
csv,31,2,381313981,381314024,380400037,380400094,380400100,380400177,380400200,380468199,380468202,380473719,380473743,380473831,380473835,381047845,381047869,381047905,381047984,381313977,381313967,381037220,399999968,400000056,399999888,399999859
bb_id,31,2,100,101,102,103,104,105,106,107,108,110,111,112,113,114,115,116,117,118,119,120,122,123,124,125
bbv,31,3,10,10,10,10,10,10,10,8750,10,10,10,10,10,10,10,10,10,10,35000,35000,36692,36692,36692,4836608
csv,31,3,381314005,381314059,380400003,380400074,380400125,380400254,380400321,380464878,380464881,380473713,380473749,380473793,380473837,381047857,381047881,381047923,381047943,381313986,381306405,381034924,399997371,399997479,399997331,400000008
bb_id,31,3,100,101,102,103,104,105,106,107,108,110,111,112,113,114,115,116,117,118,119,120,122,123,124,125
bbv,32,0,1,1,1,1,1,1,1,1,1,1,875,1,1,1,1,1,1,1,1,1,1,875,1,1,1,1,3500,3500,3500,466836,9,9,9,9,9,9,9,7875,9,9,9,9,9,9,9,9,9,9,31500,31500,32856,32856,32856,4382725,9,3501,1,1,1,1,1,875,1,1,1,1,1,1,1,3500,1,1,1
csv,32,0,211775453,211445866,211775447,211775695,211775699,212279754,212279762,212279783,212279863,212279883,212332825,212332844,212335959,212335983,212335995,173784915,211365054,211365063,211365110,211365177,211365207,211445819,211445822,211445827,211445833,211445835,211363020,211363028,211365037,211365028,366312781,366312844,365398762,365398772,365398776,365398882,365398954,365472494,365472497,365472521,365472527,365472564,365472625,366046635,366046665,366046695,366046793,366312762,366292959,366046629,399995790,399995818,399995750,400000015,366312799,212279737,211445949,211445958,211446040,211446099,211446234,211527752,211527782,211537286,211537316,211537333,211537543,211537647,211775434,211775432,211537352,211537353,211537390
bb_id,32,0,32,34,36,70,71,72,73,74,75,76,77,78,80,81,82,83,84,85,86,87,88,89,90,92,93,94,96,97,98,99,100,101,102,103,104,105,106,107,108,110,111,112,113,114,115,116,117,118,119,120,122,123,124,125,126,128,148,149,150,151,152,153,154,156,157,158,159,160,161,162,163,164,165
bbv,32,1,1,1,1,1,1,1,1,875,1,1,1,1,1,1,1,1,1,1,875,1,1,1,1,3500,3500,3500,459781,9,9,9,9,9,9,9,7875,9,9,9,9,9,9,9,9,9,9,31500,31500,32883,32883,32884,4320743,3500,1,1,1,1,1,875,1,1,1,1,1,1,1,3500
csv,32,1,211775633,211775737,212279829,212279873,212279923,212279957,212279961,212335183,212335202,212335953,212335989,212336009,173784997,211365080,211365140,211365211,211365314,211365413,211443919,211444014,211444640,211444715,211445837,206029650,206029738,206035341,206035252,366312793,366312829,365398810,365398830,365398834,365398946,365398977,365471210,365471213,365472515,365472545,365472602,365472629,366046653,366046677,366046731,366046751,366312772,366310078,366043841,397992780,397992808,397998134,397998045,212224189,211446032,211446058,211446144,211446189,211446238,211537250,211537254,211537270,211537326,211537360,211537388,211537406,211751900,211751881
bb_id,32,1,70,71,72,73,74,75,76,77,78,80,81,82,83,84,85,86,87,88,89,90,92,93,94,96,97,98,99,100,101,102,103,104,105,106,107,108,110,111,112,113,114,115,116,117,118,119,120,122,123,124,125,128,148,149,150,151,152,153,154,156,157,158,159,160,161,162
bbv,32,2,1,1,1,1,1,1,1,875,1,1,1,1,1,1,1,1,1,1,875,1,1,1,1,3500,3500,3500,464982,9,9,9,9,9,9,9,7875,9,9,9,9,9,9,9,9,9,9,31500,31500,32950,32950,32950,4376503,3500,1,1,1,1,1,875,1,1,1,1,1,1,1,3500
csv,32,2,211775513,211775697,212279779,212279791,212279795,212279846,212279865,212333804,212333807,212335947,212335977,212335992,173784929,211365097,211365106,211365114,211365205,211365217,211436853,211436948,211438172,211438546,211445839,210437454,210437482,210441031,210441002,366312789,366312859,365398855,365398892,365398952,365399046,365399090,365462846,365462891,365472509,365472539,365472621,365472623,366046641,366046659,366046713,366046795,366312777,366307038,366027072,399999427,399999455,399999387,400000035,212273509,211445903,211445912,211446036,211446140,211446232,211520832,211521070,211537278,211537296,211537340,211537404,211537461,211758413,211758343
bb_id,32,2,70,71,72,73,74,75,76,77,78,80,81,82,83,84,85,86,87,88,89,90,92,93,94,96,97,98,99,100,101,102,103,104,105,106,107,108,110,111,112,113,114,115,116,117,118,119,120,122,123,124,125,128,148,149,150,151,152,153,154,156,157,158,159,160,161,162
bbv,32,3,1,1,1,1,1,1,1,875,1,1,1,1,1,1,1,1,1,1,875,1,1,1,1,3500,3500,3500,461505,9,9,9,9,9,9,9,7875,9,9,9,9,9,9,9,9,9,9,31500,31500,32894,32894,32895,4337695,3500,1,1,1,1,1,875,1,1,1,1,1,1,1,3500
csv,32,3,211775573,211775635,212279812,212279881,212279919,212279940,212279959,212335938,212335941,212335965,212335971,212336006,173784983,211365131,211365149,211365215,211365342,211365415,211440110,211440435,211442418,211442999,211445841,206814840,206814848,206822399,206822390,366312785,366312814,365398793,365398820,365398838,365398919,365398948,365467217,365467619,365472503,365472533,365472583,365472627,366046647,366046671,366046749,366046753,366312767,366312757,366044292,398148835,398148843,398155746,398155737,212228725,211445995,211446049,211446148,211446230,211446236,211533216,211533220,211537262,211537306,211537347,211537374,211537408,211762784,211762782
bb_id,32,3,70,71,72,73,74,75,76,77,78,80,81,82,83,84,85,86,87,88,89,90,92,93,94,96,97,98,99,100,101,102,103,104,105,106,107,108,110,111,112,113,114,115,116,117,118,119,120,122,123,124,125,128,148,149,150,151,152,153,154,156,157,158,159,160,161,162
bbv,33,0,11,11,11,11,11,11,11,9625,11,11,11,11,11,11,11,11,11,11,38500,38500,36633,36633,36633,4884562,11
csv,33,0,389748884,389748956,388834861,388834871,388834892,388834933,388834979,388908593,388908596,388908614,388908632,388908663,388908726,389482740,389482764,389482794,389482873,389748871,389736734,389482728,399982283,399982371,399982243,400000070,389748898
bb_id,33,0,100,101,102,103,104,105,106,107,108,110,111,112,113,114,115,116,117,118,119,120,122,123,124,125,126
bbv,33,1,11,11,11,11,11,11,11,9625,11,11,11,11,11,11,11,11,11,11,38500,38500,36111,36111,36110,4742864
csv,33,1,389748892,389749094,388834977,388835033,388835127,388835221,388835286,388894787,388894811,388908608,388908644,388908701,388908705,389482752,389482776,389482848,389482850,389748876,389744106,389464647,399994817,399994893,399994777,400000010
bb_id,33,1,100,101,102,103,104,105,106,107,108,110,111,112,113,114,115,116,117,118,119,120,122,123,124,125
bbv,33,2,11,11,11,11,11,11,11,9625,11,11,11,11,11,11,11,11,11,11,38500,38500,36414,36414,36414,4838541
csv,33,2,389748880,389748971,388834888,388834902,388834906,388834960,388834981,388901387,388901390,388908620,388908626,388908724,388908728,389482734,389482758,389482812,389482875,389748861,389748856,389468173,399994768,399994825,399994728,400000050
bb_id,33,2,100,101,102,103,104,105,106,107,108,110,111,112,113,114,115,116,117,118,119,120,122,123,124,125
bbv,33,3,11,11,11,11,11,11,11,9625,11,11,11,11,11,11,11,11,11,11,38500,38500,36124,36124,36123,4762503
csv,33,3,389748888,389748913,388835050,388835123,388835194,388835313,388835399,388896785,388896830,388908602,388908638,388908682,388908703,389482746,389482770,389482830,389482852,389748866,389748020,389474651,399997782,399997870,399997742,400000030
bb_id,33,3,100,101,102,103,104,105,106,107,108,110,111,112,113,114,115,116,117,118,119,120,122,123,124,125
bbv,34,0,1,1950,1950,1949,260391,9,9,10,10,10,10,10,8750,10,10,10,10,10,10,10,10,10,10,35000,35000,34221,34221,34222,4566225,9
csv,34,0,374690822,399988233,399988321,399988113,400000072,336196568,336196654,373776731,373776741,373776745,373776772,373776774,373850463,373850466,373850490,373850496,373850533,373850594,374424604,374424634,374424739,374424745,374690736,374673569,374424598,373774697,373774705,373776714,373776705,336196574
bb_id,34,0,83,96,97,98,99,100,101,102,103,104,105,106,107,108,110,111,112,113,114,115,116,117,118,119,120,122,123,124,125,126
bbv,34,1,1,2713,2713,2712,356650,9,9,10,10,10,10,10,8750,10,10,10,10,10,10,10,10,10,10,35000,35000,33889,33889,33890,4452756
csv,34,1,374690760,399997244,399997252,399997204,400000012,336196560,336196604,373777343,373777480,373777568,373777622,373777624,373844952,373844976,373850478,373850514,373850571,373850596,374424622,374424646,374424684,374424741,374690746,374690726,374417054,368414400,368414468,368417557,368417548
bb_id,34,1,83,96,97,98,99,100,101,102,103,104,105,106,107,108,110,111,112,113,114,115,116,117,118,119,120,122,123,124,125
bbv,34,2,1,2180,2180,2179,288698,9,9,10,10,10,10,10,8750,10,10,10,10,10,10,10,10,10,10,35000,35000,34170,34170,34171,4539016
csv,34,2,374690808,399994767,399994935,399994647,400000052,336196564,336196619,373777253,373777284,373777309,373777401,373777424,373849347,373849371,373850472,373850502,373850590,373850592,374424610,374424628,374424664,374424666,374690731,374688370,374402171,373152686,373152694,373156123,373156094
bb_id,34,2,83,96,97,98,99,100,101,102,103,104,105,106,107,108,110,111,112,113,114,115,116,117,118,119,120,122,123,124,125
bbv,34,3,1,2595,2595,2594,342266,9,9,10,10,10,10,10,8750,10,10,10,10,10,10,10,10,10,10,35000,35000,33876,33876,33877,4467597
csv,34,3,374690774,399991190,399991218,399991090,400000032,336196556,336196589,373777326,373777353,373777470,373777595,373777731,373846551,373846554,373850484,373850508,373850552,373850598,374424616,374424640,374424702,374424743,374690741,374683012,374419104,368114356,368114524,368127841,368127812
bb_id,34,3,83,96,97,98,99,100,101,102,103,104,105,106,107,108,110,111,112,113,114,115,116,117,118,119,120,122,123,124,125
bbv,35,0,1,1,1,1,1,1,1,1,1,1,875,1,1,1,1,1,1,1,1,1,875,1,1,1,1,1550,1550,1551,206445,11,11,10,10,10,10,10,8750,10,10,10,10,10,10,10,10,10,10,35000,35000,35136,35136,35135,4685953,11,3501,1,1,1,1,1,875,1,1,1,1,1,1,1,3500,1,1,1
csv,35,0,12681226,12351639,12681220,12681286,12681348,13185527,13185560,13185568,13185635,13185696,13241484,13241503,13241732,13241756,13241768,12270827,12270853,12270900,12270960,12270964,12351592,12351595,12351600,12351606,12351612,12268793,12268801,12270810,12270801,398183721,398183794,397269716,397269736,397269740,397269800,397269867,397343431,397343434,397343458,397343464,397343520,397343564,397917572,397917602,397917632,397917688,398183704,398183694,397917566,399990041,399990069,399989933,400000003,398183727,13185510,12351676,12351722,12351827,12351880,12352005,12442161,12442659,12443035,12443069,12443106,12443191,12443199,12681207,12681205,12443111,12443126,12443135
bb_id,35,0,32,34,36,70,71,72,73,74,75,76,77,78,80,81,82,84,85,86,87,88,89,90,92,93,94,96,97,98,99,100,101,102,103,104,105,106,107,108,110,111,112,113,114,115,116,117,118,119,120,122,123,124,125,126,128,148,149,150,151,152,153,154,156,157,158,159,160,161,162,163,164,165
bbv,35,1,1,1,1,1,1,1,1,875,1,1,1,1,1,1,1,1,1,875,1,1,1,1,787,787,788,103131,11,11,10,10,10,10,10,8750,10,10,10,10,10,10,10,10,10,10,35000,35000,35203,35203,35202,4623799,3500,1,1,1,1,1,875,1,1,1,1,1,1,1,3500
csv,35,1,12681542,12681652,13185602,13185618,13185656,13185677,13185700,13239257,13239260,13241726,13241762,13241774,12270896,12270973,12271032,12271110,12271209,12344457,12344529,12344557,12344609,12351614,7650427,7650455,7656701,7656672,398183736,398183824,397269834,397269902,397269996,397270086,397270090,397331242,397331455,397343452,397343476,397343558,397343607,397917590,397917614,397917686,397917692,398183732,398182269,397907152,399999535,399999563,399999415,400000063,13135974,12351805,12351823,12351839,12352003,12352011,12429439,12429469,12443059,12443099,12443118,12443149,12443193,12671498,12671394
bb_id,35,1,70,71,72,73,74,75,76,77,78,80,81,82,84,85,86,87,88,89,90,92,93,94,96,97,98,99,100,101,102,103,104,105,106,107,108,110,111,112,113,114,115,116,117,118,119,120,122,123,124,125,128,148,149,150,151,152,153,154,156,157,158,159,160,161,162
bbv,35,2,1,1,1,1,1,1,1,875,1,1,1,1,1,1,1,1,1,875,1,1,1,1,1320,1320,1321,176284,11,11,10,10,10,10,10,8750,10,10,10,10,10,10,10,10,10,10,35000,35000,35156,35156,35155,4671029,3500,1,1,1,1,1,875,1,1,1,1,1,1,1,3500
csv,35,2,12681346,12681350,13185544,13185552,13185564,13185652,13185698,13241711,13241714,13241720,13241750,13241765,12270844,12270862,12270904,12270932,12270962,12345414,12345739,12348458,12349821,12351608,11389633,11389661,11394127,11394078,398183717,398183809,397269699,397269726,397269744,397269771,397269773,397338955,397338958,397343446,397343482,397343501,397343562,397917578,397917596,397917650,397917690,398183699,398182858,397896820,399988427,399988455,399988127,400000043,13183098,12351713,12351731,12351831,12351921,12352007,12443023,12443027,12443051,12443079,12443125,12443177,12443197,12650941,12650888
bb_id,35,2,70,71,72,73,74,75,76,77,78,80,81,82,84,85,86,87,88,89,90,92,93,94,96,97,98,99,100,101,102,103,104,105,106,107,108,110,111,112,113,114,115,116,117,118,119,120,122,123,124,125,128,148,149,150,151,152,153,154,156,157,158,159,160,161,162
bbv,35,3,1,1,1,1,1,1,1,875,1,1,1,1,1,1,1,1,1,875,1,1,1,1,905,905,906,119239,11,11,10,10,10,10,10,8750,10,10,10,10,10,10,10,10,10,10,35000,35000,35184,35184,35183,4639818,3500,1,1,1,1,1,875,1,1,1,1,1,1,1,3500
csv,35,3,12681482,12681654,13185585,13185610,13185660,13185694,13185702,13237222,13237257,13241738,13241744,13241771,12270879,12270982,12271036,12271138,12271211,12338509,12338581,12339299,12339558,12351610,8381403,8381411,8385760,8385751,398183713,398183751,397269817,397269844,397269892,397269992,397270088,397336600,397336750,397343440,397343470,397343539,397343560,397917584,397917608,397917668,397917694,398183709,398181661,397914245,399994758,399994846,399994718,400000023,13136118,12351768,12351814,12351835,12351962,12352009,12431211,12431215,12443043,12443089,12443133,12443163,12443195,12669575,12669556
bb_id,35,3,70,71,72,73,74,75,76,77,78,80,81,82,84,85,86,87,88,89,90,92,93,94,96,97,98,99,100,101,102,103,104,105,106,107,108,110,111,112,113,114,115,116,117,118,119,120,122,123,124,125,128,148,149,150,151,152,153,154,156,157,158,159,160,161,162
bbv,36,0,10,10,10,10,10,10,10,8750,10,10,10,10,10,10,10,10,10,10,35000,35000,36132,36132,36132,4819394,10
csv,36,0,383125599,383125686,382211576,382211586,382211607,382211682,382211704,382285308,382285311,382285335,382285347,382285397,382285418,382859449,382859479,382859509,382859565,383125581,383124298,382859443,399992826,399992854,399992726,400000025,383125613
bb_id,36,0,100,101,102,103,104,105,106,107,108,110,111,112,113,114,115,116,117,118,119,120,122,123,124,125,126
bbv,36,1,10,10,10,10,10,10,10,8750,10,10,10,10,10,10,10,10,10,10,35000,35000,36645,36645,36645,4813311
csv,36,1,383125603,383125671,382211651,382211692,382211735,382211789,382211881,382283244,382283478,382285329,382285353,382285439,382285484,382859467,382859491,382859545,382859590,383125591,383125153,382850669,399999297,399999365,399999257,400000065
bb_id,36,1,100,101,102,103,104,105,106,107,108,110,111,112,113,114,115,116,117,118,119,120,122,123,124,125
bbv,36,2,10,10,10,10,10,10,10,8750,10,10,10,10,10,10,10,10,10,10,35000,35000,36199,36199,36199,4809527
csv,36,2,383125595,383125628,382211603,382211617,382211655,382211731,382211762,382279062,382279128,382285323,382285341,382285416,382285420,382859455,382859473,382859527,382859567,383125576,383121714,382851735,399997283,399997351,399997243,400000045
bb_id,36,2,100,101,102,103,104,105,106,107,108,110,111,112,113,114,115,116,117,118,119,120,122,123,124,125
bbv,36,3,10,10,10,10,10,10,10,8750,10,10,10,10,10,10,10,10,10,10,35000,35000,36649,36649,36649,4831308
csv,36,3,383125607,383125721,382211634,382211702,382211739,382211816,382211883,382284612,382284720,382285317,382285359,382285378,382285441,382859461,382859485,382859563,382859569,383125586,383125571,382853703,399997900,399997988,399997860,400000005
bb_id,36,3,100,101,102,103,104,105,106,107,108,110,111,112,113,114,115,116,117,118,119,120,122,123,124,125
bbv,37,0,1,1,1,1,1,1,1,1,875,1,1,1,1,3500,3500,3500,466836,4,4,5,5,5,5,5,4375,5,5,5,5,5,5,5,5,5,5,17500,17500,16232,16232,16233,2165553,4,1,1,1,1,1,875,1,1,1,1,1,1,1,3500,1,1,1,1
csv,37,0,213257461,213587057,175596510,213176649,213176675,213176705,213176772,213176810,213257408,213257411,213257422,213257428,213257432,213174615,213174623,213176632,213176623,137102301,137102422,174682498,174682518,174682522,174682616,174682680,174756213,174756216,174756222,174756252,174756283,174756344,175330360,175330384,175330468,175330470,175596481,175596248,175330348,174680447,174680455,174682464,174682455,137102316,213257544,213257553,213257561,213257735,213257747,213334615,213334645,213348881,213348891,213348935,213360628,213360698,213587044,213587042,213348940,213360563,213348977,213360510
bb_id,37,0,34,36,83,84,85,86,87,88,89,90,92,93,94,96,97,98,99,100,101,102,103,104,105,106,107,108,110,111,112,113,114,115,116,117,118,119,120,122,123,124,125,126,148,149,150,151,152,153,154,156,157,158,159,160,161,162,163,165,166,167
bbv,37,1,1,1,1,1,1,1,875,1,1,1,1,3500,3500,3500,459781,4,4,5,5,5,5,5,4375,5,5,5,5,5,5,5,5,5,5,17500,17500,15652,15652,15653,2057415,1,1,1,1,1,875,1,1,1,1,1,1,1,3500
csv,37,1,175596578,213176701,213176744,213176808,213177029,213177123,213251935,213251984,213252242,213252294,213257436,209414249,209414277,209424177,209424088,137102310,137102540,174682572,174682657,174682709,174682763,174682807,174742113,174742473,174756234,174756258,174756321,174756348,175330372,175330396,175330450,175330476,175596491,175596476,175325346,168819357,168819385,168824714,168824665,213257635,213257653,213257743,213257829,213257885,213333987,213334017,213348865,213348921,213348954,213349005,213349041,213555097,213555078
bb_id,37,1,83,84,85,86,87,88,89,90,92,93,94,96,97,98,99,100,101,102,103,104,105,106,107,108,110,111,112,113,114,115,116,117,118,119,120,122,123,124,125,148,149,150,151,152,153,154,156,157,158,159,160,161,162
bbv,37,2,1,1,1,1,1,1,875,1,1,1,1,3500,3500,3500,464982,4,4,5,5,5,5,5,4375,5,5,5,5,5,5,5,5,5,5,17500,17500,16145,16145,16146,2143994,1,1,1,1,1,875,1,1,1,1,1,1,1,3500
csv,37,2,175596524,213176666,213176684,213176709,213176800,213176812,213252409,213252711,213255706,213257417,213257430,212169139,212169147,212171873,212171844,137102320,137102339,174682481,174682508,174682526,174682553,174682555,174749154,174749178,174756228,174756246,174756340,174756342,175330366,175330378,175330414,175330472,175596486,175587223,175296687,173872189,173872217,173875303,173875274,213257498,213257507,213257557,213257694,213257745,213348845,213348849,213348873,213348901,213348928,213348968,213348970,213553361,213553274
bb_id,37,2,83,84,85,86,87,88,89,90,92,93,94,96,97,98,99,100,101,102,103,104,105,106,107,108,110,111,112,113,114,115,116,117,118,119,120,122,123,124,125,148,149,150,151,152,153,154,156,157,158,159,160,161,162
bbv,37,3,1,1,1,1,1,1,875,1,1,1,1,3500,3500,3500,461505,4,4,5,5,5,5,5,4375,5,5,5,5,5,5,5,5,5,5,17500,17500,15667,15667,15668,2066499,1,1,1,1,1,875,1,1,1,1,1,1,1,3500
csv,37,3,175596592,213176726,213176735,213176804,213177001,213177125,213245849,213245921,213246616,213246760,213257434,209515641,209515649,209521295,209521286,137102324,137102525,174682589,174682647,174682705,174682736,174682893,174742956,174742959,174756240,174756264,174756302,174756346,175330354,175330390,175330432,175330474,175596496,175594823,175323378,168867698,168867706,168873929,168873920,213257598,213257644,213257739,213257788,213257883,213347463,213347519,213348857,213348911,213348947,213348991,213349043,213576485,213576483
bb_id,37,3,83,84,85,86,87,88,89,90,92,93,94,96,97,98,99,100,101,102,103,104,105,106,107,108,110,111,112,113,114,115,116,117,118,119,120,122,123,124,125,148,149,150,151,152,153,154,156,157,158,159,160,161,162
region_inst,N/A,N/A,400000070,400000069,400000070,400000070,400000039,400000075,400000072,400000061,400000064,400000026,400000074,400000071,400000061,400000071,400000045,400000056,400000073,400000075,400000079,400000072,400000071,400000060,400000007,400000072,400000061,400000074,400000075,400000039,400000079,400000076,400000079,400000056,400000035,400000070,400000072,400000063,400000065,213587057
