type,region,thread,data
bbv,0,0,1,1,1,1,10532,10532,10532,1358536,10531,10531,10531,10531,10531,10531,1347968,10531,10531
csv,0,0,230,256,588,741,399995808,399995974,399996113,400000122,399970721,399970758,399970812,399970952,399971053,399971100,399995382,399995555,399995592
bb_id,0,0,27,142,354,355,357,358,359,360,361,363,364,365,366,367,368,369,371
bbv,0,1,1,1,11558,11558,11558,1490982,11558,11558,11558,11558,11558,11558,1479416,11557,11557
csv,0,1,437,672,399969519,399969650,399969653,399984397,399984432,399984502,399984556,399984629,399984731,399984777,400000055,399969370,399969473
bb_id,0,1,354,355,357,358,359,360,361,363,364,365,366,367,368,369,371
bbv,0,2,1,1,12207,12207,12207,1574703,12207,12207,12207,12207,12207,12207,1562440,12206,12206
csv,0,2,315,333,399975066,399975264,399975401,399990863,399990999,399991069,399991124,399991264,399991400,399991548,400000021,399974983,399975020
bb_id,0,2,354,355,357,358,359,360,361,363,364,365,366,367,368,369,371
bbv,0,3,1,1,11471,11471,11471,1479759,11471,11471,11471,11471,11471,11471,1468197,11470,11470
csv,0,3,496,690,399977690,399977753,399977889,399993738,399993910,399993981,399994104,399994144,399994213,399994362,400000089,399977476,399977645
bb_id,0,3,354,355,357,358,359,360,361,363,364,365,366,367,368,369,371
bbv,1,0,1,1,1,1,1,1,1,1,1,1,1,1,1,1,65,65,65,16770,64,64,64,64,64,16512,16384,1,5852,5852,5852,755000,5853,5853,5853,5853,5853,5853,749184,5853,5853,1,1,14594,14594,14593,3736023
csv,1,0,177354898,177354916,172785138,177354886,177354890,177354891,172785155,177354881,177354882,172785191,172785230,175753403,175753439,177241700,177229288,177229296,177241458,177241455,174891175,174891181,174897484,174897492,174903813,174903810,174897481,172785085,172776354,172776384,172776387,172780644,172780646,172780649,172780670,172780676,172780711,172780724,172785076,172785079,172785082,177355022,177355046,399987062,399987110,399987013,400000016
bb_id,1,0,29,137,144,146,148,150,323,325,327,328,329,330,331,332,333,334,335,336,337,338,339,340,341,342,343,356,357,358,359,360,361,363,364,365,366,367,368,369,371,374,375,379,380,381,382
bbv,1,1,1,1,1,1,1,65,65,65,16770,64,64,64,64,64,16512,16384,1,4826,4826,4826,622554,4826,4826,4826,4826,4826,4826,617736,4827,4827,1,1,14305,14305,14304,3661905
csv,1,1,172785317,172785323,175753431,175753455,177341266,177331077,177331109,177340928,177340877,175722769,175722796,175736640,175736669,175745552,175745528,175736616,172785088,162508825,162508921,162508957,162523444,162523548,162523585,162523640,162523680,162523851,162524000,162537865,162537967,162538069,177355176,177355212,399995393,399995426,399995359,400000046
bb_id,1,1,328,329,330,331,332,333,334,335,336,337,338,339,340,341,342,343,356,357,358,359,360,361,363,364,365,366,367,368,369,371,374,375,379,380,381,382
bbv,1,2,1,1,1,1,1,64,64,64,16512,64,64,64,64,64,16512,16384,1,4177,4177,4177,538833,4177,4177,4177,4177,4177,4177,534712,4178,4178,1,1,14283,14283,14282,3656394
csv,1,2,172785227,172785233,175753389,175753435,177208668,177189218,177189298,177208642,177208543,175499149,175499155,175512862,175512918,175523640,175523637,175512859,172785094,135666655,135666719,135666755,135682078,135682113,135682250,135682304,135682444,135682679,135682725,135697010,135697114,135697218,177354964,177354970,399987839,399987872,399987805,400000031
bb_id,1,2,328,329,330,331,332,333,334,335,336,337,338,339,340,341,342,343,356,357,358,359,360,361,363,364,365,366,367,368,369,371,374,375,379,380,381,382
bbv,1,3,1,1,1,1,1,64,64,64,16512,64,64,64,64,64,16512,16384,1,4913,4913,4913,633777,4913,4913,4913,4913,4913,4913,628955,4914,4914,1,1,14395,14395,14394,3685035
csv,1,3,172785281,172785320,175753417,175753443,177354861,177348656,177348664,177354859,177354856,175734279,175734285,175747172,175747180,175753375,175753372,175747169,172785091,164623035,164623065,164623068,164631252,164631254,164631325,164631346,164631352,164631387,164631434,164636398,164636401,164636404,177355290,177355330,399989336,399989399,399989272,400000001
bb_id,1,3,328,329,330,331,332,333,334,335,336,337,338,339,340,341,342,343,356,357,358,359,360,361,363,364,365,366,367,368,369,371,374,375,379,380,381,382
bbv,2,0,1,1,1,1,1,7,7,7,5722,5722,5722,155323,5722,5718,5722,11436,1,1,6,5,5,5,5,1,1,7,1,1,5,7,7,7,7,7,6,6,6,6,6,6,6,6,6,6,6,6,6,6,6,1434,1434,1434,40311,1434,1434,1434,1330,1330,1330,38192,1330,1434,1434,1434,1403,1403,38776,1403,1434,1434,1434,1403,1403,38776,1403,1434,1434,1434,1403,1403,38776,1403,1434,1434,1636,1636,1636,2804,6,6,6,1365,1365,1365,38814,1365,1365,1365,1364,1364,1364,37448,1364,1,1365,2,18,18,18,18,18,18,18,18,143,143,143,8978,127,127,127,127,127,8446,8192,7,7,7,5461,5461,5461,5461,5461,599186,604647,6,6,5,3221,3221,3221,159517,3221,3221,3221,3217,3217,3221,3220,312552,1,1,1,1790,1790,1791,458281
csv,2,0,30782928,30782930,30782940,30782944,30782947,324481757,324481864,330126470,330106680,330106718,330106721,330107316,330107318,330107338,330107371,330107350,30782916,30782917,351889846,314233206,314528074,314528078,314528079,30782965,30782967,291612026,291615123,291615131,324481724,291609284,291610949,291611993,291611997,291611998,314528102,324186759,324481627,324481631,324481632,330126524,330126533,351889809,351889812,351889815,351889819,351889820,330126625,330126728,351889771,350293803,350293916,350293950,350297846,350297934,350297968,350298163,350298306,350298385,350298468,350301844,350301901,350301934,350302058,350302128,350302155,350302247,350304825,350304915,350304975,350305132,350305259,350305343,350305371,350308459,350308740,350308773,350308897,350308943,350309030,350309065,350311579,350311612,350311769,350312020,350311920,350308800,350305104,350302023,314528320,314528330,324186717,323614311,323614377,323614431,323618142,323618246,323618282,323618402,323618441,323618497,323618511,323622789,323622828,291613456,323622969,291613642,324186776,324481622,324481623,324186848,324186851,324376002,324376020,324469823,324465778,324465858,324469821,324469722,324360588,324360639,324367039,324367119,324371226,324371223,324366940,291609339,291609342,291610897,291609415,291609448,291609765,291609938,291610350,291610310,291609726,351889964,351890118,314233153,399974431,399974599,399974738,399987493,399987769,399987875,399987931,399988075,399988145,399988251,399974316,400000075,30782830,30782850,30782876,27512766,27512799,27527501,27527481
bb_id,2,0,31,32,33,34,35,105,106,107,108,109,110,111,112,113,114,115,139,141,142,144,146,148,150,151,152,153,154,155,156,178,180,182,184,186,187,189,191,193,195,196,198,199,201,203,205,207,208,209,210,211,212,213,214,215,217,218,219,220,221,222,223,224,225,226,227,228,229,230,231,232,233,234,235,236,237,238,239,240,241,242,243,244,245,246,247,248,249,250,303,304,305,306,307,308,309,310,312,313,314,315,316,317,318,319,320,321,323,325,327,328,329,330,331,332,333,334,335,336,337,338,339,340,341,342,343,344,345,346,347,348,349,350,351,352,353,354,355,356,357,358,359,360,361,363,364,365,366,370,371,372,376,377,378,379,380,381,382
bbv,2,1,7,7,7,5722,5722,5722,155323,5722,5718,5722,11436,6,6,6,1428,1428,1428,40242,1428,1428,1428,1328,1328,1328,38144,1328,1428,1428,1428,1400,1400,38720,1400,1428,1428,1428,1400,1400,38720,1400,1428,1428,1428,1400,1400,38720,1400,1428,1428,1616,1616,1616,2768,6,6,6,1365,1365,1365,38814,1365,1365,1365,1364,1364,1364,37448,1364,1,1365,2,18,18,18,18,18,143,143,143,8978,127,127,127,127,127,8446,8192,7,7,7,5461,5461,5461,5461,5461,599186,604647,6,6,5,3148,3148,3148,154772,3148,3148,3148,3144,3144,3148,3147,303155,1,1,1,2079,2079,2080,532399
csv,2,1,324481856,324481860,330126473,329986467,329986514,329986517,329987539,329987541,329987567,329987627,329987612,330126879,330126979,351889774,351884632,351884652,351884655,351885447,351885449,351885452,351885475,351885501,351885525,351885529,351886521,351886523,351886525,351886556,351886571,351886596,351886600,351887592,351887594,351887596,351887627,351887642,351887667,351887671,351888663,351888665,351888667,351888698,351888713,351888738,351888742,351889734,351889736,351889738,351889768,351889765,351888694,351887623,351886552,314528259,314528269,324186723,323990142,323990208,323990247,323992443,323992511,323992547,323992598,323992637,323992693,323992740,323995020,323995095,291613803,323995134,291613951,324186926,324186932,324376134,324376204,324477607,324472956,324473012,324477293,324477242,324354734,324354809,324360439,324360468,324364719,324364695,324360412,291609558,291609688,291610900,291609762,291609863,291610707,291610747,291610888,291610885,291610494,351890082,351890166,314233162,399986469,399986602,399986640,399995503,399995744,399995918,399996042,399996184,399996252,399996290,399986319,400000007,30782822,30782870,30782878,30778935,30778953,30782798,30782793
bb_id,2,1,105,106,107,108,109,110,111,112,113,114,115,208,209,210,211,212,213,214,215,217,218,219,220,221,222,223,224,225,226,227,228,229,230,231,232,233,234,235,236,237,238,239,240,241,242,243,244,245,246,247,248,249,250,303,304,305,306,307,308,309,310,312,313,314,315,316,317,318,319,320,321,328,329,330,331,332,333,334,335,336,337,338,339,340,341,342,343,344,345,346,347,348,349,350,351,352,353,354,355,356,357,358,359,360,361,363,364,365,366,370,371,372,376,377,378,379,380,381,382
bbv,2,2,7,7,7,5722,5722,5722,155323,5722,5718,5722,11436,6,6,6,1428,1428,1428,40242,1428,1428,1428,1328,1328,1328,38144,1328,1428,1428,1428,1400,1400,38720,1400,1428,1428,1428,1400,1400,38720,1400,1428,1428,1428,1400,1400,38720,1400,1428,1428,1616,1616,1616,2768,6,6,6,1365,1365,1365,38814,1365,1365,1365,1364,1364,1364,37448,1364,1,1365,2,18,16,18,18,18,127,127,127,8446,125,125,125,125,125,8438,8188,7,7,7,5461,5461,5461,5461,5461,599186,604647,6,6,5,3304,3304,3304,164912,3304,3304,3304,3300,3300,3304,3303,323113,1,1,1,2101,2101,2102,537910
csv,2,2,324481790,324481862,330126476,330010344,330010391,330010394,330011115,330011126,330011137,330011170,330011158,330126579,330126709,351889777,350399805,350399825,350399930,350402386,350402636,350402639,350402788,350402851,350402875,350402921,350405757,350405759,350405885,350405916,350405931,350406020,350406024,350408475,350408477,350408534,350408761,350408776,350408911,350408915,350410347,350410349,350410415,350410477,350410492,350410551,350410555,350413435,350413437,350413439,350413548,350413545,350410442,350408561,350405912,314528153,314528163,324186720,323698647,323698746,323698749,323701194,323701196,323701268,323701286,323701325,323701348,323701431,323704361,323704364,291613459,323704409,291613679,324186812,324186854,324376016,324376024,324463485,324456971,324457051,324463267,324463096,324358708,324358843,324365249,324365278,324370635,324370584,324365153,291609397,291609418,291610894,291609614,291609682,291610131,291610347,291610566,291610563,291610014,351889905,351890136,314233156,399989302,399989435,399989506,399996217,399996327,399996435,399996491,399996567,399996672,399996710,399989255,400000110,30782814,30782840,30782874,29822018,29822066,29829391,29829386
bb_id,2,2,105,106,107,108,109,110,111,112,113,114,115,208,209,210,211,212,213,214,215,217,218,219,220,221,222,223,224,225,226,227,228,229,230,231,232,233,234,235,236,237,238,239,240,241,242,243,244,245,246,247,248,249,250,303,304,305,306,307,308,309,310,312,313,314,315,316,317,318,319,320,321,328,329,330,331,332,333,334,335,336,337,338,339,340,341,342,343,344,345,346,347,348,349,350,351,352,353,354,355,356,357,358,359,360,361,363,364,365,366,370,371,372,376,377,378,379,380,381,382
bbv,2,3,7,7,7,5722,5722,5722,155323,5722,5718,5722,11436,6,6,6,1428,1428,1428,40242,1428,1428,1428,1328,1328,1328,38144,1328,1428,1428,1428,1400,1400,38720,1400,1428,1428,1428,1400,1400,38720,1400,1428,1428,1428,1400,1400,38720,1400,1428,1428,1616,1616,1616,2768,6,6,6,1365,1365,1365,38814,1365,1365,1365,1364,1364,1364,37448,1364,1,1365,2,18,16,18,18,18,127,127,127,8446,125,125,125,125,125,8438,8188,7,7,7,5461,5461,5461,5461,5461,599186,604647,6,6,5,2920,2920,2920,139891,2919,2919,2919,2915,2915,2919,2919,273936,1,1,1,1989,1989,1990,509269
csv,2,3,324481823,324481858,330126467,330126134,330126154,330126157,330126445,330126447,330126449,330126464,330126461,330126671,330126690,351889780,351804850,351804901,351804904,351806891,351806955,351807020,351807074,351807131,351807157,351807163,351808788,351808821,351808854,351808947,351808993,351809018,351809022,351810701,351810727,351810753,351810832,351810871,351810920,351810924,351813337,351813379,351813416,351813571,351813648,351813735,351813770,351816081,351816114,351816147,351816239,351816205,351813505,351810804,351808912,314528393,314528547,324186726,324184368,324184398,324184401,324185490,324185492,324185495,324185513,324185519,324185542,324185556,324186708,324186711,291613800,324186714,291613914,324186890,324186929,324376148,324376200,324481602,324480005,324480013,324481600,324481597,324373040,324373046,324374393,324374401,324375988,324375985,324374390,291609503,291609685,291610891,291609744,291609833,291610203,291610456,291610710,291610704,291610128,351890023,351890100,314233159,399999490,399999555,399999663,400000040,399979654,399979692,399979851,399979892,399980030,399980068,399999408,399999370,30782806,30782860,30782872,30458566,30458599,30466146,30466126
bb_id,2,3,105,106,107,108,109,110,111,112,113,114,115,208,209,210,211,212,213,214,215,217,218,219,220,221,222,223,224,225,226,227,228,229,230,231,232,233,234,235,236,237,238,239,240,241,242,243,244,245,246,247,248,249,250,303,304,305,306,307,308,309,310,312,313,314,315,316,317,318,319,320,321,328,329,330,331,332,333,334,335,336,337,338,339,340,341,342,343,344,345,346,347,348,349,350,351,352,353,354,355,356,357,358,359,360,361,363,364,365,366,370,371,372,376,377,378,379,380,381,382
bbv,3,0,1,1,1,1,1,1,1,1,1,1,1,1,1,1,1,1,1,1,1,1,1,4161,4161,4161,270465,4161,4161,4161,4161,4161,4161,266304,4161,4161,4161,4161,4161,4161,266304,4161,4161,4161,4161,4161,4161,266304,4161,4161,4161,4161,4161,4161,266304,4161,4161,4161,4161,4161,4161,4161,1,1,1,4096,4096,4096,266240,4096,4096,4096,4096,4096,4096,262144,4096,4096,2,2,2,2,2,2,2,2,66,66,66,8580,64,64,64,64,64,8320,8192,1,1,1,5048,5048,5048,507887,5047,5047,5047,5047,5047,2808,359424,2808,2239,5048,286632
csv,3,0,304016292,62367412,63521992,63521996,63521997,139486330,63522020,138331653,139486233,139486237,139486238,139486378,139486387,304016255,304016258,304016261,304016265,304016266,139486433,139486517,304016217,296114394,296114476,296114479,296118085,296118087,296118183,296118206,296118232,296118318,296118322,296123192,296123194,296123382,296123475,296123490,296123701,296123705,296129455,296129677,296129734,296129820,296129835,296129884,296129888,296135483,296135485,296135487,296135580,296135657,296135682,296135810,296139495,296139497,296139609,296139725,296139636,296135576,296129761,296123409,63522256,63522288,138331617,134104197,134104332,134104404,134111052,134111162,134111201,134111291,134111369,134111470,134111520,134118456,134118528,134118567,138331670,139486228,139486229,138331745,138331748,139078592,139078596,139426691,139417207,139417239,139426545,139426518,139028210,139028264,139034060,139034113,139039633,139039588,139034057,304016351,304016428,62367362,399987646,399987758,399987824,400000059,399971574,399971610,399971699,399971806,399971942,399972124,399987523,399987563,56594797,399987600,56603330
bb_id,3,0,142,144,146,148,150,156,187,189,191,193,195,196,198,199,201,203,205,207,208,209,210,211,212,213,214,215,217,218,219,220,221,222,223,224,225,226,227,228,229,230,231,232,233,234,235,236,237,238,239,240,241,242,243,244,245,246,247,248,249,250,303,304,305,306,307,308,309,310,312,313,314,315,316,317,318,320,323,325,327,328,329,330,331,332,333,334,335,336,337,338,339,340,341,342,343,354,355,356,357,358,359,360,361,363,364,365,366,367,368,369,370,371,372
bbv,3,1,1,1,1,4160,4160,4160,270400,4160,4160,4160,4160,4160,4160,266240,4160,4160,4160,4160,4160,4160,266240,4160,4160,4160,4160,4160,4160,266240,4160,4160,4160,4160,4160,4160,266240,4160,4160,4160,4160,4160,4160,4160,1,1,1,4096,4096,4096,266240,4096,4096,4096,4096,4096,4096,262144,4096,4096,2,2,2,2,2,66,66,66,8580,64,64,64,64,64,8320,8192,1,1,1,4936,4936,4936,488725,4935,4935,4935,4935,4935,2623,335744,2623,2312,4936,296029
csv,3,1,139486639,139486819,304016223,303962386,303962437,303962471,303964637,303964701,303964766,303964820,303964877,303964932,303964967,303968222,303968224,303968257,303968319,303968334,303968390,303968394,303972928,303972954,303972980,303973059,303973098,303973123,303973151,303976311,303976313,303976315,303976346,303976361,303976386,303976390,303979738,303979771,303979804,303979896,303979862,303976342,303973031,303968284,63522071,63522081,138331614,136451595,136451625,136451661,136455330,136455368,136455443,136455497,136455503,136455562,136455576,136459212,136459251,136459254,138331784,138331847,139078624,139078646,139486208,139481390,139481422,139486206,139486203,139058079,139058085,139064169,139064198,139070557,139070530,139064166,304016529,304016666,62367368,399987694,399987821,399987894,400000125,399967274,399967343,399967498,399967538,399967607,399967855,399987456,399987560,59190405,399987649,59197790
bb_id,3,1,208,209,210,211,212,213,214,215,217,218,219,220,221,222,223,224,225,226,227,228,229,230,231,232,233,234,235,236,237,238,239,240,241,242,243,244,245,246,247,248,249,250,303,304,305,306,307,308,309,310,312,313,314,315,316,317,318,320,328,329,330,331,332,333,334,335,336,337,338,339,340,341,342,343,354,355,356,357,358,359,360,361,363,364,365,366,367,368,369,370,371,372
bbv,3,2,1,1,1,4160,4160,4160,270400,4160,4160,4160,4160,4160,4160,266240,4160,4160,4160,4160,4160,4160,266240,4160,4160,4160,4160,4160,4160,266240,4160,4160,4160,4160,4160,4160,266240,4160,4160,4160,4160,4160,4160,4160,1,1,1,4096,4096,4096,266240,4096,4096,4096,4096,4096,4096,262144,4096,4096,2,2,2,2,2,64,64,64,8320,64,64,64,64,64,8320,8192,1,1,1,5098,5098,5098,519531,5097,5097,5097,5097,5097,2941,376448,2941,2156,5098,276071
csv,3,2,139486479,139486498,304016226,295906551,295906602,295906629,295911340,295911342,295911345,295911368,295911480,295911504,295911587,295917414,295917571,295917604,295917697,295917836,295917985,295918082,295924612,295924738,295924957,295925081,295925251,295925400,295925435,295931253,295931365,295931539,295931718,295931764,295931868,295931958,295939866,295940016,295940042,295940120,295940093,295931597,295925046,295917662,63522205,63522278,138331620,134569590,134569758,134569761,134575674,134575676,134575712,134575730,134575805,134575828,134575842,134581656,134581659,134581731,138331706,138331709,139078638,139078658,139431190,139422742,139422822,139431188,139431137,139005279,139005381,139016958,139017050,139025897,139025798,139016892,304016410,304016446,62367365,399999696,399999825,399999861,400000026,399984910,399985014,399985137,399985278,399985313,399985360,399999480,399999582,53609913,399999618,53625513
bb_id,3,2,208,209,210,211,212,213,214,215,217,218,219,220,221,222,223,224,225,226,227,228,229,230,231,232,233,234,235,236,237,238,239,240,241,242,243,244,245,246,247,248,249,250,303,304,305,306,307,308,309,310,312,313,314,315,316,317,318,320,328,329,330,331,332,333,334,335,336,337,338,339,340,341,342,343,354,355,356,357,358,359,360,361,363,364,365,366,367,368,369,370,371,372
bbv,3,3,1,1,1,4160,4160,4160,270400,4160,4160,4160,4160,4160,4160,266240,4160,4160,4160,4160,4160,4160,266240,4160,4160,4160,4160,4160,4160,266240,4160,4160,4160,4160,4160,4160,266240,4160,4160,4160,4160,4160,4160,4160,1,1,1,4096,4096,4096,266240,4096,4096,4096,4096,4096,4096,262144,4096,4096,2,2,2,2,2,64,64,64,8320,64,64,64,64,64,8320,8192,1,1,1,5150,5150,5150,501807,5150,5150,5150,5150,5150,2609,333952,2609,2541,5150,325248
csv,3,3,139486593,139486800,304016220,304006342,304006362,304006365,304007925,304007927,304007930,304007953,304007979,304008003,304008007,304009991,304009993,304009995,304010026,304010041,304010066,304010070,304012054,304012056,304012058,304012089,304012104,304012129,304012133,304014117,304014119,304014121,304014152,304014167,304014192,304014196,304016180,304016182,304016184,304016214,304016211,304014148,304012085,304010022,63522132,63522142,138331611,138327054,138327084,138327087,138329232,138329234,138329237,138329255,138329261,138329284,138329298,138331602,138331605,138331608,138331820,138331850,139078610,139078642,139485315,139478495,139478527,139485001,139484950,139072750,139072756,139075447,139075455,139078578,139078575,139075444,304016588,304016690,62367359,399983970,399984134,399984171,400000092,399964295,399964331,399964485,399964658,399964993,399965073,399983751,399983888,62362873,399983924,62367353
bb_id,3,3,208,209,210,211,212,213,214,215,217,218,219,220,221,222,223,224,225,226,227,228,229,230,231,232,233,234,235,236,237,238,239,240,241,242,243,244,245,246,247,248,249,250,303,304,305,306,307,308,309,310,312,313,314,315,316,317,318,320,328,329,330,331,332,333,334,335,336,337,338,339,340,341,342,343,354,355,356,357,358,359,360,361,363,364,365,366,367,368,369,370,371,372
bbv,4,0,11851,11851,11851,1528685,11851,11851,11851,11851,11851,11851,1516928,11851,11851
csv,4,0,399996489,399996587,399996691,400000073,399984690,399984759,399984780,399984786,399984821,399984900,399996201,399996373,399996410
bb_id,4,0,357,358,359,360,361,363,364,365,366,367,368,369,371
bbv,4,1,11000,11000,11000,1419051,11001,11001,11001,11001,11001,11001,1408049,11000,11000
csv,4,1,399983722,399983919,399983956,399992941,399993113,399993150,399993205,399993279,399993518,399993667,400000040,399983606,399983643
bb_id,4,1,357,358,359,360,361,363,364,365,366,367,368,369,371
bbv,4,2,12030,12030,12030,1551997,12031,12031,12031,12031,12031,12031,1539915,12030,12030
csv,4,2,399963543,399963607,399963677,399981941,399982145,399982282,399982371,399982410,399982513,399982559,400000107,399963363,399963432
bb_id,4,2,357,358,359,360,361,363,364,365,366,367,368,369,371
bbv,4,3,10885,10885,10885,1404108,10885,10885,10885,10885,10885,10885,1393280,10885,10885
csv,4,3,399996133,399996299,399996336,400000006,399974146,399974183,399974204,399974310,399974512,399974625,399995945,399995982,399996087
bb_id,4,3,357,358,359,360,361,363,364,365,366,367,368,369,371
bbv,5,0,1,1,1,1,1,1,1,9419,9419,9419,1214942,9418,9418,9418,9418,9418,9418,1205504,9418,9418,1,1,1,1,1,1,1,1,65,65,65,16770,64,64,64,64,64,16512,16384,1,1724,1724,1724,222499,1725,1725,1725,1725,1725,1725,220800,1725,1725
csv,5,0,76801064,81370812,81370816,81370817,81370840,81371013,81371098,399996410,399996476,399996479,400000082,399977698,399977734,399977854,399977860,399977916,399978032,399995972,399996080,399996257,76801081,81370807,81370808,76801117,76801120,79769315,79769337,81144623,81125260,81125316,81144477,81144450,79750037,79750043,79763098,79763106,79769301,79769298,79763095,76801011,53952874,53953069,53953072,53963190,53963328,53963331,53963352,53963358,53963427,53963440,53976172,53976175,53976211
bb_id,5,0,144,146,148,150,187,303,304,306,307,308,309,310,312,313,314,315,316,317,318,320,323,325,327,328,329,330,331,332,333,334,335,336,337,338,339,340,341,342,343,356,357,358,359,360,361,363,364,365,366,367,368,369,371
bbv,5,1,1,1,8684,8684,8684,1120236,8684,8684,8684,8684,8684,8684,1111491,8683,8683,1,1,1,1,1,65,65,65,16770,64,64,64,64,64,16512,16384,1,2760,2760,2760,356040,2760,2760,2760,2760,2760,2760,353359,2761,2761
csv,5,1,81370942,81370962,399974750,399974879,399974918,399990938,399991114,399991150,399991276,399991387,399991443,399991529,400000049,399974534,399974672,76801192,76801198,79769351,79769369,81370787,81364582,81364590,81370785,81370782,79490634,79490733,79514423,79514518,79538201,79538147,79514141,76801017,75492474,75492537,75492540,75498930,75498966,75498969,75499024,75499030,75499099,75499112,75505912,75505949,75505952
bb_id,5,1,303,304,306,307,308,309,310,312,313,314,315,316,317,318,320,328,329,330,331,332,333,334,335,336,337,338,339,340,341,342,343,356,357,358,359,360,361,363,364,365,366,367,368,369,371
bbv,5,2,1,1,9418,9418,9418,1214797,9417,9417,9417,9417,9417,9417,1205376,9417,9417,1,1,1,1,1,64,64,64,16512,64,64,64,64,64,16512,16384,1,1412,1412,1412,182148,1412,1412,1412,1412,1412,1412,180789,1413,1413
csv,5,2,81371064,81371108,399999296,399999464,399999605,400000013,399982039,399982075,399982198,399982276,399982368,399982523,399998939,399999113,399999149,76801270,76801273,79769329,79769333,81305952,81296300,81296308,81305950,81305875,79739850,79739877,79752923,79752952,79761604,79761601,79752920,76801020,46503022,46503184,46503187,46519837,46519872,46520009,46520165,46520238,46520510,46520556,46537152,46537189,46537292
bb_id,5,2,303,304,306,307,308,309,310,312,313,314,315,316,317,318,320,328,329,330,331,332,333,334,335,336,337,338,339,340,341,342,343,356,357,358,359,360,361,363,364,365,366,367,368,369,371
bbv,5,3,1,1,7956,7956,7956,1026281,7955,7955,7955,7955,7955,7955,1018240,7955,7955,1,1,1,1,1,64,64,64,16512,64,64,64,64,64,16512,16384,1,2889,2889,2889,372782,2890,2890,2890,2890,2890,2890,369920,2890,2890
csv,5,3,81370891,81370952,399988109,399988244,399988355,400000115,399966556,399966595,399966682,399966724,399966852,399966902,399987740,399987989,399988064,76801156,76801195,79769365,79769373,81278527,81258708,81258836,81278477,81278354,79642892,79642943,79656484,79656492,79674209,79674206,79656481,76801014,76792280,76792310,76792313,76796570,76796572,76796575,76796596,76796602,76796637,76796650,76801002,76801005,76801008
bb_id,5,3,303,304,306,307,308,309,310,312,313,314,315,316,317,318,320,328,329,330,331,332,333,334,335,336,337,338,339,340,341,342,343,356,357,358,359,360,361,363,364,365,366,367,368,369,371
bbv,6,0,1,1,1,1,1,1,1,1,6965,6965,6965,898594,6966,6966,6966,6966,6966,6966,891648,6966,6966,1,1,1,1,1,1,1,1,65,65,65,16770,64,64,64,64,64,16512,16384,1,1,3353,3353,3353,432529,3352,3352,3352,3352,3352,3352,429056,3352,3352
csv,6,0,274585145,274585171,274585138,270015366,274585114,274585118,274585119,270015327,237270099,237270309,237270312,237281676,237281876,237282077,237282095,237282167,237282190,237282303,237293619,237293622,237293763,270015383,274585109,274585110,270015419,270015422,272983617,272983635,274481193,274457231,274457287,274481095,274480924,272930418,272930445,272944499,272944528,272953432,272953429,272944475,274585289,274585325,399984980,399985043,399985146,400000084,399961097,399961201,399961290,399961397,399961466,399961580,399984729,399984765,399984868
bb_id,6,0,37,142,157,189,191,193,195,305,306,307,308,309,310,312,313,314,315,316,317,318,320,323,325,327,328,329,330,331,332,333,334,335,336,337,338,339,340,341,342,343,354,355,357,358,359,360,361,363,364,365,366,367,368,369,371
bbv,6,1,1,7700,7700,7700,993300,7700,7700,7700,7700,7700,7700,985661,7701,7701,1,1,1,1,1,65,65,65,16770,64,64,64,64,64,16512,16384,1,1,3651,3651,3651,470979,3651,3651,3651,3651,3651,3651,467259,3650,3650
csv,6,1,270015333,256164183,256164249,256164252,256170810,256170812,256170848,256170866,256170905,256170961,256170975,256178925,256178928,256178931,270015458,270015461,272983667,272983679,274579324,274567800,274567832,274579298,274579247,272479356,272479362,272485329,272485337,272491700,272491697,272485326,274585384,274585485,399975876,399975940,399976044,399990898,399991134,399991170,399991426,399991465,399991533,399991613,400000051,399975591,399975729
bb_id,6,1,305,306,307,308,309,310,312,313,314,315,316,317,318,320,328,329,330,331,332,333,334,335,336,337,338,339,340,341,342,343,354,355,357,358,359,360,361,363,364,365,366,367,368,369,371
bbv,6,2,1,6966,6966,6966,898739,6967,6967,6967,6967,6967,6967,891776,6967,6967,1,1,1,1,1,64,64,64,16512,64,64,64,64,64,16512,16384,1,1,3794,3794,3794,489426,3794,3794,3794,3794,3794,3794,485613,3793,3793
csv,6,2,270015330,235987425,235987524,235987668,236002179,236002397,236002436,236002544,236002550,236002609,236002689,236021988,236022264,236022438,270015497,270015500,272983631,272983639,274558154,274542655,274542759,274558152,274558149,272972015,272972021,272977400,272977408,272983603,272983600,272977397,274585230,274585307,399968862,399969015,399969161,399985076,399985148,399985284,399985405,399985444,399985546,399985659,400000118,399968740,399968777
bb_id,6,2,305,306,307,308,309,310,312,313,314,315,316,317,318,320,328,329,330,331,332,333,334,335,336,337,338,339,340,341,342,343,354,355,357,358,359,360,361,363,364,365,366,367,368,369,371
bbv,6,3,1,8428,8428,8428,1087255,8429,8429,8429,8429,8429,8429,1078912,8429,8429,1,1,1,1,1,64,64,64,16512,64,64,64,64,64,16512,16384,1,1,3553,3553,3553,458308,3552,3552,3552,3552,3552,3552,454656,3552,3552
csv,6,3,270015324,270006351,270006381,270006384,270010641,270010643,270010646,270010664,270010670,270010693,270010707,270015315,270015318,270015321,270015548,270015551,272983653,272983675,274585089,274578135,274578191,274585087,274585084,272146418,272146424,272154820,272154828,272166030,272166027,272154817,274585443,274585503,399986278,399986375,399986511,400000017,399968779,399968816,399968917,399969055,399969158,399969241,399985960,399986130,399986233
bb_id,6,3,305,306,307,308,309,310,312,313,314,315,316,317,318,320,328,329,330,331,332,333,334,335,336,337,338,339,340,341,342,343,354,355,357,358,359,360,361,363,364,365,366,367,368,369,371
bbv,7,0,10786,10786,10786,1391345,10786,10786,10786,10786,10786,10786,1380608,10786,10786
csv,7,0,399990307,399990370,399990473,400000045,399967809,399967880,399968002,399968042,399968178,399968359,399990056,399990092,399990228
bb_id,7,0,357,358,359,360,361,363,364,365,366,367,368,369,371
bbv,7,1,11555,11555,11555,1490595,11555,11555,11555,11555,11555,11555,1479061,11555,11555
csv,7,1,399975255,399975421,399975458,399988473,399988575,399988611,399988732,399988771,399988873,399988952,400000012,399975138,399975209
bb_id,7,1,357,358,359,360,361,363,364,365,366,367,368,369,371
bbv,7,2,12105,12105,12105,1561545,12105,12105,12105,12105,12105,12105,1549350,12105,12105
csv,7,2,399981275,399981372,399981409,399997355,399997457,399997493,399997547,399997553,399997621,399997701,400000079,399981125,399981229
bb_id,7,2,357,358,359,360,361,363,364,365,366,367,368,369,371
bbv,7,3,11321,11321,11321,1460424,11321,11321,11321,11321,11321,11321,1449088,11321,11321
csv,7,3,399985788,399985851,399985954,400000112,399968563,399968702,399968825,399969001,399969036,399969151,399985206,399985375,399985610
bb_id,7,3,357,358,359,360,361,363,364,365,366,367,368,369,371
bbv,8,0,1,1,1,1,7,7,7,5722,5722,5722,155323,5722,5718,5722,11436,6,6,6,6,6,1,1,7,1,1,5,7,7,7,7,7,6,6,6,6,6,6,6,6,6,6,6,6,6,6,6,1434,1434,1434,40311,1434,1434,1434,1330,1330,1330,38192,1330,1434,1434,1434,1403,1403,38776,1403,1434,1434,1434,1403,1403,38776,1403,1434,1434,1434,1403,1403,38776,1403,1434,1434,1636,1636,1636,2804,6,6,6,1365,1365,1365,38814,1365,1365,1365,1364,1364,1364,37448,1364,1,1365,2,19,19,19,19,19,19,19,19,208,208,208,25748,191,191,191,191,191,24958,24576,7,7,7,5461,5461,5461,5461,5461,599186,604647,6,6,6,4640,4640,4640,395455,4640,4640,4640,4636,4636,2246,287488,2246,2394,4640,206736
csv,8,0,51939719,51939722,51939705,51939709,345638532,345638633,351283242,351247351,351247371,351247374,351247870,351247872,351247901,351247934,351247913,373046621,335389981,335684849,335684853,335684854,51939740,51939742,312768801,312771898,312771906,345638499,312766059,312767724,312768768,312768772,312768773,335684877,345343534,345638402,345638406,345638407,351283299,351283308,373046584,373046587,373046590,373046594,373046595,351283354,351283419,373046546,371357997,371358141,371358268,371360737,371360863,371360897,371361013,371361070,371361125,371361253,371363765,371363988,371364046,371364145,371364286,371364413,371364448,371368258,371368545,371368578,371368750,371368820,371368955,371369045,371372463,371372520,371372553,371372787,371372833,371372999,371373175,371377643,371377669,371377786,371378012,371377923,371372697,371368715,371364077,335685153,335685283,345343495,344794018,344794081,344794084,344796439,344796621,344796696,344796714,344796831,344796854,344796985,344800567,344800570,312770369,344800642,312770533,345343551,345638397,345638398,345343623,345343629,345532799,345532803,345628174,345622293,345622325,345628164,345628085,345518596,345518623,345524558,345524590,345528022,345528019,345524411,312766114,312766117,312767672,312766135,312766165,312766540,312766675,312767166,312767082,312766465,373046739,373046938,335389928,399996171,399996306,399996344,400000132,399975964,399976002,399976058,399976169,399976274,47365531,47369883,47369886,399976312,399996124,399996086
bb_id,8,0,33,35,40,42,105,106,107,108,109,110,111,112,113,114,115,142,144,146,148,150,151,152,153,154,155,156,178,180,182,184,186,187,189,191,193,195,196,198,199,201,203,205,207,208,209,210,211,212,213,214,215,217,218,219,220,221,222,223,224,225,226,227,228,229,230,231,232,233,234,235,236,237,238,239,240,241,242,243,244,245,246,247,248,249,250,303,304,305,306,307,308,309,310,312,313,314,315,316,317,318,319,320,321,323,325,327,328,329,330,331,332,333,334,335,336,337,338,339,340,341,342,343,344,345,346,347,348,349,350,351,352,353,354,355,356,357,358,359,360,361,363,364,365,366,367,368,369,370,371,372
bbv,8,1,7,7,7,5722,5722,5722,155323,5722,5718,5722,11436,6,6,6,1428,1428,1428,40242,1428,1428,1428,1328,1328,1328,38144,1328,1428,1428,1428,1400,1400,38720,1400,1428,1428,1428,1400,1400,38720,1400,1428,1428,1428,1400,1400,38720,1400,1428,1428,1616,1616,1616,2768,6,6,6,1365,1365,1365,38814,1365,1365,1365,1364,1364,1364,37448,1364,1,1365,2,19,19,19,19,19,208,208,208,25748,191,191,191,191,191,24958,24576,7,7,7,5461,5461,5461,5461,5461,599186,604647,6,6,6,3522,3522,3522,254474,3522,3522,3522,3518,3518,1178,150832,1179,2344,3522,200256
csv,8,1,345638631,345638639,351283251,351156800,351156838,351156841,351157369,351157412,351157423,351157555,351157507,351283530,351283598,373046555,372913438,372913482,372913487,372915289,372915322,372915356,372915381,372915409,372915460,372915468,372917124,372917157,372917190,372917283,372917329,372917385,372917420,372919576,372919640,372919646,372919748,372919798,372919885,372919920,372922380,372922430,372922480,372922607,372922670,372922721,372922725,372924961,372924994,372925058,372925212,372925147,372922555,372919704,372917248,335685052,335685062,345343501,345078247,345078313,345078352,345080869,345080871,345080907,345080925,345080964,345080987,345081034,345083305,345083380,312770578,345083419,312770689,345343701,345343731,345532867,345532883,345638300,345635359,345635391,345638274,345638223,345510351,345510474,345516410,345516529,345523358,345523193,345516362,312766368,312766468,312767675,312766537,312766638,312767126,312767378,312767663,312767660,312767120,373046920,373046956,335389934,399983947,399984010,399984081,399991816,399992133,399992276,399992437,399992478,399992723,37882886,37897132,37897201,399992831,399983935,400000099
bb_id,8,1,105,106,107,108,109,110,111,112,113,114,115,208,209,210,211,212,213,214,215,217,218,219,220,221,222,223,224,225,226,227,228,229,230,231,232,233,234,235,236,237,238,239,240,241,242,243,244,245,246,247,248,249,250,303,304,305,306,307,308,309,310,312,313,314,315,316,317,318,319,320,321,328,329,330,331,332,333,334,335,336,337,338,339,340,341,342,343,344,345,346,347,348,349,350,351,352,353,354,355,356,357,358,359,360,361,363,364,365,366,367,368,369,370,371,372
bbv,8,2,7,7,7,5722,5722,5722,155323,5722,5718,5722,11436,6,6,6,1428,1428,1428,40242,1428,1428,1428,1328,1328,1328,38144,1328,1428,1428,1428,1400,1400,38720,1400,1428,1428,1428,1400,1400,38720,1400,1428,1428,1428,1400,1400,38720,1400,1428,1428,1616,1616,1616,2768,6,6,6,1365,1365,1365,38814,1365,1365,1365,1364,1364,1364,37448,1364,1,1365,2,19,17,19,19,19,191,191,191,24958,189,189,189,189,189,24950,24572,7,7,7,5461,5461,5461,5461,5461,599186,604647,6,6,6,2935,2935,2935,171967,2935,2935,2935,2931,2931,485,62189,486,2450,2935,213853
csv,8,2,345638565,345638635,351283248,351150395,351150462,351150486,351151442,351151462,351151473,351151506,351151503,351283400,351283438,373046549,371451405,371451425,371451534,371453428,371453430,371453526,371453549,371453730,371453754,371453820,371455793,371455795,371455825,371455856,371455871,371455990,371455994,371457658,371457660,371457693,371457724,371457794,371457819,371457854,371459870,371459872,371459874,371460001,371460016,371460041,371460045,371462972,371462974,371463038,371463254,371463251,371459901,371457720,371455852,335684928,335684938,345343498,344764693,344764756,344764792,344768041,344768112,344768289,344768343,344768418,344768579,344768662,344773177,344773417,312770372,344773696,312770493,345343587,345343626,345532825,345532871,345635208,345631772,345631804,345635206,345635083,345513903,345514017,345519448,345519522,345525241,345525190,345519358,312766258,312766409,312767669,312766427,312766501,312767013,312767163,312767450,312767447,312766865,373046680,373046757,335389931,399981418,399981483,399981589,399989614,399989651,399989790,399989846,399989955,399990025,16224551,16240836,16241118,399990129,399981305,400000064
bb_id,8,2,105,106,107,108,109,110,111,112,113,114,115,208,209,210,211,212,213,214,215,217,218,219,220,221,222,223,224,225,226,227,228,229,230,231,232,233,234,235,236,237,238,239,240,241,242,243,244,245,246,247,248,249,250,303,304,305,306,307,308,309,310,312,313,314,315,316,317,318,319,320,321,328,329,330,331,332,333,334,335,336,337,338,339,340,341,342,343,344,345,346,347,348,349,350,351,352,353,354,355,356,357,358,359,360,361,363,364,365,366,367,368,369,370,371,372
bbv,8,3,7,7,7,5722,5722,5722,155323,5722,5718,5722,11436,6,6,6,1428,1428,1428,40242,1428,1428,1428,1328,1328,1328,38144,1328,1428,1428,1428,1400,1400,38720,1400,1428,1428,1428,1400,1400,38720,1400,1428,1428,1428,1400,1400,38720,1400,1428,1428,1616,1616,1616,2768,6,6,6,1365,1365,1365,38814,1365,1365,1365,1364,1364,1364,37448,1364,1,1365,2,19,17,19,19,19,191,191,191,24958,189,189,189,189,189,24950,24572,7,7,7,5461,5461,5461,5461,5461,599186,604647,6,6,6,3776,3776,3776,292246,3777,3777,3777,3773,3773,1511,193408,1511,2266,3776,190301
csv,8,3,345638598,345638637,351283245,351282909,351282929,351282932,351283220,351283222,351283224,351283239,351283236,351283484,351283579,373046552,373041407,373041427,373041430,373042222,373042224,373042227,373042250,373042276,373042300,373042304,373043296,373043298,373043300,373043331,373043346,373043371,373043375,373044367,373044369,373044371,373044402,373044417,373044442,373044446,373045438,373045440,373045442,373045473,373045488,373045513,373045517,373046509,373046511,373046513,373046543,373046540,373045469,373044398,373043327,335685001,335685072,345343492,345341143,345341173,345341176,345342265,345342267,345342270,345342288,345342294,345342317,345342331,345343483,345343486,312770575,345343489,312770726,345343665,345343728,345532777,345532781,345638377,345634979,345635035,345638375,345638372,345529815,345529821,345531168,345531176,345532763,345532760,345531165,312766313,312766471,312767666,312766519,312766608,312767123,312767203,312767591,312767519,312767010,373046861,373047082,335389937,399979162,399979227,399979335,399988264,399988466,399988570,399988690,399988729,399988865,43467491,43476293,43476296,399988936,399979045,400000029
bb_id,8,3,105,106,107,108,109,110,111,112,113,114,115,208,209,210,211,212,213,214,215,217,218,219,220,221,222,223,224,225,226,227,228,229,230,231,232,233,234,235,236,237,238,239,240,241,242,243,244,245,246,247,248,249,250,303,304,305,306,307,308,309,310,312,313,314,315,316,317,318,319,320,321,328,329,330,331,332,333,334,335,336,337,338,339,340,341,342,343,344,345,346,347,348,349,350,351,352,353,354,355,356,357,358,359,360,361,363,364,365,366,367,368,369,370,371,372
bbv,9,0,1,1,1,1,1,1,1,1,1,1,1,1,1,1,1,1,1,1,1,1,1,4161,4161,4161,270465,4161,4161,4161,4161,4161,4161,266304,4161,4161,4161,4161,4161,4161,266304,4161,4161,4161,4161,4161,4161,266304,4161,4161,4161,4161,4161,4161,266304,4161,4161,4161,4161,4161,4161,4161,1,1,1,4096,4096,4096,266240,4096,4096,4096,4096,4096,4096,262144,4096,4096,2,2,2,2,2,2,2,2,66,66,66,8580,64,64,64,64,64,8320,8192,1,1,1,5242,5242,5242,480092,5243,5243,5243,5243,5243,2177,278622,2176,3066,5242,392448
csv,9,0,325173045,83524165,84678745,84678749,84678750,160643083,84678773,159488406,160642986,160642990,160642991,160643131,160643140,325173008,325173011,325173014,325173018,325173019,160643278,160643335,325172976,310727164,310727184,310727243,310729940,310730004,310730038,310730061,310730087,310730111,310730177,310734238,310734395,310734738,310734862,310734877,310734964,310734968,310739311,310739437,310739439,310739687,310739950,310739975,310740041,310745128,310745216,310745218,310745304,310745319,310745454,310745458,310751368,310751370,310751458,310751488,310751485,310745245,310739683,310734765,84678926,84679007,159488364,155740638,155740779,155740830,155747511,155747624,155747660,155747744,155747783,155747905,155747919,155755647,155755763,155755957,159488423,160642981,160642982,159488495,159488498,160235359,160235395,160566425,160554391,160554519,160566159,160566108,160196875,160196923,160202448,160202501,160208365,160208362,160202445,325173104,325173240,83524112,399972180,399972311,399972415,399987123,399987259,399987295,399987316,399987422,399987557,399987703,400000035,399972097,78161583,399972134,78173026
bb_id,9,0,142,144,146,148,150,156,187,189,191,193,195,196,198,199,201,203,205,207,208,209,210,211,212,213,214,215,217,218,219,220,221,222,223,224,225,226,227,228,229,230,231,232,233,234,235,236,237,238,239,240,241,242,243,244,245,246,247,248,249,250,303,304,305,306,307,308,309,310,312,313,314,315,316,317,318,320,323,325,327,328,329,330,331,332,333,334,335,336,337,338,339,340,341,342,343,354,355,356,357,358,359,360,361,363,364,365,366,367,368,369,370,371,372
bbv,9,1,1,1,1,4160,4160,4160,270400,4160,4160,4160,4160,4160,4160,266240,4160,4160,4160,4160,4160,4160,266240,4160,4160,4160,4160,4160,4160,266240,4160,4160,4160,4160,4160,4160,266240,4160,4160,4160,4160,4160,4160,4160,1,1,1,4096,4096,4096,266240,4096,4096,4096,4096,4096,4096,262144,4096,4096,2,2,2,2,2,66,66,66,8580,64,64,64,64,64,8320,8192,1,1,1,5131,5131,5131,462436,5130,5130,5130,5130,5130,2014,257792,2014,3116,5131,398928
csv,9,1,160643186,160643297,325172973,324490063,324490145,324490210,324494848,324494912,324494977,324495031,324495088,324495174,324495240,324499876,324499878,324499911,324499973,324500019,324500075,324500110,324504422,324504486,324504550,324504705,324504782,324504869,324504904,324508839,324508865,324508891,324508970,324509009,324509058,324509086,324512401,324512403,324512436,324512497,324512463,324508942,324504639,324499938,84678824,84678997,159488373,157297662,157297692,157297695,157299840,157299842,157299845,157299863,157299902,157299958,157300005,157303533,157303608,157303683,159488549,159488603,160235387,160235403,160642961,160639828,160639836,160642959,160642956,160189559,160189589,160202197,160202226,160210408,160210381,160202131,325173335,325173353,83524118,399987955,399988119,399988222,400000102,399967982,399968019,399968106,399968178,399968247,399968392,399987657,399987706,81234784,399987809,81241924
bb_id,9,1,208,209,210,211,212,213,214,215,217,218,219,220,221,222,223,224,225,226,227,228,229,230,231,232,233,234,235,236,237,238,239,240,241,242,243,244,245,246,247,248,249,250,303,304,305,306,307,308,309,310,312,313,314,315,316,317,318,320,328,329,330,331,332,333,334,335,336,337,338,339,340,341,342,343,354,355,356,357,358,359,360,361,363,364,365,366,367,368,369,370,371,372
bbv,9,2,1,1,1,4160,4160,4160,270400,4160,4160,4160,4160,4160,4160,266240,4160,4160,4160,4160,4160,4160,266240,4160,4160,4160,4160,4160,4160,266240,4160,4160,4160,4160,4160,4160,266240,4160,4160,4160,4160,4160,4160,4160,1,1,1,4096,4096,4096,266240,4096,4096,4096,4096,4096,4096,262144,4096,4096,2,2,2,2,2,64,64,64,8320,64,64,64,64,64,8320,8192,1,1,1,5315,5315,5315,492985,5314,5314,5314,5314,5314,2304,294912,2304,3010,5315,385331
csv,9,2,160643232,160643316,325172979,310229439,310229538,310229541,310234673,310234675,310234709,310234818,310234906,310234985,310235082,310243693,310243757,310243852,310244317,310244456,310244667,310244764,310252162,310252288,310252414,310252693,310252739,310252795,310252892,310258477,310258527,310258553,310258694,310258733,310258813,310258872,310264432,310264551,310264584,310264731,310264642,310258659,310252565,310244158,84678977,84679017,159488367,155972991,155973057,155973129,155977593,155977739,155977814,155977832,155977880,155977903,155978031,155983638,155983806,155983809,159488459,159488501,160235373,160235399,160591447,160584939,160584947,160591445,160591442,160168790,160168907,160180785,160180838,160191544,160191424,160180684,325173163,325173258,83524121,399985894,399986024,399986127,400000001,399970377,399970417,399970475,399970561,399970694,399970778,399985776,399985813,74925873,399985849,74943573
bb_id,9,2,208,209,210,211,212,213,214,215,217,218,219,220,221,222,223,224,225,226,227,228,229,230,231,232,233,234,235,236,237,238,239,240,241,242,243,244,245,246,247,248,249,250,303,304,305,306,307,308,309,310,312,313,314,315,316,317,318,320,328,329,330,331,332,333,334,335,336,337,338,339,340,341,342,343,354,355,356,357,358,359,360,361,363,364,365,366,367,368,369,370,371,372
bbv,9,3,1,1,1,4160,4160,4160,270400,4160,4160,4160,4160,4160,4160,266240,4160,4160,4160,4160,4160,4160,266240,4160,4160,4160,4160,4160,4160,266240,4160,4160,4160,4160,4160,4160,266240,4160,4160,4160,4160,4160,4160,4160,1,1,1,4096,4096,4096,266240,4096,4096,4096,4096,4096,4096,262144,4096,4096,2,2,2,2,2,64,64,64,8320,64,64,64,64,64,8320,8192,1,1,1,5260,5260,5260,474124,5260,5260,5260,5260,5260,2066,264383,2065,3194,5260,408883
csv,9,3,160645559,160645794,325172970,325163095,325163115,325163118,325164678,325164680,325164683,325164706,325164732,325164756,325164760,325166744,325166746,325166748,325166779,325166794,325166819,325166823,325168807,325168809,325168811,325168842,325168857,325168882,325168886,325170870,325170872,325170874,325170905,325170920,325170945,325170949,325172933,325172935,325172937,325172967,325172964,325170901,325168838,325166775,84678875,84678987,159488370,159483807,159483837,159483840,159485985,159485987,159485990,159486008,159486014,159486037,159486051,159488355,159488358,159488361,159488585,159488600,160235345,160235391,160628640,160623788,160623820,160628614,160628587,160229503,160229509,160232200,160232208,160235331,160235328,160232197,325173222,325173276,83524115,399970521,399970625,399970731,399989981,399990116,399990218,399990372,399990411,399990546,399990592,400000069,399970380,83519626,399970454,83524106
bb_id,9,3,208,209,210,211,212,213,214,215,217,218,219,220,221,222,223,224,225,226,227,228,229,230,231,232,233,234,235,236,237,238,239,240,241,242,243,244,245,246,247,248,249,250,303,304,305,306,307,308,309,310,312,313,314,315,316,317,318,320,328,329,330,331,332,333,334,335,336,337,338,339,340,341,342,343,354,355,356,357,358,359,360,361,363,364,365,366,367,368,369,370,371,372
bbv,10,0,11651,11651,11651,1502979,11651,11651,11651,11651,11651,11651,1491284,11651,11651
csv,10,0,399977338,399977402,399977572,399993171,399993275,399993312,399993367,399993407,399993476,399993625,400000085,399977057,399977193
bb_id,10,0,357,358,359,360,361,363,364,365,366,367,368,369,371
bbv,10,1,10798,10798,10798,1392981,10799,10799,10799,10799,10799,10799,1382258,10798,10798
csv,10,1,399967625,399967689,399967828,399984359,399984427,399984562,399984748,399984886,399985152,399985264,400000017,399967440,399967511
bb_id,10,1,357,358,359,360,361,363,364,365,366,367,368,369,371
bbv,10,2,12286,12286,12286,1584904,12287,12287,12287,12287,12287,12287,1572651,12286,12286
csv,10,2,399978023,399978152,399978188,399992273,399992308,399992411,399992535,399992678,399992841,399992969,400000051,399977942,399977978
bb_id,10,2,357,358,359,360,361,363,364,365,366,367,368,369,371
bbv,10,3,11031,11031,11031,1422999,11031,11031,11031,11031,11031,11031,1411958,11031,11031
csv,10,3,399970713,399970912,399971083,399992375,399992480,399992605,399992733,399992773,399992876,399992923,400000119,399970632,399970668
bb_id,10,3,357,358,359,360,361,363,364,365,366,367,368,369,371
bbv,11,0,1,1,1,1,1,1,1,8784,8784,8784,1133136,8784,8784,8784,8784,8784,8784,1124307,8783,8783,1,1,1,1,1,1,1,1,65,65,65,16770,64,64,64,64,64,16512,16384,1,2556,2556,2556,329724,2556,2556,2556,2556,2556,2556,327246,2557,2557
csv,11,0,97957828,102527576,102527580,102527581,102527604,102527655,102527716,399975622,399975754,399975826,399989473,399989511,399989580,399989634,399989706,399989762,399989812,400000087,399975505,399975577,97957845,102527571,102527572,97957881,97957923,100926129,100926137,102274423,102255060,102255068,102274349,102274250,100778891,100778990,100800094,100800147,100811022,100811019,100800091,97957778,76696982,76697012,76697052,76705543,76705545,76705682,76705703,76705776,76705811,76705958,76716691,76716694,76716829
bb_id,11,0,144,146,148,150,187,303,304,306,307,308,309,310,312,313,314,315,316,317,318,320,323,325,327,328,329,330,331,332,333,334,335,336,337,338,339,340,341,342,343,356,357,358,359,360,361,363,364,365,366,367,368,369,371
bbv,11,1,1,1,8132,8132,8132,1049028,8132,8132,8132,8132,8132,8132,1040808,8131,8131,1,1,1,1,1,65,65,65,16770,64,64,64,64,64,16512,16384,1,3571,3571,3571,460659,3571,3571,3571,3571,3571,3571,457102,3572,3572
csv,11,1,102527828,102527872,399971419,399971587,399971695,399994612,399994647,399994758,399994884,399995067,399995303,399995425,400000051,399971233,399971371,97958019,97958025,100926097,100926101,102441143,102432139,102432171,102441093,102441090,100826021,100826048,100839388,100839396,100848468,100848444,100839385,97957775,97949044,97949074,97949077,97953334,97953336,97953339,97953360,97953366,97953401,97953414,97957766,97957769,97957772
bb_id,11,1,303,304,306,307,308,309,310,312,313,314,315,316,317,318,320,328,329,330,331,332,333,334,335,336,337,338,339,340,341,342,343,356,357,358,359,360,361,363,364,365,366,367,368,369,371
bbv,11,2,1,1,8768,8768,8768,1131072,8768,8768,8768,8768,8768,8768,1122293,8767,8767,1,1,1,1,1,64,64,64,16512,64,64,64,64,64,16512,16384,1,1793,1793,1793,231297,1793,1793,1793,1793,1793,1793,229589,1794,1794
csv,11,2,102527706,102527726,399967291,399967636,399967708,399981946,399982083,399982119,399982206,399982347,399982472,399982552,400000123,399967033,399967141,97957917,97957920,100926115,100926133,102432060,102419207,102419215,102432058,102431959,100750988,100751042,100774144,100774218,100792721,100792718,100774051,97957781,57440811,57440974,57441110,57457967,57458070,57458207,57458363,57458504,57458573,57458687,57474088,57474157,57474260
bb_id,11,2,303,304,306,307,308,309,310,312,313,314,315,316,317,318,320,328,329,330,331,332,333,334,335,336,337,338,339,340,341,342,343,356,357,358,359,360,361,363,364,365,366,367,368,369,371
bbv,11,3,1,1,7436,7436,7436,959193,7435,7435,7435,7435,7435,7435,951680,7435,7435,1,1,1,1,1,64,64,64,16512,64,64,64,64,64,16512,16384,1,3287,3287,3287,424023,3287,3287,3287,3287,3287,3287,420811,3288,3288
csv,11,3,102527777,102527862,399988435,399988498,399988636,400000015,399968607,399968646,399968874,399969057,399969185,399969340,399988180,399988252,399988390,97957983,97958022,100926079,100926083,102527551,102521346,102521354,102527549,102527546,100914477,100914483,100919862,100919870,100926065,100926062,100919859,97957784,94488973,94489036,94489072,94496628,94496678,94496681,94496736,94496776,94496845,94496892,94502842,94502879,94502950
bb_id,11,3,303,304,306,307,308,309,310,312,313,314,315,316,317,318,320,328,329,330,331,332,333,334,335,336,337,338,339,340,341,342,343,356,357,358,359,360,361,363,364,365,366,367,368,369,371
bbv,12,0,1,1,1,1,1,1,1,1,7600,7600,7600,980400,7600,7600,7600,7600,7600,7600,972845,7601,7601,1,1,1,1,1,1,1,1,65,65,65,16770,64,64,64,64,64,16512,16384,1,1,2786,2786,2786,359340,2785,2785,2785,2785,2785,2785,356480,2785,2785
csv,12,0,295741901,295741927,295741894,291172122,295741870,295741874,295741875,291172083,257087037,257087103,257087208,257106045,257106080,257106224,257106244,257106253,257106294,257106386,257125371,257125440,257125476,291172139,295741865,295741866,291172175,291172214,294140401,294140427,295512210,295491983,295492015,295512064,295511965,294087174,294087201,294100961,294100990,294109999,294109996,294100937,295741986,295742211,399983648,399983790,399983926,400000076,399958008,399958111,399958132,399958205,399958340,399958488,399983220,399983256,399983496
bb_id,12,0,37,142,157,189,191,193,195,305,306,307,308,309,310,312,313,314,315,316,317,318,320,323,325,327,328,329,330,331,332,333,334,335,336,337,338,339,340,341,342,343,354,355,357,358,359,360,361,363,364,365,366,367,368,369,371
bbv,12,1,1,8252,8252,8252,1064508,8252,8252,8252,8252,8252,8252,1056344,8253,8253,1,1,1,1,1,65,65,65,16770,64,64,64,64,64,16512,16384,1,1,3099,3099,3099,399666,3098,3098,3098,3098,3098,3098,396544,3098,3098
csv,12,1,291172089,276410841,276410907,276410946,276417651,276417689,276417728,276417746,276417788,276417847,276417897,276424035,276424071,276424074,291172250,291172256,294140373,294140405,295680644,295660753,295660785,295680306,295680255,293518387,293518393,293524444,293524452,293530815,293530812,293524420,295742104,295742122,399997757,399997854,399997957,400000009,399982670,399982808,399982930,399982970,399983072,399983119,399997472,399997609,399997712
bb_id,12,1,305,306,307,308,309,310,312,313,314,315,316,317,318,320,328,329,330,331,332,333,334,335,336,337,338,339,340,341,342,343,354,355,357,358,359,360,361,363,364,365,366,367,368,369,371
bbv,12,2,1,7616,7616,7616,982464,7616,7616,7616,7616,7616,7616,974859,7617,7617,1,1,1,1,1,64,64,64,16512,64,64,64,64,64,16512,16384,1,1,3138,3138,3138,404802,3138,3138,3138,3138,3138,3138,401636,3137,3137
csv,12,2,291172086,258683100,258683304,258683307,258693513,258693515,258693587,258693605,258693611,258693772,258693786,258705636,258705672,258705744,291172211,291172253,294140387,294140423,295692391,295680771,295680827,295692389,295692338,294128771,294128777,294134156,294134164,294140359,294140356,294134153,295742181,295742229,399969823,399969953,399969990,399986192,399986427,399986564,399986752,399986892,399986993,399987039,400000043,399969573,399969643
bb_id,12,2,305,306,307,308,309,310,312,313,314,315,316,317,318,320,328,329,330,331,332,333,334,335,336,337,338,339,340,341,342,343,354,355,357,358,359,360,361,363,364,365,366,367,368,369,371
bbv,12,3,1,8948,8948,8948,1154343,8949,8949,8949,8949,8949,8949,1145472,8949,8949,1,1,1,1,1,64,64,64,16512,64,64,64,64,64,16512,16384,1,1,2908,2908,2908,375132,2908,2908,2908,2908,2908,2908,372107,2907,2907
csv,12,3,291172080,291163107,291163137,291163140,291167397,291167399,291167402,291167420,291167426,291167449,291167463,291172071,291172074,291172077,291172316,291172325,294140419,294140431,295741845,295735640,295735648,295741843,295741840,293117439,293117445,293127821,293127877,293136526,293136523,293127770,295742045,295742247,399983727,399983820,399983857,399997887,399997959,399998029,399998150,399998256,399998357,399998403,400000110,399983566,399983603
bb_id,12,3,305,306,307,308,309,310,312,313,314,315,316,317,318,320,328,329,330,331,332,333,334,335,336,337,338,339,340,341,342,343,354,355,357,358,359,360,361,363,364,365,366,367,368,369,371
bbv,13,0,10726,10726,10726,1383708,10727,10727,10727,10727,10727,10727,1373056,10727,10727
csv,13,0,399965087,399965150,399965253,399981202,399981406,399981443,399981464,399981605,399981708,399981822,399999686,399999889,400000025
bb_id,13,0,357,358,359,360,361,363,364,365,366,367,368,369,371
bbv,13,1,11786,11786,11786,1520480,11786,11786,11786,11786,11786,11786,1508608,11786,11786
csv,13,1,399984976,399985074,399985177,400000058,399966351,399966420,399966540,399966580,399966681,399966728,399984824,399984860,399984931
bb_id,13,1,357,358,359,360,361,363,364,365,366,367,368,369,371
bbv,13,2,12073,12073,12073,1557369,12072,12072,12072,12072,12072,12072,1545244,12073,12073
csv,13,2,399990082,399990246,399990381,400000022,399972794,399972830,399972851,399972991,399973092,399973206,399989863,399989900,399989970
bb_id,13,2,357,358,359,360,361,363,364,365,366,367,368,369,371
bbv,13,3,11181,11181,11181,1442349,11181,11181,11181,11181,11181,11181,1431205,11181,11181
csv,13,3,399975380,399975511,399975581,399992512,399992780,399992816,399993003,399993175,399993444,399993557,400000092,399975062,399975233
bb_id,13,3,357,358,359,360,361,363,364,365,366,367,368,369,371
bbv,14,0,1,1,1,1,7,7,7,5722,5722,5722,155323,5722,5718,5722,11436,6,6,6,6,6,1,1,7,1,1,5,7,7,7,7,7,6,6,6,6,6,6,6,6,6,6,6,6,6,6,6,1434,1434,1434,40311,1434,1434,1434,1330,1330,1330,38192,1330,1434,1434,1434,1403,1403,38776,1403,1434,1434,1434,1403,1403,38776,1403,1434,1434,1434,1403,1403,38776,1403,1434,1434,1636,1636,1636,2804,6,6,6,1365,1365,1365,38814,1365,1365,1365,1364,1364,1364,37448,1364,1,1365,2,19,19,19,19,19,19,19,19,208,208,208,25748,191,191,191,191,191,24958,24576,7,7,7,5461,5461,5461,5461,5461,599186,604647,6,6,6,4459,4459,4459,423795,4459,4459,4459,4455,4455,2872,367616,2872,1587,4458,103422
csv,14,0,73096503,73096506,73096489,73096493,366795349,366795421,372440026,372401815,372401835,372401874,372402487,372402489,372402518,372402551,372402530,394203405,356546765,356841633,356841637,356841638,73096524,73096526,333925585,333928682,333928690,366795283,333922843,333924508,333925552,333925556,333925557,356841661,366500318,366795186,366795190,366795191,372440083,372440092,394203368,394203371,394203374,394203378,394203379,372440184,372440314,394203330,392684455,392684723,392684788,392687722,392687879,392688037,392688091,392688179,392688234,392688300,392691478,392691504,392691506,392691695,392691710,392691845,392691904,392694980,392695013,392695180,392695352,392695539,392695698,392695733,392699035,392699068,392699163,392699783,392699953,392700040,392700234,392703939,392704003,392704036,392704221,392704125,392699593,392695238,392691612,356841920,356841930,366500276,365909914,365910019,365910150,365915915,365915920,365915992,365916115,365916343,365916636,365916752,365922410,365922521,333927156,365922560,333927308,366500335,366795181,366795182,366500407,366500410,366689561,366689565,366777884,366772585,366772641,366777858,366777759,366669438,366669468,366675678,366675736,366680241,366680214,366675609,333922898,333922901,333924456,333922919,333922949,333923282,333923357,333923583,333923577,333923121,394203523,394203689,356546715,399977447,399977545,399977651,399985383,399985385,399985555,399985611,399985718,399985788,68522315,68526667,68526670,399985857,399977400,400000079
bb_id,14,0,33,35,40,42,105,106,107,108,109,110,111,112,113,114,115,142,144,146,148,150,151,152,153,154,155,156,178,180,182,184,186,187,189,191,193,195,196,198,199,201,203,205,207,208,209,210,211,212,213,214,215,217,218,219,220,221,222,223,224,225,226,227,228,229,230,231,232,233,234,235,236,237,238,239,240,241,242,243,244,245,246,247,248,249,250,303,304,305,306,307,308,309,310,312,313,314,315,316,317,318,319,320,321,323,325,327,328,329,330,331,332,333,334,335,336,337,338,339,340,341,342,343,344,345,346,347,348,349,350,351,352,353,354,355,356,357,358,359,360,361,363,364,365,366,367,368,369,370,371,372
bbv,14,1,7,7,7,5722,5722,5722,155323,5722,5718,5722,11436,6,6,6,1428,1428,1428,40242,1428,1428,1428,1328,1328,1328,38144,1328,1428,1428,1428,1400,1400,38720,1400,1428,1428,1428,1400,1400,38720,1400,1428,1428,1428,1400,1400,38720,1400,1428,1428,1616,1616,1616,2768,6,6,6,1365,1365,1365,38814,1365,1365,1365,1364,1364,1364,37448,1364,1,1365,2,19,19,19,19,19,208,208,208,25748,191,191,191,191,191,24958,24576,7,7,7,5461,5461,5461,5461,5461,599186,604647,6,6,6,3077,3077,3077,246112,3078,3078,3078,3074,3074,1500,192000,1500,1578,3077,102194
csv,14,1,366795382,366795447,372440032,372254006,372254050,372254074,372255102,372255122,372255133,372255238,372255208,372440276,372440352,394203333,394198191,394198211,394198214,394199006,394199008,394199011,394199034,394199060,394199084,394199088,394200080,394200082,394200084,394200115,394200130,394200155,394200159,394201151,394201153,394201155,394201186,394201201,394201226,394201230,394202222,394202224,394202226,394202257,394202272,394202297,394202301,394203293,394203295,394203297,394203327,394203324,394202253,394201182,394200111,356841869,356841950,366500285,366292559,366292625,366292664,366294278,366294280,366294316,366294334,366294373,366294396,366294443,366296573,366296648,333927362,366296723,333927510,366500485,366500488,366689593,366689615,366794340,366790683,366790715,366794338,366794335,366684770,366684797,366687952,366687960,366689547,366689544,366687946,333923249,333923401,333924459,333923601,333923755,333924085,333924128,333924447,333924441,333924044,394203671,394203752,356546721,399984816,399984879,399984950,399994679,399994819,399994925,399994981,399995022,399995195,48995069,49009317,49009320,399995334,399984736,400000009
bb_id,14,1,105,106,107,108,109,110,111,112,113,114,115,208,209,210,211,212,213,214,215,217,218,219,220,221,222,223,224,225,226,227,228,229,230,231,232,233,234,235,236,237,238,239,240,241,242,243,244,245,246,247,248,249,250,303,304,305,306,307,308,309,310,312,313,314,315,316,317,318,319,320,321,328,329,330,331,332,333,334,335,336,337,338,339,340,341,342,343,344,345,346,347,348,349,350,351,352,353,354,355,356,357,358,359,360,361,363,364,365,366,367,368,369,370,371,372
bbv,14,2,7,7,7,5722,5722,5722,155323,5722,5718,5722,11436,6,6,6,1428,1428,1428,40242,1428,1428,1428,1328,1328,1328,38144,1328,1428,1428,1428,1400,1400,38720,1400,1428,1428,1428,1400,1400,38720,1400,1428,1428,1428,1400,1400,38720,1400,1428,1428,1616,1616,1616,2768,6,6,6,1365,1365,1365,38814,1365,1365,1365,1364,1364,1364,37448,1364,1,1365,2,19,17,19,19,19,191,191,191,24958,189,189,189,189,189,24950,24572,7,7,7,5461,5461,5461,5461,5461,599186,604647,6,6,6,2773,2773,2773,205517,2774,2774,2774,2770,2770,1174,150272,1174,1600,2773,104986
csv,14,2,366795316,366795419,372440035,372327495,372327524,372327527,372328222,372328266,372328280,372328448,372328391,372440138,372440295,394203339,392721650,392721761,392721764,392724247,392724282,392724285,392724308,392724334,392724391,392724395,392726606,392726608,392726744,392726806,392726821,392727042,392727046,392729404,392729406,392729549,392729635,392729650,392729881,392729885,392732120,392732122,392732214,392732307,392732322,392732533,392732537,392734802,392734804,392734932,392734962,392734959,392732241,392729576,392726771,356841712,356841722,366500282,366072143,366072173,366072248,366074366,366074368,366074404,366074422,366074497,366074520,366074705,366077375,366077378,333927153,366077414,333927271,366500371,366500413,366689607,366689623,366795161,366792743,366792751,366795159,366795156,366672765,366672792,366679243,366679461,366682928,366682856,366679123,333923004,333923083,333924453,333923139,333923279,333923580,333923656,333924091,333923930,333923439,394203464,394203541,356546718,399990156,399990221,399990327,399997944,399998121,399998194,399998250,399998361,399998676,39177697,39196257,39196394,399998784,399990076,400000114
bb_id,14,2,105,106,107,108,109,110,111,112,113,114,115,208,209,210,211,212,213,214,215,217,218,219,220,221,222,223,224,225,226,227,228,229,230,231,232,233,234,235,236,237,238,239,240,241,242,243,244,245,246,247,248,249,250,303,304,305,306,307,308,309,310,312,313,314,315,316,317,318,319,320,321,328,329,330,331,332,333,334,335,336,337,338,339,340,341,342,343,344,345,346,347,348,349,350,351,352,353,354,355,356,357,358,359,360,361,363,364,365,366,367,368,369,370,371,372
bbv,14,3,7,7,7,5722,5722,5722,155323,5722,5718,5722,11436,6,6,6,1428,1428,1428,40242,1428,1428,1428,1328,1328,1328,38144,1328,1428,1428,1428,1400,1400,38720,1400,1428,1428,1428,1400,1400,38720,1400,1428,1428,1428,1400,1400,38720,1400,1428,1428,1616,1616,1616,2768,6,6,6,1365,1365,1365,38814,1365,1365,1365,1364,1364,1364,37448,1364,1,1365,2,19,17,19,19,19,191,191,191,24958,189,189,189,189,189,24950,24572,7,7,7,5461,5461,5461,5461,5461,599186,604647,6,6,6,3847,3847,3847,347087,3847,3847,3847,3843,3843,2295,293840,2296,1552,3847,98924
csv,14,3,366795415,366795417,372440029,372439693,372439713,372439716,372440004,372440006,372440008,372440023,372440020,372440230,372440333,394203336,393905492,393905516,393905550,393907307,393907309,393907339,393907366,393907407,393907456,393907464,393910209,393910273,393910306,393910461,393910538,393910596,393910602,393912661,393912665,393912669,393912745,393912780,393912808,393912836,393914709,393914742,393914775,393914868,393914914,393914970,393915005,393917161,393917163,393917196,393917257,393917254,393914833,393912726,393910395,356841818,356841940,366500279,366497927,366497957,366497960,366499049,366499051,366499054,366499072,366499078,366499101,366499115,366500267,366500270,333927359,366500273,333927473,366500449,366500491,366689579,366689619,366792184,366785886,366785894,366792134,366792107,366680856,366680910,366685241,366685270,366687949,366687925,366685217,333923194,333923398,333924450,333923619,333923785,333924088,333924165,333924444,333924372,333924082,394203612,394203770,356546712,399975152,399975462,399975710,399985821,399985962,399986035,399986192,399986268,399986509,63927793,63935815,63935818,399986720,399975035,400000044
bb_id,14,3,105,106,107,108,109,110,111,112,113,114,115,208,209,210,211,212,213,214,215,217,218,219,220,221,222,223,224,225,226,227,228,229,230,231,232,233,234,235,236,237,238,239,240,241,242,243,244,245,246,247,248,249,250,303,304,305,306,307,308,309,310,312,313,314,315,316,317,318,319,320,321,328,329,330,331,332,333,334,335,336,337,338,339,340,341,342,343,344,345,346,347,348,349,350,351,352,353,354,355,356,357,358,359,360,361,363,364,365,366,367,368,369,370,371,372
bbv,15,0,1,1,1,1,1,1,1,1,1,1,1,1,1,1,1,1,1,1,1,1,1,4161,4161,4161,270465,4161,4161,4161,4161,4161,4161,266304,4161,4161,4161,4161,4161,4161,266304,4161,4161,4161,4161,4161,4161,266304,4161,4161,4161,4161,4161,4161,266304,4161,4161,4161,4161,4161,4161,4161,1,1,1,4096,4096,4096,266240,4096,4096,4096,4096,4096,4096,262144,4096,4096,2,2,2,2,2,2,2,2,66,66,66,8580,64,64,64,64,64,8320,8192,1,1,1,5500,5500,5500,461623,5499,5499,5499,5499,5499,1626,208128,1626,3873,5500,495762
csv,15,0,346329847,104680967,105835547,105835551,105835552,181799885,105835575,180645208,181799788,181799792,181799793,181799933,181799942,346329810,346329813,346329816,346329820,346329821,181799988,181800145,346329778,332049728,332049803,332049916,332055833,332055959,332056086,332056140,332056321,332056469,332056504,332063172,332063236,332063362,332063486,332063598,332063712,332063844,332071139,332071258,332071370,332071487,332071581,332071723,332071751,332076875,332076908,332076941,332077189,332077235,332077322,332077357,332085096,332085284,332085379,332085688,332085530,332076999,332071459,332063451,105835677,105835809,180645169,175740900,175740963,175740992,175749109,175749147,175749222,175749309,175749351,175749482,175749496,175756936,175756972,175757110,180645225,181799783,181799784,180645261,180645300,181392183,181392187,181753194,181741847,181741879,181753168,181752973,181367762,181367813,181377814,181377822,181383642,181383615,181377811,346330146,346330212,104680914,399983461,399983525,399983663,400000124,399963592,399963628,399963717,399963756,399963824,399963971,399982557,399982875,98255184,399983147,98264494
bb_id,15,0,142,144,146,148,150,156,187,189,191,193,195,196,198,199,201,203,205,207,208,209,210,211,212,213,214,215,217,218,219,220,221,222,223,224,225,226,227,228,229,230,231,232,233,234,235,236,237,238,239,240,241,242,243,244,245,246,247,248,249,250,303,304,305,306,307,308,309,310,312,313,314,315,316,317,318,320,323,325,327,328,329,330,331,332,333,334,335,336,337,338,339,340,341,342,343,354,355,356,357,358,359,360,361,363,364,365,366,367,368,369,370,371,372
bbv,15,1,1,1,1,4160,4160,4160,270400,4160,4160,4160,4160,4160,4160,266240,4160,4160,4160,4160,4160,4160,266240,4160,4160,4160,4160,4160,4160,266240,4160,4160,4160,4160,4160,4160,266240,4160,4160,4160,4160,4160,4160,4160,1,1,1,4096,4096,4096,266240,4096,4096,4096,4096,4096,4096,262144,4096,4096,2,2,2,2,2,66,66,66,8580,64,64,64,64,64,8320,8192,1,1,1,5328,5328,5328,438864,5328,5328,5328,5328,5328,1446,185045,1445,3882,5328,496990
csv,15,1,181800126,181800202,346329775,346126613,346126664,346126698,346129436,346129438,346129472,346129495,346129523,346129547,346129553,346133224,346133257,346133259,346133321,346133367,346133392,346133427,346136482,346136484,346136517,346136579,346136594,346136650,346136654,346139754,346139787,346139789,346139822,346139839,346139864,346139895,346143192,346143218,346143244,346143322,346143295,346139818,346136544,346133317,105835626,105835789,180645172,178966978,178967041,178967077,178970401,178970403,178970442,178970460,178970502,178970561,178970611,178974343,178974379,178974415,180645387,180645399,181392205,181392213,181798846,181790019,181790075,181798820,181798769,181369580,181369631,181383639,181383671,181388390,181388387,181383519,346329906,346329983,104680923,399970235,399970366,399970402,399988089,399988157,399988260,399988347,399988387,399988521,399988568,400000024,399970187,101818530,399970223,101825466
bb_id,15,1,208,209,210,211,212,213,214,215,217,218,219,220,221,222,223,224,225,226,227,228,229,230,231,232,233,234,235,236,237,238,239,240,241,242,243,244,245,246,247,248,249,250,303,304,305,306,307,308,309,310,312,313,314,315,316,317,318,320,328,329,330,331,332,333,334,335,336,337,338,339,340,341,342,343,354,355,356,357,358,359,360,361,363,364,365,366,367,368,369,370,371,372
bbv,15,2,1,1,1,4160,4160,4160,270400,4160,4160,4160,4160,4160,4160,266240,4160,4160,4160,4160,4160,4160,266240,4160,4160,4160,4160,4160,4160,266240,4160,4160,4160,4160,4160,4160,266240,4160,4160,4160,4160,4160,4160,4160,1,1,1,4096,4096,4096,266240,4096,4096,4096,4096,4096,4096,262144,4096,4096,2,2,2,2,2,64,64,64,8320,64,64,64,64,64,8320,8192,1,1,1,5510,5510,5510,463734,5509,5509,5509,5509,5509,1649,211072,1649,3860,5510,494198
csv,15,2,181800034,181800164,346329781,332265221,332265241,332265244,332269015,332269017,332269113,332269136,332269286,332269310,332269376,332274136,332274219,332274312,332274436,332274451,332274476,332274604,332279626,332279899,332279926,332280036,332280051,332280200,332280204,332286036,332286038,332286089,332286183,332286198,332286330,332286334,332291230,332291232,332291375,332291460,332291402,332286116,332279953,332274339,105835728,105835819,180645175,176335222,176335252,176335393,176340670,176340672,176340708,176340726,176340732,176340857,176340871,176345803,176345806,176345809,180645297,180645303,181392169,181392191,181760660,181754281,181754289,181760658,181760535,181352627,181352657,181364040,181364141,181374631,181374562,181363992,346330087,346330182,104680920,399986464,399986627,399986730,400000091,399968086,399968223,399968278,399968351,399968520,399968633,399986213,399986316,95385043,399986385,95401867
bb_id,15,2,208,209,210,211,212,213,214,215,217,218,219,220,221,222,223,224,225,226,227,228,229,230,231,232,233,234,235,236,237,238,239,240,241,242,243,244,245,246,247,248,249,250,303,304,305,306,307,308,309,310,312,313,314,315,316,317,318,320,328,329,330,331,332,333,334,335,336,337,338,339,340,341,342,343,354,355,356,357,358,359,360,361,363,364,365,366,367,368,369,370,371,372
bbv,15,3,1,1,1,4160,4160,4160,270400,4160,4160,4160,4160,4160,4160,266240,4160,4160,4160,4160,4160,4160,266240,4160,4160,4160,4160,4160,4160,266240,4160,4160,4160,4160,4160,4160,266240,4160,4160,4160,4160,4160,4160,4160,1,1,1,4096,4096,4096,266240,4096,4096,4096,4096,4096,4096,262144,4096,4096,2,2,2,2,2,64,64,64,8320,64,64,64,64,64,8320,8192,1,1,1,5327,5327,5327,437071,5327,5327,5327,5327,5327,1419,181630,1418,3908,5327,500260
csv,15,3,181800080,181800183,346329772,346319897,346319917,346319920,346321480,346321482,346321485,346321508,346321534,346321558,346321562,346323546,346323548,346323550,346323581,346323596,346323621,346323625,346325609,346325611,346325613,346325644,346325659,346325684,346325688,346327672,346327674,346327676,346327707,346327722,346327747,346327751,346329735,346329737,346329739,346329769,346329766,346327703,346325640,346323577,105835779,105835799,180645166,180640609,180640639,180640642,180642787,180642789,180642792,180642810,180642816,180642839,180642853,180645157,180645160,180645163,180645351,180645396,181392147,181392151,181799763,181795449,181795481,181799761,181799758,181381800,181381878,181389002,181389010,181392133,181392130,181388999,346329965,346330164,104680917,399966446,399966510,399966614,399982223,399982259,399982295,399982417,399982456,399982659,399982705,400000058,399966162,104676428,399966367,104680908
bb_id,15,3,208,209,210,211,212,213,214,215,217,218,219,220,221,222,223,224,225,226,227,228,229,230,231,232,233,234,235,236,237,238,239,240,241,242,243,244,245,246,247,248,249,250,303,304,305,306,307,308,309,310,312,313,314,315,316,317,318,320,328,329,330,331,332,333,334,335,336,337,338,339,340,341,342,343,354,355,356,357,358,359,360,361,363,364,365,366,367,368,369,370,371,372
bbv,16,0,11972,11972,11972,1544380,11972,11972,11972,11972,11972,11972,1532416,11972,11972
csv,16,0,399985583,399985747,399985818,400000019,399967204,399967373,399967527,399967599,399967793,399967960,399985263,399985434,399985503
bb_id,16,0,357,358,359,360,361,363,364,365,366,367,368,369,371
bbv,16,1,10901,10901,10901,1406104,10900,10900,10900,10900,10900,10900,1395243,10901,10901
csv,16,1,399999348,399999465,399999540,400000052,399979495,399979634,399979825,399979865,399980002,399980117,399999061,399999163,399999267
bb_id,16,1,357,358,359,360,361,363,364,365,366,367,368,369,371
bbv,16,2,12188,12188,12188,1572268,12189,12189,12189,12189,12189,12189,1560067,12188,12188
csv,16,2,399984351,399984415,399984486,399999196,399999231,399999303,399999402,399999471,399999608,399999720,400000119,399984302,399984339
bb_id,16,2,357,358,359,360,361,363,364,365,366,367,368,369,371
bbv,16,3,10707,10707,10707,1381167,10706,10706,10706,10706,10706,10706,1370370,10707,10707
csv,16,3,399986638,399986734,399986903,400000085,399967668,399967704,399967725,399967833,399967901,399967947,399986153,399986423,399986526
bb_id,16,3,357,358,359,360,361,363,364,365,366,367,368,369,371
bbv,17,0,1,1,1,1,1,1,1,8181,8181,8181,1055349,8181,8181,8181,8181,8181,8181,1047123,8180,8180,1,1,1,1,1,1,1,1,65,65,65,16770,64,64,64,64,64,16512,16384,1,2785,2785,2785,359278,2786,2786,2786,2786,2786,2786,356608,2786,2786
csv,17,0,119114608,123684356,123684360,123684361,123684384,123684486,123684496,399975835,399975943,399975979,399990230,399990315,399990354,399990477,399990555,399990614,399990769,400000012,399975721,399975790,119114625,123684351,123684352,119114661,119114700,122082895,122082925,123618699,123603071,123603079,123618601,123618598,121975350,121975425,122001367,122001417,122020472,122020355,122001319,119114561,89037811,89037841,89037976,89047632,89047634,89047705,89047726,89047834,89047869,89048154,89060119,89060287,89060356
bb_id,17,0,144,146,148,150,187,303,304,306,307,308,309,310,312,313,314,315,316,317,318,320,323,325,327,328,329,330,331,332,333,334,335,336,337,338,339,340,341,342,343,356,357,358,359,360,361,363,364,365,366,367,368,369,371
bbv,17,1,1,1,7566,7566,7566,976014,7566,7566,7566,7566,7566,7566,968389,7565,7565,1,1,1,1,1,65,65,65,16770,64,64,64,64,64,16512,16384,1,4037,4037,4037,520898,4038,4038,4038,4038,4038,4038,516864,4038,4038
csv,17,1,123684557,123684652,399968068,399968236,399968308,399989389,399989496,399989532,399989583,399989763,399990059,399990244,400000081,399967879,399967984,119114775,119114778,122082859,122082877,123684331,123678126,123678134,123684329,123684326,122064232,122064259,122076642,122076650,122082845,122082842,122076639,119114558,117288807,117288870,117288873,117297392,117297428,117297465,117297520,117297560,117297629,117297642,117306170,117306206,117306242
bb_id,17,1,303,304,306,307,308,309,310,312,313,314,315,316,317,318,320,328,329,330,331,332,333,334,335,336,337,338,339,340,341,342,343,356,357,358,359,360,361,363,364,365,366,367,368,369,371
bbv,17,2,1,1,8090,8090,8090,1043511,8089,8089,8089,8089,8089,8089,1035392,8089,8089,1,1,1,1,1,64,64,64,16512,64,64,64,64,64,16512,16384,1,2546,2546,2546,328434,2546,2546,2546,2546,2546,2546,326013,2547,2547
csv,17,2,123684435,123684506,399996007,399996142,399996181,400000045,399979644,399979680,399979830,399979869,399979892,399980005,399995599,399995674,399995887,119114697,119114703,122082909,122082921,123502216,123481629,123481661,123502046,123501995,121993825,121993897,122020967,122020975,122032188,122032185,122020874,119114564,82178159,82178255,82178291,82192234,82192270,82192408,82192429,82192469,82192538,82192618,82209151,82209286,82209322
bb_id,17,2,303,304,306,307,308,309,310,312,313,314,315,316,317,318,320,328,329,330,331,332,333,334,335,336,337,338,339,340,341,342,343,356,357,358,359,360,361,363,364,365,366,367,368,369,371
bbv,17,3,1,1,6928,6928,6928,893712,6928,6928,6928,6928,6928,6928,886672,6927,6927,1,1,1,1,1,64,64,64,16512,64,64,64,64,64,16512,16384,1,4258,4258,4258,549318,4259,4259,4259,4259,4259,4259,545152,4259,4259
csv,17,3,123684608,123684642,399975880,399976042,399976111,399996112,399996324,399996642,399996696,399996807,399997004,399997054,400000117,399975445,399975718,119114739,119114781,122082873,122082881,123677303,123663355,123663387,123677277,123677274,122052197,122052224,122065858,122065866,122075316,122075313,122065855,119114555,119105824,119105854,119105857,119110114,119110116,119110119,119110140,119110146,119110181,119110194,119114546,119114549,119114552
bb_id,17,3,303,304,306,307,308,309,310,312,313,314,315,316,317,318,320,328,329,330,331,332,333,334,335,336,337,338,339,340,341,342,343,356,357,358,359,360,361,363,364,365,366,367,368,369,371
bbv,18,0,1,1,1,1,1,1,1,1,8203,8203,8203,1058187,8203,8203,8203,8203,8203,8203,1050029,8204,8204,1,1,1,1,1,1,1,1,65,65,65,16770,64,64,64,64,64,16512,16384,1,1,2165,2165,2165,279212,2164,2164,2164,2164,2164,2164,276992,2164,2164
csv,18,0,316898687,316898713,316898680,312328908,316898656,316898660,316898661,312328869,277094295,277094358,277094496,277108299,277108373,277108514,277108637,277108712,277108771,277108854,277124961,277125033,277125102,312328925,316898651,316898652,312328961,312329036,315297159,315297163,316790103,316763534,316763638,316790005,316789906,315285557,315285563,315290942,315290950,315297145,315297142,315290939,316898831,316898867,399990367,399990431,399990536,400000013,399973275,399973312,399973434,399973474,399973543,399973590,399989907,399990046,399990321
bb_id,18,0,37,142,157,189,191,193,195,305,306,307,308,309,310,312,313,314,315,316,317,318,320,323,325,327,328,329,330,331,332,333,334,335,336,337,338,339,340,341,342,343,354,355,357,358,359,360,361,363,364,365,366,367,368,369,371
bbv,18,1,1,8818,8818,8818,1137522,8818,8818,8818,8818,8818,8818,1128763,8819,8819,1,1,1,1,1,65,65,65,16770,64,64,64,64,64,16512,16384,1,1,2441,2441,2441,314833,2440,2440,2440,2440,2440,2440,312320,2440,2440
csv,18,1,312328875,297982311,297982341,297982380,297991068,297991136,297991205,297991223,297991262,297991285,297991332,297998313,297998352,297998391,312329033,312329075,315297213,315297217,316838419,316823592,316823624,316837961,316837934,315163465,315163537,315187835,315187867,315207687,315207525,315187808,316898985,316899045,399992242,399992373,399992410,400000046,399970657,399970694,399970782,399970923,399970992,399971075,399992021,399992024,399992162
bb_id,18,1,305,306,307,308,309,310,312,313,314,315,316,317,318,320,328,329,330,331,332,333,334,335,336,337,338,339,340,341,342,343,354,355,357,358,359,360,361,363,364,365,366,367,368,369,371
bbv,18,2,1,8294,8294,8294,1070025,8295,8295,8295,8295,8295,8295,1061760,8295,8295,1,1,1,1,1,64,64,64,16512,64,64,64,64,64,16512,16384,1,1,2502,2502,2502,322758,2502,2502,2502,2502,2502,2502,320205,2501,2501
csv,18,2,312328872,279638073,279638103,279638178,279648537,279648539,279648611,279648629,279648806,279648829,279648981,279660186,279660258,279660261,312329072,312329081,315297177,315297181,316819361,316802350,316802430,316819359,316819164,315236179,315236227,315262274,315262324,315279620,315279593,315262208,316898772,316898849,399974383,399974447,399974551,399989171,399989273,399989310,399989401,399989499,399989609,399989669,400000114,399974166,399974270
bb_id,18,2,305,306,307,308,309,310,312,313,314,315,316,317,318,320,328,329,330,331,332,333,334,335,336,337,338,339,340,341,342,343,354,355,357,358,359,360,361,363,364,365,366,367,368,369,371
bbv,18,3,1,9456,9456,9456,1219824,9456,9456,9456,9456,9456,9456,1210480,9457,9457,1,1,1,1,1,64,64,64,16512,64,64,64,64,64,16512,16384,1,1,2402,2402,2402,309858,2402,2402,2402,2402,2402,2402,307414,2401,2401
csv,18,3,312328866,312319893,312319923,312319926,312324183,312324185,312324188,312324206,312324212,312324235,312324249,312328857,312328860,312328863,312328997,312329078,315297195,315297199,316898631,316892426,316892434,316898629,316898626,315251762,315251768,315263497,315263550,315275046,315274998,315263494,316898926,316899027,399971326,399971559,399971731,399989271,399989312,399989404,399989459,399989505,399989574,399989656,400000080,399970995,399971179
bb_id,18,3,305,306,307,308,309,310,312,313,314,315,316,317,318,320,328,329,330,331,332,333,334,335,336,337,338,339,340,341,342,343,354,355,357,358,359,360,361,363,364,365,366,367,368,369,371
bbv,19,0,10429,10429,10429,1345414,10430,10430,10430,10430,10430,10430,1334927,10429,10429
csv,19,0,399973952,399974150,399974287,399996283,399996352,399996388,399996543,399996582,399996684,399996864,400000004,399973836,399973906
bb_id,19,0,357,358,359,360,361,363,364,365,366,367,368,369,371
bbv,19,1,11599,11599,11599,1496327,11600,11600,11600,11600,11600,11600,1484710,11599,11599
csv,19,1,399979904,399980001,399980072,399994479,399994547,399994616,399994769,399994874,399994942,399994988,400000104,399979754,399979858
bb_id,19,1,357,358,359,360,361,363,364,365,366,367,368,369,371
bbv,19,2,12307,12307,12307,1587559,12306,12306,12306,12306,12306,12306,1575219,12307,12307
csv,19,2,399989408,399989471,399989574,400000037,399973082,399973119,399973274,399973381,399973550,399973765,399989224,399989260,399989363
bb_id,19,2,357,358,359,360,361,363,364,365,366,367,368,369,371
bbv,19,3,11432,11432,11432,1474651,11431,11431,11431,11431,11431,11431,1463210,11432,11432
csv,19,3,399994215,399994278,399994413,400000070,399977305,399977409,399977464,399977504,399977573,399977653,399994032,399994068,399994104
bb_id,19,3,357,358,359,360,361,363,364,365,366,367,368,369,371
bbv,20,0,1,1,1,1,1,7,7,7,5722,5722,5722,155323,5722,5718,5722,11436,5,6,6,6,6,1,1,7,1,1,5,7,7,7,7,7,6,6,6,6,6,6,6,5,5,5,5,5,6,6,5,715,715,715,16584,715,715,715,611,611,611,15184,611,715,715,715,684,684,15768,684,715,714,714,683,683,15736,683,714,714,714,683,683,15736,683,714,714,916,916,916,2085,6,6,6,1365,1365,1365,38814,1365,1365,1365,1364,1364,1364,37448,1364,1,1365,2,19,19,19,19,19,19,19,19,208,208,208,25748,191,191,191,191,191,24958,24576,7,7,7,5461,5461,5461,5461,5461,599186,604647,5,5,6,5154,5154,5154,527722,5154,5154,5154,5150,5150,3790,485233,3791,1364,5155,74896
csv,20,0,94253273,94253277,94253280,94253259,94253263,387952199,387952224,393596800,393474602,393474622,393474652,393475226,393475228,393475242,393475275,393475254,363584263,377703539,377998407,377998411,377998412,94253298,94253300,355082359,355085456,355085464,387952057,355079617,355081282,355082326,355082330,355082331,377998435,387657092,387951960,387951964,387951965,393596857,393596866,363584226,363584229,363584232,363584236,363584237,393596912,393596931,363584191,399988246,399988377,399988404,399991973,399992089,399992150,399992276,399992460,399992563,399992615,399996238,399996271,399996328,399996516,399996531,399996670,399996705,399999929,399999962,400000057,399979887,399979937,399979962,399979997,399983578,399983766,399983799,399984016,399984093,399984149,399984217,399987593,399987922,399987959,399988130,399988092,399983888,399979852,399996481,377998691,377998736,387657056,386948327,386948390,386948489,386951476,386951584,386951587,386951710,386951785,386951844,386951996,386957597,386957735,355083979,386957909,355084247,387657109,387951955,387951956,387657268,387657325,387846349,387846367,387939263,387933820,387933876,387939189,387939162,387823949,387824024,387830430,387830528,387836542,387836518,387830295,355079672,355079675,355081230,355079693,355079723,355080032,355080099,355080529,355080447,355080005,363584322,363584340,377703486,376872945,376872975,376873019,376876288,376876290,376876293,376876314,376876456,376876491,89679085,89683437,89683440,376876632,376880763,376880760
bb_id,20,0,33,34,35,40,42,105,106,107,108,109,110,111,112,113,114,115,142,144,146,148,150,151,152,153,154,155,156,178,180,182,184,186,187,189,191,193,195,196,198,199,201,203,205,207,208,209,210,211,212,213,214,215,217,218,219,220,221,222,223,224,225,226,227,228,229,230,231,232,233,234,235,236,237,238,239,240,241,242,243,244,245,246,247,248,249,250,303,304,305,306,307,308,309,310,312,313,314,315,316,317,318,319,320,321,323,325,327,328,329,330,331,332,333,334,335,336,337,338,339,340,341,342,343,344,345,346,347,348,349,350,351,352,353,354,355,356,357,358,359,360,361,363,364,365,366,367,368,369,370,371,372
bbv,20,1,7,7,7,5722,5722,5722,155323,5722,5718,5722,11436,6,6,5,658,658,658,14832,658,658,658,558,558,558,13496,557,657,657,657,629,629,14048,629,657,657,657,629,629,14048,629,657,657,657,629,629,14048,629,657,657,845,845,845,1997,6,6,6,1365,1365,1365,38814,1365,1365,1365,1364,1364,1364,37448,1364,1,1365,2,19,19,19,19,19,208,208,208,25748,191,191,191,191,191,24958,24576,7,7,7,5461,5461,5461,5461,5461,599186,604647,5,5,6,3708,3708,3708,341188,3708,3708,3708,3704,3704,2344,300122,2345,1364,3709,74896
csv,20,1,387952156,387952166,393596806,393459951,393460007,393460037,393461146,393461150,393461161,393461256,393461217,393597038,393597076,363584194,399992019,399992063,399992123,399996326,399996423,399996567,399996592,399996645,399996729,399996737,400000055,399979889,399979922,399980214,399980353,399980409,399980506,399984047,399984151,399984219,399984591,399984699,399984817,399984852,399987865,399987924,399987957,399988127,399988176,399988326,399988480,399991702,399991759,399991785,399991949,399991867,399988041,399984370,399980024,377998640,377998704,387657059,387446291,387446357,387446360,387448169,387448207,387448246,387448300,387448342,387448368,387448385,387450374,387450410,355083976,387450446,355084204,387657226,387657229,387846385,387846413,387950802,387947558,387947566,387950776,387950749,387829998,387830118,387836614,387836643,387841991,387841946,387836587,355079926,355080029,355081233,355080173,355080340,355080790,355080939,355081221,355081215,355080749,363584694,363584793,377703492,377410842,377410905,377410941,377413421,377413458,377413496,377413552,377413593,377413663,76914173,76929249,76929286,377413701,377418583,377418545
bb_id,20,1,105,106,107,108,109,110,111,112,113,114,115,208,209,210,211,212,213,214,215,217,218,219,220,221,222,223,224,225,226,227,228,229,230,231,232,233,234,235,236,237,238,239,240,241,242,243,244,245,246,247,248,249,250,303,304,305,306,307,308,309,310,312,313,314,315,316,317,318,319,320,321,328,329,330,331,332,333,334,335,336,337,338,339,340,341,342,343,344,345,346,347,348,349,350,351,352,353,354,355,356,357,358,359,360,361,363,364,365,366,367,368,369,370,371,372
bbv,20,2,7,7,7,5722,5722,5722,155323,5722,5718,5722,11436,6,6,5,702,702,702,16284,702,702,702,602,602,602,14912,602,702,702,702,674,674,15488,674,702,702,702,674,674,15464,673,701,701,701,673,673,15456,673,701,701,889,889,890,2042,6,6,6,1365,1365,1365,38814,1365,1365,1365,1364,1364,1364,37448,1364,1,1365,2,19,17,19,19,19,191,191,191,24958,189,189,189,189,189,24950,24572,7,7,7,5461,5461,5461,5461,5461,599186,604647,5,5,6,2939,2939,2939,242031,2940,2940,2940,2936,2936,1576,201728,1576,1364,2940,74896
csv,20,2,387952090,387952160,393596809,393340075,393340119,393340158,393341246,393341269,393341289,393341376,393341364,393597152,393597191,363584188,399987026,399987077,399987235,399991005,399991031,399991113,399991160,399991289,399991392,399991475,399994689,399994808,399994927,399995199,399995245,399995387,399995453,399999044,399999077,399999110,399999234,399999280,399999367,399999402,400000088,399981252,399981409,399981657,399981796,399981914,399982042,399986545,399986578,399986702,399986980,399986822,399981560,399999168,399995047,377998486,377998496,387657053,387021677,387021796,387021799,387024893,387024895,387025042,387025060,387025066,387025089,387025175,387028799,387028802,355083982,387028805,355084284,387657145,387657148,387846335,387846371,387944401,387941157,387941165,387944399,387944372,387840557,387840563,387843499,387843579,387846321,387846318,387843496,355079778,355079929,355081227,355080023,355080062,355080450,355080566,355080865,355080862,355080378,363584602,363584763,377703495,376556076,376556176,376556247,376560011,376560048,376560086,376560212,376560253,376560463,50853604,50869395,50869501,376560676,376569425,376569387
bb_id,20,2,105,106,107,108,109,110,111,112,113,114,115,208,209,210,211,212,213,214,215,217,218,219,220,221,222,223,224,225,226,227,228,229,230,231,232,233,234,235,236,237,238,239,240,241,242,243,244,245,246,247,248,249,250,303,304,305,306,307,308,309,310,312,313,314,315,316,317,318,319,320,321,328,329,330,331,332,333,334,335,336,337,338,339,340,341,342,343,344,345,346,347,348,349,350,351,352,353,354,355,356,357,358,359,360,361,363,364,365,366,367,368,369,370,371,372
bbv,20,3,7,7,7,5722,5722,5722,155323,5722,5718,5722,11436,6,6,5,663,663,663,14997,663,663,663,563,563,563,13664,563,663,663,663,635,635,14229,634,662,662,662,634,634,14208,634,662,662,662,634,634,14208,634,662,662,850,850,850,2003,6,6,6,1365,1365,1365,38814,1365,1365,1365,1364,1364,1364,37448,1364,1,1365,2,19,17,19,19,19,191,191,191,24958,189,189,189,189,189,24950,24572,7,7,7,5461,5461,5461,5461,5461,599186,604647,5,5,6,3914,3914,3914,367839,3915,3915,3915,3911,3911,2551,326528,2551,1364,3915,74896
csv,20,3,387952123,387952158,393596803,393596467,393596487,393596490,393596778,393596780,393596782,393596797,393596794,393596992,393597057,363584197,399989722,399989852,399989886,399992780,399992892,399993005,399993052,399993102,399993243,399993364,399996421,399996564,399996569,399996733,399996845,399996994,399997091,400000024,399982044,399982170,399982511,399982619,399982675,399982896,399985844,399985877,399985941,399986375,399986483,399986634,399986638,399989350,399989431,399989567,399989676,399989625,399986247,399982383,399996619,377998589,377998714,387657050,387654701,387654731,387654734,387655823,387655825,387655828,387655846,387655852,387655875,387655889,387657041,387657044,355083973,387657047,355084167,387657190,387657232,387846363,387846389,387951935,387949925,387949957,387951933,387951930,387837036,387837066,387842855,387842863,387845910,387845835,387842789,355079871,355080026,355081224,355080155,355080310,355080793,355080902,355081218,355081146,355080787,363584510,363584712,377703489,377700048,377700078,377700081,377701170,377701172,377701175,377701196,377701202,377701237,80384141,80391961,80392100,377701240,377703483,377703480
bb_id,20,3,105,106,107,108,109,110,111,112,113,114,115,208,209,210,211,212,213,214,215,217,218,219,220,221,222,223,224,225,226,227,228,229,230,231,232,233,234,235,236,237,238,239,240,241,242,243,244,245,246,247,248,249,250,303,304,305,306,307,308,309,310,312,313,314,315,316,317,318,319,320,321,328,329,330,331,332,333,334,335,336,337,338,339,340,341,342,343,344,345,346,347,348,349,350,351,352,353,354,355,356,357,358,359,360,361,363,364,365,366,367,368,369,370,371,372
bbv,21,0,2,1,1,1,1,1,1,1,1,1,1,1,1,2,2,2,2,2,1,1,2,4880,4880,4880,294192,4880,4880,4880,4880,4880,4880,289312,4880,4880,4880,4880,4880,4880,289312,4880,4880,4881,4881,4881,4881,289344,4881,4881,4881,4881,4881,4881,289344,4881,4881,4881,4881,4881,4881,4880,1,1,1,4096,4096,4096,266240,4096,4096,4096,4096,4096,4096,262144,4096,4096,2,2,2,2,2,2,2,2,66,66,66,8580,64,64,64,64,64,8320,8192,2,2,1,5057,5057,5057,390209,5057,5057,5057,5057,5057,961,122921,960,4096,5056,524288
csv,21,0,367486647,125837767,126992347,126992351,126992352,202956685,126992375,201802008,202956588,202956592,202956593,202956733,202956742,367486610,367486613,367486616,367486620,367486621,202956834,202956964,367486572,353158734,353158847,353158850,353161559,353161561,353161564,353161587,353161692,353161716,353161744,353165174,353165296,353165298,353165401,353165464,353165489,353165613,353169301,353169303,353169305,353169422,353169437,353169603,353169607,353174046,353174327,353174484,353174701,353174716,353174958,353174962,353179848,353179850,353179974,353180004,353180001,353174511,353169332,353165397,126992477,126992631,201801969,197763392,197763494,197763497,197770200,197770373,197770547,197770667,197770742,197770798,197770914,197778813,197778957,197779065,201802025,202956583,202956584,201802061,201802100,202548979,202548987,202893758,202884220,202884276,202893708,202893513,202516712,202516742,202528036,202528044,202533933,202533930,202527964,367486706,367486724,125837714,399980148,399980313,399980350,399994190,399994325,399994395,399994550,399994589,399994691,399994804,400000104,399979998,120017638,399980102,120028164
bb_id,21,0,142,144,146,148,150,156,187,189,191,193,195,196,198,199,201,203,205,207,208,209,210,211,212,213,214,215,217,218,219,220,221,222,223,224,225,226,227,228,229,230,231,232,233,234,235,236,237,238,239,240,241,242,243,244,245,246,247,248,249,250,303,304,305,306,307,308,309,310,312,313,314,315,316,317,318,320,323,325,327,328,329,330,331,332,333,334,335,336,337,338,339,340,341,342,343,354,355,356,357,358,359,360,361,363,364,365,366,367,368,369,370,371,372
bbv,21,1,1,1,2,4930,4930,4930,295810,4930,4930,4930,4930,4930,4930,290888,4931,4931,4931,4931,4931,4931,290912,4931,4931,4931,4931,4931,4931,290912,4931,4931,4931,4931,4931,4931,290912,4931,4931,4931,4931,4931,4931,4931,1,1,1,4096,4096,4096,266240,4096,4096,4096,4096,4096,4096,262144,4096,4096,2,2,2,2,2,66,66,66,8580,64,64,64,64,64,8320,8192,2,2,1,4968,4968,4968,378728,4968,4968,4968,4968,4968,872,111511,871,4096,4967,524288
csv,21,1,202956926,202957002,367486578,367476697,367476717,367476720,367478280,367478282,367478285,367478308,367478334,367478358,367478362,367480346,367480348,367480350,367480381,367480396,367480421,367480425,367482409,367482411,367482413,367482444,367482459,367482484,367482488,367484472,367484474,367484476,367484507,367484522,367484547,367484551,367486535,367486537,367486539,367486569,367486566,367484503,367482440,367480377,126992538,126992599,201801972,200378880,200378943,200378979,200383005,200383043,200383046,200383100,200383106,200383165,200383179,200387334,200387337,200387373,201802172,201802181,202549037,202549041,202955718,202948898,202948930,202955284,202955257,202532673,202532793,202540505,202540555,202545232,202545229,202540481,367495683,367495719,125837723,399975401,399975567,399975672,399992520,399992621,399992723,399992876,399992948,399993181,399993260,400000035,399975250,123473586,399975287,123483558
bb_id,21,1,208,209,210,211,212,213,214,215,217,218,219,220,221,222,223,224,225,226,227,228,229,230,231,232,233,234,235,236,237,238,239,240,241,242,243,244,245,246,247,248,249,250,303,304,305,306,307,308,309,310,312,313,314,315,316,317,318,320,328,329,330,331,332,333,334,335,336,337,338,339,340,341,342,343,354,355,356,357,358,359,360,361,363,364,365,366,367,368,369,370,371,372
bbv,21,2,1,1,2,4886,4886,4886,294358,4886,4886,4886,4886,4886,4886,289472,4886,4886,4886,4886,4886,4886,289472,4886,4886,4886,4886,4886,4886,289496,4887,4887,4887,4887,4887,4887,289504,4887,4887,4887,4887,4887,4886,4886,1,1,1,4096,4096,4096,266240,4096,4096,4096,4096,4096,4096,262144,4096,4096,2,2,2,2,2,64,64,64,8320,64,64,64,64,64,8320,8192,2,2,1,5077,5077,5077,392789,5077,5077,5077,5077,5077,980,125440,980,4096,5076,524288
csv,21,2,202956788,202956945,367486581,351284555,351284661,351284695,351290940,351291015,351291124,351291233,351291355,351291503,351291686,351298219,351298276,351298302,351298481,351298527,351298576,351298642,351305368,351305401,351305458,351305744,351305790,351305846,351305925,351312137,351312287,351312289,351312468,351312600,351312718,351312839,351318359,351318516,351318580,351318734,351318700,351312347,351305602,351298391,126992426,126992487,201801966,198033624,198033654,198033657,198037878,198037913,198037916,198037934,198037940,198038032,198038046,198042090,198042093,198042165,201802097,201802175,202548965,202548983,202919956,202912824,202912952,202919954,202919879,202503581,202503680,202515708,202515740,202525483,202525414,202515636,367486795,367486813,125837720,399984249,399984312,399984415,399999500,399999569,399999706,399999828,399999968,400000070,399967242,399983999,399984068,117197887,399984104,117211258
bb_id,21,2,208,209,210,211,212,213,214,215,217,218,219,220,221,222,223,224,225,226,227,228,229,230,231,232,233,234,235,236,237,238,239,240,241,242,243,244,245,246,247,248,249,250,303,304,305,306,307,308,309,310,312,313,314,315,316,317,318,320,328,329,330,331,332,333,334,335,336,337,338,339,340,341,342,343,354,355,356,357,358,359,360,361,363,364,365,366,367,368,369,370,371,372
bbv,21,3,1,1,2,4925,4925,4925,295645,4925,4925,4925,4925,4925,4925,290720,4925,4925,4925,4925,4925,4925,290731,4926,4926,4926,4926,4926,4926,290752,4926,4926,4926,4926,4926,4926,290752,4926,4926,4926,4926,4926,4926,4925,1,1,1,4096,4096,4096,266240,4096,4096,4096,4096,4096,4096,262144,4096,4096,2,2,2,2,2,64,64,64,8320,64,64,64,64,64,8320,8192,2,2,1,5004,5004,5004,383318,5003,5003,5003,5003,5003,907,116096,907,4096,5003,524288
csv,21,3,202956880,202956983,367486575,366833171,366833222,366833225,366836215,366836241,366836268,366836315,366836365,366836413,366836441,366839867,366839900,366839933,366840026,366840072,366840128,366840163,366844551,366844584,366844617,366844741,366844787,366844843,366844878,366848615,366848648,366848650,366848712,366848758,366848783,366848818,366851780,366851813,366851846,366851938,366851904,366848708,366844706,366839991,126992589,126992609,201801975,201797409,201797439,201797442,201799587,201799589,201799592,201799610,201799616,201799639,201799653,201801957,201801960,201801963,201802136,201802178,202548947,202548951,202956563,202951697,202951729,202956561,202956558,202539488,202539494,202545802,202545810,202548933,202548930,202545799,367495624,367495701,125837717,399991200,399991329,399991497,400000001,399970749,399970990,399971113,399971153,399971222,399971269,399990984,399991020,125833228,399991056,125837708
bb_id,21,3,208,209,210,211,212,213,214,215,217,218,219,220,221,222,223,224,225,226,227,228,229,230,231,232,233,234,235,236,237,238,239,240,241,242,243,244,245,246,247,248,249,250,303,304,305,306,307,308,309,310,312,313,314,315,316,317,318,320,328,329,330,331,332,333,334,335,336,337,338,339,340,341,342,343,354,355,356,357,358,359,360,361,363,364,365,366,367,368,369,370,371,372
bbv,22,0,11695,11695,11695,1508655,11695,11695,11695,11695,11695,11695,1496947,11695,11695
csv,22,0,399983047,399983176,399983182,399997349,399997419,399997490,399997545,399997585,399997654,399997667,400000013,399982798,399982835
bb_id,22,0,357,358,359,360,361,363,364,365,366,367,368,369,371
bbv,22,1,10628,10628,10628,1371012,10628,10628,10628,10628,10628,10628,1360424,10628,10628
csv,22,1,399967213,399967277,399967382,399984814,399984948,399984984,399985104,399985242,399985409,399985521,400000081,399967062,399967099
bb_id,22,1,357,358,359,360,361,363,364,365,366,367,368,369,371
bbv,22,2,12436,12436,12436,1604244,12436,12436,12436,12436,12436,12437,1591855,12436,12436
csv,22,2,399983230,399983326,399983362,399996436,399996471,399996507,399996561,399996600,399996668,399996714,400000047,399983179,399983185
bb_id,22,2,357,358,359,360,361,363,364,365,366,367,368,369,371
bbv,22,3,11007,11007,11007,1419957,11008,11008,11008,11008,11008,11008,1408922,11007,11007
csv,22,3,399974825,399974990,399975094,399991768,399992035,399992238,399992325,399992464,399992632,399992812,400000115,399974609,399974645
bb_id,22,3,357,358,359,360,361,363,364,365,366,367,368,369,371
bbv,23,0,1,1,1,1,1,1,1,7494,7494,7494,966726,7494,7494,7494,7494,7494,7494,959107,7493,7493,1,1,1,1,1,1,1,1,65,65,65,16770,64,64,64,64,64,16512,16384,1,3728,3728,3728,480912,3728,3728,3728,3728,3728,3728,477284,3729,3729
csv,23,0,140271432,144841180,144841184,144841185,144841208,144841259,144841422,399983790,399983820,399983823,399998724,399998798,399998981,399999035,399999077,399999136,399999294,400000122,399983742,399983778,140271449,144841175,144841176,140271485,140271524,143239683,143239687,144609831,144591653,144591685,144609517,144609442,143161787,143161862,143175922,143175930,143187540,143187537,143175829,140271382,116417124,116417280,116417283,116428968,116429106,116429109,116429266,116429272,116429375,116429388,116442661,116442664,116442766
bb_id,23,0,144,146,148,150,187,303,304,306,307,308,309,310,312,313,314,315,316,317,318,320,323,325,327,328,329,330,331,332,333,334,335,336,337,338,339,340,341,342,343,356,357,358,359,360,361,363,364,365,366,367,368,369,371
bbv,23,1,1,1,6953,6953,6953,896937,6953,6953,6953,6953,6953,6953,889882,6952,6952,1,1,1,1,1,65,65,65,16770,64,64,64,64,64,16512,16384,1,4884,4884,4884,630036,4884,4884,4884,4884,4884,4884,625217,4885,4885
csv,23,1,144841361,144841452,399980070,399980235,399980379,399996315,399996353,399996425,399996548,399996656,399996715,399996831,400000014,399979953,399979989,140271623,140271668,143239715,143239737,144841155,144834950,144834958,144841153,144841150,143219565,143219592,143232431,143232463,143239522,143239519,143232428,140271379,140262648,140262678,140262681,140266938,140266940,140266943,140266964,140266970,140267005,140267018,140271370,140271373,140271376
bb_id,23,1,303,304,306,307,308,309,310,312,313,314,315,316,317,318,320,328,329,330,331,332,333,334,335,336,337,338,339,340,341,342,343,356,357,358,359,360,361,363,364,365,366,367,368,369,371
bbv,23,2,1,1,7484,7484,7484,965436,7484,7484,7484,7484,7484,7484,957915,7483,7483,1,1,1,1,1,64,64,64,16512,64,64,64,64,64,16512,16384,1,2967,2967,2967,382743,2967,2967,2967,2967,2967,2967,379857,2968,2968
csv,23,2,144841310,144841432,399969357,399969423,399969531,399985973,399986164,399986270,399986387,399986528,399986584,399986937,400000086,399969237,399969276,140271521,140271527,143239729,143239733,144629210,144616654,144616662,144629160,144629157,143110911,143110965,143135294,143135323,143153153,143153126,143135225,140271388,95827460,95827557,95827661,95843014,95843116,95843286,95843440,95843479,95843547,95843693,95860062,95860266,95860403
bb_id,23,2,303,304,306,307,308,309,310,312,313,314,315,316,317,318,320,328,329,330,331,332,333,334,335,336,337,338,339,340,341,342,343,356,357,358,359,360,361,363,364,365,366,367,368,369,371
bbv,23,3,1,1,6478,6478,6478,835662,6478,6478,6478,6478,6478,6478,829144,6477,6477,1,1,1,1,1,64,64,64,16512,64,64,64,64,64,16512,16384,1,4469,4469,4469,576501,4469,4469,4469,4469,4469,4469,572134,4470,4470
csv,23,3,144841412,144841442,399962949,399963117,399963222,399985704,399985805,399985874,399986057,399986129,399986220,399986267,400000050,399962826,399962901,140271587,140271671,143239701,143239741,144756379,144742719,144742751,144755921,144755894,143210155,143210182,143224362,143224391,143239669,143239666,143224338,140271385,135400516,135400580,135400617,135409193,135409261,135409264,135409318,135409357,135409392,135409438,135418454,135418457,135418494
bb_id,23,3,303,304,306,307,308,309,310,312,313,314,315,316,317,318,320,328,329,330,331,332,333,334,335,336,337,338,339,340,341,342,343,356,357,358,359,360,361,363,364,365,366,367,368,369,371
bbv,24,0,1,1,1,1,1,1,1,1,8890,8890,8890,1146810,8890,8890,8890,8890,8890,8890,1138045,8891,8891,1,1,1,1,1,1,1,1,65,65,65,16770,64,64,64,64,64,16512,16384,1,1,1629,1629,1629,210032,1628,1628,1628,1628,1628,1628,208384,1628,1628
csv,24,0,338055506,338055532,338055499,333485727,338055475,338055479,338055480,333485688,300363333,300363501,300363537,300381636,300381986,300382025,300382148,300382295,300382354,300382437,300398373,300398409,300398478,333485744,338055470,338055471,333485780,333485783,336453978,336453982,337966603,337956654,337956686,337966217,337966190,336433797,336433803,336447761,336447769,336453964,336453961,336447758,338055650,338055804,399997188,399997252,399997325,400000002,399972880,399972916,399973037,399973109,399973244,399973356,399996396,399996668,399996940
bb_id,24,0,37,142,157,189,191,193,195,305,306,307,308,309,310,312,313,314,315,316,317,318,320,323,325,327,328,329,330,331,332,333,334,335,336,337,338,339,340,341,342,343,354,355,357,358,359,360,361,363,364,365,366,367,368,369,371
bbv,24,1,1,9431,9431,9431,1216599,9431,9431,9431,9431,9431,9431,1207270,9432,9432,1,1,1,1,1,65,65,65,16770,64,64,64,64,64,16512,16384,1,1,1796,1796,1796,231571,1795,1795,1795,1795,1795,1795,229760,1795,1795
csv,24,1,333485694,319573512,319573575,319573611,319580343,319580378,319580414,319580432,319580471,319580527,319580574,319588176,319588179,319588218,333485858,333485909,336454036,336454044,337938564,337916666,337916698,337938394,337938295,336348335,336348383,336372818,336372847,336391249,336391183,336372743,338055768,338055864,399997406,399997502,399997639,400000102,399982451,399982588,399982643,399982683,399982818,399982865,399997176,399997288,399997361
bb_id,24,1,305,306,307,308,309,310,312,313,314,315,316,317,318,320,328,329,330,331,332,333,334,335,336,337,338,339,340,341,342,343,354,355,357,358,359,360,361,363,364,365,366,367,368,369,371
bbv,24,2,1,8900,8900,8900,1148100,8900,8900,8900,8900,8900,8900,1139237,8901,8901,1,1,1,1,1,64,64,64,16512,64,64,64,64,64,16512,16384,1,1,1888,1888,1888,243552,1888,1888,1888,1888,1888,1888,241655,1887,1887
csv,24,2,333485691,301012047,301012077,301012080,301021824,301021826,301021829,301021985,301021991,301022152,301022166,301033737,301033740,301033812,333485819,333485822,336453996,336454000,338055450,338049245,338049253,338055448,338055445,336340148,336340199,336366015,336366047,336386392,336386323,336365988,338055591,338055786,399968733,399968829,399968865,399983570,399983674,399983983,399984038,399984214,399984385,399984500,400000036,399968520,399968688
bb_id,24,2,305,306,307,308,309,310,312,313,314,315,316,317,318,320,328,329,330,331,332,333,334,335,336,337,338,339,340,341,342,343,354,355,357,358,359,360,361,363,364,365,366,367,368,369,371
bbv,24,3,1,9906,9906,9906,1277874,9906,9906,9906,9906,9906,9906,1268008,9907,9907,1,1,1,1,1,64,64,64,16512,64,64,64,64,64,16512,16384,1,1,1777,1777,1777,229191,1776,1776,1776,1776,1776,1776,227328,1776,1776
csv,24,3,333485685,333476712,333476742,333476745,333481002,333481004,333481007,333481025,333481031,333481054,333481068,333485676,333485679,333485682,333485894,333485912,336454022,336454040,337944185,337923785,337923865,337944183,337944156,336425619,336425625,336438279,336438287,336446876,336446873,336438276,338055709,338055822,399988700,399988798,399988937,400000069,399971342,399971345,399971531,399971735,399971869,399972014,399988410,399988515,399988586
bb_id,24,3,305,306,307,308,309,310,312,313,314,315,316,317,318,320,328,329,330,331,332,333,334,335,336,337,338,339,340,341,342,343,354,355,357,358,359,360,361,363,364,365,366,367,368,369,371
bbv,25,0,10548,10548,10548,1360801,10549,10549,10549,10549,10549,10549,1350192,10548,10548
csv,25,0,399973204,399973334,399973371,399993473,399993744,399993881,399993935,399994042,399994178,399994325,400000001,399972923,399972993
bb_id,25,0,357,358,359,360,361,363,364,365,366,367,368,369,371
bbv,25,1,11640,11640,11640,1501673,11641,11641,11641,11641,11641,11641,1490024,11640,11640
csv,25,1,399968737,399968900,399968903,399985999,399986035,399986139,399986262,399986403,399986607,399986856,400000035,399968522,399968692
bb_id,25,1,357,358,359,360,361,363,364,365,366,367,368,369,371
bbv,25,2,12235,12235,12235,1578284,12234,12234,12234,12234,12234,12234,1565961,12235,12235
csv,25,2,399987720,399987783,399987922,400000101,399970234,399970303,399970390,399970430,399970565,399970645,399987499,399987638,399987708
bb_id,25,2,357,358,359,360,361,363,364,365,366,367,368,369,371
bbv,25,3,11343,11343,11343,1463179,11343,11343,11343,11343,11343,11343,1451904,11343,11343
csv,25,3,399997781,399997912,399997982,400000068,399979897,399979967,399980021,399980128,399980264,399980310,399997661,399997698,399997735
bb_id,25,3,357,358,359,360,361,363,364,365,366,367,368,369,371
bbv,26,0,1,1,1,1,1,1,1,1,1,1,1,1,1,1,1,1,1,65,65,65,16770,64,64,64,64,64,16512,16384,1,4207,4207,4207,542703,4207,4207,4207,4207,4207,4207,538576,4208,4208,1,1,1,1,1,16384,16384,16384,4194304
csv,26,0,115410093,115410097,115410115,368838161,368838162,110840333,115410081,115410085,115410086,110840350,115410076,115410077,110840386,110840425,113808584,113808588,115215206,115192300,115192332,115215052,115215001,113773958,113774012,113795237,113795245,113807103,113807052,113795234,110840280,110831549,110831579,110831582,110835839,110835841,110835844,110835865,110835871,110835906,110835919,110840271,110840274,110840277,115410211,115410271,368838059,368838085,368838121,367384379,367384412,367399588,367399568
bb_id,26,0,40,42,137,139,141,144,146,148,150,323,325,327,328,329,330,331,332,333,334,335,336,337,338,339,340,341,342,343,356,357,358,359,360,361,363,364,365,366,367,368,369,371,374,375,376,377,378,379,380,381,382
bbv,26,1,1,1,1,1,1,65,65,65,16770,64,64,64,64,64,16512,16384,1,2948,2948,2948,380292,2948,2948,2948,2948,2948,2948,377368,2949,2949,1,1,1,1,1,16384,16384,16384,4194304
csv,26,1,110840524,110840527,113808634,113808650,115310005,115287387,115287491,115309931,115309832,113698750,113698756,113726249,113726281,113746047,113745954,113726135,110840289,96710237,96710335,96710343,96725640,96725729,96725833,96725955,96726027,96726163,96726209,96739248,96739388,96739484,115410259,115410369,368838075,368838105,368838123,368834180,368834198,368838043,368838038
bb_id,26,1,328,329,330,331,332,333,334,335,336,337,338,339,340,341,342,343,356,357,358,359,360,361,363,364,365,366,367,368,369,371,374,375,376,377,378,379,380,381,382
bbv,26,2,1,1,1,1,1,64,64,64,16512,64,64,64,64,64,16512,16384,1,2261,2261,2261,291700,2262,2262,2262,2262,2262,2262,289536,2262,2262,1,1,1,1,1,16384,16384,16384,4194304
csv,26,2,110840422,110840428,113808602,113808606,115393965,115381241,115381249,115393891,115393888,113747247,113747274,113771782,113771814,113791370,113791304,113771647,110840286,76154579,76154695,76154766,76170894,76170929,76171013,76171067,76171207,76171376,76171556,76186753,76186858,76186896,115410163,115410265,368838051,368838115,368838119,368081194,368081242,368088387,368088352
bb_id,26,2,328,329,330,331,332,333,334,335,336,337,338,339,340,341,342,343,356,357,358,359,360,361,363,364,365,366,367,368,369,371,374,375,376,377,378,379,380,381,382
bbv,26,3,1,1,1,1,1,64,64,64,16512,64,64,64,64,64,16512,16384,1,3264,3264,3264,421166,3265,3265,3265,3265,3265,3265,417920,3265,3265,1,1,1,1,1,16384,16384,16384,4194304
csv,26,3,110840488,110840530,113808620,113808646,115410056,115403851,115403859,115410054,115410051,113784821,113784827,113797588,113797644,113808570,113808567,113797585,110840283,104171119,104171149,104171288,104181055,104181057,104181128,104181149,104181223,104181258,104181339,104189143,104189146,104189182,115410323,115410375,368838067,368838095,368838117,368762379,368762412,368770079,368770074
bb_id,26,3,328,329,330,331,332,333,334,335,336,337,338,339,340,341,342,343,356,357,358,359,360,361,363,364,365,366,367,368,369,371,374,375,376,377,378,379,380,381,382
region_inst,N/A,N/A,400000122,400000046,400000110,400000125,400000107,400000115,400000118,400000112,400000132,400000102,400000119,400000123,400000110,400000092,400000114,400000124,400000119,400000117,400000114,400000104,400000088,400000104,400000115,400000122,400000102,400000101,368838162
