type,region,thread,data1,data2,data3,data4,data5,data6,data7,data8,data9,data10,data11,data12,data13,data14,data15,data16,data17,data18,data19,data20,data21,data22,data23,data24,data25,data26,data27,data28,data29,data30,data31,data32,data33,data34,data35,data36,data37,data38,data39,data40,data41,data42,data43,data44,data45,data46,data47,data48,data49,data50,data51,data52,data53,data54,data55,data56,data57,data58,data59,data60,data61,data62,data63,data64,data65,data66,data67,data68,data69,data70,data71,data72,data73,data74,data75,data76
bbv,0,0,1,1,1,1,1,1,1,1,1,875,1,1,1,1,11,11,10,10,10,10,10,8750,10,10,10,10,10,10,10,10,10,10,35000,35000,36228,36228,36227,4831705,11,3501,,,,,,,,,,,,,,,,,,,,,,,,,,,,,,,,,,,,
csv,0,0,90,96,1494,1748,504397,504405,504434,504472,504510,551356,551439,560608,560620,560635,385502588,385502666,384588600,384588637,384588641,384588668,384588726,384655701,384655809,384662316,384662334,384662371,384662430,385236442,385236472,385236502,385236600,385502574,385497358,385145785,399999829,399999857,399999769,400000037,385502606,504380,,,,,,,,,,,,,,,,,,,,,,,,,,,,,,,,,,,,
bb_id,0,0,31,32,70,71,72,73,74,75,76,77,78,80,81,82,100,101,102,103,104,105,106,107,108,110,111,112,113,114,115,116,117,118,119,120,122,123,124,125,126,128,,,,,,,,,,,,,,,,,,,,,,,,,,,,,,,,,,,,
bbv,0,1,1,1,1,1,1,1,1,875,1,1,1,1,11,11,10,10,10,10,10,8750,10,10,10,10,10,10,10,10,10,10,35000,35000,36395,36395,36394,4780267,3500,,,,,,,,,,,,,,,,,,,,,,,,,,,,,,,,,,,,,,,
csv,0,1,530,678,504508,504526,504534,504712,504826,560581,560584,560602,560632,560644,385502600,385502636,384588702,384588712,384588730,384588824,384589126,384662301,384662304,384662328,384662352,384662409,384662436,385236460,385236484,385236556,385236560,385502584,385480315,385236436,399994158,399994246,399994118,400000017,493400,,,,,,,,,,,,,,,,,,,,,,,,,,,,,,,,,,,,,,,
bb_id,0,1,70,71,72,73,74,75,76,77,78,80,81,82,100,101,102,103,104,105,106,107,108,110,111,112,113,114,115,116,117,118,119,120,122,123,124,125,128,,,,,,,,,,,,,,,,,,,,,,,,,,,,,,,,,,,,,,,
bbv,0,2,1,1,1,1,1,1,1,875,1,1,1,1,11,11,10,10,10,10,10,8750,10,10,10,10,10,10,10,10,10,10,35000,35000,36357,36357,36356,4830902,3500,,,,,,,,,,,,,,,,,,,,,,,,,,,,,,,,,,,,,,,
csv,0,2,156,158,504422,504430,504438,504455,504474,552127,552162,560596,560614,560638,385502592,385502651,384588569,384588579,384588583,384588627,384588724,384649587,384649968,384662310,384662340,384662428,384662432,385236448,385236478,385236520,385236602,385502569,385502564,385119258,399997952,399998020,399997912,400000057,467048,,,,,,,,,,,,,,,,,,,,,,,,,,,,,,,,,,,,,,,
bb_id,0,2,70,71,72,73,74,75,76,77,78,80,81,82,100,101,102,103,104,105,106,107,108,110,111,112,113,114,115,116,117,118,119,120,122,123,124,125,128,,,,,,,,,,,,,,,,,,,,,,,,,,,,,,,,,,,,,,,
bbv,0,3,1,1,1,1,1,1,1,875,1,1,1,1,11,11,10,10,10,10,10,8750,10,10,10,10,10,10,10,10,10,10,35000,35000,36431,36431,36430,4803028,3500,,,,,,,,,,,,,,,,,,,,,,,,,,,,,,,,,,,,,,,
csv,0,3,470,676,504491,504518,504530,504695,504828,559522,559541,560590,560626,560641,385502596,385502621,384588685,384588722,384588734,384588977,384589128,384661668,384661692,384662322,384662346,384662390,384662434,385236454,385236466,385236538,385236558,385502579,385491259,385184407,399990384,399990492,399990284,400000077,497036,,,,,,,,,,,,,,,,,,,,,,,,,,,,,,,,,,,,,,,
bb_id,0,3,70,71,72,73,74,75,76,77,78,80,81,82,100,101,102,103,104,105,106,107,108,110,111,112,113,114,115,116,117,118,119,120,122,123,124,125,128,,,,,,,,,,,,,,,,,,,,,,,,,,,,,,,,,,,,,,,
bbv,1,0,10,10,10,10,10,10,10,8750,10,10,10,10,10,10,10,10,10,10,35000,35000,36296,36296,36296,4841576,10,,,,,,,,,,,,,,,,,,,,,,,,,,,,,,,,,,,,,,,,,,,,,,,,,,,
csv,1,0,370444455,370444622,369530432,369530459,369530463,369530538,369530595,369601029,369601158,369604173,369604203,369604234,369604274,370178305,370178335,370178405,370178425,370444437,370439620,370149271,399998432,399998480,399998392,400000017,370444469,,,,,,,,,,,,,,,,,,,,,,,,,,,,,,,,,,,,,,,,,,,,,,,,,,,
bb_id,1,0,100,101,102,103,104,105,106,107,108,110,111,112,113,114,115,116,117,118,119,120,122,123,124,125,126,,,,,,,,,,,,,,,,,,,,,,,,,,,,,,,,,,,,,,,,,,,,,,,,,,,
bbv,1,1,10,10,10,10,10,10,10,8750,10,10,10,10,10,10,10,10,10,10,35000,35000,36418,36418,36418,4785036,,,,,,,,,,,,,,,,,,,,,,,,,,,,,,,,,,,,,,,,,,,,,,,,,,,,
csv,1,1,370444463,370444587,369530511,369530589,369530593,369530624,369530653,369601431,369601455,369604185,369604215,369604297,369604299,370178323,370178347,370178385,370178387,370444447,370427118,370177725,399980533,399980581,399980493,400000077,,,,,,,,,,,,,,,,,,,,,,,,,,,,,,,,,,,,,,,,,,,,,,,,,,,,
bb_id,1,1,100,101,102,103,104,105,106,107,108,110,111,112,113,114,115,116,117,118,119,120,122,123,124,125,,,,,,,,,,,,,,,,,,,,,,,,,,,,,,,,,,,,,,,,,,,,,,,,,,,,
bbv,1,2,10,10,10,10,10,10,10,8750,10,10,10,10,10,10,10,10,10,10,35000,35000,36501,36501,36501,4848304,,,,,,,,,,,,,,,,,,,,,,,,,,,,,,,,,,,,,,,,,,,,,,,,,,,,
csv,1,2,370444451,370444637,369530449,369530473,369530477,369530565,369530597,369597540,369597669,369604179,369604209,369604253,369604276,370178311,370178341,370178423,370178484,370444432,370444427,370133199,399996835,399996863,399996795,400000037,,,,,,,,,,,,,,,,,,,,,,,,,,,,,,,,,,,,,,,,,,,,,,,,,,,,
bb_id,1,2,100,101,102,103,104,105,106,107,108,110,111,112,113,114,115,116,117,118,119,120,122,123,124,125,,,,,,,,,,,,,,,,,,,,,,,,,,,,,,,,,,,,,,,,,,,,,,,,,,,,
bbv,1,3,10,10,10,10,10,10,10,8750,10,10,10,10,10,10,10,10,10,10,35000,35000,36386,36386,36386,4798669,,,,,,,,,,,,,,,,,,,,,,,,,,,,,,,,,,,,,,,,,,,,,,,,,,,,
csv,1,3,370444459,370444484,369530494,369530575,369530579,369530651,369530718,369604164,369604167,369604191,369604197,369604272,369604278,370178317,370178329,370178365,370178367,370444442,370436770,370178299,399999369,399999557,399999249,400000057,,,,,,,,,,,,,,,,,,,,,,,,,,,,,,,,,,,,,,,,,,,,,,,,,,,,
bb_id,1,3,100,101,102,103,104,105,106,107,108,110,111,112,113,114,115,116,117,118,119,120,122,123,124,125,,,,,,,,,,,,,,,,,,,,,,,,,,,,,,,,,,,,,,,,,,,,,,,,,,,,
bbv,2,0,1,1,1,1,1,1,1,1,1,1,875,1,1,1,1,1,1,1,1,1,1,875,1,1,1,1,3500,3500,3500,466836,10,10,10,10,10,10,10,8750,10,10,10,10,10,10,10,10,10,10,35000,35000,33013,33013,33013,4401910,10,3501,1,1,1,1,1,875,1,1,1,1,1,1,1,3500,1,1,1,1,1,1
csv,2,0,200905911,200576305,200905905,200906407,200906519,201410254,201410299,201410328,201410383,201410435,201459718,201459769,201466423,201466429,201466450,162915518,200495523,200495532,200495613,200495712,200495714,200576258,200576261,200576266,200576272,200576276,200433133,200433181,200436350,200436281,393937433,393937466,393023414,393023441,393023445,393023472,393023551,393095778,393095907,393097155,393097185,393097216,393097237,393671287,393671317,393671347,393671403,393937429,393931557,393646558,399999204,399999272,399999104,400000052,393937451,201410195,200576342,200576351,200576355,200576487,200576491,200663005,200663009,200667701,200667735,200667772,200697462,200697566,200905892,200905890,200667798,200667799,200697329,200667806,200697242,200678363
bb_id,2,0,32,34,36,70,71,72,73,74,75,76,77,78,80,81,82,83,84,85,86,87,88,89,90,92,93,94,96,97,98,99,100,101,102,103,104,105,106,107,108,110,111,112,113,114,115,116,117,118,119,120,122,123,124,125,126,128,148,149,150,151,152,153,154,156,157,158,159,160,161,162,163,164,165,166,167,168
bbv,2,1,1,1,1,1,1,1,1,875,1,1,1,1,1,1,1,1,1,1,875,1,1,1,1,3500,3500,3500,459781,10,10,10,10,10,10,10,8750,10,10,10,10,10,10,10,10,10,10,35000,35000,32763,32763,32763,4303946,3500,1,1,1,1,1,875,1,1,1,1,1,1,1,3500,,,,,,,,,,
csv,2,1,200906031,200906035,201410237,201410283,201410324,201410364,201410385,201466297,201466316,201466417,201466447,201466459,162915354,200495566,200495575,200495607,200495650,200495652,200568387,200568390,200568901,200568999,200576280,200102844,200102872,200109095,200109006,393937441,393937544,393023547,393023592,393023638,393023669,393023713,393090270,393090420,393097161,393097197,393097277,393097486,393671299,393671329,393671401,393671409,393937424,393931443,393671281,399989179,399989207,399989099,400000032,201404147,200578420,200578615,200578723,200579091,200579433,200658243,200658325,200667725,200667765,200667786,200667834,200667903,200882632,200882613,,,,,,,,,,
bb_id,2,1,70,71,72,73,74,75,76,77,78,80,81,82,83,84,85,86,87,88,89,90,92,93,94,96,97,98,99,100,101,102,103,104,105,106,107,108,110,111,112,113,114,115,116,117,118,119,120,122,123,124,125,128,148,149,150,151,152,153,154,156,157,158,159,160,161,162,,,,,,,,,,
bbv,2,2,1,1,1,1,1,1,1,875,1,1,1,1,1,1,1,1,1,1,875,1,1,1,1,3500,3500,3500,464982,10,10,10,10,10,10,10,8750,10,10,10,10,10,10,10,10,10,10,35000,35000,32713,32713,32713,4346798,3500,1,1,1,1,1,875,1,1,1,1,1,1,1,3500,,,,,,,,,,
csv,2,2,200906095,200906409,201410271,201410291,201410303,201410345,201410366,201458979,201459030,201466405,201466435,201466453,162915532,200495549,200495622,200495656,200495684,200495716,200570632,200571417,200574619,200576120,200576274,198203093,198203121,198209210,198209181,393937437,393937567,393023431,393023482,393023486,393023513,393023549,393095439,393095631,393097167,393097191,393097235,393097239,393671305,393671323,393671365,393671405,393937414,393937409,393620728,399998530,399998598,399998490,400000072,201389747,200576392,200576401,200576405,200576446,200576489,200650023,200650053,200667717,200667745,200667793,200667848,200667850,200861652,200861616,,,,,,,,,,
bb_id,2,2,70,71,72,73,74,75,76,77,78,80,81,82,83,84,85,86,87,88,89,90,92,93,94,96,97,98,99,100,101,102,103,104,105,106,107,108,110,111,112,113,114,115,116,117,118,119,120,122,123,124,125,128,148,149,150,151,152,153,154,156,157,158,159,160,161,162,,,,,,,,,,
bbv,2,3,1,1,1,1,1,1,1,875,1,1,1,1,1,1,1,1,1,1,875,1,1,1,1,3500,3500,3500,461505,10,10,10,10,10,10,10,8750,10,10,10,10,10,10,10,10,10,10,35000,35000,32760,32760,32760,4319926,3500,1,1,1,1,1,875,1,1,1,1,1,1,1,3500,,,,,,,,,,
csv,2,3,200905971,200906033,201410212,201410220,201410275,201410320,201410347,201466396,201466399,201466411,201466441,201466456,162915368,200495493,200495502,200495506,200495603,200495609,200566694,200566720,200567737,200568180,200576278,200492579,200492587,200495476,200495467,393937445,393937509,393023530,393023582,393023642,393023740,393023826,393097146,393097149,393097173,393097179,393097258,393097484,393671293,393671311,393671383,393671407,393937419,393916433,393670748,399998727,399998755,399998647,400000012,201405839,200578218,200578383,200578502,200579050,200579431,200667689,200667693,200667709,200667755,200667779,200667820,200667905,200902949,200902947,,,,,,,,,,
bb_id,2,3,70,71,72,73,74,75,76,77,78,80,81,82,83,84,85,86,87,88,89,90,92,93,94,96,97,98,99,100,101,102,103,104,105,106,107,108,110,111,112,113,114,115,116,117,118,119,120,122,123,124,125,128,148,149,150,151,152,153,154,156,157,158,159,160,161,162,,,,,,,,,,
bbv,3,0,10,10,10,10,10,10,10,8750,10,10,10,10,10,10,10,10,10,10,35000,35000,36308,36308,36308,4844396,10,,,,,,,,,,,,,,,,,,,,,,,,,,,,,,,,,,,,,,,,,,,,,,,,,,,
csv,3,0,378879305,378879334,377965316,377965326,377965330,377965357,377965379,378039014,378039017,378039041,378039047,378039141,378039143,378613161,378613185,378613215,378613235,378879282,378879277,378591624,399993718,399993734,399993678,400000048,378879319,,,,,,,,,,,,,,,,,,,,,,,,,,,,,,,,,,,,,,,,,,,,,,,,,,,
bb_id,3,0,100,101,102,103,104,105,106,107,108,110,111,112,113,114,115,116,117,118,119,120,122,123,124,125,126,,,,,,,,,,,,,,,,,,,,,,,,,,,,,,,,,,,,,,,,,,,,,,,,,,,
bbv,3,1,10,10,10,10,10,10,10,8750,10,10,10,10,10,10,10,10,10,10,35000,35000,36413,36413,36413,4782137,,,,,,,,,,,,,,,,,,,,,,,,,,,,,,,,,,,,,,,,,,,,,,,,,,,,
csv,3,1,378879313,378879379,377965299,377965377,377965383,377965468,377965497,378037625,378037628,378039029,378039059,378039122,378039149,378613173,378613197,378613271,378613296,378879297,378878156,378612821,399998180,399998208,399998080,400000028,,,,,,,,,,,,,,,,,,,,,,,,,,,,,,,,,,,,,,,,,,,,,,,,,,,,
bb_id,3,1,100,101,102,103,104,105,106,107,108,110,111,112,113,114,115,116,117,118,119,120,122,123,124,125,,,,,,,,,,,,,,,,,,,,,,,,,,,,,,,,,,,,,,,,,,,,,,,,,,,,
bbv,3,2,10,10,10,10,10,10,10,8750,10,10,10,10,10,10,10,10,10,10,35000,35000,36509,36509,36509,4849010,,,,,,,,,,,,,,,,,,,,,,,,,,,,,,,,,,,,,,,,,,,,,,,,,,,,
csv,3,2,378879301,378879364,377965404,377965414,377965495,377965566,377965589,378028631,378028823,378039023,378039065,378039084,378039145,378613155,378613191,378613233,378613292,378879287,378878745,378566081,399993698,399993726,399993629,400000008,,,,,,,,,,,,,,,,,,,,,,,,,,,,,,,,,,,,,,,,,,,,,,,,,,,,
bb_id,3,2,100,101,102,103,104,105,106,107,108,110,111,112,113,114,115,116,117,118,119,120,122,123,124,125,,,,,,,,,,,,,,,,,,,,,,,,,,,,,,,,,,,,,,,,,,,,,,,,,,,,
bbv,3,3,10,10,10,10,10,10,10,8750,10,10,10,10,10,10,10,10,10,10,35000,35000,36394,36394,36394,4797999,,,,,,,,,,,,,,,,,,,,,,,,,,,,,,,,,,,,,,,,,,,,,,,,,,,,
csv,3,3,378879309,378879349,377965282,377965367,377965387,377965441,377965470,378036677,378037037,378039035,378039053,378039103,378039147,378613167,378613179,378613253,378613294,378879292,378877586,378613149,399995323,399995351,399995223,400000068,,,,,,,,,,,,,,,,,,,,,,,,,,,,,,,,,,,,,,,,,,,,,,,,,,,,
bb_id,3,3,100,101,102,103,104,105,106,107,108,110,111,112,113,114,115,116,117,118,119,120,122,123,124,125,,,,,,,,,,,,,,,,,,,,,,,,,,,,,,,,,,,,,,,,,,,,,,,,,,,,
bbv,4,0,1,3288,3288,3287,438246,9,9,10,10,10,10,10,8750,10,10,10,10,10,10,10,10,10,10,35000,35000,33155,33155,33156,4422213,9,,,,,,,,,,,,,,,,,,,,,,,,,,,,,,,,,,,,,,,,,,,,,,
csv,4,0,363821183,399997761,399997769,399997741,400000046,325326983,325327097,362907154,362907164,362907168,362907229,362907313,362980886,362980889,362980901,362980919,362980956,362981015,363555027,363555057,363555087,363555143,363821159,363817406,363525009,362905120,362905128,362907137,362907128,325326989,,,,,,,,,,,,,,,,,,,,,,,,,,,,,,,,,,,,,,,,,,,,,,
bb_id,4,0,83,96,97,98,99,100,101,102,103,104,105,106,107,108,110,111,112,113,114,115,116,117,118,119,120,122,123,124,125,126,,,,,,,,,,,,,,,,,,,,,,,,,,,,,,,,,,,,,,,,,,,,,,
bbv,4,1,1,3370,3370,3369,442726,9,9,10,10,10,10,10,8750,10,10,10,10,10,10,10,10,10,10,35000,35000,33011,33011,33012,4337664,,,,,,,,,,,,,,,,,,,,,,,,,,,,,,,,,,,,,,,,,,,,,,,
csv,4,1,363821321,399998818,399998846,399998778,400000026,325326997,325327027,362907185,362907297,362907319,362907373,362907459,362969180,362969204,362980907,362980937,362981013,362981021,363555045,363555069,363555141,363555147,363821169,363812447,363555021,361830373,361830381,361833867,361833858,,,,,,,,,,,,,,,,,,,,,,,,,,,,,,,,,,,,,,,,,,,,,,,
bb_id,4,1,83,96,97,98,99,100,101,102,103,104,105,106,107,108,110,111,112,113,114,115,116,117,118,119,120,122,123,124,125,,,,,,,,,,,,,,,,,,,,,,,,,,,,,,,,,,,,,,,,,,,,,,,
bbv,4,2,1,3500,3500,3500,464982,9,9,10,10,10,10,10,8750,10,10,10,10,10,10,10,10,10,10,35000,35000,32920,32920,32921,4374086,,,,,,,,,,,,,,,,,,,,,,,,,,,,,,,,,,,,,,,,,,,,,,,
csv,4,2,363821197,399011747,399011855,399019118,399019089,325326979,325327012,362907202,362907239,362907243,362907287,362907315,362975357,362975717,362980895,362980925,362980975,362981017,363555033,363555063,363555105,363555145,363821154,363821149,363510372,362078023,362078071,362083197,362083148,,,,,,,,,,,,,,,,,,,,,,,,,,,,,,,,,,,,,,,,,,,,,,,
bb_id,4,2,83,96,97,98,99,100,101,102,103,104,105,106,107,108,110,111,112,113,114,115,116,117,118,119,120,122,123,124,125,,,,,,,,,,,,,,,,,,,,,,,,,,,,,,,,,,,,,,,,,,,,,,,
bbv,4,3,1,3326,3326,3325,438043,9,9,10,10,10,10,10,8750,10,10,10,10,10,10,10,10,10,10,35000,35000,33029,33029,33030,4355628,,,,,,,,,,,,,,,,,,,,,,,,,,,,,,,,,,,,,,,,,,,,,,,
csv,4,3,363821307,399991107,399991155,399991067,400000006,325326993,325327042,362907260,362907307,362907311,362907346,362907461,362976557,362976560,362980913,362980931,362980994,362981019,363555039,363555051,363555123,363555149,363821164,363802909,363439237,361179990,361180098,361193198,361193089,,,,,,,,,,,,,,,,,,,,,,,,,,,,,,,,,,,,,,,,,,,,,,,
bb_id,4,3,83,96,97,98,99,100,101,102,103,104,105,106,107,108,110,111,112,113,114,115,116,117,118,119,120,122,123,124,125,,,,,,,,,,,,,,,,,,,,,,,,,,,,,,,,,,,,,,,,,,,,,,,
bbv,5,0,1,1,1,1,1,1,1,1,1,1,875,1,1,1,1,1,1,1,1,1,875,1,1,1,1,212,212,213,28590,11,11,10,10,10,10,10,8750,10,10,10,10,10,10,10,10,10,10,35000,35000,36097,36097,36096,4813582,11,3501,1,1,1,1,1,875,1,1,1,1,1,1,1,3500,1,1,1,,,,
csv,5,0,1811675,1482088,1811669,1811735,1811797,2315976,2316001,2316022,2316072,2316090,2366951,2366986,2372169,2372199,2372214,1401293,1401302,1401306,1401394,1401396,1482030,1482033,1482049,1482055,1482059,1300024,1300052,1303158,1303149,387314167,387314200,386400148,386400175,386400189,386400281,386400305,386473880,386473883,386473901,386473913,386473950,386474009,387048027,387048051,387048121,387048160,387314148,387300995,387021816,399999847,399999975,399999767,400000015,387314185,2315959,1482125,1482134,1482138,1482229,1482274,1557730,1557942,1573484,1573528,1573555,1573598,1573600,1806263,1806244,1573567,1573582,1573584,,,,
bb_id,5,0,32,34,36,70,71,72,73,74,75,76,77,78,80,81,82,84,85,86,87,88,89,90,92,93,94,96,97,98,99,100,101,102,103,104,105,106,107,108,110,111,112,113,114,115,116,117,118,119,120,122,123,124,125,126,128,148,149,150,151,152,153,154,156,157,158,159,160,161,162,163,164,165,,,,
bbv,5,1,1,1,1,1,1,1,1,875,1,1,1,1,1,1,1,1,1,875,1,1,1,1,130,130,131,17055,11,11,10,10,10,10,10,8750,10,10,10,10,10,10,10,10,10,10,35000,35000,36221,36221,36220,4757675,3500,1,1,1,1,1,875,1,1,1,1,1,1,1,3500,,,,,,,,,,,
csv,5,1,1812207,1812319,2315993,2316047,2316084,2316107,2316113,2372045,2372064,2372187,2372211,2372227,1401340,1401358,1401362,1401424,1401456,1476562,1476565,1476915,1476967,1482063,1195975,1196003,1201917,1201888,387314179,387314481,386400210,386400291,386400313,386400367,386400411,386471294,386471297,386473889,386473931,386474007,386474015,387048033,387048063,387048101,387048103,387314163,387314143,387048015,399990936,399991004,399990836,400000035,2307463,1482712,1482773,1482786,1482883,1483004,1573472,1573476,1573492,1573548,1573581,1573630,1573648,1809019,1809017,,,,,,,,,,,
bb_id,5,1,70,71,72,73,74,75,76,77,78,80,81,82,84,85,86,87,88,89,90,92,93,94,96,97,98,99,100,101,102,103,104,105,106,107,108,110,111,112,113,114,115,116,117,118,119,120,122,123,124,125,128,148,149,150,151,152,153,154,156,157,158,159,160,161,162,,,,,,,,,,,
bbv,5,2,1,1,1,1,1,1,1,875,1,1,1,1,1,1,1,1,1,875,1,1,1,1,11,11,10,10,10,10,10,8750,10,10,10,10,10,10,10,10,10,10,35000,35000,36214,36214,36213,4811589,3500,1,1,1,1,1,875,1,1,1,1,1,1,1,3500,,,,,,,,,,,,,,,
csv,5,2,1811795,1811799,2316018,2316055,2316088,2316130,2316181,2367850,2367917,2372175,2372205,2372217,1401276,1402868,1402941,1402992,1403063,1479819,1479845,1482038,1482044,1482057,387314171,387314215,386400165,386400185,386400193,386400254,386400303,386468183,386468270,386473907,386473919,386473969,386474011,387048039,387048045,387048139,387048162,387314153,387311236,386995617,399999170,399999198,399999090,400000075,2298499,1482175,1482184,1482188,1482270,1482272,1559008,1559064,1573508,1573518,1573574,1573614,1573616,1778228,1778209,,,,,,,,,,,,,,,
bb_id,5,2,70,71,72,73,74,75,76,77,78,80,81,82,84,85,86,87,88,89,90,92,93,94,100,101,102,103,104,105,106,107,108,110,111,112,113,114,115,116,117,118,119,120,122,123,124,125,128,148,149,150,151,152,153,154,156,157,158,159,160,161,162,,,,,,,,,,,,,,,
bbv,5,3,1,1,1,1,1,1,1,875,1,1,1,1,1,1,1,1,1,875,1,1,1,1,174,174,175,23462,11,11,10,10,10,10,10,8750,10,10,10,10,10,10,10,10,10,10,35000,35000,36206,36206,36205,4773722,3500,1,1,1,1,1,875,1,1,1,1,1,1,1,3500,,,,,,,,,,,
csv,5,3,1812147,1812209,2316039,2316080,2316111,2316163,2316199,2372160,2372163,2372181,2372193,2372220,1401323,1401349,1401366,1401452,1401454,1474363,1474389,1475544,1476102,1482061,1398362,1398370,1401259,1401250,387314175,387314466,386400227,386400301,386400309,386400340,386400413,386463119,386463185,386473895,386473925,386473988,386474013,387048021,387048057,387048081,387048083,387314158,387298943,387046867,399996973,399997121,399996873,400000055,2312395,1482441,1482782,1482842,1482924,1483006,1571934,1571964,1573500,1573538,1573562,1573644,1573646,1811656,1811654,,,,,,,,,,,
bb_id,5,3,70,71,72,73,74,75,76,77,78,80,81,82,84,85,86,87,88,89,90,92,93,94,96,97,98,99,100,101,102,103,104,105,106,107,108,110,111,112,113,114,115,116,117,118,119,120,122,123,124,125,128,148,149,150,151,152,153,154,156,157,158,159,160,161,162,,,,,,,,,,,
bbv,6,0,10,10,10,10,10,10,10,8750,10,10,10,10,10,10,10,10,10,10,35000,35000,36234,36234,36234,4834979,10,,,,,,,,,,,,,,,,,,,,,,,,,,,,,,,,,,,,,,,,,,,,,,,,,,,
csv,6,0,372256036,372256150,371342013,371342040,371342054,371342085,371342087,371415745,371415748,371415754,371415784,371415815,371415874,371989904,371989910,371990021,371990023,372256028,372246926,371962820,399997134,399997182,399997094,400000030,372256050,,,,,,,,,,,,,,,,,,,,,,,,,,,,,,,,,,,,,,,,,,,,,,,,,,,
bb_id,6,0,100,101,102,103,104,105,106,107,108,110,111,112,113,114,115,116,117,118,119,120,122,123,124,125,126,,,,,,,,,,,,,,,,,,,,,,,,,,,,,,,,,,,,,,,,,,,,,,,,,,,
bbv,6,1,10,10,10,10,10,10,10,8750,10,10,10,10,10,10,10,10,10,10,35000,35000,36462,36462,36462,4791030,,,,,,,,,,,,,,,,,,,,,,,,,,,,,,,,,,,,,,,,,,,,,,,,,,,,
csv,6,1,372256044,372256080,371342104,371342158,371342199,371342316,371342362,371406454,371406583,371415766,371415796,371415853,371415880,371989898,371989928,371989984,371990084,372256023,372243696,371989880,399994828,399994856,399994768,400000050,,,,,,,,,,,,,,,,,,,,,,,,,,,,,,,,,,,,,,,,,,,,,,,,,,,,
bb_id,6,1,100,101,102,103,104,105,106,107,108,110,111,112,113,114,115,116,117,118,119,120,122,123,124,125,,,,,,,,,,,,,,,,,,,,,,,,,,,,,,,,,,,,,,,,,,,,,,,,,,,,
bbv,6,2,10,10,10,10,10,10,10,8750,10,10,10,10,10,10,10,10,10,10,35000,35000,36373,36373,36373,4831794,,,,,,,,,,,,,,,,,,,,,,,,,,,,,,,,,,,,,,,,,,,,,,,,,,,,
csv,6,2,372256032,372256095,371342030,371342050,371342058,371342148,371342191,371408854,371408857,371415760,371415790,371415872,371415876,371989886,371989916,371989946,371989948,372256013,372256008,371948798,399997114,399997190,399997085,400000010,,,,,,,,,,,,,,,,,,,,,,,,,,,,,,,,,,,,,,,,,,,,,,,,,,,,
bb_id,6,2,100,101,102,103,104,105,106,107,108,110,111,112,113,114,115,116,117,118,119,120,122,123,124,125,,,,,,,,,,,,,,,,,,,,,,,,,,,,,,,,,,,,,,,,,,,,,,,,,,,,
bbv,6,3,10,10,10,10,10,10,10,8750,10,10,10,10,10,10,10,10,10,10,35000,35000,36521,36521,36521,4815802,,,,,,,,,,,,,,,,,,,,,,,,,,,,,,,,,,,,,,,,,,,,,,,,,,,,
csv,6,3,372256040,372256065,371342121,371342168,371342195,371342226,371342318,371407087,371407090,371415772,371415778,371415834,371415878,371989892,371989922,371989966,371990082,372256018,372229560,371989593,399979295,399979571,399979166,400000070,,,,,,,,,,,,,,,,,,,,,,,,,,,,,,,,,,,,,,,,,,,,,,,,,,,,
bb_id,6,3,100,101,102,103,104,105,106,107,108,110,111,112,113,114,115,116,117,118,119,120,122,123,124,125,,,,,,,,,,,,,,,,,,,,,,,,,,,,,,,,,,,,,,,,,,,,,,,,,,,,
bbv,7,0,1,1,1,1,1,1,1,1,1,1,875,1,1,1,1,1,1,1,1,1,1,875,1,1,1,1,3500,3500,3500,466836,10,10,10,10,10,10,10,8750,10,10,10,10,10,10,10,10,10,10,35000,35000,33030,33030,33030,4403582,10,3501,1,1,1,1,1,875,1,1,1,1,1,1,1,3500,1,1,1,,,
csv,7,0,202717480,202387893,202717474,202717540,202717726,203221781,203221806,203221822,203221839,203221841,203271412,203271447,203277974,203278004,203278022,164727040,202307159,202307168,202307184,202307300,202307302,202387835,202387838,202387854,202387860,202387862,201868052,201868180,201873229,201873180,395749002,395749120,394834983,394835010,394835024,394835055,394835084,394908715,394908718,394908742,394908748,394908785,394908844,395482856,395482886,395482916,395482974,395748988,395744551,395461735,399994317,399994385,399994277,400000042,395749012,203218812,202387976,202387985,202387993,202388075,202388077,202479247,202479251,202479297,202479323,202479360,202479419,202479421,202717461,202717459,202479372,202479373,202479389,,,
bb_id,7,0,32,34,36,70,71,72,73,74,75,76,77,78,80,81,82,83,84,85,86,87,88,89,90,92,93,94,96,97,98,99,100,101,102,103,104,105,106,107,108,110,111,112,113,114,115,116,117,118,119,120,122,123,124,125,126,128,148,149,150,151,152,153,154,156,157,158,159,160,161,162,163,164,165,,,
bbv,7,1,1,1,1,1,1,1,1,875,1,1,1,1,1,1,1,1,1,1,875,1,1,1,1,3500,3500,3500,459781,10,10,10,10,10,10,10,8750,10,10,10,10,10,10,10,10,10,10,35000,35000,32743,32743,32743,4300286,3500,1,1,1,1,1,875,1,1,1,1,1,1,1,3500,,,,,,,,,,
csv,7,1,202717720,202717724,203221894,203221950,203222014,203222047,203222098,203277965,203277968,203277992,203278016,203278032,164726956,202307081,202307124,202307172,202307212,202307242,202387619,202387622,202387843,202387849,202387868,202305267,202305275,202307064,202307055,395749020,395749065,394835103,394835140,394835190,394835286,394835290,394901653,394901656,394908724,394908766,394908823,394908850,395482868,395482898,395482970,395482978,395748998,395745805,395482850,399997834,399997942,399997734,400000002,203219928,202388214,202388249,202388257,202388703,202388863,202479277,202479281,202479289,202479353,202479387,202479534,202479572,202698723,202698636,,,,,,,,,,
bb_id,7,1,70,71,72,73,74,75,76,77,78,80,81,82,83,84,85,86,87,88,89,90,92,93,94,96,97,98,99,100,101,102,103,104,105,106,107,108,110,111,112,113,114,115,116,117,118,119,120,122,123,124,125,128,148,149,150,151,152,153,154,156,157,158,159,160,161,162,,,,,,,,,,
bbv,7,2,1,1,1,1,1,1,1,875,1,1,1,1,1,1,1,1,1,1,875,1,1,1,1,3500,3500,3500,464982,10,10,10,10,10,10,10,8750,10,10,10,10,10,10,10,10,10,10,35000,35000,32782,32782,32782,4356721,3500,1,1,1,1,1,875,1,1,1,1,1,1,1,3500,,,,,,,,,,
csv,7,2,202717600,202717728,203221798,203221814,203221818,203221858,203221860,203272039,203272042,203277980,203278010,203278019,164727026,202307098,202307142,202307180,202307272,202307304,202383273,202383483,202384687,202385314,202387864,199621260,199621348,199626428,199626399,395749006,395749035,394835000,394835020,394835028,394835082,394835086,394902601,394903024,394908736,394908754,394908842,394908846,395482862,395482892,395482934,395482976,395748983,395748978,395432707,399982332,399982440,399982172,400000062,203198868,202387930,202387939,202387989,202388034,202388079,202466477,202466611,202479305,202479333,202479367,202479403,202479405,202689337,202689301,,,,,,,,,,
bb_id,7,2,70,71,72,73,74,75,76,77,78,80,81,82,83,84,85,86,87,88,89,90,92,93,94,96,97,98,99,100,101,102,103,104,105,106,107,108,110,111,112,113,114,115,116,117,118,119,120,122,123,124,125,128,148,149,150,151,152,153,154,156,157,158,159,160,161,162,,,,,,,,,,
bbv,7,3,1,1,1,1,1,1,1,875,1,1,1,1,1,1,1,1,1,1,875,1,1,1,1,3500,3500,3500,461505,10,10,10,10,10,10,10,8750,10,10,10,10,10,10,10,10,10,10,35000,35000,32691,32691,32691,4311997,3500,1,1,1,1,1,875,1,1,1,1,1,1,1,3500,,,,,,,,,,
csv,7,3,202717660,202717722,203221877,203221958,203222010,203222064,203222100,203277002,203277021,203277986,203277998,203278029,164726937,202307115,202307133,202307176,202307240,202307244,202384518,202384682,202386308,202387697,202387866,202270354,202270382,202276148,202276119,395749016,395749050,394835120,394835130,394835186,394835259,394835288,394899907,394899973,394908730,394908760,394908804,394908848,395482874,395482880,395482952,395482972,395748993,395737312,395480841,399992320,399992408,399992220,400000022,203221764,202388116,202388177,202388253,202388662,202388861,202465589,202465671,202479313,202479343,202479380,202479520,202479570,202716592,202716590,,,,,,,,,,
bb_id,7,3,70,71,72,73,74,75,76,77,78,80,81,82,83,84,85,86,87,88,89,90,92,93,94,96,97,98,99,100,101,102,103,104,105,106,107,108,110,111,112,113,114,115,116,117,118,119,120,122,123,124,125,128,148,149,150,151,152,153,154,156,157,158,159,160,161,162,,,,,,,,,,
bbv,8,0,10,10,10,10,10,10,10,8750,10,10,10,10,10,10,10,10,10,10,35000,35000,36264,36264,36264,4838159,10,,,,,,,,,,,,,,,,,,,,,,,,,,,,,,,,,,,,,,,,,,,,,,,,,,,
csv,8,0,380690884,380690913,379776861,379776871,379776892,379776933,379776935,379850593,379850596,379850614,379850626,379850663,379850722,380424734,380424764,380424873,380424932,380690866,380685574,380398283,399994698,399994786,399994658,400000063,380690898,,,,,,,,,,,,,,,,,,,,,,,,,,,,,,,,,,,,,,,,,,,,,,,,,,,
bb_id,8,0,100,101,102,103,104,105,106,107,108,110,111,112,113,114,115,116,117,118,119,120,122,123,124,125,126,,,,,,,,,,,,,,,,,,,,,,,,,,,,,,,,,,,,,,,,,,,,,,,,,,,
bbv,8,1,10,10,10,10,10,10,10,8750,10,10,10,10,10,10,10,10,10,10,35000,35000,36436,36436,36436,4785664,,,,,,,,,,,,,,,,,,,,,,,,,,,,,,,,,,,,,,,,,,,,,,,,,,,,
csv,8,1,380690888,380690943,379777010,379777070,379777074,379777208,379777315,379844011,379844245,379850620,379850644,379850701,379850728,380424752,380424776,380424814,380424834,380690871,380682534,380420218,399991361,399991469,399991321,400000023,,,,,,,,,,,,,,,,,,,,,,,,,,,,,,,,,,,,,,,,,,,,,,,,,,,,
bb_id,8,1,100,101,102,103,104,105,106,107,108,110,111,112,113,114,115,116,117,118,119,120,122,123,124,125,,,,,,,,,,,,,,,,,,,,,,,,,,,,,,,,,,,,,,,,,,,,,,,,,,,,
bbv,8,2,10,10,10,10,10,10,10,8750,10,10,10,10,10,10,10,10,10,10,35000,35000,36449,36449,36449,4840148,,,,,,,,,,,,,,,,,,,,,,,,,,,,,,,,,,,,,,,,,,,,,,,,,,,,
csv,8,2,380690880,380690958,379776888,379776902,379776906,379776989,379777060,379844983,379845301,379850602,379850632,379850720,379850724,380424740,380424758,380424832,380424855,380690861,380690856,380374216,399997315,399997403,399997275,400000003,,,,,,,,,,,,,,,,,,,,,,,,,,,,,,,,,,,,,,,,,,,,,,,,,,,,
bb_id,8,2,100,101,102,103,104,105,106,107,108,110,111,112,113,114,115,116,117,118,119,120,122,123,124,125,,,,,,,,,,,,,,,,,,,,,,,,,,,,,,,,,,,,,,,,,,,,,,,,,,,,
bbv,8,3,10,10,10,10,10,10,10,8750,10,10,10,10,10,10,10,10,10,10,35000,35000,36490,36490,36490,4809543,,,,,,,,,,,,,,,,,,,,,,,,,,,,,,,,,,,,,,,,,,,,,,,,,,,,
csv,8,3,380690892,380690928,379776952,379776962,379776993,379777037,379777181,379844095,379844248,379850608,379850638,379850682,379850726,380424746,380424770,380424794,380424796,380690876,380668854,380424728,399989484,399989572,399989444,400000043,,,,,,,,,,,,,,,,,,,,,,,,,,,,,,,,,,,,,,,,,,,,,,,,,,,,
bb_id,8,3,100,101,102,103,104,105,106,107,108,110,111,112,113,114,115,116,117,118,119,120,122,123,124,125,,,,,,,,,,,,,,,,,,,,,,,,,,,,,,,,,,,,,,,,,,,,,,,,,,,,
bbv,9,0,1,3081,3081,3080,410696,9,9,10,10,10,10,10,8750,10,10,10,10,10,10,10,10,10,10,35000,35000,33375,33375,33376,4451498,9,,,,,,,,,,,,,,,,,,,,,,,,,,,,,,,,,,,,,,,,,,,,,,
csv,9,0,365632781,399997285,399997313,399997145,400000070,327138567,327138654,364718765,364718813,364718864,364718893,364719043,364792470,364792473,364792497,364792521,364792540,364792599,365366611,365366641,365366709,365366750,365632743,365632733,365337331,364716704,364716712,364718721,364718712,327138581,,,,,,,,,,,,,,,,,,,,,,,,,,,,,,,,,,,,,,,,,,,,,,
bb_id,9,0,83,96,97,98,99,100,101,102,103,104,105,106,107,108,110,111,112,113,114,115,116,117,118,119,120,122,123,124,125,126,,,,,,,,,,,,,,,,,,,,,,,,,,,,,,,,,,,,,,,,,,,,,,
bbv,9,1,1,3103,3103,3102,408256,9,9,10,10,10,10,10,8750,10,10,10,10,10,10,10,10,10,10,35000,35000,33138,33138,33139,4354395,,,,,,,,,,,,,,,,,,,,,,,,,,,,,,,,,,,,,,,,,,,,,,,
csv,9,1,365632849,399996608,399996676,399996508,400000010,327138571,327138631,364718803,364718860,364718918,364718949,364719014,364784250,364784274,364792491,364792515,364792597,364792605,365366629,365366653,365366689,365366748,365632753,365627413,365365703,363908006,363908094,363912200,363912191,,,,,,,,,,,,,,,,,,,,,,,,,,,,,,,,,,,,,,,,,,,,,,,
bb_id,9,1,83,96,97,98,99,100,101,102,103,104,105,106,107,108,110,111,112,113,114,115,116,117,118,119,120,122,123,124,125,,,,,,,,,,,,,,,,,,,,,,,,,,,,,,,,,,,,,,,,,,,,,,,
bbv,9,2,1,3491,3491,3490,463849,9,9,10,10,10,10,10,8750,10,10,10,10,10,10,10,10,10,10,35000,35000,33182,33182,33183,4408848,,,,,,,,,,,,,,,,,,,,,,,,,,,,,,,,,,,,,,,,,,,,,,,
csv,9,2,365632767,399994551,399994599,399994511,400000050,327138563,327138709,364718738,364718748,364718769,364718840,364718866,364787889,364788228,364792479,364792503,364792559,364792601,365366617,365366635,365366727,365366752,365632738,365632581,365308139,362995639,362995667,363002190,363002101,,,,,,,,,,,,,,,,,,,,,,,,,,,,,,,,,,,,,,,,,,,,,,,
bb_id,9,2,83,96,97,98,99,100,101,102,103,104,105,106,107,108,110,111,112,113,114,115,116,117,118,119,120,122,123,124,125,,,,,,,,,,,,,,,,,,,,,,,,,,,,,,,,,,,,,,,,,,,,,,,
bbv,9,3,1,3126,3126,3125,411882,9,9,10,10,10,10,10,8750,10,10,10,10,10,10,10,10,10,10,35000,35000,33092,33092,33093,4364186,,,,,,,,,,,,,,,,,,,,,,,,,,,,,,,,,,,,,,,,,,,,,,,
csv,9,3,365632835,399997582,399997610,399997482,400000030,327138575,327138596,364718786,364718850,364718922,364719041,364719213,364787403,364787469,364792485,364792509,364792578,364792603,365366623,365366647,365366671,365366691,365632748,365624050,365366605,363893672,363893760,363904337,363904308,,,,,,,,,,,,,,,,,,,,,,,,,,,,,,,,,,,,,,,,,,,,,,,
bb_id,9,3,83,96,97,98,99,100,101,102,103,104,105,106,107,108,110,111,112,113,114,115,116,117,118,119,120,122,123,124,125,,,,,,,,,,,,,,,,,,,,,,,,,,,,,,,,,,,,,,,,,,,,,,,
bbv,10,0,1,1,1,1,1,1,1,1,1,1,875,1,1,1,1,1,1,1,1,1,875,1,1,1,1,419,419,420,56140,11,11,10,10,10,10,10,8750,10,10,10,10,10,10,10,10,10,10,35000,35000,35922,35922,35921,4789600,11,3501,1,1,1,1,1,875,1,1,1,1,1,1,1,3500,1,1,1,,,,
csv,10,0,3623235,3293648,3623229,3623295,3623477,4127536,4127561,4127577,4127594,4127596,4181986,4182021,4183729,4183759,4183774,3212870,3212896,3212935,3212995,3212999,3287340,3287550,3287762,3287952,3293617,2628358,2628366,2633457,2633448,389125727,389125760,388211708,388211718,388211722,388211749,388211751,388285440,388285443,388285449,388285479,388285510,388285571,388859581,388859611,388859697,388859701,389125708,389125703,388831449,399993086,399993114,399993046,400000034,389125745,4122515,3293685,3293731,3293744,3293830,3293869,3383416,3383420,3385044,3385088,3385115,3385158,3385174,3618928,3618892,3385120,3385121,3385144,,,,
bb_id,10,0,32,34,36,70,71,72,73,74,75,76,77,78,80,81,82,84,85,86,87,88,89,90,92,93,94,96,97,98,99,100,101,102,103,104,105,106,107,108,110,111,112,113,114,115,116,117,118,119,120,122,123,124,125,126,128,148,149,150,151,152,153,154,156,157,158,159,160,161,162,163,164,165,,,,
bbv,10,1,1,1,1,1,1,1,1,875,1,1,1,1,1,1,1,1,1,875,1,1,1,1,397,397,398,51525,11,11,10,10,10,10,10,8750,10,10,10,10,10,10,10,10,10,10,35000,35000,36045,36045,36044,4734667,3500,1,1,1,1,1,875,1,1,1,1,1,1,1,3500,,,,,,,,,,,
csv,10,1,3623475,3623591,4127649,4127665,4127705,4127739,4127789,4182085,4182104,4183747,4183771,4183783,3212853,3212923,3212927,3213055,3213059,3293590,3293593,3293609,3293615,3293623,3200602,3200630,3204219,3204190,389125739,389125833,388211768,388211826,388211913,388211940,388212013,388272222,388272456,388285461,388285491,388285548,388285575,388859599,388859623,388859677,388859703,389125723,389118920,388859575,399989135,399989183,399989095,400000074,4126907,3293867,3293926,3293986,3294172,3294280,3378108,3378216,3385052,3385108,3385142,3385323,3385359,3620681,3620662,,,,,,,,,,,
bb_id,10,1,70,71,72,73,74,75,76,77,78,80,81,82,84,85,86,87,88,89,90,92,93,94,96,97,98,99,100,101,102,103,104,105,106,107,108,110,111,112,113,114,115,116,117,118,119,120,122,123,124,125,128,148,149,150,151,152,153,154,156,157,158,159,160,161,162,,,,,,,,,,,
bbv,10,2,1,1,1,1,1,1,1,875,1,1,1,1,1,1,1,1,1,875,1,1,1,1,9,9,10,1133,11,11,10,10,10,10,10,8750,10,10,10,10,10,10,10,10,10,10,35000,35000,36031,36031,36030,4787469,3500,1,1,1,1,1,875,1,1,1,1,1,1,1,3500,,,,,,,,,,,
csv,10,2,3623355,3623479,4127553,4127569,4127573,4127613,4127615,4180463,4180514,4183735,4183765,4183777,3212887,3212905,3212939,3212967,3212997,3282473,3282867,3284482,3284741,3293619,96041,96069,103032,102983,389125731,389125775,388211802,388211812,388211816,388211863,388211990,388279053,388279287,388285455,388285485,388285567,388285569,388859587,388859617,388859641,388859699,389125713,389120554,388810744,399992569,399992597,399992449,400000054,4100663,3293722,3293740,3293748,3293789,3293871,3368172,3368202,3385068,3385078,3385128,3385172,3385176,3591828,3591809,,,,,,,,,,,
bb_id,10,2,70,71,72,73,74,75,76,77,78,80,81,82,84,85,86,87,88,89,90,92,93,94,96,97,98,99,100,101,102,103,104,105,106,107,108,110,111,112,113,114,115,116,117,118,119,120,122,123,124,125,128,148,149,150,151,152,153,154,156,157,158,159,160,161,162,,,,,,,,,,,
bbv,10,3,1,1,1,1,1,1,1,875,1,1,1,1,1,1,1,1,1,875,1,1,1,1,374,374,375,49623,11,11,10,10,10,10,10,8750,10,10,10,10,10,10,10,10,10,10,35000,35000,36067,36067,36066,4755499,3500,1,1,1,1,1,875,1,1,1,1,1,1,1,3500,,,,,,,,,,,
csv,10,3,3623415,3623589,4127632,4127657,4127701,4127722,4127791,4183720,4183723,4183741,4183753,4183780,3212836,3212914,3212931,3213027,3213057,3293058,3293084,3293598,3293604,3293621,3209922,3209930,3212819,3212810,389125735,389125818,388211785,388211836,388211909,388211967,388212015,388275942,388276008,388285467,388285473,388285529,388285573,388859593,388859605,388859659,388859679,389125718,389104708,388858304,399989432,399989520,399989392,400000014,4127519,3293908,3293917,3293982,3294131,3294278,3385032,3385036,3385060,3385098,3385135,3385309,3385361,3623216,3623214,,,,,,,,,,,
bb_id,10,3,70,71,72,73,74,75,76,77,78,80,81,82,84,85,86,87,88,89,90,92,93,94,96,97,98,99,100,101,102,103,104,105,106,107,108,110,111,112,113,114,115,116,117,118,119,120,122,123,124,125,128,148,149,150,151,152,153,154,156,157,158,159,160,161,162,,,,,,,,,,,
bbv,11,0,10,10,10,10,10,10,10,8750,10,10,10,10,10,10,10,10,10,10,35000,35000,36320,36320,36320,4847731,10,,,,,,,,,,,,,,,,,,,,,,,,,,,,,,,,,,,,,,,,,,,,,,,,,,,
csv,11,0,374067597,374067671,373153591,373153601,373153615,373153646,373153648,373227306,373227309,373227327,373227339,373227376,373227416,373801447,373801477,373801507,373801563,374067579,374064073,373801441,399989998,399990086,399989918,400000054,374067611,,,,,,,,,,,,,,,,,,,,,,,,,,,,,,,,,,,,,,,,,,,,,,,,,,,
bb_id,11,0,100,101,102,103,104,105,106,107,108,110,111,112,113,114,115,116,117,118,119,120,122,123,124,125,126,,,,,,,,,,,,,,,,,,,,,,,,,,,,,,,,,,,,,,,,,,,,,,,,,,,
bbv,11,1,10,10,10,10,10,10,10,8750,10,10,10,10,10,10,10,10,10,10,35000,35000,36387,36387,36387,4781005,,,,,,,,,,,,,,,,,,,,,,,,,,,,,,,,,,,,,,,,,,,,,,,,,,,,
csv,11,1,374067605,374067656,373153682,373153750,373153808,373153921,373154028,373218711,373218777,373227315,373227357,373227414,373227420,373801465,373801489,373801561,373801569,374067589,374056416,373734980,399992372,399992400,399992292,400000014,,,,,,,,,,,,,,,,,,,,,,,,,,,,,,,,,,,,,,,,,,,,,,,,,,,,
bb_id,11,1,100,101,102,103,104,105,106,107,108,110,111,112,113,114,115,116,117,118,119,120,122,123,124,125,,,,,,,,,,,,,,,,,,,,,,,,,,,,,,,,,,,,,,,,,,,,,,,,,,,,
bbv,11,2,10,10,10,10,10,10,10,8750,10,10,10,10,10,10,10,10,10,10,35000,35000,36482,36482,36482,4845646,,,,,,,,,,,,,,,,,,,,,,,,,,,,,,,,,,,,,,,,,,,,,,,,,,,,
csv,11,2,374067593,374067626,373153574,373153611,373153619,373153709,373153777,373219911,373220229,373227333,373227351,373227439,373227441,373801453,373801483,373801525,373801565,374067574,374067569,373750847,399997326,399997394,399997246,400000074,,,,,,,,,,,,,,,,,,,,,,,,,,,,,,,,,,,,,,,,,,,,,,,,,,,,
bb_id,11,2,100,101,102,103,104,105,106,107,108,110,111,112,113,114,115,116,117,118,119,120,122,123,124,125,,,,,,,,,,,,,,,,,,,,,,,,,,,,,,,,,,,,,,,,,,,,,,,,,,,,
bbv,11,3,10,10,10,10,10,10,10,8750,10,10,10,10,10,10,10,10,10,10,35000,35000,36393,36393,36393,4799238,,,,,,,,,,,,,,,,,,,,,,,,,,,,,,,,,,,,,,,,,,,,,,,,,,,,
csv,11,3,374067601,374067641,373153665,373153740,373153754,373153804,373153810,373217280,373217304,373227321,373227345,373227395,373227418,373801459,373801471,373801543,373801567,374067584,374059893,373733258,399995529,399995597,399995409,400000034,,,,,,,,,,,,,,,,,,,,,,,,,,,,,,,,,,,,,,,,,,,,,,,,,,,,
bb_id,11,3,100,101,102,103,104,105,106,107,108,110,111,112,113,114,115,116,117,118,119,120,122,123,124,125,,,,,,,,,,,,,,,,,,,,,,,,,,,,,,,,,,,,,,,,,,,,,,,,,,,,
bbv,12,0,1,1,1,1,1,1,1,1,1,1,875,1,1,1,1,1,1,1,1,1,1,875,1,1,1,1,3500,3500,3500,466836,10,10,10,10,10,10,10,8750,10,10,10,10,10,10,10,10,10,10,35000,35000,32975,32975,32975,4395009,10,3501,1,1,1,1,1,875,1,1,1,1,1,1,1,3500,1,1,1,1,,
csv,12,0,204529052,204199450,204529046,204529112,204529294,205033353,205033428,205033448,205033465,205033524,205085691,205085694,205089558,205089576,205089591,166538527,204118638,204118647,204118711,204118761,204118801,204199403,204199406,204199411,204199417,204199421,204116604,204116612,204118621,204118612,397560578,397560680,396646555,396646565,396646569,396646681,396646772,396720287,396720290,396720296,396720326,396720357,396720416,397294434,397294452,397294567,397294645,397560560,397560531,397268838,399991083,399991151,399991043,400000025,397560584,205031608,204199487,204199496,204199537,204199628,204199680,204290834,204290838,204290854,204290880,204290917,204321368,204321523,204512250,204512163,204290922,204321269,204290950,204321250,,
bb_id,12,0,32,34,36,70,71,72,73,74,75,76,77,78,80,81,82,83,84,85,86,87,88,89,90,92,93,94,96,97,98,99,100,101,102,103,104,105,106,107,108,110,111,112,113,114,115,116,117,118,119,120,122,123,124,125,126,128,148,149,150,151,152,153,154,156,157,158,159,160,161,162,163,165,166,167,,
bbv,12,1,1,1,1,1,1,1,1,875,1,1,1,1,1,1,1,1,1,1,875,1,1,1,1,3500,3500,3500,459781,10,10,10,10,10,10,10,8750,10,10,10,10,10,10,10,10,10,10,35000,35000,32807,32807,32807,4308641,3500,1,1,1,1,1,875,1,1,1,1,1,1,1,3500,,,,,,,,,,
csv,12,1,204529292,204529300,205033404,205033440,205033503,205033522,205033592,205088606,205088625,205089546,205089588,205089608,166538541,204118690,204118724,204118793,204118880,204118884,204187148,204187243,204188375,204189048,204199423,203382670,203382698,203388787,203388698,397560592,397560665,396646620,396646654,396646716,396646770,396647072,396718079,396718082,396720302,396720338,396720414,396720422,397294446,397294470,397294508,397294528,397560570,397550176,397292618,399989646,399989754,399989526,400000065,205031680,204199719,204199728,204199736,204199829,204199831,204278654,204278684,204290870,204290910,204290943,204291113,204291200,204515499,204515480,,,,,,,,,,
bb_id,12,1,70,71,72,73,74,75,76,77,78,80,81,82,83,84,85,86,87,88,89,90,92,93,94,96,97,98,99,100,101,102,103,104,105,106,107,108,110,111,112,113,114,115,116,117,118,119,120,122,123,124,125,128,148,149,150,151,152,153,154,156,157,158,159,160,161,162,,,,,,,,,,
bbv,12,2,1,1,1,1,1,1,1,875,1,1,1,1,1,1,1,1,1,1,875,1,1,1,1,3500,3500,3500,464982,10,10,10,10,10,10,10,8750,10,10,10,10,10,10,10,10,10,10,35000,35000,32711,32711,32711,4346819,3500,1,1,1,1,1,875,1,1,1,1,1,1,1,3500,,,,,,,,,,
csv,12,2,204529172,204529296,205033370,205033420,205033432,205033482,205033526,205084904,205084955,205089564,205089570,205089594,166538513,204118664,204118673,204118715,204118789,204118799,204193616,204193987,204197281,204199196,204199419,202406070,202406138,202412321,202412232,397560574,397560607,396646586,396646630,396646634,396646708,396646774,396715028,396715262,396720308,396720332,396720376,396720418,397294428,397294458,397294526,397294549,397560555,397560550,397251618,399991860,399991968,399991740,400000005,205013464,204199533,204199546,204199550,204199669,204199682,204289660,204289690,204290846,204290890,204290929,204290964,204290966,204463611,204463558,,,,,,,,,,
bb_id,12,2,70,71,72,73,74,75,76,77,78,80,81,82,83,84,85,86,87,88,89,90,92,93,94,96,97,98,99,100,101,102,103,104,105,106,107,108,110,111,112,113,114,115,116,117,118,119,120,122,123,124,125,128,148,149,150,151,152,153,154,156,157,158,159,160,161,162,,,,,,,,,,
bbv,12,3,1,1,1,1,1,1,1,875,1,1,1,1,1,1,1,1,1,1,875,1,1,1,1,3500,3500,3500,461505,10,10,10,10,10,10,10,8750,10,10,10,10,10,10,10,10,10,10,35000,35000,32777,32777,32777,4322072,3500,1,1,1,1,1,875,1,1,1,1,1,1,1,3500,,,,,,,,,,
csv,12,3,204529232,204529298,205033387,205033412,205033444,205033499,205033505,205089537,205089540,205089552,205089582,205089605,166538499,204118707,204118733,204118797,204118852,204118882,204192475,204192547,204192690,204192765,204199425,203739915,203739923,203746974,203746965,397560588,397560650,396646603,396646644,396646712,396646743,396647070,396717299,396717575,396720314,396720320,396720395,396720420,397294440,397294464,397294488,397294490,397560565,397537807,397294422,399992137,399992165,399992097,400000045,205033336,204199587,204199678,204199732,204199872,204199926,204287888,204287892,204290862,204290900,204290936,204291099,204291202,204529033,204529031,,,,,,,,,,
bb_id,12,3,70,71,72,73,74,75,76,77,78,80,81,82,83,84,85,86,87,88,89,90,92,93,94,96,97,98,99,100,101,102,103,104,105,106,107,108,110,111,112,113,114,115,116,117,118,119,120,122,123,124,125,128,148,149,150,151,152,153,154,156,157,158,159,160,161,162,,,,,,,,,,
bbv,13,0,10,10,10,10,10,10,10,8750,10,10,10,10,10,10,10,10,10,10,35000,35000,36301,36301,36301,4843411,10,,,,,,,,,,,,,,,,,,,,,,,,,,,,,,,,,,,,,,,,,,,,,,,,,,,
csv,13,0,382502453,382502532,381588430,381588440,381588444,381588471,381588473,381662162,381662165,381662183,381662195,381662232,381662291,382236321,382236327,382236478,382236520,382502435,382493096,382210549,399991040,399991108,399991000,400000022,382502467,,,,,,,,,,,,,,,,,,,,,,,,,,,,,,,,,,,,,,,,,,,,,,,,,,,
bb_id,13,0,100,101,102,103,104,105,106,107,108,110,111,112,113,114,115,116,117,118,119,120,122,123,124,125,126,,,,,,,,,,,,,,,,,,,,,,,,,,,,,,,,,,,,,,,,,,,,,,,,,,,
bbv,13,1,10,10,10,10,10,10,10,8750,10,10,10,10,10,10,10,10,10,10,35000,35000,36429,36429,36429,4785694,,,,,,,,,,,,,,,,,,,,,,,,,,,,,,,,,,,,,,,,,,,,,,,,,,,,
csv,13,1,382502461,382502482,381588521,381588573,381588577,381588604,381588671,381651569,381651593,381662177,381662207,381662270,381662297,382236309,382236345,382236383,382236404,382502445,382500202,382234411,399991937,399992005,399991817,400000062,,,,,,,,,,,,,,,,,,,,,,,,,,,,,,,,,,,,,,,,,,,,,,,,,,,,
bb_id,13,1,100,101,102,103,104,105,106,107,108,110,111,112,113,114,115,116,117,118,119,120,122,123,124,125,,,,,,,,,,,,,,,,,,,,,,,,,,,,,,,,,,,,,,,,,,,,,,,,,,,,
bbv,13,2,10,10,10,10,10,10,10,8750,10,10,10,10,10,10,10,10,10,10,35000,35000,36459,36459,36459,4843384,,,,,,,,,,,,,,,,,,,,,,,,,,,,,,,,,,,,,,,,,,,,,,,,,,,,
csv,13,2,382502449,382502547,381588490,381588500,381588504,381588631,381588729,381656279,381656303,381662171,381662201,381662289,381662293,382236315,382236333,382236422,382236480,382502430,382502425,382178405,399990563,399990631,399990483,400000042,,,,,,,,,,,,,,,,,,,,,,,,,,,,,,,,,,,,,,,,,,,,,,,,,,,,
bb_id,13,2,100,101,102,103,104,105,106,107,108,110,111,112,113,114,115,116,117,118,119,120,122,123,124,125,,,,,,,,,,,,,,,,,,,,,,,,,,,,,,,,,,,,,,,,,,,,,,,,,,,,
bbv,13,3,10,10,10,10,10,10,10,8750,10,10,10,10,10,10,10,10,10,10,35000,35000,36417,36417,36417,4801086,,,,,,,,,,,,,,,,,,,,,,,,,,,,,,,,,,,,,,,,,,,,,,,,,,,,
csv,13,3,382502457,382502517,381588669,381588681,381588706,381589008,381589094,381654764,381654767,381662189,381662213,381662251,381662295,382236303,382236339,382236363,382236365,382502440,382497143,382236297,399993494,399993522,399993314,400000002,,,,,,,,,,,,,,,,,,,,,,,,,,,,,,,,,,,,,,,,,,,,,,,,,,,,
bb_id,13,3,100,101,102,103,104,105,106,107,108,110,111,112,113,114,115,116,117,118,119,120,122,123,124,125,,,,,,,,,,,,,,,,,,,,,,,,,,,,,,,,,,,,,,,,,,,,,,,,,,,,
bbv,14,0,1,2855,2855,2854,380537,9,9,10,10,10,10,10,8750,10,10,10,10,10,10,10,10,10,10,35000,35000,33482,33482,33483,4466049,9,,,,,,,,,,,,,,,,,,,,,,,,,,,,,,,,,,,,,,,,,,,,,,
csv,14,0,367444351,399985993,399986101,399985893,400000046,328950137,328950166,366530308,366530318,366530322,366530349,366530351,366604040,366604043,366604049,366604079,366604110,366604150,367178181,367178217,367178298,367178377,367444313,367439401,367130082,366528274,366528282,366530291,366530282,328950151,,,,,,,,,,,,,,,,,,,,,,,,,,,,,,,,,,,,,,,,,,,,,,
bb_id,14,0,83,96,97,98,99,100,101,102,103,104,105,106,107,108,110,111,112,113,114,115,116,117,118,119,120,122,123,124,125,126,,,,,,,,,,,,,,,,,,,,,,,,,,,,,,,,,,,,,,,,,,,,,,
bbv,14,1,1,3047,3047,3046,400337,9,9,10,10,10,10,10,8750,10,10,10,10,10,10,10,10,10,10,35000,35000,33332,33332,33333,4379043,,,,,,,,,,,,,,,,,,,,,,,,,,,,,,,,,,,,,,,,,,,,,,,
csv,14,1,367444601,399999518,399999586,399999478,400000006,328950145,328950327,366530385,366530436,366530461,366530492,366530632,366601475,366601478,366604067,366604091,366604129,366604173,367178193,367178223,367178261,367178337,367444323,367436893,367099742,365376848,365376856,365383339,365383330,,,,,,,,,,,,,,,,,,,,,,,,,,,,,,,,,,,,,,,,,,,,,,,
bb_id,14,1,83,96,97,98,99,100,101,102,103,104,105,106,107,108,110,111,112,113,114,115,116,117,118,119,120,122,123,124,125,,,,,,,,,,,,,,,,,,,,,,,,,,,,,,,,,,,,,,,,,,,,,,,
bbv,14,2,1,3216,3216,3215,426677,9,9,10,10,10,10,10,8750,10,10,10,10,10,10,10,10,10,10,35000,35000,33317,33317,33318,4425782,,,,,,,,,,,,,,,,,,,,,,,,,,,,,,,,,,,,,,,,,,,,,,,
csv,14,2,367444337,399988707,399988815,399988607,400000026,328950133,328950181,366530368,366530412,366530416,366530519,366530657,366598868,366598976,366604061,366604073,366604148,366604152,367178187,367178211,367178316,367178379,367444308,367444303,367178175,365605528,365605556,365609079,365609050,,,,,,,,,,,,,,,,,,,,,,,,,,,,,,,,,,,,,,,,,,,,,,,
bb_id,14,2,83,96,97,98,99,100,101,102,103,104,105,106,107,108,110,111,112,113,114,115,116,117,118,119,120,122,123,124,125,,,,,,,,,,,,,,,,,,,,,,,,,,,,,,,,,,,,,,,,,,,,,,,
bbv,14,3,1,3021,3021,3020,397778,9,9,10,10,10,10,10,8750,10,10,10,10,10,10,10,10,10,10,35000,35000,33346,33346,33347,4397355,,,,,,,,,,,,,,,,,,,,,,,,,,,,,,,,,,,,,,,,,,,,,,,
csv,14,3,367444615,399995601,399995629,399995501,400000066,328950141,328950312,366530402,366530426,366530465,366530609,366530634,366595841,366596033,366604055,366604085,366604171,366604175,367178199,367178205,367178241,367178243,367444318,367424087,367102612,364572105,364572133,364580593,364580464,,,,,,,,,,,,,,,,,,,,,,,,,,,,,,,,,,,,,,,,,,,,,,,
bb_id,14,3,83,96,97,98,99,100,101,102,103,104,105,106,107,108,110,111,112,113,114,115,116,117,118,119,120,122,123,124,125,,,,,,,,,,,,,,,,,,,,,,,,,,,,,,,,,,,,,,,,,,,,,,,
bbv,15,0,1,1,1,1,1,1,1,1,1,1,875,1,1,1,1,1,1,1,1,1,875,1,1,1,1,645,645,646,86299,11,11,10,10,10,10,10,8750,10,10,10,10,10,10,10,10,10,10,35000,35000,35801,35801,35800,4773355,11,3501,1,1,1,1,1,875,1,1,1,1,1,1,1,3500,1,1,1,,,,
csv,15,0,5434809,5105222,5434803,5434869,5434931,5939110,5939135,5939139,5939164,5939166,5990869,5990968,5995321,5995333,5995348,5024470,5024496,5024513,5024625,5024633,5105175,5105178,5105183,5105189,5105191,5022376,5022384,5024393,5024384,390937304,390937349,390023282,390023292,390023296,390023323,390023325,390097014,390097017,390097023,390097059,390097084,390097143,390671155,390671197,390671215,390671271,390937287,390937277,390646508,399997967,399998035,399997927,400000015,390937319,5939093,5105259,5105268,5105272,5105363,5105408,5190076,5190080,5196618,5196652,5196689,5196746,5196750,5434790,5434788,5196701,5196702,5196732,,,,
bb_id,15,0,32,34,36,70,71,72,73,74,75,76,77,78,80,81,82,84,85,86,87,88,89,90,92,93,94,96,97,98,99,100,101,102,103,104,105,106,107,108,110,111,112,113,114,115,116,117,118,119,120,122,123,124,125,126,128,148,149,150,151,152,153,154,156,157,158,159,160,161,162,163,164,165,,,,
bbv,15,1,1,1,1,1,1,1,1,875,1,1,1,1,1,1,1,1,1,875,1,1,1,1,453,453,454,59444,11,11,10,10,10,10,10,8750,10,10,10,10,10,10,10,10,10,10,35000,35000,35848,35848,35847,4709453,3500,1,1,1,1,1,875,1,1,1,1,1,1,1,3500,,,,,,,,,,,
csv,15,1,5436025,5436461,5939220,5939269,5939343,5939393,5939445,5994827,5994846,5995303,5995345,5995361,5024427,5024445,5024449,5024569,5024629,5100449,5100475,5103559,5104117,5105197,4796021,4796109,4802075,4802046,390937313,390937379,390023342,390023469,390023510,390023629,390023715,390085707,390085920,390097029,390097065,390097122,390097149,390671167,390671191,390671269,390671275,390937309,390933040,390669632,399995190,399995258,399995150,400000055,5931605,5105612,5105630,5105712,5105861,5105984,5196606,5196610,5196642,5196682,5196709,5196968,5197020,5429025,5429023,,,,,,,,,,,
bb_id,15,1,70,71,72,73,74,75,76,77,78,80,81,82,84,85,86,87,88,89,90,92,93,94,96,97,98,99,100,101,102,103,104,105,106,107,108,110,111,112,113,114,115,116,117,118,119,120,122,123,124,125,128,148,149,150,151,152,153,154,156,157,158,159,160,161,162,,,,,,,,,,,
bbv,15,2,1,1,1,1,1,1,1,875,1,1,1,1,1,1,1,1,1,875,1,1,1,1,284,284,285,38305,11,11,10,10,10,10,10,8750,10,10,10,10,10,10,10,10,10,10,35000,35000,35885,35885,35884,4768004,3500,1,1,1,1,1,875,1,1,1,1,1,1,1,3500,,,,,,,,,,,
csv,15,2,5434929,5434933,5939127,5939147,5939170,5939237,5939287,5994728,5994731,5995309,5995327,5995351,5024487,5024505,5024509,5024597,5024631,5097658,5097684,5099943,5100734,5105193,2892222,2892315,2899781,2899672,390937300,390937364,390023376,390023407,390023411,390023459,390023502,390090123,390090462,390097035,390097053,390097103,390097145,390671173,390671179,390671233,390671273,390937282,390936441,390623753,399994633,399994681,399994593,400000035,5901041,5105309,5105318,5105322,5105404,5105406,5177900,5177982,5196626,5196662,5196696,5196730,5196748,5400308,5400289,,,,,,,,,,,
bb_id,15,2,70,71,72,73,74,75,76,77,78,80,81,82,84,85,86,87,88,89,90,92,93,94,96,97,98,99,100,101,102,103,104,105,106,107,108,110,111,112,113,114,115,116,117,118,119,120,122,123,124,125,128,148,149,150,151,152,153,154,156,157,158,159,160,161,162,,,,,,,,,,,
bbv,15,3,1,1,1,1,1,1,1,875,1,1,1,1,1,1,1,1,1,875,1,1,1,1,479,479,480,63727,11,11,10,10,10,10,10,8750,10,10,10,10,10,10,10,10,10,10,35000,35000,35842,35842,35841,4727119,3500,1,1,1,1,1,875,1,1,1,1,1,1,1,3500,,,,,,,,,,,
csv,15,3,5435965,5436459,5939203,5939261,5939339,5939376,5939443,5995294,5995297,5995315,5995339,5995358,5024410,5024436,5024453,5024541,5024627,5101125,5101128,5102605,5103508,5105195,4936974,4936982,4943748,4943739,390937296,390937334,390023359,390023479,390023506,390023537,390023602,390087768,390087771,390097041,390097047,390097141,390097147,390671161,390671185,390671251,390671277,390937292,390921754,390671149,399992236,399992264,399992196,400000075,5934305,5105575,5105621,5105716,5105902,5105982,5187498,5187528,5196634,5196672,5196716,5196982,5197018,5423821,5423768,,,,,,,,,,,
bb_id,15,3,70,71,72,73,74,75,76,77,78,80,81,82,84,85,86,87,88,89,90,92,93,94,96,97,98,99,100,101,102,103,104,105,106,107,108,110,111,112,113,114,115,116,117,118,119,120,122,123,124,125,128,148,149,150,151,152,153,154,156,157,158,159,160,161,162,,,,,,,,,,,
bbv,16,0,10,10,10,10,10,10,10,8750,10,10,10,10,10,10,10,10,10,10,35000,35000,36199,36199,36199,4830461,10,,,,,,,,,,,,,,,,,,,,,,,,,,,,,,,,,,,,,,,,,,,,,,,,,,,
csv,16,0,375879174,375879199,374965205,374965215,374965294,374965321,374965325,375038879,375038882,375038888,375038912,375038949,375039008,375613020,375613050,375613116,375613136,375879147,375879142,375589234,399996774,399996862,399996734,400000022,375879184,,,,,,,,,,,,,,,,,,,,,,,,,,,,,,,,,,,,,,,,,,,,,,,,,,,
bb_id,16,0,100,101,102,103,104,105,106,107,108,110,111,112,113,114,115,116,117,118,119,120,122,123,124,125,126,,,,,,,,,,,,,,,,,,,,,,,,,,,,,,,,,,,,,,,,,,,,,,,,,,,
bbv,16,1,10,10,10,10,10,10,10,8750,10,10,10,10,10,10,10,10,10,10,35000,35000,36485,36485,36485,4793120,,,,,,,,,,,,,,,,,,,,,,,,,,,,,,,,,,,,,,,,,,,,,,,,,,,,
csv,16,1,375879161,375879292,374965178,374965188,374965219,374965263,374965327,375027971,375028037,375038906,375038924,375038987,375039014,375613038,375613062,375613098,375613140,375879157,375876482,375612850,399988883,399988951,399988843,400000042,,,,,,,,,,,,,,,,,,,,,,,,,,,,,,,,,,,,,,,,,,,,,,,,,,,,
bb_id,16,1,100,101,102,103,104,105,106,107,108,110,111,112,113,114,115,116,117,118,119,120,122,123,124,125,,,,,,,,,,,,,,,,,,,,,,,,,,,,,,,,,,,,,,,,,,,,,,,,,,,,
bbv,16,2,10,10,10,10,10,10,10,8750,10,10,10,10,10,10,10,10,10,10,35000,35000,36388,36388,36388,4833008,,,,,,,,,,,,,,,,,,,,,,,,,,,,,,,,,,,,,,,,,,,,,,,,,,,,
csv,16,2,375879178,375879214,374965147,374965157,374965161,374965290,374965323,375035180,375035540,375038894,375038930,375039006,375039010,375613026,375613056,375613134,375613161,375879166,375876748,375567955,399990920,399991008,399990880,400000002,,,,,,,,,,,,,,,,,,,,,,,,,,,,,,,,,,,,,,,,,,,,,,,,,,,,
bb_id,16,2,100,101,102,103,104,105,106,107,108,110,111,112,113,114,115,116,117,118,119,120,122,123,124,125,,,,,,,,,,,,,,,,,,,,,,,,,,,,,,,,,,,,,,,,,,,,,,,,,,,,
bbv,16,3,10,10,10,10,10,10,10,8750,10,10,10,10,10,10,10,10,10,10,35000,35000,36534,36534,36534,4816986,,,,,,,,,,,,,,,,,,,,,,,,,,,,,,,,,,,,,,,,,,,,,,,,,,,,
csv,16,3,375879170,375879277,374965236,374965337,374965404,374965515,374965601,375030200,375030224,375038900,375038918,375038968,375039012,375613032,375613044,375613080,375613138,375879152,375854423,375613014,399992457,399992485,399992337,400000062,,,,,,,,,,,,,,,,,,,,,,,,,,,,,,,,,,,,,,,,,,,,,,,,,,,,
bb_id,16,3,100,101,102,103,104,105,106,107,108,110,111,112,113,114,115,116,117,118,119,120,122,123,124,125,,,,,,,,,,,,,,,,,,,,,,,,,,,,,,,,,,,,,,,,,,,,,,,,,,,,
bbv,17,0,1,1,1,1,1,1,1,1,1,1,875,1,1,1,1,1,1,1,1,1,1,875,1,1,1,1,3500,3500,3500,466836,10,10,10,10,10,10,10,8750,10,10,10,10,10,10,10,10,10,10,35000,35000,33061,33061,33061,4408878,10,3501,1,1,1,1,1,875,1,1,1,1,1,1,1,3500,1,1,1,,,
csv,17,0,206340622,206011035,206340616,206340682,206340684,206844940,206845006,206845018,206845093,206845160,206893213,206893248,206901122,206901146,206901161,168350154,205930296,205930309,205930322,205930414,205930561,206010988,206010991,206010996,206011002,206011006,205661585,205661593,205666496,205666367,399372144,399372220,398458272,398458313,398458424,398458577,398458747,398531857,398531860,398531884,398531896,398531927,398531986,399105998,399106028,399106136,399106156,399372130,399371892,399080121,399992919,399992947,399992819,400000004,399372162,206843610,206011072,206011118,206011131,206011213,206011256,206102419,206102423,206102431,206102465,206102502,206102678,206102765,206340603,206340601,206102528,206102557,206102596,,,
bb_id,17,0,32,34,36,70,71,72,73,74,75,76,77,78,80,81,82,83,84,85,86,87,88,89,90,92,93,94,96,97,98,99,100,101,102,103,104,105,106,107,108,110,111,112,113,114,115,116,117,118,119,120,122,123,124,125,126,128,148,149,150,151,152,153,154,156,157,158,159,160,161,162,163,164,165,,,
bbv,17,1,1,1,1,1,1,1,1,875,1,1,1,1,1,1,1,1,1,1,875,1,1,1,1,3500,3500,3500,459781,10,10,10,10,10,10,10,8750,10,10,10,10,10,10,10,10,10,10,35000,35000,32731,32731,32731,4299300,3500,1,1,1,1,1,875,1,1,1,1,1,1,1,3500,,,,,,,,,,
csv,17,1,206340744,206340806,206844982,206844990,206845014,206845056,206845058,206900176,206900195,206901128,206901158,206901178,168350126,205930266,205930275,205930279,205930354,205930384,206004497,206004500,206004712,206004833,206011008,205829231,205829259,205832825,205832796,399372152,399372283,398458142,398458162,398458197,398458228,398458276,398517442,398517634,398531878,398531908,398531984,398531992,399106010,399106040,399106097,399106118,399372140,399369897,399105049,399990785,399990873,399990745,400000044,206844906,206011293,206011358,206011362,206011403,206011459,206093311,206093315,206102447,206102495,206102523,206102542,206102575,206335059,206335057,,,,,,,,,,
bb_id,17,1,70,71,72,73,74,75,76,77,78,80,81,82,83,84,85,86,87,88,89,90,92,93,94,96,97,98,99,100,101,102,103,104,105,106,107,108,110,111,112,113,114,115,116,117,118,119,120,122,123,124,125,128,148,149,150,151,152,153,154,156,157,158,159,160,161,162,,,,,,,,,,
bbv,17,2,1,1,1,1,1,1,1,875,1,1,1,1,1,1,1,1,1,1,875,1,1,1,1,3500,3500,3500,464982,10,10,10,10,10,10,10,8750,10,10,10,10,10,10,10,10,10,10,35000,35000,32775,32775,32775,4355234,3500,1,1,1,1,1,875,1,1,1,1,1,1,1,3500,,,,,,,,,,
csv,17,2,206340940,206341122,206844957,206844998,206845022,206845110,206845162,206892570,206892637,206901134,206901140,206901164,168350140,205930240,205930318,205930326,205930442,205930559,206005339,206005710,206008935,206010229,206011004,203420267,203420323,203426146,203426077,399372148,399372177,398458179,398458189,398458201,398458303,398458315,398524924,398524948,398531866,398531902,398531946,398531988,399106004,399106034,399106154,399106196,399372125,399372120,399055193,399992462,399992490,399992362,400000024,206820786,206011109,206011127,206011135,206011254,206011304,206096799,206096803,206102439,206102475,206102509,206102571,206102577,206312564,206312511,,,,,,,,,,
bb_id,17,2,70,71,72,73,74,75,76,77,78,80,81,82,83,84,85,86,87,88,89,90,92,93,94,96,97,98,99,100,101,102,103,104,105,106,107,108,110,111,112,113,114,115,116,117,118,119,120,122,123,124,125,128,148,149,150,151,152,153,154,156,157,158,159,160,161,162,,,,,,,,,,
bbv,17,3,1,1,1,1,1,1,1,875,1,1,1,1,1,1,1,1,1,1,875,1,1,1,1,3500,3500,3500,461505,10,10,10,10,10,10,10,8750,10,10,10,10,10,10,10,10,10,10,35000,35000,32685,32685,32685,4309163,3500,1,1,1,1,1,875,1,1,1,1,1,1,1,3500,,,,,,,,,,
csv,17,3,206340804,206340808,206844923,206844965,206845010,206845039,206845060,206901107,206901110,206901116,206901152,206901167,168350084,205930223,205930249,205930300,205930382,205930386,205998503,205998529,205999454,205999713,206011010,205927309,205927317,205930206,205930197,399372156,399372418,398458125,398458152,398458193,398458255,398458274,398519419,398519443,398531872,398531890,398531965,398531990,399106016,399106022,399106058,399106060,399372135,399369612,399105992,399998196,399998264,399998076,400000064,206844762,206011172,206011302,206011308,206011349,206011457,206086547,206086655,206102455,206102485,206102516,206102556,206102573,206332779,206332760,,,,,,,,,,
bb_id,17,3,70,71,72,73,74,75,76,77,78,80,81,82,83,84,85,86,87,88,89,90,92,93,94,96,97,98,99,100,101,102,103,104,105,106,107,108,110,111,112,113,114,115,116,117,118,119,120,122,123,124,125,128,148,149,150,151,152,153,154,156,157,158,159,160,161,162,,,,,,,,,,
bbv,18,0,10,10,10,10,10,10,10,8750,10,10,10,10,10,10,10,10,10,10,35000,35000,36291,36291,36291,4840479,10,,,,,,,,,,,,,,,,,,,,,,,,,,,,,,,,,,,,,,,,,,,,,,,,,,,
csv,18,0,384314024,384314053,383400018,383400042,383400075,383400136,383400158,383473733,383473736,383473760,383473772,383473803,383473862,384047874,384047904,384048031,384048089,384314006,384307384,384047868,399985796,399985824,399985696,400000066,384314038,,,,,,,,,,,,,,,,,,,,,,,,,,,,,,,,,,,,,,,,,,,,,,,,,,,
bb_id,18,0,100,101,102,103,104,105,106,107,108,110,111,112,113,114,115,116,117,118,119,120,122,123,124,125,126,,,,,,,,,,,,,,,,,,,,,,,,,,,,,,,,,,,,,,,,,,,,,,,,,,,
bbv,18,1,10,10,10,10,10,10,10,8750,10,10,10,10,10,10,10,10,10,10,35000,35000,36413,36413,36413,4782753,,,,,,,,,,,,,,,,,,,,,,,,,,,,,,,,,,,,,,,,,,,,,,,,,,,,
csv,18,1,384314032,384314103,383400109,383400156,383400271,383400361,383400390,383466689,383466797,383473748,383473784,383473860,383473868,384047892,384047916,384047954,384047956,384314016,384309132,383968246,399999261,399999289,399999221,400000026,,,,,,,,,,,,,,,,,,,,,,,,,,,,,,,,,,,,,,,,,,,,,,,,,,,,
bb_id,18,1,100,101,102,103,104,105,106,107,108,110,111,112,113,114,115,116,117,118,119,120,122,123,124,125,,,,,,,,,,,,,,,,,,,,,,,,,,,,,,,,,,,,,,,,,,,,,,,,,,,,
bbv,18,2,10,10,10,10,10,10,10,8750,10,10,10,10,10,10,10,10,10,10,35000,35000,36436,36436,36436,4840565,,,,,,,,,,,,,,,,,,,,,,,,,,,,,,,,,,,,,,,,,,,,,,,,,,,,
csv,18,2,384314020,384314068,383400001,383400028,383400032,383400069,383400071,383468921,383469239,383473742,383473778,383473822,383473864,384047880,384047898,384048049,384048091,384314001,384313996,383994937,399998204,399998292,399998164,400000046,,,,,,,,,,,,,,,,,,,,,,,,,,,,,,,,,,,,,,,,,,,,,,,,,,,,
bb_id,18,2,100,101,102,103,104,105,106,107,108,110,111,112,113,114,115,116,117,118,119,120,122,123,124,125,,,,,,,,,,,,,,,,,,,,,,,,,,,,,,,,,,,,,,,,,,,,,,,,,,,,
bbv,18,3,10,10,10,10,10,10,10,8750,10,10,10,10,10,10,10,10,10,10,35000,35000,36478,36478,36478,4809756,,,,,,,,,,,,,,,,,,,,,,,,,,,,,,,,,,,,,,,,,,,,,,,,,,,,
csv,18,3,384314028,384314118,383400092,383400146,383400267,383400388,383400455,383467112,383467178,383473754,383473766,383473841,383473866,384047886,384047910,384047934,384047936,384314011,384304743,383968451,399999938,400000006,399999898,399999789,,,,,,,,,,,,,,,,,,,,,,,,,,,,,,,,,,,,,,,,,,,,,,,,,,,,
bb_id,18,3,100,101,102,103,104,105,106,107,108,110,111,112,113,114,115,116,117,118,119,120,122,123,124,125,,,,,,,,,,,,,,,,,,,,,,,,,,,,,,,,,,,,,,,,,,,,,,,,,,,,
bbv,19,0,1,2797,2797,2796,372684,9,9,10,10,10,10,10,8750,10,10,10,10,10,10,10,10,10,10,35000,35000,33648,33648,33649,4488627,9,,,,,,,,,,,,,,,,,,,,,,,,,,,,,,,,,,,,,,,,,,,,,,
csv,19,0,369255972,399991506,399991554,399991466,400000025,330761704,330761748,368341875,368341885,368341906,368341978,368342061,368415607,368415610,368415616,368415646,368415677,368415736,368989748,368989778,368989808,368989828,369255875,369255870,368963666,368339841,368339849,368341858,368341849,330761710,,,,,,,,,,,,,,,,,,,,,,,,,,,,,,,,,,,,,,,,,,,,,,
bb_id,19,0,83,96,97,98,99,100,101,102,103,104,105,106,107,108,110,111,112,113,114,115,116,117,118,119,120,122,123,124,125,126,,,,,,,,,,,,,,,,,,,,,,,,,,,,,,,,,,,,,,,,,,,,,,
bbv,19,1,1,2772,2772,2771,364375,9,9,10,10,10,10,10,8750,10,10,10,10,10,10,10,10,10,10,35000,35000,33523,33523,33524,4404424,,,,,,,,,,,,,,,,,,,,,,,,,,,,,,,,,,,,,,,,,,,,,,,
csv,19,1,369255899,399989309,399989357,399989269,400000045,330761718,330761778,368342022,368342032,368342069,368342096,368342182,368401465,368401489,368415634,368415658,368415715,368415742,368989766,368989790,368989923,368989963,369255885,369249847,368987897,367548482,367548490,367552736,367552727,,,,,,,,,,,,,,,,,,,,,,,,,,,,,,,,,,,,,,,,,,,,,,,
bb_id,19,1,83,96,97,98,99,100,101,102,103,104,105,106,107,108,110,111,112,113,114,115,116,117,118,119,120,122,123,124,125,,,,,,,,,,,,,,,,,,,,,,,,,,,,,,,,,,,,,,,,,,,,,,,
bbv,19,2,1,3126,3126,3125,415262,9,9,10,10,10,10,10,8750,10,10,10,10,10,10,10,10,10,10,35000,35000,33516,33516,33517,4452289,,,,,,,,,,,,,,,,,,,,,,,,,,,,,,,,,,,,,,,,,,,,,,,
csv,19,2,369255986,399999797,399999885,399999757,400000005,330761700,330761733,368341902,368341916,368341920,368342005,368342063,368410438,368410462,368415622,368415640,368415734,368415738,368989754,368989784,368989826,368989830,369255918,369253628,368935417,367147037,367147145,367153648,367153619,,,,,,,,,,,,,,,,,,,,,,,,,,,,,,,,,,,,,,,,,,,,,,,
bb_id,19,2,83,96,97,98,99,100,101,102,103,104,105,106,107,108,110,111,112,113,114,115,116,117,118,119,120,122,123,124,125,,,,,,,,,,,,,,,,,,,,,,,,,,,,,,,,,,,,,,,,,,,,,,,
bbv,19,3,1,2760,2760,2759,363695,9,9,10,10,10,10,10,8750,10,10,10,10,10,10,10,10,10,10,35000,35000,33461,33461,33462,4412226,,,,,,,,,,,,,,,,,,,,,,,,,,,,,,,,,,,,,,,,,,,,,,,
csv,19,3,369255913,399998260,399998348,399998180,400000065,330761714,330761763,368341937,368341947,368341951,368342059,368342065,368404156,368404201,368415628,368415652,368415696,368415740,368989760,368989772,368989905,368989965,369255880,369242855,368989742,367517509,367517577,367528537,367528488,,,,,,,,,,,,,,,,,,,,,,,,,,,,,,,,,,,,,,,,,,,,,,,
bb_id,19,3,83,96,97,98,99,100,101,102,103,104,105,106,107,108,110,111,112,113,114,115,116,117,118,119,120,122,123,124,125,,,,,,,,,,,,,,,,,,,,,,,,,,,,,,,,,,,,,,,,,,,,,,,
bbv,20,0,1,1,1,1,1,1,1,1,1,1,875,1,1,1,1,1,1,1,1,1,875,1,1,1,1,703,703,704,94152,11,11,10,10,10,10,10,8750,10,10,10,10,10,10,10,10,10,10,35000,35000,35629,35629,35628,4750687,11,3501,1,1,1,1,1,875,1,1,1,1,1,1,1,3500,1,1,1,,,,
csv,20,0,7246377,6916790,7246371,7246437,7246501,7750838,7750919,7750991,7751136,7751203,7802645,7802664,7806889,7806895,7806916,6835995,6836013,6836021,6836111,6836113,6916737,6916740,6916751,6916757,6916759,5677259,5677267,5680436,5680427,392748881,392748917,391834850,391834860,391834864,391834891,391834893,391908582,391908585,391908603,391908621,391908652,391908713,392482729,392482753,392482821,392482841,392748860,392741815,392456846,399984246,399984274,399984166,400000019,392748887,7750517,6916827,6916873,6916886,6917009,6917011,6996544,6996548,7008186,7008220,7008257,7008314,7008346,7246358,7246356,7008269,7008270,7008279,,,,
bb_id,20,0,32,34,36,70,71,72,73,74,75,76,77,78,80,81,82,84,85,86,87,88,89,90,92,93,94,96,97,98,99,100,101,102,103,104,105,106,107,108,110,111,112,113,114,115,116,117,118,119,120,122,123,124,125,126,128,148,149,150,151,152,153,154,156,157,158,159,160,161,162,163,164,165,,,,
bbv,20,1,1,1,1,1,1,1,1,875,1,1,1,1,1,1,1,1,1,875,1,1,1,1,728,728,729,95406,11,11,10,10,10,10,10,8750,10,10,10,10,10,10,10,10,10,10,35000,35000,35684,35684,35683,4687855,3500,1,1,1,1,1,875,1,1,1,1,1,1,1,3500,,,,,,,,,,,
csv,20,1,7246693,7246697,7750703,7750732,7750738,7750787,7750821,7806862,7806865,7806877,7806913,7806925,6836055,6836248,6836348,6836583,6836728,6906535,6906791,6908406,6909194,6916763,6834164,6834172,6835961,6835952,392748873,392748947,391834985,391835028,391835078,391835174,391835220,391898619,391898811,391908597,391908633,391908690,391908717,392482741,392482765,392482801,392482864,392748865,392745634,392480995,399996731,399996759,399996651,400000079,7748861,6917057,6917068,6917076,6917444,6917526,7008174,7008178,7008202,7008250,7008300,7008330,7008399,7231564,7231511,,,,,,,,,,,
bb_id,20,1,70,71,72,73,74,75,76,77,78,80,81,82,84,85,86,87,88,89,90,92,93,94,96,97,98,99,100,101,102,103,104,105,106,107,108,110,111,112,113,114,115,116,117,118,119,120,122,123,124,125,128,148,149,150,151,152,153,154,156,157,158,159,160,161,162,,,,,,,,,,,
bbv,20,2,1,1,1,1,1,1,1,875,1,1,1,1,1,1,1,1,1,875,1,1,1,1,374,374,375,49720,11,11,10,10,10,10,10,8750,10,10,10,10,10,10,10,10,10,10,35000,35000,35688,35688,35687,4741554,3500,1,1,1,1,1,875,1,1,1,1,1,1,1,3500,,,,,,,,,,,
csv,20,2,7246497,7246499,7750855,7750911,7750987,7751153,7751205,7804072,7804107,7806883,7806901,7806919,6835978,6836004,6836017,6836083,6836115,6912405,6912845,6915955,6916746,6916761,3614063,3614091,3621254,3621165,392748877,392748902,391834910,391834920,391834924,391834951,391835008,391903812,391904130,391908609,391908615,391908709,391908711,392482723,392482747,392482839,392482843,392748855,392748845,392423021,399994334,399994402,399994294,400000039,7728737,6916864,6916882,6916890,6916968,6917059,6990326,6990356,7008210,7008230,7008264,7008293,7008316,7219152,7219099,,,,,,,,,,,
bb_id,20,2,70,71,72,73,74,75,76,77,78,80,81,82,84,85,86,87,88,89,90,92,93,94,96,97,98,99,100,101,102,103,104,105,106,107,108,110,111,112,113,114,115,116,117,118,119,120,122,123,124,125,128,148,149,150,151,152,153,154,156,157,158,159,160,161,162,,,,,,,,,,,
bbv,20,3,1,1,1,1,1,1,1,875,1,1,1,1,1,1,1,1,1,875,1,1,1,1,740,740,741,97810,11,11,10,10,10,10,10,8750,10,10,10,10,10,10,10,10,10,10,35000,35000,35703,35703,35702,4708500,3500,1,1,1,1,1,875,1,1,1,1,1,1,1,3500,,,,,,,,,,,
csv,20,3,7246633,7246695,7750678,7750686,7750707,7750724,7750734,7806763,7806782,7806871,7806907,7806922,6836038,6836239,6836344,6836611,6836730,6910896,6910899,6911203,6911347,6916765,6695591,6695619,6700865,6700836,392748869,392748932,391834968,391835018,391835074,391835147,391835218,391902108,391902111,391908591,391908627,391908671,391908715,392482735,392482759,392482783,392482803,392748850,392747021,392482717,399993757,399993825,399993717,400000059,7750661,6916927,6917020,6917072,6917403,6917446,7008118,7008148,7008194,7008240,7008277,7008344,7008401,7244809,7244756,,,,,,,,,,,
bb_id,20,3,70,71,72,73,74,75,76,77,78,80,81,82,84,85,86,87,88,89,90,92,93,94,96,97,98,99,100,101,102,103,104,105,106,107,108,110,111,112,113,114,115,116,117,118,119,120,122,123,124,125,128,148,149,150,151,152,153,154,156,157,158,159,160,161,162,,,,,,,,,,,
bbv,21,0,10,10,10,10,10,10,10,8750,10,10,10,10,10,10,10,10,10,10,35000,35000,36259,36259,36259,4837945,10,,,,,,,,,,,,,,,,,,,,,,,,,,,,,,,,,,,,,,,,,,,,,,,,,,,
csv,21,0,377690734,377690778,376777587,376777597,376777601,376777670,376777672,376850443,376850446,376850452,376850482,376850551,376850576,377424602,377424608,377424644,377424700,377690716,377679021,377401085,399995517,399995545,399995417,400000045,377690744,,,,,,,,,,,,,,,,,,,,,,,,,,,,,,,,,,,,,,,,,,,,,,,,,,,
bb_id,21,0,100,101,102,103,104,105,106,107,108,110,111,112,113,114,115,116,117,118,119,120,122,123,124,125,126,,,,,,,,,,,,,,,,,,,,,,,,,,,,,,,,,,,,,,,,,,,,,,,,,,,
bbv,21,1,10,10,10,10,10,10,10,8750,10,10,10,10,10,10,10,10,10,10,35000,35000,36466,36466,36466,4789557,,,,,,,,,,,,,,,,,,,,,,,,,,,,,,,,,,,,,,,,,,,,,,,,,,,,
csv,21,1,377690748,377690828,376776771,376776844,376776848,376777169,376777507,376838716,376838740,376850470,376850494,376850532,376850574,377424596,377424626,377424698,377424706,377690726,377690706,377424578,399992743,399992771,399992703,400000025,,,,,,,,,,,,,,,,,,,,,,,,,,,,,,,,,,,,,,,,,,,,,,,,,,,,
bb_id,21,1,100,101,102,103,104,105,106,107,108,110,111,112,113,114,115,116,117,118,119,120,122,123,124,125,,,,,,,,,,,,,,,,,,,,,,,,,,,,,,,,,,,,,,,,,,,,,,,,,,,,
bbv,21,2,10,10,10,10,10,10,10,8750,10,10,10,10,10,10,10,10,10,10,35000,35000,36459,36459,36459,4842322,,,,,,,,,,,,,,,,,,,,,,,,,,,,,,,,,,,,,,,,,,,,,,,,,,,,
csv,21,2,377690730,377690763,376777731,376777909,376777976,376778045,376778068,376842163,376842250,376850458,376850488,376850570,376850578,377424584,377424614,377424662,377424702,377690711,377689832,377380462,399993980,399994088,399993860,400000065,,,,,,,,,,,,,,,,,,,,,,,,,,,,,,,,,,,,,,,,,,,,,,,,,,,,
bb_id,21,2,100,101,102,103,104,105,106,107,108,110,111,112,113,114,115,116,117,118,119,120,122,123,124,125,,,,,,,,,,,,,,,,,,,,,,,,,,,,,,,,,,,,,,,,,,,,,,,,,,,,
bbv,21,3,10,10,10,10,10,10,10,8750,10,10,10,10,10,10,10,10,10,10,35000,35000,36441,36441,36441,4803716,,,,,,,,,,,,,,,,,,,,,,,,,,,,,,,,,,,,,,,,,,,,,,,,,,,,
csv,21,3,377690738,377690813,376776711,376776721,376776725,376776752,376776754,376846366,376846369,376850464,376850476,376850513,376850572,377424590,377424620,377424680,377424704,377690721,377671459,377424168,399990486,399990554,399990446,400000005,,,,,,,,,,,,,,,,,,,,,,,,,,,,,,,,,,,,,,,,,,,,,,,,,,,,
bb_id,21,3,100,101,102,103,104,105,106,107,108,110,111,112,113,114,115,116,117,118,119,120,122,123,124,125,,,,,,,,,,,,,,,,,,,,,,,,,,,,,,,,,,,,,,,,,,,,,,,,,,,,
bbv,22,0,1,1,1,1,1,1,1,1,1,1,875,1,1,1,1,1,1,1,1,1,1,875,1,1,1,1,3500,3500,3500,466836,9,9,9,9,9,9,9,7875,9,9,9,9,9,9,9,9,9,9,31500,31500,33014,33014,33014,4403147,9,3501,1,1,1,1,1,875,1,1,1,1,1,1,1,3500,1,1,1,,,
csv,22,0,208152183,207822596,208152177,208152305,208152307,208656484,208656517,208656525,208656542,208656544,208708755,208708774,208712683,208712707,208712725,170161645,207741862,207741871,207741887,207742003,207742099,207822549,207822552,207822557,207822563,207822567,206540133,206540181,206544730,206544641,362689519,362689622,361775492,361775502,361775506,361775533,361775535,361849221,361849227,361849251,361849257,361849294,361849353,362423365,362423395,362423483,362423487,362689492,362688784,362394249,399999766,399999774,399999746,400000014,362689529,208649483,207822670,207822688,207822692,207822778,207822782,207899590,207899672,207914016,207914026,207914063,207914120,207914124,208152164,208152162,207914075,207914076,207914092,,,
bb_id,22,0,32,34,36,70,71,72,73,74,75,76,77,78,80,81,82,83,84,85,86,87,88,89,90,92,93,94,96,97,98,99,100,101,102,103,104,105,106,107,108,110,111,112,113,114,115,116,117,118,119,120,122,123,124,125,126,128,148,149,150,151,152,153,154,156,157,158,159,160,161,162,163,164,165,,,
bbv,22,1,1,1,1,1,1,1,1,875,1,1,1,1,1,1,1,1,1,1,875,1,1,1,1,3500,3500,3500,459781,9,9,9,9,9,9,9,7875,9,9,9,9,9,9,9,9,9,9,31500,31500,32850,32850,32851,4316018,3500,1,1,1,1,1,875,1,1,1,1,1,1,1,3500,,,,,,,,,,
csv,22,1,208152463,208152719,208656597,208656653,208656749,208656879,208656945,208712668,208712671,208712695,208712719,208712735,170161687,207741784,207741827,207741875,207741915,207741945,207807258,207807445,207808807,207809434,207822571,207739970,207739978,207741767,207741758,362689511,362689587,361775694,361775748,361775815,361775859,361775871,361845438,361845798,361849233,361849269,361849332,361849359,362423383,362423407,362423461,362423463,362689507,362689487,362422129,399056255,399056263,399059706,399059637,208655459,207822856,207822874,207822930,207823250,207823436,207901882,207901990,207913992,207914056,207914090,207914152,207914207,208143679,208143677,,,,,,,,,,
bb_id,22,1,70,71,72,73,74,75,76,77,78,80,81,82,83,84,85,86,87,88,89,90,92,93,94,96,97,98,99,100,101,102,103,104,105,106,107,108,110,111,112,113,114,115,116,117,118,119,120,122,123,124,125,128,148,149,150,151,152,153,154,156,157,158,159,160,161,162,,,,,,,,,,
bbv,22,2,1,1,1,1,1,1,1,875,1,1,1,1,1,1,1,1,1,1,875,1,1,1,1,3500,3500,3500,464982,9,9,9,9,9,9,9,7875,9,9,9,9,9,9,9,9,9,9,31500,31500,32853,32853,32854,4365584,3500,1,1,1,1,1,875,1,1,1,1,1,1,1,3500,,,,,,,,,,
csv,22,2,208152243,208152245,208656501,208656509,208656521,208656561,208656563,208710326,208710329,208712677,208712713,208712722,170161659,207741801,207741845,207741883,207741975,207742097,207817981,207818375,207821577,207822503,207822565,204168413,204168501,204174547,204174478,362689523,362689544,361775552,361775583,361775587,361775656,361775717,361841529,361841574,361849239,361849275,361849351,361849355,362423371,362423389,362423425,362423485,362689497,362685345,362372109,399320170,399320178,399323724,399323695,208621619,207822633,207822679,207822696,207822737,207822780,207909972,207909976,207914000,207914036,207914070,207914106,207914122,208132440,208132336,,,,,,,,,,
bb_id,22,2,70,71,72,73,74,75,76,77,78,80,81,82,83,84,85,86,87,88,89,90,92,93,94,96,97,98,99,100,101,102,103,104,105,106,107,108,110,111,112,113,114,115,116,117,118,119,120,122,123,124,125,128,148,149,150,151,152,153,154,156,157,158,159,160,161,162,,,,,,,,,,
bbv,22,3,1,1,1,1,1,1,1,875,1,1,1,1,1,1,1,1,1,1,875,1,1,1,1,3500,3500,3500,461505,9,9,9,9,9,9,9,7875,9,9,9,9,9,9,9,9,9,9,31500,31500,32856,32856,32857,4332934,3500,1,1,1,1,1,875,1,1,1,1,1,1,1,3500,,,,,,,,,,
csv,22,3,208152403,208152717,208656580,208656661,208656745,208656862,208656947,208712393,208712412,208712689,208712701,208712732,170161673,207741818,207741836,207741879,207741943,207741947,207811849,207811898,207811995,207812047,207822569,207207241,207207269,207213035,207213006,362689515,362689637,361775832,361775869,361775917,361776070,361776135,361849200,361849224,361849245,361849263,361849313,361849357,362423377,362423401,362423443,362423465,362689502,362689430,362423359,398560427,398560515,398573609,398573580,208656467,207822819,207822865,207822934,207823209,207823434,207913980,207913984,207914008,207914046,207914083,207914138,207914205,208121184,208121165,,,,,,,,,,
bb_id,22,3,70,71,72,73,74,75,76,77,78,80,81,82,83,84,85,86,87,88,89,90,92,93,94,96,97,98,99,100,101,102,103,104,105,106,107,108,110,111,112,113,114,115,116,117,118,119,120,122,123,124,125,128,148,149,150,151,152,153,154,156,157,158,159,160,161,162,,,,,,,,,,
bbv,23,0,11,11,11,11,11,11,11,9625,11,11,11,11,11,11,11,11,11,11,38500,38500,36293,36293,36293,4840556,11,,,,,,,,,,,,,,,,,,,,,,,,,,,,,,,,,,,,,,,,,,,,,,,,,,,
csv,23,0,386125635,386125664,385211687,385211751,385211869,385211917,385212108,385285344,385285347,385285371,385285383,385285414,385285473,385859485,385859515,385859621,385859625,386125617,386125607,385783465,399993872,399994000,399993732,400000077,386125649,,,,,,,,,,,,,,,,,,,,,,,,,,,,,,,,,,,,,,,,,,,,,,,,,,,
bb_id,23,0,100,101,102,103,104,105,106,107,108,110,111,112,113,114,115,116,117,118,119,120,122,123,124,125,126,,,,,,,,,,,,,,,,,,,,,,,,,,,,,,,,,,,,,,,,,,,,,,,,,,,
bbv,23,1,11,11,11,11,11,11,11,9625,11,11,11,11,11,11,11,11,11,11,38500,38500,36339,36339,36338,4773022,,,,,,,,,,,,,,,,,,,,,,,,,,,,,,,,,,,,,,,,,,,,,,,,,,,,
csv,23,1,386125643,386125742,385211714,385211761,385211792,385211842,385211865,385281813,385281816,385285359,385285395,385285471,385285479,385859503,385859527,385859643,385859740,386125627,386119280,385825039,399989115,399989203,399989075,400000017,,,,,,,,,,,,,,,,,,,,,,,,,,,,,,,,,,,,,,,,,,,,,,,,,,,,
bb_id,23,1,100,101,102,103,104,105,106,107,108,110,111,112,113,114,115,116,117,118,119,120,122,123,124,125,,,,,,,,,,,,,,,,,,,,,,,,,,,,,,,,,,,,,,,,,,,,,,,,,,,,
bbv,23,2,11,11,11,11,11,11,11,9625,11,11,11,11,11,11,11,11,11,11,38500,38500,36333,36333,36332,4827964,,,,,,,,,,,,,,,,,,,,,,,,,,,,,,,,,,,,,,,,,,,,,,,,,,,,
csv,23,2,386125631,386125679,385211612,385211622,385211626,385211670,385211720,385277316,385277613,385285353,385285389,385285433,385285475,385859491,385859521,385859545,385859623,386125622,386125132,385741317,399986041,399986069,399985961,400000057,,,,,,,,,,,,,,,,,,,,,,,,,,,,,,,,,,,,,,,,,,,,,,,,,,,,
bb_id,23,2,100,101,102,103,104,105,106,107,108,110,111,112,113,114,115,116,117,118,119,120,122,123,124,125,,,,,,,,,,,,,,,,,,,,,,,,,,,,,,,,,,,,,,,,,,,,,,,,,,,,
bbv,23,3,11,11,11,11,11,11,11,9625,11,11,11,11,11,11,11,11,11,11,38500,38500,36305,36305,36304,4786951,,,,,,,,,,,,,,,,,,,,,,,,,,,,,,,,,,,,,,,,,,,,,,,,,,,,
csv,23,3,386125639,386125757,385211643,385211697,385211718,385211788,385211815,385274667,385274691,385285365,385285377,385285452,385285477,385859497,385859509,385859563,385859565,386125612,386125094,385859479,399997669,399997737,399997569,400000037,,,,,,,,,,,,,,,,,,,,,,,,,,,,,,,,,,,,,,,,,,,,,,,,,,,,
bb_id,23,3,100,101,102,103,104,105,106,107,108,110,111,112,113,114,115,116,117,118,119,120,122,123,124,125,,,,,,,,,,,,,,,,,,,,,,,,,,,,,,,,,,,,,,,,,,,,,,,,,,,,
bbv,24,0,1,2619,2619,2618,349176,9,9,10,10,10,10,10,8750,10,10,10,10,10,10,10,10,10,10,35000,35000,33805,33805,33806,4509465,9,,,,,,,,,,,,,,,,,,,,,,,,,,,,,,,,,,,,,,,,,,,,,,
csv,24,0,371067532,399994254,399994402,399994114,400000059,332573304,332573333,370153475,370153502,370153550,370153581,370153603,370227207,370227210,370227216,370227246,370227277,370227336,370801348,370801378,370801486,370801544,371067480,371067052,370777726,370151441,370151449,370153458,370153449,332573318,,,,,,,,,,,,,,,,,,,,,,,,,,,,,,,,,,,,,,,,,,,,,,
bb_id,24,0,83,96,97,98,99,100,101,102,103,104,105,106,107,108,110,111,112,113,114,115,116,117,118,119,120,122,123,124,125,126,,,,,,,,,,,,,,,,,,,,,,,,,,,,,,,,,,,,,,,,,,,,,,
bbv,24,1,1,2557,2557,2556,336470,9,9,10,10,10,10,10,8750,10,10,10,10,10,10,10,10,10,10,35000,35000,33661,33661,33662,4422598,,,,,,,,,,,,,,,,,,,,,,,,,,,,,,,,,,,,,,,,,,,,,,,
csv,24,1,371067504,399993317,399993325,399993277,400000019,332573312,332573418,370153536,370153601,370153701,370153776,370153822,370213926,370213992,370227228,370227258,370227315,370227342,370801366,370801390,370801426,370801430,371067490,371061865,370799210,368847572,368847640,368851783,368851754,,,,,,,,,,,,,,,,,,,,,,,,,,,,,,,,,,,,,,,,,,,,,,,
bb_id,24,1,83,96,97,98,99,100,101,102,103,104,105,106,107,108,110,111,112,113,114,115,116,117,118,119,120,122,123,124,125,,,,,,,,,,,,,,,,,,,,,,,,,,,,,,,,,,,,,,,,,,,,,,,
bbv,24,2,1,2928,2928,2927,388861,9,9,10,10,10,10,10,8750,10,10,10,10,10,10,10,10,10,10,35000,35000,33667,33667,33668,4471676,,,,,,,,,,,,,,,,,,,,,,,,,,,,,,,,,,,,,,,,,,,,,,,
csv,24,2,371067546,399991720,399991748,399991620,400000079,332573300,332573363,370153492,370153546,370153554,370153630,370153799,370221135,370221453,370227222,370227252,370227334,370227338,370801354,370801372,370801504,370801546,371067475,371067470,370755012,369206876,369206904,369212010,369211961,,,,,,,,,,,,,,,,,,,,,,,,,,,,,,,,,,,,,,,,,,,,,,,
bb_id,24,2,83,96,97,98,99,100,101,102,103,104,105,106,107,108,110,111,112,113,114,115,116,117,118,119,120,122,123,124,125,,,,,,,,,,,,,,,,,,,,,,,,,,,,,,,,,,,,,,,,,,,,,,,
bbv,24,3,1,2673,2673,2672,352184,9,9,10,10,10,10,10,8750,10,10,10,10,10,10,10,10,10,10,35000,35000,33695,33695,33696,4443149,,,,,,,,,,,,,,,,,,,,,,,,,,,,,,,,,,,,,,,,,,,,,,,
csv,24,3,371067518,399999111,399999199,399999011,400000039,332573308,332573348,370153519,370153591,370153697,370153749,370153824,370216512,370216515,370227234,370227240,370227296,370227340,370801360,370801384,370801408,370801428,371067485,371063518,370801342,368232876,368232904,368245181,368245152,,,,,,,,,,,,,,,,,,,,,,,,,,,,,,,,,,,,,,,,,,,,,,,
bb_id,24,3,83,96,97,98,99,100,101,102,103,104,105,106,107,108,110,111,112,113,114,115,116,117,118,119,120,122,123,124,125,,,,,,,,,,,,,,,,,,,,,,,,,,,,,,,,,,,,,,,,,,,,,,,
bbv,25,0,1,1,1,1,1,1,1,1,1,1,875,1,1,1,1,1,1,1,1,1,875,1,1,1,1,881,881,882,117660,11,11,10,10,10,10,10,8750,10,10,10,10,10,10,10,10,10,10,35000,35000,35486,35486,35485,4731347,11,3501,1,1,1,1,1,875,1,1,1,1,1,1,1,3500,1,1,1,1,,,
csv,25,0,9057978,8728376,9057972,9058038,9058102,9562279,9562350,9562374,9562412,9562431,9610726,9610761,9618478,9618502,9618520,8647615,8647633,8647659,8647723,8647785,8728312,8728315,8728337,8728343,8728345,7926513,7926521,7930844,7930835,394560470,394560533,393646451,393646461,393646465,393646523,393646596,393720183,393720186,393720210,393720222,393720253,393720312,394294342,394294348,394294402,394294442,394560456,394557083,394268611,399995080,399995108,399995000,400000059,394560488,9560354,8728450,8728468,8728476,8728558,8728562,8800798,8800802,8819788,8819816,8819843,8839703,8839756,9036433,9036431,8819855,8839604,8819876,8839551,,,
bb_id,25,0,32,34,36,70,71,72,73,74,75,76,77,78,80,81,82,84,85,86,87,88,89,90,92,93,94,96,97,98,99,100,101,102,103,104,105,106,107,108,110,111,112,113,114,115,116,117,118,119,120,122,123,124,125,126,128,148,149,150,151,152,153,154,156,157,158,159,160,161,162,163,165,166,167,,,
bbv,25,1,1,1,1,1,1,1,1,875,1,1,1,1,1,1,1,1,1,875,1,1,1,1,943,943,944,123311,11,11,10,10,10,10,10,8750,10,10,10,10,10,10,10,10,10,10,35000,35000,35518,35518,35517,4665733,3500,1,1,1,1,1,875,1,1,1,1,1,1,1,3500,,,,,,,,,,,
csv,25,1,9058414,9058728,9562338,9562366,9562378,9562448,9562486,9618463,9618466,9618484,9618514,9618530,8647581,8647642,8647667,8647751,8647753,8725173,8725567,8728326,8728332,8728349,8645750,8645758,8647547,8647538,394560482,394560576,393646584,393646608,393646685,393646754,393646821,393719172,393719301,393720198,393720234,393720310,393720318,394294330,394294366,394294438,394294444,394560466,394555183,394294113,399999651,399999779,399999551,400000019,9560642,8728636,8728654,8728922,8729082,8729164,8816038,8816068,8819780,8819836,8819862,8819906,8819956,9049814,9049795,,,,,,,,,,,
bb_id,25,1,70,71,72,73,74,75,76,77,78,80,81,82,84,85,86,87,88,89,90,92,93,94,96,97,98,99,100,101,102,103,104,105,106,107,108,110,111,112,113,114,115,116,117,118,119,120,122,123,124,125,128,148,149,150,151,152,153,154,156,157,158,159,160,161,162,,,,,,,,,,,
bbv,25,2,1,1,1,1,1,1,1,875,1,1,1,1,1,1,1,1,1,875,1,1,1,1,572,572,573,76121,11,11,10,10,10,10,10,8750,10,10,10,10,10,10,10,10,10,10,35000,35000,35519,35519,35518,4719522,3500,1,1,1,1,1,875,1,1,1,1,1,1,1,3500,,,,,,,,,,,
csv,25,2,9058098,9058100,9562296,9562358,9562370,9562429,9562452,9610953,9611068,9618472,9618508,9618517,8647564,8647624,8647655,8647695,8647783,8721042,8721344,8722867,8723471,8728347,5558873,5559001,5565047,5565018,394560474,394560518,393646482,393646492,393646496,393646550,393646598,393713853,393714048,393720204,393720228,393720272,393720314,394294336,394294354,394294384,394294440,394560451,394560446,394248644,399999254,399999282,399999174,400000079,9534758,8728413,8728459,8728472,8728517,8728560,8799000,8799030,8819796,8819806,8819850,8819890,8819892,8991755,8991702,,,,,,,,,,,
bb_id,25,2,70,71,72,73,74,75,76,77,78,80,81,82,84,85,86,87,88,89,90,92,93,94,96,97,98,99,100,101,102,103,104,105,106,107,108,110,111,112,113,114,115,116,117,118,119,120,122,123,124,125,128,148,149,150,151,152,153,154,156,157,158,159,160,161,162,,,,,,,,,,,
bbv,25,3,1,1,1,1,1,1,1,875,1,1,1,1,1,1,1,1,1,875,1,1,1,1,827,827,828,109321,11,11,10,10,10,10,10,8750,10,10,10,10,10,10,10,10,10,10,35000,35000,35508,35508,35507,4682659,3500,1,1,1,1,1,875,1,1,1,1,1,1,1,3500,,,,,,,,,,,
csv,25,3,9058474,9058730,9562313,9562321,9562342,9562395,9562450,9617564,9617583,9618490,9618496,9618527,8647598,8647651,8647663,8647781,8647787,8725774,8725777,8727576,8728321,8728351,8371870,8371898,8377864,8377815,394560478,394560503,393646567,393646594,393646612,393646681,393646756,393713832,393714024,393720192,393720216,393720291,393720316,394294324,394294360,394294420,394294446,394560461,394541693,394294318,399997337,399997405,399997217,400000039,9562262,8728599,8728645,8728918,8728963,8729162,8819760,8819764,8819772,8819826,8819869,8819920,8819958,9057959,9057957,,,,,,,,,,,
bb_id,25,3,70,71,72,73,74,75,76,77,78,80,81,82,84,85,86,87,88,89,90,92,93,94,96,97,98,99,100,101,102,103,104,105,106,107,108,110,111,112,113,114,115,116,117,118,119,120,122,123,124,125,128,148,149,150,151,152,153,154,156,157,158,159,160,161,162,,,,,,,,,,,
bbv,26,0,10,10,10,10,10,10,10,8750,10,10,10,10,10,10,10,10,10,10,35000,35000,36247,36247,36247,4836738,10,,,,,,,,,,,,,,,,,,,,,,,,,,,,,,,,,,,,,,,,,,,,,,,,,,,
csv,26,0,379502339,379502407,378588356,378588438,378588475,378588529,378588531,378662044,378662047,378662071,378662077,378662114,378662173,379236185,379236215,379236263,379236285,379502317,379494688,379212727,399982661,399982729,399982621,400000031,379502349,,,,,,,,,,,,,,,,,,,,,,,,,,,,,,,,,,,,,,,,,,,,,,,,,,,
bb_id,26,0,100,101,102,103,104,105,106,107,108,110,111,112,113,114,115,116,117,118,119,120,122,123,124,125,126,,,,,,,,,,,,,,,,,,,,,,,,,,,,,,,,,,,,,,,,,,,,,,,,,,,
bbv,26,1,10,10,10,10,10,10,10,8750,10,10,10,10,10,10,10,10,10,10,35000,35000,36487,36487,36487,4792068,,,,,,,,,,,,,,,,,,,,,,,,,,,,,,,,,,,,,,,,,,,,,,,,,,,,
csv,26,1,379502331,379502364,378588312,378588322,378588387,378588418,378588467,378659710,378659839,378662059,378662095,378662152,378662179,379236203,379236227,379236324,379236326,379502322,379502193,379235974,399994546,399994634,399994486,400000011,,,,,,,,,,,,,,,,,,,,,,,,,,,,,,,,,,,,,,,,,,,,,,,,,,,,
bb_id,26,1,100,101,102,103,104,105,106,107,108,110,111,112,113,114,115,116,117,118,119,120,122,123,124,125,,,,,,,,,,,,,,,,,,,,,,,,,,,,,,,,,,,,,,,,,,,,,,,,,,,,
bbv,26,2,10,10,10,10,10,10,10,8750,10,10,10,10,10,10,10,10,10,10,35000,35000,36377,36377,36377,4831402,,,,,,,,,,,,,,,,,,,,,,,,,,,,,,,,,,,,,,,,,,,,,,,,,,,,
csv,26,2,379502335,379502422,378588373,378588428,378588471,378588502,378588640,378658531,378658849,378662053,378662083,378662171,378662175,379236191,379236209,379236245,379236265,379502312,379502307,379178451,399986995,399987023,399986795,400000051,,,,,,,,,,,,,,,,,,,,,,,,,,,,,,,,,,,,,,,,,,,,,,,,,,,,
bb_id,26,2,100,101,102,103,104,105,106,107,108,110,111,112,113,114,115,116,117,118,119,120,122,123,124,125,,,,,,,,,,,,,,,,,,,,,,,,,,,,,,,,,,,,,,,,,,,,,,,,,,,,
bbv,26,3,10,10,10,10,10,10,10,8750,10,10,10,10,10,10,10,10,10,10,35000,35000,36512,36512,36512,4813336,,,,,,,,,,,,,,,,,,,,,,,,,,,,,,,,,,,,,,,,,,,,,,,,,,,,
csv,26,3,379502343,379502457,378588339,378588383,378588391,378588465,378588533,378657919,378657943,378662065,378662089,378662133,378662177,379236197,379236221,379236283,379236306,379502327,379498754,379236179,399999043,399999071,399998943,400000071,,,,,,,,,,,,,,,,,,,,,,,,,,,,,,,,,,,,,,,,,,,,,,,,,,,,
bb_id,26,3,100,101,102,103,104,105,106,107,108,110,111,112,113,114,115,116,117,118,119,120,122,123,124,125,,,,,,,,,,,,,,,,,,,,,,,,,,,,,,,,,,,,,,,,,,,,,,,,,,,,
bbv,27,0,1,1,1,1,1,1,1,1,1,1,875,1,1,1,1,1,1,1,1,1,1,875,1,1,1,1,3500,3500,3500,466836,9,9,9,9,9,9,9,7875,9,9,9,9,9,9,9,9,9,9,31500,31500,32767,32767,32767,4370170,9,3501,1,1,1,1,1,875,1,1,1,1,1,1,1,3500,1,1,1,,,
csv,27,0,209963778,209634191,209963772,209963900,209964166,210468079,210468104,210468108,210468195,210468214,210524263,210524266,210524284,210524296,210524317,171973254,209553396,209553405,209553470,209553510,209553542,209633739,209633880,209634141,209634147,209634160,208906021,208906089,208910755,208910746,364501110,364501260,363587087,363587114,363587118,363587193,363587304,363660819,363660822,363660846,363660852,363660889,363660948,364234960,364234990,364235058,364235078,364501092,364498707,364211502,399997336,399997424,399997236,400000001,364501124,210468062,209634228,209634274,209634287,209634332,209634412,209722841,209722845,209725587,209725621,209725658,209725729,209725751,209963759,209963757,209725684,209725685,209725687,,,
bb_id,27,0,32,34,36,70,71,72,73,74,75,76,77,78,80,81,82,83,84,85,86,87,88,89,90,92,93,94,96,97,98,99,100,101,102,103,104,105,106,107,108,110,111,112,113,114,115,116,117,118,119,120,122,123,124,125,126,128,148,149,150,151,152,153,154,156,157,158,159,160,161,162,163,164,165,,,
bbv,27,1,1,1,1,1,1,1,1,875,1,1,1,1,1,1,1,1,1,1,875,1,1,1,1,3500,3500,3500,459781,9,9,9,9,9,9,9,7875,9,9,9,9,9,9,9,9,9,9,31500,31500,32891,32891,32891,4322062,3500,1,1,1,1,1,875,1,1,1,1,1,1,1,3500,,,,,,,,,,
csv,27,1,209964020,209964242,210468137,210468162,210468178,210468265,210468316,210521294,210521313,210524290,210524314,210524330,171973268,209553431,209553466,209553478,209553570,209553692,209627607,209627863,209629731,209631025,209634164,209551565,209551573,209553362,209553353,364501118,364501154,363587166,363587240,363587244,363587275,363587394,363651111,363651177,363660828,363660864,363660927,363660952,364234978,364235002,364235038,364235080,364501102,364498498,364234954,399990182,399990210,399990082,400000021,210462374,209634460,209634469,209634477,209634871,209634953,209714023,209714183,209725603,209725651,209725672,209725715,209725745,209963417,209963415,,,,,,,,,,
bb_id,27,1,70,71,72,73,74,75,76,77,78,80,81,82,83,84,85,86,87,88,89,90,92,93,94,96,97,98,99,100,101,102,103,104,105,106,107,108,110,111,112,113,114,115,116,117,118,119,120,122,123,124,125,128,148,149,150,151,152,153,154,156,157,158,159,160,161,162,,,,,,,,,,
bbv,27,2,1,1,1,1,1,1,1,875,1,1,1,1,1,1,1,1,1,1,875,1,1,1,1,3500,3500,3500,464982,9,9,9,9,9,9,9,7875,9,9,9,9,9,9,9,9,9,9,31500,31500,32996,32996,32996,4384388,3500,1,1,1,1,1,875,1,1,1,1,1,1,1,3500,,,,,,,,,,
csv,27,2,209963838,209963840,210468096,210468116,210468120,210468212,210468232,210522228,210522247,210524278,210524302,210524320,171973240,209553379,209553414,209553474,209553538,209553540,209622188,209622421,209623346,209623743,209634162,206965567,206965635,206970424,206970335,364501106,364501197,363587104,363587128,363587132,363587220,363587306,363653592,363653616,363660840,363660870,363660946,363660954,364234966,364234984,364235076,364235177,364501087,364501082,364186861,399998973,399999061,399998933,400000061,210439478,209634265,209634283,209634291,209634373,209634414,209710431,209710513,209725595,209725631,209725679,209725743,209725749,209932439,209932352,,,,,,,,,,
bb_id,27,2,70,71,72,73,74,75,76,77,78,80,81,82,83,84,85,86,87,88,89,90,92,93,94,96,97,98,99,100,101,102,103,104,105,106,107,108,110,111,112,113,114,115,116,117,118,119,120,122,123,124,125,128,148,149,150,151,152,153,154,156,157,158,159,160,161,162,,,,,,,,,,
bbv,27,3,1,1,1,1,1,1,1,875,1,1,1,1,1,1,1,1,1,1,875,1,1,1,1,3500,3500,3500,461505,9,9,9,9,9,9,9,7875,9,9,9,9,9,9,9,9,9,9,31500,31500,32921,32921,32921,4341063,3500,1,1,1,1,1,875,1,1,1,1,1,1,1,3500,,,,,,,,,,
csv,27,3,209963960,209964240,210468154,210468170,210468174,210468282,210468318,210521521,210521524,210524272,210524308,210524327,171973282,209553448,209553457,209553482,209553598,209553694,209634133,209634136,209634152,209634158,209634166,209502270,209502298,209506736,209506718,364501114,364501139,363587149,363587230,363587248,363587302,363587392,363649239,363649305,363660834,363660858,363660908,363660950,364234972,364234996,364235020,364235040,364501097,364478681,364234749,399996899,399996987,399996819,400000041,210464282,209634410,209634423,209634473,209634830,209634951,209725575,209725579,209725611,209725641,209725665,209725701,209725747,209947214,209947127,,,,,,,,,,
bb_id,27,3,70,71,72,73,74,75,76,77,78,80,81,82,83,84,85,86,87,88,89,90,92,93,94,96,97,98,99,100,101,102,103,104,105,106,107,108,110,111,112,113,114,115,116,117,118,119,120,122,123,124,125,128,148,149,150,151,152,153,154,156,157,158,159,160,161,162,,,,,,,,,,
bbv,28,0,11,11,11,11,11,11,11,9625,11,11,11,11,11,11,11,11,11,11,38500,38500,36515,36515,36515,4869057,11,,,,,,,,,,,,,,,,,,,,,,,,,,,,,,,,,,,,,,,,,,,,,,,,,,,
csv,28,0,387937183,387937435,387023160,387023170,387023174,387023201,387023203,387096892,387096895,387096901,387096931,387096962,387097023,387671033,387671063,387671170,387671212,387937165,387937155,387648272,399985678,399985706,399985578,400000031,387937197,,,,,,,,,,,,,,,,,,,,,,,,,,,,,,,,,,,,,,,,,,,,,,,,,,,
bb_id,28,0,100,101,102,103,104,105,106,107,108,110,111,112,113,114,115,116,117,118,119,120,122,123,124,125,126,,,,,,,,,,,,,,,,,,,,,,,,,,,,,,,,,,,,,,,,,,,,,,,,,,,
bbv,28,1,11,11,11,11,11,11,11,9625,11,11,11,11,11,11,11,11,11,11,38500,38500,36295,36295,36295,4767330,,,,,,,,,,,,,,,,,,,,,,,,,,,,,,,,,,,,,,,,,,,,,,,,,,,,
csv,28,1,387937191,387937485,387023331,387023372,387023376,387023455,387023509,387086740,387086746,387096913,387096937,387097000,387097027,387671051,387671075,387671113,387671152,387937175,387935141,387668977,399998783,399998811,399998703,400000071,,,,,,,,,,,,,,,,,,,,,,,,,,,,,,,,,,,,,,,,,,,,,,,,,,,,
bb_id,28,1,100,101,102,103,104,105,106,107,108,110,111,112,113,114,115,116,117,118,119,120,122,123,124,125,,,,,,,,,,,,,,,,,,,,,,,,,,,,,,,,,,,,,,,,,,,,,,,,,,,,
bbv,28,2,11,11,11,11,11,11,11,9625,11,11,11,11,11,11,11,11,11,11,38500,38500,36195,36195,36195,4808863,,,,,,,,,,,,,,,,,,,,,,,,,,,,,,,,,,,,,,,,,,,,,,,,,,,,
csv,28,2,387937179,387937212,387023220,387023230,387023234,387023407,387023505,387090589,387090613,387096907,387096925,387097019,387097021,387671039,387671057,387671131,387671172,387937160,387936661,387625476,399996826,399996854,399996766,400000051,,,,,,,,,,,,,,,,,,,,,,,,,,,,,,,,,,,,,,,,,,,,,,,,,,,,
bb_id,28,2,100,101,102,103,104,105,106,107,108,110,111,112,113,114,115,116,117,118,119,120,122,123,124,125,,,,,,,,,,,,,,,,,,,,,,,,,,,,,,,,,,,,,,,,,,,,,,,,,,,,
bbv,28,3,11,11,11,11,11,11,11,9625,11,11,11,11,11,11,11,11,11,11,38500,38500,36276,36276,36276,4783221,,,,,,,,,,,,,,,,,,,,,,,,,,,,,,,,,,,,,,,,,,,,,,,,,,,,
csv,28,3,387937187,387937470,387023251,387023341,387023380,387023482,387023507,387086677,387086743,387096919,387096943,387096981,387097025,387671045,387671069,387671093,387671095,387937170,387935673,387671027,399990509,399990577,399990469,400000011,,,,,,,,,,,,,,,,,,,,,,,,,,,,,,,,,,,,,,,,,,,,,,,,,,,,
bb_id,28,3,100,101,102,103,104,105,106,107,108,110,111,112,113,114,115,116,117,118,119,120,122,123,124,125,,,,,,,,,,,,,,,,,,,,,,,,,,,,,,,,,,,,,,,,,,,,,,,,,,,,
bbv,29,0,1,2433,2433,2432,324975,9,9,10,10,10,10,10,8750,10,10,10,10,10,10,10,10,10,10,35000,35000,33985,33985,33986,4534488,9,,,,,,,,,,,,,,,,,,,,,,,,,,,,,,,,,,,,,,,,,,,,,,
csv,29,0,372879058,399995014,399995122,399994954,400000036,334384854,334385068,371965029,371965073,371965114,371965186,371965192,372038761,372038764,372038770,372038794,372038831,372038890,372612902,372612932,372613018,372613043,372879029,372877143,372587435,371962995,371963003,371965012,371965003,334384872,,,,,,,,,,,,,,,,,,,,,,,,,,,,,,,,,,,,,,,,,,,,,,
bb_id,29,0,83,96,97,98,99,100,101,102,103,104,105,106,107,108,110,111,112,113,114,115,116,117,118,119,120,122,123,124,125,126,,,,,,,,,,,,,,,,,,,,,,,,,,,,,,,,,,,,,,,,,,,,,,
bbv,29,1,1,2463,2463,2462,323918,9,9,10,10,10,10,10,8750,10,10,10,10,10,10,10,10,10,10,35000,35000,33809,33809,33810,4441857,,,,,,,,,,,,,,,,,,,,,,,,,,,,,,,,,,,,,,,,,,,,,,,
csv,29,1,372879100,399993277,399993385,399993237,400000076,334384866,334385013,371965100,371965124,371965132,371965221,371965334,372026425,372026596,372038788,372038806,372038888,372038896,372612920,372612944,372612980,372613000,372879039,372879024,372608427,370675927,370676035,370681775,370681706,,,,,,,,,,,,,,,,,,,,,,,,,,,,,,,,,,,,,,,,,,,,,,,
bb_id,29,1,83,96,97,98,99,100,101,102,103,104,105,106,107,108,110,111,112,113,114,115,116,117,118,119,120,122,123,124,125,,,,,,,,,,,,,,,,,,,,,,,,,,,,,,,,,,,,,,,,,,,,,,,
bbv,29,2,1,2725,2725,2724,362055,9,9,10,10,10,10,10,8750,10,10,10,10,10,10,10,10,10,10,35000,35000,33913,33913,33914,4504925,,,,,,,,,,,,,,,,,,,,,,,,,,,,,,,,,,,,,,,,,,,,,,,
csv,29,2,372879072,399999688,399999756,399999648,400000016,334384858,334384887,371965063,371965110,371965190,371965311,371965357,372034453,372034477,372038776,372038800,372038850,372038892,372612908,372612926,372612962,372613020,372879044,372871823,372566033,370851107,370851115,370856041,370856012,,,,,,,,,,,,,,,,,,,,,,,,,,,,,,,,,,,,,,,,,,,,,,,
bb_id,29,2,83,96,97,98,99,100,101,102,103,104,105,106,107,108,110,111,112,113,114,115,116,117,118,119,120,122,123,124,125,,,,,,,,,,,,,,,,,,,,,,,,,,,,,,,,,,,,,,,,,,,,,,,
bbv,29,3,1,2475,2475,2474,326425,9,9,10,10,10,10,10,8750,10,10,10,10,10,10,10,10,10,10,35000,35000,33783,33783,33784,4454971,,,,,,,,,,,,,,,,,,,,,,,,,,,,,,,,,,,,,,,,,,,,,,,
csv,29,3,372879086,399997291,399997399,399997251,400000056,334384862,334384930,371965046,371965083,371965128,371965159,371965194,372027814,372027817,372038782,372038812,372038869,372038894,372612914,372612938,372612998,372613041,372879034,372868916,372612896,371192935,371192943,371199889,371199880,,,,,,,,,,,,,,,,,,,,,,,,,,,,,,,,,,,,,,,,,,,,,,,
bb_id,29,3,83,96,97,98,99,100,101,102,103,104,105,106,107,108,110,111,112,113,114,115,116,117,118,119,120,122,123,124,125,,,,,,,,,,,,,,,,,,,,,,,,,,,,,,,,,,,,,,,,,,,,,,,
bbv,30,0,1,1,1,1,1,1,1,1,1,1,875,1,1,1,1,1,1,1,1,1,875,1,1,1,1,1067,1067,1068,141861,11,11,10,10,10,10,10,8750,10,10,10,10,10,10,10,10,10,10,35000,35000,35313,35313,35312,4708813,11,3501,1,1,1,1,1,875,1,1,1,1,1,1,1,3500,1,1,1,,,,
csv,30,0,10869520,10539933,10869514,10869580,10869764,11373995,11374054,11374098,11374119,11374169,11427148,11427167,11430026,11430050,11430062,10459155,10459203,10459250,10459278,10459335,10539886,10539889,10539894,10539900,10539902,9761574,9761642,9766211,9766202,396372007,396372075,395457993,395458020,395458024,395458092,395458094,395507986,395508346,395531752,395531758,395531814,395531854,396105866,396105896,396105962,396105986,396371998,396367865,396076381,399998974,399999022,399998934,400000071,396372030,11366352,10539970,10540016,10540033,10540074,10540117,10625255,10625259,10631345,10631363,10631400,10631676,10631746,10869501,10869499,10631419,10631427,10631457,,,,
bb_id,30,0,32,34,36,70,71,72,73,74,75,76,77,78,80,81,82,84,85,86,87,88,89,90,92,93,94,96,97,98,99,100,101,102,103,104,105,106,107,108,110,111,112,113,114,115,116,117,118,119,120,122,123,124,125,126,128,148,149,150,151,152,153,154,156,157,158,159,160,161,162,163,164,165,,,,
bbv,30,1,1,1,1,1,1,1,1,875,1,1,1,1,1,1,1,1,1,875,1,1,1,1,1037,1037,1038,135863,11,11,10,10,10,10,10,8750,10,10,10,10,10,10,10,10,10,10,35000,35000,35349,35348,35348,4643471,3500,1,1,1,1,1,875,1,1,1,1,1,1,1,3500,,,,,,,,,,,
csv,30,1,10869762,10869766,11373850,11373877,11373913,11373962,11374030,11430005,11430008,11430014,11430056,11430072,10459190,10459242,10459282,10459386,10459411,10526136,10526208,10527179,10527507,10539906,10457307,10457315,10459104,10459095,396372024,396372110,395458130,395458192,395458305,395458485,395458573,395515927,395515930,395531746,395531770,395531852,395531860,396105884,396105908,396105944,396105984,396372003,396369233,396104712,400000011,399988254,399999891,399999862,11372832,10540193,10540211,10540219,10540613,10540799,10621663,10621693,10631353,10631393,10631414,10631441,10631459,10863600,10863598,,,,,,,,,,,
bb_id,30,1,70,71,72,73,74,75,76,77,78,80,81,82,84,85,86,87,88,89,90,92,93,94,96,97,98,99,100,101,102,103,104,105,106,107,108,110,111,112,113,114,115,116,117,118,119,120,122,123,124,125,128,148,149,150,151,152,153,154,156,157,158,159,160,161,162,,,,,,,,,,,
bbv,30,2,1,1,1,1,1,1,1,875,1,1,1,1,1,1,1,1,1,875,1,1,1,1,775,775,776,102927,11,11,10,10,10,10,10,8750,10,10,10,10,10,10,10,10,10,10,35000,35000,35334,35334,35333,4695407,3500,1,1,1,1,1,875,1,1,1,1,1,1,1,3500,,,,,,,,,,,
csv,30,2,10869640,10869642,11374012,11374062,11374102,11374186,11374188,11429106,11429109,11430020,11430044,11430059,10459138,10459164,10459246,10459333,10459436,10533234,10533651,10535404,10535893,10539908,7788322,7788390,7794773,7794744,396372011,396372060,395458010,395458034,395458038,395458065,395458096,395531725,395531728,395531734,395531776,395531795,395531856,396105872,396105890,396105980,396105988,396371993,396371988,396057808,399991283,399991311,399991243,400000051,11349216,10540007,10540025,10540029,10540115,10540119,10613625,10613681,10631337,10631373,10631426,10631662,10631748,10852242,10852155,,,,,,,,,,,
bb_id,30,2,70,71,72,73,74,75,76,77,78,80,81,82,84,85,86,87,88,89,90,92,93,94,96,97,98,99,100,101,102,103,104,105,106,107,108,110,111,112,113,114,115,116,117,118,119,120,122,123,124,125,128,148,149,150,151,152,153,154,156,157,158,159,160,161,162,,,,,,,,,,,
bbv,30,3,1,1,1,1,1,1,1,875,1,1,1,1,1,1,1,1,1,875,1,1,1,1,1025,1025,1026,135080,11,11,10,10,10,10,10,8750,10,10,10,10,10,10,10,10,10,10,35000,35000,35349,35349,35348,4662262,3500,1,1,1,1,1,875,1,1,1,1,1,1,1,3500,,,,,,,,,,,
csv,30,3,10869702,10869768,11373821,11373829,11373833,11373867,11373869,11427327,11427410,11430032,11430038,11430065,10459121,10459173,10459194,10459231,10459233,10536100,10536103,10536982,10537057,10539904,10273468,10273496,10279119,10279090,396372020,396372045,395458113,395458182,395458301,395458458,395458487,395516980,395516983,395531740,395531764,395531833,395531858,396105878,396105902,396105926,396105982,396372016,396370031,396105860,399992240,399992288,399992200,400000031,11373804,10540156,10540202,10540215,10540572,10540797,10631317,10631321,10631329,10631383,10631407,10631455,10631461,10849945,10849926,,,,,,,,,,,
bb_id,30,3,70,71,72,73,74,75,76,77,78,80,81,82,84,85,86,87,88,89,90,92,93,94,96,97,98,99,100,101,102,103,104,105,106,107,108,110,111,112,113,114,115,116,117,118,119,120,122,123,124,125,128,148,149,150,151,152,153,154,156,157,158,159,160,161,162,,,,,,,,,,,
bbv,31,0,10,10,10,10,10,10,10,8750,10,10,10,10,10,10,10,10,10,10,35000,35000,36278,36278,36278,4840024,10,,,,,,,,,,,,,,,,,,,,,,,,,,,,,,,,,,,,,,,,,,,,,,,,,,,
csv,31,0,381313885,381313957,380399862,380399872,380399876,380399903,380399905,380472625,380472628,380473621,380473627,380473664,380473723,381047741,381047765,381047948,381047952,381313872,381311216,381024933,399993502,399993590,399993462,400000064,381313899,,,,,,,,,,,,,,,,,,,,,,,,,,,,,,,,,,,,,,,,,,,,,,,,,,,
bb_id,31,0,100,101,102,103,104,105,106,107,108,110,111,112,113,114,115,116,117,118,119,120,122,123,124,125,126,,,,,,,,,,,,,,,,,,,,,,,,,,,,,,,,,,,,,,,,,,,,,,,,,,,
bbv,31,1,10,10,10,10,10,10,10,8750,10,10,10,10,10,10,10,10,10,10,35000,35000,36469,36470,36469,4789882,,,,,,,,,,,,,,,,,,,,,,,,,,,,,,,,,,,,,,,,,,,,,,,,,,,,
csv,31,1,381313893,381314047,380400369,380400463,380400546,380400600,380400671,380473594,380473597,380473609,380473639,380473702,380473729,381047753,381047777,381047813,381047817,381313877,381306599,381047729,399989585,399989673,399989465,400000024,,,,,,,,,,,,,,,,,,,,,,,,,,,,,,,,,,,,,,,,,,,,,,,,,,,,
bb_id,31,1,100,101,102,103,104,105,106,107,108,110,111,112,113,114,115,116,117,118,119,120,122,123,124,125,,,,,,,,,,,,,,,,,,,,,,,,,,,,,,,,,,,,,,,,,,,,,,,,,,,,
bbv,31,2,10,10,10,10,10,10,10,8750,10,10,10,10,10,10,10,10,10,10,35000,35000,36435,36435,36435,4839065,,,,,,,,,,,,,,,,,,,,,,,,,,,,,,,,,,,,,,,,,,,,,,,,,,,,
csv,31,2,381313881,381313914,380400237,380400289,380400314,380400521,380400552,380466445,380466637,380473603,380473645,380473721,380473725,381047735,381047771,381047873,381047950,381313862,381313857,380989140,399995596,399995664,399995556,400000044,,,,,,,,,,,,,,,,,,,,,,,,,,,,,,,,,,,,,,,,,,,,,,,,,,,,
bb_id,31,2,100,101,102,103,104,105,106,107,108,110,111,112,113,114,115,116,117,118,119,120,122,123,124,125,,,,,,,,,,,,,,,,,,,,,,,,,,,,,,,,,,,,,,,,,,,,,,,,,,,,
bbv,31,3,10,10,10,10,10,10,10,8750,10,10,10,10,10,10,10,10,10,10,35000,35000,36446,36446,36446,4804563,,,,,,,,,,,,,,,,,,,,,,,,,,,,,,,,,,,,,,,,,,,,,,,,,,,,
csv,31,3,381313889,381313992,380400352,380400473,380400550,380400627,380400673,380470060,380470252,380473615,380473633,380473683,380473727,381047747,381047759,381047795,381047815,381313867,381295997,381047442,399994059,399994147,399994019,400000004,,,,,,,,,,,,,,,,,,,,,,,,,,,,,,,,,,,,,,,,,,,,,,,,,,,,
bb_id,31,3,100,101,102,103,104,105,106,107,108,110,111,112,113,114,115,116,117,118,119,120,122,123,124,125,,,,,,,,,,,,,,,,,,,,,,,,,,,,,,,,,,,,,,,,,,,,,,,,,,,,
bbv,32,0,1,1,1,1,1,1,1,1,1,1,875,1,1,1,1,1,1,1,1,1,1,875,1,1,1,1,3500,3500,3500,466836,9,9,9,9,9,9,9,7875,9,9,9,9,9,9,9,9,9,9,31500,31500,32793,32793,32793,4374067,9,3501,1,1,1,1,1,875,1,1,1,1,1,1,1,3500,1,1,1,,,
csv,32,0,211775335,211445748,211775329,211775395,211775459,212279686,212279711,212279723,212279752,212279771,212328454,212328489,212335829,212335859,212335874,173784839,211364987,211365023,211365099,211365615,211365711,211445701,211445704,211445709,211445715,211445717,210245369,210245514,210250143,210250134,366312662,366312937,365398644,365398654,365398658,365398685,365398687,365464372,365464732,365472391,365472409,365472503,365472511,366046517,366046547,366046577,366046675,366312644,366311898,366020353,399990292,399990360,399990252,400000048,366312681,212271915,211445785,211445831,211445848,211445889,211445932,211531924,211532032,211537168,211537178,211537215,211537272,211537276,211770503,211770501,211537220,211537228,211537244,,,
bb_id,32,0,32,34,36,70,71,72,73,74,75,76,77,78,80,81,82,83,84,85,86,87,88,89,90,92,93,94,96,97,98,99,100,101,102,103,104,105,106,107,108,110,111,112,113,114,115,116,117,118,119,120,122,123,124,125,126,128,148,149,150,151,152,153,154,156,157,158,159,160,161,162,163,164,165,,,
bbv,32,1,1,1,1,1,1,1,1,875,1,1,1,1,1,1,1,1,1,1,875,1,1,1,1,3500,3500,3500,459781,9,9,9,9,9,9,9,7875,9,9,9,9,9,9,9,9,9,9,31500,31500,32888,32888,32888,4321541,3500,1,1,1,1,1,875,1,1,1,1,1,1,1,3500,,,,,,,,,,
csv,32,1,211775579,211775979,212279661,212279669,212279735,212279839,212279841,212335129,212335148,212335847,212335871,212335883,173784811,211364936,211365014,211365027,211365059,211365089,211438313,211438362,211438482,211438557,211445721,211363122,211363130,211364919,211364910,366312675,366312862,365399297,365399357,365399382,365399495,365399560,365457166,365457169,365472403,365472427,365472446,365472507,366046535,366046559,366046613,366046635,366312671,366310530,366044625,399996686,399996774,399996586,400000008,212279583,211446008,211446104,211446190,211446283,211446326,211530126,211530208,211537160,211537208,211537242,211537491,211537493,211775316,211775314,,,,,,,,,,
bb_id,32,1,70,71,72,73,74,75,76,77,78,80,81,82,83,84,85,86,87,88,89,90,92,93,94,96,97,98,99,100,101,102,103,104,105,106,107,108,110,111,112,113,114,115,116,117,118,119,120,122,123,124,125,128,148,149,150,151,152,153,154,156,157,158,159,160,161,162,,,,,,,,,,
bbv,32,2,1,1,1,1,1,1,1,875,1,1,1,1,1,1,1,1,1,1,875,1,1,1,1,3500,3500,3500,464982,9,9,9,9,9,9,9,7875,9,9,9,9,9,9,9,9,9,9,31500,31500,32939,32939,32939,4375648,3500,1,1,1,1,1,875,1,1,1,1,1,1,1,3500,,,,,,,,,,
csv,32,2,211775455,211775457,212279703,212279719,212279727,212279769,212279773,212326083,212326134,212335835,212335853,212335877,173784825,211364970,211364996,211365095,211365587,211365709,211438879,211439204,211443441,211445425,211445719,208066316,208066384,208071673,208071604,366312666,366312696,365399134,365399186,365399259,365399324,365399405,365472376,365472379,365472385,365472421,365472484,365472509,366046523,366046541,366046595,366046677,366312649,366307984,365998541,399999100,399999148,399999020,400000068,212249163,211445822,211445840,211445844,211445930,211445934,211536374,211536456,211537144,211537188,211537227,211537258,211537274,211745322,211745303,,,,,,,,,,
bb_id,32,2,70,71,72,73,74,75,76,77,78,80,81,82,83,84,85,86,87,88,89,90,92,93,94,96,97,98,99,100,101,102,103,104,105,106,107,108,110,111,112,113,114,115,116,117,118,119,120,122,123,124,125,128,148,149,150,151,152,153,154,156,157,158,159,160,161,162,,,,,,,,,,
bbv,32,3,1,1,1,1,1,1,1,875,1,1,1,1,1,1,1,1,1,1,875,1,1,1,1,3500,3500,3500,461505,9,9,9,9,9,9,9,7875,9,9,9,9,9,9,9,9,9,9,31500,31500,32966,32966,32966,4346407,3500,1,1,1,1,1,875,1,1,1,1,1,1,1,3500,,,,,,,,,,
csv,32,3,211775519,211775977,212279636,212279644,212279731,212279822,212279843,212335820,212335823,212335841,212335865,212335880,173784797,211364953,211365005,211365031,211365087,211365091,211433400,211433426,211434259,211434702,211445723,211069166,211069194,211074517,211074488,366312658,366312759,365398998,365399071,365399075,365399234,365399347,365455294,365455402,365472397,365472415,365472465,365472505,366046529,366046553,366046631,366046633,366312654,366312639,366046511,399998643,399998671,399998583,400000028,212279619,211445971,211446095,211446186,211446324,211446380,211537132,211537136,211537152,211537198,211537235,211537477,211537495,211760420,211760333,,,,,,,,,,
bb_id,32,3,70,71,72,73,74,75,76,77,78,80,81,82,83,84,85,86,87,88,89,90,92,93,94,96,97,98,99,100,101,102,103,104,105,106,107,108,110,111,112,113,114,115,116,117,118,119,120,122,123,124,125,128,148,149,150,151,152,153,154,156,157,158,159,160,161,162,,,,,,,,,,
bbv,33,0,11,11,11,11,11,11,11,9625,11,11,11,11,11,11,11,11,11,11,38500,38500,36507,36507,36507,4867902,11,,,,,,,,,,,,,,,,,,,,,,,,,,,,,,,,,,,,,,,,,,,,,,,,,,,
csv,33,0,389748737,389748827,388834710,388834737,388834741,388834785,388834824,388908355,388908421,388908463,388908481,388908512,388908571,389482583,389482613,389482720,389482762,389748710,389738597,389482577,399994303,399994331,399994203,400000065,389748747,,,,,,,,,,,,,,,,,,,,,,,,,,,,,,,,,,,,,,,,,,,,,,,,,,,
bb_id,33,0,100,101,102,103,104,105,106,107,108,110,111,112,113,114,115,116,117,118,119,120,122,123,124,125,126,,,,,,,,,,,,,,,,,,,,,,,,,,,,,,,,,,,,,,,,,,,,,,,,,,,
bbv,33,1,11,11,11,11,11,11,11,9625,11,11,11,11,11,11,11,11,11,11,38500,38500,36271,36271,36271,4764542,,,,,,,,,,,,,,,,,,,,,,,,,,,,,,,,,,,,,,,,,,,,,,,,,,,,
csv,33,1,389748729,389748797,388834822,388834886,388834944,388835015,388835101,388902892,388903189,388908451,388908493,388908550,388908577,389482601,389482625,389482663,389482702,389748725,389748705,389465070,399993906,399993914,399993806,400000025,,,,,,,,,,,,,,,,,,,,,,,,,,,,,,,,,,,,,,,,,,,,,,,,,,,,
bb_id,33,1,100,101,102,103,104,105,106,107,108,110,111,112,113,114,115,116,117,118,119,120,122,123,124,125,,,,,,,,,,,,,,,,,,,,,,,,,,,,,,,,,,,,,,,,,,,,,,,,,,,,
bbv,33,2,11,11,11,11,11,11,11,9625,11,11,11,11,11,11,11,11,11,11,38500,38500,36271,36271,36271,4820018,,,,,,,,,,,,,,,,,,,,,,,,,,,,,,,,,,,,,,,,,,,,,,,,,,,,
csv,33,2,389748741,389748812,388834727,388834795,388834828,388834876,388834913,388897849,388897957,388908469,388908475,388908569,388908573,389482589,389482619,389482681,389482722,389748715,389748230,389442971,399994800,399994868,399994760,400000005,,,,,,,,,,,,,,,,,,,,,,,,,,,,,,,,,,,,,,,,,,,,,,,,,,,,
bb_id,33,2,100,101,102,103,104,105,106,107,108,110,111,112,113,114,115,116,117,118,119,120,122,123,124,125,,,,,,,,,,,,,,,,,,,,,,,,,,,,,,,,,,,,,,,,,,,,,,,,,,,,
bbv,33,3,11,11,11,11,11,11,11,9625,11,11,11,11,11,11,11,11,11,11,38500,38500,36214,36214,36214,4776042,,,,,,,,,,,,,,,,,,,,,,,,,,,,,,,,,,,,,,,,,,,,,,,,,,,,
csv,33,3,389748733,389748762,388834758,388834805,388834890,388834940,388834946,388908442,388908445,388908457,388908487,388908531,388908575,389482595,389482607,389482643,389482645,389748720,389737723,389465275,399997697,399997865,399997657,400000045,,,,,,,,,,,,,,,,,,,,,,,,,,,,,,,,,,,,,,,,,,,,,,,,,,,,
bb_id,33,3,100,101,102,103,104,105,106,107,108,110,111,112,113,114,115,116,117,118,119,120,122,123,124,125,,,,,,,,,,,,,,,,,,,,,,,,,,,,,,,,,,,,,,,,,,,,,,,,,,,,
bbv,34,0,1,2304,2304,2303,308295,9,9,10,10,10,10,10,8750,10,10,10,10,10,10,10,10,10,10,35000,35000,34109,34109,34110,4550994,9,,,,,,,,,,,,,,,,,,,,,,,,,,,,,,,,,,,,,,,,,,,,,,
csv,34,0,374690656,399993147,399993235,399993107,400000072,336196405,336196516,373776585,373776622,373776701,373776738,373776750,373850317,373850320,373850326,373850356,373850387,373850448,374424458,374424488,374424518,374424574,374690585,374690580,374403132,373774551,373774559,373776568,373776559,336196428,,,,,,,,,,,,,,,,,,,,,,,,,,,,,,,,,,,,,,,,,,,,,,
bb_id,34,0,83,96,97,98,99,100,101,102,103,104,105,106,107,108,110,111,112,113,114,115,116,117,118,119,120,122,123,124,125,126,,,,,,,,,,,,,,,,,,,,,,,,,,,,,,,,,,,,,,,,,,,,,,
bbv,34,1,1,2233,2233,2232,293121,9,9,10,10,10,10,10,8750,10,10,10,10,10,10,10,10,10,10,35000,35000,34023,34023,34024,4469614,,,,,,,,,,,,,,,,,,,,,,,,,,,,,,,,,,,,,,,,,,,,,,,
csv,34,1,374690614,399974588,399974616,399974488,400000032,336196418,336196501,373776660,373776697,373776744,373776869,373776976,373845457,373845502,373850344,373850368,373850425,373850452,374424476,374424500,374424572,374424580,374690600,374681707,374424452,372801250,372801258,372806167,372806158,,,,,,,,,,,,,,,,,,,,,,,,,,,,,,,,,,,,,,,,,,,,,,,
bb_id,34,1,83,96,97,98,99,100,101,102,103,104,105,106,107,108,110,111,112,113,114,115,116,117,118,119,120,122,123,124,125,,,,,,,,,,,,,,,,,,,,,,,,,,,,,,,,,,,,,,,,,,,,,,,
bbv,34,2,1,2564,2564,2563,340659,9,9,10,10,10,10,10,8750,10,10,10,10,10,10,10,10,10,10,35000,35000,34021,34021,34022,4518962,,,,,,,,,,,,,,,,,,,,,,,,,,,,,,,,,,,,,,,,,,,,,,,
csv,34,2,374690642,399998364,399998432,399998284,400000052,336196409,336196443,373776639,373776711,373776748,373776777,373776842,373846657,373846870,373850332,373850362,373850444,373850446,374424464,374424482,374424536,374424576,374690590,374651877,374380746,372847948,372847976,372851502,372851473,,,,,,,,,,,,,,,,,,,,,,,,,,,,,,,,,,,,,,,,,,,,,,,
bb_id,34,2,83,96,97,98,99,100,101,102,103,104,105,106,107,108,110,111,112,113,114,115,116,117,118,119,120,122,123,124,125,,,,,,,,,,,,,,,,,,,,,,,,,,,,,,,,,,,,,,,,,,,,,,,
bbv,34,3,1,2315,2315,2314,305978,9,9,10,10,10,10,10,8750,10,10,10,10,10,10,10,10,10,10,35000,35000,34025,34025,34026,4485976,,,,,,,,,,,,,,,,,,,,,,,,,,,,,,,,,,,,,,,,,,,,,,,
csv,34,3,374690628,399987450,399987518,399987350,400000012,336196422,336196486,373776602,373776612,373776643,373776687,373776740,373846867,373846894,373850338,373850350,373850406,373850450,374424470,374424494,374424554,374424578,374690595,374679978,374423181,372226366,372226434,372236354,372236265,,,,,,,,,,,,,,,,,,,,,,,,,,,,,,,,,,,,,,,,,,,,,,,
bb_id,34,3,83,96,97,98,99,100,101,102,103,104,105,106,107,108,110,111,112,113,114,115,116,117,118,119,120,122,123,124,125,,,,,,,,,,,,,,,,,,,,,,,,,,,,,,,,,,,,,,,,,,,,,,,
bbv,35,0,1,1,1,1,1,1,1,1,1,1,875,1,1,1,1,1,1,1,1,1,875,1,1,1,1,1196,1196,1197,158541,11,11,10,10,10,10,10,8750,10,10,10,10,10,10,10,10,10,10,35000,35000,35165,35165,35164,4689448,11,3501,1,1,1,1,1,875,1,1,1,1,1,1,1,3500,1,1,1,,,,
csv,35,0,12681080,12351493,12681074,12681140,12681202,13185381,13185406,13185418,13185439,13185494,13241565,13241568,13241574,13241604,13241619,12270715,12270759,12270772,12270870,12270904,12347959,12347962,12347967,12348019,12351462,11220519,11220527,11225390,11225281,398183584,398183648,397269618,397269706,397269716,397269793,397269902,397343285,397343288,397343312,397343330,397343355,397343414,397917426,397917456,397917504,397917546,398183558,398178703,397850754,399998980,399999008,399998900,400000048,398183590,13180180,12351567,12351585,12351593,12351675,12351771,12432859,12432863,12442889,12442923,12442960,12443017,12443021,12678033,12678031,12442965,12442973,12442989,,,,
bb_id,35,0,32,34,36,70,71,72,73,74,75,76,77,78,80,81,82,84,85,86,87,88,89,90,92,93,94,96,97,98,99,100,101,102,103,104,105,106,107,108,110,111,112,113,114,115,116,117,118,119,120,122,123,124,125,126,128,148,149,150,151,152,153,154,156,157,158,159,160,161,162,163,164,165,,,,
bbv,35,1,1,1,1,1,1,1,1,875,1,1,1,1,1,1,1,1,1,875,1,1,1,1,1267,1267,1268,166660,11,11,10,10,10,10,10,8750,10,10,10,10,10,10,10,10,10,10,35000,35000,35176,35176,35175,4620370,3500,1,1,1,1,1,875,1,1,1,1,1,1,1,3500,,,,,,,,,,,
csv,35,1,12681324,12681326,13185490,13185518,13185546,13185584,13185620,13238068,13238119,13241592,13241616,13241636,12270681,12270750,12270780,12270840,12270900,12351446,12351449,12351454,12351460,12351468,12268867,12268875,12270664,12270655,398183576,398183758,397269601,397269628,397269659,397269686,397269739,397333406,397333430,397343294,397343324,397343412,397343420,397917438,397917468,397917542,397917548,398183568,398174732,397917420,399997003,399997031,399996903,400000008,13185220,12351749,12351758,12351779,12351898,12352125,12442877,12442881,12442905,12442953,12442980,12443205,12443308,12681061,12681059,,,,,,,,,,,
bb_id,35,1,70,71,72,73,74,75,76,77,78,80,81,82,84,85,86,87,88,89,90,92,93,94,96,97,98,99,100,101,102,103,104,105,106,107,108,110,111,112,113,114,115,116,117,118,119,120,122,123,124,125,128,148,149,150,151,152,153,154,156,157,158,159,160,161,162,,,,,,,,,,,
bbv,35,2,1,1,1,1,1,1,1,875,1,1,1,1,1,1,1,1,1,875,1,1,1,1,936,936,937,124323,11,11,10,10,10,10,10,8750,10,10,10,10,10,10,10,10,10,10,35000,35000,35176,35176,35175,4673326,3500,1,1,1,1,1,875,1,1,1,1,1,1,1,3500,,,,,,,,,,,
csv,35,2,12681200,12681204,13185398,13185414,13185422,13185456,13185492,13238935,13238954,13241580,13241610,13241622,12270732,12270768,12270776,12270898,12270902,12341675,12341747,12343086,12344107,12351464,8989383,8989451,8995094,8995065,398183580,398183605,397269553,397269563,397269567,397269655,397269708,397333829,397334105,397343306,397343318,397343374,397343416,397917432,397917462,397917486,397917544,398183553,398183548,397818651,399989189,399989217,399989049,400000028,13152604,12351530,12351576,12351589,12351634,12351769,12423625,12423655,12442897,12442933,12442972,12443003,12443019,12650234,12650147,,,,,,,,,,,
bb_id,35,2,70,71,72,73,74,75,76,77,78,80,81,82,84,85,86,87,88,89,90,92,93,94,96,97,98,99,100,101,102,103,104,105,106,107,108,110,111,112,113,114,115,116,117,118,119,120,122,123,124,125,128,148,149,150,151,152,153,154,156,157,158,159,160,161,162,,,,,,,,,,,
bbv,35,3,1,1,1,1,1,1,1,875,1,1,1,1,1,1,1,1,1,875,1,1,1,1,1185,1185,1186,155527,11,11,10,10,10,10,10,8750,10,10,10,10,10,10,10,10,10,10,35000,35000,35165,35165,35164,4637457,3500,1,1,1,1,1,875,1,1,1,1,1,1,1,3500,,,,,,,,,,,
csv,35,3,12681264,12681328,13185473,13185526,13185550,13185567,13185618,13240554,13240557,13241586,13241598,13241633,12270698,12270741,12270784,12270812,12270842,12343776,12343894,12345216,12345981,12351466,12077494,12077522,12083308,12083279,398183572,398183683,397269584,397269696,397269712,397269766,397269816,397340783,397340786,397343300,397343336,397343393,397343418,397917444,397917450,397917522,397917524,398183563,398160577,397892492,399991526,399991594,399991486,400000068,13185364,12351712,12351767,12351775,12351939,12352123,12436971,12437001,12442913,12442943,12442987,12443219,12443306,12663156,12663154,,,,,,,,,,,
bb_id,35,3,70,71,72,73,74,75,76,77,78,80,81,82,84,85,86,87,88,89,90,92,93,94,96,97,98,99,100,101,102,103,104,105,106,107,108,110,111,112,113,114,115,116,117,118,119,120,122,123,124,125,128,148,149,150,151,152,153,154,156,157,158,159,160,161,162,,,,,,,,,,,
bbv,36,0,10,10,10,10,10,10,10,8750,10,10,10,10,10,10,10,10,10,10,35000,35000,36285,36285,36285,4840412,10,,,,,,,,,,,,,,,,,,,,,,,,,,,,,,,,,,,,,,,,,,,,,,,,,,,
csv,36,0,383125444,383125477,382211490,382211524,382211555,382211615,382211646,382283474,382283477,382285178,382285202,382285227,382285286,382859298,382859328,382859415,382859435,383125425,383115198,382808739,399977946,399977974,399977886,400000030,383125462,,,,,,,,,,,,,,,,,,,,,,,,,,,,,,,,,,,,,,,,,,,,,,,,,,,
bb_id,36,0,100,101,102,103,104,105,106,107,108,110,111,112,113,114,115,116,117,118,119,120,122,123,124,125,126,,,,,,,,,,,,,,,,,,,,,,,,,,,,,,,,,,,,,,,,,,,,,,,,,,,
bbv,36,1,10,10,10,10,10,10,10,8750,10,10,10,10,10,10,10,10,10,10,35000,35000,36415,36415,36415,4783941,,,,,,,,,,,,,,,,,,,,,,,,,,,,,,,,,,,,,,,,,,,,,,,,,,,,
csv,36,1,383125456,383125522,382211456,382211510,382211559,382211642,382211711,382285157,382285160,382285166,382285208,382285284,382285292,382859310,382859340,382859397,382859437,383125440,383123178,382859292,399991291,399991319,399991251,400000070,,,,,,,,,,,,,,,,,,,,,,,,,,,,,,,,,,,,,,,,,,,,,,,,,,,,
bb_id,36,1,100,101,102,103,104,105,106,107,108,110,111,112,113,114,115,116,117,118,119,120,122,123,124,125,,,,,,,,,,,,,,,,,,,,,,,,,,,,,,,,,,,,,,,,,,,,,,,,,,,,
bbv,36,2,10,10,10,10,10,10,10,8750,10,10,10,10,10,10,10,10,10,10,35000,35000,36429,36429,36429,4839928,,,,,,,,,,,,,,,,,,,,,,,,,,,,,,,,,,,,,,,,,,,,,,,,,,,,
csv,36,2,383125448,383125492,382211425,382211435,382211439,382211551,382211588,382277126,382277360,382285184,382285190,382285246,382285288,382859304,382859334,382859433,382859458,383125430,383125420,382786230,399998085,399998173,399997985,400000010,,,,,,,,,,,,,,,,,,,,,,,,,,,,,,,,,,,,,,,,,,,,,,,,,,,,
bb_id,36,2,100,101,102,103,104,105,106,107,108,110,111,112,113,114,115,116,117,118,119,120,122,123,124,125,,,,,,,,,,,,,,,,,,,,,,,,,,,,,,,,,,,,,,,,,,,,,,,,,,,,
bbv,36,3,10,10,10,10,10,10,10,8750,10,10,10,10,10,10,10,10,10,10,35000,35000,36481,36481,36481,4809287,,,,,,,,,,,,,,,,,,,,,,,,,,,,,,,,,,,,,,,,,,,,,,,,,,,,
csv,36,3,383125452,383125507,382211473,382211500,382211514,382211586,382211644,382281497,382281689,382285172,382285196,382285265,382285290,382859316,382859322,382859358,382859360,383125435,383105413,382834282,399998462,399998610,399998422,400000050,,,,,,,,,,,,,,,,,,,,,,,,,,,,,,,,,,,,,,,,,,,,,,,,,,,,
bb_id,36,3,100,101,102,103,104,105,106,107,108,110,111,112,113,114,115,116,117,118,119,120,122,123,124,125,,,,,,,,,,,,,,,,,,,,,,,,,,,,,,,,,,,,,,,,,,,,,,,,,,,,
bbv,37,0,1,1,1,1,1,1,1,1,875,1,1,1,1,3500,3500,3500,466836,4,4,5,5,5,5,5,4375,5,5,5,5,5,5,5,5,5,5,17500,17500,16050,16050,16051,2141040,4,1,1,1,1,1,875,1,1,1,1,1,1,1,3500,1,1,1,1,,,,,,,,,,,,,,,,
csv,37,0,213257305,213586901,175596422,213176510,213176562,213176570,213176598,213176654,213257258,213257261,213257266,213257272,213257274,212082176,212082184,212086927,212086918,137102145,137102233,174682325,174682335,174682339,174682366,174682368,174756057,174756060,174756066,174756096,174756127,174756186,175330198,175330228,175330316,175330358,175596325,175584217,175285420,174680291,174680299,174682308,174682299,137102159,213257342,213257388,213257401,213257483,213257581,213348689,213348693,213348717,213348735,213348772,213379954,213380041,213581750,213581663,213348777,213379753,213348805,213379581,,,,,,,,,,,,,,,,
bb_id,37,0,34,36,83,84,85,86,87,88,89,90,92,93,94,96,97,98,99,100,101,102,103,104,105,106,107,108,110,111,112,113,114,115,116,117,118,119,120,122,123,124,125,126,148,149,150,151,152,153,154,156,157,158,159,160,161,162,163,165,166,167,,,,,,,,,,,,,,,,
bbv,37,1,1,1,1,1,1,1,875,1,1,1,1,3500,3500,3500,459781,4,4,5,5,5,5,5,4375,5,5,5,5,5,5,5,5,5,5,17500,17500,15909,15909,15910,2090214,1,1,1,1,1,875,1,1,1,1,1,1,1,3500,,,,,,,,,,,,,,,,,,,,,,,
csv,37,1,175596368,213176527,213176607,213176620,213176868,213176990,213247225,213247228,213248107,213248435,213257280,213174679,213174687,213176476,213176467,137102168,137102248,174682510,174682616,174682666,174682714,174682905,174746724,174746916,174756084,174756108,174756165,174756192,175330216,175330240,175330294,175330296,175596335,175596320,175330192,173609766,173609794,173618677,173618388,213257570,213257579,213257591,213257725,213257859,213339399,213339403,213348709,213348765,213348791,213348833,213348853,213586888,213586886,,,,,,,,,,,,,,,,,,,,,,,
bb_id,37,1,83,84,85,86,87,88,89,90,92,93,94,96,97,98,99,100,101,102,103,104,105,106,107,108,110,111,112,113,114,115,116,117,118,119,120,122,123,124,125,148,149,150,151,152,153,154,156,157,158,159,160,161,162,,,,,,,,,,,,,,,,,,,,,,,
bbv,37,2,1,1,1,1,1,1,875,1,1,1,1,3500,3500,3500,464982,4,4,5,5,5,5,5,4375,5,5,5,5,5,5,5,5,5,5,17500,17500,15895,15895,15896,2111296,1,1,1,1,1,875,1,1,1,1,1,1,1,3500,,,,,,,,,,,,,,,,,,,,,,,
csv,37,2,175596436,213176493,213176553,213176566,213176652,213176679,213249930,213250784,213254308,213255786,213257278,210048613,210048641,210054707,210054638,137102149,137102218,174682385,174682412,174682472,174682585,174682641,174752337,174752676,174756072,174756090,174756184,174756188,175330204,175330222,175330258,175330356,175596340,175594287,175261804,173887215,173887243,173890769,173890740,213257379,213257397,213257405,213257524,213257583,213340235,213340239,213348725,213348745,213348798,213348847,213348849,213529116,213529097,,,,,,,,,,,,,,,,,,,,,,,
bb_id,37,2,83,84,85,86,87,88,89,90,92,93,94,96,97,98,99,100,101,102,103,104,105,106,107,108,110,111,112,113,114,115,116,117,118,119,120,122,123,124,125,148,149,150,151,152,153,154,156,157,158,159,160,161,162,,,,,,,,,,,,,,,,,,,,,,,
bbv,37,3,1,1,1,1,1,1,875,1,1,1,1,3500,3500,3500,461505,4,4,5,5,5,5,5,4375,5,5,5,5,5,5,5,5,5,5,17500,17500,15854,15854,15855,2090881,1,1,1,1,1,875,1,1,1,1,1,1,1,3500,,,,,,,,,,,,,,,,,,,,,,,
csv,37,3,175596354,213176544,213176616,213176624,213176896,213176992,213243416,213243741,213244551,213244971,213257276,213130318,213130346,213136112,213136083,137102153,137102183,174682402,174682443,174682447,174682537,174682618,174750927,174750930,174756078,174756102,174756146,174756190,175330210,175330234,175330276,175330298,175596330,175578916,175310020,173876295,173876303,173883449,173883440,213257442,213257533,213257587,213257684,213257857,213330633,213330741,213348701,213348755,213348784,213348819,213348851,213584778,213584759,,,,,,,,,,,,,,,,,,,,,,,
bb_id,37,3,83,84,85,86,87,88,89,90,92,93,94,96,97,98,99,100,101,102,103,104,105,106,107,108,110,111,112,113,114,115,116,117,118,119,120,122,123,124,125,148,149,150,151,152,153,154,156,157,158,159,160,161,162,,,,,,,,,,,,,,,,,,,,,,,
